,AAA,ACAd,ACAv,ACB,AD,AHN,AId,AIp,AIv,AMB,AMd,AMv,AN,AOB,AON,APN,ARH,AUDd,AUDp,AUDv,AV,BLA,BMA,BST,CA1,CA2,CA3,CEA,CENT,CL,CLA,CLI,CM,COAa,COAp,CP,CS,CUL,CUN,DCO,DG,DMH,DN,DP,DR,ECT,ENTl,ENTm,EPd,EPv,FL,FN,FRP,FS,GPe,GPi,GRN,GU,IA,ICc,ICd,ICe,ILA,IMD,IO,IP,IPN,IRN,LA,LAV,LD,LGd,LGv,LH,LHA,LP,LPO,LRN,LSc,LSr,LSv,MA,MARN,MD,MDRNd,MDRNv,MEA,MGd,MGm,MGv,MH,MM,MOB,MOp,MOs,MPN,MPO,MPT,MRN,MS,MV,NDB,NI,NLL,NLOT,NOD,NOT,NPC,NTS,ORBl,ORBm,ORBvl,OT,PA,PAA,PAG,PAR,PARN,PB,PCG,PERI,PF,PFL,PG,PGRNd,PGRNl,PH,PIR,PL,PMd,PO,POL,POST,PP,PPN,PRE,PRM,PRNc,PRNr,PRP,PSV,PT,PTLp,PVH,PVT,PVp,PVpo,PYR,RCH,RE,RH,RN,RR,RSPagl,RSPd,RSPv,RT,SBPV,SCm,SCs,SF,SI,SIM,SMT,SNc,SNr,SOC,SPA,SPFm,SPFp,SPIV,SPVC,SPVI,SPVO,SSp-bfd,SSp-ll,SSp-m,SSp-n,SSp-tr,SSp-ul,SSs,STN,SUM,SUT,SUV,TEa,TR,TRN,TRS,TT,TU,V,VAL,VCO,VII,VISC,VISal,VISam,VISl,VISp,VISpl,VISpm,VM,VMH,VPL,VPM,VPMpc,VTA,XII,AAA,ACAd,ACAv,ACB,AD,AHN,AId,AIp,AIv,AMB,AMd,AMv,AN,AOB,AON,APN,ARH,AUDd,AUDp,AUDv,AV,BLA,BMA,BST,CA1,CA2,CA3,CEA,CENT,CL,CLA,CLI,CM,COAa,COAp,CP,CS,CUL,CUN,DCO,DG,DMH,DN,DP,DR,ECT,ENTl,ENTm,EPd,EPv,FL,FN,FRP,FS,GPe,GPi,GRN,GU,IA,ICc,ICd,ICe,ILA,IMD,IO,IP,IPN,IRN,LA,LAV,LD,LGd,LGv,LH,LHA,LP,LPO,LRN,LSc,LSr,LSv,MA,MARN,MD,MDRNd,MDRNv,MEA,MGd,MGm,MGv,MH,MM,MOB,MOp,MOs,MPN,MPO,MPT,MRN,MS,MV,NDB,NI,NLL,NLOT,NOD,NOT,NPC,NTS,ORBl,ORBm,ORBvl,OT,PA,PAA,PAG,PAR,PARN,PB,PCG,PERI,PF,PFL,PG,PGRNd,PGRNl,PH,PIR,PL,PMd,PO,POL,POST,PP,PPN,PRE,PRM,PRNc,PRNr,PRP,PSV,PT,PTLp,PVH,PVT,PVp,PVpo,PYR,RCH,RE,RH,RN,RR,RSPagl,RSPd,RSPv,RT,SBPV,SCm,SCs,SF,SI,SIM,SMT,SNc,SNr,SOC,SPA,SPFm,SPFp,SPIV,SPVC,SPVI,SPVO,SSp-bfd,SSp-ll,SSp-m,SSp-n,SSp-tr,SSp-ul,SSs,STN,SUM,SUT,SUV,TEa,TR,TRN,TRS,TT,TU,V,VAL,VCO,VII,VISC,VISal,VISam,VISl,VISp,VISpl,VISpm,VM,VMH,VPL,VPM,VPMpc,VTA,XII
AAA,0.196607380132025,0.0,0.0041730439903215,0.211944718349027,0.0,0.236027989353028,0.0216563942998436,0.0314460675694275,0.0276618877101117,0.0,0.0,0.0,0.0,0.015009602567693,0.0456460012939652,0.0,0.0323652344725839,0.0,0.0,0.0,0.0,0.442020904508092,0.872093924763794,0.709898431342947,0.13080084886919,0.0,0.0099020472087155,0.795237554726664,0.0,0.0,0.0096683187826449,0.0,0.003713226155129,0.213677855246301,0.622405681862725,0.421056090009428,0.0,0.0,0.0055580741168279,0.0,0.0239815289348956,0.130925734198634,0.0,0.0080691631934299,0.0,0.0228122325155081,0.125957215226308,0.051236216776523,0.0529398254236368,0.0811423099707076,0.0,0.0,0.0,0.06864138715244,0.092054483391312,0.0341801478051574,0.0049857964189547,0.0081857900696355,0.0824968274128671,0.0,0.0,0.0,0.0223479749416946,0.0070594258756283,0.0,0.0,0.0,0.0230453871473321,0.368685377235816,0.0,0.0,0.0,0.0,0.0082676607815536,0.526014270137323,0.0,0.126444005766909,0.0,0.0,0.0461286274293018,0.0405863286889479,0.0566794633059034,0.0,0.0125648396311222,0.0074179721942153,0.0,2.3570024198571,0.0,0.0,0.0,0.0,0.0078708898673479,0.0135464040708371,0.0093384450152833,0.0061969381435092,0.108019278309056,0.142084160284687,0.0,0.0978702238175792,0.0192369195947376,0.0,0.119512011937146,0.0,0.0,0.205658572565238,0.0,0.0,0.0,0.0119707315644294,0.004557785306777,0.0150156737759913,0.0046728398986849,0.113387240938193,0.36316448308156,0.114810868548683,0.117911292979818,0.0,0.0383989944049114,0.0197913967599739,0.0,0.0035677414738872,0.0034921487836648,0.0,0.0,0.0,0.0,0.0844834581434866,0.213512326267918,0.0137966607140577,0.0364379393058676,0.0,0.0,0.0,0.0,0.0131142425569857,0.0,0.0,0.0112050418448795,0.00666298901198,0.0,0.0,0.0100005183356497,0.0,0.0655947289388666,0.0228785224789962,0.0169267134511688,0.0175268219902391,0.0,0.0410798950359145,0.0299323476003931,0.0,0.0047325435257229,0.005599046691024,0.0,0.0,0.0,0.0637911423962053,0.0233729407359488,0.0120339865403231,0.0,0.0,0.652339966073373,0.0,0.0043523907914078,0.0202779494386841,0.074100574253136,0.0,0.0299912423791053,0.0051197619261865,0.0051350016177019,0.0,0.0,0.0,0.0,0.0,0.0,0.0044691427017539,0.0,0.0,0.0,0.0039926728580128,0.0121587681589691,0.0212788466471684,0.0051853409621267,0.0,0.0184955878213747,0.0812716356300852,0.0,0.0,0.0230501756788763,0.176787562352443,0.0,0.0,0.0,0.0,0.0071571829198286,0.0,0.0,0.0,0.0,0.0,0.0,0.0037830457331046,0.674700035855608,0.0,0.0,0.0036876504075717,0.0216322498024036,0.0,0.0,0.0,0.0041403794141048,0.0043723469113769,0.0,0.0,0.0,0.0,0.0,0.0,0.0,0.0,0.0,0.0,0.0,0.0,0.0040576197307937,0.0,0.0,0.0,0.0,0.0,0.0,0.0200759119100527,0.0,0.0,0.0,0.0,0.0,0.0,0.0,0.0,0.0,0.0,0.0,0.0046887020761818,0.0,0.0,0.0,0.0,0.0111877487750396,0.0,0.0,0.0,0.0,0.0,0.0,0.0,0.0,0.0,0.0,0.0,0.0,0.0,0.0,0.0,0.0,0.0,0.0,0.0,0.0,0.0,0.0,0.0041327432845055,0.0,0.0,0.0,0.0,0.0,0.0,0.0,0.0,0.0,0.0,0.0089217678934235,0.0,0.0,0.0,0.0,0.0039678709323524,0.0,0.0,0.0,0.0043330827116586,0.0,0.0,0.0035992668366826,0.0,0.0,0.0,0.0,0.0,0.0,0.0041671728664663,0.0,0.0,0.0,0.0,0.0072537192743759,0.0040346751516234,0.0,0.0045397699696534,0.0,0.0,0.0,0.0,0.0,0.0,0.0,0.0,0.0,0.0,0.0042129763220782,0.0,0.0,0.0436906798222743,0.0,0.0,0.0,0.0,0.0,0.0,0.0035327993012472,0.0,0.0,0.0,0.0104330762482888,0.0,0.0,0.0066057094192329,0.0,0.0,0.0,0.0,0.0,0.0,0.0,0.0,0.0,0.0,0.0,0.0,0.0,0.0,0.0064212241930603,0.0,0.0,0.0,0.0178311765026694,0.0074284114885341,0.0,0.0,0.0,0.0,0.0,0.0,0.0,0.0,0.0079878343748679,0.0,0.0,0.0045539401501454,0.0,0.0,0.0,0.0,0.0,0.0050733541507157,0.0,0.0,0.0,0.0,0.0,0.0,0.0,0.0,0.0,0.0,0.0,0.0,0.0,0.0,0.0058919744263241,0.0,0.0,0.0,0.0,0.0,0.0,0.0055132306868472,0.0334663477669447,0.0,0.0,0.0,0.0,0.0,0.0,0.0,0.0,0.0,0.0,0.0,0.0,0.0901330103960798,0.0,0.0,0.0,0.0,0.0
ACAd,0.0,4.52749232035998,2.34127555041006,0.196523490878491,0.0387720269369579,0.0132514022538774,0.0884386261370872,0.0104482915885891,0.0774466659428205,0.0,0.174585091269019,0.149244214012807,0.0,0.0109745344725055,0.0401088170336135,0.38003895015798,0.0,0.058198327661042,0.0216912922480862,0.0251907432255547,0.210757995591187,0.0124125687300876,0.0,0.0277755899217287,0.0,0.0,0.0,0.009257809835191,0.0,0.215547827820878,0.105429313149017,0.0,0.0387972727574282,0.0,0.0,8.51576054819998,0.189991287246012,0.0,0.0105005483218079,0.0,0.0268989726643185,0.0,0.0,0.0378299841298078,0.0236651561134156,0.0409599889598831,0.0592395479567629,0.0185838057005698,0.0135214827899608,0.0,0.0,0.0,0.0873270195895434,0.0,0.0879732152505677,0.027932904648745,0.0290587763612918,0.021514567551728,0.0,0.0,0.0,0.007481105344102,0.108410339594072,0.0094590572725702,0.010817806136707,0.0,0.0443936982946252,0.0092388539621426,0.0,0.0,0.45488787340949,0.0038030757075638,0.0176833727587462,0.0778260866300051,0.122054430584937,0.302721214128243,0.0156482887180923,0.0,0.0,0.0348809466384023,0.0,0.0,0.0254184375471308,0.446962647803549,0.0044238710080993,0.0064593780590495,0.0,0.0,0.0294725377691585,0.0,0.0,0.0111318375546778,0.0065332651329435,0.863940368953258,3.833844868234,0.0,0.0039092617651559,0.0109305310275633,1.01854191594119,0.0,0.0066710780531425,0.025269576841277,0.0407502504154521,0.0,0.0,0.0,0.0115989717748631,0.154011333639064,0.0,0.392537055978328,0.456985627826546,0.580134284221548,0.0145610485875593,0.0,0.0,1.10583894169513,0.0108738534917567,0.0080968825961847,0.0159742214020243,0.0937560640286991,0.0163551244048424,0.149241373881894,0.0,0.21391575411487,0.0,0.0058185406437237,0.183517044887212,0.0473950109309703,0.98252764881565,0.008178905177661,0.112694702430958,0.0235805097033946,0.0640726233356153,0.0,0.0750239121875837,0.0063746179226961,0.0,0.067553178208208,0.388039332749462,0.0,0.0,0.019338435521921,0.53291463290806,0.0,0.0241419654917458,0.0,0.0,0.0,0.0,0.102749036547929,0.0264798648218677,0.094817991497781,0.0157138834118682,0.676099247129713,1.31079093352781,0.857325885338634,0.410108996355715,0.0,1.71381839623801,0.0759101270036711,0.0,0.0411160713687029,0.0,0.0711264062027979,0.0145837756568525,0.18802982159114,0.0,0.0453072211262964,0.0287773316206921,0.070334286267514,0.0,0.0,0.0,0.0,0.463077955005671,0.240538340327886,0.022869212308275,0.0230057566126706,0.197000919644673,0.18533177597261,0.28032760968324,0.0595826709800219,0.049235391200833,0.0034829360658021,0.0,0.116717549241013,0.0,0.136164875511884,0.0,0.0378772915243256,0.0,0.0,0.234796745575249,0.0,0.004371427354628,0.0296325476252091,0.100606430247842,0.411180479617823,0.0991492008031886,0.45941542372782,0.0421147177949098,0.191986359179548,0.459223122910192,0.0,0.115277447346222,0.0251561910934581,0.039092904267162,0.0482178248269781,0.0,0.0,1.51388912230505,0.808641138140334,0.0581871186256164,0.0,0.0,0.176993574885392,0.0331584994316904,0.0893085952781172,0.0,0.0374183070116074,0.0150301389520045,0.0,0.0,0.0185209709475643,0.0,0.0,0.0070058184179683,0.0042889984001411,0.0077983137468818,0.0090942877944527,0.0077996960311738,0.0,0.0,0.0,0.0,0.0,0.0,0.0,0.0083343812183389,0.151851331409717,0.0,0.0153692240437613,0.0,0.0,3.10190972313488,0.0767461523612991,0.0063087052734892,0.0,0.0,0.0060644883885341,0.0,0.0,0.007188210198859,0.0,0.0589448631617934,0.0554991935780983,0.0067049233868213,0.0230898864011267,0.0,0.0,0.0,0.0407943431301413,0.0,0.0,0.0,0.0422166288815683,0.0982223238417953,0.0,0.0,0.0,0.0,0.0150141632908079,0.0042322227221701,0.0,0.0,0.0,0.0220070896932989,0.0,0.0,0.0071229756656567,0.0,0.0,0.0,0.0127010794606823,0.0,0.0,0.0,0.0,0.0096759600217893,0.0,0.0,0.0175585576709807,0.0296264975443046,0.022069299575619,0.021827178944833,0.0,0.0,0.0,0.0,0.0,0.0051571631030983,0.0,0.348899520296176,1.75789061733918,0.0,0.0,0.0,0.0582838310598194,0.0,0.0082412411388848,0.0,0.0236429078315682,0.0,0.0,0.0,0.0,0.0099482892687928,0.0041221628145317,0.285108050957819,0.0923213709044598,0.175988826414422,0.0070170861124597,0.0,0.0,0.185685459918467,0.0,0.0239460498193402,0.0047294952075669,0.047743252908385,0.0279413623533853,0.0108727545742212,0.0,0.0446366726730912,0.0,0.0112378120297838,0.0593873840238801,0.0417341283996346,0.289804951185201,0.0046235071274013,0.0,0.0,0.0097264555121045,0.0,0.0100090474217878,0.0,0.0,0.0574851114219436,0.0626151807896345,0.0,0.0,0.00357904953258,0.0323105923615793,0.0,0.0053824093172947,0.0,0.0,0.0,0.0,0.0579076345705585,0.0150540853702429,0.0,0.0,0.0595748920090334,0.148133514409499,0.161185107834698,0.0042987703029401,0.0,0.0474012395574424,0.0,0.0,0.0,0.0,0.0345302286261209,0.0,0.0,0.0,0.0119163459330061,0.0063800594194172,0.0,0.0,0.0074549249785412,0.0058879024496886,0.0047329063236909,0.0535512405932672,0.0437694773579559,0.0551476281193979,0.0110983118117974,0.0209582295122603,0.0344183428148814,0.0847729553244368,0.0,0.0159083168965611,0.0,0.0,0.0414478789599851,0.0,0.0197098223561331,0.0,0.0152161109368631,0.0,0.0,0.013298914555636,0.0,0.0095323289781187,0.0534237808413415,0.0050882456701734,0.0204530104946902,0.0,0.0166360751233151,0.0,0.0068841647806875,0.0407138103129647,0.0,0.0,0.0,0.0043423272647873,0.0037100258199399,0.0
ACAv,0.0094106870572394,4.9209070096261,3.44418488984067,0.283165453345837,0.0445555528965332,0.0953575865624048,0.0366176166397786,0.0115820381690247,0.0532632422710329,0.0,0.186873295268672,0.150253293781052,0.0,0.00819627794642,0.0841787417397247,0.335331222019315,0.0034511830467496,0.0187258353143377,0.0091576406270197,0.0092593486208003,0.188669074366904,0.0157069796037074,0.0169970773654488,0.106544749293368,0.0099341998995542,0.0,0.0,0.0159140256593956,0.0,0.172943926801012,0.126049603151892,0.0,0.0307178792878901,0.0096168148259799,0.0,6.7897812313036,0.194555297933231,0.0,0.0135952206665686,0.0,0.0484165670856602,0.0291721970725504,0.0,0.142098457695326,0.0294316057480478,0.027653277639027,0.0579523177318315,0.0173301885921523,0.0105102640299834,0.0,0.0,0.0,0.0250961814726188,0.0,0.0443882345460164,0.0174576766354537,0.0048995488022966,0.0125748485908824,0.0,0.0,0.0,0.0052843699945965,0.357319953392572,0.0124479804824235,0.0,0.0,0.0615832328035212,0.0,0.0,0.0,0.459601939714959,0.0079487280603826,0.0266154228816522,0.110442181207265,0.321066870033055,0.28368682989131,0.0716747331194844,0.0,0.0,0.17650588833362,0.0294058902693156,0.0,0.0064179769991477,0.344419608854281,0.0,0.0,0.0588005259833058,0.0,0.0290955918783011,0.0,0.0170794752539206,0.0284360780605646,0.0100237640929612,0.196737763303513,1.85716281070128,0.0268686787805198,0.0645942966330162,0.0154419011417276,0.723661739983652,0.0287870273391379,0.0,0.0974008562576628,0.0469098616080018,0.0,0.0050229171819442,0.0,0.0130593722314643,0.190934325667236,0.0,0.171722421616814,0.656566092424787,0.603768284060071,0.0176468678254,0.0,0.0,1.3855309044917,0.0074186091405014,0.0,0.0054535521486314,0.118164217536183,0.0097738913579474,0.127273169847102,0.0,0.142105968319045,0.0,0.0,0.287019499363502,0.0218107742003386,1.18713294946409,0.0225598143265248,0.0406362293601078,0.0208453538160482,0.0458137400619855,0.0,0.0566065437822363,0.0067967252234369,0.0,0.0271467346856954,0.289447077902372,0.0,0.0,0.0647502445903467,0.345535741672264,0.0145050261681259,0.0842453421910595,0.0,0.0,0.0,0.0075075943327389,0.172268284436203,0.0263938127773088,0.0640985196964695,0.0133542142422109,0.846088534555615,1.47893511276753,0.869848107036233,0.365567379724844,0.0090891304330111,1.68642959810214,0.0973349780613852,0.0057194630498964,0.115326419211129,0.0,0.0488825760341739,0.0096787185530983,0.110293669126337,0.0,0.0668244783271308,0.0386666279953593,0.0645862901584576,0.0,0.0,0.0,0.0,0.112583445685944,0.0680753959298587,0.0040763572096549,0.0,0.10106439631354,0.0205252830408691,0.0501785037190106,0.0370505723558572,0.0877221808324837,0.0,0.0,0.0676488238989533,0.0,0.0809001334830809,0.0,0.0920151105241954,0.0363991521389101,0.0,0.126351273714871,0.0,0.0,0.0120900295934513,0.0626151533360043,0.466179240263144,0.0775388794693051,0.346175833445014,0.0318009774525412,0.233799665178955,0.385050816453651,0.0131147541038691,0.102546035839517,0.0126290994207626,0.0389892608688399,0.0554050076494467,0.0,0.0,1.65838482080834,1.09094668174506,0.0414171214656376,0.0052701619188665,0.0240920362113038,0.0783976420518784,0.0296141315909367,0.0435723930513818,0.0,0.041231606959196,0.0163940108531614,0.0,0.0,0.0176010855608838,0.0,0.0,0.0,0.0,0.0,0.0091879952944426,0.0,0.0,0.0082808955393875,0.0,0.0,0.0,0.0,0.0,0.0055986859127229,0.146039130255942,0.0,0.0139172253737149,0.0,0.0,1.72876738008976,0.0780470544599272,0.0,0.0,0.0,0.0089774523972656,0.0073864607778755,0.0,0.0084441892840872,0.0037042732644948,0.0305252931711801,0.0457956837285219,0.0055166617597757,0.006653226464508,0.0,0.0,0.0,0.0078540965969003,0.0,0.0,0.0,0.005595604292611,0.0634817555003119,0.0,0.0,0.0,0.0,0.0263255109624467,0.007552929136718,0.0,0.0,0.0059317386192074,0.0,0.0,0.0,0.010783603071211,0.0,0.0,0.0082227132879663,0.0354187078813194,0.0042228955752178,0.0,0.0,0.0,0.0485590712443906,0.0,0.0,0.0039172009656344,0.0375742427283534,0.0,0.0,0.0,0.0,0.0,0.0,0.0,0.0132493671363693,0.0037027262746786,0.0693444641400544,0.805868237851608,0.0,0.0066595093992282,0.0,0.0404362414648498,0.0088415373352456,0.0,0.0133739353934191,0.0270352496182722,0.0,0.0,0.0,0.0,0.0237452458192882,0.0,0.100333158528511,0.109808539280311,0.14094704740189,0.0042814783324455,0.0,0.0,0.287422107877101,0.0,0.0,0.0,0.0603780075455769,0.0137577926950052,0.0115735529616713,0.0091327602384792,0.0358709099716622,0.0,0.0,0.126882695587594,0.0122278586635165,0.292336516228611,0.0150595358415571,0.0,0.0,0.0063799664461302,0.0,0.0072722406113592,0.0,0.0,0.0184908356629382,0.052134936986674,0.0,0.0,0.0294848956551209,0.0174615483407629,0.0058481107454218,0.0387721913563653,0.0,0.0,0.0,0.0,0.103629631648479,0.0151938132796062,0.0,0.0,0.0557664683504038,0.111947120308176,0.118692548890279,0.0112550008734932,0.0,0.0734622493343495,0.0067783502557908,0.0,0.0,0.0,0.0320276577227142,0.0,0.0,0.0,0.024298825901106,0.0143787421361554,0.0,0.0,0.0,0.0,0.0,0.0094997646082536,0.0111635538036376,0.0245473443334577,0.0,0.0093651215655889,0.0052331237486492,0.0216446852254401,0.0,0.0329262966055741,0.0,0.0,0.0155869010751822,0.0,0.0129511478582083,0.0,0.009651150028153,0.0054645741168153,0.0,0.0035023499711119,0.0,0.0,0.025620011099936,0.0,0.0186986379651967,0.0,0.0101900642870891,0.0,0.0063733984254663,0.0429991167153785,0.0,0.0,0.0,0.0065862398346913,0.0049539823474211,0.0
ACB,0.0152213500461518,0.0,0.0,1.87507138900092,0.0,0.0321226592307359,0.021196914328212,0.023318998523605,0.0326587700216877,0.0,0.0,0.0,0.0,0.0042568621782902,0.197837699440742,0.0,0.0,0.0,0.0,0.0,0.0,0.0549990165658401,0.0176910455475556,0.2707310410891,0.0264788685457341,0.0,0.0037838015561483,0.0311054757061395,0.0,0.0,0.0,0.0,0.0,0.0050489598977139,0.0098386972678478,0.6474400363895,0.0,0.0,0.0,0.0,0.0044642454806829,0.0111875612746129,0.0,0.0,0.0,0.0058458665775815,0.0144485153051935,0.0,0.0316088261223017,0.0180170119979488,0.0,0.0,0.0,0.053604862831041,0.0676693705187333,0.021921971413358,0.0,0.0055065250197937,0.0,0.0,0.0,0.0,0.0087502815744813,0.0,0.0,0.0,0.0,0.0,0.0050904247875004,0.0,0.0,0.0,0.0,0.0055401395187367,0.411312140296627,0.0,0.145595473853052,0.0,0.0,0.139345401919412,0.170598236579327,0.0099405122279593,0.0,0.0115773924141484,0.0,0.0,0.0106389069692462,0.0,0.0,0.0,0.0,0.0,0.0883292199628997,0.0139577960703679,0.0352035472270509,0.0094863912200562,0.107085439550999,0.0,0.0730694312134485,0.0200118647022582,0.0,0.0139817065708873,0.0,0.0,0.0,0.0,0.0,0.0,0.0,0.0,0.0136752987314897,0.0,0.0425647604009799,0.0060409533694147,0.0079364144991187,0.0288436786071076,0.0,0.0,0.0,0.0,0.0,0.0,0.0,0.0,0.0,0.0,0.0168899663290028,0.137257433465904,0.0056294418865685,0.0,0.0,0.0,0.0,0.0,0.0,0.0,0.0,0.0,0.0,0.0,0.0,0.0143835262707426,0.0,0.0073261769262915,0.0175788215359805,0.0,0.0,0.0,0.0,0.0042382355133181,0.0,0.0056337106326443,0.0272256991465794,0.0,0.0,0.0,0.0093829101558199,0.0,0.0,0.0,0.0058341264518353,0.638062084461516,0.0,0.0,0.0747362856115638,0.155863959204414,0.0,0.0,0.0,0.0,0.0,0.0,0.0,0.0,0.0,0.0,0.0060599802501186,0.0,0.0,0.0,0.0061100315802312,0.0175882085075725,0.0044918110324203,0.0,0.0,0.0,0.0065627374223346,0.0,0.0,0.0152382084651967,0.0190208947165973,0.0,0.0,0.0,0.0,0.0069996724405475,0.0,0.0,0.0,0.0,0.0,0.0,0.0,0.0,0.0,0.0,0.0,0.101320105567238,0.0,0.0,0.0,0.0,0.0,0.0,0.0,0.0,0.0,0.0,0.0,0.0,0.0,0.0,0.0,0.0544063237890813,0.0,0.0,0.0,0.0,0.0,0.0,0.0059609906930817,0.0,0.0,0.0,0.0,0.0,0.0,0.0,0.0,0.0,0.0,0.0,0.0,0.0,0.0,0.0,0.0,0.0,0.0,0.0152830489325313,0.0,0.0,0.0,0.0,0.0,0.0,0.0,0.0,0.0,0.0,0.0,0.0,0.0,0.0,0.0,0.0,0.0,0.0,0.0,0.0,0.0,0.0,0.0,0.0,0.0,0.0,0.0,0.0,0.0,0.0,0.0,0.0,0.0,0.0,0.0,0.0,0.0,0.0,0.0,0.0,0.0,0.0,0.0,0.0,0.0,0.0,0.0,0.0,0.0,0.0,0.0,0.0037981492725751,0.0070431597312809,0.0048801875684941,0.0,0.0,0.0,0.0,0.0,0.0,0.0,0.0,0.0,0.0,0.0,0.0,0.0,0.0,0.0,0.0,0.0,0.0056483219137551,0.0,0.0,0.0,0.0,0.0,0.0,0.0,0.0,0.0,0.0,0.0,0.0,0.0,0.0,0.0061867313465398,0.0,0.0,0.0,0.0,0.0,0.0,0.0,0.0,0.0,0.0,0.0,0.0,0.0,0.0,0.0,0.0,0.0,0.0,0.0,0.0,0.0,0.0,0.0,0.0,0.0,0.0,0.0,0.0,0.0,0.0,0.0,0.0,0.0,0.0,0.0,0.0,0.0,0.0,0.0,0.0,0.0,0.0,0.0,0.0,0.0,0.0,0.0,0.0,0.0,0.0,0.0,0.0,0.0,0.0,0.0,0.0,0.0,0.0,0.0,0.0,0.0,0.0,0.0,0.0,0.0,0.0,0.0,0.0,0.0,0.0,0.0,0.0,0.0,0.0,0.0,0.0,0.0,0.0,0.0,0.0,0.0
AD,0.0,0.98221668205057,0.84212586475105,0.263575784576538,0.244261750167394,0.0,0.0386958650201793,0.009719720990642,0.0731754030255465,0.0,0.102677231139562,0.0415496156251914,0.0,0.0,0.0220432562890122,0.0,0.0,0.0073026615918357,0.0,0.0,0.793404647447454,0.0287786274030422,0.0128168494770843,0.0949638849763874,0.0637586637234265,0.0047920124116902,0.0472832800013554,0.0334512966547264,0.0,0.0434633991895541,0.0204852905145079,0.0,0.0068372016518315,0.0,0.0,2.49117778624609,0.0094476696199352,0.0,0.0,0.0,0.0940745650928189,0.0,0.0,0.008916167060052,0.0,0.006184672136684,0.0529155418224423,0.151866106757258,0.0060016667220677,0.0,0.0,0.0,0.0071777040946716,0.0,0.0056514918383876,0.0,0.0,0.0037827051095446,0.0,0.0,0.0,0.0,0.0638555149108146,0.0043644135062876,0.0,0.0,0.0041787444621672,0.0,0.0158025493098573,0.0,0.440462649786795,0.0,0.0,0.022364033906383,0.0140176803192706,0.0428613442391439,0.0,0.0,0.0,0.0134472393153552,0.0083001350948673,0.0,0.0,0.128463407867096,0.0,0.0,0.0059748404023467,0.0,0.0,0.0,0.0108322454520348,0.0163651340535801,0.0100539482253909,0.217489997836613,0.675714703654138,0.0,0.0,0.0,0.0047841920056966,0.0,0.0,0.0,0.0,0.0,0.0,0.0,0.0,0.0,0.0,0.044191815872746,0.0619802339497739,0.0312888143220516,0.0266333279620154,0.0,0.0,0.0102750354935863,0.049609498894097,0.0,0.0,0.0044349653142281,0.0,0.003869427469114,0.0045447861897652,0.0,0.0,0.0,0.006773034102123,0.006892047773803,0.232501561313397,0.0,0.0,0.0,1.03022760972045,0.0,0.0,0.736678114252733,0.0,0.0,0.0,0.0,0.0,0.0185963928735468,0.150451771505586,0.0,0.0406133751934273,0.0,0.0,0.0,0.0,0.0038008701170901,0.0,0.0,0.0,0.238538654382457,0.802187196264315,3.92004406105704,0.341856544698488,0.0,0.0034555240267578,0.0055689424136652,0.0,0.0346075807989754,0.0,0.0,0.0,0.0,0.0,0.0,0.0,0.0,0.0,0.0,0.0,0.0,0.084564299898541,0.14458924158406,0.0,0.0,0.112037686406507,0.0646408699533824,0.0200756706037252,0.0,0.0035830882799989,0.0,0.0,0.0041558106447369,0.0,0.0,0.0,0.0037984816631301,0.0,0.0,0.039830157756983,0.0,0.0,0.0,0.0131545074810998,0.0663606737376884,0.0096113101835196,0.110367632251038,0.016189349870558,0.0400693192272731,0.0127415813513947,0.0038318580871342,0.013931237652358,0.0,0.0,0.0,0.0,0.0,0.0,0.0037035048003717,0.0074986585201107,0.0,0.0,0.0,0.0,0.0,0.0,0.0,0.0,0.0,0.0,0.0,0.0,0.0,0.0,0.0,0.0,0.0,0.0,0.0,0.0,0.0241241992127969,0.0,0.0103939904720569,0.0,0.0,0.0,0.0,0.0,0.0,0.0,0.0,0.0045074383614743,0.008256659985001,0.0,0.0,0.0,0.0123270806532635,0.0,0.0,0.0,0.0,0.0,0.0,0.0,0.0,0.0,0.0,0.0,0.0,0.0,0.0,0.0,0.0,0.0,0.0,0.0,0.0,0.0,0.0,0.0,0.0,0.0,0.0,0.0,0.0,0.0,0.0,0.0,0.0,0.0,0.0035452657166993,0.0,0.0,0.0,0.0,0.0,0.0,0.0,0.0,0.0,0.0,0.0,0.0,0.0,0.0,0.0,0.0,0.0,0.0,0.0,0.0,0.0,0.0,0.0,0.0,0.0,0.0,0.0,0.0,0.0,0.0,0.0,0.0,0.0,0.0,0.0,0.0,0.0,0.004918757157464,0.0,0.0,0.0061811463255147,0.0,0.0,0.0,0.0042081713784036,0.0,0.0,0.0053417526663721,0.0,0.0,0.0,0.0035047706043222,0.0,0.0,0.0,0.0,0.0,0.0,0.0,0.0,0.0,0.0,0.0,0.0,0.0,0.0,0.0,0.0,0.0,0.0035826655069422,0.0,0.0,0.0,0.0,0.0,0.0,0.0,0.0,0.0,0.0,0.0230195427531724,0.0,0.0,0.0,0.0,0.0,0.0,0.0,0.0,0.0,0.0,0.0,0.0,0.0,0.0,0.0,0.0,0.0,0.0,0.0,0.0,0.0,0.0,0.0,0.0,0.0,0.0,0.0,0.0,0.0,0.0,0.0,0.0,0.0,0.0,0.0,0.0,0.0,0.0,0.0,0.0,0.0,0.0,0.0,0.0,0.0,0.0,0.0,0.0,0.0,0.0,0.0,0.0,0.0
AHN,0.0138670779708762,0.0140506902728908,0.0207040135668937,0.0446409686631224,0.0,0.411783008396791,0.0,0.0,0.0,0.0,0.0050410106752675,0.0,0.0,0.0,0.0113870706262722,0.0149892552566883,0.0308684883536427,0.0,0.0,0.0,0.0035570363922064,0.0117433556839197,0.0250680217927405,0.277667255799233,0.0352733931539324,0.0,0.0092053640880251,0.0522965005883001,0.0,0.0,0.0,0.0090138902859763,0.0104498320763049,0.0052756032917498,0.0083696149695407,0.0068318713090545,0.0312182902623423,0.0,0.0101952622417207,0.0,0.0089505159343851,0.128542753803057,0.0,0.006548956088199,0.0184932623111265,0.0,0.004974182083586,0.0,0.0,0.0,0.0,0.0,0.0,0.0,0.0052230143109305,0.0077727411251609,0.0,0.0,0.0,0.0,0.0,0.0,0.0067090717580942,0.0093527839920572,0.0,0.0,0.0103895509796424,0.0047386059866538,0.0106475921934679,0.0,0.0046493447044534,0.0,0.0,0.0609696196292273,0.469343118741891,0.0172363396234691,0.178136558191197,0.0,0.044310901395879,0.257671265321818,0.0869097058031499,0.0076554266646557,0.0,0.0380491070463978,0.0,0.0,0.077096747945055,0.0,0.0038642362492105,0.0043947738762674,0.0313465602298322,0.0275756103775212,0.0,0.0045508192299376,0.0121882835742078,0.207744134365923,0.352481361150979,0.0,0.175622269396023,0.0810207296726951,0.0,0.117512742898809,0.0042493305995498,0.0,0.0,0.0,0.0,0.0227405633749258,0.0,0.0,0.0,0.0,0.0060675978242706,0.0209096609662513,0.0049503383661287,0.465283299552393,0.0,0.0,0.0120154055787383,0.0270354831239411,0.0,0.0078525487162316,0.0,0.0,0.0,0.0,0.175384026076838,0.0049581920751335,0.0063998187856493,0.0382079709671188,0.0,0.0048632193223318,0.0,0.0,0.0171973978214147,0.0,0.0,0.0122608009959976,0.0231139518902523,0.0,0.0,0.0353646923135022,0.0,0.0497736282553052,0.0717315505677973,0.0076529667395615,0.0252159839248379,0.0,0.0535690865234545,0.0587634070214129,0.0,0.0130177721320163,0.0113192784908258,0.0035473600650849,0.0079522873916696,0.0238209688024444,0.0278651097208691,0.0436943748056063,0.0837210675855972,0.0,0.0246363641097289,0.148759011479493,0.0,0.0053494921467643,0.0,0.0038324779090565,0.0,0.0302211490312702,0.0095508955571485,0.0037488427757288,0.0,0.0,0.0,0.0,0.0,0.0,0.0,0.0,0.0,0.0,0.0,0.0,0.0509357963794448,0.0,0.0,0.0,0.0,0.0041587070229356,0.0093348924710671,0.0120845302252548,0.162513140826268,0.0,0.0,0.0,0.0,0.0,0.0,0.0,0.0,0.0,0.0,0.0,0.0177585945706247,0.314765841776708,0.0039718026795905,0.0,0.0046652134426221,0.0524949469012181,0.0,0.0,0.0,0.0,0.0,0.0,0.0209741179501614,0.0,0.0,0.0,0.0,0.0,0.0,0.0,0.0,0.0,0.0,0.0061597190412267,0.0,0.0,0.0,0.0,0.0,0.0,0.0226948804603405,0.0,0.0,0.0,0.0039644872065919,0.0,0.0,0.0,0.0034401308011432,0.0052965023912502,0.0,0.0,0.0,0.0098340694206056,0.0,0.0,0.0,0.0098112963521083,0.010785624138637,0.0,0.0,0.0034488941602968,0.0,0.0,0.0,0.0,0.0,0.0,0.0,0.0,0.0,0.0,0.0,0.0,0.0,0.0,0.0,0.0,0.0,0.0,0.0050477761570543,0.0,0.0,0.0,0.0,0.0,0.0,0.0,0.0,0.0,0.0226444326761201,0.0426999968305684,0.0,0.0101319087745414,0.0,0.0040559076801075,0.0287973643478144,0.0105747180324666,0.0,0.0,0.0174125944052316,0.0,0.0,0.0035649842584556,0.0,0.0,0.0,0.003795364909247,0.0072230959608521,0.0,0.0,0.0,0.008260778515136,0.0213639919957195,0.0,0.0212863321002687,0.0250092770804796,0.0,0.0233755739531236,0.0,0.0,0.0,0.0,0.0,0.00639412335011,0.0,0.0,0.0,0.0,0.0,0.0,0.0,0.138045197841352,0.0,0.0,0.0,0.0064767166463052,0.0,0.003738109976239,0.0,0.0,0.0,0.0,0.0548949159796091,0.0,0.0,0.0151366989285891,0.0,0.0,0.0,0.0,0.0,0.0,0.0,0.0,0.0,0.0,0.0,0.012548329489571,0.0,0.0072194823531781,0.0267592225594215,0.0,0.0,0.0,0.0205709565036827,0.0240807169989364,0.0,0.0,0.0,0.0,0.0,0.0040075410338284,0.0,0.0,0.0261233472126133,0.0,0.0066910697858992,0.0103643143511959,0.0,0.0,0.0,0.0,0.0,0.0079539777680376,0.0,0.0,0.0,0.0,0.0,0.0,0.0,0.0,0.0,0.0,0.0,0.0,0.0,0.0,0.01803791132407,0.0,0.0,0.0,0.0,0.0,0.0,0.0,0.0228722166044694,0.0,0.0,0.0,0.0,0.0,0.0,0.0,0.0,0.0,0.0,0.0,0.0,0.0099168561657909,0.0,0.0,0.0,0.0087248731760525,0.0
AId,0.0575800588686883,0.0941118734665448,0.0141524040199835,0.454699095222276,0.0,0.0,2.56658009986687,0.450784739902036,0.514775445511818,0.0,0.0063043041229753,0.0095797658598879,0.0,0.0151957163350305,0.0638018693338002,0.0151251218745406,0.0,0.0,0.0,0.0036898692529475,0.0,0.184231011948645,0.0504132333114332,0.0134097246124703,0.0,0.0,0.0,0.195252600224329,0.0,0.0131273691907882,0.123468758527976,0.0044275199472825,0.0699625097301422,0.0269679857545285,0.0049033628092231,4.73091371037062,0.0204404294720568,0.0,0.0,0.0,0.0055636487960605,0.0,0.0,0.0122379200576639,0.013952108682765,0.127039053079122,0.0894531183809239,0.0,0.081852099439155,0.0239118014508736,0.0,0.0,0.297819896922098,0.073102321928436,0.148696403907501,0.0639615473507987,0.0173713288782668,0.787107606420288,0.0057060956782742,0.0,0.0,0.0,0.0206376531711139,0.0998180295555602,0.005529817749243,0.0,0.0088200588226133,0.0291904971469784,0.0171389707428385,0.0,0.0,0.0,0.0,0.0050806616453806,0.0948969760996045,0.0,0.0075972042497124,0.0,0.0,0.0,0.0,0.0270239377741214,0.0071088688580579,0.349280764154941,0.0,0.0,0.0218327285173393,0.0,0.0,0.0,0.0,0.0,0.0216893366563969,1.49322678765992,1.81110213551359,0.0,0.0,0.0,0.312602758956567,0.0,0.0,0.0152301085045817,0.0,0.0,0.0103968180692624,0.0,0.0,0.0,0.0116998028953275,0.781131954591334,0.0927955032351894,0.252822476218673,0.144179093911886,0.0,0.0154018019354741,0.0856019044583038,0.0,0.0346323462418128,0.0432439180166358,0.0037599666338702,0.0532020566168311,0.0707507308604131,0.0,0.0608112711252509,0.0,0.0,0.0126266754752444,0.150908444985873,0.234237001886345,0.0,0.10164972541123,0.0,0.0,0.0,0.0193553696972689,0.0,0.0,0.0107454489593031,0.0220473223585635,0.0,0.0,0.0,0.0059076913664642,0.0,0.0235110438277485,0.0,0.0,0.0,0.0,0.0101587622732199,0.0171455672052673,0.0107652783319651,0.0091052427918913,0.006535289513769,0.0056074732392634,0.0,0.0911766509598292,0.0,0.116801608367705,0.0,0.0,0.262805733651766,0.0,0.055654611533366,0.0231451191565318,0.106237827695302,0.0,0.0171770726557599,0.0,0.0098261039111539,0.0,0.0,0.0,0.0,0.0191764482600272,0.006828716256605,0.507795988965241,0.0301452332853959,0.0,0.0341992890954751,0.576465077503807,0.013709842625863,0.0,0.0062370064816775,0.0,0.0523321955435858,0.0050385914729416,0.0206875059537444,0.0,0.0288168046654578,0.005851799548706,0.0,0.0856025609737114,0.0,0.0,0.523137542895726,0.0,0.0,0.0,0.0075339674715218,0.0,0.0,0.145045677697822,0.0,0.0146515799608782,0.0690148425153385,0.102980738528662,0.0378378654801464,0.0,0.0,0.0265896158593724,0.0049916843072341,0.12867344723074,0.0,0.0,1.10186764435231,0.110243460636451,0.157875226864441,0.0,0.0,0.0,0.0,0.0,0.0055674847664924,0.0,0.0,0.0,0.0,0.0,0.0,0.0439626544832109,0.0,0.0035674565694684,0.0,0.0,0.0,0.0209222220669271,0.0,0.0055589297169891,0.0262620948029275,0.0,0.0400840654186322,0.0,0.003507341419006,2.4181965917219,0.0090153584322785,0.0,0.0,0.0,0.0216960454074378,0.0,0.0,0.0,0.0057431186349709,0.0137770524887645,0.01507817716613,0.0,0.022366440219205,0.0,0.0,0.0,0.14673112447563,0.0092716045985659,0.0,0.0,0.02415349461459,0.193439302094316,0.0,0.0,0.0,0.0,0.0046778551551697,0.0527392381056695,0.0,0.0,0.0,0.0640992544251471,0.003805147263339,0.0,0.0,0.0,0.0,0.0,0.0,0.0,0.0,0.0,0.0038240027348449,0.0,0.0,0.0,0.0071869452598138,0.247606165142733,0.0248477317083249,0.0079352718474231,0.0048082032071177,0.0,0.0,0.0,0.0,0.0,0.007218297267547,0.739105684150789,0.797961617149246,0.0,0.0,0.0,0.0477824345220937,0.0,0.0,0.0,0.0,0.0,0.0,0.0,0.0,0.0,0.0204449769500635,0.349965816196766,0.0400047110946231,0.116891463661699,0.0267266435434285,0.0,0.0,0.0599544461088186,0.0,0.0823558477812475,0.0158775890026602,0.0,0.0039258939279995,0.0438942674195554,0.0,0.0191984884175719,0.0,0.0,0.0036643753904684,0.0124182777632731,0.0924906711552853,0.0,0.0308192660678624,0.0,0.004607745252694,0.0,0.0070146225818059,0.0,0.0,0.0263847865056005,0.0057240787130552,0.0,0.003611825412248,0.0,0.0,0.0,0.0100813714054484,0.0,0.0,0.0,0.0,0.0056679542359465,0.0092258266110889,0.0,0.0,0.0,0.0,0.0,0.0,0.0,0.0160809593805771,0.0,0.0,0.0088062186745064,0.0,0.0228379516441362,0.0,0.0041264263795167,0.0,0.0105385122658403,0.0,0.0,0.0,0.0055551404793661,0.0118846923869086,0.0119643163451285,0.0045535711611465,0.0,0.20113142761698,0.0120856718467565,0.0,0.0101833885053572,0.158735900494108,0.0,0.0,0.0,0.0,0.0083439375373449,0.0,0.0035488321702041,0.0,0.0121110132970156,0.0,0.0,0.0186399641394628,0.0,0.0067493452265321,0.135065834002384,0.0,0.0,0.0,0.0,0.0,0.0,0.0331235592028097,0.0,0.0,0.0073855403619053,0.0388114564913889,0.0035730528368535,0.0
AIp,0.043139131418434,0.019744832214265,0.0038370500060047,0.366814799714807,0.0,0.0,0.929423255917232,1.42700164083138,0.140012390501177,0.0,0.0,0.0,0.0,0.0,0.0648549239769513,0.008006011546184,0.0,0.0211160449269089,0.0242627127723864,0.0600230627864752,0.0,0.382988650147892,0.159689649227223,0.0775613078734416,0.0111988123452337,0.0,0.0,0.406211951598842,0.0,0.0131998825089546,0.0890726436412597,0.0,0.0354587979421954,0.0625890185559789,0.0235607053105422,3.35590407173681,0.0,0.0,0.0053171479362253,0.0,0.0333339512717367,0.0040078290782038,0.0,0.0364442277537596,0.0,0.44536873554024,0.350905827262825,0.0253230581536464,0.192035836488255,0.132323124028972,0.0,0.0,0.0633510746331387,0.130049966907573,0.159110327055414,0.0242537811133734,0.0,1.63059582565127,0.0187937820037675,0.0,0.0,0.0,0.0356132961791122,0.0355477456261728,0.0,0.0,0.0052715267865761,0.0046557657551635,0.0986654167220828,0.0,0.0,0.0,0.0,0.0,0.0536749445630708,0.0117111840353396,0.0061850993941516,0.0,0.0,0.0,0.0,0.0,0.0,0.0648843908723886,0.0,0.0,0.0627856419037093,0.0,0.0075645720916636,0.004514530082143,0.0,0.0121909624549875,0.0438772298492099,0.787972355975599,0.724015212756309,0.0,0.0,0.0,0.157306928619266,0.0,0.0,0.0176318808398796,0.0,0.0,0.0095627488308178,0.0,0.0,0.0,0.0076163851230609,0.112537782686236,0.0216067707720021,0.020304605652728,0.0913685614333932,0.0052265926818278,0.0645166685025695,0.0829821507164283,0.0,0.0120346571244367,0.0505309236410278,0.0,0.122371081319768,0.0808802502547226,0.0,0.0307764243904849,0.0,0.0,0.0085135816812419,0.498832949446638,0.0683239002070936,0.0,0.232181349552626,0.008290350362096,0.0135760806752952,0.0,0.0185643113461827,0.0,0.0,0.0041135358347804,0.0109075161815929,0.0,0.0,0.0,0.0069715502878488,0.0,0.0222284052015703,0.0,0.0,0.0,0.0,0.0075497181281021,0.0085134012003436,0.0,0.0048050882835225,0.0142485337923126,0.007868951746923,0.0064515438840911,0.0509297064791866,0.0,0.0538713280626219,0.0134745304826025,0.0,0.151709568336345,0.0,0.0135429812797823,0.0056997822221354,0.0817168160473429,0.0,0.0166095795397638,0.0038393833131853,0.0183925570461179,0.0,0.0,0.0,0.0,0.131524013505707,0.0136081282357945,0.605844792054927,0.224374167320955,0.0036256735221686,0.116407368210223,2.49548718883574,0.0,0.0057128577284188,0.0,0.0,0.294155914134804,0.161251441990798,0.014520354974498,0.0,0.0499182330600608,0.0364316299763576,0.0,0.0200935542175675,0.0,0.0,1.95090713201932,0.0,0.0,0.0061428001328481,0.0252247658060866,0.0,0.0,0.0392653537441579,0.0,0.0615192073757045,0.134805991657557,0.188137877973592,0.0110776185025099,0.0,0.0,0.0,0.0093575978523375,0.164734900864324,0.0,0.0,0.222973329836237,0.247038200881519,0.0125579189270337,0.0,0.0,0.0,0.0,0.0,0.0052983486329969,0.0,0.0,0.0,0.00398508389187,0.0048202732064822,0.0,0.0879972959488774,0.0,0.0334886864757483,0.0100184639219687,0.0,0.0048441280239782,0.0909416233218259,0.0,0.0,0.0128970228708723,0.0,0.018499988086602,0.0037716046701694,0.022478070281412,1.55248791779829,0.0,0.0,0.0,0.0,0.124410113489345,0.0,0.0,0.0109790627001133,0.0,0.0548068776230482,0.10995510298576,0.0157792723989447,0.0475017024777248,0.0338021655455862,0.0,0.0,0.0118267099772322,0.0363554527279478,0.0035935173978847,0.0,0.0067280729465796,0.169057144666235,0.0,0.0,0.0,0.0,0.0045585272334343,0.0198446875880916,0.0,0.0,0.0,0.0108782825964248,0.0118690612356288,0.0,0.0,0.0,0.0,0.0,0.0035647365843145,0.0,0.0,0.0,0.0,0.0,0.0,0.0,0.0,0.0396792218972628,0.0156574942084136,0.0,0.0279922980432594,0.0083452535784274,0.0,0.0034976063121276,0.0,0.0172609426920494,0.0209830585419547,0.22379351426817,0.167956686951552,0.0,0.0,0.0,0.0041066261003932,0.0,0.0,0.0158935009555226,0.0,0.0,0.0,0.0,0.0,0.0,0.0136579248267184,0.0082613713017471,0.0066818461924175,0.0,0.0416990545853298,0.0,0.0082361066104127,0.0221876455832355,0.0106970230009085,0.0284100142028856,0.0068652634605194,0.0,0.0251112524725927,0.0133815987567394,0.0,0.0140816762071868,0.0,0.0,0.0039096607936695,0.0912457440347953,0.0079364789890387,0.0,0.0092088687950137,0.0,0.0273739251088041,0.0,0.0,0.0072254025724421,0.0,0.0089061213856736,0.0,0.0,0.0,0.0,0.0,0.0,0.0158511906048114,0.0038015604677813,0.0,0.0,0.0,0.0076207215580963,0.005265638683811,0.0,0.0,0.0036793155999687,0.0130848279456563,0.0118004138000337,0.0,0.0,0.0042806130429808,0.0046666148961331,0.0,0.0133806273542426,0.0,0.0101293179723977,0.0,0.0043619026424022,0.0,0.0068939936237985,0.0,0.0,0.0,0.0050650172973436,0.0054782647749844,0.0070932112038945,0.025333523813651,0.0,0.157966963808034,0.0452547645650284,0.0,0.0184602796461824,0.358299134622084,0.0,0.0078303761724649,0.0,0.0,0.0255920519398711,0.0550866228535934,0.0,0.0,0.0582699210782391,0.0135421933856558,0.0,0.0,0.0,0.0,0.366222192962739,0.0,0.0,0.0,0.0137662154929947,0.0,0.0,0.0130464416691295,0.0,0.0,0.0,0.0529964489961718,0.0,0.0
AIv,0.0672306995116471,0.0843776555548395,0.0120663371160044,0.55594140371552,0.0,0.0,3.03238140081266,0.557580346875806,0.593579206506285,0.0,0.0042122262183576,0.0070703656618651,0.0,0.0100287222970664,0.0681392730120022,0.0064675446326289,0.0,0.0,0.0,0.0038989083234647,0.0,0.233587756209689,0.0640485523727226,0.0165477131323812,0.0,0.0,0.0,0.249413621423394,0.0,0.0076070344205366,0.142245046391465,0.0044281844553053,0.0730109421457301,0.0331126632733444,0.0053320160580499,4.90661112355406,0.0134902307848079,0.0,0.0,0.0,0.0048184128711996,0.0,0.0,0.0115275017317709,0.0140485806460174,0.152053514694289,0.109319902329671,0.0,0.0942581937495334,0.029849870220358,0.0,0.0,0.233778615073748,0.0902064294614659,0.133060775863833,0.059894051537621,0.0,0.88277881882443,0.0073706615124208,0.0,0.0,0.0,0.0237288299575198,0.11979181892793,0.0,0.0,0.006171978566356,0.0100407881276478,0.0216360434838791,0.0,0.0,0.0,0.0,0.0048427239300984,0.101385496601401,0.0,0.0087064609166467,0.0,0.0,0.0,0.0,0.0274399038527058,0.0,0.355902945052533,0.0,0.0,0.0258920347045222,0.0,0.0,0.0,0.0,0.0,0.0167993685175416,1.34624468931349,1.45212036719229,0.0,0.0,0.0,0.238756874636799,0.0,0.0,0.0148029193052766,0.0,0.0,0.0122402540095675,0.0,0.0,0.0,0.0131964467690652,0.64737783200985,0.100916603059798,0.214222686881052,0.17282908966791,0.0,0.0192029878622406,0.0822673864864755,0.0,0.0236343397213617,0.0476563569269856,0.0,0.0605234965236882,0.0587328781370089,0.0,0.0462329639256158,0.0,0.0,0.0120102420284349,0.162428876357541,0.255730346323113,0.0,0.0808059517768938,0.0,0.0,0.0,0.0162882163248691,0.0,0.0,0.0,0.0117259534383047,0.0,0.0,0.0,0.0,0.0,0.0280849554629086,0.0,0.0,0.0,0.0,0.0097163382129604,0.0169584350842262,0.0056795565326551,0.0091602826901385,0.0035677097763496,0.0037148937665787,0.0,0.078538865021565,0.0,0.0592780280357872,0.0,0.0,0.300069940007219,0.0,0.051612153644745,0.0201418350778169,0.0875294833007537,0.0,0.0199842273027153,0.0,0.0093419778813149,0.0,0.0,0.0,0.0,0.0062836097531499,0.0053598286581418,0.392796636067115,0.015222719473973,0.0,0.0241430173338114,0.486432272605147,0.0078746874171188,0.0,0.0049903254013992,0.0,0.0583384148721168,0.0060423752887347,0.0142131004000771,0.0,0.0324536938035642,0.0051839646281879,0.0,0.0523432435970498,0.0,0.0,0.600710139298006,0.0,0.0,0.0,0.0,0.0,0.0,0.125727908963644,0.0,0.0126644823636011,0.0583986402563266,0.111633789009521,0.0363640463608455,0.0,0.0,0.0253015700282319,0.0046979841423675,0.165375884964562,0.0,0.0,1.3348610962994,0.142763227099137,0.169168948470913,0.0,0.0,0.0,0.0,0.0,0.0063945217948823,0.0,0.0,0.0,0.0,0.0,0.0,0.0569912736411267,0.0,0.0041548909152655,0.0,0.0,0.0,0.0262845127100915,0.0,0.003849427065139,0.025618587770874,0.0,0.041974151836343,0.0,0.0,2.49236667654606,0.0050024133761014,0.0,0.0,0.0,0.0188521175747951,0.0,0.0,0.0,0.0059418512776825,0.0168498393253837,0.0168535053000292,0.0,0.024831674866265,0.0,0.0,0.0,0.133838523448338,0.0114777354102024,0.0,0.0,0.0040520031587822,0.230620233080508,0.0,0.0,0.0,0.0,0.005200090527296,0.063348777309815,0.0,0.0,0.0,0.0359947270703123,0.00486618377939,0.0,0.0,0.0,0.0,0.0,0.0,0.0,0.0,0.0,0.0046463996309283,0.0,0.0,0.0,0.0,0.272142755319289,0.0204243058856576,0.0,0.0040390054121989,0.0,0.0,0.0,0.0,0.0,0.0059820008474915,0.622445544449962,0.648887790602642,0.0,0.0,0.0,0.0311563009181933,0.0,0.0,0.0,0.0,0.0,0.0,0.0,0.0,0.0,0.0219860460240872,0.282022244893593,0.0439513845884954,0.113164631112276,0.0332791641029281,0.0,0.0,0.057950442886825,0.0,0.0637479536588285,0.0135544811603359,0.0,0.0042716562028873,0.0437581084630113,0.0,0.0135161247086663,0.0,0.0,0.0,0.0098661252827544,0.102598628587852,0.0,0.0252302798915702,0.0,0.0038577104844741,0.0,0.0034792029898349,0.0,0.0,0.0067623091934511,0.0,0.0,0.0,0.0,0.0,0.0,0.0120414282638947,0.0,0.0,0.0,0.0,0.0056785077453839,0.0093141031049811,0.0,0.0,0.0,0.0,0.0,0.0,0.0,0.0080276028022902,0.0,0.0,0.0109028664559129,0.0,0.0190485101683181,0.0,0.0,0.0,0.0126268947492576,0.0,0.0,0.0,0.0,0.0069571751422746,0.005290787158855,0.0,0.0,0.154815586336182,0.0079603665966133,0.0,0.0066051687800399,0.12818924089709,0.0,0.0,0.0,0.0,0.0099344224011615,0.0,0.0,0.0,0.0119910253710953,0.0,0.0,0.0063603131603807,0.0,0.0034960917131882,0.159933905078838,0.0,0.0,0.0,0.0,0.0,0.0,0.0297677003237639,0.0,0.0,0.0035928811956117,0.044801136038752,0.0,0.0
AMB,0.0,0.0,0.0,0.0,0.0,0.0,0.0,0.0,0.0,0.0266863312825186,0.0,0.0,0.0737318311039511,0.0,0.0,0.0197727922094352,0.0,0.0,0.0,0.0,0.0,0.0,0.0,0.0,0.0,0.0,0.0,0.0,0.0289979309904377,0.0,0.0,0.0,0.0,0.0,0.0,0.0,0.0053287320017986,0.0553774387959809,0.0092157159741072,0.003739468428693,0.0041569658792489,0.0057233882195897,0.0063577603989601,0.0,0.0064755814508397,0.0,0.0,0.0049294511282294,0.0,0.0,0.0151175313246784,0.0,0.0,0.0,0.0,0.0,0.628136023353211,0.0,0.0,0.0,0.0,0.0,0.0,0.0,0.0359576676988165,0.0156861813119498,0.0,0.928114462662283,0.0,0.0037907989848841,0.0,0.0,0.0,0.0,0.015974091178525,0.0,0.0,0.142900216840123,0.0,0.0,0.0,0.0,0.156313752465451,0.0066663637239148,0.28616529310766,0.221928834734421,0.0,0.0,0.0,0.0,0.0,0.0,0.0,0.0,0.0,0.0,0.0,0.0,0.143348566450135,0.0,0.0462017955988693,0.0057077348184796,0.0,0.0060768915100302,0.0,0.0035168765242544,0.0,0.0061750785163364,0.094285762390368,0.0,0.0,0.0,0.0038174155105624,0.0,0.0,0.145605220894975,0.0,0.524602007921914,0.100715079047026,0.0113729943350278,0.0,0.0053671865518602,0.0076431544324727,0.0061944849238695,0.0246647014050739,0.446805791713546,0.0102093549754965,0.0035109613583735,0.0,0.0,0.0,0.0,0.0,0.0,0.0444047631467804,0.0,0.0262767670784639,0.228760309498585,0.108189931531399,0.0119474890435909,0.0495794336244557,0.0,0.0,0.0,0.0,0.0,0.0,0.0048830003756757,0.0,0.0,0.0,0.0293082431583802,0.0,0.0,0.0,0.0,0.0,0.0,0.054065295453854,0.004233929116356,0.0,0.0057095182568768,0.0798447030669802,0.0,0.0,0.0,0.0313420627045398,0.0,0.0,0.0,0.0355692631527501,0.171415514792376,0.154730870539047,0.105751415808058,0.0,0.0,0.0,0.0,0.0,0.0,0.0,0.0,0.0,0.0430659793675266,0.0,0.0,0.0,0.0122487276704748,0.0,0.0,0.0070950503045532,0.0282271838355675,0.0,0.0087553512036651,0.335053405002965,0.0,0.0,0.0,0.0,0.0,0.0,0.0,0.0050731279549827,0.0,0.0,0.0,0.0,0.0,0.0473281414616135,0.0,0.0,0.0,0.0,0.0,0.0042854072238187,0.0,0.0,0.0,0.0134978484022128,0.0,0.0,0.0361884093831507,0.0,0.0,0.0368621809726811,0.0,0.0,0.0,0.0,0.0,0.0,0.0,0.0,0.0,0.0,0.0,0.0,0.0300204737714094,0.0076209703884218,0.0,0.0,0.0,0.0,0.0,0.0,0.0,0.0441423933454394,0.0150160692914851,0.009137232569034,0.0121234451830285,0.0,0.0,0.0,0.0,0.0,0.0,0.0,0.0,0.0,0.0046039084365425,0.0,0.0,0.0,0.0,0.0,0.381057372899997,0.0,0.0,0.0,0.0,0.0136868667051169,0.0,0.0,0.0247751700677416,0.0045035855570439,0.0,0.421544832623207,0.0,0.0042167861158315,0.0,0.0,0.0,0.0,0.0167036342678309,0.0073068255151377,0.0038104742988135,0.039815167284226,0.0,0.0,0.0,0.0,0.0709283009975559,0.0077212588326999,0.0948963828528311,0.108230571103123,0.0,0.0,0.0048539486662656,0.0,0.0,0.0,0.0,0.0,0.0,0.0,0.0,0.0,0.214238463463788,0.0,0.0429970238932853,0.0058713126273104,0.0,0.016653429400731,0.0,0.0,0.0,0.0100779763952089,0.0461886526178272,0.0,0.0,0.0,0.0,0.0,0.0,0.181373103162455,0.0,0.189925908750865,0.0417295617732114,0.0052717583692325,0.0,0.013966736581188,0.0073582474281801,0.0081950757856071,0.0227280906183407,0.121712735559187,0.0128616410608468,0.0,0.0,0.0,0.0087822898249569,0.0068390544227013,0.0048944485009668,0.0,0.0408079055607258,0.0,0.0138415728697569,0.197509359313747,0.118275171810266,0.0063704289404611,0.0143595979879395,0.0,0.0,0.0,0.0,0.0,0.0,0.0041534342321102,0.0,0.0,0.0,0.0307928443098638,0.0039606989786504,0.0,0.0,0.0,0.0,0.0,0.179182526689088,0.0081000836727279,0.0,0.0050839912835709,0.0379214216243383,0.0,0.0,0.0043181581191618,0.0247294616015656,0.0036688841165744,0.0,0.0061710048309825,0.0168942180387469,0.033320459105512,0.0397931762204865,0.0317630358247807,0.0,0.0,0.0,0.0,0.0,0.0,0.0,0.0,0.0,0.0235247049079848,0.0,0.0,0.0,0.0218987378803861,0.0,0.0,0.0038798658169637,0.0155686248876919,0.0,0.0093707115460951,0.109765359978218,0.0,0.0,0.0,0.0,0.0,0.0,0.0,0.0084083109024364,0.0,0.0041086163492497,0.0,0.0,0.0,0.0280806684717494
AMd,0.0112572587117617,1.13317543414967,1.89806018259789,1.89386446076823,0.0705000121109485,0.0235598535532293,0.0710478453481303,0.0150572147341531,0.111667127856047,0.0,0.339123000031558,0.131980767099681,0.0,0.0061530321743455,0.148222562028595,0.0,0.0,0.0039511106566938,0.0,0.0,0.247658809138406,0.254640308652402,0.101143602144013,0.279437962801178,0.0791770314194086,0.0,0.014144735001737,0.166008194985114,0.0,0.0270079046646228,0.0857986581428519,0.0,0.100448353530439,0.007494246500696,0.0136931295563548,4.10726797402124,0.0,0.0,0.0,0.0,0.0305296689200202,0.0136872543054017,0.0,0.0877199745777099,0.0,0.064707081387393,0.221903193558669,0.18882115895841,0.0195195058761028,0.0100795513528086,0.0,0.0,0.0485153288696514,0.0155376066489382,0.0352770454532981,0.0,0.0,0.0064916247300288,0.017566218994303,0.0,0.0,0.0,0.383990932284286,0.0150641468421786,0.0,0.0,0.0,0.0,0.0649083410490265,0.0,0.0356455469428021,0.0,0.0,0.0181528100993808,0.0562967087554758,0.014834311176119,0.0257531015270798,0.0,0.0035340423030699,0.134941312381047,0.0708463360125788,0.0,0.0,0.312067618935945,0.0,0.0,0.0730779853420372,0.0,0.0,0.0,0.0156290951227135,0.0162333585314926,0.0794488691122646,0.101140205031548,0.481347190148028,0.0114836225924069,0.0186261826411436,0.0,0.0056042043094272,0.011280385933388,0.0,0.0086295120977506,0.0,0.0,0.0,0.0,0.0,0.0,0.0,0.105854747084732,0.451651541017695,0.196291841233627,0.159641000247593,0.0325747271190055,0.0,0.01047111146085,0.0187917073768754,0.0,0.0,0.0,0.0121377752002911,0.0042070798860167,0.0,0.0,0.0,0.0,0.0076369852932801,0.0181956338632519,1.09200195129918,0.0,0.0054829215975871,0.0,0.126822894733507,0.0,0.0,0.0673098624561053,0.0,0.0,0.0,0.0,0.0,0.247796638324871,0.048532129336949,0.0065102861998094,0.128870237089454,0.0,0.0,0.0,0.0,0.0567542547571198,0.0155754175512755,0.0,0.0,0.207403893114573,0.275535307778265,0.922282315582314,0.244877433865488,0.0082557538322537,0.0,0.0,0.0074707851664975,0.260334013850197,0.0,0.004911727679915,0.0,0.0069913663317794,0.0,0.0,0.0,0.0,0.0,0.0,0.0,0.0,0.0255024084798738,0.0370374732140638,0.0063749870891679,0.0,0.0304726459798263,0.0262374007274998,0.015013299360272,0.0,0.0,0.0,0.0,0.0458741912940055,0.0035261339689995,0.0,0.006163127944068,0.0400749646046815,0.0128815991991436,0.0,0.0402258217155364,0.0,0.0,0.0057315930129558,0.0102690484057287,0.0562116418883132,0.0175485391101194,0.0698969395782904,0.042180894461534,0.0471179939089439,0.02452428618458,0.0252147366353498,0.0056082804130228,0.0,0.0,0.0,0.0,0.0,0.0132272582286429,0.017588578836372,0.0304230327033995,0.0,0.0,0.0,0.0,0.0,0.0,0.0135921754091686,0.0050265116813903,0.0,0.0,0.0038467113472268,0.0,0.0,0.0,0.0,0.0,0.0,0.0094110836000771,0.0055372585839978,0.0120109096961278,0.0090722135555048,0.0,0.0,0.0043536038384084,0.0,0.0,0.0,0.0,0.0133733410121473,0.0,0.0,0.0809450028573,0.0,0.0,0.0,0.0,0.0095529267496927,0.0,0.0,0.0,0.0,0.0,0.0137510348665753,0.0069136263256368,0.0,0.0,0.0,0.0,0.0,0.0,0.0,0.0,0.0,0.0,0.0,0.0,0.0,0.0,0.0090061304330417,0.0,0.0,0.0,0.0,0.0,0.0045293846090285,0.0,0.0,0.0,0.0,0.0,0.0,0.0,0.0,0.0,0.0,0.004624469530671,0.0048991204909377,0.0,0.0,0.0074093024050598,0.0,0.0,0.0,0.0,0.0,0.0,0.0,0.0,0.0,0.0,0.0046106735535,0.0,0.0,0.0,0.0,0.0,0.0,0.0,0.0,0.0,0.0,0.0,0.0,0.0,0.0,0.0,0.0082070941877657,0.0,0.0075711994086207,0.0,0.0,0.0,0.0,0.0,0.0,0.0,0.0,0.0,0.0,0.0,0.0,0.0,0.0,0.0057659222244396,0.0140631549958189,0.0,0.0,0.0,0.0,0.0,0.0,0.0,0.0,0.0,0.0,0.0,0.0,0.0034737438213972,0.0,0.0,0.0097015211209977,0.0,0.0,0.0,0.0,0.0083806709756184,0.0,0.0,0.0,0.0,0.0,0.0058263142012572,0.0096309639353619,0.0,0.0,0.0,0.0,0.0038161880685585,0.0,0.0,0.0,0.0,0.0,0.0,0.0,0.0,0.0,0.0,0.0,0.0,0.0,0.0,0.0,0.0,0.0,0.0,0.0,0.0,0.0,0.0,0.0,0.0,0.0,0.0,0.0,0.0035379346503243,0.0,0.0,0.0,0.0,0.0,0.0,0.0,0.0,0.0,0.0,0.0,0.0,0.0,0.0080198311666291,0.0,0.0,0.0,0.0,0.0
AMv,0.0095385480324067,0.972085599766666,1.74021457592913,1.52937838229508,0.054789462052256,0.0215175253511853,0.082916861070999,0.0143953439568659,0.0806499961376592,0.0,0.293692726826117,0.117605655013181,0.0,0.0054554219271628,0.116773699176936,0.0,0.0,0.0077517134447461,0.0,0.0,0.215665454730498,0.206453898107566,0.0850097064053981,0.244752725862871,0.0748326798887383,0.0,0.0145431879125182,0.13304959462432,0.0,0.054425363897405,0.0702772902721293,0.0,0.097836465727626,0.0063787593251171,0.0135747160224697,3.30554562433206,0.0,0.0,0.0,0.0,0.0324163347850617,0.0098514135860106,0.0,0.0801980449921039,0.0,0.0589172309004011,0.214881610845488,0.192710986948934,0.0146415874147085,0.0077980955339726,0.0,0.0,0.0433123996428991,0.0120821272368547,0.0530744496115782,0.0123939574649116,0.0,0.0118641207337193,0.014191266645819,0.0,0.0,0.0,0.335613995091911,0.0181679657531854,0.0,0.0,0.0,0.0,0.0589190750910717,0.0,0.0463090675897969,0.0,0.0,0.0234941002747951,0.055990940339662,0.028157850706295,0.0240887743879411,0.0,0.0,0.120586264870698,0.0615695311134731,0.0,0.0,0.398002597239564,0.0,0.0,0.067520740723391,0.0,0.0,0.0,0.0144101023691043,0.0159933290344287,0.0606364144913335,0.419738634893822,0.709713222207177,0.0102530165767815,0.0177262652666791,0.0,0.0312701007021206,0.0115088184942629,0.0,0.0087499284040362,0.0,0.0,0.0,0.0,0.0,0.0,0.0,0.0865001959942951,0.374356624453446,0.157771535719725,0.122624286592216,0.0286506097395242,0.0,0.019231761350927,0.0168265963862434,0.0,0.0,0.0,0.0113718480549123,0.0914974350734331,0.0,0.0,0.0,0.0,0.0083550660962843,0.0170926816214832,0.911821265405931,0.0,0.0667409812078078,0.0,0.1208071306386,0.0,0.0,0.0599363740025235,0.0,0.0057687278049608,0.0093071210627487,0.0,0.0,0.228325334027249,0.0766374271745275,0.0056526106206165,0.104932165230703,0.0,0.0,0.0,0.0,0.0585789345843541,0.0183186405932355,0.0040532626760336,0.0,0.233073280085104,0.300475660270291,0.798740875475269,0.337995545561259,0.0063269373200247,0.0054096201581427,0.0,0.0077659615038041,0.220947995782396,0.0,0.01626993943666,0.0038182213039212,0.0150537325882895,0.0,0.0037754410507851,0.0,0.0,0.0,0.0,0.0,0.0,0.0730672911854326,0.114731248515757,0.0357036613536624,0.0176405111187544,0.0657307892464643,0.117578410139709,0.0568153327921436,0.0,0.0,0.0,0.0,0.0441634085278487,0.0,0.0,0.0063531617467218,0.0381142470079571,0.0108694772770535,0.0,0.195634780096459,0.0,0.0,0.0099472081130962,0.0129577400213264,0.0626300496418166,0.0196747953904715,0.0770623043491204,0.0443547992608226,0.0520456577545057,0.125313267748896,0.019765365241762,0.0355482946510333,0.0350223711382016,0.0128866078286117,0.0037047174280032,0.0,0.0,0.0111391726916939,0.0172805858851883,0.0179608049330987,0.0,0.0,0.0,0.0,0.0,0.0,0.0127736557287147,0.004222825479855,0.0,0.0,0.0,0.0,0.0,0.0,0.0,0.0,0.0,0.0084122087900181,0.0041961571102804,0.0093601665326694,0.009339981157647,0.0,0.0,0.0,0.0,0.0,0.0,0.0,0.0229914263351603,0.0,0.0,0.0512911656125769,0.0,0.0,0.0,0.0,0.0102394313562337,0.0,0.0,0.0,0.0,0.0,0.0147028464906189,0.0071312619728073,0.0,0.0,0.0,0.0,0.0,0.0,0.0,0.0,0.0,0.0,0.0,0.0,0.0,0.0,0.0091432034845974,0.0054487646386991,0.0,0.0,0.0,0.0,0.0043538267650454,0.0,0.0,0.0,0.0,0.0,0.0,0.0,0.0,0.0,0.0,0.0042172044027014,0.0040490971815709,0.0,0.0,0.0292405405857478,0.0,0.0,0.0,0.0,0.0,0.0,0.0,0.0,0.0,0.0,0.0043741092905094,0.0,0.0,0.0,0.0,0.0,0.0,0.0,0.0,0.0,0.0,0.0,0.0,0.0,0.0,0.0,0.0078696094955867,0.0,0.0062013531868417,0.0,0.0,0.0,0.0,0.0,0.0,0.0,0.0,0.0117698617569468,0.0,0.0,0.0,0.0,0.0,0.005944684766699,0.010944586222717,0.0,0.0,0.0,0.0,0.0,0.0,0.0,0.0,0.0,0.0,0.0,0.0,0.0,0.0,0.0,0.0082474385760827,0.0,0.0,0.0,0.0,0.0089330357964444,0.0035058929533141,0.0,0.0,0.0,0.0,0.0054883463332376,0.0072547390995955,0.0,0.0,0.0,0.0,0.0,0.0,0.0,0.0,0.0,0.0,0.0,0.0,0.0,0.0,0.0,0.0,0.0,0.0,0.0,0.0,0.0,0.0,0.0,0.0,0.0,0.0,0.0,0.0,0.0,0.0,0.0,0.0,0.0035901991673964,0.0,0.0,0.0043144503079889,0.0,0.0,0.0,0.0,0.0,0.0,0.0,0.0,0.0,0.0,0.0068892531150463,0.0,0.0,0.0,0.0,0.0
AN,0.0,0.0,0.0,0.0,0.0,0.0,0.0,0.0,0.0,0.0,0.0,0.0,1.46881843680168,0.0,0.0,0.0,0.0,0.0,0.0,0.0,0.0,0.0,0.0,0.0,0.0,0.0,0.0,0.0,0.0156390813819221,0.0,0.0,0.0,0.0,0.0,0.0,0.0,0.0,0.482018182678215,0.0,0.0,0.0,0.0,0.0368319809563415,0.0,0.0,0.0,0.0,0.0,0.0,0.0,0.0277310323524676,0.0,0.0,0.0,0.0,0.0,0.0,0.0,0.0,0.0,0.0,0.0,0.0,0.0,0.0,0.0706966826746242,0.0,0.0,0.0,0.0,0.0,0.0,0.0,0.0,0.0,0.0,0.0,0.0,0.0,0.0,0.0,0.0,0.0,0.0,0.0038426239266685,0.0,0.0,0.0,0.0,0.0,0.0,0.0,0.0,0.0,0.0,0.0,0.0,0.0,0.0057523884124571,0.0,0.0,0.0,0.0,0.0,0.0,0.0,0.0,0.0,0.0,0.0,0.0,0.0,0.0,0.0,0.0,0.0,0.0,0.0165720535449298,0.0077831612054078,0.0,0.0,0.0,0.276623271207938,0.0305790184094397,0.0,0.0,0.0,0.0,0.0,0.0,0.0,0.0,0.0,0.0,0.0073351952933244,0.0,0.0311614358106946,0.0,0.0,0.0,0.0,0.0,0.0,0.0,0.0,0.0,0.0,0.0430238148391754,0.0,0.0,0.0,0.0,0.0,0.0,0.0,0.0,0.0,0.0,0.0,0.0,0.0,0.0,0.352827717793711,0.0,0.0,0.0,0.0,0.0,0.0,0.0,0.0,0.0,0.0,0.0,0.0,0.0,0.0,0.0,0.0,0.0,0.0,0.0,0.0,0.0,0.0,0.0,0.0,0.0036536372143445,0.0,0.0,0.0,0.0,0.0,0.0,0.0,0.0,0.0,0.0,0.0,0.0,0.0,0.0,0.0,0.0,0.0,0.0,0.0,0.0,0.0,0.0,0.0,0.0,0.0,0.0,0.0,0.0,0.0,0.0,0.0,0.0,0.0,0.0055967719906276,0.0,0.0,0.0081751497848914,0.0,0.0,0.0,0.0,0.0,0.0,0.0,0.0,0.0,0.0,0.0,0.0,0.0049935819385267,0.0,0.0,0.0,0.0,0.0,0.0,0.0,0.0,0.0698976472020844,0.0,0.0,0.0061649111847467,0.0,0.0,0.0,0.0,0.0,0.0,0.0,0.0,0.0,0.0,0.0,0.0,0.0,0.0,0.0,0.0041456802673132,0.0,0.0,0.0,0.0,0.0,0.0,0.0,0.0,0.0,0.0,0.0,0.0,0.0,0.0,0.0,0.0,0.0,0.0,0.0,0.0,0.0,0.0,0.0,0.0,0.0,0.0,0.0,0.0,0.0,0.0,0.0,0.0,0.0,0.0,0.0,0.0,0.0,0.0,0.0,0.0,0.0,0.0280534119729512,0.0,0.0,0.0,0.0,0.0,0.0,0.0,0.0,0.0,0.0,0.0,0.0,0.0,0.0,0.0,0.0,0.0052802580351099,0.0,0.0,0.0,0.0,0.0,0.0,0.0,0.0679617167966168,0.0,0.0,0.0,0.0,0.0,0.0,0.0,0.0,0.0,0.0,0.0,0.0,0.0,0.0036519594511761,0.009119061647719,0.0,0.0,0.0,0.0,0.0,0.0,0.0,0.0,0.0159911371881396,0.0,0.0,0.0,0.0237721752698962,0.0,0.0,0.0,0.0,0.0,0.0,0.0127647340784406,0.0,0.0,0.0,0.0,0.0,0.0,0.0,0.0,0.0,0.0,0.0,0.0,0.0,0.0,0.0,0.0,0.0,0.0,0.0,0.0,0.0,0.0,0.0,0.0,0.0,0.0,0.0,0.0,0.0103859867603684,0.0,0.0,0.0,0.0,0.0137054002737608,0.0,0.0,0.0,0.0,0.0,0.0,0.0,0.0,0.0,0.0085650128584656,0.0,0.0050062991351999,0.0,0.0,0.0,0.0
AOB,0.0196373434448587,0.0047992222029292,0.0067916822744723,0.13092609851794,0.0,0.0,0.0217645997368984,0.0264493307519999,0.0669641021853874,0.0,0.0,0.0,0.0,0.795082647114835,1.12756006733117,0.0,0.0,0.0,0.0,0.0,0.0,0.0195648007265571,0.0213564347315519,0.0142611048046252,0.0093429470512326,0.0,0.0044273574810773,0.0102043306410227,0.0,0.0,0.0138376268424748,0.0,0.0,0.0186987106764101,0.05914116724074,0.0467994300853007,0.0,0.0,0.0,0.0,0.0134310482907362,0.0,0.0,0.0433044146237474,0.0,0.0091317558956727,0.0573370217776083,0.0095542080057141,0.115343474695728,0.0221624708769535,0.0,0.0,0.0054688021710359,0.0081618876487907,0.0,0.0,0.0,0.0,0.0,0.0,0.0,0.0,0.0354219577998381,0.0,0.0,0.0,0.0,0.0,0.0,0.0,0.0,0.0,0.0,0.0,0.0249709553690975,0.0,0.0068102301265192,0.0,0.0,0.0144472848783506,0.0039275542531738,0.011368915922631,0.0,0.0,0.0,0.0,0.0451362559894228,0.0,0.0,0.0,0.0,0.0,3.24334987309025,0.0075117661797674,0.0118354888401883,0.0,0.0037097327349079,0.0,0.0,0.0,0.0,0.0189087442948696,0.0,0.0,0.019002567502238,0.0,0.0,0.0,0.0,0.0481219703241475,0.0457368905600026,0.0362242000863988,0.164388019208977,0.0041758627462538,0.0214185900820198,0.0,0.0,0.0,0.0,0.0,0.0044719571468203,0.0,0.0,0.0069228346173542,0.0,0.0,0.0039919514076897,0.700801878883092,0.0218349220910158,0.0,0.0,0.0,0.0,0.0,0.0,0.0,0.0,0.0,0.0,0.0,0.0,0.0,0.0,0.0,0.0,0.0,0.0,0.0,0.0,0.0,0.0,0.0,0.0,0.0,0.0080650831755497,0.0,0.0,0.0,0.0,0.0044126623778483,0.0,0.0841982178006941,0.0,0.0049752627644326,0.0,0.0,0.0,0.0,0.0,0.0,0.0,0.0,0.0,0.0,0.0048248305668215,0.0,0.0038313646066321,0.003472145892008,0.0,0.0,0.0060639588492255,0.0,0.0044391849867244,0.0,0.0,0.0,0.0133672336281489,0.0,0.0062429899678079,0.136108314273622,0.0125167521334803,0.0,0.0,0.0,0.0,0.0049592734527528,0.0,0.0,0.0,0.0099700915177748,0.0,0.0,0.0,0.0,0.0,0.0,0.0,0.0,0.0,0.0,0.0,0.0,0.0184847291288359,0.0,0.0,0.0,0.0,0.005320005064825,0.0,0.0,0.0,0.0,0.0133766528919889,0.113885907624446,0.0,0.0,0.0,0.0,0.0,0.0,0.0,0.0,0.0048875953233845,0.0049492659226578,0.0,0.0070507920266749,0.0,0.0,0.0,0.0,0.0,0.0,0.0,0.0140204342027712,0.047215588950201,0.0,0.0,0.0,0.0,0.0324317586471307,0.0,0.0,0.0,0.0,0.0,0.0126282475960704,0.0066702330616933,0.03196323114215,0.0,0.0,0.0,0.0,0.0,0.0,0.0,0.0,0.0,0.0,0.0,0.0,0.0,0.0,0.0,0.0,0.0,0.0,0.0,0.0,0.0,0.0,0.0,0.0,0.0,0.0,0.0,0.0,0.0,0.0,0.0053894726202553,0.0,0.0,0.0,0.0,0.0,0.0,0.0048727377576852,0.0,0.0,0.0,0.0,0.0,0.506096651847547,0.0,0.0089252729151629,0.0,0.0,0.0,0.0,0.0,0.0,0.0082905097852917,0.0,0.0,0.0,0.0,0.0,0.0,0.0,0.0,0.0,0.0,0.0207188302116579,0.0,0.0078833811988577,0.0,0.0,0.0,0.0,0.0,0.0,0.0,0.0,0.0052041942865632,0.0,0.0,0.0,0.088772947917531,0.0,0.0,0.0,0.0,0.0083093885355438,0.0,0.0,0.0,0.0,0.0,0.0,0.0,0.0,0.0,0.0,0.0,0.0,0.0,0.0,0.0,0.0,0.0,0.0,0.0,0.0,0.0043154714360209,0.0072852726218636,0.0044164413242175,0.0,0.0,0.0,0.0,0.0,0.0,0.0,0.0,0.0,0.0,0.0,0.0,0.0,0.0,0.0,0.0,0.0,0.0,0.0036379792441066,0.0,0.0,0.0,0.0,0.0,0.0049486404382372,0.0,0.0,0.0,0.0,0.0037879697439314,0.0060302551933744,0.0,0.0060178387681685,0.0056743934992769,0.0035258127975377,0.0,0.0,0.0,0.0,0.0,0.0,0.0,0.0,0.0040129671653134,0.0,0.0,0.0,0.0,0.0,0.0,0.0,0.0,0.0
AON,0.143585893319085,0.0216354372780146,0.0466346958740927,0.85263691335632,0.0,0.0105784392230145,0.0996957268615213,0.133430234135621,0.36677034037662,0.0,0.0,0.0,0.0,0.278219790058313,6.34926284116956,0.0,0.0035157865283565,0.0,0.0,0.0,0.0,0.116930663879552,0.159057378505953,0.0910264761124466,0.0459043316554345,0.0,0.0,0.0730416008752218,0.0,0.0,0.0926859863882396,0.0,0.0,0.114668799455372,0.0770854668516832,0.112489823684442,0.0,0.0,0.0,0.0,0.0052667574432809,0.0103743857238685,0.0,0.331263884207388,0.0,0.0253009153331428,0.14658795673928,0.0114691016848035,0.646391458739297,0.153747728908898,0.0,0.0,0.0165671571683857,0.0598420920790502,0.0,0.0,0.0,0.0044918286396541,0.0230421834465848,0.0,0.0,0.0,0.205311048352438,0.0,0.0,0.0,0.0,0.0,0.0167163716916668,0.0,0.0,0.0,0.0,0.0,0.222569210753428,0.0,0.0613110627460253,0.0,0.0,0.130285671949994,0.0265853023541574,0.0988147831854833,0.0,0.0067323098506516,0.0,0.0,0.184718586208439,0.0,0.0,0.0,0.0,0.0081540676397033,7.10782468290361,0.0,0.0213580378208849,0.0128630918305967,0.0307599622852908,0.0,0.0041533960523195,0.0297244250873312,0.0,0.162384010339334,0.0,0.0,0.116818061093026,0.0,0.0,0.0,0.0,0.226808292637645,0.291353474400532,0.209689074980472,1.00119071274962,0.0170945436614622,0.105988098374468,0.0095839764284263,0.0,0.0,0.0,0.0,0.0218985775938779,0.0,0.0,0.0,0.0,0.0,0.0274881707508526,2.93206524764839,0.11643288025803,0.0036679187743918,0.0,0.0,0.0,0.0,0.0,0.0,0.0,0.0,0.0,0.0,0.0,0.0038101493367974,0.0,0.00443633142894,0.010313271649305,0.0,0.0059799218781935,0.0,0.0038697124754924,0.0149239335819477,0.0,0.0,0.0,0.0,0.0,0.0,0.0038459437401042,0.0,0.0,0.0,0.0097286350073913,0.689761319219863,0.0,0.0307243057949589,0.0,0.0,0.0,0.0,0.0,0.0,0.0,0.0,0.0,0.0,0.0,0.0,0.0,0.0,0.0,0.0,0.0,0.0,0.0198506388086335,0.0,0.0,0.0,0.0249769984142324,0.0,0.0034898042243781,1.23118872695243,0.0267490967546694,0.0,0.0,0.0,0.0,0.0036396986201902,0.0,0.0,0.0,0.0,0.0,0.0,0.0114844285393927,0.0,0.0,0.0,0.0,0.0115548292014218,0.0,0.0,0.0,0.0,0.0721967197413725,0.0,0.0,0.0,0.0,0.0271232521538791,0.0,0.0,0.0,0.0,0.0636426005185034,0.653012881746094,0.0,0.0,0.0,0.0,0.0,0.0,0.0,0.0,0.0261904170077299,0.0,0.0,0.0,0.0,0.0,0.0,0.0098487235503077,0.0,0.0,0.0,0.0,0.008685142141974,0.0,0.0,0.0,0.0,0.0089237490812315,0.0,0.0,0.0094830477410582,0.0,0.0,0.0,0.0,0.15565898337518,0.004706078830064,0.0,0.0,0.0,0.0,0.0,0.0,0.0,0.0,0.0,0.0,0.0,0.0,0.0103154956903205,0.0,0.0,0.0,0.0,0.0,0.0,0.0,0.0,0.0,0.0,0.0,0.0092334749334829,0.0,0.0,0.0,0.0,0.0463522489709103,0.0,0.0,0.0,0.0,0.0,0.0,0.0052854683511634,0.0,0.0,0.0,0.0,0.0045439693759675,2.19421855085024,0.0,0.0,0.0,0.0052362530503709,0.0,0.0,0.0070867958922854,0.0,0.0187716876429607,0.0,0.0,0.00378444237963,0.0,0.0,0.0,0.0,0.0129723386818281,0.0214821487377629,0.0063017349311037,0.0456637987479771,0.0,0.0,0.0062517001311819,0.0,0.0,0.0,0.0,0.0,0.0,0.0,0.0,0.0,0.0,0.0094654326779983,0.406915024693646,0.0059433023874501,0.0,0.0,0.0,0.0,0.0,0.0,0.0,0.0,0.0,0.0,0.0,0.0,0.0,0.0,0.0,0.0060687336644794,0.0,0.0,0.0,0.0,0.0091392033530067,0.0,0.0,0.0,0.0,0.0,0.0,0.0,0.0,0.0,0.0,0.0,0.0167399086457217,0.0,0.0056589693219129,0.0,0.0,0.0,0.0,0.0,0.0,0.0,0.0,0.0,0.0,0.0,0.0,0.0,0.0,0.0,0.0,0.0,0.0,0.0077730751590742,0.0,0.0,0.0,0.0,0.0,0.0,0.049492268329624,0.0,0.0,0.0,0.0,0.0,0.0,0.0,0.0,0.0,0.0,0.0,0.0,0.0,0.0,0.0,0.0,0.0,0.0,0.0
APN,0.0,0.0,0.0,0.0046707546636025,0.0040385389864769,0.0227948019698244,0.0,0.0,0.0,0.0,0.003807567340231,0.003785838061046,0.0,0.0,0.0,0.899024356391996,0.0,0.0,0.0,0.0,0.0138295759414272,0.0,0.0,0.0065478145121427,0.0,0.0,0.0,0.0052638163648128,0.0,0.0505592624973845,0.0,0.0,0.0155152849315826,0.0,0.0,0.0363426078155397,0.0091198022968868,0.0,0.0255358794988676,0.0,0.0196351392514752,0.0066928676462575,0.0,0.0,0.0111825017918326,0.0,0.0,0.0,0.0,0.0,0.0,0.0,0.0,0.0,0.0074613296877126,0.0042709332942053,0.0677864969147178,0.0,0.0,0.0,0.0047795635264116,0.0248381471514445,0.0,0.0136755123467463,0.0078226182233092,0.0,0.0,0.0312320527928322,0.0,0.0,0.101957865103731,0.0123776895512131,0.027592134077482,0.0209372478791507,0.0416610810747933,0.0991740250202531,0.004865772659821,0.0,0.0,0.0,0.0,0.0,0.0322339680264907,0.0721586461630267,0.0057326844788186,0.0077706792159868,0.0037815475086228,0.0,0.0238546362601703,0.0,0.005577691235622,0.0,0.0,0.004775810677433,0.0,0.0,0.0050345082122245,0.0276846591130364,1.34894800701448,0.0,0.0,0.0077738563813572,0.0,0.0,0.0,0.0,0.0292823412818027,0.133038526077533,0.0,0.0,0.0,0.0,0.0066094297403096,0.0,0.0,0.575890488265817,0.0,0.0212865309323008,0.029462774472892,0.0116531234529746,0.0,0.12401590906432,0.0,0.0501745943416123,0.0,0.0069689622490093,0.0548598545980411,0.0055859230674793,0.0,0.0,0.266464414960867,0.029397914748034,0.0,0.0,0.0813319593011512,0.0,0.0,0.147443617268941,0.411013419925507,0.0,0.0,0.0069314471324149,0.0,0.0040975463055469,0.021486733247121,0.0,0.0,0.0,0.0,0.0326161188137329,0.0056207653272251,0.437136231513521,0.0350240731289824,0.0058395651128725,0.0,0.0108290373371445,0.0131238107416162,0.0035737297068907,1.18995106672514,0.137435297126959,0.0,0.012424810882498,0.0,0.0047840624973569,0.0088707587750525,0.028502839486564,0.0,0.0221996028677629,0.008538274100997,0.0639993586434685,0.0,0.0,0.0,0.0,0.0,0.0,0.0,0.0,0.0,0.0,0.0039171812014882,0.0035787677536542,0.0037591058524422,0.0078614734323199,0.0,0.0,0.0,0.141547936569576,0.0,0.0,0.0046459829228501,0.0,0.0372246473374833,0.0,0.0050596743374135,0.0,0.0,0.0,0.0,0.0,0.0,0.0,0.0665698806745481,0.0,0.0858411917209331,0.0922357330386355,0.0161754422978326,0.0382986475881978,0.0,0.0,0.0,0.0,0.0,0.0,0.0114311919006038,0.0,0.0,0.0,0.0,0.0,0.0,0.0,0.0,0.0,0.027679984018059,0.0,0.0,0.0,0.0,0.0043301195223104,0.0,0.0,0.0,0.0,0.0,0.0,0.0,0.0,0.0053715486219384,0.0,0.0,0.0079428945685469,0.0,0.0,0.0,0.0,0.0,0.0054950870454676,0.0,0.0164386752712631,0.0,0.0,0.0,0.0037319275007291,0.0,0.0,0.0,0.0,0.0,0.0,0.0,0.0,0.0,0.0,0.0,0.0478794292413124,0.0,0.0,0.0,0.0,0.0039285053254574,0.0,0.0063129804311119,0.0043174839454213,0.0,0.0,0.051971163222271,0.0,0.0,0.0390890853510216,0.0038593755326334,0.0116516307592122,0.0,0.006155113223001,0.0193035428545107,0.0,0.0035204389982988,0.0,0.0,0.0,0.0,0.0099573345906469,0.0209003798869252,0.014253720930158,0.009678418507012,0.0,0.0,0.0,0.0,0.0,0.0,0.0,0.0,0.0,0.0,0.0,0.0,0.12536736117885,0.0,0.0,0.0037969427492574,0.0,0.0,0.0,0.0,0.0,0.0463582014239455,0.0,0.0,0.0,0.0,0.0053271240869087,0.0,0.0,0.165284683819867,0.0,0.0327082846664955,0.0091639510306844,0.0,0.0,0.0132825986114509,0.0,0.0,0.0,0.007549878296418,0.0183121015868391,0.0,0.0,0.0,0.0043954280638238,0.0,0.0039042675362652,0.0,0.0117672869316823,0.0,0.0,0.0474045121868114,0.037945756957323,0.0,0.0,0.0,0.0,0.0,0.0078133911673688,0.0,0.0,0.0,0.0,0.0198626826128228,0.0,0.0124237941848119,0.0,0.0,0.0,0.0,0.0056889048762771,0.0,0.304389338889338,0.0403848202392272,0.0,0.0,0.0,0.0036251587864053,0.0,0.0,0.0,0.0060329239249014,0.0,0.0,0.0,0.0,0.0,0.0051734000890765,0.0,0.0,0.0,0.0,0.0,0.0,0.0,0.0,0.0,0.0063952571200721,0.0,0.0,0.0,0.0043556586242146,0.0,0.0044573156106926,0.0,0.0,0.0,0.0,0.0179848798847831,0.0,0.0,0.0,0.0,0.0,0.0,0.0,0.0095773820685624,0.0,0.0,0.0,0.0041480894707393,0.0041347691753955,0.0
ARH,0.0067113672519929,0.0,0.0,0.014974294976082,0.0,0.463367339984652,0.0,0.0,0.0,0.0,0.0359354334831205,0.0063494388332907,0.0,0.0,0.0036684986203081,0.0259008662519228,0.0879946636153402,0.0,0.0,0.0,0.0,0.0195781899225725,0.0331507484000488,0.229862385065225,0.0123337660111822,0.0,0.0041954813495087,0.056651808460608,0.0,0.0,0.0,0.0,0.0040920375652313,0.0077505451920905,0.0285314414635351,0.0047825323898837,0.0087531926703256,0.0,0.0062654262335895,0.0,0.010012170346263,0.166352624920622,0.0,0.0,0.0038630170551279,0.0,0.013170234121877,0.0060548712313197,0.0,0.0,0.0,0.0,0.0,0.0,0.0,0.0102819351915383,0.0,0.0,0.0,0.0,0.0,0.0,0.0,0.0044241357451783,0.0,0.0,0.0,0.0,0.0246591852304263,0.0,0.0037266848508318,0.0053954745491182,0.0060271431858559,0.0140463304693799,0.316571982264028,0.0312857308355517,0.0487725967691091,0.0,0.0066473971667082,0.11684065122998,0.0837896348314426,0.0,0.0,0.0093841673144403,0.0,0.0,0.106215288527888,0.0037693768535126,0.0067187711249202,0.0085451620491683,0.0062478931687606,0.0748134720258989,0.0104675665077873,0.0,0.0,0.175119208216977,0.166296385993245,0.0,0.108564905697703,0.0243857577527873,0.0,0.0285429248822688,0.0,0.0,0.0,0.0,0.0,0.0310907182239365,0.0,0.0,0.0,0.0,0.0098920052446136,0.0512318484358333,0.0162857803937838,0.477068361627194,0.0,0.0,0.0,0.0089900604894447,0.0,0.0051940830349059,0.0,0.0,0.0,0.0,0.166927660796983,0.0136181757051059,0.0,0.0778934736499033,0.0,0.0084609569511712,0.0,0.0,0.0,0.0,0.0,0.0,0.003988194221025,0.0,0.0,0.0201836759233316,0.0,0.0581700010227112,0.0458626570200364,0.0354367378385918,0.016244642870152,0.0,0.0813574481595616,0.0419575646274389,0.0,0.0046363837723298,0.0,0.0,0.0,0.0045597471081529,0.0151170578777427,0.0611088545641557,0.131376954358639,0.0,0.0059742959977563,0.0728615816641837,0.0,0.0059693368011983,0.0,0.0,0.0,0.0333717190798639,0.0111657590102441,0.004214495754589,0.0,0.0,0.0,0.0,0.0,0.0,0.0,0.0,0.0,0.0,0.0,0.0,0.0493008113984046,0.0,0.0,0.0,0.006331744306407,0.0,0.0034498387823791,0.0042933818155577,0.285966094399801,0.0,0.0,0.0,0.0,0.0,0.0,0.0,0.0,0.0,0.0,0.0,0.0225455193584281,0.608932334323284,0.0036847590806293,0.0,0.0062207076028058,0.0125379316259623,0.0,0.0,0.0,0.0,0.0,0.0,0.0635526504131522,0.0,0.0,0.0,0.0,0.0,0.0,0.0,0.0,0.0,0.0,0.015335617053315,0.0,0.0,0.0,0.0,0.0,0.0059726110954597,0.0581147407382991,0.0,0.0,0.0,0.0170628422155408,0.0,0.0,0.0,0.0,0.0,0.0,0.0145217079028348,0.0,0.0,0.0,0.0,0.0,0.0174681690658683,0.0130918425593135,0.0,0.0,0.0,0.0,0.0,0.0043523327298941,0.0,0.0,0.0,0.0,0.0,0.0,0.0,0.0,0.0,0.0,0.0,0.0,0.0,0.0,0.0,0.0,0.0,0.0,0.0,0.0,0.0047640913044568,0.0,0.0,0.0,0.0,0.003454718521173,0.0407335353627167,0.0047165327200765,0.0077239354257348,0.0,0.0,0.0083870059980652,0.0216617963596699,0.0,0.0,0.0042691941701994,0.0,0.0,0.0170219013805571,0.0,0.0,0.0,0.0,0.0111768142527247,0.005904961755945,0.0,0.0,0.031662046176141,0.031980358714418,0.0,0.0149499642058837,0.0063787277889725,0.0,0.0103333796097224,0.0,0.0,0.0,0.0,0.0,0.0097034422733883,0.0,0.0,0.0,0.0,0.0084478339649453,0.0062085646491407,0.0058301721477532,0.146774626470576,0.0,0.0,0.0,0.0,0.0,0.0,0.0043291947186145,0.0,0.0,0.0,0.0419384616267229,0.0037950691800464,0.0,0.0145885940067999,0.0,0.0,0.0036090769703567,0.0,0.0,0.0,0.0,0.0,0.0,0.0,0.0,0.0052499204693121,0.0,0.011955259114487,0.0151727430738611,0.0065904858333886,0.0066724826862931,0.0,0.0380467544669249,0.0144047644327087,0.0,0.0,0.0,0.0,0.0,0.0,0.0,0.0057908153228409,0.0464422073264917,0.0,0.0,0.0135194034254485,0.0,0.0,0.0,0.0,0.0,0.0080456541793773,0.0,0.0,0.0,0.0,0.0,0.0,0.0,0.0,0.0,0.0,0.0,0.0,0.0,0.0,0.0146169283602385,0.0,0.0,0.0,0.0040496223417946,0.0,0.0,0.0053306314829102,0.0494891702218986,0.0,0.0,0.0,0.0,0.0,0.0,0.0,0.0,0.0,0.0,0.0,0.0,0.0334538261755701,0.0,0.0,0.0,0.0,0.0
AUDd,0.0,0.0973795176502478,0.0149618966164652,0.0097483193722933,0.0,0.0,0.0103200116489267,0.0087332539220731,0.0088492412624292,0.0,0.0,0.0,0.0,0.0,0.0,0.188029298161368,0.0,2.63017085783285,4.49281213326456,1.46934120169276,0.0063808704722992,0.0,0.0,0.0,0.0040378986257808,0.0,0.0,0.0,0.008028582271303,0.0083756793468959,0.0193566079142647,0.0,0.0,0.0,0.0,2.84834612737092,0.0,0.0102854605849549,0.0451991708134909,0.0,0.010363778711719,0.0,0.0,0.003756336144921,0.0,0.0807961980330021,0.108215123678735,0.0283527465105248,0.0071238963968688,0.0,0.0,0.0,0.0,0.0,0.0412595450839583,0.0,0.0035209802968487,0.0090606085675791,0.0,0.148307041394969,0.630149431580414,1.2056550490973,0.0,0.0,0.0,0.0,0.0,0.0,0.0355293525424476,0.0,0.0536579376491639,0.0557331944105102,0.0438915647148748,0.0,0.0,0.282514206323228,0.0,0.0,0.0,0.0,0.0,0.0,0.0042265731820637,0.0,0.0,0.0,0.0,0.112831725432723,0.140114724544412,0.26733128703145,0.0,0.0,0.0,0.171337259505315,0.317796949116607,0.0,0.0,0.0080911810782447,0.486529228666133,0.0,0.0,0.0,0.0,0.0154618305151623,0.0,0.0,0.0213383450639268,0.0140884849342912,0.0,0.0336025435228557,0.0096706041295607,0.0674290997360192,0.0046354552795207,0.0,0.0,0.171616989222441,0.0,0.0,0.0053983128950868,0.0,0.0330367627663296,0.0176595757653925,0.0,0.0735066025531526,0.0,0.0,0.0,0.0068252460403514,0.0122331250176982,0.0,0.0489765998835291,0.111961931154593,0.0223611394239973,0.0486911420228961,0.0368182112554815,0.0,0.0,0.0269350294000147,0.0583899699084191,0.0,0.0,0.0,1.08433904883679,0.0,0.0,0.0,0.0,0.0,0.0,0.0050414888159245,0.0,0.0075539215100681,0.0,0.298151836162595,0.106900227183021,0.0131812920558294,0.147661740491014,0.0,1.35328811934431,0.130865364800095,0.0,0.0,0.0046288126966852,0.0,0.0,0.14517626113891,0.0085424195875506,0.0,0.0043421624320868,0.021768665915776,0.0,0.0,0.0,0.0,0.954012775533375,0.171789596280086,0.0131932740981114,0.0305260933222131,0.490896180931905,0.0988728910627371,1.54070949934916,0.0,0.0,0.0,0.0,1.22740041311685,0.0,0.0797970166334942,0.0,0.0,0.0,0.0,0.0159413787517457,0.0,0.0,0.065089352057667,0.663754981473612,0.371897049815784,0.279260791667408,0.666296066971348,0.058639376546333,0.28255853482633,0.0138804900301148,0.0,0.0964139760472755,0.122404412490308,0.0044246750822558,0.0,0.0,0.0,0.0,0.0,0.0,0.0,0.0,0.0,0.0,0.0,0.0,0.0,0.0,0.0,0.0,0.0,0.0,0.0,0.498164885595759,0.935376674638295,0.28301757077293,0.0,0.0,0.0,0.0,0.0,0.0,0.0,0.0,0.0,0.0,0.0,0.0,0.0,0.0,0.0,0.137263866972943,0.0,0.0,0.0,0.0,0.0081323222978393,0.0,0.0,0.0,0.0,0.0113316552532761,0.0159718981086341,0.0,0.0,0.0,0.0,0.0,0.0,0.0,0.0,0.0,0.0041914189357563,0.0,0.0,0.0044958650284734,0.0803553033321528,0.0101325780036101,0.0,0.0,0.0,0.0,0.0,0.0,0.0,0.0,0.0,0.0,0.0,0.0,0.0,0.0,0.0,0.0,0.0,0.0,0.0,0.0,0.0,0.0,0.0035893980448353,0.0,0.0,0.0,0.0,0.0,0.0,0.0,0.0,0.0069826973903176,0.011331666632659,0.0,0.0,0.0,0.0,0.0,0.0,0.0,0.0,0.0,0.0,0.0,0.0,0.0,0.0,0.0057675488408914,0.0,0.0062232539626611,0.0037195362251567,0.0,0.0,0.0113838152376992,0.0,0.0,0.0,0.0,0.0047463029012813,0.0,0.0034695014121605,0.0,0.0,0.0,0.0,0.0,0.0,0.0,0.0,0.0,0.0035013907027356,0.0,0.0,0.0,0.0,0.0111973967871393,0.0,0.0,0.0037539121654181,0.0,0.168799477689126,0.0,0.0,0.0,0.0,0.0,0.0,0.0,0.0,0.0,0.0,0.0340079575859997,0.0064150230589122,0.0,0.0,0.0,0.0256394644115973,0.0,0.0,0.0,0.0,0.0,0.0,0.0,0.0,0.0,0.0,0.0,0.0,0.0053033611377955,0.0053406400427798,0.0,0.133789684057718,0.0094819755283223,0.0,0.0,0.0771768196441393,0.0046264972053418,0.188799471726578,0.0,0.0,0.0,0.0,0.287452931274247,0.0,0.0,0.0,0.0,0.0,0.0,0.0,0.0,0.0,0.0065989800742708,0.108026717688313,0.0855544465775917,0.0449102365683114,0.113179284472097,0.0048092875641902,0.0494098860754748,0.0,0.0,0.0,0.0,0.0,0.0,0.0
AUDp,0.0,0.0691686238189022,0.0210176614419426,0.0083007618804781,0.0,0.0,0.0124490159111591,0.0152212069279504,0.0134613038195427,0.0,0.0,0.0,0.0,0.0,0.0097832602311749,0.0941121952574632,0.0,1.82464221494344,5.62439597999345,2.09137074984501,0.0,0.0090655510275995,0.0,0.0,0.0076064768328676,0.0,0.0,0.0095772701697145,0.0114084858772194,0.0,0.0395369079958568,0.0,0.0,0.0,0.0,2.19589109964122,0.0,0.0150086607915312,0.0437850493452265,0.0,0.0159451091267733,0.0,0.0,0.0,0.0,0.13487834332153,0.104964537500442,0.0428111995542153,0.0301361115070138,0.0,0.0,0.0,0.0,0.0,0.0417668475482872,0.0,0.0,0.0089915722379665,0.0,0.14804152906319,0.66659034827583,1.11102603559978,0.005318270574485,0.0,0.0,0.0,0.0,0.0,0.134318133700204,0.0,0.0223660099848568,0.0549076785293714,0.0392423109003544,0.0,0.0038084474020715,0.264602045866398,0.0,0.0,0.0,0.0,0.0,0.0,0.0,0.0,0.0,0.0,0.0050973028642284,0.282812659350344,0.203395822833236,0.484562279408333,0.0,0.0,0.0048020002822404,0.0842431059247345,0.165667187728412,0.0,0.0,0.0048519219897384,0.31078296747403,0.0,0.0,0.0,0.0,0.0145186180368698,0.0,0.0,0.0210373045205578,0.0047373665285681,0.0,0.0259715004921049,0.0147289516925405,0.0561699084724144,0.0052529532493658,0.0,0.0,0.12454445250206,0.0048546830301188,0.0,0.0,0.0,0.0197659125564165,0.0038188757999598,0.0,0.0394243007821667,0.0,0.0,0.0,0.0100934003815846,0.0138725526479132,0.0,0.0179591577711151,0.10111569713793,0.0183145932813529,0.0407066528545613,0.0226310472889428,0.0,0.0,0.0150023478259023,0.0299718233613177,0.0,0.0,0.0,0.571873098877999,0.0,0.0,0.0,0.0,0.0,0.0,0.0,0.0,0.0,0.0,0.24316295154165,0.111967737016031,0.009126971669636,0.184070481462813,0.0,0.906858923150181,0.115599360621875,0.0,0.0081337401698549,0.0063451585241233,0.0,0.0,0.110103386994883,0.0081062644565999,0.0,0.0,0.0110134836001801,0.0,0.0,0.0,0.0,0.374061772339378,0.0778516605258828,0.0061612836450389,0.0074454745713371,0.177573723305883,0.0438593328172399,0.744060695766713,0.0,0.0,0.0,0.0,1.67986723076168,0.0,0.0463113216621477,0.0,0.0,0.0,0.0,0.003683659229587,0.0,0.0,0.0496156686431725,0.349913925421443,0.219703306896604,0.240753553221275,0.737179427660318,0.0772757994222223,0.221736368917896,0.0036700175755122,0.0,0.0924356804131297,0.109805827047354,0.0,0.0,0.0,0.0,0.0,0.0,0.0,0.0,0.0,0.0,0.0,0.0,0.0,0.0,0.0,0.0,0.0,0.0,0.0,0.0,0.252429900393908,1.0387243843696,0.414313324550676,0.0,0.0,0.0,0.0,0.0,0.0,0.0,0.0,0.0,0.0,0.0,0.0,0.0,0.0,0.0,0.0851123981382857,0.0,0.0,0.0,0.0,0.0092649077596401,0.0,0.0,0.0,0.0,0.0194767529128577,0.0103862028820844,0.0,0.0,0.0,0.0,0.0,0.0,0.0,0.0,0.0,0.0,0.0,0.0,0.0074886259951379,0.104134753809166,0.012704502266087,0.0,0.0,0.0,0.0,0.0,0.0,0.0,0.0,0.0,0.0,0.0,0.0,0.0,0.0,0.0,0.0,0.0,0.0,0.0,0.0,0.0,0.0,0.0,0.0,0.0,0.0,0.0,0.0,0.0,0.0,0.0,0.0,0.0052559278271872,0.0,0.0,0.0,0.0,0.0,0.0,0.004397492036114,0.0,0.0,0.0,0.0,0.0,0.0,0.0,0.0,0.0,0.0,0.0044259684202772,0.0,0.0,0.0067488634700827,0.0,0.0,0.0,0.0,0.0,0.0,0.0,0.0,0.0,0.0,0.0,0.0,0.0,0.0,0.0,0.0,0.0039046791853657,0.0,0.0,0.0,0.0,0.0,0.0,0.0,0.0,0.0,0.0751704501589924,0.0,0.0,0.0,0.0,0.0,0.0,0.0,0.0,0.0,0.0,0.0230184235294768,0.0040408769696905,0.0,0.0,0.0,0.0216373637626028,0.0038501872721089,0.0,0.0,0.0,0.0,0.0,0.0,0.0,0.0,0.0,0.0,0.0,0.0,0.0,0.0,0.0654399438480063,0.0045520899451893,0.0,0.0,0.0232422367124889,0.0,0.0823716384385785,0.0,0.0,0.0,0.0,0.374669960105533,0.0,0.0,0.0,0.0037453518260249,0.0,0.0,0.0,0.0,0.0,0.0048647488458504,0.0545108623817002,0.0487110289312564,0.0379345091890727,0.104140867139288,0.0065128084131501,0.0374551867065627,0.0,0.0,0.0,0.0,0.0,0.0,0.0
AUDv,0.0,0.0372312310790205,0.0170037556798626,0.0439604709544774,0.0,0.0,0.0377551323522347,0.0503180125726813,0.0263062861388575,0.0,0.0,0.0,0.0,0.0,0.0220114699952941,0.0511825634418496,0.0,1.33003428522023,5.23346704415837,2.46848322321408,0.0,0.0456098698341586,0.0086202865492654,0.0091627075279492,0.0134892788301386,0.0,0.0,0.0377007133619593,0.0111549447036237,0.003691306833402,0.0693600856541566,0.0,0.0,0.0,0.0037710238077367,2.17760638028101,0.0,0.0152157521053648,0.0408082620910438,0.0,0.0152856103617832,0.0,0.0,0.0039842913095473,0.0,0.447910613851978,0.101818977927611,0.0472549880380948,0.0563618688524179,0.0,0.0,0.0,0.0038413022285183,0.0116734591792606,0.0613832782488195,0.0,0.0,0.0289602432112229,0.0,0.119610967893796,0.646391643098641,0.998839339597592,0.008960339032329,0.0,0.0,0.0,0.0,0.0,0.257620351592705,0.0,0.0105621002823233,0.0325072019242783,0.0207245452325333,0.0,0.006973225690532,0.245245474144276,0.0,0.0,0.0,0.0,0.0,0.0,0.0,0.0,0.0,0.0,0.0136070341760609,0.333835077178208,0.228406450998774,0.561020451193335,0.0,0.0,0.0043669092518703,0.133945398414799,0.161428746018278,0.0,0.0,0.0,0.232834754794984,0.0,0.0,0.0037942407807571,0.0,0.009569902918296,0.0,0.0,0.0084547635133752,0.0,0.0,0.0385864855223737,0.0197781618731166,0.0324494097462488,0.018773210401602,0.0,0.0,0.103565251476485,0.0040627047175563,0.0,0.0047624954778458,0.0,0.0282929921723064,0.0046652434455347,0.0,0.0272132642159805,0.0,0.0,0.0,0.0236128960385562,0.0167066495488649,0.0,0.0361917646456593,0.0949094952609254,0.010046660093366,0.0367907740125829,0.0177606404645396,0.0,0.0,0.0109760490428787,0.017431694032016,0.0,0.0,0.0,0.336520699088778,0.0,0.0,0.0,0.0,0.0,0.0,0.0,0.0,0.0,0.0,0.177426728843978,0.133309001711777,0.009754324515598,0.19659877549247,0.0,0.485490800253546,0.0839160650123507,0.0,0.0234341637621342,0.0052704209791537,0.0,0.0,0.102133812549507,0.0067103721658297,0.0,0.0034814295111375,0.0115695506828321,0.0,0.0,0.0,0.0,0.306055205820217,0.0560917462721546,0.0450998979991158,0.0749685760373307,0.0725136755634427,0.063692582622094,0.835064803686184,0.0,0.0,0.0,0.0,1.89030812006358,0.0,0.0336803439162448,0.0,0.0047514720374884,0.0,0.0,0.003727999688942,0.0,0.0,0.174459837496028,0.244895749555099,0.119773644994219,0.215824823356451,0.723322093451665,0.0567104927140146,0.152023887073987,0.0039279661510662,0.0,0.101556023322946,0.128417095433405,0.0051814515924638,0.0,0.0,0.0,0.0,0.0,0.0188472412217907,0.0,0.0,0.0047155547942016,0.0126514898051617,0.0,0.0,0.0,0.0,0.0,0.0,0.0064045777833459,0.0,0.0,0.160213675191666,0.935048613224965,0.479024250474152,0.0,0.0038725086071843,0.0,0.0057074576265193,0.0,0.0,0.0,0.0,0.0,0.0,0.0,0.0,0.0,0.0,0.0,0.186216671781102,0.0,0.0,0.0,0.0,0.0106871882570643,0.0,0.0,0.0,0.0,0.0442386796106605,0.012232008924961,0.0,0.0115573296142982,0.0,0.0,0.0,0.0,0.0,0.0,0.0,0.0,0.0049325602906235,0.0,0.0086416983873124,0.124869947371602,0.0154741574236015,0.0,0.0,0.0,0.0,0.0,0.0,0.0,0.0,0.0,0.0,0.0,0.0,0.0,0.0,0.0,0.0,0.0,0.0,0.0,0.0,0.0,0.0,0.0,0.0,0.0,0.0,0.0,0.0,0.0,0.0,0.0,0.0086606734552616,0.0078894640404243,0.0,0.0,0.0,0.0,0.0,0.0,0.006368275792846,0.0,0.0,0.0,0.0,0.0,0.0,0.0,0.0,0.0,0.0,0.0126706419122664,0.0,0.0,0.0087214385363008,0.0,0.0,0.0,0.0,0.0,0.0,0.0,0.0,0.0,0.0,0.0,0.004581450590308,0.0,0.0,0.0,0.0,0.0,0.0,0.0,0.0,0.0,0.0037907332908504,0.0,0.0,0.0,0.0,0.0355229744506705,0.0,0.0,0.0,0.0,0.0,0.0,0.0,0.0,0.0,0.0,0.0087006335791619,0.0,0.0,0.0,0.0,0.0206273014653815,0.0043739099271297,0.0,0.0,0.0,0.0,0.0,0.0,0.0,0.0,0.0,0.0,0.0,0.0,0.0,0.0,0.0765544393070806,0.0045953502000036,0.004493279340779,0.011644891333475,0.0063595063012966,0.0073442911360743,0.155495517457333,0.0,0.0,0.0,0.0,0.395807043220795,0.0,0.0,0.0,0.0041570767426315,0.0,0.0,0.0,0.0,0.0,0.0351593722731344,0.0270839048100409,0.0175738778746276,0.0250690408276218,0.0693053025784206,0.0047972521020286,0.0121771331846755,0.0,0.0,0.0,0.0,0.0,0.0,0.0
AV,0.0,1.45014266633219,0.94560560936186,0.20012170891999,0.223230541651616,0.0,0.009897990899056,0.0,0.013471051816498,0.0,0.116325714377552,0.0577406530509411,0.006294887462885,0.0,0.0160935357518668,0.0050495605018613,0.0,0.0257222084809928,0.0044303569714632,0.0,0.980196429043761,0.0252157047650535,0.0076802420074794,0.0772234981735675,0.0180640988899625,0.0,0.0039062131531192,0.0188290324964817,0.0,0.0879738833523917,0.014007186862225,0.0,0.0091365683125364,0.0,0.0,2.78900625319909,0.0,0.0,0.0,0.0,0.0635811611874669,0.0,0.0,0.0109356501148467,0.0,0.0062245165382873,0.0399593782605835,0.111581085955848,0.0,0.0,0.0,0.0,0.012889022180875,0.0,0.0059973890636493,0.0,0.0,0.0,0.0,0.0,0.0,0.0,0.0545244487173063,0.0,0.0,0.0,0.0,0.0,0.0104661392836741,0.0,0.319757419918467,0.0043725458542447,0.0067234687849592,0.0129351900041311,0.0051012893584077,0.116253585257238,0.0,0.0,0.0,0.0111930265348225,0.0053517134372635,0.0,0.0,0.120939421290887,0.0,0.0,0.0044699282031857,0.0,0.0,0.0,0.0,0.0150783015178437,0.0151014951385161,0.833714104441467,1.74397132887355,0.0,0.0,0.0,0.0064915565902882,0.0,0.0,0.0,0.0,0.0,0.0,0.0,0.0,0.0,0.0,0.0234236319247591,0.0522072872088792,0.0558542143932911,0.0192960197572778,0.0,0.0,0.008214733220088,0.0390904388171488,0.0,0.0,0.0,0.0,0.0134898653658542,0.0095894981000572,0.0,0.0,0.0,0.0,0.0042134506724134,0.321842820560371,0.0,0.0429398530541548,0.0,0.818577985719756,0.0,0.0,0.490964909768143,0.0,0.0,0.0,0.0,0.0,0.0214196176761943,0.378458474815897,0.0,0.0124605740078591,0.0,0.0,0.0,0.0,0.0043638756526537,0.0,0.0,0.0,0.361230132630908,0.889103206529844,3.76189340074948,0.455450384402878,0.0,0.0076791860825837,0.0059482647436405,0.0038029713908743,0.0256458822187401,0.0,0.0,0.0,0.0,0.0,0.0,0.0,0.0,0.0,0.0,0.0,0.0,0.27537351566358,0.389021457604044,0.0173451778388225,0.0163364495862481,0.301744341293251,0.262315447244078,0.0909187788780651,0.0,0.0,0.0,0.0,0.0063994726539543,0.0,0.0,0.0,0.0036335566949857,0.0,0.0,0.150801886053766,0.0,0.0,0.0,0.0387536659606386,0.11883411009215,0.021519458833067,0.17259473985626,0.0170319673226011,0.0621963113411052,0.0394603804814234,0.0,0.0518983644912547,0.0175497068066706,0.0,0.0,0.0,0.0,0.0,0.0034925315805483,0.0,0.0,0.0,0.0,0.0,0.0,0.0,0.0,0.0,0.0,0.0,0.0,0.0,0.0,0.0,0.0,0.0,0.0,0.0,0.0,0.0,0.0,0.0,0.0,0.0,0.0,0.0,0.0,0.0,0.0,0.0,0.0,0.0043283313439475,0.0,0.0,0.0,0.0,0.0077280798419057,0.0,0.0,0.0,0.0,0.0,0.0,0.0,0.0,0.0,0.0036226440890367,0.0,0.0,0.0,0.0,0.0,0.0,0.0,0.0,0.0,0.0,0.0,0.0,0.0,0.0,0.0,0.0,0.0,0.0,0.0,0.0,0.0,0.0,0.0,0.0,0.0,0.0,0.0,0.0,0.0,0.0,0.0,0.0,0.0,0.0,0.0,0.0,0.0,0.0,0.0,0.0,0.0,0.0,0.0,0.0,0.0,0.0,0.0,0.0,0.0,0.0,0.0,0.0,0.0,0.0,0.0,0.0,0.0,0.0,0.0,0.0,0.0,0.0,0.0,0.0,0.0,0.0,0.0,0.0,0.0,0.0,0.0,0.0137070101231443,0.0,0.0,0.0,0.0,0.0,0.0,0.0,0.0,0.0,0.0,0.0,0.0,0.0,0.0,0.0,0.0,0.0,0.0,0.0,0.0,0.0,0.0,0.0,0.0,0.0,0.0,0.0,0.0,0.0,0.0,0.0,0.0,0.021850940710886,0.0,0.0,0.0,0.0,0.0,0.0,0.0,0.0,0.0,0.0,0.0,0.0,0.0,0.0,0.0,0.0,0.0,0.0,0.0,0.0,0.0,0.0,0.0,0.0,0.0,0.0,0.0,0.0,0.0,0.0,0.0,0.0,0.0,0.0,0.0,0.0,0.0,0.0,0.0,0.0,0.0,0.0,0.0,0.0,0.0,0.0,0.0,0.0,0.0,0.0,0.0,0.0,0.0
BLA,0.257110889951816,0.39056541779306,0.165117171637534,2.33449560596417,0.0,0.109526503792437,0.466468614574218,0.211620564865914,0.306479913830458,0.0,0.0,0.0,0.0,0.0,0.428233363044719,0.0,0.0199011008615684,0.0114985342933617,0.0166905599191082,0.0563401884337787,0.0,1.17751572111153,1.13167946347187,0.925243633035286,0.558852182350084,0.0061029151685183,0.0995053041390044,1.1637449785316,0.0,0.0,0.236353899658569,0.0,0.0,0.242670264524613,0.921303885780262,6.75126995415057,0.0,0.0,0.0,0.0,0.0541220551731733,0.0415241876416145,0.0,0.0783453852879875,0.0,0.241988476165454,0.5793802673245,0.224268654796349,0.434999624494621,0.201814869867681,0.0,0.0,0.113888134399742,0.22317511946298,0.130242841447895,0.0101225411183226,0.0,0.071688278227101,0.14798033908171,0.0,0.0,0.0,0.320137576652238,0.0,0.0,0.0,0.0,0.0,0.358288478599861,0.0,0.0,0.0,0.0,0.0,0.172819211726524,0.0,0.0749828994213918,0.0,0.0141612366566132,0.157812467605034,0.195857632938119,0.0798692747265901,0.0,0.0252454334112014,0.0,0.0,1.40868372366191,0.0,0.0,0.0,0.0,0.0043209040208887,0.017651729602893,0.151874353313482,0.662960420509841,0.187661567384353,0.147805035926413,0.0,0.0139383282362704,0.0070863654754145,0.0,0.0766167904356223,0.0,0.0,0.134211056806206,0.0,0.0,0.0,0.0,0.278418018461851,0.253746088547295,0.104484296597541,1.40874129371631,0.678251410141355,0.243826324210791,0.0094959209065046,0.0408365557825948,0.0,0.0040302264053297,0.0,0.0425005025814241,0.0,0.0,0.0,0.0,0.0,0.0195083904763711,0.606075431868727,0.791460738507616,0.0069261968621285,0.0,0.0,0.0213181793574426,0.0,0.0,0.0157271809156886,0.0,0.0,0.0,0.0,0.0,0.0125090240047344,0.0227151402896454,0.0146474775635071,0.0163259378964629,0.0,0.0081034150240418,0.0,0.0233863024145208,0.0045005271066404,0.0,0.0,0.0,0.0074926136045194,0.0135584204004177,0.0098864976556916,0.0166604587718613,0.0150282852567073,0.0,0.0,0.0038073587469276,1.16627287988771,0.0,0.0,0.0,0.0053465709515296,0.0,0.0,0.0,0.0,0.0,0.0,0.0,0.0,0.0801579460735145,0.0133338162256511,0.0553447795904376,0.0268742756163241,0.007940013689357,0.0514842338553365,0.126576154381516,0.0,0.0085031949477784,0.0,0.0,0.302011816802354,0.233102527522156,0.0,0.0,0.135503934225409,0.166080374358789,0.0,0.0,0.0,0.0,0.0827147070961627,0.0112703161250418,0.0053628418103103,0.0124430981828215,0.0210078475486256,0.0127521621037788,0.0035244122040816,0.0,0.289258681914644,0.0,0.0,0.0,0.0,0.0,0.0113991974759164,0.0296820890484352,0.0090387526050345,0.474218304635765,0.0,0.0,0.121296812953356,0.0925301155543759,0.0593953946794946,0.0,0.0,0.0,0.0,0.0,0.045898384075843,0.0,0.0,0.0052208044100331,0.0053648772559229,0.0242325335381565,0.0,0.137143505437385,0.0187072056116246,0.0952472931848083,0.0,0.0,0.0,0.0381678080948562,0.0,0.0,0.0603178038902276,0.0,0.0,0.0044499092969181,0.0251726308530928,2.20734802942927,0.0,0.0,0.0,0.0,0.0135626432627948,0.0,0.0,0.0037788168966715,0.0,0.0521081965036995,0.02173048537673,0.0,0.070746549046349,0.0156385173188858,0.0,0.0,0.016063150731257,0.0528614805617934,0.0046172725779533,0.0,0.0,0.0405424801326014,0.0044301231131216,0.0,0.0,0.0,0.0211201728596922,0.0,0.0,0.0,0.0,0.0,0.0169763452303901,0.0,0.0,0.0,0.0,0.0,0.0052050902334052,0.0,0.0037054020548098,0.0,0.0,0.0055497283122264,0.0,0.0,0.0,0.0,0.0,0.0,0.0172929004831181,0.0,0.0,0.0,0.0,0.0,0.0,0.0213197527197141,0.0620768837868103,0.0,0.0038855089598974,0.0,0.0,0.0,0.0,0.0050168729764201,0.0,0.0,0.0313457407520818,0.0,0.0,0.0,0.0,0.0372425286315731,0.0383879863574739,0.0139384078221728,0.416908158700332,0.009208677019926,0.0145965619071293,0.0,0.0,0.0,0.0,0.0,0.0064440521687823,0.0,0.0,0.0,0.0,0.0,0.0,0.0611309573637124,0.059607811063384,0.0,0.0,0.0,0.0037337222354546,0.0,0.0,0.0,0.0,0.0,0.0,0.0,0.0,0.0,0.0043598695680277,0.0,0.0,0.0,0.0,0.0,0.0042445929036403,0.0,0.0,0.0,0.0,0.0,0.0,0.0,0.0,0.0,0.0,0.0,0.0,0.153133365008456,0.0,0.0,0.0,0.0,0.0,0.0,0.0,0.0,0.0,0.0,0.0,0.0,0.017204069946933,0.0,0.0130825446480283,0.0072870882257044,0.0,0.0042214773573782,0.0575739077207361,0.0,0.0,0.0,0.0,0.105071902692798,0.0,0.0,0.0,0.0154916879070559,0.0186409277950677,0.0,0.0,0.0,0.0,0.0487095878703882,0.0,0.0,0.0,0.0,0.0,0.0,0.0,0.0141138428409871,0.0,0.0,0.0,0.0,0.0
BMA,0.198894866838903,0.0763865889378645,0.0412328172362862,1.0574018213265,0.0,0.104933293879286,0.147624616560895,0.135558152785514,0.13304269493351,0.0,0.0,0.0,0.0,0.0,0.204079908588081,0.0,0.0190026082178994,0.0,0.0051704237750708,0.0287729745026584,0.0,0.799789076615277,1.39669969886929,0.816001135900184,0.457203189522215,0.0051922434579634,0.0878954867304838,0.858014546987892,0.0,0.0,0.0765984942115124,0.0,0.0,0.429762566287517,0.973954796423249,1.72722203001148,0.0,0.0,0.0,0.0,0.0616996754902007,0.0403032790504819,0.0,0.0393087173642447,0.0,0.175125276697162,0.507879556905906,0.173489977496506,0.257112492752281,0.182513856840793,0.0,0.0,0.0220052378325189,0.112605146417866,0.0362541094348143,0.0068115427341061,0.0,0.0264849842856333,0.16783286192666,0.0,0.0,0.0,0.150232892972892,0.0,0.0,0.0,0.0,0.0039622288567872,0.269277860440185,0.0,0.0,0.0,0.0,0.0,0.178179487030983,0.0,0.0689742765947346,0.005278674679477,0.0098389539558031,0.129750838522559,0.173963555702529,0.0553878877038774,0.0,0.0207176590674689,0.0042462929911907,0.0,1.48693000361835,0.0,0.0,0.0,0.0,0.0043333409972083,0.0144858612589614,0.0314502440241782,0.127468128064827,0.17451254146641,0.144863436472993,0.0,0.0180841145779744,0.0071100819110793,0.0,0.0811825354136557,0.0,0.0,0.0728315260471189,0.0,0.0,0.0,0.0053022660542196,0.0563483672055141,0.0878445815976986,0.0232309303660517,0.600571599617906,0.663996982314973,0.251645869705249,0.0124337072932237,0.0145444158865168,0.0041539039188565,0.0062275480742661,0.0,0.034040297387176,0.0,0.0042550010379048,0.0,0.0,0.0,0.0219319656705718,0.498904416932619,0.17557952161563,0.0072497787126192,0.0,0.0,0.0056560992453086,0.0,0.0,0.0068095566781021,0.0,0.0,0.0,0.0,0.0,0.0116068658373066,0.0043563838429807,0.0157896844026615,0.0162385728195903,0.0036304253329266,0.0079591200701244,0.0,0.0228322699620291,0.0057108094495697,0.0,0.0,0.0,0.0,0.0,0.0046560716816659,0.0189169649931895,0.0147202386373686,0.0036795224266936,0.0,0.0034470616443975,0.696773016217912,0.0,0.0,0.0,0.0073478916503158,0.0,0.0,0.0,0.0,0.0,0.0,0.0,0.0,0.0250147922222734,0.0,0.0155155381413178,0.0076393160930249,0.0,0.0742667337326628,0.0314781504503025,0.0,0.0101188112723639,0.0,0.0,0.166392493329872,0.255101192150114,0.0,0.0,0.0874273621867486,0.15789768847575,0.0,0.0,0.0,0.0,0.0384462638378959,0.0,0.0,0.0,0.0043967519526583,0.0,0.0,0.0,0.257210690165235,0.0,0.0,0.0,0.0043878649522048,0.0,0.0062226748972278,0.0071420028826152,0.0127936724404088,0.23697619035982,0.0,0.0,0.0289336874701952,0.0284219419605739,0.0194201640006569,0.0,0.0,0.0,0.0,0.0,0.0273856810064865,0.0,0.0,0.0,0.0,0.0052433739700988,0.0,0.0437509035469702,0.0213266269540374,0.0768764491151163,0.0,0.0,0.0,0.0245221546573425,0.0,0.0,0.0138511215556244,0.0,0.0,0.0040827432315496,0.0362346653297996,0.52180286856527,0.0,0.0,0.0,0.0,0.0417994118410842,0.0,0.0,0.0,0.0,0.0197585831381442,0.0117434150291776,0.0,0.0220918468811834,0.0078165436511073,0.0,0.0,0.0,0.022337781944589,0.0,0.0,0.0,0.0094506982020829,0.0034963895624614,0.0,0.0,0.0,0.0152521299015263,0.0,0.0,0.0,0.0,0.0,0.0085828687679716,0.0,0.0,0.0,0.0,0.0,0.0056227943176014,0.0,0.0038695339016607,0.0043725129582226,0.0,0.0045732617539341,0.0,0.0,0.0,0.0,0.0,0.0,0.0252136763669839,0.0,0.0,0.0,0.0,0.0,0.005856557806539,0.0044381730626325,0.0130534938310985,0.0,0.0045958362360499,0.0,0.0,0.0,0.0,0.0079598445077243,0.0,0.0,0.0070031697859427,0.0,0.0,0.0,0.0,0.0073874973401744,0.0153895840752719,0.0,0.178285446592335,0.0132489863894259,0.0170829237530315,0.0,0.0,0.0,0.0,0.0,0.0037893633925765,0.0,0.0042658234802201,0.0,0.0,0.0,0.003484046738932,0.0335717599395183,0.0139064203430943,0.0,0.0,0.0,0.0083659628235948,0.0,0.0,0.0,0.0,0.0,0.0,0.0,0.0,0.0,0.0,0.0,0.0,0.0,0.0,0.0,0.0047315621796706,0.0,0.0,0.0,0.0,0.0,0.0039476436689472,0.0073551122302302,0.0,0.0,0.0,0.0,0.0,0.063306243983257,0.0,0.0,0.0,0.0,0.0,0.0,0.0,0.0,0.0,0.0,0.0,0.0,0.0,0.0,0.0,0.0,0.0,0.0,0.0125302640234279,0.0,0.0,0.0,0.0,0.0279509854334618,0.0,0.0,0.0,0.0258470015688659,0.0188434032454608,0.0,0.0,0.0,0.0,0.0135203557696868,0.0,0.0,0.0,0.0,0.0,0.0,0.0,0.0125528201144489,0.0,0.0,0.0,0.0,0.0
BST,0.023743971231715,0.0175795228209175,0.0067061209322905,0.238879771834009,0.0,0.135990387299161,0.0185921515053577,0.0089921388321579,0.0051922138864512,0.0,0.0069128794721319,0.0074130481495693,0.0055291765923658,0.0,0.018616989740428,0.0,0.0310537871048367,0.0,0.0,0.0,0.0,0.0720366878207024,0.0588113226105639,1.31207679056125,0.0432508902358611,0.0,0.0482682100465687,0.157104683400188,0.0,0.0100421550483297,0.0050395852776265,0.0079010935233932,0.0176813796754844,0.007547150030101,0.0474797013730871,0.317777580621571,0.0047343793830129,0.0,0.0063918535770455,0.0,0.0214074073646031,0.0603343869711084,0.0,0.0042491674934512,0.0127510414170253,0.0086886292345151,0.0148919759993281,0.0177131966267067,0.0035466893495676,0.0113571513040916,0.0,0.0,0.0,0.0232207387996929,0.0894096404186083,0.0216035881857126,0.0045589523444982,0.0042458176861252,0.0077555985209145,0.0,0.0,0.0,0.0058330320515891,0.017993450763825,0.0,0.0,0.003558716545646,0.0153811403753989,0.0108711871271725,0.0,0.0,0.0,0.0,0.0418524635311676,0.515044485011957,0.0,0.200404209467699,0.0,0.005370929417342,0.0979102581907751,0.164718701543944,0.0112874495866619,0.0042759270311686,0.0910494147367413,0.0,0.0,0.252133926740115,0.0,0.0,0.0,0.0473068232709202,0.0136529390208546,0.0085690754227452,0.0101833988276643,0.0279177976467373,0.194571197691636,0.176031129620202,0.0,0.251093995608899,0.0476417845607537,0.0,0.0549439056283148,0.0,0.0,0.0,0.0,0.0,0.0042633293157996,0.0079046772561489,0.0048899750512167,0.0037270235992243,0.0,0.0359732668680085,0.0481242335829416,0.0041607625725183,0.192068548482861,0.0,0.0175443614285557,0.0293086965757363,0.0068296740818972,0.0,0.0423001058364134,0.0066757184885327,0.0,0.0,0.0,0.0721149386991769,0.0153871369725912,0.0164981643485187,0.0122117965268391,0.0048682833920969,0.0,0.0,0.0,0.0249061789794452,0.0,0.0,0.0167921436778218,0.0237620473994914,0.0,0.0,0.0491343951893683,0.0,0.0350144599801124,0.0762225844757106,0.0116282415069489,0.0255042116808217,0.0,0.0274099132402887,0.0409195200249707,0.0,0.0202198958009601,0.0239305822269022,0.0,0.0,0.0,0.114530188366169,0.0200345596546743,0.010909715117209,0.0,0.0161129111909795,0.477034455666589,0.0,0.0043871939195936,0.0225863204416643,0.0562356330877815,0.0,0.0179838885909429,0.0,0.0,0.0,0.0,0.0,0.0,0.0,0.0,0.0082548876817953,0.0,0.0,0.0,0.0110653940552467,0.0253973553238606,0.035562552005275,0.0054690698988204,0.0,0.0073856663819245,0.0126612890113561,0.0052477071473018,0.011136725683389,0.011765546757968,0.123920657063933,0.0,0.018689656557316,0.0,0.0071937743575947,0.005032819849738,0.0,0.0,0.0,0.0,0.0,0.0,0.0211179760832997,0.0716778658421158,0.0048840911356541,0.0,0.0044283208646276,0.0942043873521642,0.0,0.0,0.0,0.0,0.0,0.0,0.0,0.0,0.0036440035115441,0.0,0.0,0.0,0.0,0.0,0.0,0.0,0.0,0.0055875089927782,0.0,0.0,0.0,0.0,0.0109460083869962,0.0,0.0324576384429857,0.023826073205464,0.0,0.032545682782709,0.0,0.0,0.0,0.0,0.0,0.007420417367062,0.0,0.0048520298243264,0.0050628204414358,0.0,0.0,0.0,0.0,0.0294244443085925,0.0,0.0,0.0,0.0,0.0,0.009694010960394,0.0158439643872689,0.0,0.0,0.0,0.0,0.0,0.0,0.0,0.0,0.0,0.0,0.0,0.0,0.0,0.0,0.0,0.0087637865742395,0.0,0.0,0.0,0.0,0.0,0.0,0.0,0.0,0.0,0.0054942020274247,0.0157759500851254,0.0,0.0050481592897335,0.0043128107385821,0.0,0.0164868109680276,0.0072210197485702,0.0,0.0,0.0182372657123664,0.0,0.0,0.0051817417787738,0.0,0.0,0.0,0.0035270578289939,0.0,0.0,0.0,0.0,0.0051823192693879,0.0074697363714255,0.0,0.0160160652407424,0.0146260492087092,0.0,0.0149615876270628,0.0,0.0,0.0,0.0,0.0,0.0,0.0,0.0,0.0,0.0,0.0081036947247166,0.0,0.0,0.0399751266640437,0.0,0.0,0.0,0.0,0.0,0.0070512810001217,0.0081082766444704,0.0,0.0,0.0,0.0140487244929484,0.004927391756326,0.0,0.0043193250014377,0.0,0.0,0.003710844750687,0.0,0.0,0.0,0.0,0.0,0.0,0.0,0.0,0.0039821157058872,0.0,0.0042016260093013,0.0219231367192619,0.0,0.0,0.0,0.0066674101471488,0.0155960542165127,0.0,0.0,0.0,0.0,0.0,0.0,0.0,0.0,0.0,0.0,0.0054446941715238,0.0069567993865341,0.0,0.0,0.0,0.0,0.0,0.0067671322603931,0.0,0.0,0.0,0.0,0.0,0.0,0.0,0.0,0.0,0.0,0.0,0.0,0.0,0.0,0.0050698957462003,0.0,0.0,0.0,0.0,0.0,0.0,0.0080284538078129,0.0191172952650264,0.0,0.0,0.0,0.0,0.0,0.0,0.0,0.0,0.0,0.0,0.0,0.0,0.006069656330758,0.0,0.0,0.0,0.0063504187839676,0.0
CA1,0.0209603372009106,0.0366220990939064,0.0588366766073868,1.10909016569251,0.0108579110628368,0.100952124397599,0.0412743314829666,0.0965034510336547,0.0579797084401652,0.0,0.0388573189014999,0.0192260684390824,0.0,0.0040102661042035,0.374239220482462,0.0,0.0039801364011816,0.0112986027686541,0.0196972119350268,0.0296038977922908,0.0320885925737609,0.302837621245497,0.166777701219264,0.0717049844790783,7.50971579925992,0.372245793320315,4.25890684928724,0.0866392823400536,0.0,0.0,0.0362099512077792,0.0,0.0,0.0212149637059696,0.132657649571943,0.543557861306243,0.0,0.0,0.0,0.0,4.9454404556992,0.0131516024726778,0.0,0.0503875669324467,0.0,0.204029303294825,1.25414140994106,0.659064157232052,0.129370770929324,0.0829378264758929,0.0,0.0,0.0034604361129782,0.0264782317886666,0.0035315115398004,0.0,0.0,0.0150986105117259,0.0217224061624802,0.0,0.0,0.0,0.0628335323147247,0.0,0.0,0.0,0.0,0.0,0.0829371452724062,0.0,0.0293370427987089,0.0056909558043492,0.0083930032846325,0.0,0.0855077704617138,0.0186038432823248,0.0284267616717861,0.0,0.338898948770071,0.872169757967601,0.074200975467367,0.0078648224838101,0.0,0.0043494146750687,0.0,0.0,0.0717029471775569,0.0058497696146813,0.0,0.0047037090078206,0.003626773446638,0.172905366505735,0.0990567387334386,0.0287982818758621,0.0675693564947093,0.0082033397515151,0.0311472624878829,0.0,0.0,0.110330608830675,0.0,0.113816952176078,0.0,0.0,0.0122628827988697,0.0,0.0,0.0,0.0,0.0241973748906472,0.0428145958038459,0.0243758179966207,0.167298978509948,0.12680133344065,0.0483067450928855,0.0319243603855355,0.136787265864381,0.0,0.0,0.0,0.136298061762699,0.0,0.0046563471479496,0.009026138097644,0.0,0.0,0.0657421877708172,0.381977907034595,0.0503889819313667,0.0170114738496216,0.0,0.0,0.240910778865149,0.0,0.0,0.230873241592694,0.0,0.0,0.0,0.0,0.0,0.03385556876269,0.0514898813495111,0.0069668194195095,0.0206593268371917,0.0,0.0,0.0,0.0120084053053527,0.0643697672755953,0.0062892387229666,0.0,0.0,0.0289202537759867,0.0388998188091459,0.428408668485356,0.0138831710585821,0.0070703267062931,0.0036951694069795,0.0,0.226646552655018,0.12025260055866,0.0,0.0088450567715427,0.0,0.0052132110749333,0.0,0.0098865185931218,0.0039578009971482,0.0,0.0,0.0,0.0,0.0,0.0453963390231314,0.0098604337354198,0.0123427650102707,0.0074230581466527,0.0124134551763459,0.0110629713886635,0.0562902932411357,0.0,0.0213836981086676,0.0,0.0,0.104923498651374,0.148208184659971,0.0,0.128312567451835,0.131768255669394,0.0432677980288352,0.0,0.0,0.0,0.0,0.0332479476972092,0.0115850143293099,0.0153728898802798,0.0333366485009337,0.0910887245667533,0.0248817713144614,0.0138789867124122,0.0050588832086418,0.0150576154187262,0.0,0.0,0.0,0.0,0.0,0.0,0.0081864935793089,0.0078574610843013,0.102858258562065,0.0,0.0,0.0058171021947384,0.0109204290563202,0.0060353725385481,0.0,0.0180864957406864,0.0107836147502325,0.0,0.0,0.0209827489984835,0.0,0.0,0.0,0.0,0.0038691606483773,0.0114679777989383,0.0118551004367968,0.0,0.0098860456325892,2.13139266964237,0.0997547676942164,1.75513604773616,0.0,0.0,0.0,0.0036117026356626,0.0,0.0,0.0059695895240543,0.0133285148564395,0.150744691707869,0.0,0.0,0.0,0.0,2.12954826502194,0.0,0.0,0.0088375879687014,0.0,0.0148073798567744,0.0537904947701612,0.0366820780571033,0.0096849742731088,0.0049521804335792,0.0,0.0,0.0,0.0044229306331382,0.0,0.0,0.0,0.0041091130914242,0.0,0.0,0.0,0.0,0.005109682293577,0.0,0.0,0.0,0.0,0.0,0.0045074911190228,0.0,0.0097002453126175,0.0,0.0,0.0,0.0085540008274435,0.0,0.0041565832032511,0.0,0.299601196585349,0.207300919608828,0.0,0.0,0.0,0.0,0.0,0.0,0.0079111160400471,0.0,0.0,0.0,0.0,0.112723662322104,0.0403689761223552,0.0086102420468131,0.0252015676445083,0.0,0.0,0.0,0.0,0.0357956977188958,0.0,0.0632684509472902,0.0,0.0,0.0,0.0,0.0,0.0,0.0,0.0,0.006256794699543,0.0,0.0505119023795656,0.0,0.0066349063290228,0.0127108198816742,0.0041503659374697,0.0,0.0,0.0,0.0078355389300946,0.0,0.0044430716685251,0.00884673857736,0.0,0.0,0.0327866125156227,0.0318997102848185,0.0053512575856989,0.0074340345720159,0.0,0.0,0.0075341593199751,0.0,0.0,0.0036058432571332,0.0,0.0,0.0,0.0,0.0,0.0042369039044333,0.0090416439382211,0.0,0.0075889926641794,0.0,0.0,0.0,0.0039062245791391,0.0248918312073667,0.0038095680687253,0.0,0.0,0.0050660717224132,0.0089496255147726,0.0187852775898889,0.0,0.0,0.0,0.0,0.0754426372620062,0.0168713593957748,0.0,0.0036345579313358,0.0,0.0,0.0,0.0045318354116211,0.0,0.0,0.0,0.0,0.0,0.0,0.0123649770800168,0.0034481610908441,0.0053136299418458,0.0,0.0,0.0035104185144166,0.01628760837867,0.0,0.0129389841614221,0.0,0.0,0.0125637728213421,0.010570839445154,0.0,0.0607562600961032,0.0268505715898266,0.0048236253009409,0.0,0.0,0.0,0.0,0.0068828471097137,0.0,0.0,0.0043911181138506,0.010427007442832,0.0,0.0,0.0,0.0,0.0,0.0,0.0,0.0,0.0
CA2,0.0070075559294222,0.0066130326056717,0.0151340496877457,0.189077395475993,0.006813326950818,0.0081394006611041,0.0136615279917468,0.0310914166072192,0.0203636649340476,0.0,0.0,0.0,0.0,0.0,0.21790415099475,0.0,0.0,0.0,0.0,0.0054854019066503,0.0,0.137242613753299,0.0983934231345296,0.0267748690887103,14.7065213937448,0.921085722345366,11.1270607887539,0.0378393638758715,0.0,0.0,0.0114090827449403,0.0,0.0,0.008545224660891,0.0745307346540671,0.124590250322942,0.0,0.0,0.0,0.0,2.99151990595406,0.0,0.0,0.014977573483129,0.0,0.0636441240625454,0.400788199365221,0.26121082249807,0.0497441976721536,0.0409077925351345,0.0,0.0,0.0,0.0068534698875689,0.0,0.0,0.0,0.0050719910730694,0.0127544270985727,0.0,0.0,0.0,0.0216063381915703,0.0,0.0,0.0,0.0,0.0,0.0227179570933599,0.0,0.0264104876717157,0.010565117757977,0.0148232252261942,0.0,0.0151443227723496,0.0,0.0112721490543901,0.0,1.30278646835654,1.04980671390159,0.0558168674824652,0.0,0.0,0.0,0.0,0.0,0.0371409923706139,0.0,0.0,0.0,0.0,0.0075054274398595,0.0539476374398959,0.0059953259434357,0.012459750031873,0.0034451110724434,0.0084566307031247,0.0,0.0,0.101923142063549,0.0,0.13141670268036,0.0,0.0,0.0035148361830184,0.0,0.0,0.0,0.0,0.0068735608855654,0.0127556016450046,0.0096158213070959,0.0624568675984946,0.0833845138130969,0.013339345609652,0.0,0.0388427187442396,0.0,0.0,0.0,0.0454875247266154,0.0,0.0,0.0035424441046509,0.0,0.0,0.0,0.163868078057055,0.0161136732598448,0.0,0.0,0.0,0.0218814278533181,0.0,0.0,0.0470489735342457,0.0,0.0,0.0,0.0,0.0,0.0043931589212558,0.0085421453064438,0.0,0.0037135617148716,0.0,0.0,0.0,0.0,0.0,0.0,0.0,0.0,0.0041284894239568,0.0054571982894239,0.0357797913438173,0.0,0.0,0.0,0.0,0.301397696466371,0.0351749180801686,0.0,0.0,0.0,0.0046921408813171,0.0,0.0,0.0,0.0,0.0,0.0,0.0,0.0,0.0086489352030075,0.0,0.0044651852001163,0.0,0.0051352582116053,0.0,0.0125649358544466,0.0,0.0063193600337901,0.0,0.0,0.0222475032758813,0.0914603754908894,0.0,0.240437896271916,0.058760494824844,0.0067369528701556,0.0,0.0,0.0,0.0,0.0082731275735522,0.0,0.0,0.0046015678813869,0.0089912131527569,0.0051799413487718,0.0,0.0,0.0054264851956238,0.0,0.0,0.0,0.0,0.0,0.0,0.0,0.0,0.0127506231667442,0.0044368644979052,0.0,0.0,0.0,0.0,0.0,0.0,0.0,0.0,0.0,0.0,0.0,0.0,0.0,0.0,0.0,0.0,0.0,0.0,0.0,7.70440259424862,0.35115861740079,5.14480834297786,0.0,0.0,0.0,0.0,0.0,0.0,0.0,0.0055520960041758,0.0677649754466729,0.0,0.0,0.0,0.0,1.26177615751927,0.0,0.0,0.0,0.0,0.0046795131529966,0.0125938489893831,0.0131855615498304,0.0,0.0,0.0,0.0,0.0,0.0,0.0,0.0,0.0,0.0,0.0,0.0,0.0,0.0,0.0,0.0,0.0,0.0,0.0,0.0,0.0,0.0,0.0279742826875361,0.0,0.0,0.0,0.0039947932331149,0.0,0.0065080253202799,0.0,1.20257137173894,0.532597685351567,0.0,0.0,0.0,0.0,0.0,0.0,0.0049268502791938,0.0,0.0,0.0,0.0,0.0042729651565128,0.0167950709884794,0.0,0.0091425204748556,0.0,0.0,0.0,0.0,0.0436179164622958,0.0,0.0768133569025246,0.0,0.0,0.0,0.0,0.0,0.0,0.0,0.0,0.0,0.0,0.0171926625581725,0.0,0.0,0.0,0.0,0.0,0.0,0.0,0.0,0.0,0.0,0.0,0.0,0.0,0.0,0.011650913175453,0.0,0.0,0.0,0.0,0.0043751540128691,0.0,0.0,0.0036657070032592,0.0,0.0,0.0,0.0,0.0,0.0,0.0,0.0,0.0,0.0,0.0,0.0,0.0,0.0,0.0,0.0,0.0,0.0,0.0,0.0057384224828421,0.0,0.0,0.0,0.0,0.197230813175757,0.0075033115959601,0.0,0.0,0.0,0.0,0.0,0.0,0.0,0.0,0.0,0.0,0.0,0.0,0.0041307953487219,0.0,0.0,0.0,0.0,0.0,0.0063270295317256,0.0,0.0035642336291833,0.0,0.0,0.0035036946592227,0.0,0.0,0.159567160002942,0.0108683098006658,0.0,0.0,0.0,0.0,0.0,0.0,0.0,0.0,0.0,0.0,0.0,0.0,0.0,0.0,0.0,0.0,0.0,0.0,0.0
CA3,0.0036488288123719,0.003921901260084,0.0155744998846436,0.198656566884453,0.009590178043808,0.0098186420135779,0.0068417128465044,0.0091064589047191,0.0068022721978048,0.0,0.0,0.0,0.0,0.0034703639784735,0.249114682976492,0.0,0.0,0.0,0.0,0.0036532667125797,0.0,0.146148868213115,0.109925953551132,0.0314576741174805,12.1478514962015,0.765262714552463,9.74039189170916,0.0406015706675502,0.0,0.0,0.0087234524124026,0.0,0.0,0.0,0.0798957763613029,0.0651376230993149,0.0,0.0,0.0,0.0,4.02201656713916,0.0,0.0,0.0102026808869543,0.0,0.0205496354383649,0.273621730598182,0.294650670193911,0.0296496786039999,0.0355440335811924,0.0,0.0,0.0,0.0,0.0,0.0,0.0,0.0,0.0136788200848771,0.0,0.0,0.0,0.0227693583612957,0.0,0.0,0.0,0.0,0.0,0.020391952409153,0.0,0.0388237483854199,0.0138229554898178,0.0309610184828334,0.0,0.0128800904343037,0.0,0.0092682173186845,0.0,1.0458760569254,0.985688523327032,0.07068067966214,0.0,0.0,0.0,0.0,0.0,0.0428926549805039,0.0067354611101654,0.0,0.0085002923484823,0.0,0.0067004468916542,0.0267915328832259,0.0,0.0046572537871324,0.0042317969371546,0.009422644534319,0.0,0.0,0.104214505292699,0.0,0.119443423445999,0.0,0.0,0.0,0.0,0.0,0.0,0.0,0.0,0.0092786063693316,0.0069062767765844,0.034963992395116,0.103249155283788,0.0054124908794089,0.0,0.043585453843681,0.0,0.0,0.0,0.0110113545850767,0.0,0.0,0.0,0.0,0.0,0.0,0.0883212691424531,0.016199435354268,0.0,0.0,0.0,0.0135678025545722,0.0042064521056343,0.0,0.059940226343545,0.0,0.0,0.0,0.0,0.0,0.0054086896109875,0.0,0.0034417458397565,0.0044205655615874,0.0,0.0,0.0,0.0,0.0035659486754246,0.0,0.0,0.0,0.0,0.0042258496085474,0.0174700703355473,0.0,0.0,0.0,0.0,0.271994331724203,0.0274296219420384,0.0,0.0,0.0,0.0047204178456884,0.0,0.0,0.0,0.0,0.0,0.0,0.0,0.0,0.0039901193951344,0.0,0.0,0.0,0.0,0.0,0.0054470562282464,0.0,0.0053268286889333,0.0,0.0,0.0146094520729772,0.0934518155618666,0.0,0.223326753279829,0.0491160370496201,0.0054875244632632,0.0,0.0,0.0,0.0,0.0,0.0,0.0,0.0,0.0115740913413505,0.0044300904765557,0.0,0.0,0.0065305491494093,0.0,0.0,0.0,0.0,0.0,0.0,0.0,0.0,0.0044378204972316,0.0047938388485834,0.0,0.0,0.0,0.0,0.0,0.0,0.0,0.0,0.0,0.0,0.0,0.0,0.0,0.0,0.0,0.0,0.0,0.0,0.0,6.51523627414191,0.28953596394831,4.37832592517251,0.0,0.0,0.0,0.0,0.0,0.0,0.0,0.0,0.0247884284459924,0.0,0.0,0.0,0.0,1.55171597779408,0.0,0.0,0.0,0.0,0.0,0.0042128925805745,0.0126768544003869,0.0,0.0,0.0,0.0,0.0,0.0,0.0,0.0,0.0,0.0,0.0,0.0,0.0,0.0,0.0,0.0,0.0,0.0,0.0,0.0,0.0,0.0,0.0273610428190945,0.0036732960079084,0.0,0.0,0.0,0.0,0.0047308174968731,0.0,0.964450681471218,0.471888759387984,0.0,0.0,0.0,0.0,0.0,0.0,0.0039656134378114,0.0,0.0,0.0,0.0,0.003961100485014,0.0072338005819155,0.0,0.0,0.0,0.0,0.0,0.0,0.0414802282071939,0.0,0.0691836669302699,0.0,0.0,0.0,0.0,0.0,0.0,0.0,0.0,0.0,0.0,0.0092782565423633,0.0,0.0,0.0,0.0,0.0,0.0,0.0,0.0,0.0,0.0,0.0,0.0,0.0,0.0,0.0060912849886816,0.0,0.0,0.0,0.0,0.0,0.0,0.0,0.0037871283372231,0.0,0.0,0.0,0.0,0.0,0.0,0.0,0.0,0.0,0.0,0.0,0.0,0.0,0.0,0.0,0.0,0.0,0.0,0.0,0.0,0.0,0.0,0.0,0.0,0.175705327638126,0.0063642323111596,0.0,0.0,0.0,0.0,0.0,0.0,0.0,0.0,0.0,0.0,0.0,0.0,0.0,0.0,0.0,0.0,0.0,0.0,0.0,0.0,0.0,0.0,0.0,0.0,0.0,0.0,0.148048766962409,0.0062416317937258,0.0,0.0,0.0,0.0,0.0,0.0,0.0,0.0,0.0,0.0,0.0,0.0,0.0,0.0,0.0,0.0,0.0,0.0,0.0
CEA,0.145966316968959,0.0,0.0,0.0938492100812905,0.0,0.0446664128463301,0.0695372865693153,0.0355372174193661,0.0140389467146745,0.0,0.0,0.0,0.0,0.0103726279475102,0.0164495475116064,0.0,0.0085169684192676,0.0,0.0,0.0040289372675906,0.0,0.401605039772996,0.361591197267214,0.397692287413209,0.0513462136820865,0.0,0.0,1.5409536789359,0.0,0.0,0.0063995567897957,0.0,0.0041790209208813,0.0657762928813478,0.181720132645634,2.70065308152451,0.0,0.0,0.0133638529332572,0.0,0.0099132270901777,0.0220944110769755,0.0,0.0,0.0037229052101855,0.0457948539488208,0.104724306496866,0.0311898229619707,0.0411195278181467,0.0764663340272812,0.0,0.0,0.0,0.216301267721314,1.22644823619022,0.294138345490156,0.0084530998653611,0.0572940759944449,0.0510655204561464,0.0,0.0,0.0,0.0063054086958706,0.0098815752170442,0.0,0.0,0.0,0.0387300384101254,0.279059744113266,0.0,0.0,0.0,0.0,0.007388134293285,0.248467105739216,0.0,0.053803503864245,0.0,0.0,0.0187849647769085,0.0162060188271553,0.0299692651147642,0.0046056825060585,0.0254033271460089,0.0102530396519531,0.0,0.5996482293576,0.0,0.0,0.0,0.0,0.0,0.0097052655477048,0.0487336477573802,0.0250918208148422,0.0271006271056357,0.0350267548692614,0.0,0.353776713190239,0.0056693349210295,0.0041189699599157,0.0365212687893886,0.0,0.0,0.0449977081869804,0.0,0.0,0.0,0.0331899573654007,0.0,0.0042926923891785,0.0,0.0689839261999523,0.0955534056424092,0.0450517010849832,0.116536867138208,0.0,0.0611947440448489,0.185011890636553,0.0044007640521915,0.0041224842300059,0.0058703027688232,0.0,0.0,0.0,0.0,0.0264025537325457,0.118096380446852,0.0,0.0051496250965132,0.0,0.0,0.0,0.0103572213458728,0.0463584276714587,0.0,0.0038769869164652,0.0170138664744812,0.0100188986881508,0.0,0.0,0.0056965231272469,0.0,0.0104101461436431,0.0183392357510933,0.0038441817560848,0.0,0.0,0.0078252962048177,0.0113874407743733,0.0,0.0062896196762396,0.0249585021496339,0.0,0.0,0.0,0.137140663324357,0.0054924215956934,0.0181156102795766,0.0,0.0,0.799485252403451,0.0,0.0,0.125217529019159,0.685636199388979,0.0,0.0085698553655256,0.0038287393439478,0.0115684196404424,0.0,0.0,0.0,0.0,0.0095163993360877,0.0,0.0185309445851107,0.0,0.0,0.0,0.0167964895221315,0.0917929909555617,0.0103778977770175,0.0099857124715219,0.0,0.0378938454789815,0.0925900503341201,0.0,0.0,0.0103381976684961,0.0349245972379282,0.0044329362953319,0.0,0.0,0.0,0.0254043532159814,0.0,0.0,0.0,0.0,0.0,0.0,0.0113347784467746,0.0724134237118343,0.0038729392998829,0.0,0.0074716009814852,0.0317002147539984,0.0,0.0,0.0,0.0,0.0048110578584066,0.0,0.0,0.0,0.0,0.0,0.0,0.0,0.0,0.0,0.0,0.0,0.0,0.0,0.0,0.0,0.0,0.0,0.0,0.0,0.0100373100291218,0.0,0.0,0.0,0.0,0.0,0.0,0.0,0.0,0.0,0.0,0.0,0.0053424410710061,0.0,0.0,0.0,0.0,0.0245618460570096,0.0,0.0,0.0,0.0,0.0,0.0,0.004856832581837,0.0,0.0,0.0,0.0,0.0,0.0,0.0,0.0,0.0,0.0042085692004754,0.0,0.0,0.0,0.0,0.0,0.0048174792654161,0.0,0.0,0.0,0.0,0.0,0.0,0.0,0.0,0.0,0.0,0.0054062390915753,0.0,0.0,0.0,0.0,0.0,0.0,0.0,0.0,0.0055114088472763,0.0,0.0,0.0043999010560092,0.0,0.0,0.0,0.0,0.0,0.0043791183908695,0.0,0.0,0.0,0.0,0.0,0.0053917719705171,0.0,0.0,0.0080575720992517,0.0,0.0,0.0,0.0,0.0,0.0,0.0,0.0,0.0037693944760177,0.0,0.0078322699245101,0.0,0.0,0.0165065046482774,0.0,0.0,0.0,0.0,0.0,0.0,0.0,0.0,0.0,0.0,0.0056392043005781,0.0038655926692435,0.0,0.0,0.0,0.0,0.0047105031034099,0.0,0.0,0.0,0.0,0.0,0.0,0.0,0.0,0.0,0.0,0.0,0.0060574888643903,0.0,0.0,0.0,0.0044097492882701,0.0059644722292867,0.0,0.0,0.0,0.0,0.0,0.0,0.0,0.0,0.0,0.0,0.0,0.0,0.0,0.0,0.0,0.0,0.0,0.0,0.0,0.0,0.0,0.0,0.0,0.0,0.0,0.0,0.0,0.0,0.0,0.0,0.0,0.0,0.0,0.0,0.0,0.0,0.0,0.0,0.0,0.0070827571618569,0.0089309709004751,0.0,0.0,0.0,0.0,0.0,0.0,0.0,0.0,0.0,0.0,0.0,0.0,0.0092016046038151,0.0,0.0,0.0,0.0,0.0
CENT,0.0,0.0,0.0,0.0,0.0,0.0,0.0,0.0,0.0,0.0,0.0,0.0,0.0222180291587938,0.0,0.0,0.0,0.0,0.0,0.0,0.0,0.0,0.0,0.0,0.0,0.0,0.0,0.0,0.0,2.23444306041483,0.0,0.0,0.0,0.0,0.0,0.0,0.0,0.0,0.655970651801389,0.0,0.0,0.0,0.0,0.0039123884523781,0.0,0.0,0.0,0.0057282847047519,0.0,0.0,0.0,0.0,0.0777825188246491,0.0,0.0,0.0,0.0,0.04552442813012,0.0,0.0,0.0,0.0313111388060625,0.0,0.0,0.0,0.0,0.133881168733909,0.0,0.0126808858998599,0.0,0.0119922348629324,0.0,0.0,0.0,0.0,0.0,0.0,0.0,0.0044710897300215,0.0,0.0,0.0,0.0,0.0041761981038868,0.0,0.0227712955623225,0.0074194749165949,0.0,0.0,0.0,0.0,0.0,0.0,0.0126356577575728,0.0,0.0,0.0,0.0,0.0,0.0180050295836064,0.0,0.050226075678945,0.0041732610576635,0.0,0.0,0.0,0.0852217257924053,0.0,0.0,0.0037599635537898,0.0,0.0,0.0,0.0071671256592237,0.0,0.0,0.008853049544735,0.0,0.0981492793051712,0.0350645478254202,0.003693868022335,0.0,0.0,0.0316996308582334,0.0,0.0090152770114671,0.0,0.0,0.0095157077447204,0.0,0.0,0.0,0.0,0.0,0.0,0.0234763664882149,0.0,0.0226939023627618,0.013527795474824,0.0038975046286769,0.0038609708857019,0.0111162307242992,0.0,0.0,0.0,0.0,0.0,0.0,0.0130503454444341,0.0,0.0,0.0,0.0,0.0,0.0,0.0,0.0,0.0,0.0,0.0,0.0,0.0,0.0,0.0786035123857433,0.0,0.0,0.0,0.0,0.0,0.0,0.0,0.0230088588955301,0.0,0.008019766518294,0.0134391608178003,0.0,0.0,0.0,0.0,0.0,0.0,0.0047600575835733,0.0,0.0,0.0058289324103848,0.0205603689274025,0.0,0.0,0.0,0.0,0.0,0.0056398440748118,0.0089966432370934,0.0,0.0,0.0,0.0,0.0,0.0,0.0,0.0,0.0,0.0,0.0,0.0,0.0,0.0,0.0,0.0,0.0,0.0,0.0,0.0,0.0,0.0,0.0,0.0,0.0,0.0,0.0,0.0,0.0,0.0192541176254517,0.0,0.0,0.0324756297641116,0.0,0.0,0.0,0.0,0.0,0.0,0.0,0.0,0.0,0.0,0.0,0.0,0.865984847392968,0.0048803724425576,0.0,0.0041719385233002,0.0,0.0,0.0,0.0,0.0,0.160075423292571,0.0,0.0,0.0169565207691508,0.0,0.0,0.0,0.0,0.0,0.0,0.0,0.0,0.0,0.0,0.0105477247428361,0.0,0.0,0.0,0.0,0.123963342468505,0.0,0.0,0.0,0.0,0.0,0.0,0.0,0.010599977266539,0.0095694478829892,0.0,0.0563183793436457,0.0,0.0217697462615376,0.0,0.0,0.0,0.0,0.0,0.0,0.0,0.0080493890992243,0.0,0.0,0.0,0.0,0.0135177063371566,0.0041873935510447,0.0072814101822445,0.0327510089464428,0.0,0.0,0.0,0.0,0.0,0.0,0.0099395579879817,0.0,0.0,0.0,0.0,0.0,0.114917847868944,0.0,0.0842881756875951,0.0046981274154831,0.0,0.0,0.0,0.0375617771919839,0.0,0.0,0.0064483826892608,0.0,0.0,0.0,0.0042332408593794,0.0,0.0,0.0165847618869681,0.0,0.0257641950982472,0.0181043259038689,0.0034543487955465,0.0,0.0073756039581557,0.0121139634385366,0.0044385911778546,0.015287415272428,0.006614509408362,0.0,0.0056688754166628,0.0,0.0,0.0043276256303295,0.0,0.0,0.0,0.0,0.0,0.0123007513381058,0.0482194981178184,0.039242848941109,0.0068332859974068,0.0,0.0,0.0,0.0,0.0,0.0,0.0,0.0101418452966219,0.0,0.0,0.0,0.132343331266265,0.0,0.0,0.0,0.0,0.0,0.0,0.0254429509196142,0.0,0.0,0.0,0.0098610320172707,0.0,0.0,0.0,0.0,0.0,0.0,0.0,0.0458463389220116,0.0,0.0,0.0,0.0,0.0,0.0,0.0,0.0,0.0,0.0,0.0,0.0,0.0,0.0043096601507686,0.0,0.0,0.0112004037514024,0.0,0.0045281304021769,0.0,0.0,0.0619115926506636,0.0,0.0,0.0,0.0,0.0,0.0,0.0,0.0,0.0,0.0441136016575498,0.0,0.0308053425933603,0.0098688650823616,0.0,0.0,0.0
CL,0.0,0.549838192216254,0.292417693125878,0.153638651812913,0.0704628017132709,0.0,0.122944956673057,0.0109397095779276,0.0627581820861217,0.0,0.0433738261747395,0.0187477181442184,0.0,0.0,0.0134170843760306,0.0104666039462152,0.0,0.0064244677056848,0.0,0.0,0.229202280402446,0.0122589795848223,0.0049245257228221,0.0306631824654684,0.0305333096547938,0.0,0.0296921150658198,0.0225381208518341,0.0,0.0576480580108902,0.0148631684831853,0.0099064366727183,0.008229140595145,0.0,0.0059073928929954,2.48855148053029,0.0627254376297196,0.0,0.0,0.0,0.0728210229105363,0.0,0.0,0.0,0.0075459442753357,0.0087383715656456,0.02275242736812,0.0371109623501782,0.004858934825107,0.0,0.0,0.0,0.0282567671132582,0.0058586839777609,0.0631338287505176,0.0042405294807598,0.0,0.0232484787292407,0.0,0.0,0.0,0.0,0.0283529242628835,0.008332172066322,0.0,0.0,0.0123764042170716,0.0,0.0048510191844432,0.0,0.349826180231458,0.0,0.0,0.0915760317894568,0.0182753227097893,0.262709572173559,0.0,0.0,0.0,0.0035864040206431,0.0,0.0,0.0,0.263176686458975,0.0,0.0,0.0041328136126925,0.0,0.0,0.0,0.0225561399923788,0.0050908981276929,0.0190948758721546,0.68532524825418,0.927014961023687,0.0,0.0,0.0,0.0407134393079299,0.0,0.0,0.0061636018565694,0.004291035187357,0.0,0.0,0.0,0.0,0.0,0.0,0.0719677652927361,0.0397161307104151,0.0239848323690154,0.0336266392072732,0.0,0.0,0.0270019690226706,0.0175332118785006,0.0,0.0,0.0101762373454169,0.0,0.161238643592668,0.0,0.0,0.0,0.0,0.015714933235945,0.0219250875065016,0.124159203035328,0.0,0.419597917840561,0.0,0.314086765153972,0.0,0.0,0.118478104887962,0.0,0.0,0.0110085105753944,0.0,0.0,0.0078420651173522,0.232604938658483,0.0,0.0424089892438651,0.0,0.0,0.0,0.0,0.0,0.0,0.0067300530416056,0.0,0.181579772754695,0.447426878349389,0.92771302333654,0.288993467967729,0.0,0.0083241903662978,0.0,0.0,0.028713630499121,0.0,0.0037664477246492,0.0,0.0070108883291892,0.0,0.0,0.0,0.0,0.0,0.0,0.0,0.0,0.126499888406542,0.141276401238424,0.203422789344261,0.0915256582105309,0.14847424619586,0.460693194426289,0.309397896412224,0.0,0.0085059659743389,0.0,0.0,0.0126846173182982,0.0,0.0,0.0,0.0038351594246521,0.0075522954462535,0.0,0.0948586735205653,0.0,0.0,0.0394446473101992,0.0196042226894233,0.0859480015924836,0.0108363864468098,0.077015698730228,0.0103146262576979,0.0449366013225401,0.0483866210266457,0.0,0.0936843932610334,0.123790945783339,0.0192636165696871,0.0161539994180394,0.0,0.0,0.0,0.0066441588797862,0.0128916140425686,0.0,0.0,0.0,0.0,0.0,0.0,0.0,0.0,0.0,0.0,0.0043111227949256,0.0,0.0,0.0,0.0,0.0,0.0,0.0,0.0,0.0035962301770098,0.0099735694534361,0.0,0.0107123388655765,0.0045540985229709,0.0,0.0,0.0,0.0,0.0,0.0059700817403551,0.0060779041120435,0.0198348401591886,0.0327136050359347,0.0,0.0,0.0,0.0379952552519485,0.0,0.0,0.0,0.0,0.0,0.0,0.0,0.0,0.0,0.0,0.0,0.0,0.0,0.0,0.0,0.0,0.0,0.0,0.0,0.0,0.0,0.0,0.0,0.0,0.0,0.0077611844642474,0.0,0.0,0.0,0.0,0.0,0.0,0.0,0.0090185347506884,0.0,0.0,0.0,0.0,0.0,0.0,0.0,0.0,0.0059424036274026,0.0,0.0,0.0057886591447188,0.0,0.0,0.0,0.0,0.0,0.0162032799957746,0.0,0.0,0.0,0.0,0.0,0.0080425668676079,0.0,0.0,0.0083622107132358,0.0,0.0,0.0,0.0,0.0,0.0,0.0,0.0,0.0,0.0,0.0159287461341522,0.0,0.0067992956985621,0.0150477355333421,0.0,0.0,0.0,0.0094717897215896,0.0,0.0,0.0,0.0,0.0,0.0,0.0076571249636819,0.0117859476319727,0.0,0.0,0.0,0.0,0.0067230976720234,0.0,0.0,0.0,0.0,0.0,0.0,0.0,0.0,0.0,0.0,0.0,0.0051596284148813,0.0,0.0,0.0,0.0,0.0,0.0,0.0,0.0,0.0,0.004254943933425,0.0072802524327349,0.0,0.0,0.0,0.0,0.0,0.0,0.0,0.0,0.0,0.0,0.0,0.0,0.0,0.0,0.0,0.0,0.0,0.0,0.0,0.0,0.0042461673293662,0.0,0.0,0.0,0.0,0.0,0.0048174075011392,0.0,0.0,0.0,0.0,0.0,0.0,0.010578142071199,0.0,0.0,0.0,0.0,0.0,0.0,0.0,0.0,0.0,0.0,0.0,0.0,0.0035651220520534,0.0,0.0,0.0,0.0,0.0,0.0
CLA,0.0539909944604004,0.0355105895817893,0.004806547334441,0.379508674772206,0.0,0.0,0.486338280853628,0.455546073788481,0.097716091331841,0.0,0.0,0.0,0.0,0.0,0.066293843573795,0.0,0.0,0.0,0.0042809716754384,0.0044117979370996,0.0,0.688519746580412,0.146100209814413,0.0432469071272951,0.0174374991957644,0.0,0.0125474850261489,0.516257629529997,0.0,0.0,0.0983765334158164,0.0,0.0,0.0624699214448561,0.172562896128731,3.78146560363763,0.0,0.0052014289915875,0.0,0.0,0.0072346652132115,0.0,0.0,0.0073836622655261,0.0,0.0679101630982401,0.35656652494311,0.0363563270426275,0.588196101231412,0.201396170351147,0.0,0.0,0.112222599616378,0.132498029840593,0.120394400643407,0.020442421341251,0.0,0.120326276168737,0.0297201631434037,0.0,0.0,0.0,0.0137665906460119,0.0,0.0,0.0,0.0,0.0,0.0743007012945301,0.0,0.0,0.0,0.0,0.0,0.0111681274056477,0.0,0.0,0.0,0.0,0.0,0.0,0.0080631392859983,0.0,0.0061705889661459,0.0,0.0,0.049090421501493,0.0,0.0,0.0,0.0,0.0,0.0480410129049424,0.508964480555949,0.928234712876937,0.0,0.0,0.0,0.0186821714152813,0.0,0.0,0.0,0.0,0.0,0.0646492664671938,0.0,0.0,0.0,0.0,0.121135592838883,0.0165938288316326,0.0210409156219223,0.456112229937878,0.0252474436702746,0.161981182898575,0.0064352010948981,0.0,0.0,0.0,0.0,0.0455960526366332,0.0,0.0,0.0,0.0,0.0,0.0,1.19989729061516,0.113052823844853,0.0,0.0063269823670588,0.0,0.0039443458481163,0.0,0.0,0.0,0.0,0.0,0.0,0.0,0.0,0.0,0.0,0.0,0.0,0.0,0.0,0.0,0.0,0.0,0.0,0.0,0.0,0.0,0.0041338982735052,0.0053811393556556,0.0,0.0,0.0238308548306197,0.0,0.0,0.301847137511183,0.0,0.0,0.023190850249614,0.0752944663541106,0.0,0.0,0.0,0.0,0.0,0.0,0.0,0.0,0.106139642620667,0.0072487723315472,0.107360356922675,0.0515326004568575,0.0,0.35591958437983,0.179557307971195,0.0059216971175893,0.0,0.0,0.0,0.0358129231889678,0.0896663838700931,0.0,0.0,0.0170809407473053,0.0,0.0,0.0,0.0,0.0,0.0813865947273565,0.0,0.0,0.0039628976497674,0.0146284561544298,0.0,0.0,0.0,0.0,0.0,0.0,0.0,0.0,0.0,0.0,0.0051849323028059,0.0036863305144021,0.15865207952447,0.0,0.0,0.142674657460914,0.0378902361200423,0.0130060965597993,0.0,0.0,0.0,0.0044352259654686,0.0,0.0092055465736198,0.0,0.0,0.0,0.004257927535046,0.0,0.0,0.0640811693887602,0.0,0.0321692391356005,0.0150110777350935,0.0,0.0094000218510386,0.0172885007022047,0.0,0.0,0.0177509753237959,0.0,0.0,0.0042514673595774,0.0094262839430089,2.01503433036824,0.0,0.0042160503806791,0.0,0.0,0.0183662750771752,0.0,0.0,0.0,0.0,0.012925600379114,0.0082570358587966,0.003724365686148,0.0416598163878431,0.0035881795107128,0.0,0.0,0.0117679712847479,0.0331031016909947,0.0,0.0,0.0,0.0752043484260781,0.0,0.0,0.0,0.0,0.0,0.0,0.0,0.0,0.0,0.0,0.0063972752939591,0.0,0.0,0.0,0.0,0.0,0.0,0.0,0.0,0.0,0.0,0.0,0.0,0.0,0.0,0.0,0.0,0.0,0.0,0.0,0.0,0.0,0.0,0.0,0.0510475029400974,0.0879350270943639,0.188995675287715,0.0,0.0,0.0,0.0,0.0,0.0,0.0,0.0,0.0,0.016898166286201,0.0,0.0,0.0,0.0,0.0166108608378544,0.0,0.0057691227282921,0.168235518409586,0.0,0.0,0.004510108934445,0.0,0.0,0.0,0.0,0.0,0.0,0.0,0.0,0.0,0.0,0.0,0.0183297320081102,0.0142586837901165,0.0,0.0,0.0,0.0043332640159899,0.0,0.0,0.0,0.0,0.0,0.0,0.0,0.0,0.0,0.0,0.0,0.0,0.0,0.0,0.0,0.0,0.0,0.0,0.0,0.0,0.0,0.0076259982761208,0.0054335226249576,0.0,0.0,0.00642923030688,0.0,0.0,0.0263880804341348,0.0,0.0,0.0,0.003973446152318,0.0,0.0,0.0,0.0,0.0,0.0,0.0,0.0,0.0069709251324194,0.0,0.0338255189786647,0.0133618106087481,0.0,0.0059329681013709,0.0767347412740954,0.0,0.0,0.0,0.0,0.0190603737470732,0.0,0.0,0.0,0.0,0.0,0.0,0.0,0.0,0.0,0.0517031412781702,0.0,0.0,0.0,0.0120885316760824,0.0,0.0,0.0,0.0,0.0,0.0,0.0,0.0,0.0
CLI,0.0095281376356858,0.0,0.0070267256880228,0.105206147054766,0.0,0.0086703465659552,0.0036045967860581,0.0,0.0,0.0,0.0,0.0,0.0,0.0,0.0121910531308807,0.0574491876420142,0.0,0.0,0.0,0.0,0.0,0.0126869427393758,0.0054251430330227,0.0230043054510928,0.035001612427587,0.0045451890906522,0.0851237461976781,0.017519558098234,0.0064335663955108,0.0116418552040329,0.0,0.0575740579724867,0.0101672165625672,0.0,0.0034577900306449,0.209476795203714,0.155302507414734,0.0,0.0117016781856376,0.0,0.0474546576493967,0.0074263486543227,0.0,0.0,0.108599788626603,0.0,0.0189387425417933,0.0093074069466646,0.0,0.0,0.0,0.0,0.0,0.0103087500140914,0.0174115022290663,0.0066101309098543,0.0983311690641052,0.0,0.0,0.0,0.0,0.0,0.0,0.0075234883785399,0.024780775250752,0.0,0.156606802745136,0.0327454672271416,0.0,0.0,0.0052562671390358,0.0,0.0,0.0344041019124624,0.313176011056406,0.0160578758789931,0.0813888364319642,0.0038855691654762,0.0085336243924651,0.0961296239333645,0.0039933741330139,0.0136159162496474,0.0255029604049126,0.051174452810901,0.0061251732803497,0.0133607924583,0.0050471142318689,0.0,0.0,0.0,0.0086489278094428,0.0430687544161669,0.0,0.0,0.0039660914954595,0.0,0.0237392110186961,0.0,0.785348160090389,0.0361591484591265,0.0066010051066266,0.114856788821346,0.0345059565424152,0.0,0.0,0.0,0.005368245223669,0.0330492970568008,0.0,0.0,0.0,0.0,0.076626013596372,0.0,0.0038379062036712,0.894815907118443,0.0,0.012967238051103,0.0213247686756852,0.106139539895643,0.0,0.0346724976602133,0.0067779135416724,0.0115044395970295,0.0037511694329344,0.0099357368780493,0.0796562274183843,0.0152607078934936,0.0,0.0064364571832911,0.0036377138842158,0.0,0.0,0.0,0.0485533067041006,0.0,0.0039024690128076,0.154725234195432,0.184987117913596,0.0,0.0,0.0048439511704837,0.0,0.0,0.008626651257836,0.0,0.0,0.0,0.0,0.0149284291403482,0.0,0.161584758524256,0.0151884554638379,0.0036228832650143,0.0,0.008539870121588,0.0112213655433014,0.0,0.192638464511557,0.055584257049418,0.0332330991685513,0.130022143288701,0.0,0.0054211597977671,0.012456099495409,0.0377984746145659,0.0,0.0149859126689117,0.0056616535318054,0.007399155390714,0.0,0.0,0.0,0.0,0.0,0.0,0.0,0.0,0.0,0.0,0.0050152684971724,0.0,0.0427100544592427,0.0047562419589983,0.0,0.0,0.005045177438629,0.029879647740751,0.0142763010781787,0.0081294627572797,0.014140874651067,0.0,0.0090911998078115,0.0,0.0133623160303398,0.0,0.0,0.0,0.0,0.0,0.0,0.0,0.0565327606234769,0.0,0.0065767121342489,0.0,0.0073633642800277,0.116804965253873,0.0,0.0,0.0,0.0049635617894289,0.0134425089209742,0.0,0.0,0.0,0.0,0.0,0.0,0.0,0.0,0.0,0.0,0.0128356669758903,0.0211513981738826,0.0,0.0,0.0,0.0,0.0,0.0,0.0,0.0042853396051842,0.0310474703063667,0.0,0.0440431212181592,0.0,0.00690679568232,0.0,0.0,0.0215225785452615,0.0063029795142948,0.0,0.0,0.0269346941853569,0.0940986089902438,0.0,0.009639063347574,0.0,0.0418257616364002,0.0,0.0,0.0,0.0252309439909496,0.0,0.0073496211236337,0.0077068935938235,0.0,0.0,0.0,0.0,0.0,0.0,0.004010696247003,0.0,0.0552361708722933,0.0,0.0,0.0,0.0,0.0,0.0,0.0041524734634209,0.0,0.0041722672540121,0.0531929403678278,0.0851152202712321,0.0,0.0,0.0,0.0,0.0,0.0137802000910956,0.112781934659989,0.0034829738758737,0.0269756159819197,0.0156129882424819,0.0,0.0396173063446736,0.0,0.0051741269911103,0.010604352228886,0.0192984960316171,0.0393319290120209,0.0137236366996356,0.0046195400750793,0.0,0.0,0.0,0.0,0.0066190649672445,0.0,0.0,0.0,0.0,0.005302310931147,0.0,0.2730113975866,0.0171860345056272,0.0097184001695105,0.0365726794351405,0.0175398952229987,0.004612497839909,0.0,0.0,0.0,0.0238840332141002,0.0050715808555982,0.0,0.0,0.0,0.0070974258789668,0.0,0.0,0.376116660530622,0.0,0.0718923691434138,0.0294291560405037,0.0619381135749875,0.0,0.012752081799475,0.0050946933204803,0.0,0.0,0.0399682787945351,0.0214385519098065,0.0052757390954035,0.0,0.0,0.0,0.0,0.0035058037696175,0.0,0.0259310652590648,0.0,0.0,0.064492570529475,0.0973360644471132,0.0,0.0086583426236365,0.0,0.0,0.0,0.0,0.0,0.0,0.0,0.0,0.0055732743647356,0.0,0.0491872596861595,0.0081364286736507,0.0,0.0,0.0035447782796808,0.0,0.0,0.0809026107645602,0.0,0.0169070000930634,0.038093674506805,0.0,0.0,0.0083357966813917,0.0179424140401549,0.0104755511921768,0.0037126418082012,0.0,0.0,0.0,0.0099505433575608,0.0120056646552389,0.0127493374158944,0.0,0.0,0.0,0.0,0.0,0.0,0.0,0.0,0.0152557850960135,0.017453703269942,0.0,0.0,0.0,0.0128776945737775,0.0070278202043604,0.0064233845332952,0.0055233438824445,0.0065279009091776,0.0,0.0,0.0608872342673142,0.0,0.0,0.0,0.0,0.0,0.0,0.0,0.0103404179967148,0.0,0.0,0.0,0.0,0.0476351029891108,0.0
CM,0.0080669695518788,0.289795111438081,0.324060047586478,0.989239275341895,0.0068291069965314,0.0087656018710798,0.732274439649186,0.1203532495211,0.172576222039753,0.0,0.124159730581463,0.120553661902388,0.0,0.0050740772958352,0.0688750054787794,0.0,0.0,0.0,0.0,0.0,0.0517545025663775,0.205016972904767,0.051027707726925,0.111543506933297,0.0306226436819404,0.0,0.003701772163585,0.104760572647285,0.0,0.0141126576766224,0.0737873748328943,0.0,0.596261328497569,0.0050935475758506,0.0051083524327055,7.72354768527772,0.0,0.0,0.0,0.0,0.0101549548551665,0.008751324405884,0.0,0.0289904555939521,0.0,0.0676533293660261,0.0630048654344563,0.0318239009069953,0.0320773800058946,0.0089684713534558,0.0,0.0,0.202400169744679,0.0322231948673072,0.153644379371115,0.0053003885602003,0.0,0.153636957836541,0.0093322557782077,0.0,0.0,0.0,0.133980514889288,0.103487648552826,0.0,0.0,0.0,0.0,0.0335873710060243,0.0,0.0,0.0,0.0,0.0071724850875232,0.0352958663668897,0.0,0.009155860316737,0.0,0.0,0.0447615236356193,0.0276416354367723,0.0,0.0,0.551013726371098,0.0,0.0,0.0243491284740491,0.0,0.0,0.0,0.0062395092256982,0.0,0.0247196690194856,0.40423688835406,0.674032023795947,0.0043734444745966,0.0057963237535441,0.0,0.0119902475400467,0.0,0.0,0.0050761367736711,0.0,0.0,0.0,0.0,0.0,0.0,0.0,0.455195382707933,0.196962030554264,0.175396732842159,0.137509599493886,0.0131402486827651,0.0034631567595454,0.0123932296928106,0.0,0.0,0.0,0.0,0.0363131071628916,0.01206478973321,0.0,0.0,0.0,0.0,0.0041622474689012,0.0457263927074561,0.62938420172667,0.0,0.0070509119929455,0.0,0.0068899302610056,0.0,0.0,0.0039944866390947,0.0,0.0,0.0045960732231991,0.0,0.0,0.0628230235568768,0.0,0.0,0.0722410819121021,0.0,0.0,0.0,0.0,0.0431512306629324,0.0829227065148478,0.0,0.0,0.0244408917160563,0.0324745006826953,0.085848159822882,0.363151553893665,0.0047225207241515,0.0049235572296193,0.0,0.0,0.195344909382988,0.0,0.133965521904273,0.0,0.0040765101160799,0.0,0.011484503078233,0.0043927749802711,0.0,0.0,0.0,0.0,0.0,0.0104054229533119,0.0,0.1551099145262,0.0287806545813539,0.0,0.0131304963866979,0.187643922510819,0.0,0.0,0.0,0.0,0.0237124052648633,0.0048279338346307,0.0,0.0,0.0150005574279178,0.0127571928733303,0.0,0.160056041488134,0.0,0.0,0.256378902461257,0.0,0.0066209644622979,0.0,0.0094950241010294,0.0055360163336695,0.0053488862784337,0.221210894357693,0.0135289289167637,0.0,0.0038462009427125,0.0703527466018136,0.0,0.0,0.0,0.0063668000553653,0.0072005612806264,0.0835674493527634,0.0,0.0,0.078766284997614,0.0256502188756331,0.0148192144383387,0.0,0.0077178926797078,0.0119718997335892,0.0,0.0,0.0054826425140143,0.0,0.0,0.0,0.0,0.0,0.0,0.0194221851041969,0.0044144302336277,0.0075304995847335,0.0070556203977726,0.0,0.0,0.008405598617024,0.0,0.0,0.0083929382325183,0.0,0.098602017164252,0.0,0.0,0.736793563162798,0.0,0.0,0.0,0.0,0.0153615986751714,0.0,0.0,0.0048284770081761,0.0,0.014200393814571,0.0155569707222191,0.0078919988809684,0.0111967968978358,0.0,0.0,0.0,0.0057746067007432,0.0092237141945436,0.0166812934099656,0.0,0.0,0.0330234093623588,0.0,0.0,0.0,0.0,0.007198608727137,0.0189892046009239,0.0,0.0,0.0,0.0,0.0093895142723494,0.0,0.0,0.0,0.0,0.0,0.0038868997688331,0.0,0.0,0.0,0.0,0.0,0.0,0.0,0.0,0.0470631693056333,0.0,0.0,0.0040903435148018,0.0,0.0,0.0,0.0,0.0,0.0,0.0382444069172926,0.0330467760618632,0.0,0.0,0.0,0.0,0.0,0.0,0.0069739262521582,0.0,0.0,0.0,0.0,0.0,0.0,0.0,0.0140971518827667,0.0080742373867433,0.0059631692630362,0.0326940113450218,0.0,0.0,0.0,0.0,0.0,0.0,0.0,0.0073873345976979,0.0045604764470965,0.0,0.0,0.0,0.0,0.0,0.0101844594743657,0.0289720836718052,0.0,0.0,0.0,0.0037391293968477,0.0,0.0,0.0,0.0,0.0,0.0,0.0,0.0,0.0,0.0,0.0,0.0064816271074814,0.0,0.0,0.0,0.0,0.0107574539381236,0.0190329808462041,0.0,0.0,0.0,0.0,0.0035337498266057,0.0446422631420193,0.0,0.0,0.0,0.0,0.0235354694082509,0.0,0.0182581226876275,0.0,0.0,0.0,0.0061330101819977,0.0,0.0,0.0,0.0,0.0,0.0,0.0,0.0,0.011773068587449,0.0,0.0,0.0,0.0162263537335222,0.0,0.0,0.0,0.0,0.0,0.0,0.0,0.0,0.0057510021652807,0.0,0.0,0.0155491678282507,0.0,0.0,0.0521764407363421,0.0,0.0,0.0,0.0,0.0,0.0,0.0339101104758026,0.0,0.0,0.0,0.0150993445527788,0.0,0.0
COAa,0.679076872641604,0.0,0.0071937338164264,1.30356209056615,0.0,0.0367188895168362,0.400196283328536,0.859574508284641,0.515239560234186,0.0,0.0,0.0,0.0,0.0364400578351246,0.987460876411961,0.0,0.0050191897742655,0.0,0.0,0.007112840377611,0.0,1.97277987000868,1.67646335183331,0.228811421905303,0.205927637884266,0.0,0.0295157956196963,0.647179431180362,0.0,0.0,0.0698679997260053,0.0,0.0,1.12950758904976,1.57375531258419,0.595946169282137,0.0,0.0,0.0,0.0,0.0283439581502931,0.0119745611600692,0.0,0.0909204687313849,0.0,0.259159959826615,1.26822789786084,0.207974520520558,0.767582872575324,1.15007103532735,0.0,0.0,0.0,0.375066266150302,0.0086124428392342,0.0,0.0,0.0438880742756845,0.214536956162024,0.0,0.0,0.0,0.119769235173623,0.0,0.0,0.0,0.0,0.0,0.31237878200298,0.0,0.0,0.0,0.0,0.0044396426280012,0.274835608128121,0.0,0.0581132479950628,0.0,0.0,0.045399161467349,0.0282100874898463,0.202757673845559,0.0,0.0249388483886846,0.0,0.0,1.40763118497309,0.0,0.0,0.0,0.0,0.0,0.613898001105176,0.0061986163297354,0.0,0.0239662966446091,0.0345450078493134,0.0,0.0091551488204817,0.0114505522870878,0.0,0.15790866096125,0.0,0.0,0.424473367492734,0.0,0.0,0.0,0.0,0.0358025624134754,0.107227703922582,0.0655340973975655,1.39833889838971,0.366565666732622,1.61180795316859,0.006136857961064,0.0113130342369438,0.0,0.0,0.0,0.186847988337884,0.0,0.0,0.0,0.0,0.0,0.0135383617492289,6.04090211862407,0.0162806010595787,0.0,0.0,0.0,0.0,0.0,0.0,0.0046592905997938,0.0,0.0,0.0,0.0,0.0,0.007362751563137,0.0,0.0046660853764527,0.0211306442662442,0.0,0.0,0.0,0.0104706329565564,0.0114092367152888,0.0,0.0,0.0,0.0,0.0,0.0,0.0108628251039322,0.0039316219015141,0.0,0.0,0.0,0.977252511872266,0.0,0.0036183547266223,0.0,0.0,0.0,0.0,0.0,0.0,0.0,0.0,0.0,0.0,0.0076898895084507,0.0,0.0,0.0,0.0,0.0,0.0083551186576971,0.0,0.0043179196964881,0.0,0.0,0.0685021747330736,0.642358865035107,0.0,0.0,0.294142796767531,0.0429388512252057,0.0,0.0,0.0,0.0,0.0853266366048405,0.0,0.0,0.0,0.0,0.0,0.0,0.0,0.0496024478319505,0.0,0.0,0.0,0.0091298995190396,0.0,0.0,0.0,0.0,0.0344790697738966,0.0,0.0,0.0,0.0,0.0,0.0,0.0,0.0,0.0,0.0,0.0273466770827144,0.0,0.0,0.0,0.0,0.0,0.0,0.0,0.0053167355328313,0.0154816327363859,0.0,0.0,0.0,0.0,0.0,0.0,0.0,0.0,0.0,0.0,0.0179811302455653,0.0066587759092272,0.0,0.0,0.0,0.0,0.0,0.0,0.0,0.0049882247363805,0.0,0.0,0.0,0.0,0.0052121450068347,0.0,0.0,0.0,0.0,0.0,0.0,0.0,0.0,0.0,0.0,0.0,0.0,0.0,0.0086762522611601,0.0,0.0,0.0,0.0,0.0,0.0,0.0,0.0,0.0,0.0,0.0,0.0,0.0,0.0,0.0,0.0,0.0192263450110692,0.0,0.0,0.0,0.0,0.0,0.0,0.0081363348248756,0.0,0.0,0.0,0.0,0.0,0.0,0.0,0.0,0.0,0.0,0.0,0.0,0.0,0.0,0.0140035719806255,0.0,0.0,0.0,0.0,0.0,0.0,0.0,0.0,0.0051062785727214,0.0,0.0124609247390852,0.0061544482620497,0.0,0.0,0.0,0.0,0.0,0.0,0.0,0.0,0.0,0.0,0.0,0.0,0.0,0.0073337058954398,0.0,0.0,0.0,0.0,0.0,0.0,0.0,0.0,0.0,0.0,0.0,0.0,0.0,0.0,0.0,0.0,0.0120071394016509,0.0,0.0,0.0,0.0,0.0037861866225247,0.0,0.0,0.0,0.0,0.0,0.0,0.0,0.0,0.0,0.0,0.0,0.0071345157824877,0.0,0.0,0.0,0.0,0.0,0.0,0.0,0.0,0.0,0.0,0.0,0.0,0.0,0.0,0.0,0.0,0.0,0.0,0.0,0.0,0.0,0.0,0.0,0.0,0.0,0.0,0.0,0.0112025875901498,0.0,0.0,0.0,0.0,0.0,0.0,0.0,0.0,0.0,0.0,0.0,0.0,0.0,0.0,0.0,0.0,0.0,0.0,0.0
COAp,0.130056598883918,0.0,0.0065502547927316,0.419481803651989,0.0,0.0584170115462559,0.0900752203496003,0.257512935524995,0.100951099015724,0.0,0.0,0.0,0.0,0.0822857340991393,0.344014261108264,0.0,0.0104372195048141,0.0,0.0,0.005038324723699,0.0,0.905727029262779,1.51153268572142,0.533258124799548,0.695158310176674,0.0112681363455069,0.112267949011765,0.523078749594641,0.0,0.0,0.0374714794845104,0.0,0.0,0.341896228565767,3.03296121059242,0.221276156654635,0.0,0.0,0.0,0.0,0.0649062674532195,0.0216420988091964,0.0,0.0364812428232854,0.0,0.145137321041188,1.016693649789,0.365390743982366,0.427004120022522,0.459647453462202,0.0,0.0,0.0,0.0713454321775538,0.0047389502367006,0.0,0.0,0.0223555429168622,0.133763276036097,0.0,0.0,0.0,0.0825237476237612,0.0,0.0,0.0,0.0,0.0,0.211953846415345,0.0,0.0,0.0,0.0,0.0,0.0680724539445896,0.0,0.0292012856434334,0.0,0.0043572624740343,0.162493535641342,0.163111696453169,0.0381963879380343,0.0,0.0107045866792086,0.0,0.0,2.23920912896428,0.0,0.0,0.0,0.0,0.0,0.160408592044874,0.0,0.0,0.0680108603237296,0.049910666557367,0.0,0.0,0.0064584140580519,0.0,0.0481467705612378,0.0,0.0,0.0930777149073983,0.0,0.0,0.0,0.0,0.0061423241992158,0.0352559031337588,0.0208044472919635,0.320000736550609,1.21369908407527,0.510052179795382,0.0,0.0087720018811629,0.0,0.0,0.0,0.0501906245591798,0.0,0.0,0.0,0.0,0.0,0.0043983037990647,1.54886070926081,0.0189031420196091,0.0,0.0,0.0,0.0,0.0,0.0,0.0050627990806117,0.0,0.0,0.0,0.0,0.0,0.0041948744813894,0.0209862866280734,0.0065303447432707,0.0066563853807596,0.0,0.0,0.0,0.0077233881585575,0.0,0.0,0.0,0.0,0.0,0.0,0.0,0.0100926916146483,0.0090668951280779,0.0,0.0,0.0,0.275290069343506,0.0,0.0,0.0,0.0,0.0,0.0,0.0,0.0,0.0,0.0,0.0,0.0,0.0706589811974954,0.0,0.0,0.0,0.0,0.0,0.0066208136972415,0.0,0.0,0.0,0.0,0.0640136114413099,0.653593446935101,0.0,0.0,0.094116537554253,0.063131073131757,0.0,0.0,0.0,0.0,0.0389348418996538,0.0,0.0,0.0,0.0,0.0,0.0,0.0,0.168576381511936,0.0,0.0,0.0,0.0,0.0,0.0,0.0,0.0,0.0483301165175141,0.0,0.0,0.0,0.0038007940987224,0.0,0.0,0.0,0.0,0.0,0.0034575590450475,0.0194452691848699,0.0,0.0,0.0,0.0,0.0,0.0,0.0054259805069921,0.0345667465035241,0.0576659616861831,0.0,0.0,0.0,0.0168371050823814,0.0,0.0,0.0,0.0,0.0,0.0,0.204495444665072,0.0136816434179932,0.0,0.0,0.0,0.0,0.0035284822371221,0.0,0.0,0.0,0.0,0.0,0.0048892164106498,0.0,0.0095342787403294,0.0044592666284936,0.0,0.0,0.0,0.0035694702613538,0.0,0.0,0.0,0.0,0.0053426838617135,0.0,0.0,0.0,0.0079774547761973,0.0,0.0,0.0,0.0,0.0,0.0,0.0,0.0,0.0,0.0,0.0,0.0,0.0,0.0,0.0,0.0,0.004798559821296,0.0,0.0,0.0,0.0,0.0,0.0,0.0795183442032955,0.0,0.0,0.0,0.0,0.0,0.0,0.0,0.0,0.0,0.0,0.0,0.0,0.0,0.0,0.0,0.0,0.0,0.0,0.0,0.0,0.0,0.0,0.0,0.0,0.0,0.024017300477452,0.0411853324341707,0.0063673375940892,0.0,0.0,0.0,0.0,0.0,0.0,0.0,0.0,0.0,0.0,0.0,0.0,0.01679327514603,0.0,0.0,0.0,0.0,0.0,0.0,0.0,0.0,0.0,0.0,0.0,0.0,0.0,0.0,0.0,0.0,0.0,0.0,0.0,0.0,0.0,0.0,0.0,0.0,0.0,0.0,0.0,0.0,0.0,0.0,0.0,0.0,0.0,0.0112200056909517,0.0,0.0,0.0,0.0,0.0,0.0,0.0,0.0,0.0,0.0,0.0,0.0,0.0,0.0,0.0,0.0,0.0,0.0,0.0,0.0,0.0,0.0,0.0,0.0,0.0,0.0,0.0,0.0069868219170593,0.003526031309518,0.0,0.0,0.0,0.0,0.0,0.0,0.0,0.0,0.0,0.0,0.0,0.0,0.0058918864521957,0.0,0.0,0.0,0.0,0.0
CP,0.0272077966746943,0.0152217859532078,0.0132316369013724,0.213420052145508,0.0,0.006375669050588,0.057420649753878,0.0322729413007198,0.0395417143658184,0.0,0.0,0.0,0.0,0.0,0.0313315082163573,0.0,0.0,0.0,0.0,0.0,0.0,0.106804108551225,0.038918868335959,0.0816197648763745,0.0097282222286968,0.0,0.0,0.279336467210947,0.0,0.0,0.0130843877926764,0.0,0.0,0.0072400261989368,0.0081844002272499,3.36088023380362,0.0,0.0,0.0,0.0,0.0050605881298584,0.0,0.0,0.0,0.0,0.0114572436329762,0.0243130291018759,0.0052414308108076,0.0595626435955676,0.025699752644212,0.0,0.0,0.0,0.0771535609218266,0.75471309878916,0.201204063657227,0.0,0.026390350969344,0.0059605126514196,0.0,0.0,0.0,0.0040443990660439,0.0,0.0,0.0,0.0,0.0,0.0458717065512596,0.0,0.0,0.0,0.0,0.0,0.079309162818067,0.0,0.0201315025055575,0.0,0.0,0.0356417528345588,0.018299944267132,0.0072486435095395,0.0,0.0103235326018688,0.0,0.0,0.0191225209303714,0.0,0.0,0.0,0.0,0.0,0.0289834407936229,0.107002011094047,0.0837388535741551,0.0,0.0130835904931503,0.0,0.0815716318348925,0.0036283763954594,0.0,0.0057042085471643,0.0,0.0,0.0,0.0,0.0,0.0,0.0036088325271763,0.0049181409073886,0.0055510604303697,0.0044445226519154,0.0238565968202011,0.0061351343821398,0.0073008760660236,0.0142135614979192,0.0,0.004164043936162,0.0319217171970178,0.0,0.0,0.0,0.0,0.0,0.0,0.0,0.0035774991130626,0.118179932142008,0.0127114302314176,0.0,0.0076865194873988,0.0,0.0,0.0,0.0080834513653392,0.0,0.0,0.0,0.0,0.0,0.0,0.0,0.0,0.0,0.0,0.0,0.0,0.0,0.0,0.0,0.0,0.0,0.0089007871487359,0.0,0.0,0.0041919965102641,0.0625974018133666,0.0,0.0,0.0,0.0,0.244681220944461,0.0,0.0,0.122055047622076,0.979274135126936,0.0,0.0,0.0,0.0,0.0,0.0,0.0,0.0,0.005819002546578,0.0040392186734911,0.0555810924848924,0.081946072364025,0.0,0.0177942830294489,0.0366768987570863,0.0643709767659784,0.0,0.0,0.0,0.0102705380860657,0.0162996777488635,0.0,0.0,0.0060911931889718,0.0063015001825765,0.0,0.0,0.0,0.0,0.0122296082255358,0.0,0.0,0.0,0.0,0.0,0.0,0.0037125025092835,0.0,0.0,0.0067162862885262,0.0,0.0215731587883571,0.0,0.0,0.0,0.0,0.0,0.0,0.0,0.0,0.0,0.0,0.0,0.0,0.0,0.0,0.0,0.0062207494115755,0.0,0.0,0.0,0.0,0.0,0.0,0.0,0.0,0.0,0.0,0.0,0.0,0.0,0.0,0.0,0.0,0.0,0.0,0.0,0.0,0.0,0.0,0.0,0.0,0.0,0.0171689872595222,0.0,0.0,0.0,0.0,0.0,0.0,0.0,0.0,0.0,0.0,0.0,0.0,0.0,0.0,0.0,0.0,0.0,0.0,0.0,0.0,0.0,0.0,0.0,0.0,0.0,0.0,0.0,0.0,0.0,0.0,0.0,0.0,0.0,0.0,0.0,0.0,0.0,0.0,0.0,0.0,0.0,0.0,0.0,0.0,0.0,0.0,0.0,0.0,0.0,0.0,0.0,0.0037419383491414,0.0095561989088522,0.0105497781755968,0.0,0.0,0.0,0.0,0.0,0.0,0.0038646682218222,0.0,0.0,0.0,0.0,0.0,0.0,0.0,0.0,0.0,0.0,0.0056513711067768,0.0,0.0,0.0,0.0,0.0,0.0,0.0,0.0,0.0,0.0,0.0,0.0,0.0,0.0,0.0,0.0,0.0,0.0,0.0,0.0,0.0,0.0,0.0,0.0,0.0,0.0,0.0,0.0,0.0,0.0,0.0,0.0,0.0,0.0,0.0,0.0,0.0,0.0,0.0,0.0,0.0,0.0,0.0,0.0,0.0,0.0,0.0,0.0,0.0,0.0,0.0,0.0,0.0,0.0,0.0,0.0,0.0,0.0,0.0,0.0,0.0,0.0,0.0,0.0,0.0,0.0,0.0,0.0,0.0,0.0,0.0,0.0,0.0,0.0,0.0,0.0,0.0048219178708504,0.0,0.0,0.0,0.0,0.0,0.0,0.0,0.0,0.0,0.0,0.0,0.0,0.0,0.0,0.0,0.0,0.0,0.0,0.0
CS,0.0058219136492136,0.0159639193196248,0.021565391901746,0.0339197700006614,0.0,0.0278894401640438,0.0056453328452036,0.0,0.0074692244504952,0.0,0.0047091302956454,0.0,0.165678777033904,0.0,0.0491372986489035,0.0352473823664778,0.0,0.0,0.0,0.0,0.0,0.0052429884261339,0.0,0.0157700628587317,0.208745899148254,0.0237357802172427,0.235615346917302,0.0052948980381785,0.0130833027159716,0.0139007955166427,0.0068176254684797,0.0193094266941233,0.0156134771340846,0.0,0.0037329355122069,0.0209696197695435,0.446709396344942,0.0275323441575974,0.0074040882865583,0.0,0.110760608159032,0.0284947392067084,0.0091238785611502,0.0079483536135982,0.0686849274783249,0.003537762314535,0.0504200982520788,0.0414310266685617,0.0078810995039646,0.0,0.0051095411830921,0.0,0.0,0.0,0.0,0.0,0.146275546317785,0.0,0.0,0.0,0.0,0.0,0.0076705787935063,0.0081963046946857,0.0048043410243528,0.010248583844238,0.170040155703205,0.0189839610277592,0.0,0.0,0.0,0.0,0.0,0.0369466843672466,0.265429102045449,0.0047099426570799,0.0722094784163839,0.0057883588431316,0.0127109971237576,0.110732987728683,0.0088106569199658,0.0072281160258361,0.0248964951336855,0.0929586710835972,0.0,0.0191536507963591,0.0047995009257789,0.0,0.0,0.0,0.011499086772627,0.10042221768781,0.0053795643199345,0.0110875182814954,0.0183875476531854,0.0,0.0433872114949656,0.0,0.401316480615657,0.0725798207813145,0.0102818715548148,0.131780415592399,0.0628149897821721,0.0,0.0,0.0,0.0,0.0157954280092714,0.0,0.00455149598231,0.006093172424157,0.006717657171446,0.0054506554352719,0.0,0.0,0.341958459028074,0.0036638469392447,0.005201716572135,0.0152448354325219,0.17004112940292,0.0042982942213804,0.0303401732123625,0.0390740572010037,0.0956031011068109,0.0090213344681051,0.0076120962763112,0.101305264804996,0.0166220968219748,0.0098944379222921,0.0249992353336038,0.0,0.0,0.0,0.0,0.061927518811662,0.0,0.0375514721198006,0.254303218215803,0.51334660724719,0.0092950257034459,0.0,0.0190098699835307,0.0067559426110121,0.0050660094568209,0.0214168510159049,0.0,0.0,0.009348589662896,0.0059212473630652,0.0272201862355464,0.0045029247655481,0.0634666989423495,0.0156920824070323,0.0098083418115266,0.006082416395809,0.0115447909144626,0.0073518521626131,0.0,0.0557704165778773,0.0063759989731991,0.0332990803278823,0.070152888476694,0.0743247972679396,0.0108287709129308,0.0094422250039149,0.0133698434889797,0.0,0.010988999378485,0.0,0.0037814836174467,0.0,0.0,0.0,0.0,0.0,0.0047507863951096,0.0,0.0,0.0068937669206799,0.0,0.0060018552652416,0.0,0.0562457445349078,0.0,0.0,0.0053161599774029,0.0,0.10024706484048,0.0132948464512528,0.0154634740093921,0.0257545621310105,0.0,0.0052255684001895,0.0,0.0047366304774934,0.0,0.0,0.0,0.0,0.0034998438738125,0.0,0.0,0.0471782566743625,0.0,0.0,0.0,0.0,0.0665103186682754,0.0,0.0047342709197166,0.0225147568569494,0.0188871147575513,0.0330916362010794,0.0047689923211993,0.0088302951344409,0.0106689357496087,0.0077753078511722,0.0071122499480663,0.0,0.0053843450555803,0.0,0.259336616149325,0.0,0.0494226134348968,0.0,0.0,0.0,0.0,0.0,0.0,0.0068096101274422,0.0,0.0096451798720813,0.227220722933009,0.0210041478003413,0.194667574718363,0.0,0.0191560826015038,0.0090969044074955,0.0102280819013512,0.0090141020619587,0.0085680602302041,0.0,0.0,0.0184250697355415,0.396167791798811,0.0758904122366798,0.0094638577434963,0.0,0.109399747047348,0.0083826103676704,0.0074795810661962,0.0056109087490976,0.0154070956974606,0.004525997926015,0.0538290930846886,0.0653281281715587,0.0056130556408611,0.0,0.0239660382967466,0.0,0.0,0.0,0.0,0.0,0.111898553876234,0.0,0.0,0.0,0.0,0.0,0.0072082595739051,0.0038402051040828,0.0,0.0096638145102871,0.113884196515725,0.0129617318034535,0.0036554845050923,0.0,0.0,0.0,0.0,0.025791150315812,0.197478043401373,0.0,0.0560810288884318,0.0,0.016436900684366,0.115794107849888,0.0086437196955363,0.0081428195392437,0.0176629422288872,0.0540008670765897,0.0,0.0099196693211563,0.0060101395870175,0.0,0.0,0.0,0.0,0.0301153908685827,0.0,0.0240214991250844,0.038954566308405,0.0,0.0181230340801866,0.0,0.200395027070233,0.0380654291678651,0.0046167276682963,0.0741564002978873,0.0491808511564601,0.0,0.0,0.0,0.0,0.0071873948402337,0.0,0.007392835046225,0.0091422394147676,0.0111501468975954,0.0048662186319986,0.0,0.0,0.247892408534826,0.0038950776637988,0.0049868044352994,0.0128298300969994,0.136038036266196,0.004548154716312,0.0139365729640933,0.139444806162022,0.0957988561378765,0.0043672459431003,0.0050018453808916,0.0623082591621768,0.0194585357808828,0.01498381924469,0.0099595624626731,0.0,0.0,0.0,0.0,0.042325198334641,0.0,0.116670332172189,0.16095446847462,0.271049177102102,0.0,0.007378218443291,0.0096439595297972,0.0124360352316985,0.0,0.0102671086245227,0.0,0.0,0.0287084014666097,0.0035411062390245,0.0184069569071827,0.0,0.0252267063858749,0.0072207339664734,0.010478115413665,0.0110476654136022,0.0071190181822965,0.0049790168520066,0.0,0.0270891609544015,0.0,0.0254007845374624,0.0565484869216268,0.101297697247824,0.0079486628945777,0.0077419307653447,0.0082772570104613,0.0,0.0045932401773358,0.0,0.0,0.0,0.0,0.0,0.0,0.0045369434015076,0.009931782771262,0.0,0.0,0.0117188214141634,0.0042100403718736,0.0075594019925897,0.0,0.0275700347368905,0.0,0.0,0.0064365362343586,0.0,0.0307341752667489,0.0083586040974164,0.0083573599596942,0.0130362090209644,0.0,0.0,0.0,0.0049883686006271,0.0,0.0,0.0040060875963874,0.0,0.0058472963418629,0.0,0.0,0.0205469750375155,0.0,0.0,0.0,0.0,0.0442763155994037,0.0
CUL,0.0,0.0,0.0,0.0,0.0,0.0,0.0,0.0,0.0,0.0,0.0,0.0,0.155621122082499,0.0,0.0,0.0,0.0,0.0,0.0,0.0,0.0,0.0,0.0,0.0,0.0,0.0,0.0,0.0,0.397613008511418,0.0,0.0,0.0,0.0,0.0,0.0,0.0,0.0,5.03658133840006,0.0,0.0,0.0047374799468008,0.0,0.0226942209858634,0.0,0.0,0.0,0.0,0.0,0.0,0.0,0.0294011889935633,0.0825676627456612,0.0,0.0,0.0,0.0,0.0413453378629579,0.0038107919481185,0.0,0.0,0.0,0.0064739242253133,0.0,0.0,0.0,0.14949540986427,0.0,0.0119745032511201,0.0,0.0106374342955494,0.0,0.0,0.0,0.0,0.0,0.0,0.0,0.0058497187287685,0.0,0.0,0.0,0.0,0.0034807941318771,0.0,0.0210925455491347,0.0065997646847909,0.0,0.0,0.0,0.0,0.0,0.0,0.0044659235293574,0.0,0.0,0.0,0.0,0.0,0.0182320392819483,0.0,0.0460075999690859,0.0039016717944806,0.0,0.0,0.0,0.0682805758947994,0.0,0.0,0.0,0.0,0.0,0.0,0.0045409034747559,0.0,0.0,0.0,0.0,0.0919062210918646,0.0335809364645355,0.0,0.0,0.0,0.268147336039665,0.0279845032009522,0.0081992625864128,0.0,0.0,0.0045956939420699,0.0,0.0,0.0,0.0,0.0,0.0,0.0251104642945127,0.0,0.0468043089624746,0.0120195936805572,0.0043442090487564,0.0037665586609909,0.0108764521425076,0.0,0.0,0.0,0.0,0.0,0.0,0.0766604915447254,0.0,0.0,0.0,0.0,0.0,0.0,0.0,0.0,0.0,0.0,0.0,0.0,0.0,0.0,0.614017610859876,0.0,0.0,0.0,0.0,0.0,0.0,0.0,0.0203573084934162,0.0,0.0078356929835154,0.0124699844461685,0.0,0.0,0.0043498435701693,0.0,0.0,0.0,0.0051781410402146,0.0,0.0,0.0055808953244013,0.0203120066434974,0.0,0.0,0.003751584992985,0.0,0.0,0.0,0.0085991242855897,0.0,0.0,0.0,0.0,0.0,0.0,0.0,0.0,0.0,0.0,0.0,0.0,0.0,0.0,0.0,0.0,0.0,0.0,0.0,0.0,0.0,0.0,0.0,0.0,0.0,0.0,0.0,0.0,0.0,0.012812451812877,0.0,0.0,0.0335510573444603,0.0,0.0,0.0,0.0,0.0,0.0,0.0,0.0,0.0,0.0,0.0,0.0,0.149033863042934,0.0055142579222663,0.0,0.0040662854250484,0.0,0.0,0.0045206528021568,0.0,0.0,0.916200669705263,0.0,0.0,0.0193631705648405,0.0,0.0,0.0,0.0,0.0,0.0,0.0,0.0,0.0,0.0,0.009928490051029,0.0,0.0,0.0,0.0,0.112496709226024,0.0,0.0,0.0,0.0,0.0061937627776554,0.0,0.0,0.0099504592523289,0.0086429388249138,0.0,0.0516518722173085,0.0,0.0197841928107447,0.0,0.0,0.0,0.0,0.0,0.0036499496617267,0.0,0.0073983987229671,0.0,0.0,0.0,0.0,0.0121864419413923,0.0046606734984011,0.0057509847455426,0.0304963580031556,0.0034482040353413,0.0,0.0,0.0,0.0,0.0,0.0042455030709643,0.0,0.0,0.0,0.0,0.0,0.118641002116334,0.0,0.0750999373457017,0.0049586135493752,0.0,0.0,0.0,0.029872587252916,0.0,0.0,0.0045053820487426,0.0,0.0,0.0,0.0039437587523761,0.0,0.0,0.0173970265526184,0.0,0.0214654077025611,0.0151247760132921,0.0,0.0,0.0078782919791014,0.0051622744960144,0.0667141056821724,0.013453907100014,0.0055490985468318,0.0,0.0,0.0,0.0,0.0049128593258826,0.0,0.0,0.0,0.0,0.0,0.0077248442839494,0.0449766858819685,0.0399159122031969,0.0062294778615776,0.0,0.0,0.0,0.0,0.0,0.0,0.0,0.0333510989160147,0.0,0.0,0.0,0.125295325838754,0.0,0.0,0.0,0.0,0.0,0.0,0.0339257009066334,0.0,0.0,0.0,0.0066022215016829,0.0,0.0,0.0,0.0,0.0,0.0,0.0,0.0405945229467254,0.0,0.0,0.0,0.0,0.0,0.0,0.0,0.0,0.0,0.0,0.0,0.0,0.0,0.0037703651702052,0.0,0.0,0.0199183219246417,0.0,0.0035107264018394,0.0,0.0,0.0621671821489913,0.0,0.0,0.0,0.0,0.0,0.0,0.0,0.0,0.0,0.0437814213389728,0.0,0.0287264027567659,0.0093452432326418,0.0,0.0,0.0
CUN,0.0,0.0,0.0,0.0,0.0,0.0372460617876961,0.0,0.0,0.0,0.0,0.0,0.0,0.0,0.0,0.0,0.0872713445831916,0.0,0.0,0.0054418995964769,0.0,0.0,0.0,0.0,0.0,0.0,0.0,0.0,0.003758664815498,0.0066593662677644,0.0156763844538893,0.0,0.0178246403059915,0.0079026260491598,0.0,0.0,0.0082211697821967,0.010896886583361,0.0036065268396568,0.433237769651259,0.0,0.0046335324632207,0.0083495954378166,0.0,0.0,0.0226354979881654,0.0,0.0,0.0,0.0,0.0,0.0,0.0,0.0,0.0,0.0128033634427495,0.0035786707601611,0.0564350384499727,0.0,0.0,0.210755109061346,0.174136301402303,0.427944799928172,0.0,0.007340884599276,0.0049886115639051,0.0,0.0,0.0194150438642111,0.0,0.0,0.0062476324069965,0.0044816404190625,0.0035297715381835,0.0127566735370821,0.0489802836214418,0.0440785851000748,0.005582454256609,0.0,0.0,0.0,0.0,0.0,0.059222678935407,0.0421294711217682,0.0047245878668584,0.0034576086827618,0.0,0.0136992030065624,0.0420502350388822,0.041714229350087,0.0,0.0038040392456922,0.0039719608916188,0.0,0.0,0.0,0.0048673276344399,0.0,0.999118366971081,0.0,0.0,0.004520074773101,0.0037772522608821,0.0465167207941248,0.0,0.0,0.0068738937897159,0.0475612430197569,0.0,0.0,0.0,0.0,0.0,0.0,0.0,1.75882197525362,0.0,0.0259760896315561,0.0632157320767445,0.0244379989901338,0.0,0.0315958412148623,0.0,0.0196270820825517,0.0,0.0079168841013265,0.0389814255494406,0.0,0.0,0.0,0.0141906168217466,0.0421527969106634,0.0,0.0079781491530981,0.242470879397525,0.0,0.0,0.265911189440225,0.378444603881098,0.0,0.0,0.0,0.0,0.0,0.0130110138202965,0.0,0.0,0.0,0.005507095544627,0.0132813288493079,0.0,0.0559328412112708,0.0212854193489541,0.0,0.0,0.0,0.0065756612861584,0.0,1.95402674599788,0.338860105724569,0.0,0.0152764970714002,0.0,0.0,0.0048034249289982,0.019814467281252,0.0252131389202987,0.030129487774142,0.0154579445283413,0.0216489316105874,0.0,0.0,0.0,0.0,0.0,0.0,0.0,0.0,0.0,0.0,0.0,0.0,0.0,0.0151952564525588,0.0,0.0,0.0,0.0364323651093716,0.0,0.0,0.0051697548645664,0.0166822746253414,0.0039919244726403,0.0,0.0044215707198507,0.0,0.0,0.0,0.0,0.0091951014812,0.0,0.0,0.0259889743326768,0.0057197240826674,0.0109604389885058,0.0098326391411626,0.0131225194522838,0.0165827004426659,0.0,0.0,0.0,0.0,0.0,0.0,0.0086440317931246,0.0,0.0,0.0,0.0,0.0,0.0,0.0,0.0,0.0,0.0063756565558897,0.0,0.0,0.0,0.0,0.0,0.0,0.0,0.0,0.0,0.0,0.0047159583921627,0.0,0.0,0.0038515933803099,0.0,0.0141361900605624,0.0044049874899881,0.0,0.0,0.0,0.0119089216557635,0.0,0.100169546503116,0.0039250469568224,0.0095839248247305,0.0,0.0,0.0,0.0079952319502025,0.0,0.0,0.0,0.0,0.0,0.0,0.0,0.0,0.0,0.0034763723156621,0.0,0.0513979394806434,0.0,0.0,0.0303261688540245,0.068948112337833,0.0683983010265786,0.0,0.0038976529662849,0.0,0.0,0.0,0.0146118370199836,0.0,0.0,0.0,0.0111050832695298,0.0,0.0,0.0207503312818203,0.012006775173083,0.0071400578138417,0.0,0.0,0.0,0.0,0.0,0.0488784828254389,0.0104456427141516,0.0,0.0,0.0,0.0,0.0078103640822851,0.0056999732239327,0.0,0.0,0.0,0.0,0.0,0.0,0.0,0.0,0.239676046141456,0.0,0.0,0.0,0.0,0.0074821855389059,0.0,0.0,0.0036886619315647,0.0217335418242001,0.0,0.0,0.0,0.0,0.0,0.0,0.0,0.662582718138594,0.0,0.0057262167245832,0.0134021270661139,0.0094411072989048,0.0,0.0069682339523407,0.0,0.0,0.0,0.0103586230278447,0.0095952279755892,0.0,0.0,0.0,0.0,0.0046994109219593,0.0,0.0036029240367899,0.0750002889511337,0.0,0.0,0.143475538052193,0.208834925262874,0.0,0.0,0.0,0.0,0.0,0.0052158647404363,0.0,0.0,0.0,0.0042504721729099,0.0075412356906914,0.0,0.0176479531643511,0.0139667205292525,0.0,0.0,0.008200014100324,0.0,0.0,0.779723935224836,0.103949516733798,0.0,0.0062273232693834,0.0,0.0,0.0,0.003859850635862,0.0054557745264826,0.0084264696165045,0.0049221773105645,0.0057996169817963,0.0,0.0,0.0,0.0,0.0,0.0,0.0,0.0,0.0,0.0,0.0,0.0,0.0,0.003739368022846,0.0,0.0,0.0,0.0308702336701294,0.0,0.0,0.0,0.0,0.0,0.0,0.0124566040369283,0.0,0.0,0.0,0.0,0.0,0.0,0.0,0.004378134817049,0.0,0.0,0.0,0.0053112218626332,0.0071368402654429,0.0
DCO,0.0,0.0,0.0,0.0,0.0,0.0,0.0055552225903407,0.0,0.0,0.0034784803261184,0.0,0.0,0.0652886740769437,0.0,0.0,0.0,0.0,0.0,0.0,0.0,0.0,0.0,0.0,0.0,0.0,0.0,0.0,0.0,0.0069353915400627,0.0,0.0,0.0,0.0,0.0,0.0092669096205657,0.0,0.0,0.0226244742624135,0.0,0.291797615841956,0.0134338456473804,0.0,0.0,0.0,0.0,0.0,0.0,0.0058655080829087,0.0,0.0,0.124570215620212,0.0072654366576953,0.0,0.0,0.0,0.0,0.343617831590764,0.0040597597314507,0.0,0.0,0.0,0.0,0.0,0.0,0.0106494927877423,0.0180671391570324,0.0,0.253132236378316,0.0,0.543201150206049,0.0,0.0,0.0,0.0,0.0,0.0,0.0,0.0265543425191268,0.0,0.0,0.0,0.0,0.0185975442885196,0.0,0.0964649935147046,0.0513255520080873,0.0,0.0,0.0,0.0,0.0,0.0,0.0061611041273283,0.0,0.0,0.0,0.0,0.0,0.0615354957809716,0.0,1.12936462766964,0.011176933106516,0.0,0.0158079145402754,0.0,0.0069213540196999,0.0,0.0,0.0765713504450518,0.0,0.0,0.0,0.0218455125716504,0.0,0.0,0.0202300904495492,0.0,0.346437910576865,0.0773752025859154,0.0096177962569841,0.0,0.0138104329875363,0.0071850184432667,0.0276012666477899,0.0603356504087857,0.0446194696736784,0.0,0.0180207364875465,0.0,0.0,0.0081768546625201,0.0,0.0,0.0,0.0211487462669978,0.0,0.0684132833484857,0.295946843862702,0.071812027911059,0.037937312245977,0.10495088840049,0.0,0.0,0.0,0.0,0.0,0.0,0.0,0.0,0.0,0.0,0.0,0.0,0.0,0.0,0.0,0.0,0.0,0.0071562825492911,0.0,0.0,0.0,0.0385483675865182,0.0,0.0,0.0071484072979435,0.565374374835657,0.0,0.0,0.0036857208237191,0.899625782988302,0.173265095398252,0.362038909208713,0.280296116868621,0.0,0.0,0.0,0.0,0.0,0.0,0.0059255399223295,0.0,0.0,0.009447321245957,0.106822127288434,0.0,0.0,0.0094825364028531,0.0,0.0039370990212943,0.0065517546459769,0.0177916885871555,0.0056389957023921,0.874466326005018,0.0790286755717498,0.0049925478441136,0.0,0.0,0.0,0.0,0.0,0.0,0.0054955457190624,0.0,0.029518261766975,0.0,0.0,0.0,0.0064725134786952,0.0,0.0,0.008831857378744,0.0,0.0,0.0,0.0,0.0,0.0,0.0,0.0,0.0,0.01179280979997,0.0,0.0,0.0317374071476402,0.0,0.0,0.0,0.0,0.0043593037973469,0.0,0.0,0.0,0.0,0.0,0.0037147705843544,0.0,0.0092462717542485,0.0,0.0,0.0,0.0,0.0,0.0054327706576805,0.0,0.0,0.0159839251983867,0.0216397765790813,0.0202727845945348,0.0778614194806227,0.0,0.0,0.0,0.0,0.0,0.0,0.0091401196561574,0.0,0.0,0.0042260610740578,0.0,0.0,0.0,0.0,0.0,0.312958414667507,0.0,0.0,0.410429479041144,0.118937900985925,0.268004964469686,0.0,0.0,0.0161352022530382,0.0,0.0,0.142593845973486,0.0,0.0083321733436828,0.0034411301330903,0.0,0.0,0.0,0.0,0.0,0.0,0.0324065839196025,0.0,0.0,0.0,0.0,0.0272660614653441,0.0040026914687638,0.0151533361982567,0.0757265329255649,0.0087334278274905,0.0,0.0058105936598429,0.0,0.0,0.0,0.0170137178103371,0.0,0.0,0.0,0.0,0.0,0.174057867386238,0.0,0.214888647776248,0.0104683039403524,0.0,0.800358066318395,0.0,0.0,0.0,0.0,0.0089187291215101,0.0,0.0,0.0,0.0243608811685023,0.0,0.0,0.0992574774138368,0.0041281173368698,0.0939295114611852,0.0150589216598332,0.0,0.0,0.0042192546145688,0.0079874257155296,0.0187008157215517,0.081750764888507,0.0428968439317027,0.0067367818056012,0.0146915401160213,0.0,0.0,0.0238667145054547,0.0047190908111519,0.0167224722852973,0.0,0.013263316410544,0.0045582617140805,0.008687763199703,0.366495081611481,0.0898158771132899,0.0544954329365201,0.0279662414426605,0.0,0.0,0.0,0.0,0.0,0.0,0.0057705102703892,0.0,0.0,0.0,0.0212576209770749,0.0,0.0,0.0035974944797195,0.0044074592514082,0.0,0.0,0.0789004432201764,0.0,0.0,0.0,0.0047977533901803,0.0,0.0,0.0047648908121443,0.496873992051616,0.0,0.0065310506033004,0.0062301138419757,0.0325107228385224,0.0173083304904638,0.0246367070209858,0.0318997777508527,0.0,0.0,0.0,0.0,0.0,0.0,0.0051871336856225,0.0,0.0,0.0071176997910153,0.0,0.0,0.0,0.0418416172396304,0.0,0.0137429076366525,0.0,0.0036404698076281,0.0060053706156082,0.0727903815713604,0.0287424663854599,0.0,0.0,0.0,0.0,0.0,0.0,0.0,0.0179382442585897,0.0,0.0196924928629158,0.0408272123751517,0.0,0.0041480283313541,0.0083069584415093
DG,0.0061866943044495,0.004057946849177,0.0191470181472706,0.345491517587076,0.0100303015193405,0.035449240429167,0.0053491778932693,0.0076039302031933,0.0039342593543163,0.0,0.0149439078031761,0.0073314873948997,0.0,0.0,0.131036460314213,0.0,0.0,0.0,0.0,0.0045518728750367,0.0162605716334441,0.0774298806824576,0.057182656513361,0.0318389670550398,5.58278972293416,0.391875495579969,5.39927221629206,0.0209266000663982,0.0,0.0,0.0068183527999259,0.0,0.0,0.0037966099976693,0.0412336456944793,0.0756806278735364,0.0,0.0,0.0,0.0,10.9036448494732,0.0051533851753387,0.0,0.0142417580535084,0.0,0.0265459587186363,0.272816949629331,0.461797514128968,0.0178630476011694,0.0184178185025548,0.0,0.0,0.0,0.0,0.0,0.0,0.0,0.0,0.0067146218279439,0.0,0.0,0.0,0.0194609273762552,0.0,0.0,0.0,0.0,0.0,0.0152679948399932,0.0,0.0400903458226849,0.0089925057566411,0.0246989051832774,0.0,0.0380373310069184,0.0,0.0151045945946582,0.0,0.270151908215065,0.465756432812237,0.0353629793713435,0.0,0.0,0.0,0.0,0.0,0.0302539309538212,0.014197383628374,0.0,0.0131772297422622,0.0,0.065823971319167,0.0247677391306869,0.0037062340246666,0.0076666061693557,0.0040051462447089,0.0153463232736783,0.0,0.0,0.120833814200655,0.0,0.132762857844691,0.0,0.0,0.0,0.0,0.0,0.0,0.0,0.0,0.0080950387302227,0.0049549426209662,0.0317788542642268,0.0512997719662585,0.0041379060854078,0.0124320451233001,0.136722556762238,0.0,0.0,0.0,0.0157802555364347,0.0,0.0035215167299277,0.0,0.0,0.0,0.0263255070415095,0.0513609857462553,0.0120686089569516,0.0061865139131325,0.0,0.0,0.101219587915993,0.0056574002379098,0.0,0.188669846082147,0.0,0.0,0.0,0.0,0.0,0.0137649548481743,0.0047452139607054,0.0,0.0080090335592123,0.0,0.0,0.0,0.0045724152069615,0.0230985715721375,0.0,0.0,0.0,0.0049251037022214,0.0107469993379089,0.155345732962429,0.0054625965445978,0.0,0.0037071315345331,0.0,0.170335709540608,0.0346445590714932,0.0,0.0034404570678192,0.0,0.0,0.0,0.003962470741652,0.0,0.0,0.0,0.0,0.0,0.0,0.0,0.0,0.0035151206598684,0.0,0.0,0.0,0.0059248063280364,0.0,0.0105573442773019,0.0,0.0,0.0180848931216967,0.0462709222261726,0.0,0.114495313198565,0.0361876455875175,0.0162346036549485,0.0,0.0,0.0,0.0,0.0,0.0,0.0075621290059041,0.0075215650729907,0.0396098580061165,0.0095878604390756,0.0079943192066443,0.0,0.0064556716553664,0.0,0.0,0.0,0.0,0.0,0.0,0.0,0.0,0.0222215767890174,0.0,0.0,0.0,0.0,0.0,0.0,0.0065326307389465,0.0038469669490997,0.0,0.0,0.0047858584984099,0.0,0.0,0.0,0.0,0.0,0.0056748861618389,0.0,0.0,0.0,2.23444114838744,0.0881176294602888,1.94682040525074,0.0,0.0,0.0,0.0,0.0,0.0,0.0,0.0034687891088784,0.0148328627257314,0.0,0.0,0.0,0.0,4.89395603826122,0.0,0.0,0.0,0.0,0.0,0.0095034268625154,0.0620661711947781,0.0,0.0,0.0,0.0,0.0,0.0,0.0,0.0,0.0,0.0,0.0,0.0,0.0,0.0,0.0,0.0,0.0,0.0,0.0,0.0,0.0,0.0,0.010555389781305,0.0,0.0,0.0,0.0047063851440316,0.0,0.0037923026103557,0.0,0.260906123734691,0.18947063654128,0.0,0.0,0.0,0.0,0.0,0.0,0.0054495237565722,0.0,0.0,0.0,0.0,0.0421664902066293,0.0105754351167905,0.0,0.0039073385271489,0.0,0.0,0.0,0.0,0.0479877683423703,0.0,0.0831393899594921,0.0,0.0,0.0,0.0,0.0,0.0,0.0,0.0,0.0,0.0,0.0129969989358851,0.0,0.0,0.0049548168092449,0.0151262196606046,0.0,0.0,0.0,0.0,0.0,0.0,0.0,0.0,0.0,0.0136555289609585,0.0056906042660393,0.0,0.0,0.0,0.0,0.0036035191499208,0.0,0.0,0.0141724819064968,0.0,0.0,0.0,0.0,0.0,0.0,0.0,0.0,0.0,0.0,0.0,0.0,0.0,0.0093961078160325,0.0,0.0,0.0,0.0,0.0,0.0036800594436113,0.0,0.0,0.0,0.0,0.0875743287026171,0.0118659745297082,0.0,0.0,0.0,0.0,0.0,0.0,0.0,0.0,0.0,0.0,0.0,0.0,0.0,0.0,0.0,0.0,0.0,0.0,0.0,0.0,0.0058225533699478,0.0,0.0,0.0,0.0,0.0,0.0710004934557819,0.0101169204797618,0.0,0.0,0.0,0.0,0.0,0.0,0.0,0.0,0.0,0.0,0.0,0.0,0.0,0.0,0.0,0.0,0.0,0.0,0.0
DMH,0.0087907951621771,0.0,0.0,0.0190615216108167,0.0,0.282876140911281,0.0042879093878097,0.0,0.0,0.0,0.0643269450342042,0.0154571454794738,0.0,0.0,0.0059114582357518,0.0171988746206779,0.0449198365771593,0.0,0.0,0.0,0.0050734948601523,0.0183914421735681,0.0265823232101072,0.153797631889453,0.0178073914956873,0.0,0.0118481875040263,0.0500955324805595,0.0,0.0,0.0,0.0050354588259904,0.0092021654842361,0.0089607874488904,0.0198469912992137,0.0196341947445059,0.0218358191818791,0.0,0.0083993006063714,0.0,0.0272567154301838,0.131643632312746,0.0,0.0,0.0100636621263449,0.0049912580047358,0.0201298828687893,0.0082134500730856,0.0,0.0,0.0,0.0,0.0,0.0,0.012418864661111,0.0098781327851647,0.0,0.0042540700773003,0.0,0.0,0.0,0.0,0.0,0.0067851929013596,0.0,0.0,0.0065658230957415,0.0,0.0129461935767603,0.0,0.0042917718351178,0.0,0.003725491463209,0.028357191685591,0.355767527790439,0.0197240523467019,0.056307123681295,0.0,0.0146525608309226,0.136363422934998,0.063373260031222,0.0034411218724018,0.0,0.0218516219441528,0.0,0.0,0.0816144682375731,0.0,0.0042417040065082,0.0049727789505634,0.0119902803279344,0.123275148186329,0.0184016340617848,0.0,0.0048550708310424,0.0878991515614822,0.111349368012652,0.0,0.142104698822034,0.0325353346607197,0.0,0.0422164304683247,0.0,0.0,0.0,0.0,0.0,0.0244478417050472,0.0,0.0,0.0,0.0,0.0144414365689638,0.0442786691621836,0.0148486641321802,0.438352510998277,0.0,0.0,0.0071187380807309,0.0179228357472771,0.0,0.0076252879606024,0.0,0.0,0.0,0.0,0.263042358946919,0.0162425815400763,0.0,0.113703939929655,0.0,0.0052813395000952,0.0,0.0,0.0075482199490383,0.0,0.0,0.0044170240751865,0.012929038773908,0.0,0.0,0.0240048539825553,0.0,0.0367092019732565,0.0440783909266984,0.023166047084227,0.0104608461599252,0.0,0.0437825508923293,0.0488764283453781,0.0035472710705092,0.0125945635113079,0.0039355437233408,0.0,0.0,0.0,0.0191694429896801,0.0347038545221328,0.105732151236957,0.0,0.009024653487912,0.0831915366525327,0.0,0.015462236052723,0.0,0.0135590097635619,0.0,0.0270842033055057,0.0114654140497152,0.0049220258441708,0.0,0.0,0.0,0.0,0.0,0.0,0.0038541172684301,0.0,0.0,0.0,0.0059346024976938,0.0037841187766332,0.101863045543564,0.0,0.0,0.0035451619967584,0.0085055405501957,0.0,0.0047504863222541,0.0072605705024698,0.157730882515624,0.0,0.0,0.0,0.0,0.0,0.0,0.0,0.0,0.0046921241939216,0.0,0.0,0.041559150499915,0.315967995642872,0.0058462993593838,0.0,0.0085859577010083,0.0245095586555271,0.0,0.0,0.0,0.0,0.0,0.0,0.032822068778461,0.0,0.0,0.0,0.0,0.0086488220190552,0.0,0.0,0.0,0.0,0.0,0.0111027786040371,0.0,0.0,0.0,0.0,0.0,0.0,0.0274237026611615,0.0,0.0,0.0034875987327184,0.007187958744308,0.0,0.0,0.0,0.0,0.0038565152830927,0.0048024277741276,0.017432933811428,0.0043494056612374,0.0059958106572204,0.0,0.0,0.0,0.0267837118546814,0.0093018581279639,0.0,0.0,0.0,0.0,0.004617391632266,0.00647913538207,0.0,0.0,0.0,0.0,0.0,0.0,0.0,0.0,0.0,0.0,0.0,0.0,0.0,0.0,0.0,0.0036155915574808,0.0,0.0,0.0,0.0,0.0,0.0,0.0,0.0,0.0,0.00854662794383,0.0428120692464567,0.0040634130395249,0.0062527718554543,0.0,0.0,0.0112698036200386,0.0146862843310057,0.0,0.0,0.0089368907654673,0.0,0.0,0.0107258072023415,0.0,0.0,0.0,0.0,0.0210568450231417,0.008066367260742,0.0,0.0,0.0157792606491087,0.0179013709131819,0.0,0.0204537018778212,0.0079760402327729,0.0,0.011884619037405,0.0,0.0,0.0,0.0,0.0,0.007402381587503,0.0,0.0,0.0,0.0,0.0096434281152379,0.0036458935929151,0.0072609676901001,0.129078055659864,0.0,0.0,0.0,0.0046353650592534,0.0,0.0,0.0048972396420631,0.0047755112310841,0.0,0.0,0.0576470899023721,0.0047863439472809,0.0,0.0191567135668591,0.0,0.0,0.0055087320342332,0.0,0.0,0.0,0.0,0.0,0.0,0.0,0.0,0.0067362957903619,0.0,0.0068398349658535,0.0171121111488855,0.0050557994508071,0.0,0.0,0.0227307931721464,0.0230486184668567,0.0,0.0,0.0,0.0,0.004255837181243,0.0039118005131867,0.0,0.0,0.0314096196612148,0.0,0.0,0.0086674605986591,0.0,0.0,0.0,0.0045084457820099,0.0,0.0068623069514498,0.0,0.0,0.0,0.0,0.0,0.0,0.0,0.0,0.0,0.0,0.0,0.0,0.0,0.0,0.0260295285854844,0.0,0.0,0.0,0.0052936002375176,0.0,0.0,0.0063926047094228,0.0344606025202996,0.0,0.0,0.0,0.0,0.0,0.0,0.0,0.0,0.0,0.0,0.0,0.0,0.0180736318608433,0.0,0.0,0.0,0.0070184859458506,0.0
DN,0.0,0.0,0.0,0.0,0.0,0.0,0.0,0.0,0.0,0.0,0.0,0.0,0.788225470884159,0.0,0.0,0.0,0.0,0.0,0.0,0.0,0.0,0.0,0.0,0.0,0.0,0.0,0.0,0.0,0.0,0.0,0.0,0.0350013484322119,0.0147738223709926,0.0,0.0,0.0,0.0,0.0568354601592143,0.0,0.0210908890406137,0.0043350854537927,0.0,0.337865947546364,0.0,0.005629985352555,0.0,0.0,0.0,0.0,0.0,0.128465580753539,0.0085690894093055,0.0,0.0,0.0,0.0,0.0079489006173323,0.0,0.0,0.0,0.0,0.0,0.0,0.0,0.0,0.696534937625827,0.0,0.0481585808065068,0.0,0.0,0.0,0.0,0.0,0.0,0.0,0.0,0.0,0.0052494581689075,0.0,0.0,0.0,0.0,0.0,0.0094022372292668,0.0786692691656032,0.0081552319126299,0.0,0.0,0.0,0.0,0.0,0.0,0.0,0.0,0.0,0.0,0.0,0.0,0.212802404981804,0.0,0.0054286179598965,0.0061010002567201,0.0,0.0,0.0,0.0156515437919083,0.0,0.0,0.0,0.0,0.0,0.0,0.0069043146423627,0.0,0.0,0.0399358196599287,0.0,0.290543645156307,0.175562782889762,0.0046909282821586,0.0,0.0,1.8568517674357,0.0793603950662837,0.0,0.0043826024722731,0.0035785090180107,0.0060679874651445,0.0,0.0,0.0,0.0,0.0,0.0,0.118839538472584,0.0,0.141276069349821,0.0112180726269497,0.0272484521589664,0.0,0.0213845388120852,0.0,0.0,0.0,0.0,0.0,0.0,0.0,0.0,0.0,0.0059924354929449,0.0035024492268407,0.0040640562493549,0.0,0.0,0.0,0.0,0.0,0.0109738840548702,0.0,0.0,0.0,0.664131784838534,0.0,0.0,0.0,0.0,0.0,0.0,0.0,0.0049592050855712,0.0,0.0183157092159026,0.0264148568479693,0.0,0.0,0.0036916930804451,0.0,0.0,0.0,0.0052242021938074,0.0,0.0,0.0301453794187233,0.0100217356309506,0.0,0.0,0.0124708929098944,0.0,0.0,0.0,0.0338443965309833,0.0092683936957092,0.0041058750078698,0.0053899226361623,0.0,0.0,0.0,0.0,0.0,0.0,0.0,0.0037320829383824,0.0,0.0,0.0,0.0,0.0,0.0,0.0,0.0,0.0,0.0,0.0,0.0,0.0,0.0,0.0,0.0,0.0069039561038736,0.0,0.0140268845099058,0.0,0.0,0.421270550915254,0.0,0.0,0.0,0.0,0.0263330908706343,0.0,0.0,0.0,0.0,0.0,0.0,0.0,0.0,0.114715826419974,0.0,0.0301518272235721,0.01636683543291,0.0,0.0,0.0,0.0116643457078067,0.0,0.0036686351299647,0.0,0.0181357265620169,0.0,0.0,0.0,0.0,0.0,0.0,0.0,0.0,0.0,0.0,0.0,0.0,0.0,0.0,0.0,0.162089782790946,0.0,0.0,0.0,0.0,0.0,0.0,0.0,0.0285575769009857,0.0,0.0,0.0186991211442926,0.0,0.0,0.144177347600426,0.0044717921583661,0.0573167047253543,0.0062304779749813,0.0,0.17437285332182,0.0,0.0077075675405998,0.0,0.0,0.0,0.0,0.0487382309116302,0.0841644817392011,0.0,0.0147394939923066,0.0037796170429936,0.0,0.0098673252544633,0.0,0.0,0.0,0.0,0.0,0.0,0.0,0.0,0.0088274586372901,1.41698742987744,0.0,0.0,0.0052882110177393,0.0,0.0,0.0,0.0,0.0142495163020776,0.10145631013791,0.0,0.0,0.0,0.0,0.0059422394548914,0.0,0.0,0.536664083465113,0.0,0.008051532121921,0.0126673101388437,0.0040532670716152,0.0,0.123168781813875,0.0,0.249205184111452,0.0,0.0062287701468511,0.0270050905727899,0.0,0.0,0.0,0.0958140408735973,0.0266908720145648,0.0091906719395548,0.0,0.0311263639153341,0.0,0.0,0.192232970900434,0.413233539156821,0.0,0.0,0.0,0.0,0.0,0.0,0.0,0.0,0.0,0.0,0.0,0.0049231426977067,0.382046057565163,0.0048197678651146,0.0,0.0,0.0,0.0287858112290435,0.0,1.23821337344689,0.0678488511169715,0.0,0.0,0.0,0.0112570309645825,0.0,0.0,0.0,0.005222872769402,0.007135326046606,0.0570069060947097,0.0,0.0,0.0,0.0,0.0,0.0,0.0,0.0,0.0,0.0,0.0,0.0,0.0,0.0055882322456574,0.0,0.0,0.0,0.173680732330676,0.0,0.0040618257210152,0.0,0.0,0.519415670609399,0.0,0.0,0.0,0.0,0.0,0.0,0.0,0.0,0.0,0.365335255539767,0.0,0.0804844853507842,0.0140510548144591,0.0180125037698828,0.0082871744847593,0.0
DP,0.279300239780286,0.0939663637896445,0.149125683537428,2.17487622395568,0.0,0.0178984107624504,0.313165048676381,0.326777953855517,0.693218770108608,0.0,0.0044618051705466,0.0074582748312363,0.0,0.160247351042559,4.27329905958936,0.0,0.005906911506613,0.0,0.0,0.0,0.0,0.493107859330419,0.529732939458955,0.178310191694186,0.0294978845762154,0.0,0.0049313946935871,0.281777297433413,0.0,0.0,0.165197739436246,0.0,0.0,0.260034071257491,0.176361777247088,0.401612461922786,0.0,0.0,0.0,0.0,0.00714543423138,0.0137931660308216,0.0,1.16904810796343,0.0,0.107269187262355,0.458573610335042,0.0164788358611247,0.674921547459666,0.224285496582345,0.0,0.0,0.0691857718850071,0.131773734323561,0.0,0.0,0.0,0.0071891566557917,0.0644624186928631,0.0,0.0,0.0,1.02252868789951,0.004039511364001,0.0,0.0,0.0049453004925925,0.0,0.0437482881570594,0.0,0.0,0.0,0.0,0.0,0.66485106638208,0.0,0.15771986392885,0.0,0.0123393805087067,0.377291439592821,0.0472905058131324,0.152750259865877,0.0,0.0140160769622057,0.0,0.0,0.568271180855121,0.0,0.0,0.0,0.0,0.0304032988753537,3.12426065194725,0.0044542749626741,0.113394321820135,0.0198102473523951,0.0496726365701121,0.0,0.0045097499290033,0.0542682449517951,0.0,0.367186467299469,0.0,0.0,0.209351776683227,0.0,0.0,0.0,0.0,0.285931486940236,1.02629755707315,0.383989976293731,1.6250723209049,0.0423130037863025,0.231093199959747,0.0170272573440039,0.0,0.0,0.0,0.0,0.0871972329136703,0.0,0.0,0.0146943030625703,0.0,0.0,0.0989907665696551,2.44335365600342,0.522962644745396,0.0127248722617716,0.0,0.0,0.0,0.0,0.0,0.0,0.0,0.0,0.0,0.0,0.0,0.0078223562227588,0.0,0.006737295980642,0.0149101412325114,0.0,0.0088427789124013,0.0,0.0059403168411642,0.050020076224468,0.0,0.0,0.0,0.0,0.0051608568361234,0.0059715710127708,0.0161093351360122,0.0,0.0,0.0,0.0248482796326924,1.47234120018838,0.0,0.172022159610889,0.0,0.0057169855112377,0.0,0.0139704678947426,0.0,0.0,0.0,0.0,0.0,0.0,0.0,0.0,0.0,0.0,0.0,0.0,0.0,0.0,0.078565780861551,0.0,0.0,0.0055189007591209,0.0453235775435651,0.0,0.0055933411793798,1.74408866761845,0.0621955151909563,0.0,0.0,0.0,0.0,0.012110835177744,0.0,0.0,0.0,0.0,0.0,0.0,0.076980333774411,0.0,0.0,0.0,0.0062375927910347,0.0223328174892505,0.0,0.0,0.0,0.0066681103721824,0.0448520740489498,0.0,0.0,0.0089392861388897,0.0037341171868108,0.0200043154965558,0.0,0.0,0.0,0.0,0.0168134094225831,0.217273726826749,0.0,0.0,0.0,0.0,0.0,0.0,0.0,0.0044937335642995,0.0168674902676822,0.0,0.0,0.0,0.0,0.0,0.0,0.0037872315105938,0.0,0.0,0.0040199010451128,0.0,0.0039315611502026,0.0,0.0,0.0,0.0,0.0093046234485647,0.0,0.0,0.0221583300145011,0.0,0.0,0.0,0.0,0.0440534162736971,0.0,0.0,0.0,0.0,0.0,0.0,0.0,0.0,0.0,0.0,0.0,0.0,0.0,0.0283072380423771,0.0,0.0,0.0,0.0,0.0,0.0,0.0,0.0,0.0,0.0,0.0,0.0247542141126978,0.0,0.0,0.0,0.0221921318578185,0.170273122642161,0.0039699542319648,0.0,0.0,0.0062973254974405,0.0,0.0,0.0114858644635085,0.0,0.0,0.0,0.0,0.0203750099541986,0.526346859055958,0.0,0.0,0.0,0.007172888658966,0.0,0.0,0.0096184433860316,0.0,0.0343346394517536,0.0,0.0,0.0075248491502506,0.0,0.0,0.0,0.0,0.0052521954618255,0.0420876155546573,0.0043170104065122,0.0536679321746137,0.0,0.0,0.0113901654822642,0.0,0.0,0.0,0.0,0.0,0.0,0.0,0.0090381900881217,0.0,0.0,0.0329297180982927,0.119533791227016,0.0138246145725935,0.0103339949229657,0.0,0.0,0.0,0.0,0.0,0.0,0.0,0.0,0.0,0.0,0.0,0.0067845217213516,0.0,0.0,0.0088766827415189,0.0,0.0,0.0,0.0,0.0350264999178366,0.0,0.0,0.0,0.0,0.0,0.0,0.0,0.0,0.0,0.0,0.0083601748293409,0.0281909741723654,0.0,0.0289419909248892,0.0,0.0,0.0,0.0091589232175601,0.0,0.0,0.0,0.0,0.0,0.0,0.0,0.0,0.0,0.0,0.0,0.0,0.0,0.0,0.0381199649032756,0.0,0.0,0.0,0.0,0.0,0.0,0.0779859677391046,0.0043604790219983,0.0,0.0,0.0,0.0,0.0,0.0,0.0,0.0,0.0,0.0,0.0,0.0090890817393828,0.0,0.0,0.0,0.0,0.0,0.0
DR,0.0,0.0,0.0,0.011273227587453,0.0,0.0095309260561344,0.0,0.0,0.0,0.0,0.0,0.0,0.0058141007557164,0.0,0.0,0.0207439694780465,0.0,0.0,0.0,0.0,0.0,0.0,0.0,0.0103289344053416,0.0104585552190261,0.0,0.010581829382237,0.0,0.0078244318283323,0.0092214903290726,0.0,0.0564344068703727,0.0104339297584885,0.0,0.0,0.0070214768442721,0.10977133593003,0.0,0.0386455385604407,0.0,0.0178323598198524,0.0041857513729417,0.0,0.0,0.246297944721371,0.0,0.0058131463457947,0.0037344176682046,0.0,0.0,0.0,0.0,0.0,0.0,0.0,0.0,0.0713052549653335,0.0,0.0,0.0,0.0,0.0058368896918882,0.0,0.0067474711999537,0.0,0.0,0.03236825194267,0.0157822367359172,0.0,0.0,0.0,0.0,0.0,0.0140343749758948,0.263011306137662,0.0178528683026631,0.0516159144600727,0.0,0.004360356457347,0.0934452511301951,0.0036444558173427,0.0059512648807892,0.0229012118466315,0.0511414521435014,0.0,0.0037838796431014,0.0,0.0,0.0,0.0,0.0,0.217826784842943,0.0,0.0,0.0,0.0,0.0137485492573563,0.0,0.856234907422874,0.0137155633838857,0.0053326153139118,0.0949534273785221,0.0387178807157003,0.0,0.0,0.0,0.0063148509650601,0.0203271887022585,0.0,0.0,0.0,0.0,0.0083116733142514,0.0,0.0,1.10826237422062,0.0,0.0079005494745373,0.0231556268361826,0.126965996952448,0.0,0.0288568177240857,0.0052465539074821,0.006504382743036,0.0,0.007883570674443,0.0596274310200224,0.0104335383169199,0.0,0.025029327730079,0.0,0.0,0.0,0.0,0.0836783564422057,0.0,0.0054124467901529,0.161356716502785,0.231105147782747,0.0,0.0,0.0034930257720319,0.0,0.0,0.0084533868891424,0.0,0.0,0.0,0.0,0.0205142850217504,0.0034813191893103,0.0896494090370833,0.0140368152570013,0.0,0.0,0.0,0.0092269435932587,0.0,0.244180393453264,0.0800150766692772,0.0137553423325258,0.0448273759115157,0.0,0.0076081365276672,0.0099821610250662,0.0227111077069961,0.0,0.0175341654150406,0.0061347590465312,0.0041284599968988,0.0,0.0,0.0,0.0,0.0,0.0,0.0049629694259861,0.0,0.0,0.0,0.0075991615353016,0.0,0.0766359634886752,0.0047708215408218,0.0,0.0,0.0,0.0232162083643143,0.0041872545161779,0.0045945500291373,0.015996002493003,0.0,0.0049509560662502,0.0,0.0050139221821782,0.0,0.0,0.0,0.0,0.0,0.0,0.0,0.0484378592376385,0.0,0.0,0.0,0.0059053540897452,0.0912223358286627,0.0,0.0,0.0,0.0,0.0035244140686361,0.0,0.0,0.0,0.0,0.0,0.0,0.0,0.0,0.0,0.0,0.0046943100103965,0.0075041894236331,0.0,0.0,0.0,0.0,0.0,0.0,0.0,0.0,0.0064329588606022,0.0,0.0096387910969941,0.0,0.0078756951183379,0.0,0.0,0.0202160646281772,0.0064115180280913,0.0,0.0,0.0049678345509772,0.0592339428640031,0.0,0.0154386962279377,0.0,0.0338393879673894,0.0,0.0,0.0,0.046434614250866,0.0,0.0042680124470512,0.0053456812208254,0.0,0.0,0.0,0.0,0.0,0.0,0.0,0.0,0.0286766617127446,0.0,0.0,0.0,0.0,0.0,0.0,0.0,0.0,0.0,0.0170696248697947,0.0198234217890348,0.0,0.0,0.0,0.0,0.0,0.0054488701226316,0.0446223172141301,0.0,0.0102113030388079,0.0,0.0,0.0108667444320231,0.0,0.0,0.0131082308288672,0.0118628844035901,0.0053414290092745,0.0,0.0045658314851662,0.0,0.0,0.0,0.0,0.0278708681042977,0.0039149106739443,0.0,0.0,0.0,0.0,0.0,0.200285188109775,0.0062604371012075,0.0053543998299377,0.0141123657967301,0.0114206676744859,0.0,0.0,0.0,0.0,0.0111728465084208,0.0,0.0,0.0,0.0,0.0088478260909697,0.0,0.0,0.372884928162456,0.0,0.010171538432026,0.0125697102881557,0.0452907782142378,0.0,0.0093341811966482,0.0129016575194428,0.0,0.0,0.0133585381426542,0.0134585720294729,0.0,0.0,0.0,0.0,0.0,0.0,0.0,0.0186014591543055,0.0,0.0,0.0540033141331881,0.0577932724612278,0.0,0.0,0.0,0.0,0.0,0.0,0.0,0.0,0.0,0.0,0.0079906532758199,0.0,0.0309327330251799,0.005326823864998,0.0,0.0,0.0,0.0,0.0,0.102003043268958,0.0,0.0046075390813596,0.0120757840153687,0.0,0.0,0.0071405896408895,0.0126556957687969,0.0,0.0039320294047015,0.0,0.0,0.0,0.0,0.0,0.0,0.0,0.0,0.0,0.0,0.0,0.0,0.0,0.0,0.0120407224766678,0.0062956389290246,0.0,0.0,0.0,0.0117886133403062,0.0,0.0055429140665135,0.004310971611037,0.0,0.0,0.0038801500221169,0.019014485048894,0.0,0.0,0.0,0.0,0.0,0.0,0.0,0.0037325816027331,0.0,0.0,0.0,0.0,0.0342109827544538,0.0
ECT,0.0141834054204341,0.0285759202299722,0.0129832903955847,0.23101753738134,0.0,0.0,0.133953413368211,0.192352875590199,0.0800125472184779,0.0,0.0,0.0,0.0,0.0,0.0337397614066989,0.0181574123685812,0.0,0.302164426145622,1.27529505233931,1.0326094398005,0.0,0.230943346753635,0.0347133301065675,0.0312769219592544,0.0190593633987927,0.0,0.0,0.171415428282799,0.0049108820745202,0.0092094883549181,0.141604119558335,0.0,0.0,0.0087916352934036,0.0039525158836518,3.53034617416944,0.0,0.0055525130769177,0.0123035560322471,0.0,0.0189931604779748,0.0,0.0,0.0060342876156688,0.0,2.04063422562722,0.117747054419816,0.0418150332317284,0.0744894801264837,0.0127794305735826,0.0,0.0,0.012657458429931,0.072405006511921,0.0929487323547516,0.0,0.0,0.0959060913287097,0.00686254127816,0.0184504180165565,0.119238290833058,0.1756350884258,0.0073334465202405,0.0,0.0,0.0,0.0038106364443075,0.0,0.280265681740277,0.0,0.0268503094787098,0.0357708169204394,0.0165565562109525,0.0,0.0169958088842542,0.204501524136308,0.0,0.0,0.0,0.0038328968836532,0.0,0.0,0.0,0.0077301363455187,0.0,0.0,0.0250873040258864,0.129792935793021,0.0764657570492117,0.183111318937485,0.0,0.0,0.007032888807416,0.113712356270885,0.159193944654143,0.0,0.0,0.0,0.057778115843204,0.0,0.0,0.0146129807344541,0.0,0.0,0.0038620647582388,0.0,0.0083517112985986,0.0,0.0,0.0986368039548479,0.0168680280875428,0.0347093423666156,0.10498324700944,0.0,0.0071385260962457,0.0683412478940175,0.0050183183808473,0.0,0.0070728064398677,0.0,0.0897522774117692,0.0084879926007076,0.0,0.0109349011040175,0.0,0.0,0.0106646207452925,0.0899346157329049,0.0268852914119832,0.0,0.0770854069743274,0.0323177864322183,0.0112366453968167,0.013241194594251,0.0056536590761452,0.0,0.0,0.0,0.0036358248497279,0.0,0.0,0.0,0.11719974991584,0.0,0.0055288024406123,0.0,0.0,0.0,0.0,0.0062306803352801,0.0,0.0,0.0,0.116990750572497,0.114290291313431,0.0108473863468514,0.0801962019421248,0.0,0.123603820860367,0.0612091449633121,0.0,0.0682942335015775,0.0,0.0043512714540283,0.0,0.0436452617350447,0.0,0.0066836423030564,0.0,0.0071792334031581,0.0,0.0,0.0,0.0,0.172275060017383,0.0217251940085573,0.0788742835247324,0.0592108667672345,0.0248551001366632,0.0497926050139417,0.829362665485179,0.0,0.0,0.0,0.0,2.25137247488345,0.0049505661496006,0.006497904481953,0.0,0.0180754903958403,0.0,0.0,0.0,0.0,0.0,0.744773763814394,0.110318314550192,0.0471701338200857,0.185149238703972,0.647293710399614,0.0701840673814724,0.0911340636304003,0.0078744255622108,0.0,0.038480645878461,0.0357046759217012,0.0109888759047473,0.0,0.0,0.0,0.0,0.0,0.112196087752998,0.0,0.0,0.0203841397554657,0.0303732789743959,0.0050425658854039,0.0,0.0,0.0,0.0,0.0,0.0053824721803926,0.0,0.0,0.0361173360487934,0.164278277887627,0.180650073621536,0.0,0.0286373531625585,0.0,0.0341043140341015,0.0,0.0,0.0,0.0062397434138631,0.0,0.0,0.0107159979428157,0.0,0.0,0.0,0.0,0.970157497007234,0.0,0.0,0.0,0.0,0.0257308937687731,0.0,0.0,0.0,0.0,0.0762773644681898,0.012547235118279,0.0,0.0653744418956278,0.0097942543758775,0.0,0.0,0.0,0.0174698266071387,0.0,0.0,0.0,0.0177496307118357,0.0046154649292429,0.0,0.018105745511058,0.0,0.0,0.0,0.0,0.0,0.0,0.0,0.0069956229896821,0.0,0.0,0.0,0.0,0.0,0.0,0.0,0.0,0.0,0.0,0.0,0.0,0.0,0.0,0.0042407016873517,0.0,0.0,0.0101344113954722,0.0,0.0,0.0,0.0,0.0,0.0042056235480678,0.0220287361699602,0.0208580515612263,0.0,0.0,0.0,0.0,0.0,0.0,0.0162836646128794,0.0,0.0,0.0,0.0,0.0,0.0,0.0,0.0,0.0,0.0,0.0611016151766015,0.0,0.0,0.0099988304009536,0.0,0.0,0.0,0.0,0.0044368452698848,0.0,0.0,0.0,0.0,0.0,0.0,0.01630570391914,0.0,0.0,0.0,0.0,0.0,0.0,0.0,0.0,0.0,0.0,0.0,0.0,0.0,0.0,0.0079377147352415,0.0,0.0036737452719684,0.0,0.0,0.0,0.0,0.0055772965624752,0.0,0.0,0.0,0.0042692047486364,0.005040234686315,0.0,0.0,0.0,0.0073440190539643,0.0,0.0,0.0110614659779027,0.0,0.0,0.0,0.0,0.0,0.0,0.0,0.0,0.0,0.0,0.0,0.0,0.111330120826551,0.0,0.0195034907687841,0.0353541844174787,0.0,0.0168589243663071,0.365387966084188,0.0,0.0,0.0,0.0,0.28394513504385,0.0,0.0,0.0,0.0061306284846989,0.0,0.0,0.0,0.0,0.0,0.131122681530214,0.0077290745078977,0.0,0.0241517135395907,0.0671805053881962,0.0082477623507611,0.0052965074545421,0.0,0.0,0.0,0.0,0.0046507599401309,0.0,0.0
ENTl,0.136220741292516,0.230527282538045,0.167743648454515,1.6498240242178,0.0039750215269911,0.0275873664249425,0.250247914326591,0.673707221956364,0.396508828159493,0.0,0.0168385419142678,0.0084809340349898,0.0,0.0108486864426715,0.932311000520131,0.0,0.0,0.0734484489005823,0.135698186232789,0.177747698456847,0.0111313390897842,1.13849315824811,0.466906308148198,0.10702192450205,2.80991390527632,0.101247441522419,0.528439491721367,0.378070695821449,0.0,0.0041113201151028,0.210403246440837,0.0,0.0,0.139749063931424,0.538665552828077,2.96713541658201,0.0,0.0,0.0,0.0,1.41296114207767,0.0,0.0,0.19036438426358,0.0,1.04223465505465,6.23183325780345,1.78934450020309,0.823818750994877,0.40340147010283,0.0,0.0,0.0151386363248985,0.181832861846537,0.0197487067242199,0.0,0.0,0.082484071683194,0.0779276309054276,0.0,0.0,0.0,0.173087640955761,0.0,0.0,0.0,0.0,0.0,0.4106810733822,0.0,0.0177544982140387,0.0,0.0,0.0,0.0306774493704801,0.0411246296439035,0.0112156875278943,0.0,0.0071193435255524,0.199644472629508,0.0158619138719131,0.0533588423473586,0.0,0.0147356906284565,0.0,0.0,0.184118248177277,0.0035905065130761,0.0,0.004101217771241,0.0,0.0328327333090011,0.230482131508178,0.149205373772095,0.426073026633895,0.0,0.0077008672910543,0.0,0.0,0.0390613003309266,0.0,0.0630963718027037,0.0,0.0,0.0697677897522252,0.0,0.0,0.0,0.0,0.163229628904026,0.209079250102715,0.139963007996439,0.964602478932103,0.223287618178839,0.340168736415438,0.0048828575766385,0.205716489729658,0.0,0.0,0.0,0.819261023084362,0.0,0.0,0.0,0.0,0.0,0.0091771785413167,2.63042917614545,0.202662566746595,0.0035427103100068,0.0037999520665961,0.0,0.133686937102521,0.0,0.0,0.161579421941247,0.0,0.0,0.0,0.0,0.0,0.0160921472795035,0.193938014880154,0.0,0.0086167608223717,0.0,0.0,0.0,0.0,0.0244817895085308,0.0,0.0,0.0,0.157633898515633,0.202999096496402,0.155233527453352,0.0107993026774881,0.0,0.0,0.0,0.0581415205574524,0.509734754864946,0.0,0.0,0.0,0.0,0.0,0.0,0.0,0.0,0.0,0.0,0.0,0.0,0.271660128415589,0.0605416175055901,0.0348224384816635,0.0414021718042176,0.0628607599765407,0.0689164511260548,0.326909714060976,0.0,0.004847934142073,0.0,0.0,0.534510686474202,0.602717603891855,0.0,0.0308125131325666,0.490101629083036,0.010871974233143,0.0,0.0,0.0,0.0,0.234123341928883,0.0689055650620025,0.0732583144398111,0.132645200828301,0.400285030015992,0.119462209015125,0.0808548741947092,0.0,0.0,0.0,0.0,0.0,0.0,0.0,0.0034541238576645,0.0433217061980681,0.0312224106346735,0.418672171139211,0.0,0.0,0.0206818130113631,0.0673655117038493,0.0251678980420289,0.0,0.0087678261438512,0.0052450804056467,0.0,0.0,0.117200620217308,0.0,0.0,0.0166452976821606,0.0156811242464895,0.0212976160494246,0.0041148874773758,0.0762899324882303,0.0149527617592946,0.0489151379872479,0.23636058816323,0.0042640427810262,0.0331724343782026,0.0203365156012913,0.0,0.0,0.0194165688660323,0.0,0.0,0.0,0.0166271365775092,0.716887884419739,0.0,0.0,0.0,0.0,0.028066850485293,0.0,0.0,0.038387103370773,0.0,0.0882646186838856,0.326367590496547,0.162356047453771,0.0603290518028903,0.0326398115156703,0.0,0.0,0.0,0.0325175111404523,0.0,0.0,0.0,0.0098842034098694,0.0047810128936414,0.0,0.0,0.0,0.0248135625017122,0.0,0.0,0.0,0.0,0.0,0.0186006143527489,0.0,0.0,0.0,0.0,0.0,0.0,0.0,0.0,0.0,0.0052752190033165,0.0294350822804489,0.0,0.0,0.0,0.0,0.0,0.0,0.0,0.0,0.0,0.0,0.0,0.0189038008425137,0.0056334626277083,0.0425634671451625,0.120566560010973,0.0,0.0,0.0,0.0,0.0042451460009342,0.0,0.0080229687778092,0.0,0.0,0.0,0.0,0.0,0.0,0.0,0.0108569579062953,0.0278449562432814,0.0140110990824876,0.193593146739121,0.0045383416131685,0.0270921284261508,0.0,0.0132256298016268,0.0,0.0,0.0,0.0533489554546707,0.0,0.0,0.0,0.0,0.0,0.0044510367945773,0.139960370332596,0.0250555326292777,0.0,0.0,0.0,0.0,0.0,0.0,0.0054781024233048,0.0,0.0,0.0,0.0,0.0,0.0,0.0487426225502803,0.0,0.0,0.0,0.0,0.0,0.0,0.0078028627480772,0.0,0.0,0.0,0.019101261142818,0.0142334763253551,0.0073319161105722,0.0,0.0,0.0,0.0,0.0159013224616356,0.0671861453864107,0.0,0.0,0.0,0.0,0.0,0.0,0.0,0.0,0.0,0.0,0.0,0.0,0.075393729492141,0.0180145784371301,0.0090074252841362,0.0165531069886735,0.0181754185492166,0.0207144375666167,0.0832078803572314,0.0,0.0,0.0,0.0,0.0686361637579074,0.0318403395129003,0.0,0.0157826129587484,0.0992012730722058,0.0,0.0,0.0,0.0,0.0,0.0417069343284115,0.0155847671510621,0.0159980774288417,0.0210966894682822,0.0469875007892762,0.0065235079777579,0.0124412289872234,0.0,0.0,0.0,0.0,0.0,0.0,0.0
ENTm,0.0388528366536278,0.151689885638886,0.129807473769412,1.02486916979347,0.0112278102801136,0.0595174734919946,0.0872229905429713,0.234569654437189,0.123876405016145,0.0,0.0370821985992445,0.0219367644820899,0.003806167156629,0.0045283085574649,0.487172901112905,0.0,0.0,0.0586499631233903,0.110231377901857,0.137357483520453,0.0504319259370279,0.436810103245071,0.15305593060273,0.0738220588517847,2.56171950215035,0.0550414988022115,0.515892046179644,0.163592360113083,0.0,0.0037872980666743,0.145196533449846,0.0,0.0,0.0172782580502308,0.200115570888624,1.6195596711434,0.0,0.0,0.0,0.0,1.08032473319076,0.0061015254449653,0.0,0.0805302018029825,0.0,0.377785942759419,2.8064480535097,2.67203952000208,0.337424896277265,0.0972827302338602,0.0,0.0,0.0066295354186209,0.0788009113215151,0.0104047380418711,0.0,0.0,0.0424484604388462,0.0326304014839304,0.0,0.0,0.0,0.0816138946594873,0.0,0.0,0.0,0.0,0.0,0.213970144420939,0.0,0.0500333849705555,0.0,0.007226728365595,0.0,0.0278247367377757,0.0419001461558291,0.0069716114017411,0.0,0.0089406561510431,0.347492807241207,0.0210142601485129,0.0150839168645167,0.0,0.0,0.0,0.0,0.0405887198727205,0.0,0.0,0.0,0.0,0.126712497876564,0.0197117927005021,0.106531963751418,0.265167480225372,0.0,0.0088860311650982,0.0,0.0,0.0595488477456318,0.0,0.0334271174110734,0.0,0.0,0.0225849734001969,0.0,0.0,0.0,0.0,0.0768645829718849,0.0921517189434718,0.0758515775789499,0.401555527522381,0.107439266872829,0.100160395267103,0.0083509358578754,0.783884222937734,0.0,0.0,0.0,0.216208775013771,0.0,0.0,0.0041124826792301,0.0,0.0,0.0197237961054296,0.827117039154811,0.102345930605115,0.0100386321785787,0.0,0.0,0.251953655319679,0.0,0.0,0.597427487366178,0.004954781965417,0.0,0.0,0.0,0.0,0.0333780651512748,0.142163673524687,0.0,0.0124291469781263,0.0,0.0,0.0,0.0038944640853493,0.047968475369123,0.0039313384754644,0.0,0.0,0.164451076763485,0.241633416346197,0.284720495494647,0.0219354469227213,0.0043620506558354,0.0,0.0,0.108952261576246,0.205021342076231,0.0,0.0050614783798535,0.0,0.0044743257283368,0.0,0.0,0.0,0.0,0.0,0.0,0.0,0.0,0.18288974402177,0.0459838496069164,0.0225323247428761,0.023149760150975,0.0481845463223292,0.0449553671682802,0.18222217079118,0.0,0.0096350011330301,0.0,0.0,0.4195128071148,0.194423470461716,0.0,0.0680086394238163,0.247441396564401,0.0149485626353803,0.0,0.0,0.0,0.0,0.0802025039721583,0.0573082929666545,0.0585428708088997,0.123127383277419,0.41794759798789,0.14735132290868,0.082598010174957,0.0,0.0042414465609684,0.0,0.0,0.0,0.0,0.0,0.0,0.0174524149527063,0.0215865420067773,0.109743599480944,0.0,0.0,0.0056589114530091,0.0135082812296195,0.0064473394959601,0.0,0.0127927011391348,0.0074349667226909,0.0,0.0,0.054516617912479,0.0,0.0,0.004221849997098,0.0035989623578355,0.0043272464401056,0.0110039625058465,0.0099665385386893,0.0,0.0134418969570334,0.270082432726681,0.007292987734876,0.0504982521066265,0.0,0.0,0.0,0.0038092934642813,0.0,0.0,0.0,0.0046197104970517,0.1451480793653,0.0,0.0,0.0,0.0,0.0662552943749653,0.0,0.0,0.0170639684281762,0.0,0.0146725798944495,0.196110720318371,0.348379227534364,0.0137470465770727,0.0072121326723131,0.0,0.0,0.0,0.0081836403087666,0.0,0.0,0.0,0.003939784403114,0.0,0.0,0.0,0.0,0.0090509856977061,0.0,0.0,0.0,0.0,0.0,0.0,0.0,0.0,0.0,0.0,0.0,0.0,0.0,0.0,0.0,0.0057824735095386,0.0207350149554642,0.0,0.0,0.0,0.0,0.0,0.0,0.0067697929866492,0.0,0.0,0.0,0.0,0.063504456810887,0.0049298423381501,0.0164396637990312,0.0405334719217808,0.0,0.0,0.0,0.0,0.0060824867547705,0.0,0.010065942580722,0.0,0.0,0.0,0.0,0.0,0.0,0.0,0.0042732924734076,0.0091284010186739,0.006968466976132,0.0525537807574144,0.0,0.0065733023918059,0.0,0.0407054864856286,0.0,0.0,0.0,0.0130726122877623,0.0,0.0,0.0,0.0,0.0,0.0092598119325124,0.0421808089716888,0.0092094457607139,0.0040139397543408,0.0,0.0,0.0056246667070778,0.0,0.0,0.0255733595449381,0.0,0.0,0.0,0.0,0.0,0.0,0.0167318046605388,0.0,0.0042206593364326,0.0,0.0,0.0,0.0,0.015468294078352,0.0,0.0,0.0,0.0094707593159346,0.0107251164541909,0.0069638485851924,0.0,0.0,0.0,0.0,0.0219673400424235,0.0152141743208949,0.0,0.0,0.0,0.0,0.0,0.0,0.0,0.0,0.0,0.0,0.0,0.0,0.0192258745998405,0.0083833567096811,0.0053150725077693,0.0041159809871077,0.0085426983686004,0.0054450250842856,0.0297749432902024,0.0,0.0051272926345232,0.0,0.0,0.0122871272317957,0.0061170609025474,0.0,0.0315984454113281,0.0544431010735688,0.0,0.0,0.0,0.0,0.0,0.0058243076156578,0.0,0.007006661335732,0.0048226458694597,0.0176101326159064,0.0,0.0058920466612128,0.0,0.0,0.0,0.0,0.0,0.0,0.0
EPd,0.129227637137778,0.285951759516068,0.112886297331174,1.42403380304401,0.0,0.0188460714703917,0.51221611508023,0.538795382804669,0.234643996601931,0.0,0.0,0.0,0.0,0.0,0.254469236891223,0.0,0.0036865924383438,0.0090775563999057,0.0124910756648651,0.029648156274898,0.0,0.871912619074388,0.369893127712251,0.260737612095437,0.159427057895828,0.0,0.0293220189687333,0.70055905861546,0.0,0.0,0.206940263346757,0.0,0.0,0.11301991119038,0.329384566926092,6.14493326917862,0.0,0.0,0.0,0.0,0.0144683983118686,0.0071198412665945,0.0,0.044591962453372,0.0,0.141093367084381,0.530341173971963,0.107552755518611,0.769934665258063,0.245753086803046,0.0,0.0,0.129110413388594,0.180122481127282,0.13872213800023,0.0137537309176558,0.0,0.0980707431471389,0.0595650971889839,0.0,0.0,0.0,0.167968999360618,0.0,0.0,0.0,0.0,0.0,0.170422248103522,0.0,0.0,0.0,0.0,0.0,0.0449229360281008,0.0,0.0222978525920795,0.0,0.0048180919112874,0.0403060394169192,0.0402092839693752,0.038697357772066,0.0,0.0129025042662872,0.0,0.0,0.279304317458453,0.0,0.0,0.0,0.0,0.0,0.0301387462712568,0.333031567427197,0.875230657293164,0.0331492022367147,0.0254121999755006,0.0,0.0124190466914715,0.0,0.0,0.0205592199476928,0.0,0.0,0.102466788958412,0.0,0.0,0.0,0.0,0.24602130416285,0.16019445644935,0.0804892640567341,1.0106952667847,0.145365997073454,0.22081804387103,0.004738883896852,0.025180917680961,0.0,0.0,0.0,0.0584342129571088,0.0,0.0,0.0,0.0,0.0,0.0038560753899532,1.46583497123571,0.582908404464392,0.0,0.0,0.0,0.0164504210177897,0.0,0.0,0.0087622541067562,0.0,0.0,0.0,0.0,0.0,0.0,0.0171900517084782,0.0,0.0,0.0,0.0,0.0,0.0040806116266899,0.0,0.0,0.0,0.0,0.0062339389530794,0.0115146951133997,0.0094173749786661,0.0046054475842323,0.0,0.0117207812407911,0.0,0.0,0.689452033756875,0.0,0.0,0.0107384719853981,0.0368041773434487,0.0,0.0,0.0,0.0,0.0,0.0,0.0,0.0,0.0974807621816614,0.012457989096333,0.0859324315967881,0.04155143990663,0.0066204585236333,0.189920507534941,0.165725332784332,0.0034627674281045,0.0,0.0,0.0,0.15530768875457,0.153676749936549,0.0,0.0,0.070757951914259,0.0321653103402985,0.0,0.0,0.0,0.0,0.0910655989246401,0.0087998208042291,0.0042140571620847,0.0104076881082891,0.0213346050370792,0.0085957169775458,0.003487152597693,0.0,0.0540626995895148,0.0,0.0,0.0,0.0,0.0,0.0064835966278085,0.0225543633696208,0.0066756705507507,0.318882003935626,0.0,0.0,0.145984966393387,0.0759650543675359,0.0435308516292295,0.0,0.0,0.0,0.0,0.0,0.0261927402952109,0.0,0.0,0.0042275337028452,0.0056214960208047,0.0180406088742987,0.0,0.114842572780296,0.0039422659384875,0.0472132368752445,0.0085573947095755,0.0,0.0069760808477312,0.0251077431234454,0.0,0.0,0.0485881506641236,0.0,0.0,0.0047245853350578,0.0068483259010101,2.38375602968152,0.0,0.0,0.0,0.0,0.0180586817466662,0.0,0.0,0.0,0.0,0.03758841023435,0.0159704906662798,0.0043787263505309,0.063386777169784,0.0100356636093164,0.0,0.0,0.01641466728988,0.045226024150558,0.003439560289508,0.0,0.0,0.0613331227417513,0.0,0.0,0.0,0.0,0.008736837592463,0.0,0.0,0.0,0.0,0.0,0.0120425673440802,0.0,0.0,0.0,0.0,0.0,0.0,0.0,0.0,0.0,0.0,0.0,0.0,0.0,0.0,0.0,0.0,0.0,0.0048100265385962,0.0,0.0,0.0,0.0,0.0,0.0239253303636541,0.0541750726445545,0.127417122827731,0.0,0.0,0.0,0.0,0.0,0.0,0.0,0.0,0.0,0.0290755554759297,0.0,0.0,0.0,0.0,0.0331275375901605,0.0234324101145826,0.0120101624819913,0.316814892631166,0.0,0.0046584013461186,0.0,0.0,0.0,0.0,0.0,0.0038547166047113,0.0,0.0,0.0,0.0,0.0,0.0,0.0412536784511294,0.0465077293185328,0.0,0.0,0.0,0.0043495939686026,0.0,0.0,0.0,0.0,0.0,0.0,0.0,0.0,0.0,0.0037804911801158,0.0,0.0,0.0,0.0,0.0,0.0,0.0,0.0,0.0,0.0,0.0,0.0046776765741578,0.0040757518358823,0.0,0.0,0.0,0.0,0.0,0.100165336116028,0.0,0.0,0.0,0.0,0.0,0.0,0.0,0.0,0.0,0.0,0.0,0.0,0.0150353522270982,0.0,0.0241135309167487,0.0110303192121506,0.0,0.0055709021916788,0.073739779883127,0.0,0.0,0.0,0.0,0.077839771864111,0.0,0.0,0.0,0.0058737315431801,0.0048363503307277,0.0,0.0,0.0,0.0,0.0550460122224786,0.0,0.0,0.0,0.0075146747643531,0.0,0.0,0.0,0.0,0.0,0.0,0.0,0.0,0.0
EPv,0.206337434568203,0.264114102309448,0.115875518672564,1.64527471843882,0.0,0.0922595538100292,0.321768235634086,0.223995586544092,0.219469293086456,0.0,0.0,0.0,0.0,0.0,0.306076373177255,0.0,0.0171373845040631,0.0078241090083507,0.0117256802548552,0.0414996037291557,0.0,0.941050814653708,1.19818947511412,0.763121363383215,0.465338499293216,0.0052164298055778,0.0837078409730946,0.973412226343856,0.0,0.0,0.169359316073065,0.0,0.0,0.336446321421357,0.778386452344321,4.5963467277113,0.0,0.0,0.0,0.0,0.0516267307642591,0.0352778706714163,0.0,0.0593071839347124,0.0,0.194371199244294,0.52804467309328,0.186163687167209,0.413608077199447,0.196321641640256,0.0,0.0,0.077233755216131,0.165551699041851,0.0914709356419071,0.0082175616854841,0.0,0.050923169748218,0.153663331506109,0.0,0.0,0.0,0.233480834476287,0.0,0.0,0.0,0.0,0.0035225141179678,0.289938304533239,0.0,0.0,0.0,0.0,0.0,0.152434158033853,0.0,0.0617624503611703,0.0044406813170932,0.0112853837607816,0.130007802861189,0.16614530880104,0.0612593032475312,0.0,0.0218370247149178,0.0035568449433997,0.0,1.18300973943883,0.0,0.0,0.0,0.0,0.003931305099723,0.0147026559418307,0.105693473788435,0.450637384906391,0.159125647582262,0.125203602756648,0.0,0.0191557525628387,0.0057548131887721,0.0,0.0677040327619595,0.0,0.0,0.102264187228306,0.0,0.0,0.0,0.0049927930871836,0.188423663947043,0.176381259031073,0.0709481614245036,0.977582200788637,0.57197808592932,0.218185982217807,0.0113119222081292,0.029151192124406,0.0039734145433309,0.006189440572372,0.0,0.0388039662468194,0.0,0.0037246572198626,0.0,0.0,0.0,0.0172932110343597,0.672590879502433,0.538616283828896,0.0056890723217591,0.0,0.0,0.0154697230952782,0.0,0.0,0.0115934302394194,0.0,0.0,0.0,0.0,0.0,0.0104582416920806,0.0153560029685928,0.0123631091197009,0.0145960493746727,0.0,0.0068629110713711,0.0,0.0203078947023538,0.0038214601344303,0.0,0.0,0.0,0.0051399516594998,0.009596560161956,0.0087338285857529,0.0157264234101828,0.0125189024563944,0.003643268942073,0.0,0.0,0.877532034385181,0.0,0.0,0.0,0.0083431940981631,0.0,0.0,0.0,0.0,0.0,0.0,0.0,0.0,0.0582717539953541,0.0092278540199182,0.0411426423870619,0.0201174849800757,0.005366267608838,0.0816575934133144,0.0881873636039288,0.0,0.007884820254068,0.0,0.0,0.223884316801798,0.239486597504704,0.0,0.0,0.100299857492463,0.146581584513286,0.0,0.0,0.0,0.0,0.060813143420748,0.0076365333088207,0.0036311823966211,0.0084215645146381,0.0144437631458735,0.008756764306125,0.0,0.0,0.247464162028984,0.0,0.0,0.0,0.0037841368669992,0.0,0.0075331010875001,0.0207021315465324,0.0135790802073479,0.323292304541248,0.0,0.0,0.0835580403081576,0.0623917292045413,0.040676367072634,0.0,0.0,0.0,0.0,0.0,0.0305971610073694,0.0,0.0,0.0035446285404605,0.0036363492487598,0.0163434277808047,0.0,0.0919551932163784,0.0120334047190393,0.0700043277611213,0.0,0.0,0.003616624107527,0.0254584838827065,0.0,0.0,0.0405874073038828,0.0,0.0,0.0040741787061804,0.017320540014805,1.49303004166158,0.0,0.0,0.0,0.0,0.0374041492374721,0.0,0.0,0.0,0.0,0.0352964030652949,0.0149078038978636,0.0,0.0475832245818906,0.0103501681825558,0.0,0.0,0.0109074574023187,0.0353545896669102,0.0,0.0,0.0,0.0282178209618329,0.0,0.0,0.0,0.0,0.0148660067991844,0.0,0.0,0.0,0.0,0.0,0.0115557922596855,0.0,0.0,0.0,0.0,0.0,0.0039645436736253,0.0,0.0,0.0036579675777284,0.0,0.0042920267129327,0.0,0.0,0.0,0.0,0.0,0.0,0.0149038904070208,0.0,0.0,0.0,0.0,0.0,0.0054485241664617,0.0149778284728378,0.0429989091356646,0.0,0.0,0.0,0.0,0.0,0.0,0.0065236414727871,0.0,0.0,0.0213782192267481,0.0,0.0,0.0,0.0,0.0251611483945079,0.0274481980423215,0.0095408599003924,0.284056516862118,0.0056390332721167,0.0099319913716385,0.0,0.0,0.0,0.0,0.0,0.0043039942853583,0.0,0.0037149620011158,0.0,0.0,0.0,0.0,0.0431777603901217,0.0404726604965821,0.0,0.0,0.0,0.0079306744978384,0.0,0.0,0.0,0.0,0.0,0.0,0.0,0.0,0.0,0.0,0.0,0.0,0.0,0.0,0.0,0.0037328031421534,0.0,0.0,0.0,0.0,0.0,0.0037214389027876,0.0065422726836743,0.0,0.0,0.0,0.0,0.0,0.102763821577369,0.0,0.0,0.0,0.0,0.0,0.0,0.0,0.0,0.0,0.0,0.0,0.0,0.0116859907782204,0.0,0.0094773935096213,0.0050614030162715,0.0,0.0,0.0394878004150121,0.0,0.0,0.0,0.0,0.0713196791853115,0.0,0.0,0.0,0.019087265794857,0.0169197842611443,0.0,0.0,0.0,0.0,0.0331533711659258,0.0,0.0,0.0,0.0,0.0,0.0,0.0,0.0120434306489052,0.0,0.0,0.0,0.0,0.0
FL,0.0,0.0,0.0,0.0,0.0,0.0,0.0,0.0,0.0,0.0,0.0,0.0,0.806347802865191,0.0,0.0,0.0,0.0,0.0,0.0,0.0,0.0,0.0,0.0,0.0,0.0,0.0,0.0,0.0,0.0,0.0,0.0,0.0,0.0,0.0,0.0,0.0,0.0,0.035187079380657,0.0,0.0166579423961663,0.0,0.0,0.0672660779933095,0.0,0.0,0.0,0.0,0.0,0.0,0.0,0.209016007848475,0.0,0.0,0.0,0.0,0.0,0.0,0.0,0.0,0.0,0.0,0.0,0.0,0.0,0.0,0.0549091184176109,0.0,0.0,0.0,0.0,0.0,0.0,0.0,0.0,0.0,0.0,0.0,0.0,0.0,0.0,0.0,0.0,0.0,0.0,0.0,0.0,0.0,0.0,0.0,0.0,0.0,0.0,0.0,0.0,0.0,0.0,0.0,0.0,0.0,0.0,0.0,0.0,0.0,0.0,0.0,0.007326770205462,0.0,0.0,0.0,0.0,0.0,0.0,0.0044423471302277,0.0,0.0,0.0,0.0,0.0,0.0061597994323741,0.0,0.0,0.0,3.27276133432743,0.0748009124707453,0.0,0.0,0.0,0.0036728039736752,0.0,0.0,0.0,0.0,0.0,0.0,0.0073695416386176,0.0,0.112222187682879,0.0,0.0,0.0,0.0,0.0,0.0,0.0,0.0,0.0,0.0,0.0,0.0,0.0,0.0,0.0,0.0,0.0,0.0,0.0,0.0,0.0,0.0,0.0,0.0,0.0,0.493237430461942,0.0,0.0,0.0,0.0,0.0,0.0,0.0,0.0,0.0,0.0,0.0,0.0,0.0,0.0,0.0,0.0,0.0,0.0,0.0,0.0,0.0,0.0,0.0,0.0,0.0095740714430441,0.0,0.0,0.0,0.0,0.0,0.0,0.0,0.0,0.0,0.0,0.0,0.0,0.0,0.0,0.0,0.0,0.0,0.0,0.0,0.0,0.0,0.0,0.0,0.0,0.0,0.0,0.0,0.0,0.0,0.0,0.0,0.0,0.0,0.0117332705964947,0.0,0.0,0.0,0.0,0.0,0.0,0.0,0.0,0.0,0.0,0.0,0.0,0.0,0.0,0.0,0.0,0.0,0.0,0.0,0.0,0.0,0.0,0.0,0.0,0.0,0.0,0.0,0.0097335098307514,0.0,0.0,0.0,0.0,0.0,0.0,0.0,0.0,0.0,0.0,0.0,0.0,0.0,0.0,0.0,0.0,0.0,0.0,0.0,0.0,0.0,0.0,0.0,0.0,0.0,0.0,0.0,0.0,0.0,0.0,0.0,0.0,0.0,0.0,0.0,0.0,0.0,0.0,0.0,0.0,0.0,0.0,0.0,0.0,0.0,0.0,0.0,0.0,0.0,0.0,0.0,0.0,0.0,0.0,0.0,0.0,0.0,0.0057847765717159,0.0,0.0,0.0052744873922719,0.0,0.0,0.0,0.0,0.0,0.0,0.0,0.0,0.0,0.0,0.0,0.0,0.0,0.0,0.0,0.0,0.0,0.0,0.0,0.0,0.0,0.171928619510522,0.0,0.0,0.0,0.0,0.0,0.0,0.0,0.0,0.0,0.0,0.0,0.0,0.0,0.0,0.0,0.0,0.0,0.0,0.0,0.0,0.0,0.0,0.0,0.0,0.0,0.0,0.0,0.0,0.0,0.0,0.0,0.0,0.0,0.0,0.0,0.0,0.0,0.0,0.0,0.0,0.0,0.0,0.0,0.0,0.0,0.0,0.0,0.0,0.0,0.0,0.0,0.0,0.0,0.0,0.0,0.0,0.0,0.0,0.0,0.0,0.0,0.0,0.0,0.0249696285883272,0.0,0.0,0.0,0.0,0.0038122577853581,0.0,0.0,0.0,0.0,0.0,0.0,0.0,0.0,0.0,0.0,0.0,0.0,0.0,0.0,0.0,0.0
FN,0.0,0.0,0.0,0.0,0.0,0.0,0.0,0.0,0.0,0.0,0.0,0.0,0.0795300173280836,0.0,0.0,0.0,0.0,0.0,0.0,0.0,0.0,0.0,0.0,0.0,0.0,0.0,0.0,0.0,0.630244607658196,0.0,0.0,0.0044671617219885,0.0132418139155427,0.0,0.0,0.0,0.0,0.83260177349069,0.0,0.0,0.0,0.0,0.0,0.0,0.0,0.0,0.0039728429980274,0.0,0.0,0.0,0.0,0.623293950615159,0.0,0.0,0.0,0.0,0.34311410075966,0.0,0.0,0.0,0.0036041695965441,0.0,0.0,0.0,0.0,0.178381213852958,0.0,0.0661493120234764,0.0,0.082948597543757,0.0,0.0,0.0,0.0,0.0,0.0,0.0,0.0196704509918261,0.0,0.0,0.0,0.0,0.0263141982051774,0.0045380982218116,0.0314676171914986,0.0539104808511047,0.0,0.0,0.0,0.0,0.0,0.0,0.0121738586359874,0.0,0.0,0.0,0.0,0.0,0.0297720125037506,0.0,0.383156710459845,0.0,0.0,0.0,0.0,0.40004180295158,0.0,0.0,0.015564754535049,0.0,0.0,0.0,0.0054473987317667,0.0,0.0,0.0127678283339507,0.0,0.150519936642084,0.0776700730113551,0.0,0.0,0.0,0.0086276781515152,0.0063705401087593,0.0676802203930903,0.0149691796887855,0.0,0.0067707645834077,0.0,0.0,0.0,0.0,0.0,0.0,0.0296625072114879,0.0,0.0582603900759923,0.0889701264143048,0.0107520538775656,0.027169843702214,0.0149216070098697,0.0,0.0,0.0,0.0,0.0,0.0,0.102654468699727,0.0,0.0,0.004315323637089,0.0,0.0,0.0,0.0,0.0,0.0,0.0,0.0,0.0,0.0,0.0,0.0731461182961828,0.0035359425788219,0.0,0.0,0.0,0.0,0.0,0.0,0.159335717358854,0.0,0.0098826424200754,0.0188073986968182,0.0,0.0,0.0,0.0,0.0,0.0,0.0,0.0,0.0,0.0093182762177164,0.106619046643339,0.0,0.0,0.0,0.0,0.0,0.0037410200552368,0.0128924645506999,0.0235649132564078,0.0,0.0,0.0,0.0,0.0,0.0,0.0,0.0,0.0,0.0119435880469226,0.0,0.0,0.0,0.0,0.0,0.0,0.0,0.0,0.0,0.0,0.0,0.0,0.0,0.0,0.0,0.0,0.0,0.0,0.0649133596472161,0.0,0.0,0.0420980964321341,0.0,0.0,0.0,0.0,0.0,0.0,0.0,0.0,0.0,0.0,0.0,0.0,0.391222415866958,0.0116775024913415,0.0,0.0055502069995431,0.0115909455205581,0.0,0.0,0.0042473674821652,0.0,0.399593606353584,0.0,0.0,0.0107579048099017,0.0,0.0,0.0,0.0,0.0,0.0,0.0,0.0,0.0,0.0,0.0876597999982606,0.0,0.0,0.0,0.0,0.896133960788179,0.0,0.0,0.0,0.0,0.0,0.0,0.0,0.0274980305081522,0.0733269255692132,0.0,0.474244183455118,0.0,0.169725410309381,0.0,0.0,0.0,0.0,0.0,0.0,0.0,0.0474729338620342,0.0,0.0,0.0,0.0,0.066603828761014,0.0199878326865696,0.0557095612500278,0.275939663260076,0.0,0.0,0.0,0.0,0.0,0.0,0.0070551379028591,0.0,0.0,0.0,0.0,0.0,0.243061015871971,0.0,0.631359406899938,0.0057899753140955,0.0,0.0,0.0,0.174771880749326,0.0,0.0,0.0372424144556153,0.0,0.0,0.0,0.0042433962812744,0.0,0.0,0.0542854491232655,0.0,0.203587706049885,0.132131618784149,0.0103003128285623,0.0,0.0216129283395168,0.0037917004981961,0.0043563578975056,0.104617166821949,0.0372524835443302,0.0,0.0035379137370867,0.0,0.0,0.0173379841080649,0.0,0.0,0.0,0.0082675682474886,0.0,0.0451060159760917,0.289477244036846,0.0924559838816335,0.0437153283723475,0.015175666488903,0.0,0.0,0.0,0.0,0.0,0.0,0.081949914456062,0.0,0.0,0.0,0.16778041930741,0.0,0.0,0.0,0.0,0.0,0.0,0.0341217637067459,0.0,0.0,0.0,0.017723758475672,0.0085965028103142,0.0,0.0,0.0,0.0,0.0,0.003692756669544,0.326521481415016,0.0,0.0064598226849762,0.0207936202191166,0.0,0.0,0.0,0.0,0.0,0.0,0.0,0.0,0.0,0.0187694688023141,0.0323322559098208,0.0,0.0,0.0153563104226953,0.0,0.0061133234738554,0.0,0.0205263042090181,0.168887264384834,0.0,0.0036295166047282,0.0,0.0,0.0,0.0,0.0,0.0,0.0,0.105941028798222,0.0,0.0421098854192583,0.0229047852777975,0.0079100655607332,0.0,0.0
FRP,0.0209807535728147,0.222000819351631,0.0830861646538054,0.369671148215615,0.0,0.0,1.9871931412508,0.12107366020853,0.262329062231324,0.0,0.0174586241494873,0.024586750617529,0.0073613856700842,0.0430861777770133,0.048096066127873,0.0365857179053357,0.0,0.0066219565845681,0.0051525608841824,0.0053973971161545,0.0057789140406725,0.0998068476492254,0.010336109951145,0.014494477383451,0.005277581537815,0.0,0.0061524012512105,0.074474531587098,0.0,0.0504482327290096,0.0825790851636414,0.0036460656507746,0.0721852090802643,0.0049432370169867,0.0052230884660778,10.4958207816058,0.0392503117130521,0.0,0.0,0.0,0.0036602217001605,0.0,0.0,0.0286787700552919,0.0151119313434375,0.0651295546995233,0.0319428929719393,0.0,0.0352528417236851,0.0035186366837312,0.0,0.0,1.84709814140775,0.033422485777979,0.175709192994582,0.0451671828154424,0.0088056855220539,0.165117982955317,0.0,0.0,0.0,0.0,0.0740552148860822,0.0495764918682259,0.0,0.0,0.0177448253559872,0.0118867410574757,0.0100083650083326,0.0,0.0,0.0,0.0,0.0081479039512901,0.0793975247873333,0.0055243313447773,0.0088813329743513,0.0,0.0,0.0091383470180111,0.0,0.0157245791112489,0.0046661618970675,0.42729179715066,0.0,0.0,0.0094408635455139,0.0,0.0,0.0,0.0,0.0,0.0713634032055044,2.23754314265245,7.19308610256559,0.0,0.0,0.0,0.580763723962983,0.0,0.0,0.0148871457212169,0.0,0.0,0.0,0.0,0.0040518143761205,0.0046180395778554,0.0,1.48440990678696,0.199919959452998,0.4417489182404,0.0622328097248299,0.0,0.0,0.124673520695304,0.0,0.0093551192821283,0.0160386814074608,0.008721682040257,0.0402206017922762,0.10297547727226,0.0038770691057457,0.0763472377171944,0.0,0.0,0.0174637503344076,0.0728956687505368,0.49822405825167,0.0,0.10774851231634,0.0047868633411653,0.0,0.0,0.0229817347360512,0.0,0.0,0.0099008840596222,0.0421730220198828,0.0,0.0,0.0101624996400886,0.0235383557442049,0.0,0.0227511739351968,0.0,0.0,0.0,0.0,0.0210598164018608,0.0270704407034497,0.0161300283158473,0.0102635799431476,0.0373741444184499,0.0280362875335374,0.0066945810834798,0.139801710695481,0.0,0.463844027883745,0.0110086111788501,0.0,0.173782592245437,0.0,0.0813552010140779,0.0336413538711348,0.135120547653225,0.0,0.0174630309483962,0.004228689821124,0.0137002137007369,0.0,0.0,0.0,0.0,0.0681531985358717,0.0124703422998631,0.421669504195464,0.126078087712728,0.0101745743396353,0.106990957447068,0.483505993276551,0.0268819761241689,0.0035079100382978,0.0,0.0,0.049605460248684,0.0,0.0285311799346298,0.0,0.0205230156939455,0.0039013788954358,0.0,0.198427907963529,0.0,0.0,0.299867401967889,0.0051980250968824,0.0153211530842053,0.0051746394030207,0.0272361844844437,0.0,0.0130939964122078,0.246694841903997,0.0,0.0058779058216158,0.0125837041021582,0.040922448250678,0.0498348158664627,0.0,0.0,0.0435066118162033,0.0173682962078224,0.145163215676617,0.0,0.0,1.36762512865234,0.0402965545731684,0.14589270339254,0.0,0.0,0.0,0.0042129256765958,0.0,0.0106769721840199,0.0,0.0,0.0,0.0,0.0,0.0,0.0350301517465531,0.0,0.0,0.0107652236111814,0.0,0.0129002633385361,0.0132185244162399,0.0,0.0120888476716319,0.0608282942821524,0.0,0.0428449799406505,0.0,0.0071601287410835,5.3358973964432,0.0202372089201215,0.0,0.0,0.0,0.0137428924450657,0.0,0.0,0.0064330356266434,0.0055065403883605,0.0193086605496074,0.0063197437172442,0.0,0.0379039017330182,0.0,0.0,0.0,0.530727488019604,0.0070937293506823,0.0065508203678104,0.0,0.0152044938092777,0.136254137362373,0.0,0.0,0.0,0.0,0.0203619926479686,0.0257462831127062,0.0,0.0,0.0,0.0238392474215341,0.0046896700609202,0.0,0.0,0.0,0.0,0.0,0.0,0.0,0.0,0.0,0.0,0.0037336305736706,0.0,0.0,0.0057280151336104,0.16190714276714,0.0089267770545427,0.0048396465006,0.00427816091757,0.0,0.0,0.0,0.0,0.0,0.0259569148705948,1.09801823109975,3.41595937737516,0.0,0.0,0.0,0.0694838895804639,0.0,0.0,0.0034556916445811,0.0,0.0,0.0,0.0,0.0044979093189845,0.0,0.0037875608414126,0.678680713605268,0.094628570688721,0.139399741976783,0.0235665646825336,0.0,0.0,0.0741469376293731,0.0,0.0213975090681958,0.0112359362964583,0.0081445853026762,0.0072738898725821,0.0506674209857089,0.0,0.0199345828446683,0.0,0.0,0.005608730739579,0.0273851227856656,0.173647690327546,0.0,0.0176385761117593,0.0,0.0039486694293839,0.0,0.0159769856016251,0.0,0.0,0.0208597552062858,0.009915870421511,0.0,0.0,0.0052718980431994,0.0,0.0,0.0081967974715406,0.0,0.0,0.0,0.0,0.011296313335538,0.0156229162350573,0.0,0.0,0.0,0.0,0.0034927635727058,0.0,0.0,0.0540227828918034,0.0099945848605913,0.0,0.0100237791872027,0.0,0.0361021856146355,0.0,0.0060339252390123,0.0,0.0097327394855215,0.0,0.0,0.0,0.0,0.0,0.0,0.0133457884645943,0.0,0.15970027907145,0.0290732242216566,0.0,0.0322098816750447,0.133814133162432,0.0,0.0,0.0,0.0,0.0108432025346515,0.0,0.0058046727102543,0.0,0.0055060115961104,0.0,0.0,0.0239356113594273,0.0,0.0,0.0914633598337149,0.0,0.0,0.0,0.0,0.0,0.0,0.0415121755001446,0.0,0.0,0.0,0.0206185340287952,0.0,0.0
FS,0.107813537350803,0.0036837478077041,0.0,0.388309276756345,0.0,0.00627714738533,0.130555570464691,0.156272151276763,0.113333315794963,0.0,0.0,0.0,0.0,0.0,0.104861724986544,0.0,0.0,0.0,0.0,0.0,0.0,0.18687586939812,0.0680746969556635,0.0492164628520459,0.0190987850797652,0.0,0.0,0.261622586397007,0.0,0.0,0.0117831600174386,0.0,0.0060596347252546,0.0362243262023158,0.0272663701987976,3.85353927686515,0.0,0.0,0.0,0.0,0.0073188149141494,0.0036894975383051,0.0,0.0078855728858032,0.0,0.0252678554311821,0.0578572101720813,0.007183381502632,0.184770149891857,0.0978176600395271,0.0,0.0,0.0050948568075303,0.357608225581506,1.13705565689401,0.316627748752203,0.0,0.0681998008649347,0.009894463486968,0.0,0.0,0.0,0.0059103950723852,0.0061525579219057,0.0,0.0,0.0,0.0093442086727895,0.0186382306527904,0.0,0.0,0.0,0.0,0.0041971770695365,0.158244991753299,0.0,0.0145714170121853,0.0,0.0,0.0035987331774835,0.0,0.0616382135444453,0.0,0.0409525011214885,0.0,0.0,0.0790243788286047,0.0,0.0,0.0,0.0,0.0,0.0557958483652833,0.132356625307531,0.0878396033160632,0.0035444489752215,0.0056292626860265,0.0,0.189956546406378,0.0,0.0,0.0227932756178867,0.0,0.0,0.0127853910335343,0.0,0.0,0.0,0.004045746464701,0.0161509734335418,0.0085264126361036,0.0105847346767665,0.211319717939102,0.0112267459627357,0.0376295774132974,0.0172049474766484,0.0,0.0136316670065088,0.020596306822551,0.0,0.0096941805841531,0.0123426203952268,0.0,0.0,0.0,0.0,0.0057284290551905,0.85873206382178,0.0063941636275338,0.0,0.0,0.0,0.0,0.0,0.0138620244503572,0.0,0.0039151157845908,0.0038839083309729,0.0,0.0,0.0,0.0,0.0,0.0,0.0044148288772699,0.0,0.0,0.0,0.0,0.0,0.0,0.0,0.0200204997049356,0.0,0.0,0.0,0.0739644955873371,0.0,0.0053906017733392,0.0,0.0,0.741538273806625,0.0,0.0,0.273287204918333,1.14220672237418,0.0,0.0,0.0,0.0,0.0,0.0,0.0,0.0,0.0046931385003504,0.0,0.0460425393103795,0.0108697699442185,0.0,0.0052580469067903,0.038123022467365,0.159975952635646,0.0,0.0,0.0,0.0047552080178351,0.0175049983823361,0.0,0.0,0.0305620868429022,0.0108567524428315,0.0,0.0,0.0,0.0,0.0521853374999833,0.0,0.0,0.0,0.0,0.0,0.0,0.010742668723107,0.0123593767332188,0.0,0.0,0.0054093270903675,0.0317143810002957,0.0,0.0,0.0,0.0034509648412387,0.0,0.0,0.0,0.0119835870005695,0.0100186034862098,0.0,0.0,0.0,0.0,0.0,0.0,0.0062779241891055,0.0,0.0,0.0,0.0,0.0,0.0,0.0074099412882875,0.0,0.0,0.0,0.0,0.0,0.0,0.0,0.0,0.0,0.0,0.0,0.0,0.0,0.0077739791870784,0.0,0.0,0.0,0.0,0.024864575696097,0.0,0.0,0.0,0.0,0.0035811732463858,0.0,0.0066577198742248,0.0,0.0,0.0,0.0,0.0,0.0,0.0,0.0,0.0,0.0092230014691907,0.0,0.0,0.0,0.0,0.0,0.0,0.0,0.0,0.0,0.0,0.0,0.0,0.0,0.0,0.0,0.0,0.0,0.0,0.0,0.0,0.0,0.0,0.0,0.0,0.0,0.0,0.0,0.0,0.0,0.0,0.0,0.0,0.0,0.0,0.0039018873587967,0.0508967756640036,0.0335593357345007,0.0,0.0,0.0,0.0,0.0,0.0,0.0044880879429071,0.0,0.0,0.0,0.0,0.0,0.0,0.0,0.0,0.0039855538989293,0.0,0.0040272485272981,0.0,0.0,0.0,0.0,0.0,0.0,0.0,0.0,0.0,0.0,0.0,0.0,0.0,0.0,0.0050536829178531,0.0,0.0,0.0,0.0,0.004517073107384,0.0,0.0,0.0,0.0,0.0,0.0,0.0,0.0,0.0,0.0,0.0,0.0,0.0,0.0,0.0,0.0,0.0,0.0,0.0,0.0,0.0,0.0,0.0,0.0,0.0,0.0,0.0,0.0,0.0,0.0,0.0,0.0,0.0,0.0,0.0,0.0,0.0,0.0,0.0,0.0,0.0,0.0,0.0,0.0042030319737841,0.0,0.0,0.0,0.0,0.0,0.0,0.0,0.0,0.0,0.0,0.0,0.0,0.0092443435297258,0.0,0.0,0.0,0.0,0.0,0.0203258736759458,0.0,0.0,0.0,0.0,0.0,0.0,0.0,0.0,0.0,0.0,0.0,0.0,0.0
GPe,0.0858582970434258,0.207073970355603,0.0277018512323352,0.204254360633059,0.0,0.0068423641424934,0.312440772010808,0.0887663215879727,0.118380905038319,0.0,0.0225417994916243,0.0355098813961112,0.0179959373767872,0.0,0.0581924097463693,0.0099994784459257,0.0,0.0199370844472993,0.0053861632501617,0.0179383544755138,0.0141055178914659,0.195023643967805,0.0605107832195463,0.117794452164048,0.0,0.0,0.0,0.190621427812617,0.0,0.124658573159746,0.0658164245669714,0.0,0.143019966339383,0.017649660516408,0.0263445978403221,3.65613682144543,0.0,0.0036363876831881,0.0100549996387372,0.0,0.0,0.00449437620613,0.0,0.0124622914168161,0.0,0.072393360670457,0.019041630080501,0.0,0.0692514719817369,0.0331676158207173,0.0,0.0,0.037580663975552,0.0625988881260063,1.04678176815505,0.205708042827347,0.0071870652533037,0.0372953038583601,0.0094809193845351,0.0,0.0,0.0,0.0349807016910885,0.0528820225525916,0.0,0.0,0.0,0.0176042542071564,0.103686939433079,0.0,0.0,0.0,0.0,0.0968079226968161,0.304016360638159,0.0129162619920129,0.027195713261301,0.0,0.0,0.0106519627400843,0.0056819967813329,0.0340520132682719,0.009140925936389,0.769110202556801,0.0,0.0,0.0592613492494637,0.0,0.0,0.0,0.0038698548644604,0.0,0.0318546616440383,0.0995092965371242,0.262575894759618,0.0040339638654094,0.0089789748329145,0.0,0.305750343453218,0.0,0.0,0.0167706775585719,0.0,0.0,0.0693442044734826,0.0,0.0,0.0106845388274612,0.0050186725334768,0.0743723475610025,0.0759007932812185,0.0569837315561776,0.10400745870852,0.0,0.0256254165953965,0.064782634565332,0.0,0.0181937842228565,0.0184064688269468,0.0,0.0069559255027164,0.51273445430182,0.014385609880972,0.0051922092310292,0.0,0.0,0.0182215186104197,0.104055811177665,0.219922530296494,0.0,0.0630929655158216,0.0034705281874881,0.0,0.0047142818268138,0.0210923358106075,0.0,0.0049798553926829,0.0193823398256541,0.0115530946112036,0.0,0.0,0.0060095242907115,0.0099125233920542,0.0,0.0200127587327462,0.0,0.0,0.0,0.0,0.0065944563327118,0.0107060276113356,0.0088283335902649,0.033468428976573,0.0102646975117648,0.0058781174064983,0.0038024618687076,0.828533059672181,0.0,0.0109097971065314,0.0,0.0,0.626321212243981,0.0063043117841321,0.0211156051732072,0.175264920326747,0.655166884411476,0.0,0.0111478983963626,0.0,0.00955552717949,0.0,0.0,0.0,0.0,0.0347789754087046,0.0284441814854532,0.0459268687969361,0.0094495742992002,0.0157403141243502,0.0294120784107254,0.0868961554571895,0.306235206972172,0.0,0.0,0.0,0.0803639572363911,0.0169528444114817,0.0060071040256554,0.0,0.0185885178826333,0.0053962029281157,0.0,0.241448222244413,0.0,0.0,0.0313430040346779,0.0,0.0,0.0,0.0,0.0,0.0,0.206650196053822,0.0,0.0597769510209215,0.0442416644782535,0.0292768866399222,0.159452612967391,0.0,0.0,0.0,0.0,0.0090542318965558,0.0,0.0,0.0072504379057665,0.0079038735863803,0.0037783888919051,0.0,0.0,0.0,0.0179122360339873,0.0,0.0,0.0,0.0,0.0,0.0,0.0,0.0,0.0429017822252215,0.0,0.0,0.0,0.0,0.0,0.0,0.0,0.0100196097840774,0.0,0.0,0.0469398356645977,0.0,0.0,0.070730962840664,0.0,0.0066690317000396,0.0,0.0,0.0129076754588992,0.0,0.0,0.0,0.0,0.0,0.0,0.0,0.0084121653524812,0.0,0.0,0.0,0.0,0.0040442841833439,0.0,0.0,0.0,0.0,0.0,0.0,0.0,0.0,0.0,0.0181359697497517,0.0,0.0,0.0,0.0,0.0049718719931301,0.0,0.0,0.0,0.0,0.0188294903893961,0.0,0.0,0.0,0.0,0.0,0.0,0.0,0.0,0.0,0.074935267734401,0.0,0.0,0.0,0.0,0.0,0.0,0.0,0.0,0.0,0.0,0.0,0.0,0.0,0.0,0.0,0.0,0.0,0.0082096894957625,0.0,0.0,0.0,0.0,0.0,0.0,0.0,0.0,0.0,0.0,0.0073760589659426,0.0,0.0,0.0047366121787935,0.0,0.0,0.0,0.0,0.0,0.0542221597658152,0.0286789694556442,0.0,0.0,0.0,0.0,0.0054810723980282,0.0040523613300101,0.0,0.0,0.0,0.0,0.0,0.0,0.0,0.0,0.0,0.0,0.0,0.0,0.0,0.0,0.0,0.0046310434124521,0.0,0.0,0.0,0.0,0.0,0.0057198365543706,0.0,0.0,0.0,0.0,0.0,0.0107207983355496,0.0,0.0,0.0,0.0,0.0,0.0124470825827613,0.0039699944495388,0.0,0.0,0.0,0.0,0.0,0.0,0.0,0.0,0.0,0.0,0.0,0.0,0.0,0.0,0.0,0.0,0.0,0.0,0.0,0.0,0.0,0.0,0.0,0.0,0.0,0.0,0.0,0.0,0.0,0.0,0.0,0.0,0.0,0.0,0.0,0.0,0.0,0.0,0.0034814023596559,0.0,0.0,0.0,0.0,0.0,0.0
GPi,0.262433270603615,0.0943790692086204,0.0115934646914614,0.428066989194342,0.0,0.0,0.475466144625014,0.174001676607235,0.283557484160013,0.0,0.0116784553163746,0.0172866458252553,0.0074856620029636,0.0055460992116088,0.144899997114603,0.0052892877713151,0.0,0.0082279403922894,0.0,0.0080030522690145,0.0057459239099687,0.406259970303485,0.135448135707871,0.108886828958147,0.0077489835085079,0.0,0.0,0.434371228699262,0.0,0.0507084957259124,0.0742236032068142,0.0,0.0674437750925814,0.0496426849958518,0.0195477380275004,2.32294802363264,0.0,0.0,0.0050027279915786,0.0,0.0,0.0,0.0,0.0179720486315448,0.0042187900424648,0.0736229488144683,0.0506052867688309,0.0,0.203530266398329,0.103747935269756,0.0,0.0,0.0650341258365846,0.154566424631817,0.509642200114928,0.11174510871379,0.0040971651778816,0.0526053746257062,0.0251671505250947,0.0,0.0,0.0,0.0476178912314771,0.0375980771644059,0.0,0.0,0.0,0.018857553937928,0.0910647362409787,0.0,0.0,0.0,0.0,0.0472748103295666,0.304966960597413,0.0053889244285456,0.0294254599088941,0.0,0.0,0.0045772009602822,0.0,0.0898693227632668,0.0045486438336249,0.369539235156392,0.0,0.0,0.135159354634289,0.0,0.0,0.0,0.0,0.0,0.0973939748249932,0.0787375699924195,0.166089665769612,0.0,0.0039218597841606,0.0,0.263321138239063,0.0,0.0,0.0340505664568304,0.0,0.0,0.222662472902329,0.0,0.0,0.0052910551195196,0.0124333009346247,0.112249999963008,0.15660020060107,0.0761460290674328,0.317151492605293,0.0,0.0464061303442729,0.0603880937016102,0.0,0.0353849385916798,0.0405578438544153,0.0,0.0139043676841549,0.211802976580656,0.0059499671445475,0.0048217356384771,0.0,0.0,0.0122060759989605,0.313189329565385,0.197727093828302,0.0,0.026087529229098,0.0,0.0,0.0,0.0238573420928038,0.0,0.0,0.0110029399561392,0.0065916302382768,0.0,0.0,0.0035777846199997,0.0046609646979684,0.0,0.0145992414338422,0.0,0.0,0.0,0.0,0.0041875738381085,0.005837451127221,0.0098786159546092,0.0291363974662934,0.0042777094869441,0.0,0.0,0.387271502175459,0.0,0.0082687119947294,0.0,0.0,1.08675523927516,0.0,0.0147524403145299,0.087190425728581,0.284118272306451,0.0,0.0071850325860313,0.0,0.0054454240980863,0.0,0.0,0.0,0.0,0.0157854690141352,0.0246264333629462,0.0289900351315079,0.0062629760852444,0.0067154110406826,0.0539520611431804,0.0526084999023227,0.136706730453099,0.0,0.0059132231209712,0.0,0.0476096633976267,0.0373230767417395,0.0056368420866687,0.0,0.0485738411528602,0.0,0.0,0.0997350495882651,0.0,0.0,0.0493587810935033,0.0,0.0,0.0,0.0,0.0,0.0,0.103510683943751,0.0,0.0279959299797701,0.0180139293119789,0.0187069910837705,0.109932850666653,0.0,0.0,0.0,0.0,0.0300638802727994,0.0,0.0,0.0234170880113042,0.0256062064029025,0.0121580659662964,0.0,0.0,0.0,0.0072829223805254,0.0,0.0,0.0,0.0,0.0,0.0,0.0,0.0,0.142301380506146,0.0,0.0099524990799701,0.0,0.0,0.0,0.0073688747235076,0.0,0.0041280638179964,0.0076227723086513,0.0,0.0234321010840067,0.0,0.0,0.23365834103672,0.0,0.0,0.0,0.0,0.0074930779552535,0.0,0.0,0.0,0.0,0.0,0.0,0.0,0.0276895347537159,0.0097681462624644,0.0,0.0,0.0080784918882642,0.0134339627707149,0.0,0.0,0.0,0.0062275540361436,0.0,0.0,0.0,0.0,0.0,0.0149993839356936,0.0,0.0,0.0,0.0,0.0164320903819313,0.0,0.0,0.0,0.0,0.0095599322725745,0.0,0.0,0.0,0.0,0.0,0.0,0.0,0.0,0.0,0.0469006268137984,0.0,0.0,0.0,0.0,0.0,0.0,0.0,0.0,0.0,0.0,0.0040300129799324,0.0,0.0,0.0,0.0,0.0,0.0,0.003869881243232,0.0,0.0,0.0,0.0,0.0,0.0,0.0,0.0,0.0060522708638007,0.0,0.0163015369010136,0.0,0.0,0.0075980142952631,0.0,0.0,0.0,0.0,0.0,0.02339779634925,0.011677413169081,0.0,0.0,0.0,0.0,0.0122195874007419,0.0132324948278254,0.0,0.0,0.0,0.0,0.0,0.0,0.0,0.0,0.0,0.0,0.0,0.0,0.0,0.0,0.0,0.0,0.0,0.0,0.0,0.0,0.0,0.0,0.0,0.0,0.0,0.0,0.0,0.0045192112013667,0.0,0.0,0.0,0.0,0.0078676515578952,0.0050469815186904,0.0,0.0,0.0,0.0,0.0,0.0,0.0,0.0,0.0,0.0,0.0,0.0,0.0,0.0,0.0,0.0,0.0,0.0,0.0,0.0,0.0,0.0,0.0,0.0,0.0,0.0,0.0,0.0,0.0,0.0,0.0,0.0,0.0070710404116091,0.0,0.0,0.0,0.0,0.0,0.0,0.0,0.0,0.0,0.0,0.0,0.0,0.0
GRN,0.0,0.0,0.0,0.0,0.0,0.0,0.0,0.0,0.0,0.0076857551888526,0.0,0.0,0.0443518301264535,0.0,0.0,0.0596301217928848,0.0,0.0,0.0,0.0,0.0,0.0,0.0,0.0,0.0,0.0,0.0,0.0,0.0183015670409055,0.0,0.0,0.0,0.0,0.0,0.0,0.0,0.0075274381548541,0.0388213505568695,0.0054539061701866,0.0,0.0048383948786825,0.0,0.0,0.0,0.0062272896461757,0.0,0.0,0.0,0.0,0.0,0.0098765971310256,0.0,0.0,0.0,0.0,0.0,1.25150926869447,0.0,0.0,0.0,0.0,0.0,0.0,0.0,0.0152673059935833,0.0049651164082446,0.0,1.02032491795318,0.0,0.0079805721238371,0.0,0.0,0.0,0.0,0.0085846915703332,0.0,0.0,0.095595893359831,0.0,0.0,0.0,0.0,0.300641465684114,0.011179181894813,0.187219605182354,0.299821797935858,0.0,0.0,0.0,0.0,0.0,0.0,0.0,0.0,0.0,0.0,0.0,0.0,0.237899585283996,0.0,0.13661613841791,0.0034497631396652,0.0,0.0,0.0,0.0074054377837187,0.0,0.0054393896791869,0.0869169157201049,0.0,0.0,0.0,0.0056884600516866,0.0,0.0,0.133512221987617,0.0,0.353129154668028,0.114688113368217,0.0185511795905506,0.0,0.0222037407115242,0.0082490604309047,0.0079706899731747,0.071280377747798,0.253113425359931,0.0,0.0054395606419935,0.0,0.0,0.0,0.0,0.0,0.0,0.055424485081609,0.0,0.0085372995649254,0.347149983265428,0.154894177817083,0.0386690520393519,0.0169977027782793,0.0,0.0,0.0,0.0,0.0,0.0,0.0,0.0,0.0,0.0,0.0398784751799953,0.0040411554315675,0.0,0.0,0.0,0.0,0.0,0.0552843564945299,0.0,0.0,0.0,0.0340375825192815,0.0,0.0,0.0,0.0146132285551928,0.0,0.0,0.0,0.0387057941211021,0.0595876112574964,0.0502515311771945,0.0498012958441087,0.0,0.0,0.0,0.0,0.0,0.0,0.0037111452993803,0.0,0.0,0.061873775845692,0.0061006972862756,0.0,0.0,0.0184325138723754,0.0,0.0,0.0045762986941684,0.0396514319517506,0.0,0.0042189240017319,0.238330273274351,0.0,0.0,0.0,0.0,0.0,0.0,0.0,0.0041842801000077,0.0,0.0,0.0,0.0,0.0,0.0702460339595923,0.0,0.0,0.0,0.0,0.0,0.0,0.0,0.0,0.0,0.0045897871539954,0.0,0.0,0.0194682822068313,0.0,0.0,0.058036908890977,0.0,0.0,0.0,0.0,0.0,0.0,0.0,0.0,0.0,0.0,0.0,0.0,0.0133737528801375,0.0064044245750057,0.0,0.0,0.0,0.0,0.0,0.0,0.0035652484865971,0.0238870640852386,0.0046337271158535,0.0,0.017187292352778,0.0,0.0,0.0,0.0,0.0,0.0,0.0,0.0,0.0,0.0068880628838722,0.0,0.0,0.0,0.0,0.0,0.492488944520475,0.0,0.0,0.0,0.0,0.0,0.0,0.0,0.0079097913234481,0.0,0.0,0.491306643882809,0.0,0.0089637873819573,0.0,0.0,0.0,0.0,0.003625047530365,0.0,0.0,0.0285945921756685,0.0,0.0,0.0,0.0,0.0901656968035748,0.0060222269762072,0.107675133206663,0.144419104537685,0.0,0.0,0.0,0.0,0.0,0.0,0.0,0.0,0.0,0.0,0.0,0.0,0.188631465973165,0.0,0.121797424768913,0.0035920144863488,0.0,0.0,0.0,0.0048567947742921,0.0,0.0065368744379802,0.0498218546695453,0.0,0.0,0.0,0.0066764782615872,0.0,0.0,0.107769951988703,0.0,0.216613777963315,0.0385462186394167,0.0074055179520115,0.0,0.0213319185564386,0.0071925911184,0.0070145768995013,0.0615278347921856,0.0732649899862271,0.0,0.0,0.0,0.0,0.0040672060105684,0.0036040840534283,0.0042421918806095,0.0,0.0330293127103135,0.0,0.0048578643992731,0.210887191060848,0.114585746108932,0.0334066540629557,0.0141139579474672,0.0,0.0,0.0,0.0,0.0,0.0,0.0036049296236097,0.0,0.0,0.0,0.0422795036487943,0.0,0.0,0.0,0.0,0.0,0.0,0.0722787687238169,0.0,0.0,0.0,0.0127044495991133,0.0,0.0,0.0,0.0072531302025803,0.0,0.0,0.0,0.0310791132877542,0.0321279959493631,0.0396040186912288,0.0359369633882937,0.0,0.0,0.0,0.0,0.0,0.0,0.0,0.0,0.0,0.0260946823832407,0.0074636833616212,0.0,0.0,0.0112803073590082,0.0,0.0,0.0,0.033416773600769,0.0036326396987583,0.003570887769387,0.0851256848925903,0.0,0.0,0.0,0.0,0.0,0.0,0.0,0.0038250974308727,0.0,0.0,0.0,0.0,0.0,0.0448511313008326
GU,0.0121789877768146,0.020124241747044,0.0049837253839012,0.114371141215144,0.0,0.0,1.20795163538742,0.45715251729194,0.13891929629082,0.0,0.0,0.0,0.0041010161384402,0.0,0.0154794295574216,0.0075432888856943,0.0,0.0,0.0034630026570188,0.0050852208194563,0.0,0.0928442582744358,0.0269408203300599,0.0125912236697534,0.0069094769244062,0.0,0.0,0.108925404237237,0.0,0.0036681162892708,0.0540768927164039,0.0,0.0485744015773013,0.0131916214270479,0.0166619059437838,2.31984222733065,0.0,0.0,0.0,0.0,0.0493207939204685,0.0,0.0,0.0074051295715558,0.0,0.0856677318312502,0.105210355484137,0.0303556363720627,0.0347241352925732,0.019517489177409,0.0,0.0,0.0513270947994951,0.0338037997171407,0.141167907641525,0.0500684234267348,0.0072601619654357,2.26606377167679,0.0,0.0,0.0,0.0,0.0098441103216042,0.0602415017896587,0.0,0.0,0.007948702533414,0.0099403505458713,0.0099869739021766,0.0,0.0,0.0,0.0,0.0,0.0252014548245436,0.0,0.0,0.0,0.0,0.0,0.0,0.0,0.0065440783278057,0.140282701252711,0.0,0.0,0.0148299583759105,0.0,0.0,0.004655996680584,0.0,0.0180827051813723,0.0614756255448492,1.23633559566012,0.763745893129743,0.0,0.0,0.0,0.110319903185082,0.0,0.0,0.0223552567618778,0.0,0.0,0.0,0.0,0.0,0.0,0.0081649345077776,0.0603248415763339,0.0149358012124034,0.0099216072272475,0.0669082212095939,0.0,0.015628779443777,0.0168681880967641,0.0,0.0200569411078136,0.0233380978162527,0.0,0.0314706931320134,0.100806769041464,0.0090292900264016,0.0436206547347317,0.0,0.0,0.0,0.150581958877332,0.0661829361509112,0.0,0.217843256790914,0.0,0.0186018657535273,0.0,0.0066392408708611,0.0,0.0,0.0041937105571462,0.0064838677663257,0.0,0.0,0.0,0.0,0.0,0.0141585029198737,0.0,0.0,0.0,0.0,0.0,0.0064750101188537,0.0,0.0,0.0199835001831079,0.0117171513937512,0.0091160525394664,0.0833953801882217,0.0,0.0516216577770544,0.0184043121675081,0.0,0.0539899185424508,0.0,0.0127926231068835,0.0070864980278649,0.0887997574726032,0.0,0.0065925996862994,0.0,0.0073976907015408,0.0,0.0,0.0,0.0056543388205306,0.0083148128390321,0.0061313927638338,1.09784449068957,0.0500410766222967,0.0,0.030413558688984,2.74730177927485,0.0070414350286558,0.0069529420082327,0.0,0.0,0.0266506189365923,0.0356081306841551,0.0230272111681104,0.0,0.0286779397413606,0.050856014703042,0.0,0.0611641061081423,0.0,0.0,1.11950234915511,0.0,0.0,0.007108824881724,0.0269660376132649,0.0,0.0,0.0653451492658214,0.0,0.0749517886821181,0.273541632435061,0.25481945951973,0.0069019113506883,0.0,0.0,0.0,0.0138607187846722,0.0500737925997745,0.0,0.0,0.246286342869701,0.0736364670063317,0.0111458344382893,0.0,0.0,0.0,0.0035312488062486,0.0,0.0,0.0,0.0,0.0,0.0,0.0,0.0,0.0213933560872078,0.0,0.0053267340487917,0.013694110763878,0.0,0.0068865998439188,0.0184289693705086,0.0,0.0,0.0054227279450689,0.0,0.022786768706593,0.0055595243664616,0.0331973589857744,0.669823966110195,0.0,0.0,0.0,0.0,0.183867627936825,0.0,0.0,0.0086486376592575,0.0,0.0119767968914132,0.0761719157162782,0.0233444540015894,0.0127361356664646,0.005445550232551,0.0,0.0,0.0117893644670928,0.0067460408141486,0.0,0.0,0.0202873517644468,0.142724860580409,0.0,0.0,0.0,0.0,0.0,0.0290653235694108,0.0,0.0,0.0,0.0329482739168126,0.0,0.0,0.0,0.0,0.0,0.0,0.0034437797290425,0.0,0.0,0.0,0.0038639501232242,0.0,0.0,0.0,0.0067368377793892,0.105015510098565,0.0149100002786793,0.0,0.0406385538610826,0.0122866736056619,0.0,0.0052363066172908,0.0,0.0254518718335919,0.0321184933617113,0.264953678403487,0.134256734178105,0.0,0.0,0.0,0.0,0.0,0.0,0.0216215732894694,0.0,0.0,0.0,0.0,0.0,0.0,0.0182532500529045,0.007431962241444,0.0084146655512401,0.0,0.0373522038557223,0.0,0.0065966866975075,0.0096750101123476,0.0159330468347679,0.0527122054653363,0.0074361703658928,0.0,0.0043501756979448,0.0191715440565852,0.0053758761372752,0.01647879821388,0.0,0.0,0.0,0.0374961154514569,0.0096333006713677,0.0,0.0165554611488205,0.0,0.0406857990821863,0.0,0.0,0.0108660469588308,0.0,0.0213206143285195,0.0,0.0,0.0115766133530559,0.0,0.0,0.0,0.0081432576928843,0.0056483766131932,0.0,0.0,0.0,0.0,0.0036311147565329,0.0,0.0,0.0053026049413021,0.0196085333384754,0.0183103844418547,0.0,0.0,0.0051348313149449,0.0069179659503124,0.0,0.0043436374058658,0.0,0.0040837628991685,0.0,0.0062356097525602,0.0040573103356156,0.0,0.0,0.0,0.0,0.0251020370288458,0.0231288179428628,0.0319641797554151,0.004639038999055,0.0,0.30378205727522,0.0127566956038118,0.0,0.0153165292059633,0.366721551033891,0.0,0.0111610830512744,0.0,0.0,0.0045720765535317,0.0200757223316841,0.0,0.0,0.0829432002159545,0.019837581577468,0.0,0.0038950286254686,0.0,0.0048405500187091,0.13833300827091,0.0,0.0,0.0,0.0179920870851902,0.0,0.0,0.0108125853670539,0.0,0.0,0.0040167131042636,0.0432795644276148,0.0,0.0
IA,0.134578509714672,0.0,0.0,0.117891808530245,0.0,0.0839984556919161,0.0276200253907253,0.0309447516623407,0.0196386722683929,0.0,0.0,0.0,0.0,0.0206753059214336,0.0286367724019585,0.0037714213044092,0.0151815580288315,0.0,0.0,0.0,0.0,0.245415569661,0.435467831308379,0.375030925076145,0.0632230798889403,0.0,0.0054433496864805,0.68720591794833,0.0,0.0,0.0073519903043554,0.0,0.0052301915394464,0.120726585453276,0.409981547915945,0.810188778821396,0.0,0.0,0.0068546165301239,0.0,0.010076959170451,0.0350515522559502,0.0,0.0046500929092116,0.0045504629782073,0.0230974604825678,0.113380470723736,0.0364205836096668,0.0493574401623957,0.0750711339631779,0.0,0.0,0.0,0.0858047955901482,0.338618954263777,0.0918102885144255,0.0099652665543939,0.0179880111445514,0.0535245356022593,0.0,0.0,0.0,0.0087345940396429,0.0101811739049955,0.0,0.0,0.0,0.0461297453658121,0.13175868271542,0.0,0.0,0.0,0.0,0.0112781132466241,0.245665943255757,0.0,0.0553904764903149,0.0,0.0,0.0298599687193083,0.0301907109244679,0.0344371008187783,0.00568989828482,0.0198597807442745,0.0143240964853215,0.0,1.25821548585379,0.0,0.0,0.0,0.0,0.0044805404489091,0.0144724232134124,0.0156809743229734,0.0085888662096604,0.0602038558031535,0.060035150943394,0.0,0.214119468289843,0.0093238525574932,0.0040481772167815,0.0588099655395459,0.0,0.0,0.0740060536267733,0.0,0.0,0.0,0.0274219076678883,0.0,0.0064526683429242,0.0,0.0984140484952893,0.177909698482622,0.0709965855017605,0.113971649761922,0.0,0.0759896213338621,0.0746424474008076,0.0,0.0038468061733829,0.0053012904823672,0.0,0.0,0.0,0.0,0.0369390982557485,0.16982181827109,0.0,0.0095504568713613,0.0,0.0,0.0,0.0,0.0299900998826054,0.0,0.0,0.0221303799105502,0.0132049508202367,0.0,0.0,0.0084681393463,0.0,0.0199282173172131,0.0237976417798254,0.0067426575542492,0.0054174446849942,0.0,0.0141233704228177,0.0171202971055928,0.0,0.0062047037150424,0.0114666305185344,0.0,0.0,0.0,0.0666319076646445,0.0110816198875263,0.0210100309413879,0.0,0.0,0.496725657664288,0.0,0.0,0.0414357677850475,0.201827215545723,0.0,0.0107803157769981,0.0,0.0072328134253172,0.0,0.0,0.0,0.0040583548621805,0.0,0.0,0.0060871015555522,0.0,0.0,0.0118745607481668,0.0058125265643286,0.0300520427575656,0.0140653489832307,0.0106674574067093,0.0,0.0145392626402242,0.0794284631329972,0.0037254447860983,0.0,0.0158529295323865,0.0626998442542524,0.0059587329749728,0.0,0.0,0.0034761178646585,0.0115116950314139,0.0,0.0,0.0,0.0,0.0,0.0,0.0066264154327895,0.156284838602174,0.0,0.0,0.0043229155413584,0.0257633548041276,0.0,0.0,0.0,0.0,0.0071162484165999,0.0,0.0,0.0,0.0,0.0,0.0,0.0,0.0,0.0,0.0,0.0,0.0,0.0,0.0,0.0,0.0,0.0,0.0,0.0,0.0143150175106528,0.0,0.0,0.0,0.0,0.0,0.0,0.0,0.0,0.0037045437411025,0.0,0.0,0.0071004907996931,0.0,0.0,0.0,0.0,0.0093314792982532,0.0,0.0,0.0,0.0,0.0,0.0,0.0,0.0,0.0,0.0,0.0,0.0,0.0,0.0,0.0,0.0,0.0,0.0,0.0,0.0,0.0,0.0,0.006506288337671,0.0,0.0,0.0,0.0,0.0,0.0,0.0,0.0,0.0,0.0,0.0079451505572025,0.0,0.0,0.0,0.0,0.0,0.0,0.0,0.0,0.0064728491130756,0.0,0.0,0.0,0.0,0.0,0.0,0.0,0.0,0.0,0.0,0.0,0.0,0.0,0.0,0.0065729182436975,0.0,0.0,0.0060419003692078,0.0,0.0,0.0,0.0,0.0,0.0,0.0,0.0,0.0,0.0,0.0051218052841616,0.0,0.0,0.021480542648385,0.0,0.0,0.0,0.0,0.0,0.0,0.0,0.0,0.0,0.0,0.0080973210949848,0.0,0.0,0.0,0.0,0.0,0.0,0.0,0.0,0.0,0.0,0.0,0.0,0.0,0.0,0.0,0.0,0.0,0.0079228802334036,0.0,0.0,0.0,0.0071560622313504,0.0087196784245915,0.0,0.0,0.0,0.0,0.0,0.0,0.0,0.0,0.0038966238400046,0.0,0.0,0.0041875912580979,0.0,0.0,0.0,0.0,0.0,0.003495633240116,0.0,0.0,0.0,0.0,0.0,0.0,0.0,0.0,0.0,0.0,0.0,0.0,0.0,0.0,0.0043800822238241,0.0,0.0,0.0,0.0,0.0,0.0,0.0,0.0136806191890503,0.0,0.0,0.0,0.0,0.0,0.0,0.0,0.0,0.0,0.0,0.0,0.0,0.0167088123378411,0.0,0.0,0.0,0.0,0.0
ICc,0.0,0.0,0.0,0.0,0.0,0.0113876971502031,0.0,0.0,0.0,0.0,0.0,0.0,0.0,0.0,0.0,0.0663066793432772,0.0,0.0044764856785535,0.0076152004790082,0.0,0.0,0.0,0.0,0.0,0.0,0.0,0.0,0.0,0.004411226060827,0.0084279844025563,0.0,0.0051797299406489,0.0,0.0,0.0,0.0051955590508974,0.0074178331241352,0.0085733773440542,0.263251508294336,0.047545176716207,0.0099816602416496,0.0,0.0,0.0,0.0065765510772803,0.0,0.0,0.0,0.0,0.0,0.0,0.0,0.0,0.0,0.0040010414094561,0.0,0.0270543955592298,0.0,0.0,1.62218307792957,1.6708242439512,2.5917549139134,0.0,0.0,0.0035300978658122,0.0,0.0,0.0082717295036696,0.0,0.0,0.0056084099593014,0.0,0.0,0.0068686917698247,0.0180834232303901,0.0626583892884076,0.0,0.0,0.0,0.0,0.0,0.0,0.0337366677090161,0.0169391104966878,0.0,0.0,0.0,0.0822354090506951,0.157350883601956,0.199485804252354,0.0,0.0,0.0059094055285516,0.0,0.0,0.0,0.0,0.0,0.537691666919551,0.0,0.0,0.0038005948639591,0.0,0.25945814769343,0.0,0.0,0.0052932525175521,0.0257843226776224,0.0,0.0,0.0,0.0,0.0083623637040606,0.0,0.0,1.01465277695521,0.0,0.0105516946061989,0.0324337849866897,0.0103722512334756,0.0,0.0145051609210025,0.0055860276496031,0.0706574698291737,0.0,0.0056082950527159,0.0175442224434101,0.0080611200392909,0.0,0.0,0.0113857595203029,0.0805930568912503,0.0,0.00866053521305,0.147373804335255,0.0,0.0,0.164644700389234,0.261670883355464,0.0,0.0,0.0,0.0,0.0,0.0057965252207644,0.0,0.0,0.0,0.0,0.0080069084660661,0.0,0.027043271342768,0.0098578105724583,0.0,0.0,0.0,0.0044211769917545,0.0,1.35305649768902,0.169821838655749,0.0,0.0044322926691815,0.0,0.0,0.0,0.012559597800833,0.185372371594349,0.0171002397653469,0.0088237925027165,0.0209550228419832,0.0,0.0,0.0,0.0,0.0,0.0,0.0036746562254662,0.0,0.0,0.0,0.0068592333449446,0.0,0.0,0.0060136598260696,0.0,0.0,0.0,0.0311534528360569,0.0,0.0052166926565092,0.0064961347311739,0.0067365334527734,0.0,0.040213257807789,0.0040010373816032,0.0,0.0,0.0,0.0,0.0,0.0,0.0,0.0143794940005459,0.0,0.0125233583566702,0.0182847482997985,0.0084946743840778,0.0068776933568693,0.0,0.0,0.0,0.0045695463557892,0.0,0.0,0.0,0.0,0.0,0.0,0.0,0.0,0.0,0.0046639862626244,0.0,0.0,0.0,0.0,0.0,0.0,0.0,0.0,0.0,0.0,0.0,0.0,0.0,0.0,0.0,0.0,0.0,0.0,0.0044913930966857,0.0,0.0,0.0,0.0,0.0057135948661755,0.0,0.0525863167174584,0.0669472252384812,0.0269749206962913,0.0,0.0,0.0,0.0,0.0,0.0,0.0,0.0,0.0,0.0,0.0,0.0,0.0,0.0,0.0,0.0199012871658472,0.0,0.0,0.353136166487901,0.644081174848343,0.429638304202684,0.0,0.0,0.0,0.0,0.0,0.0048511660549249,0.0,0.0,0.0,0.0,0.0,0.0,0.0057717467045027,0.0085685366324691,0.0,0.0,0.0,0.0,0.0,0.0,0.0192770489220797,0.0,0.0,0.0,0.0051503060102017,0.016067646162775,0.016801266507634,0.0322078076312197,0.0,0.0,0.0062522938375757,0.0,0.0,0.0,0.0,0.0,0.0826407044832543,0.0,0.0,0.0042431994151565,0.0,0.0094290121836168,0.0,0.0,0.0,0.0089208759687751,0.0,0.0,0.0,0.0,0.0046261129279491,0.0,0.0,0.303623687351873,0.0,0.0,0.0042887376981459,0.0,0.0,0.0,0.0,0.0061550000204153,0.0,0.0039237032952705,0.0045067392521268,0.0,0.0,0.0,0.0,0.0,0.0060031399486779,0.0,0.0232604165453947,0.0,0.0,0.0497982594076157,0.0630574178708275,0.0,0.0,0.0,0.0,0.0,0.0,0.0,0.0,0.0,0.0,0.0043271420257272,0.0,0.0061230830428549,0.0040086588681723,0.0,0.0,0.0,0.0,0.0,0.360099010202084,0.0316027168749482,0.0,0.0,0.0,0.0,0.0,0.0,0.0469070205709971,0.0041206062441108,0.0,0.0,0.0,0.0,0.0,0.0,0.0,0.0,0.0,0.0,0.0,0.0,0.0,0.0,0.0,0.0,0.0,0.0,0.0,0.0089841975236076,0.0,0.0118908514813186,0.0,0.0,0.0,0.0403921237436586,0.0,0.0,0.0,0.0,0.0,0.0,0.0,0.0,0.0,0.0,0.0,0.0,0.0,0.0,0.0
ICd,0.0,0.0,0.0,0.0,0.0,0.0065254547391594,0.0,0.0,0.0,0.0,0.0,0.0,0.0047967192662414,0.0,0.0,0.074185235370817,0.0,0.0,0.0036852963605521,0.0,0.0,0.0,0.0,0.0,0.0,0.0,0.0,0.0,0.0046062495375395,0.007831361394077,0.0,0.0,0.0,0.0,0.0,0.0034768830252848,0.0128039280691073,0.0122446748008349,0.297915043945399,0.0301442485608778,0.0081840443636406,0.0,0.0,0.0,0.0048365897021097,0.0,0.0,0.0,0.0,0.0,0.0,0.0,0.0,0.0,0.0,0.0,0.0337210056866934,0.0,0.0,1.1256585063473,1.60920520835427,2.10945367168473,0.0,0.0,0.0050571375375729,0.0,0.0,0.0069625309192156,0.0,0.0,0.0055598416974205,0.0042196658757036,0.0038614100620669,0.0078834746334184,0.0150816297752634,0.0920064101546705,0.0,0.004025917217506,0.0,0.0,0.0,0.0,0.0466480632751073,0.0152512640184311,0.0,0.0053480395051723,0.0,0.0630651895962431,0.135163774071627,0.149444807020844,0.0,0.0,0.0068743810328487,0.0,0.0,0.0,0.0,0.0,0.569987490511397,0.0,0.0,0.0,0.0,0.173377337244765,0.0,0.0,0.0093936186721973,0.0322603999385144,0.0,0.0,0.0,0.0,0.006127301479944,0.0,0.0,1.2178327446085,0.0,0.0070078121589822,0.0281803941089638,0.0103296066901272,0.0,0.0149701601715976,0.0056151296018038,0.0536495347550549,0.0,0.0069347734271239,0.0136813743871677,0.0062019253551948,0.0,0.0,0.0084450998904654,0.0843492976365732,0.0,0.0126433916913186,0.16255402087667,0.0,0.0,0.204067447116219,0.358680314301221,0.0,0.0,0.0,0.0,0.0,0.0049530277064112,0.0,0.0,0.0,0.0,0.0080379075412156,0.0,0.0321918788285626,0.0133797978525198,0.0,0.0,0.0,0.0,0.0,1.48348764462081,0.200758215826,0.0,0.0,0.0,0.0,0.0,0.0110780425402597,0.11441593110937,0.0249641365523304,0.0102325162833426,0.0301044821338403,0.0,0.0,0.0,0.0,0.0,0.0,0.0,0.0,0.0,0.0,0.0046358843516807,0.0,0.0,0.0,0.0,0.0,0.0,0.0402265905023847,0.0,0.0037762323507506,0.0053866663151296,0.0036149208359422,0.0,0.0247328940958608,0.0,0.0,0.0,0.0,0.0,0.0,0.0,0.0,0.0141222291535914,0.0,0.0100086911208895,0.0096290457109122,0.010178539409636,0.006708468715436,0.0,0.0,0.0,0.0,0.0,0.0,0.0,0.0,0.0,0.0,0.0,0.0,0.0,0.008539498563391,0.0,0.0,0.0,0.0,0.0,0.0,0.0,0.0,0.0,0.0,0.0,0.0,0.0,0.0,0.0,0.0,0.0,0.0,0.0035171618174257,0.0,0.0,0.0,0.0,0.0074986441191084,0.0035679505869011,0.0803811217559377,0.0423789803944737,0.0201982074433445,0.0,0.0,0.0,0.0,0.0,0.0,0.0,0.0,0.0,0.0,0.0,0.0,0.0,0.0,0.0,0.0210005649887244,0.0,0.0,0.233855538153144,0.543855901589103,0.297101617088661,0.0,0.0,0.0,0.0,0.0,0.0044438549099145,0.0,0.0,0.0,0.0,0.0,0.0,0.0,0.014384427498858,0.0,0.0,0.0,0.0,0.0,0.0,0.0206511523534084,0.0,0.0,0.0,0.0038560186954023,0.0105493806550663,0.0131789304382222,0.0197096661079419,0.0,0.0,0.0056994584665311,0.0,0.0,0.0,0.0,0.0,0.0796677421818546,0.0,0.0,0.0,0.0,0.0061440355920025,0.0,0.0,0.0,0.0102509937427521,0.0,0.0,0.0,0.0,0.0037905748178265,0.0,0.0,0.357768403693325,0.0,0.0,0.0,0.0,0.0,0.0,0.0,0.0043794895690607,0.0,0.0036846690415355,0.0035968020954643,0.0,0.0,0.0,0.0,0.0,0.0058652631225649,0.0,0.0188332081731749,0.0,0.0046091664260868,0.0467589115161342,0.0544186172771192,0.0,0.0,0.0,0.0,0.0,0.0,0.0,0.0,0.0,0.0,0.0040200143185334,0.0,0.0051139497524218,0.0,0.0,0.0,0.0,0.0,0.0,0.369937937038312,0.0274466558228351,0.0,0.0,0.0035907356719127,0.0,0.0,0.0,0.0287593523845592,0.0046523006490061,0.0,0.0,0.0,0.0,0.0,0.0,0.0,0.0,0.0,0.0,0.0,0.0,0.0,0.0,0.0,0.0,0.0,0.0,0.0,0.0056389799181955,0.0,0.0088906685576315,0.0,0.0,0.0,0.0246637939688606,0.0,0.0,0.0,0.0,0.0,0.0,0.0,0.0,0.0,0.0,0.0,0.0,0.0,0.0,0.0
ICe,0.0,0.0,0.0,0.0,0.0,0.0096557646583289,0.0,0.0,0.0,0.0,0.0,0.0,0.0,0.0,0.0,0.111153357703759,0.0,0.0093533383834518,0.016143909554924,0.0063686253481449,0.0,0.0,0.0,0.0,0.0,0.0,0.0,0.0,0.004121013928174,0.0080533026375222,0.0,0.0041398824970533,0.0040504186803983,0.0,0.0,0.0105945974042623,0.0040674852048637,0.0085638781114282,0.234765277610489,0.0497461508461664,0.0119192220630768,0.0,0.0,0.0,0.0046502940190525,0.0,0.0,0.0,0.0,0.0,0.0,0.0,0.0,0.0,0.0062430837719978,0.0,0.0173003183569896,0.0,0.0,1.78336086460334,1.76677016572945,2.91332003455034,0.0,0.0034572990701879,0.0,0.0,0.0,0.0062357123780636,0.0,0.0,0.0036408939815467,0.0050192367548725,0.0,0.0060511488415025,0.0217936444090271,0.08583841219142,0.0,0.0,0.0,0.0,0.0,0.0,0.0220706293358949,0.0163135461712067,0.0,0.0,0.0,0.0965450006120752,0.195467611950564,0.226477287915468,0.0,0.0,0.006017298799786,0.0,0.0,0.0,0.0,0.0,0.691235591161724,0.0,0.0,0.0042929145617839,0.0,0.281311494085154,0.0,0.0,0.0096387182573715,0.0261139277562805,0.0,0.0,0.0,0.0,0.0093679692135969,0.0,0.0,0.873662362379297,0.0,0.00656257299224,0.0293401616431025,0.0077177012464955,0.0,0.0220281616653923,0.006290243650307,0.0883099604754755,0.0,0.005321144246551,0.0183556392627142,0.0087534189635127,0.0,0.0,0.0223104612288433,0.110490116773859,0.0,0.0120187756500834,0.146986080698584,0.0,0.0,0.137634771150091,0.211897449270344,0.0,0.0,0.0,0.0,0.0,0.0045445086101159,0.0,0.0,0.0,0.0,0.0108793643522905,0.0,0.0237980481632578,0.007974337043698,0.0,0.0,0.0037912234227799,0.0071694146914333,0.0,1.91983584028345,0.328779193272172,0.0,0.0066671210145361,0.0,0.0,0.0,0.0175084003681762,0.204558864643807,0.0188049141529645,0.0099679689440846,0.0296192290874636,0.0,0.0,0.0,0.0,0.0,0.0,0.0041343872745863,0.0,0.0,0.0,0.0091975361012631,0.0,0.0,0.0042918177381022,0.0,0.0037429994716805,0.0,0.0317213994376036,0.0,0.0060090173508019,0.0079168729431477,0.0,0.0,0.0423973203114069,0.003737089695649,0.0,0.0,0.0,0.0,0.0047087827156536,0.0,0.0,0.0160747318552435,0.0,0.0202253499538404,0.0320763281589487,0.0131483501544923,0.0070732163847174,0.0,0.0,0.0,0.0053401265567281,0.0,0.0,0.0,0.0,0.0,0.0,0.0,0.0,0.0,0.0070506340155281,0.0,0.0,0.0,0.0,0.0,0.0,0.0,0.0,0.0,0.0,0.0,0.0,0.0,0.0,0.0,0.0,0.0,0.0,0.0037494365143356,0.0,0.0,0.0,0.0,0.0039737060581566,0.0,0.0443280408783863,0.0716062615262574,0.0318289954023744,0.0,0.0,0.0,0.0,0.0,0.0,0.0,0.0,0.0,0.0,0.0,0.0,0.0,0.0,0.0,0.0205553877885503,0.0,0.0,0.357418447405392,0.650249246219892,0.443414826658586,0.0034508452524285,0.0,0.0,0.0,0.0,0.0111782933763091,0.0,0.0,0.0,0.0061150117948309,0.0,0.0,0.0041964630988578,0.0106037479867608,0.0,0.0,0.0,0.0,0.0,0.0,0.0124108215243011,0.0035621691068909,0.0,0.0,0.0061949868254711,0.0159123863423702,0.0180831456654175,0.0297793411381271,0.0,0.0,0.0068081780301461,0.0,0.0,0.0,0.0,0.0,0.0841842680368858,0.0,0.0,0.0044768218716621,0.0,0.0102493057750564,0.0,0.0,0.0,0.0081477306410787,0.0,0.0,0.0,0.0,0.0049310657521497,0.0,0.0,0.252870993960454,0.0,0.0069047649519807,0.0047188128898062,0.0,0.0,0.0,0.0,0.0067345891505078,0.0,0.0,0.0041528689486369,0.0,0.0,0.0,0.0,0.003544318027045,0.0073118340017315,0.0,0.0232110443150637,0.0,0.0,0.0425314781168411,0.0498375204930582,0.0,0.0,0.0,0.0,0.0,0.0,0.0,0.0,0.0,0.0,0.0062779762788707,0.0,0.0049117724191786,0.0,0.0,0.0,0.0055130031043047,0.0,0.0,0.447594535843786,0.0658859851724686,0.0,0.0,0.0,0.0,0.0,0.0,0.0499208524059426,0.0046801268942978,0.0,0.0,0.0,0.0,0.0,0.0,0.0,0.0,0.0,0.0,0.0,0.0,0.0,0.0,0.0,0.0,0.0,0.0,0.0,0.0070833194963834,0.0,0.0135005446445358,0.0,0.0,0.0,0.0416664895903811,0.004821676280586,0.0,0.0,0.0,0.0,0.0,0.0,0.0,0.0,0.0,0.0,0.0,0.0041829587772336,0.0,0.0
ILA,0.0566500323419987,1.23775432512316,1.70404627570174,1.0861986869511,0.0323114270642239,0.410596990781595,0.165087613770791,0.0651694645575151,0.241440349750483,0.0,0.178816103947633,0.161689865026775,0.0,0.0124142694276107,0.443685877615692,0.0635333462967268,0.0179028406094149,0.0352299243129182,0.0229724143676593,0.0210946884843583,0.0797363015778449,0.0697977274330745,0.0990380997326815,0.503384935685135,0.0481521400253363,0.0,0.0075889377654896,0.0887145435134783,0.0046103008867828,0.0642929074249752,0.331294314614875,0.0145604637497072,0.0862619358148902,0.0509923551068447,0.0181405904939138,2.34081506894297,0.131819386105809,0.0,0.0263968016683074,0.0,0.0683282492836543,0.15724435407421,0.0,0.612076348004095,0.052029665439773,0.0593943066010326,0.12545392732058,0.0380175885536292,0.0886197023708613,0.0,0.0,0.0,0.0827884836824275,0.0088138704103978,0.0333339287653816,0.0083402593577954,0.0,0.0263825266001832,0.0078507936358932,0.0,0.0076202538756327,0.0180239353054725,1.53515864177758,0.0893327159819454,0.0,0.0,0.0980579689523979,0.0040006259519136,0.0093812068472204,0.0,0.112271731976036,0.0169186637211787,0.0190215598511988,0.126834552909415,1.28245928510266,0.108366840034029,0.329687734895651,0.0,0.0042006207499075,0.729876435809202,0.1529790730275,0.0224021945003455,0.0061947333993597,0.713399915654936,0.0038058098823672,0.0,0.320360852456749,0.0,0.0082986061267781,0.0,0.0691861293202241,0.0737348394376564,0.0368574308928829,0.14039822284596,0.904416115426778,0.143014862262702,0.342305030241027,0.0075393075105883,0.792923080761097,0.140736224990588,0.0,0.393253193432816,0.020493039313904,0.0,0.0274854259628385,0.0,0.0050069912561852,0.146276687933999,0.0085087692321929,0.606577898980232,0.878391566446629,1.3478340809242,0.101455867926027,0.0145930962610637,0.0055820004088365,1.87570215893866,0.0,0.0071219739498323,0.0414625366791197,0.0984260173466523,0.0064430856829734,0.0483260923633676,0.0,0.0971356840205806,0.0,0.0,0.505074856886918,0.111573179873708,2.03651103210565,0.0641809795631357,0.0178371967606898,0.0086972290613561,0.0048907871304341,0.0038958577980668,0.06352586168497,0.0,0.0,0.0098383734783108,0.0794147615836448,0.0,0.0,0.273927390919312,0.177880452069775,0.0734956040091503,0.448719815553272,0.0077852717055989,0.0141372011431432,0.0,0.0395158163298147,0.457708296429483,0.0705831917598293,0.0572411076361857,0.0230294578103227,0.394754165230954,0.207519992351913,0.0982353451989482,0.284268219589094,0.0475109772595582,0.705891849669656,0.12568993372201,0.0198662517970892,0.608330177783097,0.0,0.205889631294546,0.0234124802713477,0.0714374050916289,0.0,0.118276559030265,0.0486823823284669,0.0372436594733379,0.0,0.0,0.0,0.0,0.115988645024912,0.0343906691383626,0.0106664484246753,0.0085585129234351,0.0539305047475988,0.0319947612053021,0.091970367988483,0.0117295842082349,0.147145418635409,0.0,0.0,0.12679000543682,0.0,0.0368587173253419,0.0062953634769042,0.376969030569415,0.190207398285104,0.0,0.0853730277846023,0.0,0.0,0.0205216614746178,0.0428312054818347,0.182241298965042,0.0514009831406136,0.253710770863839,0.0221693150867327,0.133825114213626,0.335494698400768,0.069666807190584,0.0397773116942998,0.0064679683346012,0.0402959077107993,0.147266703965095,0.0,0.0,0.0591159863738672,0.0939537862744902,0.153045234977826,0.0151705862952513,0.118290304381971,0.170060018330615,0.0649333758840786,0.140411611417027,0.0,0.0577663273435967,0.037587626986905,0.0,0.0,0.0975061906383363,0.0048056116257481,0.0,0.0035093024533402,0.0,0.0064645535147564,0.0148251120340838,0.0059055541370613,0.0,0.043381939381,0.0,0.0,0.0,0.0,0.0,0.0082102270660544,0.205994506501839,0.0077148763023349,0.0500864592573858,0.0,0.0042325885833737,0.647513646731227,0.0579694006892556,0.0,0.0111691090465367,0.0,0.0282859431736119,0.0393090188505794,0.0,0.0218761063684721,0.0126067935692989,0.0318445010903459,0.0648452276987529,0.0079632495266522,0.0232779611608562,0.0,0.0,0.0,0.015655618179701,0.0,0.0,0.0,0.0,0.0288220352340418,0.0,0.0,0.0,0.0,0.103392886125106,0.0552316586930849,0.0,0.0,0.0181803030944547,0.0047469492557233,0.0,0.0,0.0258016070776135,0.0,0.0,0.0393212155302401,0.120818110229411,0.0105410310643416,0.0126274189483161,0.0,0.0,0.202400090001893,0.014621436329247,0.0,0.0036298951160237,0.273524494079488,0.0078543186704587,0.0,0.0104311968357068,0.0,0.0,0.0,0.0134325117571663,0.0338687951999685,0.0116390653219363,0.0186376935605527,0.0638104530092756,0.0180556707043427,0.0346939523292357,0.0,0.0917919650108861,0.0403475205644966,0.0,0.0591740185812336,0.0162141021231467,0.0,0.0,0.0,0.0,0.0721705605842181,0.0108598029126782,0.445489869998736,0.197808964951191,0.434631079218153,0.0196859475609931,0.0,0.0,0.907499345782363,0.0,0.0067344515971639,0.0278025078076551,0.0645725571109258,0.0055036162182607,0.0263650984063004,0.0352492709439781,0.0778503344591148,0.0,0.0,0.325940505106744,0.0467153315869425,0.309013333795937,0.0474020016054283,0.0,0.0,0.0039902931085024,0.0,0.0288695957437217,0.0,0.0,0.0132746618880141,0.0200050745510897,0.0,0.0,0.166604368864262,0.0064509351182704,0.0308662937480993,0.217909274597623,0.0,0.0,0.0,0.0127270612777246,0.310113150186171,0.0382500661205401,0.0036318685626405,0.0,0.0041648792835611,0.0046460504644804,0.0039656430762282,0.0367901569918206,0.0038504645967905,0.193177060880048,0.026225775787289,0.0109228657741576,0.0136438933948252,0.0,0.124712373439765,0.0,0.0,0.0,0.0745013711013519,0.0402312649592723,0.0,0.0,0.0,0.0,0.0,0.0074382504550622,0.0,0.0,0.0,0.0037309364851613,0.0,0.0137001662370872,0.0,0.0686990611206651,0.0,0.0,0.0303729565087349,0.0,0.0161073274944579,0.0053489339238533,0.0204028493026044,0.0277550637423786,0.0,0.0071801883646652,0.0,0.0,0.0142705662100629,0.0,0.0,0.0,0.0065576852217656,0.0,0.0,0.088308108077069,0.0091314920185507,0.0,0.0,0.0212051289845314,0.0122593844277815,0.0
IMD,0.0082357928980398,0.115735282124897,0.0757888141703802,0.699930551416226,0.0,0.0046212417817005,1.66031476301956,0.095474307406705,0.241558283815078,0.0,0.056852822245431,0.0695693678601696,0.0,0.0,0.061027255871211,0.0,0.0,0.0,0.0,0.0,0.0226626652681851,0.114011857401793,0.0362741010438523,0.0913076265632315,0.0141335713739196,0.0,0.0058441020378154,0.110020870547926,0.0,0.0148233934907693,0.0851332380682443,0.0053716017316609,0.279232605759614,0.004585970693991,0.0,5.27383483457478,0.0372017082492552,0.0,0.0,0.0,0.0152276584213853,0.0080386248578001,0.0,0.0138534403432941,0.0075890234946597,0.0375624994412715,0.0413332739700525,0.0044327105336068,0.0298779666914195,0.0089209261378666,0.0,0.0,0.425617396817398,0.0370263331684846,0.211263326371497,0.008194073553749,0.0,0.15768503155173,0.0089017804703803,0.0,0.0,0.0,0.11054558724586,0.115899446445195,0.0,0.0,0.0138623814057242,0.0,0.0187997817717287,0.0,0.0,0.0,0.0,0.0642619814671898,0.0379309996160158,0.0,0.0071955160638903,0.0,0.0,0.0192483074998906,0.0135246072652602,0.0,0.0,1.09526186927315,0.0,0.0,0.0159492747931565,0.0,0.0,0.0,0.0301551488033015,0.0,0.0105281619717302,0.393902253808978,1.47622073740785,0.0,0.0034582900224467,0.0,0.0203886558509056,0.0,0.0,0.0046066613235795,0.004983956167097,0.0,0.0,0.0,0.0,0.0,0.0,0.660680020118288,0.197519862178962,0.150352288004115,0.10479848027336,0.0047319762069338,0.0,0.0324516594427167,0.0,0.0,0.0,0.0127847788264381,0.0192085564109512,0.074332734975389,0.0,0.0,0.0,0.0,0.0158610980318264,0.0254152244603231,0.464893728257484,0.0,0.0169894321438988,0.0,0.0,0.0,0.0,0.0,0.0,0.0,0.0,0.0,0.0,0.0264864172661738,0.0,0.0,0.130587578896381,0.0,0.0,0.0,0.0,0.0176250408284945,0.0322896707176991,0.0,0.0,0.0,0.0251516092964649,0.0341014761653431,0.361930015688695,0.0,0.0059404267640824,0.0,0.0,0.165034225586793,0.0,0.0625551249498222,0.0,0.0041849260634634,0.0,0.0180433523816866,0.0049142652088,0.0,0.0,0.0,0.0,0.0,0.003847993708547,0.0041008280000235,0.0844871446575302,0.0126566851358336,0.0,0.0057228367230986,0.103120134129429,0.0,0.0086935501449092,0.0,0.0,0.0118879370139798,0.0046535003534269,0.0,0.0,0.0110793340547689,0.0076748208143655,0.0,0.20592269424742,0.0,0.0,0.161853767203728,0.0,0.0,0.0,0.0,0.0,0.0,0.231675727868629,0.0051633353057875,0.0048731626914364,0.0086385554523823,0.050384692987591,0.0099418273944489,0.0,0.0,0.0034772452653292,0.0035418876071727,0.0979036866630815,0.0,0.0,0.0950145121746254,0.0318543812350251,0.0131805114770546,0.0,0.0035534900411881,0.0057807937453194,0.0,0.0,0.014345814895621,0.0,0.0,0.0,0.0,0.0,0.0,0.017341810985272,0.0059361987095367,0.0135253367904749,0.0,0.0,0.0,0.0232894674009875,0.0,0.0,0.0102480845266624,0.0,0.0613069815229944,0.0,0.0,0.515990574314041,0.0265340496871826,0.0,0.0,0.0,0.0172768472556297,0.0,0.0,0.0,0.0,0.0132702103584059,0.0036994662130514,0.0,0.013688555682768,0.0034665630912486,0.0,0.0,0.0053674410136435,0.0130991491743078,0.0194355811374079,0.0,0.0,0.0440986892082283,0.0,0.0,0.0,0.0,0.0051868797689244,0.0231534291936494,0.0,0.0,0.0106138524430219,0.0,0.0051928088971847,0.0,0.0,0.0,0.0,0.0,0.0131077423796211,0.0,0.0,0.0,0.0,0.0,0.0,0.0,0.0,0.045379412572835,0.0,0.0,0.004792816220247,0.0,0.0,0.0,0.0,0.0,0.0,0.0449444582185082,0.0378171597793379,0.0,0.0,0.0,0.0079221217652603,0.0,0.0,0.0048132755240657,0.0040021393585285,0.0,0.0,0.0,0.0,0.0,0.0,0.0148131550714618,0.0060039682988641,0.0039932513488092,0.0285606264259209,0.0,0.0,0.0155553322545012,0.0,0.0,0.0,0.0117587405575054,0.0071623836300232,0.0073248540600801,0.0,0.0,0.0,0.0,0.0083963642926077,0.0064590646389643,0.0161616787875965,0.0,0.0,0.0,0.0,0.0,0.0,0.0,0.0,0.0,0.0,0.0,0.0,0.0,0.0,0.0,0.0200463087903328,0.0,0.0,0.0,0.0,0.0053380695232475,0.0117446631780032,0.0,0.0,0.0,0.0,0.0,0.0330009679749826,0.0,0.0,0.0,0.0,0.0289720137509241,0.0,0.0146605792492252,0.0,0.0,0.0,0.0095316038584666,0.0,0.0,0.0,0.0,0.0,0.0,0.0,0.0,0.0148535493221777,0.0,0.0,0.0,0.0214935312244336,0.0,0.0049713527955379,0.0,0.0,0.0,0.0,0.0,0.0,0.0048934078974817,0.0,0.0,0.0104418530873619,0.0,0.0,0.0601369847292287,0.0,0.0,0.0,0.0,0.0,0.0,0.0344441403549089,0.0,0.0,0.0,0.0208138076592331,0.0,0.0
IO,0.0,0.0,0.0034728942531833,0.004136073807071,0.0,0.0,0.0,0.0,0.0,0.0117693531887789,0.0,0.0,0.0809430059179459,0.0,0.0,0.0307901775419849,0.0,0.0,0.0,0.0,0.0,0.0,0.0,0.0,0.0,0.0,0.0,0.0,0.0572535100788606,0.0,0.0,0.0,0.0,0.0,0.0041127819510035,0.0,0.0069428957005349,0.120610278174201,0.0097613412818988,0.0,0.0094168740729224,0.0043196767597795,0.0,0.0,0.0054326557400705,0.0,0.0,0.0045756739965818,0.0,0.0,0.0133652960530576,0.0,0.0,0.0,0.0,0.0,1.16402952060963,0.0,0.0,0.0,0.0,0.0,0.0,0.0,0.0584210313430972,0.0066156498569423,0.0,0.658094827519593,0.0,0.0045838396902911,0.0,0.0,0.0,0.0,0.0175010944448909,0.0,0.0,0.23358744004368,0.0,0.003502943845153,0.0,0.0,0.328579372040953,0.0070817182132744,0.195194870775173,0.27453302345095,0.0,0.0,0.0,0.0,0.0,0.0,0.0035496349784192,0.0,0.0,0.0,0.0,0.0,0.221772942300322,0.0,0.0430998293540103,0.0089090720827232,0.0,0.0052212878350158,0.0,0.0,0.0,0.0053250307562492,0.0530681734671509,0.0,0.0,0.0,0.0083516368782663,0.0,0.0,0.14858053664835,0.0,0.209457879485922,0.0666651890119491,0.015829954623585,0.0,0.007543519642573,0.0097406276291079,0.0077299628603971,0.0322134431515402,0.506954635413237,0.0078953809053046,0.0075911448296919,0.0,0.0,0.0,0.0,0.0,0.0,0.0652190596826777,0.0,0.0088363571506354,0.386680316583348,0.172103643142055,0.0135018621546958,0.0166141460280518,0.0,0.0,0.0,0.0,0.0,0.0,0.0087410171578112,0.0,0.0,0.0,0.0598858552313574,0.0048457883186883,0.0,0.0,0.0050809317358134,0.0,0.0,0.0405852383243337,0.0,0.0,0.0068309397130783,0.0318445224397026,0.0,0.0,0.0,0.0210987862742269,0.0,0.0,0.0,0.0295623797925241,0.0690459734691275,0.0491172935033603,0.0390199064632645,0.0,0.0,0.0055620691812012,0.0,0.0,0.0,0.0081889720986873,0.0,0.0,0.031911718489457,0.0,0.0,0.0,0.0262398130354991,0.0,0.0,0.0095471600260139,0.013884672056475,0.0,0.0071506488174682,0.228527124546707,0.0,0.0,0.0,0.0,0.0,0.0,0.0,0.0074157410669809,0.0,0.0,0.0,0.0,0.0043311675064253,0.0417778301866613,0.0,0.0,0.0,0.0,0.0,0.0,0.0,0.0,0.0,0.0088373781406622,0.0,0.0,0.0416231690504659,0.0,0.0,0.0268437344119656,0.0,0.0,0.0,0.0,0.0,0.0,0.0,0.0,0.0,0.0,0.0,0.0,0.0541756854491873,0.008309709899666,0.0,0.0,0.0,0.0,0.0,0.0,0.0,0.0996919075441722,0.0108235447297766,0.0073883456672605,0.0306519972894847,0.0,0.0,0.0,0.0,0.0,0.0,0.0,0.0,0.0,0.0039330130460529,0.0,0.0,0.0,0.0,0.0,0.506548580655702,0.0,0.0,0.0,0.0,0.0074057712037379,0.0,0.0,0.0251396400908286,0.0034930773279394,0.0,0.358153040926405,0.0,0.0063624858876324,0.0,0.0,0.0,0.0,0.0116551722050452,0.0047977218144893,0.0,0.053038301900069,0.0,0.0,0.0,0.0,0.113301179090459,0.0071178617821326,0.102166299207692,0.143928923047249,0.0058377408955389,0.0,0.0,0.0,0.0,0.0,0.0042546205942631,0.0,0.0,0.0,0.0,0.0,0.213121509521584,0.0,0.0708523147084652,0.0085777333923062,0.0,0.0092855710464493,0.0,0.0,0.0,0.0089104841209667,0.0385562731860874,0.0,0.0,0.0,0.0077383862103844,0.0,0.0,0.151222920934943,0.0,0.171773972711056,0.0291512380292422,0.0064609014723342,0.0,0.0141127277544258,0.0083787653875948,0.0049453306404748,0.0433876905123577,0.130155496446768,0.0096224427433476,0.0,0.0,0.0,0.0,0.0041108840983266,0.0089442472411985,0.0,0.0380792414608788,0.0,0.0121660020356904,0.237590689675532,0.139323709661915,0.0156977058731792,0.0079459543899941,0.0,0.0,0.0,0.0,0.0,0.0,0.0112220991822771,0.0,0.0,0.0,0.034697183622824,0.00395334771054,0.0,0.0040067868205505,0.0046459300015185,0.0,0.0,0.0953206647378107,0.0042799475740444,0.0,0.0040833053985822,0.0276895800622362,0.0,0.0,0.0045379910238096,0.0171547900946375,0.0,0.0,0.0043594484401199,0.0263654554554545,0.0274595220050345,0.0418655638855046,0.0303009683850811,0.0,0.0,0.0,0.0,0.0,0.0,0.0,0.0,0.0,0.0146151826613608,0.0,0.0,0.0,0.0189340676839593,0.0,0.0057615477580962,0.0042140219707462,0.0094283311714618,0.0,0.0093594342157222,0.0859876985050128,0.0,0.0,0.0,0.0,0.0,0.0,0.0,0.006997654591017,0.0,0.0064046505729139,0.0,0.0,0.0,0.023875101605331
IP,0.0,0.0,0.0,0.0,0.0,0.0,0.0,0.0,0.0,0.0,0.0,0.0,0.258065344389833,0.0,0.0,0.0,0.0,0.0,0.0,0.0,0.0,0.0,0.0,0.0,0.0,0.0,0.0,0.0,0.0386599349260241,0.0,0.0,0.0392216836205526,0.0120825936239946,0.0,0.0,0.0,0.0053845070390996,0.350335816594531,0.0,0.0101722553578481,0.0,0.0,0.213689414848527,0.0,0.0043334356712896,0.0,0.0,0.0,0.0,0.0,0.0171895667687279,0.0567614520270067,0.0,0.0,0.0,0.0,0.0313106310149698,0.0,0.0,0.0,0.0,0.0,0.0,0.0,0.0068371207775832,1.15879293150022,0.0,0.060859387174836,0.0,0.0101497340927577,0.0,0.0,0.0,0.0,0.0,0.0,0.0,0.0065654415906689,0.0,0.0,0.0,0.0,0.0,0.0074574881110167,0.170247923964864,0.0105467275487461,0.0,0.0,0.0,0.0,0.0,0.0,0.0,0.0,0.0,0.0,0.0,0.0,0.2279761842019,0.0,0.047021361964583,0.0047132924647377,0.0,0.0,0.0,0.0149640095738585,0.0,0.0,0.0107919837801497,0.0,0.0,0.0,0.0037589804872256,0.0,0.0,0.0345813267670573,0.0,0.705287846556981,0.266483586036105,0.0042517824749517,0.0,0.0,0.513614117482903,0.0058001095030338,0.0075794703257613,0.0046511884846063,0.0,0.0045347729012709,0.0,0.0,0.0,0.0,0.0,0.0,0.200970245598318,0.0,0.124457895467182,0.0151381423622241,0.0312209706622624,0.0,0.0723753310295798,0.0,0.0,0.0,0.0,0.0,0.0,0.0086456217138174,0.0,0.0,0.0051172180378728,0.0035712126742103,0.0,0.0,0.0,0.0,0.0,0.0,0.0082948270130643,0.0,0.0,0.0,0.288394916204711,0.0,0.0,0.0,0.0,0.0,0.0,0.0,0.0272375719024246,0.0048870768359711,0.0531074894320456,0.08862752008311,0.0,0.0,0.0,0.0,0.0,0.0,0.0036513476010242,0.0,0.0,0.0498634571383623,0.0563666664177666,0.0,0.0,0.0,0.0,0.0,0.0,0.0698477271665854,0.0091557828880976,0.0,0.0063075798296694,0.0,0.0,0.0,0.0,0.0,0.0,0.0,0.0040214627101159,0.0,0.0,0.0,0.0,0.0,0.0,0.0,0.0,0.0,0.0,0.0,0.0,0.0,0.0,0.0,0.0,0.0051328589429465,0.0,0.0070682223798644,0.0,0.0,0.458531524085192,0.0,0.0,0.0,0.0,0.0193415553071362,0.0,0.0,0.0,0.0,0.0,0.0,0.0,0.0193930876983235,0.100883494487358,0.0,0.0419450000697225,0.0131119653746611,0.0,0.0,0.0,0.0152436083837468,0.0253507504449411,0.0,0.0,0.0122329981061928,0.0,0.0,0.0,0.0,0.0,0.0,0.0,0.0,0.0,0.0,0.0071558995525288,0.0,0.0,0.0,0.0,0.182508498018767,0.0,0.0,0.0,0.0,0.0,0.0,0.0,0.0649803418594233,0.0072210655005523,0.0,0.0494912840480499,0.0,0.0116473216160904,0.106045192175396,0.0,0.0419954495615283,0.0046379786588085,0.0,0.130130269881096,0.0,0.0079171721826654,0.0,0.0,0.0,0.0,0.0551543444045443,0.0716915776212556,0.0064154632225513,0.0309196431550357,0.0,0.0,0.0074363423655113,0.0,0.0,0.0,0.0,0.0,0.0,0.0,0.0,0.0065171646082482,1.51962002928602,0.0,0.0404583095855388,0.004922974121797,0.0,0.0,0.0,0.0,0.0104691961562763,0.0778501630412308,0.0,0.0,0.0,0.0,0.0038795050422943,0.0,0.0,0.409010725877223,0.0,0.0222168346479306,0.0200667609301824,0.0035075524881117,0.0,0.116466984418915,0.0,0.0643057940328212,0.0066582648531995,0.0060538068868995,0.0197766134714949,0.0,0.0,0.0,0.0818447003290443,0.0217412341625397,0.0070201293293098,0.0,0.0261429784445202,0.0,0.0048932871468641,0.202339512743618,0.450903845007907,0.0,0.0,0.0,0.0,0.0,0.0,0.0,0.0,0.0046774719349484,0.0,0.0,0.0037736002782166,0.970482177661439,0.0036914198747725,0.0,0.0,0.0,0.0301386688482319,0.0,0.969859906934317,0.0498506404009537,0.0,0.0,0.0,0.0095566701061609,0.0,0.0,0.0,0.0039082315316536,0.0053417021073164,0.0546482417401292,0.0215424054016349,0.0,0.0,0.0,0.0,0.0,0.0,0.0,0.0,0.0,0.0,0.0,0.0,0.0056723641258501,0.0,0.0,0.0,0.159037308432749,0.0,0.0,0.0,0.0,0.634951874999603,0.0,0.0,0.0,0.0,0.0,0.0,0.0,0.0,0.0,0.456627732004819,0.0,0.217872960699858,0.0574223944847771,0.0230822515072971,0.010340114750352,0.0
IPN,0.007406634906453,0.0,0.0185426763735043,0.0656656551250503,0.0,0.0082323494995227,0.0,0.0,0.0,0.0,0.0,0.0,0.0,0.0,0.011943096722615,0.0203150564226571,0.0,0.0,0.0,0.0,0.0,0.0040606176466746,0.0,0.0107294939457462,0.0922604217259711,0.0163114817590452,0.410971518407024,0.0079470146779802,0.0046123614126501,0.0038573923190916,0.0,0.0230579711538694,0.0038947227011109,0.0,0.0,0.122190385157144,0.310866657838071,0.0,0.0,0.0,0.140416224266577,0.0153656527432554,0.0,0.0040155550326677,0.061905522530872,0.0058705352395965,0.0879830544598724,0.0314181436957233,0.0038439027373892,0.0,0.0,0.0,0.0,0.0055358685716144,0.0096914786370709,0.0,0.0180650070216429,0.0,0.0,0.0,0.0,0.0,0.0,0.0,0.0181752477582537,0.0,0.641081359708987,0.005949609491965,0.0,0.0,0.0046896717688754,0.0,0.0,0.051254763917973,0.391462031510148,0.0,0.125134025831802,0.0,0.0329911603454388,0.245840783760395,0.0044105017216035,0.0104019730680009,0.0075109580946985,0.0314271670053781,0.0,0.0,0.0045706333385067,0.0,0.0,0.0,0.0153137222202672,0.0058965481902868,0.0,0.0,0.0046461302660639,0.0,0.0455350207042851,0.0,0.245684118604083,0.0953766056267908,0.0,0.134097706679184,0.0710209651072665,0.0,0.0,0.0,0.0,0.0107771711689908,0.0,0.0,0.0,0.0,0.0809739339602582,0.0,0.0,0.255031038169381,0.0,0.0,0.0050057361578125,0.208953696523734,0.0080795199499028,0.0091581812281632,0.0049937723609088,0.0058397555962689,0.0,0.0,0.0584927417695671,0.0101785952680046,0.003485068147116,0.0,0.0,0.0,0.0,0.0,0.0086671264581937,0.0,0.0,0.028849846453186,0.147008857317871,0.0,0.0,0.0062658142563047,0.0,0.0,0.0052779243416698,0.0,0.0,0.0,0.0056487090856809,0.0091486529723863,0.0,0.0514311747357942,0.0071953898926208,0.0,0.0,0.0107198599847069,0.0087078157029012,0.0,0.032858792533854,0.0,0.129599803327432,0.119452168050706,0.0,0.0,0.0054699489919743,0.0176557500520567,0.0,0.0,0.0,0.0,0.0,0.0,0.0,0.0,0.0,0.0,0.0,0.0,0.0,0.0,0.0,0.0,0.0560367269879124,0.0,0.0,0.0,0.0,0.0134832127448817,0.0486236283280685,0.0114008162264574,0.0241762409234234,0.0,0.0,0.0,0.0,0.0,0.0,0.0,0.0,0.0,0.0,0.0,0.0177339021716096,0.0,0.0,0.0,0.0,0.138611339259282,0.0,0.0,0.0,0.0086810463208312,0.0226006963725613,0.0,0.0,0.0,0.0,0.0,0.0,0.0,0.0,0.0,0.0,0.0131185840398567,0.0045548118926092,0.0,0.0,0.0,0.0,0.0,0.0,0.0,0.0039548785292258,0.113853733568371,0.0103695724872,0.148046856834674,0.0,0.0045776066142524,0.0039575743750229,0.0,0.007517975606124,0.0,0.0,0.0,0.026796100371456,0.163146346800552,0.0,0.0,0.0,0.0729167255826869,0.0,0.0,0.0,0.0091808628560094,0.0,0.0151081995356617,0.0144852208004012,0.0041237658417603,0.0,0.0,0.0,0.0,0.0,0.0,0.0,0.0091988895651657,0.0,0.0,0.0,0.0,0.0,0.0,0.0,0.0,0.0,0.130709932181731,0.0232268644617842,0.0,0.0,0.0,0.0,0.0,0.0188525981806838,0.17306048701831,0.0,0.0492347256205181,0.0069280416954771,0.010416785539438,0.118545373505076,0.0069600299858355,0.0047241102711591,0.0,0.0250778463523974,0.0128666920529404,0.003728346355699,0.0034612014026029,0.0,0.0,0.0,0.0,0.0,0.0,0.0,0.0047269511750168,0.0,0.0102880099469998,0.0,0.0997065786936874,0.0427817932987824,0.003776163741546,0.0851527812181735,0.0539744126385469,0.0,0.0,0.0,0.0,0.0088077273617313,0.0,0.0,0.0,0.0,0.0054095551639761,0.0,0.0,0.194273559577147,0.0,0.0234733267092997,0.0090863739041621,0.204319287800904,0.0,0.003875802457635,0.0037826178890804,0.0,0.0,0.0091731203547806,0.0181466372451592,0.004563038378823,0.0,0.0,0.0,0.0,0.0,0.0,0.0069545497941264,0.0,0.0,0.0107860978696268,0.029938444255671,0.0,0.0035514071856329,0.0,0.0,0.0,0.0,0.0,0.0,0.0,0.0050490445219151,0.0038896959886374,0.0,0.0070483008385193,0.0,0.0,0.0,0.0054322260042289,0.0,0.0,0.0098193992359149,0.0,0.0569993949282772,0.0461144712480513,0.0,0.0044253934394073,0.0,0.0,0.0038736201593332,0.0,0.0,0.0,0.0,0.0,0.0050725087264366,0.0052833010113956,0.0,0.0,0.0,0.0,0.0,0.0,0.0,0.0,0.0267140941186843,0.0041298702068994,0.0,0.0,0.0,0.006542176416425,0.0187742010571966,0.008337808002227,0.0124100086975469,0.0,0.0037578331159324,0.0,0.0168550578620431,0.0,0.0,0.0,0.0,0.0,0.0,0.0,0.0077767100698426,0.0,0.0,0.0,0.0,0.0363845154749707,0.0
IRN,0.0,0.0,0.0,0.0,0.0,0.0,0.0,0.0,0.0,0.0126182823491402,0.0,0.0,0.0545259946427741,0.0,0.0,0.0158343480954457,0.0,0.0,0.0,0.0,0.0,0.0,0.0,0.0,0.0,0.0,0.0,0.0,0.0166143201061038,0.0,0.0,0.0,0.0,0.0,0.0,0.0,0.0034527580686793,0.0283134255018029,0.0,0.0,0.0,0.0,0.0,0.0,0.0,0.0,0.0,0.0,0.0,0.0,0.0085065444992715,0.0,0.0,0.0,0.0,0.0,0.68924614812284,0.0,0.0,0.0,0.0,0.0,0.0,0.0,0.0163241282886512,0.0082134110012561,0.0,1.196180235441,0.0,0.0117318974658964,0.0,0.0,0.0,0.0,0.005206937803242,0.0,0.0,0.0763309565703251,0.0,0.0,0.0,0.0,0.101611439895155,0.0060086748892719,0.336019630776474,0.284750675253988,0.0,0.0,0.0,0.0,0.0,0.0,0.0034987452875647,0.0,0.0,0.0,0.0,0.0,0.131451293607844,0.0,0.118783320601947,0.0,0.0,0.0,0.0,0.0047796110697259,0.0,0.0,0.145856093163945,0.0,0.0,0.0,0.0038966911314652,0.0,0.0,0.0819532287445043,0.0,0.662086883649093,0.135865745357351,0.0089585327881925,0.0,0.0089420056519138,0.0056829786864184,0.0,0.0374570823123718,0.216597176522019,0.0,0.0037539792964523,0.0,0.0,0.0,0.0,0.0,0.0,0.036124648732719,0.0,0.0217534246332408,0.209072503721788,0.0729578886992755,0.0183255854494646,0.0741945101681612,0.0,0.0,0.0,0.0,0.0,0.0,0.0,0.0,0.0,0.0,0.017779551182362,0.0,0.0,0.0,0.0,0.0,0.0,0.0334654934452384,0.0,0.0,0.0,0.053995879808918,0.0,0.0,0.0,0.0167334439070928,0.0,0.0,0.0,0.0555044778226765,0.190362943863149,0.16682192392502,0.16522816872456,0.0,0.0,0.0,0.0,0.0,0.0,0.0,0.0,0.0,0.0675996318207064,0.0117593593914794,0.0,0.0,0.0068061099272547,0.0,0.0,0.0038858410896441,0.0754953688890853,0.0,0.0046333185871926,0.324913249255285,0.0,0.0,0.0,0.0,0.0,0.0,0.0,0.0,0.0,0.0,0.0,0.0,0.0,0.0965409050837966,0.0,0.0,0.0,0.0,0.0,0.0,0.0,0.0,0.0,0.0066951143138349,0.0,0.0,0.0208419070057328,0.0,0.0,0.0267416575883877,0.0,0.0,0.0,0.0,0.0,0.0,0.0,0.0,0.0,0.0,0.0,0.0,0.0158008088984509,0.0040693757338191,0.0,0.0,0.0,0.0,0.0,0.0,0.0,0.0229064954301973,0.0047227629981142,0.0,0.0112466815071,0.0,0.0,0.0,0.0,0.0,0.0,0.0,0.0,0.0,0.0043958681017007,0.0,0.0,0.0,0.0,0.0,0.352726256991561,0.0,0.0,0.0,0.0,0.0072007397663613,0.0,0.0,0.0188975197500912,0.0,0.0,0.620256983942924,0.0,0.0077294255606416,0.0,0.0,0.0,0.0,0.0044725599562378,0.0,0.0,0.0212016156835773,0.0,0.0,0.0,0.0,0.0422875889655487,0.0044961973683171,0.102180849632221,0.132832884744303,0.0,0.0,0.0,0.0,0.0,0.0,0.0,0.0,0.0,0.0,0.0,0.0,0.129853986438828,0.0,0.073425240803784,0.0,0.0,0.008820522258216,0.0,0.0,0.0,0.004067956560829,0.0567275569364225,0.0,0.0,0.0,0.0038009003733504,0.0,0.0,0.0779646203075633,0.0,0.258912234614287,0.0586990714071481,0.0,0.0,0.0097296163011927,0.0051651940129017,0.0055536757995011,0.0298485529893238,0.0677251509018516,0.003539091592818,0.0,0.0,0.0,0.0077361758540296,0.0,0.0,0.0,0.0204606742751864,0.0,0.0077175122391125,0.153393113857222,0.0601571127311966,0.0114061390782329,0.0223708518274478,0.0,0.0,0.0,0.0,0.0,0.0,0.0,0.0,0.0,0.0,0.0218664028101276,0.0,0.0,0.0,0.0,0.0,0.0,0.0629809141884147,0.0,0.0,0.0,0.0191821552499407,0.0,0.0,0.0,0.0105687724791521,0.0,0.0,0.0039683562363037,0.0228600095279478,0.0344905584549328,0.0445188407080066,0.0432370555774273,0.0,0.0,0.0,0.0,0.0,0.0,0.0,0.0,0.0,0.0473348517221422,0.0050155090632341,0.0,0.0,0.0138330738277042,0.0,0.0,0.0,0.0702089599712869,0.0044804767869632,0.0,0.103964953358086,0.0,0.0,0.0,0.0,0.0,0.0,0.0,0.0057105156057961,0.0,0.0052692820728091,0.0050629136552141,0.0,0.0,0.0667201475692499
LA,0.275494717941333,0.758786981285622,0.308019366095453,3.50734006513397,0.0,0.0416517183637532,0.876930197950742,0.356973659365161,0.485187392387524,0.0,0.0,0.0,0.0,0.0,0.614894290944243,0.0,0.0076886319161175,0.0222379558468118,0.0295505224883601,0.0755085089264359,0.0,1.4203078533036,0.558054869916321,0.606847760098805,0.371450134017149,0.0,0.0484387887524693,1.29602156424047,0.0,0.0,0.41552294821736,0.0,0.0,0.0975594438630211,0.3757638930099,12.8975868280788,0.0,0.0,0.0,0.0,0.0207252807882934,0.0155855866188783,0.0,0.112799193264966,0.0,0.242015206544331,0.512955283328239,0.187380074122226,0.649472798845259,0.204403795996606,0.0,0.0,0.235637927516391,0.341046974712048,0.252177230517311,0.0151633179721392,0.0,0.135887859768075,0.0978357120867819,0.0,0.0,0.0,0.442482825986722,0.0,0.0,0.0,0.0,0.0,0.313813028397785,0.0,0.0,0.0,0.0,0.0,0.0954723678939786,0.0,0.0539895777606017,0.0,0.012080504621768,0.0973635989764506,0.0911682909947039,0.0924417866563613,0.0,0.0194602227858074,0.0,0.0,0.548163885942169,0.0,0.0,0.0,0.0,0.0,0.0274933957393361,0.362850612866232,1.41091845015685,0.072972795283924,0.0562717724073367,0.0,0.0107283436551973,0.0,0.0,0.0453604689472854,0.0,0.0,0.19539723938062,0.0,0.0,0.0,0.0,0.551120225973657,0.424580802375592,0.199762688372168,2.27056917581103,0.273422959707246,0.18192975160262,0.0038385705216778,0.0667069931418243,0.0,0.0,0.0,0.0524732496843244,0.0,0.0,0.0,0.0,0.0,0.0065784057495402,0.865237717415835,1.49897240238467,0.0,0.0,0.0,0.0406248632798388,0.0,0.0,0.0230715046987532,0.0,0.0,0.0,0.0,0.0,0.0055462827679752,0.0444064292801295,0.0048032995571836,0.0072555025093883,0.0,0.0,0.0,0.0087678584644915,0.0,0.0,0.0,0.0,0.0145665337604197,0.0264799860296878,0.0184796106660329,0.0080877765733601,0.0055267683618762,0.004388638509,0.0,0.0,1.5411519509693,0.0,0.0,0.0041154736275884,0.0170435472535856,0.0,0.0,0.0,0.0,0.0,0.0,0.0,0.0,0.152121781028886,0.0266478071793038,0.119280501692558,0.0579147495907703,0.0156804729109447,0.118413811662388,0.261667662410241,0.0,0.0,0.0,0.0,0.376251368094442,0.16357368400353,0.0,0.0,0.170628303129833,0.0656538858222128,0.0,0.0,0.0,0.0,0.139207694216315,0.0220707057914184,0.010508552081172,0.0244304386791952,0.0422688502827075,0.0234897029122993,0.0071001319275118,0.0,0.118350690577325,0.0,0.0,0.0,0.0,0.0,0.0165673774711383,0.0569696427798609,0.0118404231407858,0.711238127057184,0.0,0.0,0.248465278962452,0.170074149977091,0.106926685730573,0.0,0.0,0.0,0.0,0.0,0.0630039399363371,0.0,0.0,0.0101997705620353,0.010917066732166,0.0465050645583059,0.0,0.249587627603099,0.0097453136379961,0.0930552227602565,0.0055035497908406,0.0,0.0,0.0508902686057914,0.0,0.0,0.115995272491088,0.0,0.0,0.0057891465437336,0.0049750170129177,4.4142269180476,0.0,0.0,0.0,0.0,0.0081361084458623,0.0,0.0,0.0048636441881643,0.0,0.0894794500168627,0.0325265675496615,0.0053466541761648,0.130764046278853,0.0239349703286043,0.0,0.0,0.0327299372181045,0.0896221591977587,0.0087698847327609,0.0,0.0,0.0873675782837269,0.0047993600951349,0.0,0.0,0.0,0.0230829657197098,0.0,0.0,0.0,0.0,0.0,0.0260542513104029,0.0,0.0,0.0,0.0,0.0,0.0,0.0,0.0,0.0,0.0,0.0048312769635463,0.0,0.0057810648526914,0.0,0.0,0.0,0.0,0.005128814713325,0.0,0.0,0.0,0.0,0.0,0.0087293777295878,0.0533144549117577,0.145290139896978,0.0,0.0,0.0,0.0,0.0,0.0,0.0,0.0,0.0,0.0617429009803396,0.0,0.0,0.0,0.0,0.0740305861207736,0.0636509698714431,0.0270757249974735,0.696681265714044,0.0,0.0084970397279292,0.0,0.0,0.0,0.0,0.0,0.0091777466692036,0.0,0.0,0.0,0.0,0.0,0.0,0.0931346542472618,0.113917234812932,0.0,0.0,0.0,0.0037793346474696,0.0,0.0,0.0,0.0,0.0,0.0,0.0,0.0,0.0,0.008663718556344,0.0,0.0,0.0,0.0,0.0,0.0,0.0,0.0,0.0,0.0,0.0,0.0,0.0,0.0,0.0,0.0,0.0,0.0,0.250498544038361,0.0,0.0,0.0,0.0,0.0,0.0,0.0,0.0,0.0,0.0,0.0,0.0,0.034173907534462,0.0,0.0295067010732619,0.0158967336164198,0.0,0.0089147636916599,0.12031196830037,0.0,0.0,0.0,0.0,0.195980983620524,0.0,0.0,0.0,0.0095861142943216,0.0076194806490286,0.0,0.0,0.0,0.0,0.0961216201934986,0.0049928834436674,0.0,0.003454794079745,0.0072908603597031,0.0,0.0,0.0,0.0057873049927949,0.0,0.0,0.0,0.0,0.0
LAV,0.0,0.0,0.0,0.0,0.0,0.0,0.0,0.0,0.0,0.0035496551856117,0.0,0.0,0.0215854721512782,0.0,0.0,0.0131532536490809,0.0,0.0,0.0,0.0,0.0,0.0,0.0,0.0,0.0,0.0,0.0,0.0,0.0169480097915982,0.0054628769887865,0.0,0.0,0.0,0.0,0.0,0.0,0.0060925470729005,0.0301575270232062,0.0,0.0433682377642319,0.0043607916452785,0.0,0.0,0.0,0.0,0.0,0.0038322372592359,0.0046318588676757,0.0,0.0,0.0074133411912935,0.0186400293996579,0.0,0.0,0.0,0.0,0.696528718072228,0.0036055246369177,0.0,0.0,0.0,0.0,0.0,0.0,0.0,0.02808732005965,0.0,0.436778211018792,0.0,1.01359416728047,0.0,0.0,0.0,0.0,0.0061597732809792,0.0,0.0,0.0158365146469279,0.0,0.0,0.0,0.0,0.0246793068972003,0.0,0.110201236252633,0.115245679624348,0.0,0.0,0.0,0.0,0.0,0.0,0.0,0.0,0.0,0.0,0.0,0.0,0.164640065294634,0.0,2.40004546308031,0.0086793825371716,0.0036686465897615,0.0,0.0,0.0186707296797372,0.0,0.003501553301583,0.109017763006827,0.0,0.0,0.0,0.0228117590501507,0.0,0.0,0.0693382194447622,0.0,0.543723880450715,0.125998676912998,0.0282191182783252,0.0,0.0294142248043458,0.0064562813360683,0.0,0.13901203736547,0.0315899511849819,0.0,0.0147014998001897,0.0,0.0,0.0175314636417304,0.0,0.0,0.0,0.0456298388922438,0.0,0.0175026911815377,0.278277188751521,0.126291690957712,0.0966860993271664,0.0536496743001944,0.0,0.0,0.0,0.0,0.0,0.0,0.0067289167168329,0.0,0.0,0.0,0.0119911396517086,0.0,0.0,0.0,0.0,0.0,0.0,0.0056991552322919,0.0,0.0,0.0,0.0132883940316466,0.0,0.0,0.007546372466628,0.0265487043814779,0.0,0.0,0.0041179977879096,1.82374629719301,0.189550360989637,0.328730680699495,0.443143910427493,0.0,0.0,0.0,0.0,0.0,0.0,0.0,0.0,0.0,0.0185512331022705,0.199965165192455,0.0,0.0,0.0,0.0,0.0,0.0080686052244826,0.0363253525987554,0.0121096930225929,0.0342255044923798,0.0612460237568677,0.0,0.0,0.0,0.0,0.0,0.0,0.0,0.0130598775921771,0.0,0.0572363041358465,0.0,0.0,0.0,0.0135926286980305,0.0,0.0,0.0,0.0,0.0,0.0,0.0,0.0,0.0,0.0,0.0,0.0,0.0070320630534674,0.0,0.0,0.011483092489551,0.0,0.0,0.0,0.0,0.0086307612236714,0.0,0.0,0.0,0.0,0.0,0.0,0.0,0.0143204745725156,0.0,0.0,0.0,0.0,0.0,0.0,0.0,0.0044776507748008,0.024924691130809,0.0,0.0,0.0455681841245482,0.0,0.0,0.0,0.0,0.0,0.0,0.0077497542659328,0.0,0.0,0.0035511585417297,0.0037258029994976,0.0,0.0,0.0,0.0,0.561985943595337,0.0,0.0,0.0106216733388147,0.0,0.0088251647708948,0.0,0.0,0.0090765345656523,0.0050757430298446,0.0,0.293763800418138,0.0,0.0316241186026423,0.0075789026052377,0.0,0.0,0.0,0.0,0.0,0.0,0.0393656888758762,0.0,0.0,0.0,0.0,0.0283684717588257,0.0074644884194009,0.0282191637457762,0.143720483665866,0.0061343038385236,0.0,0.0,0.0,0.0,0.0,0.0169624262491237,0.0,0.0,0.0,0.0,0.0,0.194486944037433,0.0,0.542382323721781,0.0,0.0044348639030662,0.0302359785874858,0.0,0.0055170842307032,0.0,0.0,0.0225711191372057,0.0,0.0,0.0,0.0129133789989262,0.0,0.0,0.219238817310716,0.0,0.18104186240072,0.0292478520004432,0.0080855541488105,0.0,0.0038162668840259,0.0056762980669132,0.0087039134912243,0.168092958976699,0.0506058713311308,0.0136133809423887,0.0098901428700591,0.0,0.0,0.0057291657233611,0.0,0.009149242293988,0.0,0.0054347989729255,0.0,0.0043382446089938,0.188908818627604,0.0379126226700055,0.113524532436815,0.0124069490293812,0.0,0.0,0.0,0.0,0.0,0.0,0.0116490090473197,0.0,0.0,0.0,0.0248123198182004,0.0,0.0,0.0,0.0,0.0057002105036349,0.0,0.0132938907695223,0.0,0.0,0.0,0.0036510232506155,0.0,0.0,0.0,0.0387049136205553,0.0,0.0127243742746555,0.0,0.118894045777037,0.0159012339643874,0.0204878625564371,0.044025057304806,0.0,0.0,0.0,0.0,0.0,0.0,0.0,0.0,0.0,0.013315841211882,0.0175917481434038,0.0,0.0,0.0064105725863118,0.0,0.0069296468131845,0.0,0.0142319102378763,0.0115853845977052,0.0191440539144235,0.0216276480543929,0.0,0.0,0.0,0.0,0.0,0.0,0.0,0.0358245383419862,0.0,0.0193127754419211,0.007109466093256,0.0041266821998561,0.0,0.0187930013860909
LD,0.0,0.270846603847463,0.152281605661955,0.0076530114414243,0.0301886322823068,0.0,0.0054302462582357,0.0,0.0058095161723889,0.0,0.0087427161233077,0.0051577763681957,0.0045246374667779,0.0,0.0,0.0,0.0,0.0056075301088308,0.0,0.0,0.133396262520483,0.0040893328025101,0.0,0.0095903191299929,0.103797751146648,0.0095052799385848,0.0894760406506583,0.006936737605069,0.0,0.0219620698351477,0.0,0.0,0.0,0.0040996971492717,0.0035708191475358,1.59253524327241,0.0,0.0,0.0,0.0,0.10841526015948,0.0,0.0,0.0,0.0,0.0036693426908873,0.0276247936990144,0.179449898418506,0.0,0.0,0.0,0.0,0.0,0.0,0.0,0.0,0.0,0.0063235697175383,0.0,0.0,0.0,0.0,0.0040112173995141,0.0,0.0,0.0,0.0,0.0,0.0267189891105173,0.0,1.59755483996445,0.0190671089799168,0.0,0.0035710680721711,0.0,0.141549902059642,0.0,0.0,0.0,0.0,0.0,0.0,0.0,0.0134088250569451,0.0,0.0,0.0,0.0,0.0,0.0051232078540767,0.0,0.0,0.0095269350276958,0.40620852928593,0.521075292269392,0.0,0.0,0.0,0.0,0.0,0.0,0.010207574005834,0.0,0.0,0.0,0.0,0.0,0.0,0.0,0.0036972904586804,0.0,0.0045159799937902,0.0197082024552719,0.0,0.0,0.0,0.0559935125025882,0.0,0.0,0.0,0.0,0.0,0.0118391598281564,0.0,0.0,0.0,0.0,0.0164774793966818,0.0300276421879914,0.0,0.0620986377115123,0.0,1.45541106392048,0.0,0.0,0.881086466616033,0.0,0.0,0.0,0.0,0.0,0.0,0.346554490336393,0.0,0.0,0.0,0.0,0.0,0.0,0.0,0.0,0.0,0.0,0.671351057002973,2.35130863619628,1.705659701969,0.36938916269028,0.0,0.0,0.0061561834023865,0.0,0.0037102689110158,0.0,0.0,0.0,0.0119018690411993,0.0,0.0,0.0,0.0,0.0,0.0,0.0,0.0,0.217472691572592,0.352668931430502,0.0249916983387742,0.0394639514991428,0.219035225440436,0.284458518708538,0.0846977491990476,0.0,0.0,0.0,0.0,0.0076155048510384,0.0,0.0,0.0,0.0052833255375221,0.0161190866632659,0.0,0.0267636322029062,0.0,0.0,0.0071660122844409,0.0294252536001577,0.202745087687877,0.0469660416159762,0.730171070153663,0.0508795410508187,0.15780250595101,0.0038044351327169,0.0,0.0578373172016037,0.0211858587954019,0.0,0.0,0.0,0.0,0.0053738505080053,0.0163897503095755,0.0,0.0,0.0,0.0,0.0,0.0,0.0,0.0,0.0,0.0,0.0,0.0,0.0,0.0,0.0,0.0,0.0,0.0,0.0,0.0,0.0,0.0406484230282444,0.0,0.0229731243951272,0.0,0.0,0.0,0.0,0.0,0.0,0.0043938497818328,0.0,0.0,0.0,0.0,0.0,0.0,0.0625089323046743,0.0,0.0,0.0,0.0,0.0,0.0,0.0,0.0,0.0,0.0,0.0,0.0,0.0,0.0,0.0,0.0,0.0,0.0,0.0,0.0,0.0,0.0,0.0,0.0,0.0,0.0,0.0,0.0,0.0,0.0,0.0,0.0,0.0,0.0,0.0,0.0,0.0,0.0036252636261544,0.0,0.0,0.0,0.0,0.0,0.0,0.0,0.0085379093308961,0.0,0.0,0.0,0.0,0.0,0.0086361603368903,0.0,0.0,0.0,0.0,0.0,0.0,0.0,0.0,0.0083724243924796,0.0,0.0,0.0,0.0,0.0,0.0,0.0,0.0,0.0,0.0,0.0100016863217952,0.0,0.0,0.0,0.0,0.0,0.0,0.0,0.0,0.0,0.0044172194081989,0.0,0.0,0.0,0.0,0.0070291896189273,0.0,0.0,0.0,0.0,0.0059274388313962,0.0,0.0,0.0044108578774879,0.0038185064554303,0.0,0.0,0.0,0.0,0.0,0.0,0.0,0.0,0.0,0.0,0.0,0.0,0.0,0.0,0.0,0.0,0.0,0.0046116931855354,0.0140150698737103,0.0,0.0,0.0,0.0,0.0,0.0,0.0,0.0,0.0,0.0,0.0,0.0,0.0,0.0,0.0,0.0,0.0,0.0,0.0,0.0,0.0,0.0,0.0,0.0,0.0,0.0,0.0,0.0,0.0,0.0,0.0,0.0,0.0,0.0131586861866388,0.0,0.0,0.0,0.0039336142744292,0.0,0.0,0.0,0.0,0.0,0.0,0.0,0.0,0.0,0.0,0.0,0.0,0.0,0.0,0.0
LGd,0.0,0.0,0.0,0.0,0.0,0.0,0.0,0.0,0.0,0.0,0.0,0.0,0.0,0.0,0.0,0.0112028566674166,0.0,0.114277949778951,0.267173369467769,0.244243429857926,0.0,0.0045823540382451,0.0,0.0,0.0393966300051856,0.0,0.0161914457734423,0.0087302384211138,0.0,0.0,0.0,0.0,0.0,0.0,0.0,1.00321316078358,0.0,0.0,0.0035711890877363,0.0,0.0265962803393622,0.0,0.0,0.0,0.0,0.0560722818932815,0.0086865112077375,0.0056655645166461,0.0,0.0,0.0,0.0,0.0,0.0,0.035690943327807,0.0,0.0,0.0,0.0,0.0,0.0,0.0056100754800873,0.0,0.0,0.0,0.0,0.0,0.0,0.0795998422079799,0.0,0.0764937914164917,1.30710893137418,0.0322862816551262,0.0,0.0039191619535281,0.866412335110742,0.0,0.0,0.0,0.0,0.0,0.0,0.0,0.0,0.0,0.0,0.0059611237786427,0.0091638516588561,0.0324551357162483,0.0409420251780377,0.0,0.0,0.0,0.0118492258306402,0.0073652412610304,0.0,0.0,0.0,0.0144644955759899,0.0,0.0,0.0,0.0,0.0,0.0,0.0,0.0079870979045393,0.0,0.0,0.0,0.0,0.0,0.0,0.0,0.0,0.0154447363767453,0.0,0.0,0.0,0.0,0.0,0.0,0.0,0.0,0.0,0.0,0.0,0.0,0.0,0.0,0.0237828784476463,0.0131568447135443,0.0307261810054123,0.0,0.0,0.0218948222662335,0.0,0.0,0.0,0.0,0.0,0.0,0.949593423918898,0.0,0.0,0.0,0.0,0.0,0.0,0.0,0.0,0.0,0.0,0.025422332859678,0.0695073650029687,0.03993444307892,0.569456474019798,0.0,0.0350336073362277,0.0191110136941899,0.0,0.0105579706980467,0.0,0.0,0.0,0.0,0.0,0.0,0.0,0.0039568038994707,0.0,0.0,0.0,0.0,0.151612117299227,0.0109264635752521,0.0082953008918456,0.0201338542061658,0.0079368750283368,0.0206940338509203,0.118035638950886,0.0,0.0,0.0,0.0,0.462762580671766,0.0,0.0,0.0,0.0,0.0,0.0,0.0,0.0,0.0,0.0093933646928899,1.0065979540465,0.189243078009667,2.05556459947746,11.8971380396388,0.0502810921438835,0.277341110584363,0.0,0.0,0.0310440159963228,0.0822340994446018,0.0,0.0,0.0,0.0,0.0,0.0,0.0,0.0,0.0,0.0,0.0,0.0,0.0,0.0,0.0,0.0,0.0,0.0,0.0,0.0,0.0,0.0,0.0,0.0,0.0,0.0,0.0,0.0,0.0,0.0,0.0,0.0,0.0,0.0,0.0,0.0,0.0,0.0,0.0,0.0,0.0,0.0,0.0,0.006141643885521,0.0,0.0,0.0,0.0,0.0,0.0,0.0,0.0,0.0,0.0,0.0,0.0,0.0,0.0,0.0,0.0,0.0,0.0,0.0,0.0,0.0,0.0,0.0,0.0,0.0,0.0,0.0,0.0,0.0,0.0,0.0,0.0,0.0,0.0,0.0,0.0,0.0,0.0,0.0,0.0,0.0,0.0,0.0,0.0,0.0,0.0,0.0,0.0,0.0,0.0,0.0,0.0,0.0,0.0,0.0,0.0,0.0,0.0,0.0,0.0,0.0,0.0,0.0,0.0,0.0,0.0,0.0,0.0,0.0,0.0,0.0,0.0,0.0,0.0,0.0,0.0,0.0,0.0,0.0,0.0,0.0,0.0,0.0,0.0,0.0,0.0,0.0,0.0,0.0,0.0,0.0,0.0,0.0,0.0,0.0,0.0,0.0,0.0,0.0,0.0,0.0,0.0,0.0,0.0,0.0,0.0,0.0,0.0,0.0,0.0,0.0,0.0,0.0,0.0,0.0,0.0,0.0,0.0,0.0,0.0,0.0,0.0,0.0,0.0,0.0,0.0,0.0,0.0,0.0,0.0,0.0,0.0,0.0,0.0,0.0,0.0,0.0,0.0,0.0,0.0,0.0,0.0,0.0,0.0,0.0,0.0,0.0,0.0,0.0,0.0,0.0,0.0,0.0,0.0,0.0,0.0,0.0,0.0,0.0,0.0,0.0,0.0,0.0,0.0,0.0,0.0,0.0,0.0
LGv,0.0040192112413809,0.0,0.0,0.0,0.0,0.0124905344928369,0.0039543007898175,0.0040389068351214,0.0,0.0,0.0,0.0,0.0,0.0,0.0,0.0144534126570095,0.0,0.101800136152682,1.22854173663213,1.46901829213283,0.0,0.0089397031241606,0.0289699093707924,0.0164240662271503,0.0244851672176109,0.0043822190260468,0.08985221088878,0.0404602322627471,0.0,0.0,0.0,0.0,0.0,0.0073779472960353,0.0076564993815179,2.26134410841357,0.0,0.0,0.0327567857854115,0.0,0.0311608149865281,0.0066627127329145,0.0,0.0,0.0,0.12648469973204,0.0148991854252294,0.0054753275175932,0.0,0.0,0.0,0.0,0.0,0.0,0.229033124679944,0.0121857463909061,0.0,0.0062968653405764,0.0,0.0,0.0046799520349582,0.037043189374823,0.0,0.0,0.0,0.0,0.0,0.0,0.352389331848623,0.0,0.0504022188028657,0.370359221769509,0.0093754690558949,0.0,0.0417770189991729,0.253592367847744,0.003809330667053,0.0,0.0,0.0,0.0,0.0,0.0,0.0,0.0,0.0,0.0581962554468263,0.0100140242783708,0.269396077356948,0.439130886027954,0.0,0.0,0.0064202141832455,0.051235323264813,0.0040746245300014,0.0066071488541629,0.0060747932327853,0.0,0.11065596765538,0.0,0.0,0.0074933986463615,0.0,0.0,0.0,0.0,0.0,0.0,0.0,0.0,0.0,0.0,0.0148027929131007,0.0,0.0053710910383555,0.0896409796660802,0.0,0.0,0.0034603874807886,0.0,0.0,0.0036025028660001,0.0036588781078758,0.0053728255385316,0.0,0.0,0.006669111750678,0.0187562808284286,0.0,0.0,0.0297083934890197,0.0224080992181869,0.010032737705368,0.0238271022386364,0.017643806475529,0.0075166997962149,0.0,0.0056170348225649,0.0099007661339571,0.0,0.0,0.0,0.267967453823859,0.0,0.0,0.0,0.0,0.0,0.0097422344780093,0.0035852324042994,0.0,0.0,0.0,0.0081321710831073,0.022037284832184,0.0141085164414079,0.426063514843778,0.0,0.0780438562729779,0.0082878431654667,0.0,0.0435216633615201,0.0,0.0,0.0,0.0064330844312449,0.0,0.0038476416137827,0.0057187795434206,0.0434098746252169,0.0,0.0,0.0,0.0,0.59886796076384,0.0091612832276121,0.391810936340187,1.08868942554339,0.0299545722974109,0.665632364769364,1.33823533164099,0.0,0.0,0.0,0.0,1.05132126767954,0.0,0.0034684363210311,0.0,0.0,0.023773758957879,0.0,0.0,0.0,0.0,0.0884601161818426,0.281790957534941,0.0528971526147659,0.575254663920593,3.33811561105909,0.0145869915965338,0.0867957710597006,0.0,0.0357659712430881,0.304564894344752,0.567604594184269,0.0078786620160199,0.0,0.0,0.0,0.0,0.0,0.0,0.0,0.0,0.0,0.0,0.0,0.0,0.0,0.0,0.0,0.0,0.0,0.0,0.0,0.0,0.0,0.0,0.0,0.0,0.0,0.0,0.0,0.0,0.0076277162771178,0.0,0.0,0.0,0.0,0.0,0.0,0.0038631804506864,0.0067841760666325,0.0054733184977555,0.0,0.0,0.0,0.0,0.0342543979088012,0.0,0.0,0.0,0.0,0.0,0.0,0.0034559828957848,0.0,0.0,0.0,0.0,0.0,0.0,0.0,0.0,0.0,0.0,0.0,0.0,0.0,0.0,0.0,0.0,0.0,0.0,0.0,0.0,0.0,0.0,0.0,0.0,0.0,0.0,0.0,0.0,0.0,0.0,0.0,0.0,0.0,0.0,0.0,0.0,0.0,0.0,0.0087603709053286,0.0,0.0,0.0,0.0,0.0,0.0071613623551199,0.0,0.0,0.0,0.0,0.0,0.0,0.0,0.0,0.0063884050304414,0.0,0.0,0.0,0.0,0.0,0.0,0.0,0.0,0.0,0.0,0.0156261442204373,0.0,0.0035479253914519,0.0097291476102858,0.0,0.0,0.0,0.0,0.0,0.0,0.0,0.0,0.0,0.0,0.0,0.0066057357701219,0.0,0.0,0.0,0.0,0.0039434968389752,0.0,0.0,0.0,0.0,0.0,0.0,0.0,0.0,0.0,0.0,0.0,0.0,0.0,0.0,0.0,0.0041947217842669,0.0,0.0,0.0,0.0,0.0,0.0,0.0035276930530376,0.0,0.0,0.0042904434358915,0.0,0.0,0.0,0.0,0.0,0.0,0.0,0.0,0.0,0.0,0.0,0.0,0.0,0.0,0.0,0.0,0.0,0.0,0.0,0.0,0.0,0.0036809714265674,0.0,0.0,0.0,0.0,0.0,0.0042806035083406,0.0,0.0,0.005366081310366,0.0056002234377417,0.0,0.0,0.0,0.0,0.0,0.0,0.0,0.0,0.0,0.0,0.0,0.0,0.0307481598765822,0.0,0.0,0.0,0.0,0.0
LH,0.0087977828153121,0.0730154785137889,0.0250372460924776,0.922597272606598,0.0052388010868582,0.0105077272470221,0.156812448828828,0.0522670712729281,0.261180509395528,0.0,0.0333878609411731,0.0395161266033196,0.0,0.0036015303596985,0.143506274807577,0.0070859546206867,0.0,0.0,0.0,0.0,0.0152849727424879,0.0678243984332863,0.0625230511271812,0.176873998710464,0.0373856008348654,0.0,0.0165437234535134,0.197330711821015,0.0,0.0252784902735541,0.0646414200694174,0.0490919502671075,0.0218978188415543,0.0094319313225176,0.0038103110157805,1.0226955236831,0.323579961483583,0.0,0.0,0.0,0.0711013547672296,0.0276066961177062,0.0,0.0128607641942517,0.0512367366760725,0.020559450737226,0.0324934303826689,0.0045267336369998,0.0445736129871368,0.0159975408337388,0.0,0.0,0.0163460475572672,0.0325636254026266,0.0403779399191078,0.0,0.0,0.0194174545353441,0.0179966976896729,0.0,0.0,0.0,0.0969935774702806,0.0304514883328827,0.0,0.0,0.0847129075800504,0.0,0.0140642740307845,0.0,0.051313168263103,0.0,0.0,0.45591087254096,0.113301055405894,0.0705499490583439,0.0228838517846277,0.0,0.0,0.0300945040293748,0.0242900491864849,0.0,0.0,0.759974039894892,0.0,0.0,0.0387824514001204,0.0,0.0,0.0,0.148747204140308,0.0055140646908954,0.0064621795110788,0.0566993724221609,0.169392081137478,0.0041887739909775,0.0114073212582702,0.0,0.0977752903058648,0.0,0.0,0.0084554166614658,0.0320730908546557,0.0,0.0,0.0,0.0,0.009694573960777,0.0,0.191568106307932,0.132349010568257,0.0487623430712884,0.108428781628842,0.0049867439790597,0.0,0.146565785119639,0.0,0.0,0.0,0.0801631339282549,0.0,0.175543178118372,0.0,0.0045756306424281,0.0,0.0,0.0957830013672329,0.0286949074116133,0.166836900544888,0.0044281781869255,0.0293370766564927,0.0,0.0289523008328252,0.0,0.0,0.010087605586398,0.0,0.0,0.0155509120856745,0.0,0.0,0.0341896166251573,0.0500049617841926,0.0047382943447102,0.313968084038708,0.0,0.0,0.0,0.0,0.0226431591513522,0.0,0.0109896677926194,0.0,0.0311506114916973,0.117615095309132,0.0943784537381736,0.182899444849732,0.0060242298284258,0.0090991592060518,0.0,0.0,0.148732832671453,0.0,0.0113909427841814,0.0,0.0039608359723094,0.0,0.0161970767552283,0.0,0.0,0.0,0.0,0.0,0.0,0.0177400852383731,0.0189036877537886,0.00595724606477,0.0,0.0141214860321816,0.0139632671450966,0.0226484640019206,0.0,0.0518672530210233,0.0,0.0,0.0081033561112593,0.0,0.0049802739721943,0.0,0.0246551297253802,0.0117070845750009,0.0,0.0738099788497891,0.0,0.0,0.0067040048221485,0.0042130196084658,0.0185081791233971,0.0,0.013678847757346,0.0,0.0098569521615239,0.0794222424641815,0.0050457139083881,0.0154358767128582,0.0058847278448569,0.0,0.0822861810276262,0.0,0.0,0.0,0.005364479810279,0.195020024878662,0.0,0.0045109740192092,0.0,0.0087538947102342,0.0,0.0,0.0043230499554841,0.0051058649478089,0.0,0.0,0.0584938712556537,0.0,0.0,0.0,0.0,0.0,0.0,0.0222755937244668,0.0175111650129436,0.0509927152239041,0.0,0.0,0.0,0.0739413484327688,0.0,0.0,0.0059426332515397,0.0177407744810572,0.0128781871176067,0.0048642900972087,0.0,0.0638488755116469,0.199001378048861,0.0,0.0,0.0,0.024202583280456,0.0106528084753749,0.0,0.0,0.0094146084937992,0.0049604236674724,0.003825374378678,0.0,0.011659644345371,0.0068260515124954,0.0,0.0,0.0,0.0076149214003591,0.0,0.0,0.0,0.0,0.0049560422768424,0.0,0.0,0.0,0.0062778019403975,0.015543802226664,0.0,0.0,0.0614072457613448,0.0,0.0,0.0,0.0,0.0,0.0,0.0107559381152755,0.0617090595461139,0.0,0.0050681119772025,0.0,0.0,0.0038158347478492,0.0,0.0,0.0,0.0458244102162472,0.0,0.0,0.0114154315867111,0.0,0.0,0.0,0.0058995408327394,0.0046008518368422,0.0051396395299815,0.0,0.0,0.0,0.0,0.0,0.0474589802508805,0.0,0.0,0.007755063618033,0.0256657230255783,0.0,0.0,0.0,0.0,0.0,0.0,0.0,0.0,0.0,0.0193188900492989,0.0,0.0,0.0890724166802078,0.0,0.0,0.0,0.0744869386428191,0.0,0.0,0.0,0.0,0.0,0.0,0.0510172278888723,0.0108403218530177,0.0034858757432109,0.005041942724044,0.0,0.0,0.0039556914113532,0.0,0.0,0.0,0.0,0.0,0.0140494532708078,0.0,0.0,0.0057369453185754,0.0,0.0,0.0672280549457985,0.0,0.0,0.0,0.0,0.0105275507233095,0.0,0.0,0.0,0.0,0.0,0.0,0.0187878501568307,0.0,0.0,0.0,0.0,0.0274230723010467,0.0,0.0035277707648278,0.0,0.0,0.0,0.0040985955055964,0.0,0.0,0.0,0.0,0.0,0.0,0.0,0.0,0.0,0.0,0.0,0.0,0.0,0.0,0.0319737785992162,0.0,0.0,0.0,0.0,0.0044440918709231,0.0,0.0063496865729736,0.0,0.0,0.0,0.0,0.0,0.0,0.0,0.0,0.0,0.0,0.0,0.0,0.0212387884010688,0.0,0.0,0.0,0.0,0.0156267731771414,0.0
LHA,0.0390177364558364,0.0068884997844641,0.0113042379912688,0.0620575905174044,0.0090026797155833,0.227586898603601,0.009561119681475,0.0056706195910602,0.0,0.0,0.0249851019542526,0.0099438734417946,0.0,0.0,0.0138787374809273,0.0267772500846973,0.018810800158492,0.0,0.0,0.0,0.0073800300728001,0.0426945325525156,0.049782593624083,0.200594649942384,0.0304587766306332,0.0,0.0106251056817127,0.124912775766587,0.0,0.017163877684087,0.0,0.0079134743267473,0.0264989707648489,0.0160568056424353,0.0111401708066967,0.149635128190079,0.0298150589432717,0.0,0.0105052735258052,0.0,0.0209810041268779,0.0944675198454971,0.0,0.0055647314695514,0.0205909676946144,0.0035639631364327,0.0217416401137317,0.0044646381673512,0.0056881607417022,0.0114929887877116,0.0,0.0,0.0,0.0201965660880423,0.315034824502773,0.128375744526908,0.0107047328805806,0.0134112292042206,0.0078864122369565,0.0,0.0,0.0,0.0053591867963059,0.031132833636397,0.0,0.0,0.0089298520771648,0.0128007780217918,0.0101795913989779,0.0,0.0139226268074661,0.0,0.0,0.119782796727546,0.633418608554705,0.0120143765554214,0.132712475467961,0.0,0.0423403178809333,0.227641702177081,0.0652660358948642,0.0204633432932444,0.0060603902016363,0.098571040242622,0.0,0.0,0.105079028220802,0.0,0.0034881249320516,0.0,0.0282679806494454,0.0434453159418595,0.0085028602570107,0.0172842385785588,0.01454426869174,0.081328121725795,0.181241514182034,0.0,0.277687192946476,0.0568073172065927,0.0,0.0994842035367979,0.0050185774277764,0.0,0.0047893587355107,0.0,0.0,0.0182696810091771,0.0038437961416671,0.0,0.0,0.0,0.0180839021015675,0.0247334849162889,0.0080481169284907,0.438678000387795,0.0,0.0111320923670632,0.0179807303539751,0.0249902148205216,0.0,0.0377541384411333,0.0,0.0,0.0,0.0,0.199748205128121,0.0144423518160907,0.0058423523453124,0.0542511009695167,0.0594168862613418,0.0,0.0,0.0,0.0225811520217111,0.0,0.0,0.0239725192699304,0.0446383058191374,0.0,0.0,0.0333535529152535,0.0,0.0289162876686711,0.0728399543676846,0.0078399111816663,0.0073393966598982,0.0,0.0282396858686238,0.0596248436874906,0.0067335963772018,0.0359214108475562,0.0132144081237547,0.0,0.004704893100211,0.012126817230949,0.0792180023032003,0.0199338068703781,0.134138866051472,0.0044080917427056,0.0161939994750364,0.304340115096094,0.0,0.0178479047292798,0.0436435795366116,0.281441020171773,0.0,0.0336540456815202,0.0107558604422123,0.0095145673182871,0.0,0.0,0.0,0.0,0.0,0.0140401086562222,0.0144821541359105,0.0047923952509409,0.0403546885428296,0.0,0.0183289259125601,0.114049572702796,0.0626676525690443,0.0048342011336963,0.0,0.0,0.0067196245595996,0.0097546325765373,0.0059314481862234,0.0128703686619054,0.120254481331948,0.0,0.0515125984489916,0.0,0.00430546297962,0.0084437083410735,0.0,0.0,0.0,0.0058250282748819,0.0,0.0,0.0711223561663027,0.158292398241506,0.0243734267963264,0.0301309841086119,0.0166869328282035,0.0625800962069098,0.0,0.0,0.0,0.0,0.0,0.0,0.013483779200925,0.0,0.0,0.0,0.0,0.0,0.0,0.0,0.0,0.0,0.0,0.0042472144928406,0.0,0.0,0.0,0.0,0.0,0.0,0.0151160600973499,0.0055393969596404,0.0,0.004730402651367,0.0043295899960017,0.0,0.0,0.0,0.0,0.0123726002878518,0.0,0.0041295791213063,0.0079123924518866,0.0083599021695071,0.0,0.0,0.0,0.0176311721331362,0.0058592958760959,0.0,0.0,0.0043958582068931,0.0,0.0,0.0,0.0,0.0,0.0,0.0,0.0,0.0,0.0,0.0,0.0,0.0,0.0,0.0,0.0,0.0,0.0,0.017524199868443,0.0,0.0,0.0,0.0,0.0,0.0,0.0,0.0,0.0,0.0266899338667506,0.0314233519393097,0.0035689091914873,0.0055551003790665,0.0,0.0,0.0182757177798659,0.0075465471798168,0.0,0.0,0.034943340975649,0.0,0.0,0.0048949908314944,0.0,0.0,0.0,0.0,0.0099325512210386,0.0042430787503166,0.0,0.0038928118611665,0.0059714974597624,0.0116217189239876,0.0,0.0270020388657015,0.0161589520586843,0.0,0.0173246416473333,0.0,0.0,0.0,0.0,0.0,0.0046581962841359,0.0,0.0,0.0,0.0,0.0065766010659864,0.0,0.0,0.10677431452245,0.0,0.0,0.0,0.0052309425632383,0.0,0.0077622031041065,0.0,0.0,0.0,0.0,0.04870233990166,0.003602586272352,0.0,0.0161627460452888,0.0,0.0,0.0,0.0,0.0,0.0,0.0,0.0,0.0,0.0,0.0,0.0090774443583737,0.0,0.0037934067295309,0.0255172743184167,0.0,0.0,0.0,0.0123484998507679,0.0305361819768138,0.0042715295750832,0.0034590671481574,0.0,0.0,0.0,0.0055625729816987,0.0,0.0,0.0214167542327803,0.0,0.0039792951880892,0.0072385171843324,0.0,0.005396249358018,0.0,0.0064454415676049,0.0,0.0098924266815743,0.0,0.0,0.0,0.0,0.0,0.0,0.0,0.0,0.0,0.0,0.0,0.0,0.0,0.0,0.0186214941952386,0.0,0.0,0.0,0.0,0.0,0.0,0.0,0.0177125656040233,0.0,0.0,0.0,0.0,0.0,0.0,0.0,0.0,0.0034633328879739,0.0,0.0,0.0049675719881642,0.0074040334160194,0.0,0.0,0.0041553237286671,0.009917590786141,0.0
LP,0.0,0.205047170663187,0.0237368589318893,0.0041177360493709,0.0,0.0,0.0066356364770417,0.0036619239616714,0.0,0.0,0.0,0.0,0.0,0.0,0.0,0.0453346485282377,0.0,0.123532922027355,0.294083310180845,0.229342970441368,0.0080329533275984,0.0075647620905384,0.0,0.0,0.0297936647815492,0.0,0.0313191244291807,0.006837979317023,0.0,0.0390638603522582,0.0,0.0,0.0,0.0,0.0,1.35184861225271,0.00665539866585,0.0,0.0,0.0,0.0654439087473677,0.0,0.0,0.0,0.0,0.0727920524655678,0.0061934933835917,0.0093888927023473,0.0,0.0,0.0,0.0,0.0,0.0,0.0349579453064193,0.0,0.0,0.0058404949541102,0.0,0.0,0.0,0.0046221873346543,0.0,0.0,0.0,0.0,0.0,0.0,0.0619191753330299,0.0,0.378399756867556,0.497132743304661,0.0171789253191966,0.0105757034786603,0.0,0.737035735619366,0.0,0.0,0.0,0.0,0.0,0.0,0.0,0.0195877624346889,0.0,0.0,0.0,0.0154784888897885,0.0237672195106381,0.0150939313263193,0.0,0.0,0.0040189556295499,0.437804042953782,0.693917924640166,0.0,0.0,0.0,0.0616855623678728,0.0,0.0,0.0043345300423772,0.0,0.0,0.0,0.0,0.0051627790684892,0.0043659963256975,0.0,0.0,0.0,0.0,0.0065311407576468,0.0,0.0,0.0259638187855664,0.0069789967733934,0.0,0.0,0.0,0.0,0.0371395278852602,0.0,0.0,0.0,0.0,0.0,0.006671960543384,0.0106847457854732,0.0,0.26010294197544,0.0269805046886833,0.166425120203809,0.0,0.0,0.0475016469865027,0.0,0.0,0.0344539713863942,0.0,0.0,0.0,0.590676272147771,0.0,0.0,0.0,0.0,0.0,0.0,0.0,0.0,0.018982411358295,0.0,0.162552643389193,0.353361716307967,0.137969450779777,0.402988647578723,0.0,0.057068017646617,0.0229181124219154,0.0,0.0072236799159657,0.0,0.0,0.0,0.0034782029698583,0.0,0.0,0.0,0.0,0.0,0.0,0.0,0.0,0.221246871511584,0.124347566708508,0.0849034024325105,0.0872393936388152,0.0911439905115105,0.232216815666847,0.402116490179617,0.0,0.0,0.0,0.0,0.548717315651045,0.0,0.006559624375989,0.0,0.0,0.004492687454937,0.0,0.0296357388302657,0.0,0.0,0.0502339712820881,0.410170427251987,0.157590546139953,0.790518868123248,4.56475993654191,0.0266550951062548,0.157225857665774,0.0049128846921084,0.0,0.100400877272345,0.139313383937988,0.0,0.0,0.0,0.0,0.0,0.0,0.0,0.0,0.0,0.0,0.0,0.0,0.0,0.0,0.0,0.0,0.0,0.0,0.0,0.0,0.0,0.0,0.0,0.0,0.0,0.0,0.0,0.0054404853857148,0.0,0.0046245800392702,0.0,0.0,0.0,0.0,0.0,0.0,0.0,0.0,0.0,0.0,0.0,0.0,0.0,0.0193628807625651,0.0,0.0,0.0,0.0,0.0,0.0,0.0,0.0,0.0,0.0,0.0,0.0,0.0,0.0,0.0,0.0,0.0,0.0,0.0,0.0,0.0,0.0,0.0,0.0,0.0,0.0,0.0,0.0,0.0,0.0,0.0,0.0,0.0,0.0,0.0,0.0,0.0,0.0,0.0,0.0,0.0,0.0,0.0,0.0,0.0,0.0,0.0,0.0,0.0,0.0,0.0,0.0046217361776682,0.0,0.0,0.0,0.0,0.0,0.0,0.0,0.0,0.0,0.0,0.0,0.0,0.0,0.0,0.0,0.0,0.0,0.0,0.0,0.0057931179139503,0.0,0.0,0.0,0.0,0.0,0.0,0.0,0.0,0.0,0.0,0.0,0.0,0.0,0.0,0.0036267144582776,0.0,0.0,0.0,0.0,0.0,0.0,0.0,0.0,0.0,0.0,0.0,0.0,0.0,0.0,0.0,0.0,0.0,0.0,0.0,0.0,0.0,0.0,0.0,0.0,0.0,0.0,0.0,0.0,0.0,0.0,0.0,0.0,0.0,0.0,0.0,0.0,0.0,0.0,0.0,0.0,0.0,0.0,0.0,0.0,0.0,0.0,0.0,0.0,0.0,0.0,0.0,0.0,0.0,0.0,0.0,0.0,0.0,0.0,0.0,0.0,0.0,0.0043027773402815,0.0,0.0,0.0,0.0,0.0,0.0,0.0,0.0,0.0,0.0,0.0,0.0,0.0,0.0,0.0,0.0,0.0,0.0,0.0
LPO,0.0190312155812592,0.0364580279633918,0.0529813074403526,0.0810789017956368,0.0035866351274172,0.287856680311379,0.0,0.0,0.0,0.0,0.0075351130277205,0.0038905509100647,0.0,0.0,0.0235625482644406,0.0,0.020973617046158,0.0,0.0,0.0,0.0061717926446425,0.0079669988876592,0.0211921567567078,0.336501580957249,0.0641771496777417,0.0,0.0210373060917416,0.0617638487547292,0.0,0.0044313150484527,0.0,0.0122922607306756,0.0142084978946842,0.0052559578598098,0.0042980516867248,0.0117159711841282,0.0414742093157968,0.0,0.0098144039041408,0.0,0.0119069613695478,0.114023696248809,0.0,0.0151615194329633,0.0274355493713374,0.0,0.0083020040366999,0.006030664546794,0.0039594275408458,0.0,0.0,0.0,0.0,0.0046231889010868,0.0051352651415093,0.0054088202612799,0.0057003537287736,0.0,0.0,0.0,0.0,0.0,0.0162508311883356,0.0129167714735336,0.0,0.0,0.0139899837962365,0.0091023252870458,0.0,0.0,0.0,0.0,0.0,0.0809178241992419,0.535361195668136,0.0,0.314630466070983,0.0,0.0643938756461662,0.336711997619842,0.094136918435866,0.015562020972309,0.0059551059981842,0.0594652315942593,0.0,0.0,0.073015385588026,0.0,0.0,0.0,0.0446260685968231,0.0322728320438838,0.005546969099727,0.0100853290654667,0.0292479395848061,0.232096956105657,0.543498699532456,0.0,0.195639782696479,0.124891157682996,0.0,0.214806591405602,0.005287459594433,0.0,0.0,0.0,0.0,0.0122180921071012,0.0,0.0,0.0080405118122543,0.0034380461061939,0.0088701228919577,0.0188296951448491,0.0,0.424423877067566,0.0057759799582605,0.0045694241346783,0.0196752276067917,0.0360168860668602,0.0,0.0100160366569285,0.0,0.0,0.0,0.0,0.194567320774418,0.0051502109086459,0.0167413434457738,0.0245624700084466,0.0055676234901672,0.0,0.0058418056972769,0.0,0.0267426314488474,0.0056853114757188,0.0,0.0209960332728793,0.0382811364211989,0.0,0.0,0.0427243460174447,0.0,0.0425174664811321,0.0885241653575507,0.0064124746686276,0.0248775531532523,0.0,0.0324148173043664,0.0595343351116663,0.0038658641575956,0.0180468539629221,0.0188289172291517,0.0088769173792607,0.0214988374136185,0.0629054829620049,0.0404097121112381,0.0263432939461164,0.0196124352324346,0.0,0.0411577035794986,0.226285229128961,0.0,0.0065879007764777,0.0,0.0039349874963528,0.0,0.027633132658018,0.0069633179454598,0.0,0.0,0.0,0.0,0.0,0.0,0.0038982514741423,0.0,0.0,0.0,0.0,0.0,0.0,0.0647486162302671,0.0,0.0,0.0,0.0,0.0072463844537245,0.0147315503765103,0.024334686888765,0.134852057929159,0.0,0.0053485088444534,0.0,0.0,0.0,0.0,0.0,0.0,0.0052065144827425,0.0,0.0,0.0169402940459172,0.108002212699137,0.0,0.0,0.0,0.0795314751081618,0.0,0.0,0.0,0.0,0.0,0.0,0.0107921455765298,0.0,0.0,0.0,0.0,0.0,0.0,0.0,0.0,0.0,0.0,0.0046278244612304,0.0,0.0,0.0,0.0,0.0,0.0,0.0250222542294131,0.0061244197522136,0.0,0.006500678644738,0.0,0.0,0.0,0.0,0.0044215174223291,0.0073274061284905,0.0,0.0,0.0,0.0125465636015328,0.0,0.0,0.0,0.0099473354837099,0.0115076327015884,0.0,0.0,0.0048188346458397,0.0,0.0,0.0,0.0,0.0,0.0,0.0,0.0,0.0,0.0,0.0,0.0,0.0,0.0,0.0,0.0,0.0,0.0,0.0072509442974506,0.0,0.0,0.0036946228521841,0.0,0.0,0.0,0.0,0.0,0.0,0.0301032221284258,0.0379517287114459,0.0,0.0152760650581417,0.0,0.0080317254899152,0.0498923485340607,0.0117390984236675,0.0,0.0,0.0237263133515446,0.0,0.0,0.0,0.0,0.0,0.0,0.0048905094907073,0.0090223458688471,0.0,0.0,0.0,0.007644725838455,0.0309841422294308,0.0,0.0188355805096255,0.0431098582766845,0.0,0.0397321676022715,0.0,0.0,0.0,0.0,0.0,0.0,0.0,0.0,0.0,0.0,0.0,0.0,0.0,0.125699972836366,0.0,0.0,0.0,0.0085948365366364,0.0,0.0049786483537194,0.0,0.0,0.0,0.0,0.0669523912756708,0.0,0.0,0.0091318282657694,0.0,0.0,0.0,0.0,0.0,0.0,0.0,0.0,0.0,0.0,0.0,0.0143245943565971,0.0,0.007503730472262,0.031330277112203,0.0,0.0,0.0,0.0088864683461352,0.0244926722945843,0.0,0.0,0.0,0.0,0.0,0.0078649153808951,0.0,0.0,0.0038203147676435,0.0,0.0133654789412118,0.0091427792371524,0.0,0.0,0.0,0.0,0.0,0.0086612432814923,0.0,0.0,0.0,0.0,0.0,0.0,0.0,0.0,0.0,0.0,0.0,0.0,0.0,0.0,0.0232870552131656,0.0,0.0,0.0,0.0,0.0,0.0054831264425564,0.0,0.0178680649965416,0.0,0.0,0.0,0.0,0.0,0.0,0.0,0.0,0.0,0.0,0.0,0.0,0.0052898085966999,0.0,0.0,0.0,0.0106546061146642,0.0
LRN,0.0,0.0,0.0,0.0,0.0,0.0,0.0,0.0,0.0,0.0307410184484221,0.0,0.0,0.0405495496783452,0.0,0.0,0.0179042175089261,0.0,0.0,0.0,0.0,0.0,0.0,0.0,0.0,0.0,0.0,0.0,0.0,0.0366689609493642,0.0,0.0,0.0,0.0,0.0,0.0,0.0,0.0047891713655298,0.0663765938305607,0.0095865115990521,0.0,0.0036089577468881,0.0063434169447498,0.0,0.0,0.0056362571366138,0.0,0.0,0.0041884773219822,0.0,0.0,0.0091446902405031,0.0,0.0,0.0,0.0,0.0,0.524508902637645,0.0,0.0,0.0,0.0,0.004195246261043,0.0,0.0,0.0490509533912919,0.0080273649678871,0.0,0.845913336359085,0.0,0.0,0.0,0.0,0.0,0.0,0.0154067912232614,0.0,0.0,0.173726597429564,0.0,0.0,0.0,0.0,0.130880373662984,0.0053611830560214,0.411766626382413,0.287001288009986,0.0,0.0,0.0,0.0,0.0,0.0,0.0038997682623043,0.0,0.0,0.0,0.0,0.0,0.123435011774656,0.0,0.0318854756336414,0.0061885727089248,0.0,0.0071034112693994,0.0,0.0,0.0,0.0053353258648011,0.0758304015586352,0.0,0.0,0.0,0.0038566354070274,0.0,0.0,0.130264138008984,0.0,0.391579023434177,0.0846020897123661,0.0099318545004466,0.0,0.0038257213012836,0.0041448424327489,0.0048336038820987,0.0167424680959464,0.411472767231274,0.0096408526953168,0.0,0.0,0.0,0.0,0.0,0.0,0.0,0.0372078753923778,0.0,0.0073533807039702,0.179918916312229,0.0959867411239402,0.0086424908764668,0.107345333320944,0.0,0.0,0.0,0.0,0.0,0.0,0.0066083792954576,0.0,0.0,0.0,0.0268082468299754,0.0,0.0,0.0,0.0,0.0,0.0,0.0434994015769153,0.0,0.0,0.0054222788947315,0.0293381650056412,0.0,0.0,0.0,0.0310328347866646,0.0,0.0,0.0,0.0231297130930325,0.358489839899028,0.222402124123247,0.137504358032357,0.0,0.0,0.0,0.0,0.0,0.0,0.0,0.0,0.0,0.030104313091665,0.0,0.0,0.0,0.0120768384789172,0.0,0.0,0.0076108953908153,0.0154973648882267,0.0,0.007643639815531,0.360741987034099,0.0,0.0,0.0,0.0,0.0,0.0,0.0,0.0042966419956709,0.0,0.0,0.0,0.0,0.0,0.0401495418316766,0.0,0.0,0.0,0.0,0.0,0.0043855231867813,0.0,0.0,0.0,0.0143053217786947,0.0,0.0,0.0341001229739772,0.0,0.0,0.0291294701338976,0.0,0.0,0.0,0.0,0.0,0.0,0.0,0.0,0.0,0.0,0.0,0.0,0.0522662411923891,0.0075707267833601,0.0,0.0,0.0,0.0,0.0,0.0043739025833435,0.0,0.0680956760337224,0.0159757100492163,0.0071006475234454,0.0111517711346677,0.0,0.0,0.0,0.0,0.0,0.0,0.0,0.0,0.0,0.0,0.0,0.0,0.0,0.0,0.0,0.328089084539844,0.0,0.0,0.0,0.0,0.0153584560928992,0.0,0.0,0.0351142751018917,0.0037902752695232,0.0,0.376983269769481,0.0,0.0039698777339761,0.0,0.0,0.0,0.0,0.0160820867591029,0.0067000911554938,0.0044501420060277,0.0509138553703285,0.0,0.0,0.0,0.0,0.0594253082834874,0.0082089487336072,0.112595879801812,0.123368083371791,0.0,0.0,0.0047927526548649,0.0,0.0,0.0,0.0041019101817269,0.0,0.0,0.0,0.0,0.0,0.193774982158675,0.0,0.0377490443330333,0.0063932554066711,0.0,0.0148299240514918,0.0,0.0,0.0,0.0093795020854039,0.0421677985737701,0.0,0.0,0.0,0.0,0.0,0.0,0.170474468356932,0.0,0.151468159957872,0.0362975629017644,0.0055127992597645,0.0,0.0135009121744577,0.0128630471950696,0.0047308489298247,0.0190391025648544,0.129598222658002,0.0126209864502034,0.0,0.0,0.0,0.0068512144657351,0.0061108109019967,0.0040189938965397,0.0,0.0361274113274322,0.0,0.0080824277042412,0.154584724932569,0.0978751220614516,0.0063561648151208,0.0071964250596581,0.0,0.0,0.0,0.0,0.0,0.0,0.0071936559544383,0.0,0.0,0.0,0.02470870370448,0.0040493407001945,0.0,0.0,0.0,0.0,0.0,0.138625304698926,0.006377768697619,0.0,0.0049645565053057,0.0191047134156985,0.0,0.0,0.004242776502951,0.0222481882620796,0.0040409101842032,0.0,0.005703504579371,0.0148096589408681,0.0370712488563194,0.030196215434916,0.021841196023761,0.0041819610708618,0.0,0.0,0.0,0.0,0.0,0.0,0.0,0.0,0.0191851534296841,0.0,0.0,0.0,0.0167364258747757,0.0,0.0,0.0038351814869669,0.0102849846549412,0.0,0.0081565189542015,0.114247312755955,0.0,0.0,0.0,0.0,0.0,0.0,0.0,0.007852438996568,0.0,0.0038531981705483,0.0054537787664251,0.0,0.0,0.0231548223594091
LSc,0.0169476424378709,0.0393458370497159,0.227415371132435,0.0684640843981692,0.0,0.0565317752749685,0.0,0.0,0.0,0.0,0.0,0.0,0.004509936409204,0.0,0.0102994432181381,0.0,0.0,0.0,0.0,0.0,0.0,0.004364858295645,0.0098618326750558,0.0247264457948824,0.30607565608757,0.0378399993438288,0.315475055743782,0.004243699637555,0.0,0.0,0.0,0.0,0.0,0.0044003625497242,0.0,0.377190630103865,0.0,0.0,0.0,0.0,0.0332317044367165,0.0081441896893672,0.0,0.0117862651649546,0.0,0.0082196725618024,0.0173404476928255,0.0294560209481726,0.0,0.0037705007420141,0.0,0.0,0.0,0.0,0.0383034961500713,0.010333946681532,0.0,0.0,0.0,0.0,0.0,0.0,0.0079785379114971,0.0,0.0,0.0,0.0,0.0,0.0,0.0,0.0,0.0,0.0,0.0085798166479513,0.450174289745748,0.0,0.269731920348795,0.0,0.82499837618322,1.8213415323377,0.033898929464124,0.0149006697098314,0.0,0.0126672139502365,0.0,0.0,0.0232105709738786,0.0,0.0,0.0,0.0535996393713674,0.0167658200224034,0.0218934263033513,0.0063217264567835,0.0461727158345074,0.0081492501334682,0.165480605045177,0.0,0.0063583585474241,0.344088352585492,0.0,0.580593242717612,0.0,0.0,0.0,0.0,0.0,0.0,0.0,0.0,0.0079616067494859,0.0,0.0181058556643153,0.0,0.0,0.0768881294100597,0.0,0.0,0.0,0.0,0.0035245428224394,0.0,0.0142212162203254,0.0,0.0,0.0,0.0906122075806817,0.0106271769312516,0.0079943897017986,0.0055006060199736,0.0,0.0,0.017032995964577,0.0,0.0,0.0066468012282178,0.0,0.0,0.0,0.0,0.0,0.0244379903180127,0.0,0.0,0.0173139320341592,0.0,0.0,0.0,0.0,0.0269907526129885,0.0,0.0,0.0,0.0052814445092797,0.0140204486878042,0.0273193097668437,0.0163736706551602,0.0,0.0046125834318156,0.0,0.310860964673106,0.154780083926044,0.0,0.0,0.0209131779923705,0.110958915272805,0.0,0.0083370067560415,0.0,0.0,0.0,0.0,0.0,0.0,0.0,0.0,0.0064462740145935,0.0036663945816139,0.0,0.0,0.0082762960342169,0.0050601034599341,0.0945612710843024,0.0,0.0,0.006504122743853,0.0,0.0,0.211798649384802,0.0419935792243095,0.0276350372095161,0.0,0.0,0.0,0.0,0.0,0.0,0.0,0.0,0.0038017014971971,0.0,0.0,0.004481938001937,0.0,0.0,0.0,0.0,0.0081062682576659,0.0,0.0110109473858977,0.0048127336226273,0.0197241237765685,0.0124192110766579,0.0,0.0,0.0,0.0,0.0,0.0,0.0,0.0,0.0,0.0,0.0049339035790563,0.0,0.0,0.0,0.0,0.0,0.0,0.0,0.0,0.004592493785986,0.0548703752386433,0.0153864951323864,0.201055648712831,0.0,0.0,0.0,0.0,0.0,0.0,0.0,0.0,0.0042592877692599,0.0,0.0,0.0,0.0,0.0524437368515541,0.0,0.0,0.0,0.0,0.0,0.0107690050710846,0.0362118104098815,0.0,0.0,0.0,0.0,0.0,0.0,0.0,0.0,0.0,0.0,0.0,0.0,0.0,0.0,0.0034799280031694,0.0,0.0,0.0,0.0,0.0,0.0,0.0,0.0,0.0,0.0,0.0,0.0571389146791177,0.0,0.0329341376781058,0.0,0.0251243817928299,0.126098286639705,0.0034540750875971,0.0190855715598464,0.0,0.0,0.0,0.0,0.0125089334721689,0.0,0.0,0.0,0.01770241198729,0.0040933844600479,0.0067304363838553,0.0038695358009298,0.0053137923364429,0.0,0.0111931586835386,0.0,0.0,0.0821876450023328,0.0,0.162574178409044,0.0,0.0,0.0,0.0,0.0,0.0,0.0,0.0,0.0041019032254281,0.0,0.0124893538178056,0.0,0.0,0.0230121158122419,0.0,0.0,0.0,0.0,0.0,0.0,0.0,0.0,0.0,0.0,0.0280441565322655,0.0046109844108774,0.0,0.0,0.0,0.0,0.0111740170486723,0.0,0.0,0.004021195427765,0.0,0.0,0.0,0.0,0.0,0.0044253555911523,0.0,0.0,0.0043450036896237,0.0,0.0,0.0,0.0,0.0093190544008566,0.0,0.0,0.0,0.0,0.0076550762852546,0.0118772343680401,0.0,0.0,0.0,0.0,0.0953608137343384,0.0425013647928309,0.0,0.0,0.0,0.0,0.0,0.0,0.0,0.0,0.0,0.0,0.0,0.0,0.0,0.0,0.0,0.0,0.0,0.0,0.0,0.0,0.0265848405787527,0.0,0.0,0.0,0.0,0.0,0.0806841805720838,0.0100751196882771,0.0039923066999039,0.0,0.0,0.0,0.0,0.0,0.0,0.0,0.0,0.0,0.0,0.0,0.0,0.0,0.0,0.0,0.0,0.0,0.0
LSr,0.0,0.0129118247612459,0.0461674250170579,0.633237565908065,0.0,0.129262705132882,0.0,0.0,0.0,0.0,0.0,0.0,0.0,0.0,0.008633579279944,0.0,0.0,0.0,0.0,0.0,0.0,0.0,0.0,0.154117101921855,0.135687793707261,0.0127322818012482,0.109973955592073,0.0,0.0,0.0,0.0,0.0,0.0,0.0,0.0,0.157316905790041,0.0,0.0,0.0,0.0,0.0084867509081641,0.0225364145397098,0.0,0.0035791202114745,0.0,0.0043068162696941,0.0071660307147881,0.0058954529854733,0.0,0.0,0.0,0.0,0.0,0.0,0.0171696005306983,0.0040297622894417,0.0,0.0,0.0,0.0,0.0,0.0,0.0,0.0,0.0,0.0,0.0,0.0,0.0,0.0,0.0,0.0,0.0,0.0,0.30081165484182,0.0,0.17360498333025,0.0,0.331500566552908,1.3404371639729,0.292943812093672,0.0,0.0,0.0049553457138111,0.0,0.0,0.007150191335533,0.0,0.0,0.0,0.0099883743236089,0.0057517392691789,0.0535836306830247,0.0,0.0145194164891894,0.0629144214404086,0.203803228258472,0.0,0.0,0.180293000226065,0.0,0.163218220737902,0.0,0.0,0.0,0.0,0.0,0.0,0.0,0.0,0.0,0.0,0.0097876985435288,0.0,0.0,0.0171425979989631,0.0,0.0,0.0,0.0,0.0,0.0,0.0083243169089914,0.0,0.0,0.0,0.0421872884881395,0.0056719156445662,0.0,0.0038220635067047,0.0,0.0,0.0,0.0,0.0,0.0,0.0,0.0,0.0,0.0,0.0,0.0260145059649709,0.0,0.0161864765597638,0.0181634643972954,0.0,0.0038645216322541,0.0,0.0083832088473184,0.0137785564778459,0.0,0.0,0.0,0.0,0.0,0.0056174508313402,0.0081479264519709,0.0158034397353795,0.0,0.0,0.110731010300049,0.189290536909438,0.0,0.0,0.0111610568763941,0.0535491709258863,0.0,0.0,0.0,0.0,0.0,0.0,0.0,0.0,0.0,0.0,0.0,0.0,0.0,0.0,0.0043491151076268,0.0,0.0319157569987715,0.0,0.0,0.0,0.0,0.0,0.0625422955272397,0.0162906233034272,0.0472160181305282,0.0,0.0,0.0,0.0,0.0,0.0,0.0,0.0,0.0,0.0,0.0,0.0,0.0144643333363,0.0,0.0,0.0,0.0140013161138486,0.0,0.0,0.0,0.0051677614965302,0.0,0.0,0.0,0.0,0.0,0.0,0.0,0.0,0.0,0.0,0.0,0.0,0.0,0.0,0.0,0.0,0.0,0.0,0.0,0.0,0.0035017759280472,0.0099998616041639,0.0,0.0428038443757679,0.0,0.0,0.0,0.0,0.0,0.0,0.0,0.0,0.0,0.0,0.0,0.0,0.0,0.0226013394083187,0.0,0.0,0.0,0.0,0.0,0.0,0.0060602444964469,0.0,0.0,0.0,0.0,0.0,0.0,0.0,0.0,0.0,0.0,0.0,0.0,0.0,0.0,0.0,0.0,0.0,0.0,0.0,0.0,0.0,0.0,0.0,0.0,0.0,0.0,0.0091710210906742,0.0,0.005972314333074,0.0,0.0041825233100845,0.0300545400114399,0.003861339897874,0.0,0.0,0.0,0.0,0.0,0.0037246705978292,0.0,0.0,0.0,0.0,0.0,0.0,0.0,0.0,0.0,0.0060495524693583,0.0,0.0,0.034426444096975,0.0,0.037005446294913,0.0,0.0,0.0,0.0,0.0,0.0,0.0,0.0,0.0,0.0,0.0062300444169147,0.0,0.0,0.0037353768937482,0.0,0.0,0.0,0.0,0.0,0.0,0.0,0.0,0.0,0.0,0.0074537044726642,0.0,0.0,0.0,0.0,0.0,0.0039056481173493,0.0,0.0,0.0,0.0,0.0,0.0,0.0,0.0,0.0039130880276115,0.0,0.0,0.0,0.0,0.0,0.0,0.0,0.0,0.0,0.0,0.0,0.0,0.0,0.0036237829837331,0.0,0.0,0.0,0.0,0.0220064275480857,0.0068371547439188,0.0,0.0,0.0,0.0,0.0,0.0,0.0,0.0,0.0,0.0,0.0,0.0,0.0,0.0,0.0,0.0,0.0,0.0,0.0,0.0,0.0067559217372488,0.0,0.0,0.0,0.0,0.0,0.0184582106062152,0.0035540484114392,0.0,0.0,0.0,0.0,0.0,0.0,0.0,0.0,0.0,0.0,0.0,0.0,0.0,0.0,0.0,0.0,0.0,0.0,0.0
LSv,0.0,0.0,0.0,0.835113110327653,0.0,0.13094143970549,0.0,0.0,0.0,0.0,0.0,0.0,0.0,0.0,0.0096363466524143,0.0,0.0,0.0,0.0,0.0,0.0,0.0,0.0,0.202871064896359,0.0958840115640828,0.0076396878585065,0.0655535193824506,0.0,0.0,0.0,0.0,0.0,0.0,0.0,0.0,0.034510727811164,0.0,0.0,0.0,0.0,0.0,0.0243105577345865,0.0,0.0,0.0,0.0,0.0,0.0,0.0,0.0,0.0,0.0,0.0,0.0,0.0,0.0,0.0,0.0,0.0,0.0,0.0,0.0,0.0,0.0,0.0,0.0,0.0,0.0,0.0,0.0,0.0,0.0,0.0,0.0,0.243269224213922,0.0,0.133732986695511,0.0,0.0327703214391413,0.792896038898136,0.491884231621479,0.0,0.0,0.0101649037759833,0.0,0.0,0.0,0.0,0.0,0.0,0.0082462811889112,0.0,0.0571620997364942,0.0,0.0,0.0753085288210076,0.218412334384679,0.0,0.0,0.16391813091454,0.0,0.0404066086892757,0.0,0.0,0.0,0.0,0.0,0.0,0.0,0.0,0.0,0.0,0.0044520747361299,0.0055526094763883,0.0,0.0,0.0,0.0,0.0,0.0,0.0,0.0,0.0,0.0,0.0,0.0,0.0257478172274928,0.0,0.0,0.0035776864039909,0.0,0.0,0.0,0.0,0.0,0.0,0.0,0.0,0.0,0.0,0.0,0.0685888326096715,0.0,0.0190316695414816,0.0397852831160216,0.0,0.0035911990599504,0.0,0.0084211238406168,0.0139914176448986,0.0,0.0,0.0,0.0,0.0,0.0,0.00493420521352,0.016408079212203,0.0,0.0,0.0650583846472184,0.205718637309878,0.0,0.0,0.0,0.0117285773605771,0.0,0.0,0.0,0.0,0.0,0.0,0.0,0.0,0.0,0.0,0.0,0.0,0.0,0.0,0.0,0.0,0.008174557347137,0.0,0.0,0.0,0.0,0.0,0.0326124898765752,0.003727738737162,0.0462460015078082,0.0,0.0,0.0,0.0,0.0,0.0,0.0,0.0,0.0,0.0,0.0,0.0,0.0130381891700554,0.0,0.0,0.0,0.0162586858522135,0.0,0.0,0.0,0.0,0.0,0.0,0.0,0.0,0.0,0.0,0.0,0.0,0.0,0.0,0.0,0.0,0.0,0.0,0.0,0.0,0.0,0.0,0.0,0.0,0.0,0.0,0.0,0.009508205551585,0.0,0.0,0.0,0.0,0.0,0.0,0.0,0.0,0.0,0.0,0.0,0.0,0.0,0.0113554650835495,0.0,0.0,0.0,0.0,0.0,0.0,0.0,0.0,0.0,0.0,0.0,0.0,0.0,0.0,0.0,0.0,0.0,0.0,0.0,0.0,0.0,0.0,0.0,0.0,0.0,0.0,0.0,0.0,0.0,0.0,0.0,0.0,0.0,0.0,0.0,0.0,0.0,0.0,0.0059767780653089,0.0039712127221008,0.0,0.0,0.0,0.0,0.0,0.0,0.0,0.0,0.0,0.0,0.0,0.0,0.0,0.0,0.0,0.0039105686763744,0.0,0.0,0.0278255469737266,0.0,0.0103625070065147,0.0,0.0,0.0,0.0,0.0,0.0,0.0,0.0,0.0,0.0,0.0,0.0,0.0,0.0,0.0,0.0,0.0,0.0,0.0,0.0,0.0,0.0,0.0,0.0,0.0,0.0,0.0,0.0,0.0,0.0,0.0,0.0,0.0,0.0,0.0,0.0,0.0,0.0,0.0,0.0126885886577082,0.0,0.0,0.0052209945355828,0.0,0.0,0.0,0.0,0.0,0.0,0.0,0.0,0.0,0.0,0.0,0.0,0.0,0.0,0.0,0.0055702164423552,0.0,0.0,0.0,0.0,0.0,0.0,0.0,0.0,0.0,0.0,0.0,0.0,0.0,0.0,0.0,0.0,0.0,0.0,0.0,0.0,0.0,0.0,0.0,0.0,0.0,0.0,0.0,0.0043813263978094,0.0,0.0,0.0,0.0,0.0,0.0,0.0,0.0,0.0,0.0,0.0,0.0,0.0,0.0,0.0,0.0,0.0,0.0,0.0,0.0
MA,0.25677687630506,0.0048519065234196,0.0,0.520084986488331,0.0,0.0,0.158644972659307,0.0770553481378727,0.132584398711288,0.0,0.0120679846290299,0.0108757171568313,0.0,0.0609617086758329,0.938142639774691,0.0,0.0,0.0,0.0,0.0,0.0,0.213274573036234,0.123385808671705,0.0710477342414099,0.0061209145351405,0.0,0.0,0.212106408275207,0.0,0.0,0.0298207603726679,0.0,0.0179173613922025,0.103965957230462,0.046526275845039,0.496865129510972,0.0163218895842452,0.0,0.0,0.0,0.0039998883263847,0.0,0.0,0.0241132402853688,0.0096634272226016,0.020193761242388,0.0702153685339987,0.0041710279320397,0.174734005814621,0.131696188270756,0.0,0.0,0.022515245828579,0.112987835270266,0.0417745558369174,0.0128979688916967,0.0,0.0169466370750643,0.0200464883526262,0.0,0.0,0.0,0.0200650763231062,0.0205487449658528,0.0,0.0,0.0,0.0050395371653508,0.0274088164139513,0.0,0.0,0.0,0.0,0.047034705792934,0.447549037863967,0.0,0.082466674679019,0.0,0.0,0.0094553177211308,0.0,0.294372576010788,0.0,0.191808271800807,0.0,0.0,0.154767268588398,0.0,0.0,0.0,0.0241815202968958,0.0,1.43457217752068,0.018183190313007,0.0327338360247435,0.0,0.0048908262888728,0.0,0.0970852284126789,0.0039015182930923,0.0,0.175254015825778,0.0,0.0,0.146270587384135,0.0,0.0,0.0,0.0044693272712794,0.0494482357813197,0.0648104132131246,0.0337910993753136,0.924784863339122,0.0060766240445055,0.0834374668593661,0.0430202141211041,0.0,0.011909045992653,0.0143357414080294,0.0,0.0081156683763841,0.0039946618971361,0.0,0.0,0.0,0.0,0.0135449787516988,0.507447959565206,0.0480009475247079,0.0,0.0,0.0,0.0,0.0,0.0085391110325894,0.0,0.0,0.0043749738315989,0.0079630959819217,0.0,0.0,0.0238224915761256,0.0,0.0,0.0291411190212503,0.0,0.0,0.0,0.0,0.0106211714720173,0.0047730029133552,0.0116865277311414,0.0120380179788601,0.0,0.0,0.0,0.0552941616907024,0.0,0.0,0.0,0.0,1.89414404264264,0.0,0.0193170730316091,0.0126301667362466,0.0132535812036913,0.0,0.0,0.0,0.0,0.0,0.0,0.0,0.0,0.0,0.0055632193052912,0.0049838823829868,0.0,0.0,0.0177388076261734,0.0079432191431012,0.00636124048973,0.0145109622520455,0.0,0.0,0.0068300787647458,0.0307869601739512,0.0,0.0,0.247005917480752,0.0050431118160103,0.0,0.0,0.0,0.0,0.0168743204875863,0.0,0.0,0.0,0.0,0.0,0.0,0.0207188352901217,0.0,0.0,0.0,0.00352889886131,0.0862458644197178,0.0,0.0080786096347359,0.0,0.0,0.0117336797129971,0.0,0.0,0.0088912423070278,0.0095413626968534,0.0045278662922537,0.0,0.0,0.0,0.0,0.0,0.0,0.0,0.0,0.0,0.0,0.0,0.0,0.0525938827596203,0.0,0.0069156968748436,0.0,0.0,0.0,0.0,0.0,0.0,0.0,0.0,0.0050731730924818,0.0,0.0,0.0869296114741007,0.0043621631941026,0.0,0.0,0.0,0.0080611644249737,0.0,0.0,0.0,0.0,0.0,0.0,0.0,0.0105810291963082,0.0036449301135145,0.0,0.0,0.0,0.0050078942941223,0.0,0.0,0.0,0.0,0.0,0.0,0.0,0.0,0.0,0.0061329981011889,0.0,0.0,0.0,0.0,0.0060412266947942,0.0,0.0,0.0,0.0,0.0102151015314603,0.0134263579422014,0.0,0.0,0.0,0.0,0.0,0.0,0.0204012464796887,0.0,0.0363899242800545,0.0,0.0,0.0,0.0,0.0,0.0,0.0,0.0,0.0044806528927374,0.0,0.0,0.0,0.0,0.0,0.0093763976349017,0.0,0.0,0.0079848413313664,0.0,0.0,0.0,0.0,0.0,0.0,0.0,0.0,0.0035532309156012,0.0039899336980682,0.0085397129324593,0.0,0.0,0.0200741461976947,0.0,0.0,0.0,0.0,0.0,0.0,0.0,0.0,0.0,0.0,0.0037746768626581,0.0056783073252516,0.0048837505465171,0.0,0.0,0.0,0.0,0.0,0.0,0.0,0.0,0.0041724434249071,0.0038159180615485,0.0,0.0,0.0,0.0,0.0,0.0,0.0,0.0,0.0,0.0,0.0,0.0,0.0,0.0,0.0,0.0,0.0,0.0,0.0,0.0,0.0,0.0,0.0126409487683116,0.0,0.0,0.0,0.0,0.0,0.0,0.0,0.0,0.0,0.0,0.0,0.0,0.0,0.0,0.0,0.0,0.0,0.0,0.0,0.0,0.0,0.0,0.0,0.0,0.0,0.0,0.0,0.0044369013585165,0.0,0.0,0.0,0.0,0.0,0.0,0.0,0.0,0.0,0.0,0.0,0.0,0.0,0.0,0.0,0.0,0.0,0.0067091808874281,0.0
MARN,0.0,0.0,0.0,0.0,0.0,0.0,0.0,0.0,0.0,0.0094310824241741,0.0,0.0,0.0339839933249834,0.0,0.0,0.0806005468615904,0.0,0.0,0.0,0.0,0.0,0.0,0.0,0.0,0.0,0.0,0.0,0.0,0.0230883396905633,0.0,0.0,0.0,0.0,0.0,0.0,0.0,0.0089207391177322,0.0489208371413518,0.0086415063968275,0.0,0.0086949232682562,0.0,0.0,0.0,0.0079418684711304,0.0,0.0,0.0,0.0,0.0,0.0093452859276599,0.0,0.0,0.0,0.0,0.0,1.47329384288501,0.0,0.0,0.0,0.0,0.0,0.0,0.0,0.0204729570270812,0.0,0.0,0.806592891066473,0.0,0.0049323750559839,0.0,0.0,0.0,0.0,0.0120674072536103,0.0,0.0,0.133530966018857,0.0,0.0,0.0,0.0,0.456453579212838,0.0116441698918767,0.177096849404211,0.269969635632124,0.0,0.0,0.0,0.0,0.0,0.0,0.0,0.0,0.0,0.0,0.0,0.0,0.310103388160421,0.0,0.080958471704971,0.0049798805623608,0.0,0.0,0.0,0.0037610305456584,0.0,0.0074972233737183,0.0706053766517967,0.0,0.0,0.0,0.0086190715372299,0.0,0.0,0.18002171418923,0.0,0.291629574747558,0.120929746788204,0.0194481583842677,0.0,0.0270117275433665,0.0097869735986302,0.0109773225607132,0.0750655236357362,0.401728498500876,0.0043996535794637,0.0080048641759682,0.0,0.0,0.0,0.0,0.0,0.0,0.0746356165138909,0.0,0.0072866440872011,0.466059049306255,0.209867646242876,0.0252952040499937,0.0114408220459214,0.0,0.0,0.0,0.0,0.0,0.0,0.0,0.0,0.0,0.0,0.0600633071756648,0.0056323106186867,0.0,0.0,0.0,0.0,0.0,0.064798104792975,0.0,0.0,0.0036802629452179,0.0161818483849538,0.0,0.0,0.0,0.0176723540965377,0.0,0.0,0.0,0.0273997075970684,0.0509708790476786,0.0381462101300485,0.0352423229449953,0.0,0.0,0.0053590147030605,0.0,0.0,0.0,0.0069821792715825,0.0,0.0,0.057143245693547,0.0,0.0,0.0,0.0261880761888341,0.0,0.0,0.0062512810379795,0.0257399058215405,0.0,0.0050603295338277,0.198023827917841,0.0,0.0,0.0,0.0,0.0,0.0,0.0,0.0056758338437467,0.0,0.0,0.0,0.0,0.0044021392967886,0.0464708761319218,0.0,0.0,0.0,0.0,0.0,0.0,0.0,0.0,0.0,0.0058467326758212,0.0,0.0,0.0170588700933011,0.0,0.0,0.0781747081982896,0.0,0.0,0.0,0.0,0.0,0.0,0.0,0.0,0.0,0.0,0.0,0.0,0.0151085705234964,0.0077165098860437,0.0,0.0,0.0,0.0,0.0,0.0,0.0036703650444305,0.0254552911147589,0.0070851559722508,0.0047067281773272,0.0292534702168457,0.0,0.0,0.0,0.0,0.0,0.0,0.0,0.0,0.0,0.0059806994912221,0.0,0.0,0.0,0.0,0.0,0.562988814066984,0.0,0.0,0.0,0.0,0.0,0.0,0.0,0.0090734887472982,0.0,0.0,0.382482906570766,0.0,0.0053862506982914,0.0,0.0,0.0,0.0,0.005106167050517,0.0040108678574448,0.0,0.0399390784988721,0.0,0.0,0.0,0.0,0.13633912683978,0.0071290116906201,0.106998788045556,0.130421939633059,0.0050071258448625,0.0,0.0,0.0,0.0,0.0,0.003959507257053,0.0,0.0,0.0,0.0,0.0,0.246389916945854,0.0,0.077870966067595,0.0057396755251147,0.0,0.0040068492253384,0.0,0.0,0.0,0.0088282325101202,0.0453330620144715,0.0,0.0,0.0,0.0100079233223416,0.0,0.0,0.140437327070984,0.0,0.18356734490414,0.0322693071786745,0.0074963533082819,0.0,0.0280529139620387,0.0063083786528327,0.0093777872107366,0.0615275994864537,0.0986969474695222,0.0038722460493013,0.0,0.0,0.0,0.0045569746456809,0.0049758086260183,0.007624242210761,0.0,0.042698776862522,0.0,0.0052525988517064,0.26795041231764,0.156480203160885,0.0229134601708899,0.0122273458849655,0.0,0.0,0.0,0.0,0.0,0.0,0.0,0.0,0.0,0.0,0.0579966855443345,0.0035168934367975,0.0,0.0,0.0038518806134843,0.0,0.0,0.0984043516337097,0.0,0.0,0.0,0.0096528492895043,0.0,0.0,0.0,0.0103939140270672,0.0,0.0,0.0036327743487496,0.0205556537468132,0.0316720522468456,0.0370180480333615,0.0280907318103497,0.0,0.0,0.0,0.0,0.0,0.0,0.0,0.0,0.0,0.015104944603244,0.0042277420938948,0.0,0.0,0.0152681705155221,0.0,0.0052934464891367,0.0,0.0111165793426256,0.0,0.0049793247496675,0.0810627575032574,0.0,0.0,0.0,0.0,0.0,0.0,0.0,0.0037471540618163,0.0,0.0,0.0,0.0,0.0,0.0289622880575773
MD,0.0060856448447018,0.348659309232343,0.29320919722531,0.872910288817895,0.0340712003508207,0.0062873722867133,1.09379341099612,0.0485844031321003,0.283811771361969,0.0,0.0910026228817021,0.0651268256188167,0.0,0.0034788086743693,0.079707503654525,0.0,0.0,0.0,0.0,0.0,0.108136684198454,0.101560597514537,0.040514026750709,0.123817636026083,0.023136248860517,0.0,0.0095293805979884,0.11106038415101,0.0,0.025894466309716,0.0834837023057513,0.010355048918253,0.133152705656696,0.0042026253495783,0.0,4.4010933554711,0.0685164779260321,0.0,0.0,0.0,0.0298825380074032,0.0111958388664973,0.0,0.0168303431255157,0.0116272509564627,0.0238674206482511,0.0586081479522144,0.0203349370511934,0.0260318716077162,0.0079879731036052,0.0,0.0,0.296173524151109,0.0225129571625765,0.165039695341187,0.0071567102366464,0.0,0.0732276957796795,0.0089653136748213,0.0,0.0,0.0,0.155127466153564,0.0633086298306419,0.0,0.0,0.0187495715649492,0.0,0.0190604914277561,0.0,0.0274410999955019,0.0,0.0,0.113657752526186,0.0462721892156504,0.0205695129312584,0.0102858297809311,0.0,0.0,0.0321633065257959,0.0220401643932681,0.0,0.0,0.950504424730393,0.0,0.0,0.0193499118683725,0.0,0.0,0.0,0.04410231136788,0.0,0.0206049103874829,0.291644180514161,1.13877345809622,0.0,0.0048629892047062,0.0,0.034969321561619,0.0,0.0,0.0048679316606451,0.00729677603417,0.0,0.0,0.0,0.0,0.0,0.0,0.511754474654227,0.24995101328149,0.142715824521401,0.0973280932635218,0.0080240782379908,0.0,0.039052201402669,0.0063068435282063,0.0,0.0,0.0179118679891981,0.0065880794926762,0.155843013308104,0.0,0.0,0.0,0.0,0.0247227825176681,0.0200500014211491,0.505510591552857,0.0,0.0636616673098934,0.0,0.0587818003925872,0.0,0.0,0.0238780515213929,0.0,0.0,0.0059160677130488,0.0,0.0,0.0509167436692246,0.0199588483064898,0.0,0.161153113502206,0.0,0.0,0.0,0.0,0.0148041282285844,0.0128710670470691,0.0,0.0,0.0237234509468363,0.0881502405820586,0.364575194324641,0.315050534876591,0.0040383238272477,0.0053887197561209,0.0,0.0,0.150323650096183,0.0,0.031633253345373,0.0,0.0052434811459552,0.0,0.006725530480261,0.0,0.0,0.0,0.0,0.0,0.0,0.0133449225266079,0.0166119279561206,0.0652275246505415,0.012193470828585,0.0142912918755699,0.0446631482255693,0.0619325677728935,0.0,0.0123656626626056,0.0,0.0,0.0118615821943479,0.0,0.0,0.0,0.0117164476013932,0.0084833005613967,0.0,0.162547492006877,0.0,0.0,0.0446148016423389,0.0,0.0092933895372358,0.0,0.0132241078037092,0.0037556402922305,0.0052125346764934,0.171338556707409,0.0096370028140599,0.0142256668939475,0.0275093747045417,0.0279963664142317,0.0178154926991181,0.0,0.0,0.0039563614038895,0.0051135781729958,0.0596458970376784,0.0,0.0,0.017149247325921,0.0063877111971079,0.0,0.0,0.0,0.0035064339077853,0.0,0.0,0.0119640498890503,0.0,0.0,0.0,0.0,0.0,0.0,0.0080114753140401,0.0050760241485257,0.0132138261751688,0.0,0.0,0.0,0.0148708979002645,0.0,0.0,0.0,0.0038839118391519,0.0223137622743229,0.0,0.0,0.147908936595033,0.0432131624598811,0.0,0.0,0.0,0.0212113276208997,0.0,0.0,0.0,0.0,0.0,0.0,0.0,0.0039497271729647,0.0,0.0,0.0,0.0,0.0,0.0038029884280657,0.0,0.0,0.0073702566721605,0.0,0.0,0.0,0.0,0.0,0.0097452000679555,0.0,0.0,0.0130298274223252,0.0,0.0,0.0,0.0,0.0,0.0,0.0,0.0150057954390833,0.0,0.0,0.0,0.0,0.0,0.0,0.0,0.0,0.0224437641512372,0.0,0.0,0.0043793641297498,0.0,0.0,0.0,0.0,0.0,0.0047016403660028,0.008902974807927,0.0091477885161329,0.0,0.0,0.0,0.0117921541141061,0.0,0.0,0.0048881586617106,0.0057985688560289,0.0,0.0,0.0,0.0,0.0,0.0,0.0,0.003448072525796,0.0,0.013999688243943,0.0,0.0,0.0223356822238148,0.0,0.0,0.0,0.0167041015520464,0.0,0.0,0.0,0.0,0.0,0.0,0.0126157984490875,0.0050307268308037,0.009031821930223,0.0,0.0,0.0,0.0039887872436459,0.0,0.0,0.0,0.0,0.0,0.003613278723275,0.0,0.0,0.0,0.0,0.0,0.0195826022803101,0.0,0.0,0.0,0.0,0.0035209435410595,0.0,0.0,0.0,0.0,0.0,0.0034774952665029,0.0127975333599072,0.0,0.0,0.0,0.0,0.0097247999251356,0.0,0.0037384568217434,0.0,0.0,0.0,0.0,0.0,0.0,0.0,0.0,0.0,0.0,0.0,0.0,0.0,0.0,0.0,0.0,0.0043801179630237,0.0,0.0073050110050464,0.0,0.0,0.0,0.0,0.0,0.0,0.0049337300594652,0.0,0.0,0.0,0.0,0.0,0.0099123605747842,0.0,0.0,0.0,0.0,0.0,0.0,0.0119693958040549,0.0,0.0,0.0,0.0,0.0038047867285008,0.0
MDRNd,0.0,0.0,0.0,0.0,0.0,0.0,0.0,0.0,0.0,0.0182518293443907,0.0,0.0,0.0232145597358967,0.0,0.0,0.0,0.0,0.0,0.0,0.0,0.0,0.0,0.0,0.0,0.0,0.0,0.0,0.0,0.0146709734453535,0.0,0.0,0.0,0.0,0.0,0.0,0.0,0.0,0.0147311790927957,0.0,0.0,0.0,0.0,0.0,0.0,0.0,0.0,0.0,0.0,0.0,0.0,0.0,0.0,0.0,0.0,0.0,0.0,0.281115312142511,0.0,0.0,0.0,0.0,0.003891700335116,0.0,0.0,0.0222102732526394,0.0069991908444937,0.0,1.12496173234616,0.0,0.0,0.0,0.0,0.0,0.0,0.0,0.0,0.0,0.0805877912613903,0.0,0.0,0.0,0.0,0.0272384372037154,0.0,1.39657869736015,0.475629884335874,0.0,0.0,0.0,0.0,0.0,0.0,0.0050672478444646,0.0,0.0,0.0,0.0,0.0,0.0256448136447927,0.0,0.0307960911393196,0.0,0.0,0.0045800603967353,0.0,0.0,0.0,0.0,0.292020436507483,0.0,0.0,0.0,0.0069403288375378,0.0,0.0,0.0303269536008056,0.0,1.17815387458754,0.180269217847487,0.0,0.0,0.0,0.0063253204225759,0.0,0.0120869427392145,0.194813632220539,0.0,0.0057446058531786,0.0,0.0,0.0,0.0,0.0,0.0,0.0103904187865983,0.0,0.010866755599641,0.0591767324985378,0.022162684657954,0.0059363705009433,0.426942245899657,0.0,0.0,0.0,0.0,0.0,0.0,0.0,0.0,0.0,0.0,0.0,0.0,0.0,0.0,0.0,0.0,0.0,0.0108803556535166,0.0,0.0,0.0,0.0222120507127267,0.0,0.0,0.0,0.0179004702953976,0.0,0.0,0.0,0.045939144925771,1.3790338174712,0.892749575957884,0.621132736211675,0.0,0.0,0.0,0.0,0.0,0.0,0.0040746753323282,0.0,0.0,0.0398140895059993,0.0,0.0,0.0,0.0,0.0,0.0,0.0067739844518469,0.0498448623320007,0.0,0.0044651885953503,0.377382605297709,0.0,0.0,0.0,0.0,0.0,0.0,0.0,0.0,0.0,0.0,0.0,0.0,0.0,0.145223541023626,0.0,0.0,0.0,0.0,0.0,0.0,0.0,0.0,0.0,0.0064235729420268,0.0,0.0,0.0086275298843795,0.0,0.0,0.0555892890064207,0.0,0.0,0.0,0.0,0.0,0.0,0.0,0.0,0.0,0.0,0.0,0.0,0.0226655169668725,0.0046260976678031,0.0,0.0,0.0,0.0,0.0,0.0059253674460132,0.0,0.0164051808229751,0.0053698975410494,0.0,0.0184898916112565,0.0,0.0,0.0,0.0,0.0,0.0,0.0,0.0,0.0,0.0,0.0,0.0,0.0,0.0,0.0,0.291682797425561,0.0,0.0,0.0,0.0048797319972651,0.0264491281384571,0.0,0.0,0.0713590420684803,0.0,0.0,0.443590194666623,0.0,0.0,0.0,0.0,0.0,0.0,0.0,0.0044110645008114,0.0,0.0328917289988883,0.0,0.0,0.0,0.0,0.0670067297420586,0.0060039818046181,0.174534386983266,0.175726338923949,0.0,0.0,0.0075989981242492,0.0,0.0,0.0,0.0041571311597018,0.0,0.0,0.0,0.0,0.0,0.179275926363425,0.0,0.0211776415763484,0.0035469773823597,0.0,0.0166547105674787,0.0,0.0,0.0,0.0,0.0639746616501582,0.0,0.0,0.0,0.0043724609716123,0.0,0.0,0.0446869750791942,0.0,0.153866582958463,0.0378245143558207,0.0,0.0,0.0106143611644707,0.0061435362382967,0.0128350436643872,0.0149886401742825,0.0783619957252755,0.0,0.0,0.0,0.0,0.0252493480129413,0.0072292553345769,0.0,0.0,0.0214707120249487,0.0,0.0,0.145705959033768,0.0579647998282175,0.0,0.0325924657066627,0.0,0.0,0.0,0.0,0.0,0.0,0.0,0.0,0.0,0.0,0.0210550678495443,0.0038929859710064,0.0,0.0,0.0,0.0,0.0,0.0796781289180012,0.0,0.0,0.0,0.0096171619029279,0.0,0.0034562589516035,0.0103481833931685,0.0152050463665048,0.0,0.0,0.0080168247460377,0.0070379079042798,0.066649316127803,0.052405377703039,0.0382908912663944,0.0083677730620023,0.0,0.0073173023822359,0.0,0.0,0.0,0.0036399713994573,0.0,0.0,0.0209202547787338,0.0,0.0,0.0,0.0381096809902744,0.0,0.0043741440096598,0.0,0.0236396932195709,0.007010482070214,0.0,0.091775007498051,0.0,0.0,0.0,0.0,0.0,0.0,0.0,0.00889536403204,0.0,0.0161496669815321,0.0331610870647721,0.0043170043785591,0.0064905567509954,0.0668683002725036
MDRNv,0.0,0.0,0.0,0.0,0.0,0.0,0.0,0.0,0.0,0.0161491462236673,0.0,0.0,0.0325464372546502,0.0,0.0,0.0095653293084653,0.0,0.0,0.0,0.0,0.0,0.0,0.0,0.0,0.0,0.0,0.0,0.0,0.0289350489730317,0.0,0.0,0.0,0.0,0.0,0.0,0.0,0.0,0.0596742264215947,0.0045437460903117,0.0,0.0038492239088855,0.005552543549408,0.0,0.0,0.003559324818787,0.0,0.0,0.0,0.0,0.0,0.0042392418499953,0.0,0.0,0.0,0.0,0.0,0.436642509536764,0.0,0.0,0.0,0.0,0.0,0.0,0.0,0.0368703563290447,0.0038886482179103,0.0,0.785884218432288,0.0,0.0,0.0,0.0,0.0,0.0,0.0066384828338769,0.0,0.0,0.137139934200878,0.0,0.0,0.0,0.0,0.0951197903823101,0.0037093945252341,0.693996516142595,0.364302842866051,0.0,0.0,0.0,0.0,0.0,0.0,0.0090374253599055,0.0,0.0,0.0,0.0,0.0,0.0759927829279984,0.0,0.0205378966565475,0.0,0.0,0.0034458722487491,0.0,0.0,0.0,0.0,0.135167896137989,0.0,0.0,0.0,0.0049907850083332,0.0,0.0,0.0748379391828847,0.0,0.379656135643325,0.0670419806609703,0.0057053515325841,0.0,0.0,0.0039045215827231,0.0,0.0139289981237744,0.268479399304984,0.0043818261130051,0.0054124947859856,0.0,0.0,0.0,0.0,0.0,0.0,0.0229032335188182,0.0,0.0038809134448099,0.113846196039852,0.0579858000316684,0.0059031494789563,0.0916843527917993,0.0,0.0,0.0,0.0,0.0,0.0,0.0047196165061765,0.0,0.0,0.0,0.0162932896165645,0.0,0.0,0.0,0.0,0.0,0.0,0.0197911635450443,0.0,0.0,0.0,0.0242992263924992,0.0,0.0,0.0,0.01489041630949,0.0,0.0,0.0,0.0266007603918919,0.399553593354551,0.254503523998182,0.169231232374964,0.0,0.0,0.0,0.0,0.0,0.0,0.0039256387191499,0.0,0.0,0.0241536164414666,0.0,0.0,0.0,0.0070260136812135,0.0,0.0,0.0057465759905191,0.0200935226134429,0.0,0.0044429877827857,0.224861297552032,0.0,0.0,0.0,0.0,0.0,0.0,0.0,0.0,0.0,0.0,0.0,0.0,0.0,0.109900937781934,0.0,0.0,0.0,0.0,0.0,0.0,0.0,0.0,0.0,0.007068666361828,0.0,0.0,0.0245474617395891,0.0,0.0,0.0309695768405118,0.0,0.0,0.0,0.0,0.0,0.0,0.0,0.0,0.0,0.0,0.0,0.0,0.0428309568420274,0.0063466843047241,0.0,0.0,0.0,0.0,0.0,0.0046805942745412,0.0,0.0626882442410834,0.0077926757211868,0.0,0.0150087629789207,0.0,0.0,0.0,0.0,0.0,0.0,0.0,0.0,0.0,0.0,0.0,0.0,0.0,0.0,0.0,0.262407632751174,0.0,0.0,0.0,0.0,0.0117601590402276,0.0,0.0,0.0435029344117574,0.0,0.0,0.367348545304529,0.0,0.0,0.0,0.0,0.0,0.0,0.0070268863553721,0.0049138997102824,0.0,0.0317620518295674,0.0,0.0,0.0,0.0,0.050652568654965,0.0068030570870141,0.0879063929311469,0.145169735704272,0.0,0.0,0.0036155118791444,0.0,0.0,0.0,0.0087214476253362,0.0,0.0,0.0,0.0,0.0,0.145107724417523,0.0,0.0283616729211401,0.0,0.0,0.0102744894326178,0.0,0.0,0.0,0.0053642306086953,0.0523017596301328,0.0,0.0,0.0,0.0037656653512755,0.0,0.0,0.0975063543474816,0.0,0.127948732022596,0.0319870560304987,0.0,0.0,0.0115370923764514,0.01095613757883,0.007422372943844,0.0185742075569354,0.0774679022154416,0.0057298990340357,0.0,0.0,0.0,0.0068891125305302,0.004128887569018,0.0044848283879974,0.0,0.0217840564341996,0.0,0.0055806502263666,0.127892800071401,0.064514918206708,0.0057396625924089,0.0206181391604541,0.0,0.0,0.0,0.0,0.0,0.0,0.0057788822199927,0.0,0.0,0.0,0.0183604987039938,0.0,0.0,0.0042390771064983,0.0,0.0,0.0,0.0622923077009139,0.0,0.0,0.0,0.0157057195291734,0.0,0.0,0.0054692928080065,0.0110355158416356,0.0,0.0,0.0049593030447897,0.0109235217408379,0.0307588320985441,0.0380857626149031,0.0277542547021035,0.0,0.0,0.0,0.0,0.0,0.0,0.0,0.0,0.0,0.0192181975847125,0.0,0.0,0.0,0.0220924307164919,0.0,0.0035491236935895,0.0,0.0218519288861435,0.0045494572259917,0.0,0.0867896068012395,0.0,0.0,0.0,0.0,0.0,0.0,0.0,0.0068591139909332,0.0,0.0102187263291466,0.0,0.0,0.0037673768704265,0.0689570500117411
MEA,0.0919936705963085,0.0,0.0,0.0710778193361572,0.0,0.127333978530847,0.0057878701372393,0.0108643137859838,0.0091517092282283,0.0,0.0,0.0,0.0,0.0376295778761078,0.0269722648933442,0.0,0.0219984292939497,0.0,0.0,0.0,0.0,0.205867469767512,0.468909568624971,0.434249704981234,0.06556619656662,0.0,0.0088844932464358,0.439178125283092,0.0,0.0,0.0037618397507627,0.0,0.0,0.140321755303956,0.704714575945667,0.102383899735631,0.0,0.0,0.003987041274631,0.0,0.0130886337438313,0.0539544260214651,0.0,0.0035653838589337,0.0,0.0115747787844014,0.0762637881944056,0.0380799985276811,0.022155039172247,0.0478476402635468,0.0,0.0,0.0,0.0250353070221556,0.0388635903776257,0.0204642560290191,0.0035261702581943,0.0,0.0454882533380252,0.0,0.0,0.0,0.0074079586815325,0.0,0.0,0.0,0.0,0.0138235508471227,0.146229459188202,0.0,0.0,0.0,0.0,0.0069861096604015,0.241315457602332,0.0,0.0518894981344078,0.0,0.0,0.02223127689669,0.0372711528007554,0.0216448383918898,0.0,0.0067704927535928,0.0042391271772509,0.0,1.83724169582392,0.0,0.0,0.0,0.0,0.0,0.0282318939602494,0.0,0.0,0.0852546622200858,0.0744162581407524,0.0,0.0706232179232507,0.0087140343359633,0.0,0.0599697116010864,0.0,0.0,0.0853615486487663,0.0,0.0,0.0,0.0084184948980823,0.0,0.00500016890474,0.0,0.0453120528563341,0.279944868250474,0.0750150045482038,0.0668780775194983,0.0,0.0220576970124724,0.026267101256664,0.0,0.0,0.0,0.0,0.0,0.0,0.0,0.0343189088072212,0.120052985206636,0.0039273712108377,0.0140449628860333,0.0,0.0,0.0,0.0,0.010032067183139,0.0,0.0,0.0077025947358297,0.00493524383815,0.0,0.0,0.0053274105940277,0.0,0.0309282119479659,0.0123210808966546,0.0100554682195161,0.0079997005233231,0.0,0.0198281444860861,0.0144018593260349,0.0,0.0038637465261747,0.0039066172171195,0.0,0.0,0.0,0.0381595217575487,0.0167289000693555,0.0135906430697121,0.0,0.0,0.295458288457133,0.0,0.0,0.0036263435418407,0.0096398096123213,0.0,0.0104821008284322,0.0,0.0036573949167977,0.0,0.0,0.0,0.0,0.0,0.003703431206922,0.0,0.0,0.0,0.0148862074179943,0.0,0.0057409888369785,0.0095514914017935,0.0,0.0,0.0100429887059114,0.0697110379013387,0.0,0.0,0.0094079593314706,0.0896707536390508,0.0,0.0,0.0,0.0,0.0,0.0,0.0,0.0,0.0,0.0,0.0,0.0060132747707613,0.332861112201908,0.0,0.0,0.003703236399766,0.0108354661605525,0.0,0.0,0.0,0.0,0.0,0.0,0.0,0.0,0.0,0.0,0.0,0.0,0.0,0.0,0.0,0.0,0.0,0.0,0.0,0.0,0.0,0.0,0.0,0.0,0.009859217085915,0.0,0.0,0.0,0.0,0.0,0.0,0.0,0.0,0.0,0.0,0.0,0.0,0.0,0.0,0.0,0.0,0.0056767201376641,0.0,0.0,0.0,0.0,0.0,0.0,0.0,0.0,0.0,0.0,0.0,0.0,0.0,0.0,0.0,0.0,0.0,0.0,0.0,0.0,0.0,0.0,0.0,0.0,0.0,0.0,0.0,0.0,0.0,0.0,0.0,0.0,0.0,0.0042164048765166,0.0,0.0,0.0,0.0,0.0,0.0,0.0,0.0,0.0,0.0,0.0,0.0,0.0,0.0,0.0,0.0,0.0,0.0,0.0,0.0,0.0,0.0,0.0,0.0,0.0,0.0,0.0,0.0,0.0,0.0,0.0,0.0,0.0,0.0,0.0,0.0,0.0,0.0,0.0,0.0,0.0155553030973285,0.0,0.0,0.0,0.0,0.0,0.0,0.0,0.0,0.0,0.0,0.0045265851769892,0.0,0.0,0.0,0.0,0.0,0.0,0.0,0.0,0.0,0.0,0.0,0.0,0.0,0.0,0.0,0.0,0.0,0.0035589652318468,0.0,0.0,0.0,0.0079783092852959,0.0041877430471655,0.0,0.0,0.0,0.0,0.0,0.0,0.0,0.0,0.0,0.0,0.0,0.0,0.0,0.0,0.0,0.0,0.0,0.0,0.0,0.0,0.0,0.0,0.0,0.0,0.0,0.0,0.0,0.0,0.0,0.0,0.0,0.0,0.0,0.0,0.0,0.0,0.0,0.0,0.0,0.0,0.0141389269401766,0.0,0.0,0.0,0.0,0.0,0.0,0.0,0.0,0.0,0.0,0.0,0.0,0.0346642715290569,0.0,0.0,0.0,0.0,0.0
MGd,0.0,0.0,0.0,0.0,0.0,0.0114317338952487,0.0064778921564439,0.0068666511496612,0.0,0.0,0.0,0.0,0.0,0.0,0.0,0.0347067666312612,0.0,0.337791429018484,2.60763583615067,2.85093678108753,0.0,0.0226651513910389,0.0304897318504727,0.0142226343273661,0.009429214411981,0.0,0.0042637424663923,0.050839574661736,0.0,0.0,0.0,0.0,0.0,0.0079070787920484,0.0103614122708203,2.96295848390519,0.0,0.0,0.0420938937169363,0.0,0.0315371386390985,0.0060138243639281,0.0,0.0,0.0,0.319873624901074,0.0221656875798143,0.0038139403401147,0.0,0.0,0.0,0.0,0.0,0.0,0.364274342835637,0.016196520757224,0.0,0.0050200112597019,0.0,0.0,0.0065447149317983,0.0549771192675166,0.0,0.0,0.0,0.0,0.0,0.0,0.65657435937347,0.0,0.005815885963192,0.115384346661296,0.0134383275107424,0.0,0.0391419646674122,0.338025957217065,0.0,0.0,0.0,0.0,0.0,0.0,0.0,0.0,0.0,0.0,0.0576195672742996,0.0489532689394289,0.479598082494367,0.753065189332783,0.0,0.0,0.0108921303472402,0.0057931941440382,0.0036836510568784,0.0050748455408587,0.0049007639805918,0.0,0.130247483987934,0.0,0.0,0.0107890217767848,0.0,0.0,0.0,0.0,0.0056309139169028,0.0,0.0,0.0,0.0,0.0,0.0208507837225088,0.0,0.0081843301720407,0.118401907015016,0.0,0.0,0.0,0.0,0.0051645193509626,0.0122049119811533,0.0,0.0081445578936782,0.0,0.0,0.0059695847974134,0.0277897862479515,0.0,0.0,0.0530677310519299,0.0678169611470675,0.0,0.0397115645335513,0.0164561574571285,0.0,0.0,0.0043658987137858,0.007936552006901,0.0,0.0,0.0,0.0831557361144359,0.0,0.0,0.0,0.0,0.0,0.0129282977596458,0.0,0.0,0.0034509919940493,0.0,0.0037644142177249,0.0,0.0,0.348063555396907,0.0,0.174513976902081,0.047924125845131,0.0,0.0651568723290569,0.0,0.0,0.0,0.0055713197468482,0.0,0.0038484312251261,0.0085249428145246,0.0634981175826336,0.0,0.0,0.0,0.0,0.0269261511335978,0.0,0.0107053469329555,0.0065522448074899,0.0,0.0,0.236442910776438,0.0,0.0,0.0,0.0,2.6657343977613,0.0043439447315572,0.0,0.0,0.0,0.0276664651813794,0.0,0.0,0.0,0.0,0.0891216126107842,0.112506869329931,0.0171924395500226,0.185983294841926,1.05744795463632,0.0064967237718167,0.0679662662884438,0.0,0.0407415291323838,0.293349327395197,0.144021938413597,0.0122063726348865,0.0,0.0,0.0,0.0,0.0,0.0,0.0,0.0,0.0,0.0,0.0,0.0,0.0,0.0,0.0,0.0,0.0,0.0,0.0,0.0,0.0,0.0,0.0,0.0,0.0,0.0,0.0,0.0,0.0,0.0,0.0,0.0,0.0,0.0,0.0,0.0055148447974691,0.0117639617916126,0.0097280121947836,0.0,0.0,0.0,0.0,0.0451432055242396,0.0,0.0,0.0,0.0,0.0,0.0057795166815514,0.0036648150160389,0.0,0.0,0.0,0.0,0.0,0.0,0.0,0.0,0.0,0.0,0.0,0.0,0.0,0.0,0.0,0.0,0.0,0.0,0.0,0.0,0.0,0.0,0.0,0.0,0.0,0.0,0.0,0.0,0.0,0.0,0.0,0.0,0.0,0.0,0.0,0.0,0.0,0.0,0.0109943308720688,0.0,0.0,0.0,0.0,0.0,0.0117889010858414,0.0,0.0,0.0,0.0,0.0,0.0,0.0,0.0,0.0085989790380423,0.0,0.0,0.0,0.0,0.0,0.0,0.0,0.0,0.0,0.0,0.0231395213788664,0.0,0.0061402467325121,0.0092055761962272,0.0,0.0,0.0,0.0,0.0,0.0,0.0,0.0,0.0,0.0,0.0,0.0111436490066637,0.0,0.0,0.0,0.0,0.0052734556645631,0.0,0.0,0.0,0.0,0.0,0.0,0.0,0.0,0.0,0.0,0.0,0.0,0.0,0.0,0.0,0.0044591331097404,0.0,0.0,0.0,0.0,0.0,0.0038193122824584,0.0056173620090458,0.0,0.0,0.007594581847529,0.0,0.0,0.0,0.0,0.0,0.0,0.0,0.0,0.0,0.0,0.0,0.0,0.0,0.0,0.0,0.0,0.0,0.0,0.0,0.0,0.0,0.0060755780923162,0.0,0.0,0.0,0.0,0.0,0.0076757748621099,0.0,0.0,0.0074800160315893,0.0064137611636926,0.0,0.0,0.0,0.0,0.0,0.0,0.0,0.0,0.0,0.0,0.0,0.0,0.042064385974877,0.0,0.0,0.0,0.0,0.0
MGm,0.025018801337331,0.0,0.0,0.0,0.0,0.0717555634559938,0.0077821614035587,0.0107877814272319,0.003545290706194,0.0,0.0,0.0,0.0,0.0,0.0,0.0631885084825364,0.0087434431774304,0.228608033133892,1.35054319146074,1.49560303910869,0.0,0.0521253520629678,0.14025208797276,0.0993654188776496,0.009791211437166,0.0,0.0272685664248267,0.18725386923091,0.0,0.0,0.0055106586524605,0.0,0.0,0.0379767028837807,0.0275055860395715,2.25659195672537,0.0,0.0,0.124592379945406,0.0,0.0780813317388883,0.038547682058076,0.0,0.0,0.0,0.183951278240078,0.014713651846771,0.0,0.0,0.0,0.0,0.0,0.0,0.0046668330639268,0.362763321203117,0.0381143484889589,0.0,0.0903527907209863,0.0132816525507544,0.0069864519216438,0.0155839214243707,0.136641798485359,0.0,0.0034861760130413,0.0,0.0,0.0,0.0,0.454253875780981,0.0,0.0035242499292531,0.0208438603835759,0.0044706330354309,0.0,0.232351034675348,0.136280151479352,0.0249689814751707,0.0,0.0,0.0173649055968166,0.0166221313318368,0.0037369860993632,0.0,0.0038441135786518,0.0,0.0,0.31521451903661,0.0182091881828163,0.304829272065185,0.363948588095713,0.0,0.0,0.0162565967197081,0.028369212690989,0.0069805826858272,0.0441724662860448,0.0390478494138984,0.0,0.553960195427735,0.0,0.0,0.019269346263663,0.0,0.0,0.0054803772707482,0.0,0.0035507671419531,0.005891490534216,0.0,0.0,0.0,0.0,0.02069621068382,0.0147420221322567,0.0073470835130623,0.468252651939144,0.0,0.0,0.022960855342039,0.0039935716688274,0.0,0.0210902200676598,0.0,0.0087053990097757,0.0,0.0,0.0395948750581681,0.0265372350787294,0.0,0.0,0.147079305193659,0.116755944745492,0.0,0.0473129926091404,0.109072906959275,0.0,0.0,0.0370325918723076,0.0645351969162433,0.0,0.0,0.0,0.0268681561126065,0.0202129583159895,0.0055486276479504,0.0,0.0,0.0,0.0285148607341366,0.0239122857555828,0.0,0.0108656579031355,0.0095172704586863,0.0,0.0,0.0,0.268136713601955,0.0103410470765998,0.364608080163042,0.0265521629437772,0.0,0.122232224522937,0.0,0.0,0.0,0.0266040190849024,0.0,0.0203656079277329,0.0132814570768028,0.100236604828037,0.0,0.0,0.0,0.0,0.0529881324074065,0.0087633548904792,0.0785092200217012,0.0926602170402624,0.0100616849286865,0.0612381118686017,2.28727195862692,0.0,0.0047019245277297,0.0,0.0,1.33051134191733,0.0,0.0149340785450977,0.0,0.0,0.0694483074835914,0.0,0.0,0.0,0.0,0.50244557055981,0.0213960218400952,0.0,0.0310629355849508,0.174845754894668,0.0,0.0155502594107568,0.0095676167654009,0.150574105496943,0.323814256002159,0.432482051040995,0.0210299290679281,0.0118213537497471,0.0,0.0,0.0,0.0,0.0,0.0,0.0165196299598222,0.0,0.0,0.0,0.0,0.0,0.0,0.0,0.0,0.0,0.0,0.0,0.0,0.0,0.0,0.0,0.0,0.0,0.0209890182511373,0.0,0.0,0.0066887472453977,0.0046022684313459,0.0,0.0,0.0,0.0,0.0,0.0056511189522746,0.0062179199250008,0.0080432707659597,0.0,0.0,0.0041090776672518,0.0,0.0711657569838807,0.0054967001351233,0.0,0.0,0.0,0.0,0.0054281412447975,0.0,0.0,0.0,0.0,0.0,0.0,0.0,0.0,0.0,0.0,0.0,0.0,0.0,0.0,0.0,0.0,0.0,0.0,0.0,0.0,0.0,0.0,0.0,0.0,0.0,0.0,0.0,0.0148131257461116,0.0,0.0,0.0,0.0,0.0,0.0,0.0,0.0,0.0,0.0,0.0,0.0212704457337102,0.0,0.0,0.0,0.0,0.0,0.0083706786692318,0.0,0.0,0.0068122176353102,0.0089352627677473,0.0,0.0065327733555838,0.0,0.0,0.0094766652417809,0.0,0.0,0.0,0.0,0.0,0.0,0.0,0.0,0.0,0.0,0.020096509488829,0.0,0.0053188605606848,0.056234126973311,0.0,0.0,0.0,0.0,0.0,0.0,0.0,0.0,0.0,0.0,0.0076499941307427,0.0134408999326764,0.0,0.0,0.0,0.0,0.0047933968828196,0.0,0.0,0.0,0.0,0.0,0.0,0.0,0.0,0.0,0.0,0.0,0.0,0.0,0.0,0.0,0.0193366397998368,0.0085555074548924,0.0,0.0,0.0,0.0,0.0,0.0,0.0,0.0,0.0248669026008402,0.0044602913273127,0.0,0.0056032372417772,0.0,0.0,0.0,0.0,0.0,0.0059780067185355,0.0,0.0,0.0,0.0,0.0,0.0,0.0,0.0,0.0,0.0,0.0,0.0,0.005706248663928,0.0,0.0,0.0,0.0,0.0,0.0043387516067796,0.0,0.0,0.0,0.0256884525900704,0.0,0.0,0.0,0.0,0.0,0.0,0.0,0.0,0.0,0.0,0.0,0.0039859283924588,0.0822313714613432,0.0,0.0,0.0058680166880655,0.0,0.0
MGv,0.014225881481544,0.0,0.0,0.0,0.0,0.0431609132895716,0.0074036916318214,0.0093921581441887,0.0,0.0,0.0,0.0,0.0,0.0,0.0,0.0426243909235871,0.0047183560219313,0.231225021339955,2.58140215499399,3.03821246021817,0.0,0.0317673775296291,0.0923315926323755,0.0581530595919351,0.0090165823468262,0.0,0.0127523543616698,0.125274159215215,0.0038538335917298,0.0,0.0037298242097611,0.0,0.0,0.0238186022867295,0.0202697471973855,3.19258083778507,0.0,0.0,0.0941953261054709,0.0,0.0576043007575477,0.0231002180504797,0.0,0.0,0.0,0.274046798364246,0.0238625478620417,0.0038827928401208,0.0,0.0,0.0,0.0,0.0,0.0,0.438279091783647,0.0323887809248264,0.0,0.0074082949485216,0.0080848246955867,0.0042940682895567,0.0128354737062225,0.105811181986469,0.0,0.0,0.0,0.0,0.0,0.0,0.745883791314941,0.0,0.0,0.0354094736286511,0.0041794839070072,0.0,0.140733681093884,0.104344244281041,0.0140751229382659,0.0,0.0,0.0100241641471525,0.0093350226729551,0.0,0.0,0.0,0.0,0.0,0.194999964737837,0.024428473882173,0.564547301304442,0.879436857428042,0.0,0.0,0.0101209024210903,0.0063791831266222,0.0,0.0246682461857138,0.0222159861914289,0.0,0.358135193444544,0.0,0.0,0.0170174014346428,0.0,0.0,0.0040195849652687,0.0,0.0,0.0,0.0,0.0,0.0,0.0,0.0240264793603866,0.0086643750384646,0.0106326924982008,0.297279835485332,0.0,0.0,0.0128430157533685,0.0,0.0041810348607503,0.0126042609929958,0.0,0.0113433222512084,0.0,0.0,0.0234070670410521,0.0322721183402034,0.0,0.0,0.0284344129193871,0.0761328832769513,0.0,0.0560561057686189,0.0633268737520048,0.0,0.0,0.020762489505188,0.0361826342688686,0.0,0.0,0.0,0.0238055378515814,0.0113747371453002,0.0,0.0,0.0,0.0,0.0254949038509345,0.0133709886748237,0.0,0.0080486170917625,0.0053187315968871,0.0,0.0,0.0,0.295493055434955,0.0059233188810839,0.246211354509515,0.0189863584236422,0.0,0.110133817751331,0.0,0.0,0.0,0.0165274181714218,0.0,0.0127477403856965,0.0138183028229283,0.105776783455852,0.0,0.0,0.0,0.0,0.01605522701572,0.0041309410653319,0.0139813656124844,0.0122180038054576,0.0,0.0062689004783889,0.295853874611159,0.0,0.0,0.0,0.0,2.23335470472154,0.0046109273599034,0.0091091696681882,0.0,0.0,0.0557734053704366,0.0,0.0,0.0,0.0,0.122847073768557,0.0318492842802177,0.0046493642016024,0.0543987886901189,0.320172869972391,0.0,0.030395618986095,0.0062447866498432,0.107326010563522,0.334735884692284,0.112557629108606,0.0200367969287314,0.0069777235179959,0.0,0.0,0.0,0.0,0.0,0.0,0.0097747359259977,0.0,0.0,0.0,0.0,0.0,0.0,0.0,0.0,0.0,0.0,0.0,0.0,0.0,0.0,0.0,0.0,0.0,0.0120248982032777,0.0,0.0,0.0047709384230144,0.0,0.0,0.0,0.0,0.0,0.0,0.0059834798271791,0.0125606458654971,0.0107886311973991,0.0,0.0,0.0,0.0,0.0580480706551971,0.0040486290054694,0.0,0.0,0.0,0.0,0.0052514022774698,0.0038927639703369,0.0,0.0,0.0,0.0,0.0,0.0,0.0,0.0,0.0,0.0,0.0,0.0,0.0,0.0,0.0,0.0,0.0,0.0,0.0,0.0,0.0,0.0,0.0,0.0,0.0,0.0,0.008793532105832,0.0,0.0,0.0,0.0,0.0,0.0,0.0,0.0,0.0,0.0,0.0,0.0161504296668252,0.0,0.0,0.0,0.0,0.0,0.0102837534544052,0.0,0.0,0.0038042840435748,0.0049896769140812,0.0,0.0038052176652177,0.0,0.0,0.010719636940745,0.0,0.0,0.0,0.0,0.0,0.0,0.0,0.0,0.0,0.0,0.0256741701097704,0.0,0.006620157504281,0.0336808574414696,0.0,0.0,0.0,0.0,0.0,0.0,0.0,0.0038956012755607,0.0,0.0,0.0042964245724822,0.0114075613724336,0.0,0.0,0.0,0.0,0.0046973400532662,0.0,0.0,0.0,0.0,0.0,0.0,0.0,0.0,0.0,0.0,0.0,0.0,0.0,0.0,0.0,0.012999332151525,0.0049396215060956,0.0,0.0,0.0,0.0,0.0,0.0053546590215029,0.0,0.0,0.0150718991029522,0.0,0.0,0.0043088562918586,0.0,0.0,0.0,0.0,0.0,0.0,0.0,0.0,0.0,0.0,0.0,0.0,0.0,0.0,0.003742729337885,0.0,0.0,0.0,0.0065020255110316,0.0,0.0,0.0,0.0,0.0,0.008327125536888,0.0,0.0,0.0050994141114227,0.0167703901584068,0.0,0.0,0.0,0.0,0.0,0.0,0.0,0.0,0.0,0.0,0.0,0.0,0.0782882760840069,0.0,0.0,0.0036187887727727,0.0,0.0
MH,0.0142524576811186,0.0245110137777891,0.0169995488885621,1.508163417086,0.0054302922104079,0.0177261293000799,0.22525200695532,0.0837450384449893,0.405137193493179,0.0,0.0523593232589042,0.0609050627989392,0.0,0.0046253372319882,0.243702508935427,0.0036813059240094,0.0,0.0,0.0,0.0,0.0146182489423859,0.116291551194516,0.10739139399441,0.29922734055184,0.025582417137464,0.0037124235148778,0.0168263337901171,0.338567592868632,0.0,0.015892200266731,0.103798517569188,0.042521357408865,0.0322503130533758,0.0141647909154826,0.0,1.08003158946573,0.303998115777982,0.0,0.0,0.0,0.0600820893005077,0.0445696677012525,0.0,0.0211676543846452,0.0692777738411918,0.0325395733286133,0.0582658937272238,0.0043316540747093,0.0738665209197072,0.0274600761077004,0.0,0.0,0.018388827340367,0.0525359035138749,0.038802467101703,0.0,0.0,0.0280453965747345,0.0308676815727034,0.0,0.0,0.0,0.163843498048897,0.0458211155217426,0.0,0.0,0.120376200901882,0.0,0.0236204772342852,0.0,0.0083875773182211,0.0,0.0,0.455785661551457,0.165686299404877,0.0090573962160561,0.0352855280964073,0.0,0.0,0.0512897790979728,0.0414963878086744,0.0,0.0,0.754913248096186,0.0,0.0,0.065457145174286,0.0,0.0,0.0,0.202678003678027,0.0078170969697222,0.0066442698078143,0.0055970999561988,0.0219392080182275,0.0072059752385471,0.0181746373580992,0.0,0.0980671730036507,0.0,0.0,0.0098748204758841,0.0466515656325398,0.0,0.0045074667036325,0.0,0.0,0.0149231928037175,0.0,0.266578553083162,0.210643691552737,0.0677373574450573,0.162188267595793,0.008741398771874,0.0,0.199749659656281,0.0,0.0,0.0,0.118957340441118,0.0,0.127136407302569,0.0,0.0,0.0,0.0,0.127643378570268,0.0321723736841606,0.254431834038569,0.0065533315956327,0.0036510339975933,0.0,0.0085736520389625,0.0,0.0,0.0037586796184289,0.0,0.0,0.015049241915181,0.0,0.0,0.0523295197778296,0.0039333993255071,0.0079104518270671,0.475169205204442,0.0,0.0040963591114136,0.0,0.0,0.0377013697178293,0.0047265987225644,0.0077412366726279,0.0,0.0,0.0358548968639274,0.0431841455625592,0.18840986196286,0.0103214519988844,0.0101859019418826,0.0,0.0,0.239049758997241,0.0,0.0159844232776176,0.0,0.0,0.0,0.0226440592698624,0.0,0.0,0.0,0.0,0.0,0.0,0.0,0.0059871060113261,0.0,0.0,0.0,0.0,0.0100172471851665,0.0,0.0763193262933433,0.0,0.0,0.011375551586982,0.0,0.0,0.0,0.039743350710561,0.010619548063976,0.0,0.0461333390097677,0.0,0.0,0.0083612224582715,0.0,0.0,0.0,0.0,0.0,0.0,0.0847992512924385,0.0088906913997474,0.0,0.0,0.0,0.0790250054522451,0.0,0.0035046376698533,0.0,0.0,0.333062942674234,0.0,0.0075240702470521,0.0,0.0142624264545694,0.0051804854125871,0.0,0.0071705274584765,0.0082762190586049,0.0,0.0,0.0983029450274593,0.0,0.0,0.0,0.0,0.0,0.0,0.0380368923484925,0.0299059960842455,0.0869769528309364,0.0,0.0,0.0,0.12608185375463,0.0,0.0,0.0098425888968075,0.0204774537874444,0.0189347539946242,0.0061215912554478,0.0,0.107537988311909,0.234951914427035,0.0,0.0,0.0,0.0142269110214084,0.0166627439491013,0.0,0.0,0.0124629416371135,0.0077234460125497,0.0061070035376895,0.0,0.0197085193712562,0.0109568998742258,0.0,0.0,0.0,0.0129982386758848,0.0,0.0,0.0,0.0,0.0084510569217351,0.0,0.0,0.0,0.0108406861672107,0.0247937962286867,0.0,0.0,0.0924317201912112,0.0,0.0044884852024648,0.0,0.0,0.0,0.0,0.0174492449324815,0.085585215189354,0.0,0.0080469755912741,0.0,0.0,0.0064268425170811,0.0057764372916754,0.0,0.0,0.0698042268947835,0.0,0.0,0.0159656005887162,0.0,0.0,0.0,0.0098837970713355,0.0065340409164873,0.0035113672801401,0.0,0.0,0.0,0.0,0.0,0.0583990958268917,0.0,0.0,0.0052550924652556,0.0378136462639602,0.0,0.0,0.0,0.0,0.0049816445768172,0.0,0.003668557581234,0.005303887962242,0.0,0.021012234270499,0.0,0.0,0.126072058095907,0.0,0.0,0.0,0.110463224707768,0.0,0.0045170851360762,0.0,0.0,0.0,0.0,0.0710649673040851,0.012501308833293,0.0050873376199468,0.0074796670123003,0.0,0.0,0.0,0.0,0.0,0.0,0.0,0.0,0.0145037597794457,0.0,0.0,0.0086298675086145,0.0,0.0,0.113318247796775,0.0,0.0,0.0,0.0,0.0170811458413976,0.0,0.0,0.0,0.0,0.0,0.0,0.0318015778600499,0.0,0.0034900604110219,0.0,0.0,0.0459356261663631,0.0,0.0049739734787866,0.0,0.0,0.0,0.0065248893988228,0.0,0.0,0.0,0.0,0.0,0.0,0.0,0.0,0.0,0.0,0.0,0.0,0.0,0.0,0.0452440822031215,0.0,0.0,0.0,0.0,0.0,0.0,0.0054131825045591,0.0037771967909355,0.0,0.0,0.0,0.0,0.0,0.0,0.0,0.0,0.0,0.0,0.0,0.0292693434510675,0.0,0.0,0.0,0.0,0.0214580690681182,0.0
MM,0.005802013249142,0.0,0.0,0.0167904714176752,0.0,0.0537408331702369,0.0084454997818696,0.0082680983528125,0.004724481802612,0.0,0.252657778873617,0.0480428057426843,0.0041880535199871,0.0,0.0048777808011554,0.0,0.0276469803409016,0.0,0.0,0.0,0.0148705601776423,0.0107824505484034,0.0138195519641069,0.0680370812326248,0.0180550389129423,0.0,0.0263085457857207,0.0306886888517179,0.0066546519601549,0.0,0.0,0.0047491146576977,0.0095525611817981,0.0164015118740162,0.0418703551412891,0.021996024601795,0.0252521763636217,0.0,0.0035826762483979,0.0,0.0660465745290331,0.0793178261977919,0.0,0.0,0.0063644947846402,0.0178795233483283,0.0704048534952396,0.0288362780737788,0.0,0.0,0.0,0.0,0.0,0.0,0.0060616009390457,0.0,0.0,0.0089730515041498,0.0,0.0,0.0,0.0,0.0,0.0039517470889327,0.0,0.0,0.0071858468346797,0.0,0.0,0.0,0.0,0.0,0.0,0.0057219799567225,0.164560674251112,0.0,0.0251454483555317,0.0,0.0,0.0511650921463496,0.0346337752114714,0.0,0.0,0.0104798837671619,0.0,0.0,0.052376197825425,0.0,0.0,0.0,0.0037234563303724,0.431905149837056,0.0705521690914453,0.006873656644279,0.008723450109821,0.0334853359766828,0.0403518762816121,0.0,0.0574953485728446,0.014411256073476,0.0,0.0284341285954702,0.0,0.0,0.0038336903633257,0.0,0.0,0.0061836308178093,0.0,0.0,0.0,0.0,0.0472367461702829,0.043881306758748,0.042655062608824,0.174317350923275,0.0,0.0,0.0052806418998013,0.0100544780362459,0.0070676141149237,0.003739571468138,0.0044857325522537,0.0072486646456899,0.0,0.0,0.30493336160421,0.0527898875236029,0.0,0.267576430766019,0.0,0.0,0.0055095699779048,0.0,0.0,0.0,0.0,0.0,0.0062918787336163,0.0,0.0,0.0249316426107794,0.0,0.0118754544825764,0.0193910748691847,0.0500155882699554,0.0050856865003047,0.0034753060944365,0.0096341283197934,0.0258176942910811,0.0055788209352389,0.0071863512175,0.0,0.0057280926509226,0.0060573674449374,0.0056561185958439,0.0067446364284865,0.0126159402330305,0.0220237791241998,0.0,0.0053776741416069,0.0470499099945912,0.0,0.0318211709153286,0.0,0.0149757270291386,0.0,0.0097718895679905,0.0052075794956992,0.0,0.0,0.0,0.0,0.0,0.0047351964146941,0.0,0.0106858273461186,0.0038893033768292,0.0,0.0,0.0156745235997703,0.0,0.225921219021346,0.0,0.0,0.0133612423244388,0.0235294793603729,0.0067054659072699,0.0055555330142098,0.0110783907283085,0.0960939295215775,0.0,0.0,0.0,0.0,0.0050509090176369,0.0,0.0,0.0044490259986178,0.0186535164711277,0.0,0.0,0.0313538709375863,0.0493603944183545,0.0,0.0,0.0040594337309574,0.0141869461937668,0.0,0.0,0.0,0.0044767340258999,0.0,0.0,0.0105347402390595,0.0,0.0,0.0,0.0,0.0273787520386444,0.0,0.0104100920761958,0.0,0.0,0.0,0.0086744656309871,0.0,0.0,0.0,0.0,0.0,0.0,0.0127691166635142,0.004707983258091,0.0,0.0111985468892833,0.0,0.0,0.0,0.0,0.0,0.0,0.0166159047774691,0.0689222392565777,0.0126453855663327,0.0,0.0053930204585559,0.0,0.0,0.0825558403522114,0.0053343735895732,0.0,0.0,0.0,0.0042075558150805,0.0187250354683803,0.0254090602429022,0.0,0.0,0.0,0.0,0.0,0.0,0.0,0.0,0.0,0.0,0.0,0.0,0.0,0.0,0.0,0.0,0.0,0.0,0.0,0.0,0.0,0.0,0.0,0.0,0.0,0.0,0.0199383620900845,0.0,0.0035276891178338,0.0,0.0,0.0057610710057822,0.0086509131395757,0.0,0.0,0.0048190472849569,0.0,0.0,0.021828890352007,0.0,0.0,0.0,0.0,0.0603716231314397,0.0293830325536622,0.0,0.0049164323112865,0.0078268442512546,0.0092409363026734,0.0,0.0086422576438921,0.0035759575417802,0.0,0.0153936168963852,0.0,0.0,0.0048512205584556,0.0,0.0,0.0,0.0,0.0,0.0,0.0,0.0337616921496396,0.005736233416418,0.0294500160744354,0.0532379307117108,0.0118376308549269,0.0,0.0,0.0,0.0,0.0,0.0178624618270639,0.0199186491746635,0.0,0.0,0.0589830019934479,0.017438311560388,0.0,0.0254571077848229,0.0,0.0,0.0196772972164486,0.0,0.0,0.0059602920480978,0.0,0.0,0.0,0.0,0.0,0.0036660506951662,0.0,0.0,0.0087172762687465,0.0091522876465614,0.0,0.0,0.0057953283672684,0.0138727676724282,0.0,0.0,0.0,0.0106951881756385,0.0154695776929826,0.0126701419294504,0.0,0.0,0.0038907082959174,0.0,0.0,0.0,0.0064667472853623,0.0,0.0,0.0073613402529017,0.0,0.0,0.0,0.0,0.0,0.0,0.0,0.0,0.0,0.0,0.0,0.0,0.0,0.0,0.0040423272194272,0.0,0.0425943931763907,0.0,0.0,0.0,0.0220739332225657,0.0,0.0,0.0233328523018728,0.0346582901701787,0.0,0.0,0.0,0.0,0.0,0.0,0.0,0.0,0.011184196710596,0.0,0.0,0.0,0.0087008895983647,0.0,0.0,0.0,0.0052432567199348,0.0
MOB,0.0236552547483516,0.0051578942841896,0.0093582217371433,0.156060411055095,0.0,0.0,0.0176670263789983,0.0268734493733385,0.0612115428227457,0.0,0.0,0.0,0.0,0.419313472451495,1.33722752483239,0.0,0.0,0.0,0.0,0.0,0.0,0.0238330495037361,0.0291846892842458,0.0194237949840329,0.0141513939220525,0.0,0.0,0.0140508482570189,0.0,0.0,0.0204533027972371,0.0,0.0,0.0220807686024264,0.0385647561695714,0.0338770160158319,0.0,0.0,0.0,0.0,0.0070899628327783,0.0,0.0,0.056895223920223,0.0,0.0073921866571404,0.0442004458200061,0.0062628502405551,0.128618363994971,0.0279303418093393,0.0,0.0,0.0039981344155079,0.01081026992037,0.0,0.0,0.0,0.0,0.0042114697874545,0.0,0.0,0.0,0.0381501449517934,0.0,0.0,0.0,0.0,0.0,0.0037320184181103,0.0,0.0,0.0,0.0,0.0,0.0403263629167978,0.0,0.0121606112167307,0.0,0.0,0.0241514614834169,0.006629652976719,0.0160567173897663,0.0,0.0,0.0,0.0,0.0439912414217578,0.0,0.0,0.0,0.0,0.0,4.23966380295867,0.0036941403786888,0.0077206052245549,0.0,0.0073335640685984,0.0,0.0,0.0052021496646294,0.0,0.0305086758145359,0.0,0.0,0.0222893764701285,0.0,0.0,0.0,0.0,0.0358832480813575,0.0517201068334479,0.0441915309596114,0.166162495269849,0.0046459684974224,0.0224431872100009,0.0,0.0,0.0,0.0,0.0,0.0044450033261931,0.0,0.0,0.0055538184069234,0.0,0.0,0.0055916700418627,0.600077582882465,0.0235734911723985,0.0,0.0,0.0,0.0,0.0,0.0,0.0,0.0,0.0,0.0,0.0,0.0,0.0,0.0,0.0,0.0,0.0,0.0,0.0,0.0,0.0,0.0,0.0,0.0,0.0,0.0038897927884514,0.0,0.0,0.0,0.0,0.0,0.0,0.117314927373691,0.0,0.0057381574578733,0.0,0.0,0.0,0.0,0.0,0.0,0.0,0.0,0.0,0.0,0.0,0.0,0.0,0.0,0.0,0.0,0.0,0.0,0.0044912270988595,0.0,0.0,0.0,0.0098176023869529,0.0,0.0035725294016663,0.225673784947691,0.010212659745617,0.0,0.0,0.0,0.0,0.0,0.0,0.0,0.0,0.0050850127626378,0.0,0.0,0.0,0.0,0.0,0.0,0.0,0.0,0.0,0.0,0.0,0.0,0.0165654015705443,0.0,0.0,0.0,0.0,0.0068541312706189,0.0,0.0,0.0,0.0,0.0124012107365498,0.140061399976561,0.0,0.0,0.0,0.0,0.0,0.0,0.0,0.0,0.0056927274234507,0.0,0.0,0.0,0.0,0.0,0.0,0.0,0.0,0.0,0.0,0.0067378505748578,0.0232871450474412,0.0,0.0,0.0,0.0,0.0169284346108751,0.0,0.0,0.0,0.0,0.0,0.0061190135849349,0.0,0.0326887830874345,0.0,0.0,0.0,0.0,0.0,0.0,0.0,0.0,0.0,0.0,0.0,0.0,0.0,0.0,0.0,0.0,0.0,0.0,0.0,0.0,0.0,0.0,0.0,0.0,0.0,0.0,0.0,0.0,0.0,0.0,0.0078285010055032,0.0,0.0,0.0,0.0,0.0,0.0,0.0,0.0,0.0,0.0,0.0,0.0,0.389069521460544,0.0,0.0042909433373796,0.0,0.0,0.0,0.0,0.0,0.0,0.0066881233077896,0.0,0.0,0.0,0.0,0.0,0.0,0.0,0.0,0.00492641235956,0.0,0.0123389917642049,0.0,0.0039232025128692,0.0,0.0,0.0,0.0,0.0,0.0,0.0,0.0,0.0,0.0,0.0,0.0,0.0849938021657049,0.0,0.0,0.0,0.0,0.0043134977201647,0.0,0.0,0.0,0.0,0.0,0.0,0.0,0.0,0.0,0.0,0.0,0.0,0.0,0.0,0.0,0.0,0.0,0.0,0.0,0.0,0.0,0.0036924957525783,0.0,0.0,0.0,0.0,0.0,0.0,0.0038997479617673,0.0,0.0,0.0,0.0,0.0,0.0,0.0,0.0,0.0,0.0,0.0,0.0,0.0,0.0,0.0,0.0,0.0,0.0,0.0,0.0,0.0,0.0,0.0,0.0,0.0,0.0,0.0,0.0099620427863458,0.0,0.0,0.0,0.0,0.0,0.0,0.0,0.0,0.0,0.0,0.0,0.0,0.0,0.0,0.0,0.0,0.0,0.0,0.0
MOp,0.0045487702840358,0.104808010040258,0.0795763366553949,0.0848371282545423,0.0,0.0,0.494581445645384,0.0932563670586916,0.0374107511741101,0.0,0.0,0.0,0.0,0.0,0.0054753278000179,0.15576338741521,0.0,0.0412316010620342,0.0084975513145228,0.0282021172115627,0.0063771594906085,0.0272900003338924,0.0052993973955449,0.0055289068798986,0.0,0.0,0.0,0.0472315266820963,0.0,0.0588528274917843,0.0139137819868018,0.0,0.0343633083125532,0.0,0.0,7.0343092879224,0.0190137712037925,0.0,0.0,0.0,0.0,0.0,0.0,0.0,0.0,0.0312558956514338,0.0143739979243108,0.0,0.0099143101139095,0.0,0.0,0.0,0.12407274354849,0.0129604267637796,0.255722032779122,0.123620480245951,0.100639428975115,0.214692742999903,0.0,0.0,0.0,0.0074158938198925,0.0034947175362161,0.0136150748646872,0.0372839578571239,0.0,0.0039634714276493,0.0799413582263241,0.0,0.0,0.0213345668070774,0.0,0.0,0.0,0.0127835399918479,0.0168910502151742,0.0,0.0039271614897792,0.0,0.0,0.0,0.0,0.0620386943619351,0.136610110201051,0.0121799408557987,0.0173035277637363,0.0,0.0,0.0065091763532477,0.0,0.0,0.0,0.0,5.37210187932119,3.58161597316262,0.0,0.0,0.0,0.674139645090128,0.0,0.0093142856398158,0.0,0.0,0.0,0.0,0.0,0.0,0.0070248990948416,0.0089231321285321,0.095564726447141,0.0087322291486898,0.0218582489482311,0.0138743505007748,0.0,0.0,0.103751236833652,0.0,0.0600443950086905,0.0231466851571151,0.0040326327593122,0.0118163463883261,0.171415310493034,0.0,0.253403638503884,0.0050236971587539,0.0085292884220203,0.008033750260877,0.0136142903117097,0.0409621652034045,0.0,0.466779936128701,0.0082663639557081,0.0,0.0,0.0267862311449429,0.0,0.0,0.0440743909291537,0.0968384083729792,0.0,0.0049361411057821,0.0,0.0562669399850492,0.0,0.0,0.0,0.0,0.0,0.0,0.0,0.0076239083726906,0.0554080438400072,0.0035634681770169,0.0328477731752239,0.0250605873750887,0.0185267734069801,0.183850274219426,0.0,0.368316017356351,0.0,0.0,0.0261419491462806,0.0,0.0157322185638422,0.0156964897071744,0.246173508380868,0.0,0.0,0.0,0.0282794004652587,0.0,0.0,0.0067083367014598,0.0110546855022554,0.196504656135053,0.522999588015558,2.49125382578301,0.307537084884951,0.0949436963988934,1.12214904283806,1.52132318567594,0.0650932786711941,0.0,0.005451643880755,0.0,0.0352865200704406,0.0,0.123834004893593,0.0,0.004457522306836,0.0,0.0,0.336992262190658,0.0,0.0039235899366491,0.319934020089354,0.0063404847605594,0.0082392553039306,0.0041646076054829,0.0162887375415392,0.0,0.0037340452763542,0.146973981644364,0.0,0.178232797925026,0.358156461310663,0.0467880303616769,0.0125255669741856,0.0,0.0,0.0179037509171627,0.0458459759693213,0.0443906874266946,0.0,0.0,0.248128174806748,0.0746008040742976,0.0177338890019111,0.0,0.0,0.0,0.0036430475097919,0.0,0.0037175166695932,0.0,0.0,0.007261472517345,0.0,0.0089642528814422,0.0,0.0097857855930553,0.0,0.0068851607912673,0.0,0.0,0.0,0.0131711055866637,0.0,0.0036987363025674,0.0191686785826266,0.0,0.0199379010886093,0.0,0.0,3.50312048935916,0.0061934874947505,0.0,0.0,0.0,0.0046046163782148,0.0,0.0,0.0,0.0,0.0395399545949517,0.0084951555673191,0.0,0.0299309841317403,0.0,0.0,0.0,0.0356609841242485,0.0076296850341625,0.0053225991349823,0.0,0.165173271586485,0.183275422082798,0.0,0.0,0.0,0.0,0.0,0.0067016674722597,0.0,0.0,0.0,0.238667163397435,0.0,0.0,0.0,0.0,0.0,0.0,0.0,0.0,0.0,0.0045626692945428,0.0035689388303022,0.0,0.0,0.0,0.04990463200894,0.0463021985784525,0.109050600024094,0.0609117004095642,0.0,0.0,0.0,0.0,0.0,0.0,0.0037875698156605,2.58520052110176,1.24490325233387,0.0,0.0,0.0,0.0268505568284391,0.0,0.0131940886829503,0.0,0.0,0.0,0.0,0.0,0.0,0.0,0.029624268785459,0.0512779514841111,0.0,0.0078148292153593,0.0056254561432082,0.0,0.0,0.0226604336674382,0.0,0.237314016888222,0.0205349125807557,0.0,0.0158958215945094,0.0160306956086193,0.0,0.0281743238084961,0.005307371253963,0.0217959204038258,0.0,0.0105014724105021,0.0094725506540501,0.0,0.0284312536535914,0.0,0.0,0.0,0.0041833293795352,0.0,0.0,0.112576822900478,0.0100452734130504,0.0,0.0500869083260347,0.0,0.0053087366299613,0.0,0.0,0.0,0.0,0.0,0.0,0.0,0.0043067433111933,0.0044382838621697,0.0,0.0078146730459115,0.0046176710355372,0.0055377776135748,0.0,0.0,0.0068400562482434,0.0,0.0,0.0041311210254414,0.0,0.0061556534388297,0.0,0.0,0.0076155153537253,0.0,0.0,0.0,0.0054881243041863,0.106893547565829,0.099299165693773,0.0948418717197165,0.031410773009044,0.131365990926837,0.959308902548924,0.101227479950468,0.0227965437071213,0.248999523333126,0.623028992297847,0.0,0.0,0.0073907933067026,0.0,0.0166734181612825,0.0,0.0073300801434132,0.0,0.0040476917024286,0.0,0.0067344230120396,0.0364681827682143,0.0,0.0317684531370373,0.251381005949621,0.0,0.0,0.0,0.0,0.0,0.0,0.0147484916605406,0.0,0.0,0.0134642767480245,0.0102957739277771,0.0,0.0036539358084709
MOs,0.0044298985059863,1.30629708973046,0.423894294752275,0.162394676936443,0.0122040540894073,0.0,0.612829050457319,0.0374266706499784,0.073567614377972,0.0,0.0610399650005163,0.0593514787343003,0.0,0.0107453947973055,0.0236909976681776,0.214016580061035,0.0,0.0493659692810004,0.0173618317655456,0.0232910299028964,0.0860362707685143,0.0278648441557567,0.0,0.0111485699835136,0.0,0.0,0.0,0.0344196389430995,0.0,0.13032797148458,0.0481741717923156,0.0,0.0503154207094447,0.0,0.0,8.55078358743898,0.0711894551022641,0.0,0.0036363792419069,0.0,0.0060679836229928,0.0,0.0,0.0169658499484996,0.0095923073304943,0.0406674383663764,0.0370286220871884,0.0093589652763636,0.016386005750036,0.0,0.0,0.0,0.468834476442505,0.010733024442238,0.198891217223831,0.0718154006969576,0.0749658059524469,0.091026522491136,0.0,0.0,0.0,0.0065397545675614,0.0292814566782691,0.0171423929195708,0.0219341866922908,0.0,0.0160557142829875,0.0585269240573733,0.0,0.0,0.15076695714451,0.0,0.0,0.0204474976603542,0.0497930657450096,0.112654507888787,0.004283190426839,0.0,0.0,0.006738585622324,0.0,0.0,0.0462381907823302,0.367548478294632,0.0089756369267903,0.0129459421033529,0.0,0.0,0.0110623729585127,0.0,0.0,0.0,0.0158484343422574,3.0539757491623,5.66131633739522,0.0,0.0,0.0,0.901570372343322,0.0,0.0080567763607398,0.0069465513141348,0.0097799708141998,0.0,0.0,0.0,0.0042774749678988,0.0458242345989882,0.0049240049574666,0.527386693896734,0.0987547900880564,0.24357389539445,0.0169476962052556,0.0,0.0,0.395073715473825,0.0051214166545302,0.0440265267066236,0.0262204440714739,0.0217574676624536,0.0177093743801196,0.153127726374943,0.0,0.223385137965907,0.0,0.0079743180147104,0.0548838520415708,0.0476494200343607,0.346719642495081,0.0,0.25661999957234,0.012582485350255,0.0223775844928956,0.0,0.047967541651704,0.0,0.0,0.0683715940402405,0.21483337595065,0.0,0.0035826681294716,0.004419284148216,0.278478086442649,0.0,0.0083219883025007,0.0,0.0,0.0,0.0,0.0330231754832994,0.0189291053998492,0.072031906244686,0.010583107705847,0.146545759719449,0.296985981016074,0.225207536741521,0.253401039114963,0.0,0.881558034924352,0.02641524294625,0.0,0.0499681753446596,0.0,0.0603758319749657,0.0249300503792045,0.225830790668813,0.0,0.0148817602539925,0.0101826233451648,0.0393292830338163,0.0,0.0,0.0039803716404499,0.005998072716938,0.430026476578156,0.246765439713612,0.772060722392703,0.26558252869594,0.129434238257622,0.424142846133485,0.793374531805788,0.067428378618167,0.00951854346608,0.0072149322712969,0.0,0.0780371301300977,0.0,0.119819858408616,0.0,0.0192044615502764,0.0,0.0,0.312563469908636,0.0,0.0063070702513681,0.179636811812174,0.05109440406269,0.101485851007579,0.0396978474593176,0.163047055675873,0.014354514971483,0.0441012353698304,0.316702396796041,0.0,0.0871195481026598,0.104656751474201,0.0390908499253421,0.0339228832374641,0.0,0.0,0.355210489267865,0.145810398478558,0.0804458016905817,0.0,0.0,0.453637882541769,0.0370027199774089,0.0784132969968867,0.0,0.0141498644513295,0.0076144624194213,0.0034795846935018,0.0,0.0148355194327177,0.0040551446024279,0.0,0.0075223473351157,0.0039568844539426,0.0075713144580556,0.0040091052299209,0.0153202227455416,0.0,0.0042771326299264,0.0,0.0,0.0,0.0119035216529829,0.0,0.0093414976421712,0.0734047028993669,0.0,0.0259355849630004,0.0,0.0,4.54242350676538,0.0289996077022259,0.0047684614393133,0.0,0.0,0.006248666248556,0.0,0.0,0.0049037177990199,0.0,0.055957117343953,0.0356948599469276,0.0038086533219303,0.0388061714704894,0.0,0.0,0.0,0.150079232267726,0.0069146971545489,0.005088782104508,0.0,0.110938759577534,0.136792261939693,0.0,0.0,0.0,0.0,0.0046939031639764,0.0083431598039558,0.0,0.0,0.0,0.131508361566218,0.0,0.0,0.0,0.0,0.0,0.0,0.0,0.0,0.0,0.0038369947628866,0.0,0.0,0.0,0.0,0.0345334673753537,0.0731608479784141,0.0566066957254793,0.0414971831429554,0.0,0.0,0.0,0.0,0.0,0.0,0.0072244085217857,1.65911658690867,2.69544386876972,0.0,0.0,0.0,0.0624560863619984,0.0,0.009969819291602,0.0,0.0061551962988229,0.0,0.0,0.0,0.0,0.0,0.012564359302217,0.330241014185002,0.0250890738960938,0.0855283005788185,0.0096902461403417,0.0,0.0,0.0919331695490274,0.0,0.12273469550198,0.0148726503539839,0.0111248131135628,0.0261061675976522,0.0255870556978629,0.0,0.0479790684311231,0.0,0.016744391412662,0.0155868466048468,0.0439918129321667,0.103264615776878,0.0,0.0203806591716555,0.0,0.0054347111606787,0.0,0.010521367470168,0.0,0.0,0.0959989234139121,0.033228157856567,0.0,0.0181431194904442,0.0,0.0201981865146396,0.0,0.0,0.0,0.0,0.0,0.0,0.0215291402896603,0.0112645143662486,0.0052039017081904,0.0,0.0172687335295616,0.0483891414884268,0.0520297815131171,0.0,0.0,0.0395216698477879,0.0,0.0,0.0057702944800233,0.0,0.0260358365780295,0.0,0.0044434615141421,0.0040055198443603,0.0045790029771354,0.0,0.0,0.0,0.0285922334385069,0.033261631266446,0.0363459769560435,0.0597646802799317,0.0550104137444519,0.381882884916795,0.087518443348362,0.0174402104025242,0.106183158266983,0.323320077334098,0.0,0.0,0.0056853811733816,0.0,0.0342643735835166,0.0,0.015541544787595,0.0,0.0123288122980947,0.0,0.0036717791236052,0.036676175428007,0.0,0.0222339373655161,0.135356871481753,0.0036211522641006,0.0057396428607887,0.0,0.0080732379767204,0.0,0.0,0.0342452122509719,0.0,0.0,0.0078833530422623,0.0096710500005885,0.0,0.0
MPN,0.011925037211045,0.0197051207757914,0.0259890505832841,0.065096428783166,0.0,0.308681718927637,0.0,0.0,0.0,0.0,0.0039839336636018,0.0,0.0,0.0,0.0127819939029806,0.0,0.040168937477931,0.0,0.0,0.0,0.0,0.0046072016893058,0.0164044177268008,0.358847224425916,0.0465877231842523,0.0,0.0154388237427507,0.0491397381680779,0.0,0.0,0.0,0.0100124335286138,0.0091220478973747,0.0035379107546968,0.004199955724682,0.0051035758072817,0.0266775113479534,0.0,0.0085503844453487,0.0,0.0076554244140243,0.149429526986119,0.0,0.0078073753624996,0.0209370775763869,0.0,0.0041654824978001,0.0,0.0,0.0,0.0,0.0,0.0,0.0,0.0,0.0,0.0043703108725476,0.0,0.0,0.0,0.0,0.0,0.0081386551500578,0.0089263609226594,0.0,0.0,0.0100285489221375,0.0069320413125822,0.0,0.0,0.0,0.0,0.0,0.0515455211229502,0.414481796870638,0.0,0.217583133060656,0.0,0.038178222929414,0.256326694261518,0.120688111554719,0.0075528499277965,0.0050036305088343,0.0361118777814228,0.0,0.0,0.0668329203262985,0.0,0.0,0.0,0.0303890979662756,0.0261170729559337,0.0,0.0062872052430109,0.0182857646387843,0.36874900998917,0.538737181778089,0.0,0.146984016886406,0.104143440273394,0.0,0.131021021793026,0.0,0.0,0.0,0.0,0.0,0.0105022381846996,0.0,0.0,0.0,0.0,0.0063759159991645,0.0202349779067348,0.0,0.384968765870684,0.0,0.0,0.0171262859795732,0.0284137111152686,0.0,0.0051990089603348,0.0,0.0,0.0,0.0,0.180684105636651,0.0,0.0081074761552825,0.0238177198784958,0.0,0.0,0.0,0.0,0.0205073894637555,0.0,0.0,0.0163246541040648,0.0276131583700842,0.0,0.0,0.0345207675622659,0.0,0.0611857830853735,0.0826740864290596,0.0112511762423926,0.0535406708947277,0.0,0.045305801513301,0.0539738948598077,0.0,0.0141235750830715,0.0149564438101232,0.0047907889500699,0.0100227079319901,0.0302447738412318,0.0217678177672386,0.0406738661277619,0.019458367859052,0.0,0.0296885090175816,0.158254089856317,0.0,0.0039090301936707,0.0,0.0,0.0,0.0247340838799815,0.006060921061311,0.0,0.0,0.0,0.0,0.0,0.0,0.0,0.0,0.0,0.0,0.0,0.0,0.0,0.055112372371346,0.0,0.0,0.0,0.0,0.0053942374161202,0.0125637433746461,0.0131519520378712,0.166514304316885,0.0,0.0,0.0,0.0,0.0,0.0,0.0,0.0,0.0,0.0,0.0,0.0106165540374359,0.13457564971218,0.0,0.0,0.0,0.0602491917933337,0.0,0.0,0.0,0.0,0.0,0.0,0.0158612574525806,0.0,0.0,0.0,0.0,0.0,0.0,0.0,0.0,0.0,0.0,0.0109907565394972,0.0,0.0,0.0,0.0,0.0,0.0,0.0382722699685359,0.0036061997884481,0.0,0.0038606917335783,0.0,0.0,0.0,0.0,0.0038732274322207,0.0049236032850796,0.0,0.0,0.0,0.0080117481059089,0.0,0.0,0.0,0.0081271131927552,0.0212555354620417,0.0,0.0,0.0039553200314819,0.0,0.0,0.0,0.0,0.0,0.0,0.0,0.0,0.0,0.0,0.0,0.0,0.0,0.0,0.0,0.0,0.0,0.0,0.0049720853394878,0.0,0.0,0.0,0.0,0.0,0.0,0.0,0.0,0.0,0.0198533163102781,0.0352311408651648,0.0,0.0146937244170444,0.0,0.0038304921458295,0.033148164705887,0.0170582885456668,0.0,0.0,0.0181467498186019,0.0,0.0,0.0,0.0,0.0,0.0,0.003568565294046,0.0056579692519363,0.0,0.0,0.0,0.0176005255872205,0.0433580591063035,0.0,0.0151045820535414,0.0324394007824913,0.0,0.0324003981033854,0.0,0.0,0.0,0.0,0.0,0.0,0.0,0.0,0.0,0.0,0.0,0.0,0.0,0.119943604186999,0.0,0.0,0.0,0.0065889146997672,0.0,0.0034736752268002,0.0,0.0,0.0,0.0,0.0619264297350057,0.0,0.0,0.0092230071245054,0.0,0.0,0.0,0.0,0.0,0.0,0.0,0.0,0.0,0.0,0.0,0.0121968698807123,0.0,0.0150611994119428,0.0315073594208122,0.0,0.0060881398678969,0.0,0.0125887756839567,0.0233826343638951,0.0,0.0,0.0,0.0,0.0,0.0046266549281406,0.0,0.0044234858671894,0.0046499837244733,0.0,0.0083554462700642,0.0088416636763991,0.0,0.0,0.0,0.0,0.0,0.0079400518993306,0.0,0.0,0.0,0.0,0.0,0.0,0.0,0.0,0.0,0.0,0.0,0.0,0.0,0.0,0.0190163207866748,0.0,0.0,0.0,0.0,0.0,0.0043969830386199,0.0,0.0282662298226417,0.0,0.0,0.0,0.0,0.0,0.0,0.0,0.0,0.0,0.0,0.0,0.0,0.0094977970739671,0.0,0.0,0.0,0.0082461517304293,0.0
MPO,0.0125716429438429,0.0256932258933004,0.0347035322029983,0.0712499991970108,0.0,0.275170353148309,0.0,0.0,0.0,0.0,0.0047360868939592,0.0,0.0,0.0,0.0156677504429827,0.0,0.0335066275696216,0.0,0.0,0.0,0.0037000334056055,0.0042887638265985,0.0148815202871058,0.344965579361184,0.0530953415285947,0.0,0.0190812361588656,0.0493854594106593,0.0,0.0,0.0,0.0105357744370298,0.0100244995545242,0.0,0.0035473668288441,0.0060355936934384,0.0308858925230484,0.0,0.0088769534449748,0.0,0.008893056855905,0.139621453464603,0.0,0.0100021770946594,0.0228205950731196,0.0,0.0050655623757079,0.0041910248270043,0.0,0.0,0.0,0.0,0.0,0.0,0.0,0.0,0.0048865680612236,0.0,0.0,0.0,0.0,0.0,0.0106247691430682,0.009377171014823,0.0,0.0,0.0112486542707418,0.007764794641645,0.0,0.0,0.0,0.0,0.0,0.0583424920538848,0.443120240195011,0.0,0.250425706815769,0.0,0.0449045453230083,0.277606445176408,0.110658769583255,0.0092629333113338,0.0054538464002874,0.0410156359065682,0.0,0.0,0.0598276245980529,0.0,0.0,0.0,0.034257139043813,0.0270194010951615,0.0034757123787865,0.007718603450428,0.0228717797028922,0.320547287949498,0.563442597537412,0.0,0.157088905969698,0.115153391845929,0.0,0.156267454681248,0.0037817868904114,0.0,0.0,0.0,0.0,0.0102268784970513,0.0,0.0,0.0046673955782754,0.0,0.0071109963356583,0.0180376198148431,0.0,0.393369715937452,0.0,0.0037643541234999,0.0183795190501818,0.030637577093897,0.0,0.0057441089481268,0.0,0.0,0.0,0.0,0.184947263423316,0.0,0.0108279174475094,0.0219509075408314,0.0,0.0,0.0037953692560459,0.0,0.022608401185845,0.0,0.0,0.0181379208081012,0.0311279885893306,0.0,0.0,0.0357747026122522,0.0,0.0546613376811151,0.084734901692727,0.0092012657747064,0.0446065328798572,0.0,0.0407263999249248,0.0528415715105001,0.0,0.0152189294825274,0.0163106900496081,0.0061544136460575,0.0135571100166492,0.0404931632106218,0.025325754535464,0.0330166807400486,0.0160959083906765,0.0,0.0334610400836487,0.172711558247098,0.0,0.0042289126877435,0.0,0.0,0.0,0.0246573668216493,0.0059818831524312,0.0,0.0,0.0,0.0,0.0,0.0,0.0,0.0,0.0,0.0,0.0,0.0,0.0,0.0573292228946551,0.0,0.0,0.0,0.0,0.0059770528320893,0.0135089779275576,0.0162779995468116,0.156624874561879,0.0,0.0,0.0,0.0,0.0,0.0,0.0,0.0,0.0037898248780691,0.0,0.0,0.0112918734058054,0.107505442231662,0.0,0.0,0.0,0.0658868460519351,0.0,0.0,0.0,0.0,0.0,0.0,0.0138214629182796,0.0,0.0,0.0,0.0,0.0,0.0,0.0,0.0,0.0,0.0,0.0087373906549433,0.0,0.0,0.0,0.0,0.0,0.0,0.0349414987746797,0.0046486708920113,0.0,0.0050957041554968,0.0,0.0,0.0,0.0,0.0039799312316361,0.00543364538802,0.0,0.0,0.0,0.0091660510539284,0.0,0.0,0.0,0.0091139589113441,0.0184978921061789,0.0,0.0,0.0041319467555353,0.0,0.0,0.0,0.0,0.0,0.0,0.0,0.0,0.0,0.0,0.0,0.0,0.0,0.0,0.0,0.0,0.0,0.0,0.0052800934307195,0.0,0.0,0.0,0.0,0.0,0.0,0.0,0.0,0.0,0.0220834694433602,0.0344084574226277,0.0,0.0156437856354981,0.0,0.0049650690982725,0.0383673935975799,0.0155324310602858,0.0,0.0,0.0189571373436724,0.0,0.0,0.0,0.0,0.0,0.0,0.0038238056872584,0.0063830950450732,0.0,0.0,0.0,0.0151504897695562,0.0438067205425406,0.0,0.0152264904863681,0.036981048303468,0.0,0.036013848400841,0.0,0.0,0.0,0.0,0.0,0.0,0.0,0.0,0.0,0.0,0.0,0.0,0.0,0.1183800284947,0.0,0.0,0.0,0.0070173263981924,0.0,0.0036800694433022,0.0,0.0,0.0,0.0,0.0623552622241749,0.0,0.0,0.0081762080523004,0.0,0.0,0.0,0.0,0.0,0.0,0.0,0.0,0.0,0.0,0.0,0.0120859226069018,0.0,0.0130971370136334,0.0313197094095233,0.0,0.005294475148812,0.0,0.0110276617835617,0.0222730302415913,0.0,0.0,0.0,0.0,0.0,0.0057863488209575,0.0,0.0036798138548958,0.0,0.0,0.0101241995152609,0.0088125389192202,0.0,0.0,0.0,0.0,0.0,0.0077834032483482,0.0,0.0,0.0,0.0,0.0,0.0,0.0,0.0,0.0,0.0,0.0,0.0,0.0,0.0,0.01972495460706,0.0,0.0,0.0,0.0,0.0,0.0050309805891535,0.0,0.0246048558850261,0.0,0.0,0.0,0.0,0.0,0.0,0.0,0.0,0.0,0.0,0.0,0.0,0.0073687400639342,0.0,0.0,0.0,0.0085762406508024,0.0
MPT,0.0,0.0,0.0,0.0063604994300195,0.0192986275561517,0.0857024141719973,0.0047627804927283,0.0,0.0,0.0,0.0215908802371278,0.0218733987526703,0.0,0.0,0.0,0.259307035199334,0.0,0.0,0.0,0.0,0.075321646664963,0.0,0.0,0.0185202250287193,0.0036072327342728,0.0,0.0116520935743367,0.0,0.0,0.0396548599253775,0.0,0.0,0.0145302715562526,0.0,0.0,0.0,0.0058209992952535,0.0,0.0231324073211068,0.0,0.118201602857518,0.0204068249496581,0.0,0.0,0.0079873917077418,0.0,0.0,0.0,0.0,0.0,0.0,0.0,0.0,0.0,0.0,0.0,0.0071918131594707,0.0,0.0,0.0,0.0,0.0140886958406865,0.0,0.0154869526803634,0.0,0.0,0.0042890530406093,0.0063199993838374,0.0,0.0,0.528778967982348,0.0925198868210819,0.18182647886187,0.0744557614458102,0.0391170454011787,0.42092338621485,0.0087830247193297,0.0,0.0,0.0079149312577533,0.0041546607445109,0.0,0.0051978497165565,0.0432515673693003,0.0,0.0,0.0095926003814162,0.0,0.0074317573767236,0.006111463329418,0.0249295636958008,0.0,0.0,0.0,0.0,0.0050787791599382,0.0171740870652421,0.194937408360711,0.244675368654956,0.0,0.0,0.01330759396693,0.0,0.0,0.0,0.0,0.187120931838456,0.353204942623257,0.0,0.0,0.0,0.0,0.0095781969196446,0.0,0.0,0.839645171175771,0.0,0.0,0.0104866482282593,0.0128667613191865,0.0,0.0328684183427033,0.0,0.0207057120133517,0.0,0.0,0.111919459008398,0.0089964195578942,0.0,0.0,0.0137662544329836,0.0211672992676064,0.0,0.0,0.025953347077233,0.0,0.0038849656055035,0.0232250640791095,0.0665651348406528,0.0,0.0,0.031833002022994,0.0,0.0159842367351866,0.0700861864831622,0.0,0.0,0.0,0.0,0.135977663551192,0.0148148403617921,0.0321339122281003,0.00581933377801,0.0,0.0,0.0260629902730875,0.0426858568929815,0.0152734766004521,1.03438109102635,0.918110294841157,0.0,0.0100027608898854,0.0,0.0056190189401712,0.0,0.0044906620581797,0.0,0.0453011318412491,0.0138795182058657,0.0050929715729097,0.0,0.0,0.0,0.0,0.0,0.0,0.0048788072042956,0.0,0.0,0.0,0.005171236700055,0.0,0.0100083202372731,0.0,0.0,0.0,0.0,0.0140972158635119,0.0,0.0,0.0059065453174315,0.0,0.008757863126747,0.0,0.0,0.0,0.0,0.0,0.0,0.0,0.0,0.0,0.0327960128741117,0.0048857709677962,0.0348207546222104,0.0051558239633245,0.0054008079052167,0.0124590651479851,0.0,0.0,0.0,0.0,0.0,0.0078548434768959,0.0415812215015404,0.0,0.0,0.0,0.0,0.0123992731813436,0.0091722218182012,0.0,0.0,0.0,0.0470920942451422,0.0,0.0,0.0,0.0,0.020751007188139,0.0,0.0,0.0079397684660138,0.0,0.0,0.0037046819538573,0.0,0.0,0.0096391378326939,0.0,0.0,0.0060983705185689,0.0034597503336958,0.0,0.0,0.0,0.0,0.0116271637509053,0.0,0.0235652078862507,0.0063336088531037,0.0,0.0,0.0,0.0,0.0,0.0,0.0,0.0,0.0,0.0,0.0,0.0,0.0,0.0,0.0042238662321269,0.0,0.0,0.0,0.0,0.0051196811103119,0.0,0.0050690839062557,0.0,0.0,0.0,0.0,0.0,0.0,0.20109686581674,0.0223006437269324,0.0769622132197035,0.0082146333545067,0.008955223532399,0.0952991447310141,0.0,0.0,0.0,0.0,0.0,0.0,0.0,0.011038852473418,0.0,0.0,0.0059818048395901,0.0,0.0,0.0,0.0,0.0,0.0,0.0,0.0,0.0,0.0,0.0073904855056649,0.0378645671283734,0.0,0.0,0.0044501937895821,0.0,0.0,0.0,0.0,0.0162895515706262,0.118285864492983,0.0,0.0,0.0,0.0,0.006980654817379,0.0,0.0,0.317113845697387,0.0,0.0,0.0,0.0,0.0,0.0089787190612761,0.0,0.0,0.0,0.0,0.0522943403935957,0.0050054117683069,0.0,0.0,0.0038421081226203,0.0,0.0,0.0,0.0,0.0,0.0,0.0060244278470584,0.0066497676728057,0.0,0.0,0.0120504966306368,0.0,0.0034693527372862,0.0263515333882872,0.0,0.0,0.0,0.0,0.0724304016089247,0.007231270385427,0.0,0.0,0.0,0.0,0.0042775329905244,0.0299084416514051,0.0,0.341950427749751,0.21188126216326,0.0,0.0,0.0,0.0046357109818566,0.0,0.0,0.0,0.0170068978065069,0.0075256035819769,0.0,0.0,0.0,0.0,0.0,0.0,0.0,0.0,0.0,0.0,0.0,0.0,0.0,0.0053724833155337,0.0,0.0,0.0,0.0,0.0,0.0,0.0077411727223497,0.0047853534349197,0.0,0.0099606192496058,0.0,0.0,0.0,0.0,0.0,0.0,0.0,0.0,0.0,0.0110175138953662,0.0,0.0089755954837883,0.0,0.0,0.0,0.0
MRN,0.0048969516194843,0.0,0.0,0.0286686465588135,0.0,0.013534427266056,0.0,0.0,0.0,0.0,0.0,0.0,0.0,0.0,0.0,0.259284252752684,0.0,0.0,0.0,0.0,0.0,0.0055340492548415,0.0048036035142239,0.0102361511133774,0.0041918599706935,0.0,0.0057966458087686,0.0166675114399991,0.0045336034135706,0.0277267041362316,0.0,0.0170151367696556,0.0228319520630852,0.0,0.0,0.229868658518244,0.0366604415761717,0.0,0.0863304181802794,0.0,0.0092722720524495,0.0066151610838683,0.0,0.0,0.0599997086866266,0.0,0.0,0.0,0.0,0.0,0.0,0.0,0.0,0.0049902831215322,0.0257527716523537,0.0142377528219775,0.127995456763317,0.0,0.0,0.0192922039293569,0.0198951065135283,0.077115983187477,0.0,0.0195119840622229,0.0157315576502153,0.0,0.0152208164778084,0.0559419410089373,0.0,0.0,0.0133377947835177,0.0,0.0043600761293089,0.0141548269928099,0.138468735994074,0.0335533343517485,0.022589603851507,0.0041441766502972,0.0,0.0202037729025512,0.0,0.0065360320390187,0.0531573611489062,0.0971309626947506,0.0098785840594284,0.0158164786897261,0.0044483141008173,0.0,0.0149935047249009,0.0065043288491746,0.0,0.0315120263768023,0.0,0.0036051320576055,0.0,0.0,0.0063779609865431,0.0,1.55969666336467,0.0060339524737909,0.0064734667303683,0.0348818009773893,0.010480450290113,0.0062875180623559,0.0,0.0,0.007331344223119,0.0569817686288933,0.0037965828937796,0.0,0.0,0.0,0.0201914502332241,0.0,0.0,0.948469893213938,0.0,0.0407109472314613,0.0596794535119405,0.0398739964807263,0.0,0.0892560928408107,0.0,0.0315739357654531,0.0,0.0130585998449501,0.0552724629781005,0.0068134098367409,0.0,0.0041694020462722,0.0589029385100849,0.0238160397963628,0.0,0.0034619427022274,0.153547508556955,0.0,0.0,0.247475620827267,0.352291079997439,0.0,0.0,0.0,0.0,0.0,0.0115735702378495,0.0,0.0,0.0,0.0,0.0180721194493546,0.0046828287530036,0.227209400660784,0.0294050896782505,0.0098390483077448,0.0053116829368785,0.0113235903546122,0.0175029999036144,0.0,1.161344644811,0.116286925720014,0.0038680234862718,0.052997193972871,0.0,0.0072073726630284,0.0211427455190734,0.108043298185984,0.0045699560822423,0.0245582305018287,0.0097149956685536,0.0358773512345529,0.0,0.0,0.0,0.0,0.0,0.0,0.0,0.0,0.0,0.0,0.0045362216516855,0.0094140820453248,0.0162129431059027,0.0151178019063573,0.0,0.0,0.0,0.069383322542169,0.0,0.0,0.0068181915198938,0.0050917309495923,0.0271454116339008,0.0,0.0108783255706299,0.0,0.0,0.0,0.0,0.0047496804546506,0.0,0.0,0.0895345505630815,0.0,0.0230476462794371,0.019379616304311,0.022145022292515,0.0581538582722157,0.0,0.0,0.0,0.0,0.0,0.0,0.0,0.0,0.0,0.0,0.0,0.0,0.0,0.0,0.0,0.0,0.027262266901115,0.0,0.0,0.0,0.0,0.0,0.0,0.0,0.0,0.0,0.0,0.0056452578477699,0.0,0.0,0.0054163567203009,0.0,0.0082046439077246,0.0130003861957438,0.0,0.0,0.0074246652994267,0.0175724508819257,0.0,0.0192417346885875,0.0,0.0154759370097365,0.0,0.0,0.0,0.0154755089643628,0.0,0.0,0.0,0.0,0.0,0.0,0.0,0.0,0.0,0.0,0.0,0.06713398375607,0.0,0.0,0.0,0.0065090599506157,0.0101865419136646,0.0,0.0098534509676576,0.0,0.0,0.006484067977829,0.0726139158472705,0.0,0.0,0.0,0.0,0.0,0.0,0.0277750461719415,0.0070247923598162,0.0060885693079095,0.0114420031414794,0.0,0.0050158654929533,0.0,0.0,0.0197734161242786,0.0352014371058995,0.0300803901866962,0.0128210726709135,0.0,0.0,0.0,0.0,0.0,0.0042696670528731,0.0,0.0,0.0,0.0,0.0,0.0,0.249950404050727,0.0,0.0062270501790572,0.0086016313345069,0.0,0.0044210636366137,0.0,0.0,0.0,0.0328109280379427,0.0,0.0,0.0,0.0,0.0044128792457148,0.0,0.0,0.299733305813439,0.0,0.053714109071955,0.0186780397473522,0.0122082925391225,0.0,0.0185651973425389,0.0,0.004005042391178,0.0,0.0212438817401098,0.0147573493429047,0.0,0.0,0.0,0.0,0.0,0.0036398633804802,0.0,0.0307112157442738,0.0,0.0,0.0840718398905642,0.0922420524839183,0.0,0.0070876692271646,0.0,0.0,0.0,0.0045970878188002,0.0,0.0,0.0,0.0,0.0107490991889042,0.0,0.0306776231827751,0.0082980335958011,0.0,0.0,0.0035907054670003,0.0,0.0,0.454556606446152,0.0324484177649321,0.0,0.0111989906384446,0.0,0.0049600036311499,0.0,0.0059373283831492,0.0083679433632923,0.0056077804922481,0.0,0.0039202712536315,0.0,0.0076677222462283,0.0076901857293333,0.010563692917582,0.0,0.0,0.0,0.0,0.0,0.0,0.0,0.0,0.0035903246086867,0.0113588686120936,0.0,0.0,0.0,0.0127342603413343,0.0,0.0,0.0,0.0,0.0,0.0,0.0439409759592831,0.0,0.0,0.0,0.0,0.0,0.0,0.0,0.0137937052627451,0.0,0.0,0.0,0.0059510239130755,0.0189545144101399,0.0
MS,0.0432499122846929,0.007650016164218,0.0537606063528892,0.114192569573114,0.0,0.162580138371363,0.0,0.0,0.0,0.0,0.0,0.0,0.0,0.0,0.124755095660721,0.0,0.0351215575104185,0.0,0.0,0.0,0.0,0.0325169050694478,0.0529958756214394,0.230481311738822,1.86418424209015,0.14633839643524,2.6798144922619,0.0291430652526142,0.0,0.0,0.0045148757418182,0.0,0.0,0.0123881880161025,0.058801266313645,0.173398511512324,0.016577584710051,0.0,0.0,0.0,0.691841257001861,0.100980845119323,0.0,0.0320955177451483,0.0098259723129739,0.0042290001551714,0.434868757277793,0.903936059813581,0.0190025013733137,0.0157490422192771,0.0,0.0,0.0,0.0050412001418172,0.0,0.0,0.0,0.0,0.0046702436372868,0.0,0.0,0.0,0.0297427862698898,0.0,0.0,0.0,0.0429291584237937,0.0,0.0053674065364352,0.0,0.0,0.0,0.0071581494216646,0.0259433623721,0.292277884248267,0.0,0.116413834624242,0.0,0.0519680824888605,0.646580954945009,0.321622626854684,0.0303958919042958,0.0,0.0173562595904788,0.0,0.0,0.19804938658488,0.0,0.0,0.0,0.0858103232260366,0.0788900477023833,0.0098055781997305,0.0,0.0044542044338082,0.122469441033897,0.223518569773633,0.0,0.0194500306509636,0.741209960232478,0.0,0.467063367998227,0.0075137928555316,0.0,0.0073619772779231,0.0,0.0,0.0,0.0,0.0,0.0157424314374483,0.0057941733825664,0.0298553282963352,0.211151404335062,0.0,0.038995106408368,0.162171511130542,0.0,0.0,0.0134457695555255,0.0057820209166709,0.0,0.0,0.0,0.0,0.0,0.107398030598741,0.0121997226836294,0.0050710781129546,0.038962359500281,0.0,0.0,0.0727564751569851,0.0,0.0,0.144323731600459,0.0,0.0,0.0,0.0,0.0,0.0410313637672165,0.0,0.0360656297578706,0.0429247492024194,0.0202939782445616,0.0256893435596024,0.0,0.0209596111142586,0.0400598825708678,0.0,0.0,0.0,0.0130765983492438,0.030314552770914,0.106599023962571,0.0106701352267835,0.0366686918816593,0.0,0.0,0.391189803656777,0.173126145530063,0.0,0.0,0.0,0.0,0.0,0.0043308931317816,0.0,0.0,0.0,0.0,0.0,0.0,0.0,0.0,0.0,0.0,0.0,0.0,0.0,0.0,0.0726063767194419,0.0,0.0,0.0,0.0377448277091096,0.0,0.27862016626243,0.0584479050676601,0.113958177007289,0.0,0.0,0.0,0.0,0.0,0.0,0.0,0.0,0.0045570526906229,0.0092729556282066,0.0,0.004462053408028,0.0347828036324654,0.0,0.0,0.0,0.0144366466908866,0.0,0.0179525857233927,0.0111957482986328,0.0375281186173093,0.074313534709091,0.0,0.033028001349342,0.0,0.0,0.0,0.0,0.0,0.0,0.0,0.0,0.0598986079185945,0.0,0.0051369430812078,0.0,0.0,0.0,0.0,0.019215139429664,0.0284457991111053,0.0661348698241406,1.36364089664734,0.102252714155867,1.83857399120011,0.0068690847249775,0.0,0.0,0.0,0.0,0.0,0.0039586497082241,0.0155399455138205,0.065581063309105,0.0193449765662671,0.0,0.0,0.0,0.55007403564118,0.0179448041304393,0.0,0.0163502753040672,0.0,0.0068011311128241,0.456557862086553,0.80373951261555,0.008753127457031,0.0087487819822841,0.0,0.0,0.0,0.0,0.0,0.0,0.0,0.0,0.0,0.0,0.0,0.0,0.0085874985070076,0.0,0.0,0.0,0.036263052388319,0.0,0.0,0.0,0.0,0.0,0.0,0.0353429550205281,0.144057538183998,0.0,0.0460920729311579,0.0,0.0274453852144943,0.630979951737581,0.172428217956888,0.0159458567162068,0.0,0.0115985806785949,0.0,0.0,0.0389113558403779,0.0,0.0,0.0,0.0636823589636526,0.0563056409059653,0.0045792875332831,0.0,0.0093811766731612,0.0162320309092833,0.0673385406190404,0.0,0.0048187928676661,0.40786372954451,0.0,0.269836040805258,0.0084511353553469,0.0,0.0045991040216551,0.0,0.0,0.0,0.0,0.0,0.0065578801269497,0.0053427497666939,0.0063029634520116,0.0912355670169605,0.0,0.0208774708329684,0.105314390921704,0.0,0.0,0.0193324980974124,0.0074949572039134,0.0,0.0,0.0,0.0,0.0,0.0613378436333534,0.0069193429407852,0.0035753037942093,0.0311553469877206,0.0,0.0,0.0621013043387101,0.0,0.0,0.127725580237413,0.0,0.0,0.0,0.0,0.0,0.0193777843700228,0.0,0.004420996682135,0.0134127431490752,0.0037469713883991,0.0,0.0,0.0039080252058847,0.0133954885960392,0.0,0.0,0.0,0.0140353365153907,0.0320942776508339,0.0792615962071593,0.0049392437609936,0.0041151828359383,0.0,0.0,0.248642326894422,0.0475466653561813,0.0,0.0,0.0,0.0,0.0,0.0,0.0,0.0,0.0,0.0,0.0,0.0,0.0,0.0,0.0,0.0,0.0,0.0,0.0,0.0,0.0503006357349861,0.0,0.0,0.0,0.0276677938200841,0.0,0.159571493831003,0.0201520284463458,0.0285717356033378,0.0,0.0,0.0,0.0,0.0,0.0,0.0,0.0,0.0132299251480814,0.0194739272053282,0.0,0.0,0.0048784988902805,0.0,0.0,0.0,0.0060962947841325,0.0
MV,0.0,0.0,0.0,0.0,0.0,0.0,0.0,0.0,0.0,0.0,0.0,0.0,0.0211056285720447,0.0,0.0,0.0353542765900685,0.0,0.0,0.0,0.0,0.0,0.0,0.0,0.0071284975311479,0.0,0.0,0.0,0.0,0.0384360313698223,0.0048345754915023,0.0,0.0,0.0,0.0,0.0,0.0,0.0162250924929189,0.0274476490920554,0.0,0.0147523766989733,0.0,0.0056944693044899,0.0,0.0,0.0054255959793027,0.0,0.0,0.0,0.0,0.0,0.0168993687956997,0.0309816976688893,0.0,0.0,0.0,0.0,0.429298015449058,0.0,0.0,0.0,0.0,0.0037348543826407,0.0,0.0,0.0086245205488266,0.0198677134493102,0.0042074442698876,0.292117970974194,0.0,0.244119507820578,0.0,0.0,0.0,0.0,0.0300984391196361,0.0036850265345642,0.0065038573905458,0.0174667420829286,0.0,0.0059970982032496,0.0,0.0,0.0257345077996228,0.015072322275823,0.0946852593011587,0.0879855202911503,0.0,0.0,0.0,0.0,0.0,0.0,0.0,0.0,0.0,0.0,0.0037072292361687,0.0,0.171842907454017,0.0041575547519814,1.5485398595196,0.0124748798289643,0.0140475597700914,0.0,0.0,0.0422215123896179,0.0,0.0047936016007772,0.0972226394967828,0.0,0.0,0.0,0.0065976289563437,0.0,0.0,0.117201553751375,0.0,0.351351264556161,0.145488178261568,0.0656018514347827,0.0,0.0151884553852802,0.0106163348333443,0.0041568931434618,0.11466628229666,0.0456580277664187,0.0103190705744082,0.0056365927626721,0.0,0.0,0.0079516583282802,0.0,0.0,0.0,0.0409149557836727,0.0,0.008714546440464,0.182192832807476,0.101377903785467,0.144434413542774,0.0343082986513783,0.0,0.0,0.0,0.0054657348931434,0.0,0.0,0.0076927850720957,0.0,0.0,0.0,0.020424063156047,0.0,0.0,0.0,0.0,0.0,0.0,0.012580670176568,0.0,0.0,0.0099112114453754,0.00789804697295,0.0,0.0,0.0,0.0079209164275323,0.0,0.0,0.0034544165606844,0.710933060465228,0.100377812241854,0.128904101169631,0.161962751646009,0.0,0.0,0.0,0.0,0.0,0.0,0.0,0.0,0.0034518441396823,0.020241874772059,0.116795055875269,0.0,0.0,0.0099688422189822,0.0,0.0,0.0050489752216963,0.0276885199801936,0.0055247749856577,0.0072114991458775,0.0412631368766782,0.0,0.0,0.0,0.0,0.0,0.0,0.0,0.0113138978078936,0.0,0.0134109003147076,0.0,0.0,0.0059312088809827,0.0242197944777619,0.0,0.0,0.0,0.0,0.0,0.0,0.0,0.0,0.0,0.0,0.0,0.0,0.0117872673186217,0.0,0.0,0.0166000631143916,0.0,0.0,0.0,0.0,0.0041033534744218,0.0,0.0,0.0,0.0,0.0,0.0,0.0,0.0306777160822668,0.0057534741902693,0.0,0.0,0.0,0.0,0.0,0.0,0.0152388853325336,0.0231002341751974,0.0,0.0047721488268004,0.0137001345652837,0.0,0.0,0.0,0.0,0.0,0.0,0.0,0.0,0.0,0.015513714220065,0.0176615411528959,0.0,0.0,0.0,0.0,0.319428414062842,0.0,0.0,0.0,0.0,0.0,0.0,0.0,0.0087828620649357,0.0157040063098405,0.0,0.234976884730094,0.0,0.0698341880979776,0.0088145270616295,0.0,0.0,0.0,0.0063645601474656,0.0054806862725704,0.0,0.0186042046545085,0.0,0.0,0.0,0.0,0.0266263017666505,0.0077865332932161,0.0393529442938804,0.0625328116693908,0.0,0.0,0.0,0.0,0.0,0.0,0.0,0.0,0.0,0.0,0.0,0.0,0.200622234706366,0.0,0.771393115073343,0.0035882593950477,0.0072510399699175,0.0076694261757569,0.0,0.0254701228695414,0.0,0.0053182838420456,0.0450395936099372,0.0,0.0,0.0,0.0046037182350729,0.0,0.0,0.199882816844398,0.0,0.183616282847075,0.0513256723308633,0.019775166964821,0.0,0.0086829152677917,0.009257130862925,0.0047699558144798,0.0962199031390298,0.040323375932196,0.0099468063143292,0.0,0.0,0.0,0.0046791698699901,0.0,0.0,0.0,0.0137145629371865,0.0,0.0,0.149415951673287,0.0582345398277635,0.0893777664412726,0.0231166591047413,0.0,0.0,0.0,0.0,0.0,0.0,0.0078171841515718,0.0,0.0,0.0,0.0293060484843585,0.0,0.0,0.0,0.0,0.004699531388545,0.0,0.0226863091017122,0.0,0.0,0.0,0.0037075733132878,0.0,0.0,0.0,0.012241932518063,0.0,0.0037086913972087,0.0,0.23142764010877,0.0342212245632093,0.0479430630954926,0.0680263363973253,0.0,0.0,0.0,0.0,0.0,0.0,0.0,0.0,0.0,0.0118695270245288,0.0644677019820964,0.0,0.0,0.0079986853250262,0.0,0.0,0.0,0.0134678487701014,0.0116889374741584,0.0109973857596358,0.032250810259386,0.0,0.0,0.0,0.0,0.0,0.0,0.0,0.0248602873637428,0.0,0.0145368810583243,0.0041270756150928,0.0,0.0,0.0154463170495213
NDB,0.169110368443998,0.0,0.0111194191775322,0.470057922123189,0.0,0.0176828159165474,0.0321714069503822,0.0351861935189125,0.0617070854303876,0.0,0.0137825340242813,0.0088919186869064,0.0,0.0564496625749328,0.806643090352576,0.0,0.003720889756836,0.0,0.0,0.0,0.0,0.101370011927853,0.102580889178278,0.0841747410055726,0.213837941530664,0.0158864029424498,0.286321991485767,0.079651834966276,0.0,0.0,0.0288860895069733,0.0078452853855741,0.0180727513748381,0.0753123942934149,0.0555923609948866,0.112040678787501,0.0182280720538644,0.0,0.0,0.0,0.0776799094618806,0.0117773922195638,0.0,0.0304722754389098,0.0129583022587985,0.0050060701694257,0.116943247052305,0.101397674411835,0.14484296034167,0.0913451005343761,0.0,0.0,0.0,0.0549204204543684,0.0,0.0,0.0,0.0037514437823806,0.0149228811279953,0.0,0.0,0.0,0.0197743331924732,0.0146774036700111,0.0,0.0,0.0055084012205686,0.0,0.0116609280990957,0.0,0.0,0.0,0.0,0.0476699339059671,0.474579748319577,0.0,0.125263364391741,0.0,0.006019667871313,0.0932376452434559,0.0351046062447267,0.229053330926743,0.0,0.196990247328206,0.0,0.0,0.152652532776646,0.0,0.0,0.0,0.028033848309194,0.010713272518224,1.03935440798629,0.0,0.0040869468716303,0.0127595367851915,0.0314185603878742,0.0,0.0447235083365265,0.0946086784140286,0.0,0.281606604942503,0.0,0.0,0.0604148870761462,0.0,0.0,0.0,0.0,0.0206242143041466,0.0201190024915631,0.0149348981077832,0.953864793653013,0.0316461341516856,0.0631454103807041,0.0423630407519477,0.017699835210845,0.0,0.0,0.004881033886529,0.004551437528705,0.0,0.0,0.0,0.0,0.0,0.0232235283817571,0.34263225633113,0.0091897149852004,0.0050540257599612,0.0,0.0,0.0080166056644933,0.0,0.0,0.0155047247922241,0.0,0.0,0.0071867811877219,0.0,0.0,0.037689751964755,0.0,0.0039124337057725,0.038420535794832,0.0,0.0,0.0,0.0,0.0180499171097591,0.0043654180784671,0.0095960290160455,0.0065348088502847,0.0,0.0038930282459472,0.0136948441507544,0.0328455010540381,0.0038635960851359,0.0,0.0,0.0475944414636062,1.71955187763247,0.0,0.0140031826735215,0.0,0.0,0.0,0.0,0.0,0.0,0.0,0.0,0.0,0.0,0.0,0.0,0.0,0.0,0.0,0.0,0.0,0.0,0.0243143126178442,0.0,0.0,0.0,0.0236993412660993,0.0,0.030666313374024,0.244856885186561,0.0166637971102193,0.0,0.0,0.0,0.0,0.0,0.0,0.0,0.0,0.0,0.0,0.0,0.0107412328257117,0.0036451239424755,0.0,0.0,0.0,0.0825246808247033,0.0,0.0067428410433256,0.0,0.0056957003321561,0.0086516113049312,0.0,0.0035298767891964,0.0,0.0,0.0,0.0,0.0,0.0,0.0,0.0,0.0074149763389292,0.0,0.0,0.0,0.0,0.0,0.0,0.0039862504227552,0.0,0.0095614990025999,0.146824226615617,0.0108553159994302,0.195829157305727,0.0,0.0,0.0,0.0,0.0,0.0056081510782344,0.0,0.0,0.0092582249757016,0.0068108725781174,0.0,0.0,0.0,0.0657108999846914,0.0,0.0,0.0,0.0,0.0,0.0496690707838099,0.086482160241993,0.0,0.0,0.0,0.0,0.0,0.0,0.0,0.0,0.0,0.0,0.0,0.0,0.0,0.0,0.0,0.0,0.0,0.0,0.0041137163477378,0.0,0.0,0.0,0.0,0.0,0.0,0.009934470024655,0.0245738331725789,0.0,0.0053449404547861,0.0,0.0,0.0683817967745081,0.0182894360878066,0.0144775312264581,0.0,0.0360777890844548,0.0,0.0,0.0064021490262995,0.0,0.0,0.0,0.0078010398048386,0.0078540019468903,0.0045500124239415,0.0,0.0,0.0,0.0072518911552727,0.0,0.0119352641675695,0.045162657895249,0.0,0.0361210862886172,0.0,0.0,0.0,0.0,0.0,0.0,0.0,0.0,0.0,0.0,0.0039341067868568,0.0097594290242357,0.0,0.0266631640326153,0.0115058980824094,0.0,0.0,0.0038887246093528,0.0,0.0,0.0,0.0,0.0,0.0,0.0095347505745422,0.0,0.0,0.0,0.0,0.0,0.0075362316956423,0.0,0.0,0.0137394740334125,0.0,0.0,0.0,0.0,0.0,0.003537103138983,0.0,0.0,0.0,0.0,0.0,0.0,0.0,0.0,0.0,0.0,0.0,0.0,0.0035794546946169,0.0089511731316853,0.0,0.0,0.0,0.0,0.0270044242756914,0.0114106474989878,0.0,0.0,0.0,0.0,0.0,0.0,0.0,0.0,0.0,0.0,0.0,0.0,0.0,0.0,0.0,0.0,0.0,0.0,0.0,0.0,0.0081397068405949,0.0,0.0,0.0,0.0,0.0,0.0171728830782624,0.0065610855024416,0.0,0.0,0.0,0.0,0.0,0.0,0.0,0.0,0.0,0.0,0.0,0.0,0.0,0.0,0.0,0.0,0.0,0.0079638592307289,0.0
NI,0.0068808107567009,0.0086747631996912,0.0164782184240436,0.0203434745761981,0.0,0.0622219882059842,0.0,0.0,0.0,0.0,0.0070460814399949,0.0104809561380075,0.0,0.0,0.0152632065969803,0.0087410930755417,0.0,0.0,0.0,0.0,0.0148683712326092,0.0,0.0,0.0206600383944433,0.0042032798337654,0.0,0.0085211773865709,0.0,0.0053306843512505,0.0293512179811454,0.0,0.0124727709684763,0.015469441456841,0.0,0.0,0.006662428615685,0.383013927869305,0.0,0.0171036429108413,0.0,0.0074115996791411,0.0280590461911197,0.0,0.0054750439513282,0.132869517470283,0.0,0.0183679354227511,0.0039618036806732,0.0,0.0,0.0,0.0,0.0,0.0,0.0,0.0,0.0610005875884776,0.0,0.0,0.0,0.0,0.0,0.0053359188544262,0.0177609747044045,0.0065624201871347,0.0,0.115515310759862,0.0064494478703902,0.0,0.0,0.0064058116660423,0.0,0.0,0.0461076552115981,0.586276146855611,0.0170035106181561,0.105782761164849,0.0,0.0060949299974491,0.0606463952516526,0.0,0.0191163282733333,0.0102094249371809,0.185872164265161,0.0,0.0036827457467373,0.0041319603486209,0.0,0.0,0.0,0.0083112697095919,0.321224703444447,0.0,0.0,0.0109502116875079,0.0,0.0391812852872024,0.0,0.592742929054018,0.0998805198457639,0.0137785532303255,0.376402973028459,0.272821837241956,0.0,0.0,0.0,0.0,0.0169301879760736,0.0,0.0,0.0,0.0042496571272076,0.0056409898472545,0.0,0.0,0.667006656019276,0.0,0.0,0.0274986684170479,0.793677364480854,0.0,0.0519769288849594,0.0,0.0053755234494658,0.0035983545272551,0.0,0.188176327678556,0.0038403143759555,0.0045783352460736,0.103612686908803,0.0,0.0,0.0,0.0,0.0815567728412964,0.0,0.0,0.193053596373822,0.519809296831762,0.0107683477019967,0.0,0.0195023184263653,0.0,0.0069637004303252,0.0389889443062623,0.0,0.0,0.0,0.0,0.0403426939920916,0.0116133221569442,0.038057629088147,0.0106182521982883,0.0,0.0117097275998854,0.0171583262831957,0.061329151532125,0.0058657872245584,0.0242930739386631,0.0,0.0125873545791613,0.0674461357518845,0.0,0.0249130834011547,0.0112262530838986,0.0170595053385347,0.0,0.0341789986636577,0.0089920359895542,0.005325989473313,0.0,0.0,0.0,0.0,0.0,0.0,0.0,0.0,0.0,0.0,0.0,0.0,0.132399008320396,0.0,0.0,0.0,0.0,0.0238823422245532,0.0045650883710497,0.0190300279024685,0.0474436699226346,0.0,0.0054550620949741,0.0,0.0,0.0,0.0,0.0,0.0,0.0,0.0,0.0,0.0850232026412736,0.01805110189284,0.0,0.0,0.0065877492862962,0.105756317428368,0.0,0.0,0.0,0.0,0.0105505200924211,0.0,0.0042615442391427,0.0048458357895436,0.0,0.0,0.0,0.0,0.0,0.0,0.0,0.0050758519838037,0.0,0.0,0.0,0.0,0.0,0.0048833879784273,0.0,0.0,0.0,0.0056852659626457,0.0,0.0062161933022868,0.0,0.0,0.005801274702256,0.0,0.0038842226746218,0.0115401269905724,0.0,0.0,0.004041941882242,0.36219872975983,0.0,0.0099210107158511,0.0,0.007049720202643,0.0,0.0,0.0,0.0182394913283035,0.0,0.0037070622017584,0.0,0.0,0.0,0.0,0.0,0.0,0.0,0.0,0.0,0.0383817502770417,0.0,0.0,0.0,0.0,0.0,0.0,0.0083227410880191,0.0,0.0,0.076324434986584,0.007660797337971,0.0,0.0,0.0,0.0,0.0,0.0072017195817676,0.105034967029882,0.0,0.0168565471618626,0.0,0.0069745460302399,0.0431699356728485,0.0,0.0,0.0054506978056758,0.0879559578625172,0.0,0.0,0.0,0.0,0.0,0.0,0.0,0.0556804869235185,0.0,0.0057142558187027,0.0066837004461187,0.0,0.0,0.0,0.238088989065811,0.0450392202488605,0.0093784758561032,0.0616097315374239,0.118070017847464,0.0,0.0,0.0,0.0,0.0,0.0,0.0,0.0,0.0,0.0035573418877293,0.0,0.0,0.319696169651063,0.0,0.0036579762872848,0.0127836746255306,0.339350541733155,0.0,0.0176923075871497,0.0036541908776686,0.0,0.0,0.0,0.0703504176266987,0.0,0.0,0.0329389879022719,0.0,0.0,0.0,0.0,0.0293669292946591,0.0,0.0,0.121471175153106,0.177573880506981,0.0,0.0,0.0060090413067624,0.0,0.0,0.0185148294577987,0.0,0.0,0.0,0.0,0.0203825458621088,0.009560198961904,0.0065979739599137,0.0041109833159442,0.0,0.0,0.0036082968781991,0.0072919373399528,0.0,0.0152276916237672,0.0,0.0055903397593412,0.022512563830331,0.0,0.0136412576122196,0.0,0.0,0.0,0.0067894981708306,0.0,0.0,0.0,0.0,0.0,0.0,0.0,0.0,0.0,0.0,0.0,0.0,0.0,0.0,0.037869563128894,0.0,0.0,0.0,0.0,0.026562960098492,0.0,0.0,0.0034706501987769,0.0,0.0,0.0,0.0,0.0,0.0,0.0,0.0,0.0,0.0,0.0,0.0114295216588031,0.0,0.0,0.0,0.0,0.0340212381751735,0.0
NLL,0.0,0.0,0.0,0.0034393685212543,0.0,0.0071967097694645,0.0,0.0,0.0,0.0062070295392842,0.0,0.0,0.554874617430085,0.0,0.0,0.0321916112685392,0.0,0.0,0.0,0.0,0.0,0.0,0.0,0.0106513786578942,0.0,0.0,0.0,0.0120802792600887,0.0465690401416457,0.0,0.0,0.0071460275216686,0.006911823084863,0.0,0.0,0.007576691026925,0.103333042990233,0.0924928478086387,0.108331407498743,0.0357475906156121,0.0,0.011338390978734,0.019606081462212,0.0,0.0102981552866464,0.0,0.0,0.0,0.0,0.0,0.0267833016366449,0.0189655495809632,0.0,0.0,0.0050156456678249,0.0048336617290777,0.124697902579563,0.0,0.0,0.266893176532226,0.218367278485781,0.297631295924456,0.0,0.006765644826094,0.0,0.038498714138586,0.018148835438793,0.236483749167504,0.0,0.0036357304805007,0.0,0.0,0.0,0.0038041044417101,0.0517479831329511,0.0084632190212967,0.0086505233757287,0.0165158323649538,0.0,0.0058920639317578,0.0,0.0,0.0262939055590941,0.0169738909606935,0.100219447003821,0.0398208840458965,0.0042738096048729,0.0,0.012192674501762,0.0051160460512249,0.0,0.0,0.0,0.0,0.0,0.0,0.0071100544898259,0.0,0.489450488156875,0.0,0.0636314127185726,0.0067510822936245,0.0076155489161351,0.201120985648236,0.0,0.0069548913620429,0.0,0.0125089774127616,0.0259107628518059,0.0,0.0,0.0,0.0039858221865565,0.0,0.0,0.389028006680054,0.0,0.212853365028658,0.281041865774692,0.0272043187061842,0.0,0.0161775940585635,0.0967752961206907,0.12819818558626,0.007586329586868,0.0811126290617536,0.0223489679510706,0.0,0.0,0.0,0.0039581501834703,0.0196617957604195,0.0,0.0,0.195369496852767,0.0,0.114911521589929,0.236562291991087,0.478411746271182,0.0040603230784371,0.355099470920124,0.0,0.0,0.0,0.0122475323726132,0.0,0.0,0.0173683180537288,0.0048259905032605,0.0070304239144052,0.0,0.0306041019075764,0.0091955668942579,0.0,0.0,0.0,0.0,0.0,0.378919563373543,0.0175019687109668,0.0,0.0251883754624678,0.148114494716796,0.0,0.0,0.0110358608983136,0.0504720546972444,0.0122674669503553,0.0062726217223847,0.0112566688702185,0.0214768528346127,0.0559320881580852,0.066173764727085,0.0452933500838375,0.0,0.0,0.0,0.0,0.0,0.0,0.0,0.0,0.0,0.124936319601738,0.0070885191688443,0.0,0.0,0.112203837410461,0.0,0.0,0.0086330466715768,0.0640213369793399,0.0,0.0170296918892488,0.134854752311645,0.0,0.0,0.0,0.0,0.0,0.0,0.0,0.010890793274491,0.0076647088035502,0.0,0.0,0.0097050746047587,0.0124121769767181,0.0094992433129231,0.0,0.0,0.0,0.0,0.0,0.0,0.0,0.0,0.0,0.0,0.0,0.0,0.456871277257051,0.0,0.0,0.0307557545930967,0.0,0.0,0.0,0.0,0.0,0.0,0.0,0.0,0.0,0.0,0.0,0.004410513205419,0.0283039718574913,0.0058192343263809,0.0,0.0066377316067282,0.0054524582088114,0.0,0.0,0.0,0.0779036032666299,0.113283822960459,0.0097532299474585,0.0,0.0102241526178756,0.0,0.0116167443584314,0.0,0.0,0.0,0.0,0.0,0.0,0.0,0.0255241442596854,0.0051326858818321,0.0,0.0,0.0,0.0,0.0921907822067337,0.0,0.0,0.0,0.0060878588623973,0.0080855685450305,0.0,0.0040887362517197,0.0,0.0164393406573554,0.0087213310463782,0.0454820373494309,0.0,0.0103288243333094,0.0036063787620176,0.0,0.0,0.0,0.038719404724607,0.011850740768092,0.0042427171625714,0.0043671554299091,0.0,0.0,0.0,0.0,0.030329593252644,0.0103076622381173,0.0232784452567533,0.0143589770577694,0.004702144390148,0.0,0.0133129367827172,0.0,0.0,0.0,0.0,0.0,0.0,0.0,0.0,0.0,0.404061922566525,0.0,0.0784836402702708,0.0048513445097262,0.0,0.0162107040007408,0.0,0.0,0.0,0.0158911399029098,0.0118635648772824,0.0,0.0,0.0,0.0041339070734078,0.0,0.0,0.256603787830238,0.0,0.0536457600498503,0.0501140724339013,0.0110205270513571,0.0,0.0181849376587889,0.153204815455971,0.130358298782177,0.0,0.0225058656901071,0.0311410687054229,0.0,0.0,0.0,0.0341994765768612,0.0062463265316539,0.0,0.0,0.0584004866654385,0.0,0.166710337612976,0.138801015915044,0.27234071189129,0.0,0.0284275671633525,0.0,0.0,0.0,0.0065916238514986,0.0,0.0,0.0368581582117336,0.00346861458319,0.0044106026901956,0.0,0.102470237938223,0.0159920328178999,0.0,0.0,0.0,0.0054715458385171,0.0,0.302115774803552,0.0081076194932003,0.0,0.0096048036804142,0.170397988512001,0.0034432808852183,0.0,0.0,0.0037894779742733,0.0081076973654993,0.0055845977015819,0.0169283883760348,0.0309298812706913,0.0066837513904455,0.0091827997907045,0.0150249319887264,0.0,0.0,0.0,0.0,0.0,0.0,0.0,0.0,0.0,0.0221241168995366,0.00755088655678,0.0,0.0,0.0248286856341682,0.0,0.0,0.00405281579781,0.0094654804858986,0.0,0.0046656674445113,0.0305613162736694,0.0,0.0,0.0,0.0,0.0,0.0,0.0,0.0255107707901854,0.0,0.0497206038770911,0.151852904879671,0.0114881976993273,0.0254346239971911,0.005970292480887
NLOT,0.744026421969179,0.0,0.0064094882447283,1.38251141364769,0.0,0.0325934271238172,0.440851691347426,0.93821765497478,0.564353252591414,0.0,0.0,0.0,0.0,0.0358845080113015,1.07624115813112,0.0,0.004667187528835,0.0,0.0,0.0067085368931682,0.0,2.11248498762327,1.70243449934776,0.187402061771036,0.147379917179668,0.0,0.0132437231352863,0.664233688367691,0.0,0.0,0.0720265274603163,0.0,0.0,1.22895759359794,1.42167115120072,0.626278276722124,0.0,0.0,0.0,0.0,0.0220812221890412,0.0101441915234625,0.0,0.0979285060196021,0.0,0.267112722325262,1.30835037595985,0.192966412507149,0.805995437114312,1.24710114177099,0.0,0.0,0.0,0.411674718430536,0.0086795882734251,0.0,0.0,0.0480720526769155,0.225127822542637,0.0,0.0,0.0,0.119366736063567,0.0,0.0,0.0,0.0,0.0,0.315144874652475,0.0,0.0,0.0,0.0,0.0048559613503195,0.296385146687297,0.0,0.0591730738604541,0.0,0.0,0.0376060423005266,0.016900918408603,0.221263485159817,0.0,0.0261718787971656,0.0,0.0,1.31910325329195,0.0,0.0,0.0,0.0,0.0,0.680019851690807,0.0068819586559233,0.0,0.0177455221230602,0.0303310429728614,0.0,0.0102213983844429,0.0121416986219354,0.0,0.168551417229296,0.0,0.0,0.466484380627329,0.0,0.0,0.0,0.0,0.0407020748708957,0.114385645154136,0.0716595654755723,1.5196946458249,0.264134436505574,1.75475440281688,0.0067206807500744,0.0105484674115425,0.0,0.0,0.0,0.203871807402432,0.0,0.0,0.0,0.0,0.0,0.0143902854187409,6.63048197951586,0.0133953398161566,0.0,0.0,0.0,0.0,0.0,0.0,0.0041627118561252,0.0,0.0,0.0,0.0,0.0,0.0073795560935632,0.0,0.0040597557383515,0.0225658100015417,0.0,0.0,0.0,0.0107843175450741,0.0125371304598381,0.0,0.0,0.0,0.0,0.0,0.0,0.0111128058954666,0.0,0.0,0.0,0.0,1.04785851432346,0.0,0.0040333961358051,0.0,0.0,0.0,0.0,0.0,0.0,0.0,0.0,0.0,0.0,0.0,0.0,0.0,0.0,0.0,0.0,0.0087376446987447,0.0,0.0046761878410336,0.0,0.0,0.0614238292219214,0.673303403923622,0.0,0.0,0.31907451265202,0.0414202204318823,0.0,0.0,0.0,0.0,0.0927960352044922,0.0,0.0,0.0,0.0,0.0,0.0,0.0,0.0323223167040515,0.0,0.0,0.0,0.0101876806727562,0.0,0.0,0.0,0.0,0.0237504434895852,0.0,0.0,0.0,0.0,0.0,0.0,0.0,0.0,0.0,0.0,0.0259477514857956,0.0,0.0,0.0,0.0,0.0,0.0,0.0,0.0,0.0074593350711857,0.0,0.0,0.0,0.0,0.0,0.0,0.0,0.0,0.0,0.0,0.004012705113745,0.0035993505904174,0.0,0.0,0.0,0.0,0.0,0.0,0.0,0.0046745516668655,0.0,0.0,0.0,0.0,0.0,0.0,0.0,0.0,0.0,0.0,0.0,0.0,0.0,0.0,0.0,0.0,0.0,0.0,0.007332752559729,0.0,0.0,0.0,0.0,0.0,0.0,0.0,0.0,0.0,0.0,0.0,0.0,0.0,0.0,0.0,0.0,0.0210499964498961,0.0,0.0,0.0,0.0,0.0,0.0,0.0,0.0,0.0,0.0,0.0,0.0,0.0,0.0,0.0,0.0,0.0,0.0,0.0,0.0,0.0,0.015329594379733,0.0,0.0,0.0,0.0,0.0,0.0,0.0,0.0,0.0048313309096391,0.0,0.0065200771034508,0.0,0.0,0.0,0.0,0.0,0.0,0.0,0.0,0.0,0.0,0.0,0.0,0.0,0.0,0.0058395806228909,0.0,0.0,0.0,0.0,0.0,0.0,0.0,0.0,0.0,0.0,0.0,0.0,0.0,0.0,0.0,0.0,0.0133122049742024,0.0,0.0,0.0,0.0,0.0041766655031533,0.0,0.0,0.0,0.0,0.0,0.0,0.0,0.0,0.0,0.0,0.0,0.0044807634340923,0.0,0.0,0.0,0.0,0.0,0.0,0.0,0.0,0.0,0.0,0.0,0.0,0.0,0.0,0.0,0.0,0.0,0.0,0.0,0.0,0.0,0.0,0.0,0.0,0.0,0.0,0.0,0.0106837342276491,0.0,0.0,0.0,0.0,0.0,0.0,0.0,0.0,0.0,0.0,0.0,0.0,0.0,0.0,0.0,0.0,0.0,0.0,0.0
NOD,0.0,0.0,0.0,0.0,0.0,0.0,0.0,0.0,0.0,0.0,0.0,0.0,0.0677405677553455,0.0,0.0,0.0,0.0,0.0,0.0,0.0,0.0,0.0,0.0,0.0,0.0,0.0,0.0,0.0,0.791583853187944,0.0,0.0,0.007226862363256,0.0067566903656618,0.0,0.0,0.0,0.0,0.914901055993897,0.0036365487867541,0.0,0.0,0.0,0.0320113259629648,0.0,0.0,0.0,0.0,0.0,0.0,0.0,0.0,0.486970463981507,0.0,0.0,0.0,0.0,0.37662088139905,0.0,0.0,0.0,0.0,0.0,0.0,0.0,0.0,0.21557755231559,0.0,0.0761939605822842,0.0,0.0908863253525859,0.0,0.0,0.0,0.0,0.0,0.0,0.0,0.0390522755538846,0.0,0.0,0.0,0.0,0.0421207460166825,0.0056816171774474,0.0347072367922104,0.0584339176809833,0.0,0.0,0.0,0.0,0.0,0.0,0.0072819768411059,0.0,0.0,0.0,0.0,0.0,0.0456950716113134,0.0,0.347269096053022,0.0035142068958069,0.0,0.0,0.0,1.14119911028553,0.0,0.0,0.0234849167820682,0.0,0.0,0.0,0.0079663122809622,0.0,0.0,0.0294577975240649,0.0,0.14816846267867,0.0864073871674464,0.0057319450093327,0.0,0.0,0.0806746793879481,0.0,0.0718153823188337,0.0272335233077509,0.0,0.0080938340870561,0.0,0.0,0.0,0.0,0.0,0.0,0.0330856715790634,0.0,0.0354276158332213,0.135236472115524,0.0211270558048783,0.0310065599631372,0.0138016035603992,0.0,0.0,0.0,0.0,0.0,0.0,0.127370030467294,0.0,0.0,0.0,0.0,0.0,0.0,0.0,0.0,0.0,0.0,0.0,0.0,0.0,0.0,0.0554866205744561,0.0,0.0,0.0,0.0,0.0,0.0,0.0,0.14520939494927,0.0,0.0087703104552358,0.0172399224110479,0.0,0.0,0.0,0.0,0.0,0.0,0.0,0.0,0.0,0.0122806288639994,0.090573804017405,0.0,0.0,0.0,0.0,0.0,0.0038891347572657,0.0126281657068305,0.010743584631793,0.0,0.0,0.0,0.0,0.0,0.0,0.0,0.0,0.0,0.0061894128773889,0.0,0.0,0.0,0.0,0.0,0.0,0.0,0.0,0.0,0.0,0.0,0.0,0.0,0.0,0.0,0.0,0.0,0.0,0.0299704455903234,0.0,0.0,0.0731072342323608,0.0,0.0,0.0,0.0,0.0,0.0,0.0,0.0,0.0,0.0,0.0,0.0,0.570489963564566,0.0181600636593339,0.0,0.0076295922063526,0.006244978430944,0.0,0.0,0.0,0.0,0.466623784435565,0.0,0.004306788125206,0.0141994027449563,0.0,0.0,0.0,0.0,0.0,0.0,0.0,0.0,0.0,0.0,0.0690620893933984,0.0,0.0,0.0,0.0,1.11417862577983,0.0,0.0,0.0,0.0,0.0,0.0,0.0,0.0287671831328373,0.0800123690835193,0.0,0.370640663378698,0.0,0.180400586370474,0.015973794543253,0.0,0.0062022896457103,0.0,0.0,0.0199395046818041,0.0,0.0813259173615856,0.0,0.0,0.0,0.0,0.11868778952282,0.0179469289842661,0.0317308560234632,0.228437658825897,0.0,0.0,0.0,0.0,0.0,0.0,0.0085726207258724,0.0,0.0,0.0,0.0,0.0,0.29599675701171,0.0,0.72373867991653,0.0126899050805837,0.0,0.0,0.0,0.506434579850311,0.0,0.0119771566591549,0.0461327658395971,0.0,0.0,0.0,0.0041063974074667,0.0,0.0,0.104831222014226,0.0,0.129171605930564,0.110880090719355,0.0148487942071166,0.0,0.0238103650541403,0.0035314354284145,0.0109894399845272,0.154100764061579,0.073707082172164,0.0037966640569943,0.0045219687624886,0.0,0.0,0.0177839269435072,0.0,0.0042191977080825,0.0,0.0086405471080681,0.0,0.0196336597513951,0.381411501049766,0.14706354385208,0.0721158247993414,0.0062741222731694,0.0,0.0,0.0,0.0,0.0,0.0,0.0946715917379167,0.0,0.0,0.0,0.159093112102484,0.0,0.0,0.0,0.0,0.0053724034018024,0.0,0.152128836101368,0.0077564243780629,0.0,0.0,0.0084853631764968,0.0054006251519472,0.0,0.0,0.0,0.0,0.0,0.0085918152502258,0.422654874219878,0.0,0.0,0.0079799128477254,0.0,0.0,0.0,0.0,0.0,0.0,0.0,0.0,0.0,0.0136837954934193,0.0347244819896087,0.0,0.0,0.0279814180613807,0.0,0.0125561547034004,0.0,0.007848640810146,0.14679839521847,0.0,0.0054866065940124,0.0,0.0,0.0,0.0,0.0,0.0,0.0,0.101292326205984,0.0,0.0408387622068685,0.0136895189943668,0.0062045328221481,0.0,0.0
NOT,0.0,0.0,0.0,0.0,0.0112717477741335,0.0428272577975283,0.0038911836486435,0.0,0.0,0.0,0.0142485535390917,0.0143473745407651,0.0,0.0,0.0,0.418991666699154,0.0,0.0,0.0,0.0,0.0497812723989612,0.0,0.0,0.0086551762764473,0.0,0.0,0.0074154212471691,0.0,0.0,0.0428083471785526,0.0,0.0,0.0208522592605433,0.0,0.0,0.0061851011195007,0.0046543632349484,0.0,0.0333318041240554,0.0,0.0819316748905053,0.0097152692435238,0.0,0.0,0.0093579306386257,0.0,0.0,0.0,0.0,0.0,0.0,0.0,0.0,0.0,0.0067581399003031,0.0043022150557171,0.0244596040855671,0.0,0.0,0.0034745477954578,0.0054389102134455,0.0367160524606361,0.0,0.016268025339652,0.0039801825886445,0.0,0.0,0.0196547809002849,0.0,0.0,0.36264952133823,0.0684913848402719,0.126994843983716,0.0460193968525078,0.0381235834458133,0.328256048433141,0.0052213629851534,0.0,0.0,0.0036209591471735,0.0,0.0,0.0115407105987944,0.0598391226348804,0.0,0.0,0.0045529545470757,0.0038762137315623,0.0159333535656372,0.0091407068299973,0.0135169004667965,0.0,0.0,0.005146719307269,0.0,0.0,0.0079210568910759,0.135352918931618,0.689527379862127,0.0,0.0,0.0089097097124073,0.0,0.0,0.0,0.0,0.136545908389036,0.243628744896731,0.0,0.0,0.0,0.0,0.0073790109220135,0.0,0.0,0.67767081259757,0.0,0.0145443577026586,0.0198786094942151,0.0096939412937178,0.0,0.0749525865934821,0.0,0.0297236414418548,0.0,0.0,0.0729015444807596,0.006818024487279,0.0,0.0,0.0981579433952257,0.0299672912754898,0.0,0.0040382669965178,0.057298808565128,0.0,0.0,0.0619123400490091,0.157483512290488,0.0,0.0,0.0172526124744554,0.0,0.0079968386134526,0.0362133992590241,0.0,0.0,0.0,0.0,0.0862939176721451,0.0107508618101793,0.131424762689143,0.0144123060816405,0.0,0.0037095291511673,0.0243236099734686,0.0300432059965624,0.0079589253822513,1.37688851249218,0.700397189369076,0.0,0.0099373679331398,0.0,0.0050962604496656,0.0080704851138743,0.0226677671344162,0.0,0.0350927297643224,0.0111017542261624,0.0272807310260785,0.0,0.0,0.0,0.0,0.0,0.0,0.0050443198478089,0.0,0.0,0.0,0.0056705033537765,0.0,0.0051939941211148,0.0049502763552494,0.0,0.0,0.0,0.0451924408266663,0.0,0.0,0.004563023137263,0.0,0.0177490879628564,0.0,0.0,0.0,0.0,0.0,0.0,0.0,0.0,0.0,0.0466933622572097,0.0,0.0427713921464757,0.0285680516061231,0.0160888157927548,0.0213071795503237,0.0,0.0,0.0,0.0,0.0,0.0035526731852346,0.017982741752175,0.0,0.0,0.0,0.0,0.0074530752957977,0.0054917892837039,0.0,0.0,0.0,0.0341396904381851,0.0,0.0,0.0,0.0,0.0126346474855987,0.0,0.0,0.0037803623535603,0.0,0.0,0.0035588422550438,0.0,0.0,0.005748888220694,0.0,0.0,0.0102297583910698,0.0,0.0,0.0,0.0,0.0,0.008159309894743,0.0,0.0201064349852368,0.0,0.0,0.0,0.0,0.0,0.0,0.0,0.0,0.0,0.0,0.0,0.0,0.0,0.0,0.0,0.054028873321409,0.0,0.0,0.0,0.0,0.0038080142047411,0.0,0.0069024271750651,0.0116448397812333,0.0,0.0,0.0611459375382683,0.0,0.0,0.116058886714455,0.0147683716336077,0.0508423262825677,0.0040331236951879,0.0054706642991764,0.0659470592589985,0.0,0.0,0.0,0.0,0.0,0.0,0.0091030966365535,0.0166669732889789,0.0102757240527016,0.0112261188811088,0.0049290963279001,0.0,0.0,0.0,0.0,0.0,0.0,0.0,0.0,0.0,0.0,0.0050514013827816,0.118607609929942,0.0,0.0,0.0,0.0,0.0,0.0,0.0,0.0115440048603998,0.0779786737914102,0.0,0.0,0.0,0.0,0.0053889775797673,0.0,0.0,0.198331325991976,0.0,0.0425018327260942,0.0135540545472272,0.0,0.0,0.0120803139642552,0.0,0.0,0.0,0.0035242878446171,0.0279042388366975,0.0035270262280451,0.0,0.0,0.0047841151205353,0.0,0.0,0.0,0.0132471672224126,0.0,0.0,0.0472926517193398,0.0466170821305269,0.0,0.0,0.0061422877978353,0.0,0.0,0.013739497370925,0.0,0.0,0.0,0.0,0.0467453359568501,0.006027492023175,0.0084335231434696,0.0,0.0,0.0,0.0,0.0181799694906892,0.0,0.289972213759401,0.138775813223424,0.0,0.0,0.0,0.0043688965654299,0.0,0.0046472310073817,0.0,0.011561409810337,0.0045862013012875,0.0,0.0,0.0,0.0,0.0061199602820618,0.0,0.0,0.0,0.0,0.0,0.0,0.0,0.0,0.0,0.0086104544639234,0.0,0.0,0.0,0.0060186017619538,0.0,0.0065164996136248,0.0,0.0,0.007230107437648,0.0,0.009308628785094,0.0,0.0,0.0,0.0,0.0,0.0,0.0,0.0147145427233947,0.0,0.0053662534412217,0.0,0.0066965846921134,0.0,0.0
NPC,0.0,0.0,0.0,0.0135057508765168,0.0200479421716885,0.129087364715883,0.0,0.0,0.0,0.0,0.0145116270168227,0.0146561886881117,0.0,0.0,0.0,0.368026270570297,0.0,0.0,0.0,0.0,0.049392360446421,0.0,0.0,0.0319605594546945,0.0039326165325276,0.0,0.0100016112732282,0.0053503946725001,0.0,0.0455255804288276,0.0,0.0,0.0208993323006808,0.0,0.0,0.0092899146475607,0.0153615329661773,0.0,0.0211620411353597,0.0,0.0681858474290482,0.0342009249451932,0.0,0.0,0.0156741822491508,0.0,0.0,0.0,0.0,0.0,0.0,0.0,0.0,0.0,0.0,0.0,0.0426703248224517,0.0,0.0,0.0,0.0,0.0036923322472585,0.0,0.0232670480380887,0.0,0.0,0.0093648599753492,0.0229763983674923,0.0,0.0,0.293335785650545,0.0411456543297381,0.0919898636240935,0.0790195222343744,0.0660027611947984,0.213707431027708,0.0160483291853082,0.0,0.0,0.0146516298510159,0.0058241776124923,0.0,0.0127629836496512,0.0778648637233185,0.0050580674353783,0.0097680288441732,0.0161429354355576,0.0,0.0076657960191235,0.0,0.0310022484740262,0.0,0.0,0.0,0.0,0.0084971993951502,0.0304153832363887,0.0904700931000562,0.549134285797042,0.0060844198042116,0.0,0.0224345493135823,0.0065464145759465,0.0,0.0,0.0,0.0910544470778866,0.305526188915211,0.0,0.0,0.0,0.0,0.0085847381904181,0.0,0.0,1.1662264545821,0.0,0.0085660102857452,0.0132231268548878,0.0245313345362236,0.0,0.0731623629410934,0.0,0.014429652444861,0.0,0.0043648644874195,0.152485788059908,0.0082896753839145,0.0,0.0052623901913611,0.0403078544058579,0.0160349823150157,0.0,0.0,0.0305232278064871,0.0,0.0,0.0613878105095248,0.180109085738721,0.0,0.0,0.0398014343747608,0.0,0.0236125743455668,0.110274947579743,0.0,0.0,0.0,0.0,0.126202969412885,0.0154113276502425,0.147688143185782,0.0162694528785636,0.0,0.0,0.0152572695123095,0.0305657070273742,0.0204744746783059,0.876634575380384,0.463800603454088,0.0,0.0186646531158301,0.0,0.0090063415046254,0.0039160984453183,0.0067921408031763,0.0,0.0539437035256007,0.0172228349918105,0.016406678035788,0.0,0.0,0.0,0.0,0.0,0.0,0.0,0.0,0.0,0.0,0.0,0.0,0.0180340979314662,0.0,0.0,0.0,0.0,0.0418735978415686,0.0,0.0,0.0079742598730858,0.0,0.0119678171672046,0.0,0.0058777302704809,0.0,0.0,0.0,0.0,0.0,0.0,0.0,0.049660624088958,0.008913769329906,0.0420835583553396,0.0146261966849884,0.0100298145525481,0.0270512283595335,0.0,0.0,0.0,0.0,0.0,0.0132752930467286,0.0743454188665243,0.0,0.0,0.0,0.0,0.011847728636773,0.0085261690409495,0.0,0.0,0.0,0.0494717040836845,0.0,0.0,0.0,0.0,0.0191705313578558,0.0,0.0,0.0124718610317279,0.0,0.0,0.0,0.0,0.0,0.0159950307451532,0.0,0.0,0.0076467215876244,0.0,0.0036614593603929,0.0040412142931218,0.0035845532315674,0.0,0.0169913616365591,0.0,0.0261246864944223,0.0113465698393516,0.0,0.0,0.0035850340357875,0.0,0.0,0.0,0.0,0.0,0.0,0.0,0.0,0.0,0.0,0.0,0.0187820653131851,0.0,0.0,0.0,0.0035173145075656,0.0081161914011626,0.0,0.0077744484438048,0.0,0.0,0.0,0.0223996794666901,0.0,0.0,0.208072861509926,0.0158762812616393,0.0478628950612472,0.0132508420332004,0.019155151617277,0.0770423336244796,0.0044887868687022,0.0,0.0,0.0036818907698217,0.0,0.0,0.0037409596510054,0.0192335941823301,0.010508997445907,0.0052142055487968,0.0056150174287515,0.0,0.0,0.0,0.0,0.0,0.0,0.0,0.0,0.0,0.0051336093451858,0.004681274656673,0.0941002464147268,0.0,0.0,0.0076307545888203,0.0,0.0,0.0,0.0,0.0124390942716838,0.116358483947217,0.0,0.0,0.0,0.0,0.0082388606587657,0.0,0.0,0.536454135754022,0.0,0.0176247756054334,0.0060677247330884,0.0054171851498825,0.0,0.0166407538858626,0.0,0.0,0.0,0.0056341294577324,0.0803952811962543,0.0046367606123495,0.0,0.003485023956245,0.0044837754707947,0.0,0.0036053770139271,0.0,0.0073936465080179,0.0,0.0,0.0166597649020736,0.0149662747599949,0.0,0.0,0.0171435441289207,0.0,0.0063118146487983,0.0404245905112442,0.0,0.0,0.0,0.0,0.072486710171759,0.0065876423054772,0.0105146263650815,0.0,0.0,0.0,0.0048256340509529,0.0268603867087787,0.004140851321628,0.459034984556,0.161960208803476,0.0,0.004697685325508,0.0,0.0059155256241211,0.0,0.0,0.0,0.0220846833568496,0.0095628228559318,0.0,0.0,0.0040045527682834,0.0,0.0,0.0,0.0,0.0,0.0,0.0,0.0,0.0,0.0,0.0098066505061675,0.0,0.0,0.0,0.0,0.0,0.0,0.0042681375801543,0.0043719940274827,0.0,0.0112716786296446,0.0,0.0127415907199495,0.0,0.0,0.0,0.0,0.0,0.0,0.0,0.0182076883090149,0.0048306790008116,0.0091347006986953,0.0,0.0037573944163759,0.0042597096913797,0.0
NTS,0.0,0.0,0.0,0.0,0.0,0.0,0.0034594026251944,0.0,0.0,0.0122224921576774,0.0,0.0,0.0995485577952714,0.0,0.0,0.0121025832698615,0.0,0.0,0.0037632959206157,0.0,0.0,0.0,0.0,0.0034827520489978,0.0,0.0,0.0,0.0,0.0296582716424911,0.0,0.0,0.0,0.0,0.0,0.0,0.0038216666505256,0.0,0.0269421179171062,0.0041890734685648,0.009592962959321,0.0055007733842143,0.0124686023600111,0.0,0.0,0.0,0.0036363680180946,0.0053506699055667,0.003791276225215,0.0,0.0,0.0122108744174229,0.0087186181233027,0.0,0.0,0.0,0.0,0.321689369442782,0.0035103746023258,0.0,0.0,0.0,0.0096848930969841,0.0,0.0,0.0524014255886215,0.0110918055482192,0.0,1.14168333166837,0.0,0.0586753996023245,0.0,0.0,0.0,0.0,0.0051770959608051,0.0,0.0,0.0463898174112483,0.0,0.0,0.0,0.0,0.0288676493014926,0.0040808164851521,0.614968831950072,0.266377050080545,0.0,0.0,0.0,0.0,0.0,0.0,0.0084121087265155,0.0,0.0,0.0,0.0,0.0,0.0625693116917444,0.0,0.37949181003932,0.0,0.0,0.0127361717789444,0.0,0.0162957689772343,0.0,0.0,0.585322523504648,0.0,0.0,0.0,0.0106429396111745,0.0,0.0,0.0582764545322215,0.0,1.07032422530384,0.242782873943097,0.0149880082971708,0.0,0.0056862157536436,0.0427129104956158,0.0,0.0436897242185091,0.105888321760541,0.0043198156110093,0.0122069324060245,0.0,0.0,0.0,0.0,0.0,0.0,0.0198631061620305,0.0,0.0591964625652507,0.0869412946747039,0.0385593882583224,0.0618033070538987,0.212469222045008,0.0,0.0,0.0,0.0078642423128781,0.0,0.0,0.0050893247357531,0.0,0.0,0.0,0.0051961314502491,0.0,0.0,0.0,0.0,0.0,0.0,0.0261957894047699,0.0,0.0,0.0,0.0552840220267749,0.0,0.0,0.0,0.0113167933146641,0.0,0.0,0.0,0.271350197922147,0.492258026919431,0.480510609606724,0.366769145681118,0.003798477791414,0.0,0.0059874422589407,0.0,0.0,0.0,0.012841505538651,0.0,0.0,0.0611590391160508,0.0274429007543081,0.0045370570143334,0.0,0.0040984510217682,0.0,0.0048485397189261,0.0086539183623139,0.0859455974292955,0.0,0.0169857542620382,0.144558636884571,0.0,0.0,0.0,0.0,0.0,0.0,0.0,0.0059706965801812,0.0,0.0117058353279067,0.0,0.0,0.0,0.201700168884134,0.0,0.0,0.0042519369870763,0.0,0.0,0.0,0.0,0.0,0.0,0.004991812279151,0.0,0.0,0.0304275618512117,0.0,0.0,0.109339877669129,0.0,0.0,0.0,0.0,0.0,0.0,0.0,0.0,0.0,0.0,0.0,0.0,0.0197924002729713,0.008683469837906,0.0,0.0,0.0,0.0,0.0,0.00818844746127,0.0,0.0216856478243783,0.0139127172804738,0.0050855789974303,0.0286265118332407,0.0,0.0,0.0,0.0,0.0,0.0,0.0042465671257288,0.0,0.0,0.009363311380589,0.0049024413349821,0.0,0.0,0.0,0.0,0.305295064736068,0.0,0.0,0.0081780032205091,0.0180389922554739,0.091695028129685,0.0,0.0,0.100074761087612,0.0055320851564467,0.0,0.578158812984519,0.0,0.0165391919880417,0.0049153183875567,0.0,0.0074471302008844,0.0,0.0071848856616823,0.0327644678949376,0.0,0.0174607597458958,0.0,0.0,0.0,0.0,0.0731454448089656,0.0127197345194019,0.144833132109037,0.111218032876351,0.0041535032904085,0.0,0.0206696721018662,0.0037818286054797,0.0,0.0,0.0060152180421508,0.0,0.0,0.0,0.0,0.0,0.3483699593817,0.0,0.202860135513586,0.0045203840059676,0.0,0.0690523900641881,0.0,0.0093867625205513,0.0,0.0077924252138435,0.185649687459181,0.0,0.0,0.0,0.0078608430154464,0.0,0.0,0.166053195324405,0.0,0.261500895763034,0.0808088221364714,0.0082562057319678,0.0,0.0234580828417985,0.0435142408148817,0.0228839707757009,0.0446763563219383,0.0568966029561007,0.0061340478666858,0.0049094627361827,0.0,0.0,0.0406422725140925,0.0220650337749303,0.0053141364757969,0.0,0.034625370877434,0.0,0.0109202105292329,0.179943220592384,0.0839870930596952,0.0517494340834505,0.0366253237751864,0.0,0.0,0.0,0.0,0.0,0.0,0.0052150150529714,0.0,0.0,0.0,0.0354934487458156,0.0071058129783867,0.0,0.004727014171025,0.0052357815039011,0.0297592823020659,0.0,0.195210693805861,0.0063163727867281,0.0,0.0,0.0163545678078604,0.0,0.0052944984304156,0.0149553256110587,0.0331023824966338,0.0,0.0,0.0221966198021199,0.0783779019941468,0.0503952068983848,0.0622952332827908,0.0571397110449453,0.0,0.0,0.0053820967479782,0.0,0.0,0.0,0.0,0.0,0.0,0.0427519058195004,0.0134018849273255,0.0,0.0,0.0668476286589429,0.0,0.0057897306683869,0.0,0.0614949671437858,0.0107292864318039,0.0055779940820221,0.0956599945723363,0.0,0.0,0.0,0.0,0.0,0.0,0.0,0.0259851037915425,0.0,0.0950615598392366,0.0387683709760012,0.0049721074408089,0.0171872642247402,0.118838303268417
ORBl,0.0700271722463155,0.483904130637683,0.127877935320523,0.438625502867099,0.0,0.0046586180443852,1.27064769712314,0.151731376515907,0.599953472346924,0.0,0.0633171885219654,0.0754684815321722,0.0,0.0580032584436148,0.208937811311912,0.0239199284717868,0.0,0.0409782287438933,0.0276459446942974,0.0217925973822639,0.014473964165028,0.0659772858234288,0.0277495158425081,0.0168348126683603,0.0,0.0,0.0,0.0485189044593204,0.0,0.0664823248690235,0.188901594643537,0.0100723971839346,0.0957673959803722,0.021966895701838,0.0039473628320127,4.9986722722311,0.110544767379227,0.0,0.0062898706035435,0.0,0.0,0.0,0.0,0.0466925149375502,0.0436119281845816,0.0868366048394459,0.054198197453588,0.0043681915430634,0.128769735588022,0.0157116012764763,0.0,0.0,0.785037270410083,0.0408941193737535,0.123380564110028,0.0408942768249364,0.0226826129310387,0.105540238980644,0.0,0.0,0.0,0.0,0.0604589955333245,0.0669642999347637,0.0073045065200429,0.0,0.0508970931847604,0.0307007403779762,0.007140285944393,0.0,0.0115868772685224,0.0,0.0,0.0203537240760183,0.22444247088685,0.02019825158937,0.0152317852901615,0.0,0.0,0.017270966080223,0.0,0.06499668810827,0.0108278806963847,0.710028562459543,0.0,0.0,0.0263979973180028,0.0,0.0,0.0,0.0,0.0,0.053578269694784,0.75156866501014,3.0745778734982,0.0,0.004481257237923,0.0,0.629794806291841,0.0,0.0,0.042871030175806,0.0114850264758901,0.0,0.0118598660103548,0.0,0.0,0.0080904435368633,0.0,2.59238372978538,0.267845683492552,1.87730574499768,0.13846211058251,0.0,0.008933523997043,0.273898279350378,0.0,0.0248682621434271,0.0400309750391213,0.0382744193088687,0.0434377581521505,0.0749493480338466,0.0,0.0784056470101176,0.0,0.0042333126188605,0.0470016983503271,0.306230823083907,0.507916154443793,0.0,0.0992538182189799,0.0,0.0,0.0,0.0508473717545778,0.0,0.0,0.025312709962239,0.0705050892370864,0.0,0.0,0.0184593362573493,0.167224255280569,0.0,0.0290534661732395,0.0,0.0,0.0,0.0,0.0627460963895499,0.061679409025562,0.0336862744214676,0.0166354943991919,0.212511483972175,0.133792760323726,0.0216148495861563,0.225711373213212,0.0,0.306161423262143,0.0038886403306009,0.0,0.36062615919792,0.0,0.245505645590943,0.0342680141850881,0.121619159623033,0.0,0.0202325524476484,0.0079584542404339,0.0109557298847965,0.0,0.0,0.0,0.0,0.204360609267616,0.043201666706248,0.173398577722705,0.0883222235747988,0.0555345795469141,0.0913890269431791,0.25199818326637,0.020185558166359,0.0070461222282196,0.0081439892901103,0.0,0.154771721692333,0.0,0.0382336263101196,0.0,0.0584760786769537,0.0,0.0,0.195997576951641,0.0,0.0,0.145064141401545,0.0501497298560224,0.125743354975684,0.0571302906804705,0.281455775399678,0.0230975946487672,0.13543161415936,0.345107185990838,0.0,0.0086255022845886,0.0124962542636412,0.0297690991675552,0.0962589267656682,0.0,0.0,0.0873183688328596,0.0101363861640402,0.0458129707082692,0.0,0.0,0.726513969507674,0.0263647378552154,0.307345443720915,0.0,0.0063316142533681,0.0056389882925459,0.0,0.0069109844668045,0.0242318040384848,0.0043181850104926,0.0,0.0047047567993429,0.0,0.0067438392306095,0.0,0.0097811473946068,0.0,0.0,0.0,0.0,0.0,0.0,0.0,0.0159730857623867,0.099952080571406,0.0048761228253466,0.0529394912757271,0.0,0.0,2.01434600445095,0.0609687923531284,0.0,0.0080769361515507,0.0,0.0064587616291024,0.0,0.0,0.0088650502531613,0.0135360571883076,0.0170569828334837,0.0059634852015353,0.0,0.0172183547644849,0.0,0.0,0.0,0.29914033679752,0.0,0.0,0.0,0.0332020913100377,0.0536909107062377,0.0,0.0,0.0,0.0,0.0101062552733402,0.0352537967576234,0.0,0.0,0.0,0.0546128890906717,0.0,0.0,0.0,0.0,0.0,0.0049266425730561,0.0085486667783945,0.0,0.0,0.0,0.0,0.005566068851797,0.0,0.0,0.0100874751389341,0.303021959351608,0.0260082598850995,0.0116312240433582,0.0,0.0,0.0,0.0,0.0,0.0,0.0110103069104107,0.355733272864915,1.297180639337,0.0,0.0,0.0,0.182781611171248,0.0,0.0,0.0,0.0120753291390377,0.0,0.0,0.0,0.0,0.0,0.006052138323538,1.43005845364363,0.0946397360225705,0.678145490779894,0.007259198372689,0.0,0.0,0.21792914584133,0.0,0.0509701877177316,0.0379341595737821,0.0399114829466262,0.0050154272521041,0.0486985604609559,0.0,0.0303518138559543,0.0,0.0038451652572892,0.0164374460997167,0.06949712666757,0.136762067216748,0.0,0.026073380688225,0.0,0.0,0.0,0.042536718146768,0.0,0.0,0.0474736949672822,0.0261646975613234,0.0,0.0,0.0083162032310192,0.0111472299842846,0.0,0.0108654043103119,0.0,0.0,0.0,0.0,0.0258461323868043,0.0267676162922533,0.0080459489864342,0.0,0.003788463606542,0.0,0.0,0.0,0.0,0.0645636221102519,0.0,0.0,0.0042603519700142,0.0,0.129146425352954,0.0,0.0051409721531913,0.0,0.0105219203533234,0.0,0.0040283049827833,0.0,0.0,0.0072257230035522,0.0058154195554265,0.0371077271500178,0.0045403627149603,0.0628233873669432,0.018905768528788,0.0047777996040858,0.0199792011562184,0.0713976434953718,0.0,0.0,0.0044153737074556,0.0,0.022326828961059,0.0,0.0174796578232313,0.0,0.0,0.0,0.0,0.043032655506696,0.0,0.005446325317457,0.0307202464363454,0.0,0.0041232429896727,0.0,0.0075568868872718,0.0,0.0,0.0819024560204859,0.0,0.0,0.0036031973847926,0.0165024148400283,0.0080030562821608,0.0
ORBm,0.0290418232507616,1.00881006967846,0.681512607476785,1.1488485563414,0.0071630387522373,0.0528801744334409,0.411682043765601,0.120342930925899,0.718621904061361,0.0,0.0948252949674413,0.102305444142425,0.0,0.0123688104458313,0.298158018111541,0.012120769566067,0.0,0.0473515911109488,0.0339018992404863,0.0303087394623327,0.0305342330261253,0.0826483176171745,0.0302201578314493,0.144299533807857,0.0085559778381055,0.0,0.0,0.0428797159172189,0.0,0.0448969032728631,0.302022044381859,0.0092306700314365,0.061172942889989,0.0117873973917282,0.0084485279615494,4.401018065265,0.0966157627421816,0.0,0.0114988677271688,0.0,0.0117785354977865,0.0258967950536758,0.0,0.157812010714255,0.0426810299933446,0.0832362415981806,0.131273445104621,0.0106554681884372,0.124256462836232,0.0095676647571422,0.0,0.0,0.148702861569695,0.0133720901038021,0.041275093877461,0.0113928558522975,0.0,0.043048707341587,0.0,0.0,0.0,0.0037434777153323,0.682138538712255,0.0736385695158534,0.0034463644933078,0.0,0.0531198964529364,0.0047862179688439,0.0186357663161747,0.0,0.0230072434307936,0.0,0.0,0.0490961257903784,0.39402025335254,0.0342125041482457,0.0836015104178261,0.0,0.0,0.142660455723447,0.0199119935789539,0.0187039383980903,0.0049578258335585,0.590520971842722,0.0,0.0,0.0681542380626502,0.0,0.0,0.0,0.0131311484746626,0.0106044574389589,0.0279304632166021,0.183931177908682,0.971241301281765,0.0182065416470218,0.0562316562842235,0.0,0.32760164102718,0.0257723258725499,0.0,0.107524152288107,0.0142592013724561,0.0,0.0087567334255168,0.0,0.0,0.0222109186606949,0.0060977914323569,0.86801569883031,1.58894886846428,1.9949714062436,0.220909180382591,0.0,0.0,0.489099291253787,0.0,0.0064802008222127,0.0317425068020987,0.0552728008282496,0.0221079201618461,0.0309507855796772,0.0,0.0348261420183067,0.0,0.0,0.106544737470853,0.171341945924139,1.91467947619613,0.0100545873204475,0.0220011746817872,0.0,0.0049393526313712,0.0,0.0446876433056721,0.0,0.0,0.0078351934656414,0.0487755496933832,0.0,0.0,0.101323753095011,0.201126241526474,0.0092398337324978,0.175147153966862,0.0,0.0,0.0,0.0047630621255814,0.151907135930099,0.0507941876915346,0.0187539931759749,0.012599857951713,0.472851177485509,0.313200071900915,0.0506889097795815,0.20883879054363,0.0055168979821842,0.118391513059084,0.0155338271934692,0.0067425601744824,0.345266027751049,0.0,0.187818290667385,0.0165896284839355,0.061400475093101,0.0,0.0501782613928963,0.0123118560767886,0.0095125278750481,0.0,0.0,0.0,0.0,0.132334892876386,0.0437545683429515,0.0173255761681459,0.0121562604005575,0.0671043885943849,0.0415822712983811,0.103416349051109,0.0120231419674438,0.0322988463884978,0.0,0.0,0.186835400526789,0.0,0.0205058454839385,0.0,0.152569786492223,0.0290711885659305,0.0,0.0895739115789672,0.0,0.0,0.0358613861195399,0.0601552613359321,0.20695777072867,0.0704207377843016,0.347766064870965,0.0311840201603859,0.202056708731236,0.216880146263823,0.0087636562916477,0.0104645340784229,0.0034441069732045,0.0178280396480088,0.0759216504032841,0.0,0.0,0.171714267443652,0.0712848363941847,0.30097243554023,0.0,0.0137987287616047,0.423660612913795,0.0920018281519189,0.409815416992011,0.0,0.0135814848832373,0.0088517048276502,0.0,0.0,0.0770902143873508,0.0,0.0,0.004484625467032,0.0035276472306757,0.0100492019044367,0.0,0.0210728102434748,0.0,0.0056306265677725,0.0,0.0,0.0,0.0,0.0,0.004820162380576,0.205019003827971,0.0048444708570737,0.032168233040227,0.0,0.0,1.63491573278263,0.0506335968201439,0.0,0.0099404724540863,0.0,0.012888284493263,0.0062835928507269,0.0,0.015003259690354,0.0105042737738838,0.0392614161369318,0.0359016208708363,0.0,0.0291687596426045,0.0,0.0,0.0,0.088495318242473,0.0,0.0,0.0,0.0045473638640986,0.0494268839588169,0.0,0.0,0.0,0.0,0.17168041010032,0.0401058318350579,0.0,0.0,0.0071445601542731,0.0070527647579492,0.01100190302094,0.0,0.00366226855668,0.0,0.0,0.0118357276054596,0.0230453398827959,0.0,0.0,0.0,0.0,0.0454553802411634,0.0,0.0,0.0,0.193654134566078,0.008262347762927,0.0034754011587479,0.0,0.0,0.0,0.0,0.0,0.0044811747211594,0.0100750121761513,0.0461942837109539,0.209377617658035,0.0,0.0041389349643377,0.0,0.0721977515434064,0.005594466621082,0.0,0.0122170100339681,0.0142927725804346,0.0,0.0,0.0,0.0,0.0092525936179158,0.0079580517728812,0.675898583952232,0.756168626266328,0.869740344656087,0.0600952764235168,0.0,0.0,0.298584626359871,0.0,0.00820657574298,0.0303029797176138,0.0508126606980616,0.0080712821200208,0.0209878751093578,0.0044119046650073,0.0201258226891642,0.0,0.0,0.0539882931939785,0.0665746835388637,0.693538506113233,0.0067052169968156,0.0,0.0,0.0,0.0,0.0294352811064842,0.0,0.0,0.0121461296909828,0.0107415662961503,0.0,0.0,0.0557643469450075,0.0085142939757195,0.0037955797825831,0.060810187442011,0.0,0.0,0.0,0.0,0.0783687276120948,0.0218026577457101,0.0,0.0,0.0050147359594479,0.0,0.0,0.0052110114506959,0.0,0.0298846075512488,0.0,0.0,0.0267780696032456,0.0,0.0916751458096291,0.0,0.0,0.0,0.0294538642128621,0.0073205336142675,0.0,0.0,0.0,0.0,0.0,0.0106174943456381,0.0,0.0089005925120822,0.0,0.0047052192638282,0.0043375327295331,0.0205383385413508,0.0,0.011732741045897,0.0,0.0,0.0462318553905301,0.0,0.0105231693175345,0.0,0.0188575246747397,0.0040003167892591,0.0,0.007914769230106,0.0,0.0,0.0237711892352206,0.0,0.0050447628213901,0.0,0.0083242819245125,0.0,0.0,0.033873531038865,0.0,0.0,0.0,0.0089630758871104,0.004556230879822,0.0
ORBvl,0.0340794791203682,0.892545350860521,0.370438877718982,0.593490507542983,0.0040915169238891,0.0135394724192238,0.613407400854411,0.0997277965584077,0.481615858008371,0.0,0.102454626680006,0.116099798146609,0.0,0.0393518494083395,0.286023350926658,0.0166823568858572,0.0,0.0813055605899399,0.0574742079624291,0.0439789376370374,0.026547363498449,0.0512825738653212,0.0159734328941845,0.0552512803043149,0.0035843967594613,0.0,0.0,0.0355957224760414,0.0,0.0779859064772239,0.269237052525913,0.010329447421764,0.0944000411759523,0.0077379271484341,0.0040504349813653,4.94173567487139,0.139469099601322,0.0,0.0114429011252662,0.0,0.0049929356836877,0.007525634714561,0.0,0.0810872155850974,0.0574256561578494,0.0722483077792679,0.0719831399870846,0.0098667829957841,0.119267537168721,0.0047605188706656,0.0,0.0,0.527197109317879,0.0196580366015952,0.0914664261073572,0.0276260295015684,0.0124339682737629,0.0634082067658368,0.0,0.0,0.0,0.0,0.255903881472773,0.0765557100068333,0.0067711790009307,0.0,0.0686008224875124,0.0171973859700515,0.0093290364457783,0.0,0.0206518228868812,0.0,0.0,0.0313656438023291,0.270934039313209,0.0373758537458885,0.0311662652371452,0.0,0.0,0.0506210330274282,0.0054308537408606,0.0353290482620949,0.0077477082557599,0.810826814241169,0.0,0.0,0.0270999105461905,0.0,0.0,0.0,0.0042363965790527,0.0034702501064147,0.0476849322449474,0.557969554829224,2.48855765307672,0.0045951157983791,0.0164600025605751,0.0,0.499208011410579,0.0081589006553671,0.0,0.0560509819099227,0.0184448288234786,0.0,0.0051672080119775,0.0,0.0,0.0099930731373703,0.0036865234448005,1.99709672295729,0.748764294921947,3.01804021935134,0.115379586838593,0.0,0.0,0.37298320642313,0.0,0.0150122121281004,0.0483630504980573,0.067439594134612,0.024375500722957,0.0562317599829686,0.0,0.0613860941851233,0.0,0.0,0.0648694214096735,0.245577477047755,1.07737472055325,0.0,0.0761290967196143,0.0,0.0051889708445689,0.0,0.0619470554302881,0.0,0.0,0.016951039272567,0.0725709536957544,0.0,0.0,0.0506909585971302,0.328406336587465,0.0,0.0778652664795936,0.0,0.0,0.0,0.0,0.117431420397178,0.0795198554228257,0.0268728106920736,0.01631636258996,0.527063582703554,0.336521885176012,0.0492361438226301,0.266382148340139,0.0,0.208641229126903,0.0057625954825716,0.0,0.269126862556413,0.0,0.310291712509119,0.0306396161281477,0.10859038724099,0.0,0.0263635045069197,0.0095171775867071,0.008566705257409,0.0,0.0,0.0,0.0,0.26266948964941,0.0710664682898284,0.0926760873528741,0.060371165303065,0.106358310552551,0.0950258340286378,0.238465126426225,0.0181722878934479,0.0136972071391857,0.0050871186032832,0.0,0.264388710956025,0.0,0.0342576315968456,0.0,0.0916131585356947,0.0089238590401209,0.0,0.183791701305957,0.0,0.0,0.0789904321448151,0.105288770007307,0.286974059839504,0.124020652552007,0.609823889588039,0.0515334923992035,0.309336067739319,0.343198097214362,0.0,0.0111111946163606,0.0080744550978022,0.0241580480400953,0.101607797686808,0.0,0.0,0.109760007448616,0.0318608836462652,0.116026242209804,0.0,0.0,0.49862497460519,0.0516685951608141,0.291608867338382,0.0,0.0109688314221774,0.0083881136068012,0.0,0.0045600500913568,0.0570288893538637,0.0,0.0,0.0077752782886518,0.0059467079846637,0.0132841490973884,0.0,0.0113029124874509,0.0,0.0,0.0,0.0,0.0,0.0,0.0,0.0123663185426513,0.176088402412961,0.0055988672165101,0.0505874983553526,0.0,0.0,1.86383195705947,0.0777531922301421,0.0,0.0147981863068749,0.0,0.0097802874360611,0.0,0.0,0.0107111801112883,0.0153627193116163,0.0315435603855732,0.017955831999112,0.0,0.0237583084182356,0.0,0.0,0.0,0.170608792374209,0.0,0.0,0.0,0.0187970159447111,0.0531774704078118,0.0,0.0,0.0,0.0,0.0594571541415545,0.0391257962230398,0.0,0.0,0.005930259944148,0.0309609032891037,0.0043173676385134,0.0,0.0,0.0,0.0,0.0058548656207349,0.0113144851322248,0.0,0.0,0.0,0.0,0.0152947362447777,0.0,0.0,0.0068230072465007,0.287977855445391,0.019968061857912,0.008886176561733,0.0,0.0,0.0,0.0,0.0,0.0,0.0096496199975346,0.205459539994138,0.796499838834405,0.0,0.0,0.0,0.15670531593635,0.0,0.0,0.0057946252165246,0.0201004519339988,0.0,0.0,0.0,0.0,0.0038438603721412,0.0062308103638792,1.3087910659919,0.314801420248746,1.12281176075061,0.0225658180134323,0.0,0.0,0.290975523624456,0.0,0.0298020046377949,0.053059765664538,0.0717064378409022,0.0067690978940475,0.0308259109116294,0.0,0.0271180217084478,0.0,0.0,0.0247061424510398,0.0960837643032354,0.277950295696261,0.0,0.0156739927475939,0.0,0.0,0.0,0.0540201184207711,0.0,0.0,0.0319961487285656,0.02236539517129,0.0,0.0,0.0247916293142004,0.0164110304615704,0.0,0.026014198645847,0.0,0.0,0.0,0.0,0.0471382694784482,0.030738507311276,0.0054998920373446,0.0,0.0073839045591359,0.0,0.0,0.0,0.0,0.0434451743906296,0.0,0.0,0.0102714382680681,0.0,0.15543225677025,0.0,0.003671641877434,0.0,0.0135940662776625,0.0036156658031637,0.0,0.0,0.0,0.0038915840082218,0.0,0.031400541522709,0.0059181835542567,0.0331549506287348,0.0120397034571745,0.0079749155298319,0.0151279931516724,0.0536468826891222,0.0,0.0041905214590551,0.0,0.0,0.0447989932103495,0.0,0.0183657906226661,0.0,0.0083072012407232,0.0,0.0,0.0302609164181281,0.0,0.0,0.0277642810711366,0.0046293255998448,0.008920034715406,0.0037601938964289,0.0149445150167339,0.0,0.0060128866035572,0.0698480095074215,0.0,0.0,0.0,0.0124328544361159,0.0059805689499732,0.0
OT,0.0629643636260655,0.0,0.0,1.07796095617777,0.0,0.0512312234154078,0.0433017710838295,0.0613266432063554,0.0602742494153937,0.0,0.0,0.0,0.0,0.0,0.202375752557595,0.0,0.0063845597154281,0.0,0.0,0.0,0.0,0.159547031076439,0.184612830954252,0.301550898980046,0.043775388571874,0.0,0.0,0.185432122118738,0.0,0.0,0.0053928362872398,0.0,0.0,0.0498401715842747,0.127791118580365,1.16892026682076,0.0,0.0,0.0,0.0,0.0084714426986185,0.0295733948614681,0.0,0.0047311155484348,0.0,0.0139696151688912,0.0417831193611191,0.0116527849017978,0.0795573958225869,0.0483568395838419,0.0,0.0,0.0,0.119605528787135,0.169601265578171,0.0593092552042277,0.0,0.0136446214944195,0.0171386840254262,0.0,0.0,0.0,0.0129319433681893,0.0035814613068981,0.0,0.0,0.0,0.0,0.082365813446638,0.0,0.0,0.0,0.0,0.0060806593144975,0.288736274225094,0.0,0.0730305761105583,0.0,0.0,0.0313906480485424,0.0368291321893403,0.0312933988850429,0.0,0.0173541720266639,0.0,0.0,0.467462072582022,0.0,0.0,0.0,0.0,0.0,0.0392676478630964,0.0384447053895745,0.0493645481705132,0.0228024332231661,0.0445676644720541,0.0,0.0835730669799995,0.00903153845473,0.0,0.0324142352532471,0.0,0.0,0.0418607648915637,0.0,0.0,0.0,0.0,0.0068806296086653,0.0166194623968549,0.0058031070791443,0.10042886843493,0.0760390880632922,0.0338584521264988,0.0416233432551974,0.0,0.0,0.0039688542084453,0.0,0.0042026749449543,0.0048968668495999,0.0,0.0,0.0,0.0,0.020219081552509,0.360354031553097,0.0087171113415539,0.0079169029698776,0.0,0.0,0.0,0.0,0.0041581887217255,0.0,0.0,0.0,0.0,0.0,0.0,0.0075863202433169,0.0,0.0143395912501757,0.0129160337561929,0.0,0.0035741382047962,0.0,0.0083501636522216,0.0069702098833359,0.0,0.0054504024669581,0.025679339662696,0.0,0.0,0.0,0.0172093578927738,0.0047866004486844,0.0,0.0,0.0,0.646202233621769,0.0,0.0,0.1144601192341,0.310169096443678,0.0,0.0067663804803514,0.0,0.0,0.0,0.0,0.0,0.0,0.0,0.0,0.0141832846980711,0.0040692901533322,0.0,0.0,0.012336896180728,0.04397526191979,0.0058439355477354,0.0,0.0,0.0073422023403934,0.0200883582883732,0.0,0.0,0.0234482686600857,0.0420660981745313,0.0,0.0,0.0,0.0,0.0166042545549739,0.0,0.0,0.0,0.0,0.0,0.0,0.0,0.140773353045233,0.0,0.0,0.0,0.0823378552157919,0.0,0.0,0.0,0.0,0.0,0.0,0.0,0.0055233386472344,0.003714007894483,0.0,0.0,0.0,0.0,0.0,0.0,0.0500617643602221,0.0,0.0,0.0,0.0,0.0,0.0,0.0072424537092828,0.0,0.0050286825906151,0.0,0.0,0.0,0.0,0.0,0.0,0.0,0.0,0.0,0.0,0.0,0.0041919747346807,0.0,0.0,0.0,0.0,0.012704599823907,0.0,0.0,0.0,0.0,0.0,0.0,0.0,0.0,0.0,0.0,0.0,0.0,0.0,0.0,0.0,0.0,0.0,0.0,0.0,0.0,0.0,0.0,0.0,0.0,0.0,0.0,0.0,0.0,0.0,0.0,0.0,0.0,0.0,0.0,0.0,0.0,0.0,0.0,0.0,0.0,0.0,0.0,0.0,0.0,0.0,0.0,0.0,0.0,0.0,0.0,0.0,0.0037288577882084,0.0197213975046231,0.0130063170525636,0.0,0.0,0.0,0.0,0.0,0.0,0.0,0.0,0.0,0.0,0.0,0.0,0.0,0.0,0.0,0.0,0.0,0.0039938075530383,0.0,0.0,0.0089408577512634,0.0,0.0,0.0,0.0,0.0,0.0,0.0,0.0,0.0,0.0,0.0,0.0064852521961591,0.0,0.0,0.0,0.0,0.0,0.0,0.0,0.0,0.0,0.0,0.0,0.0,0.0,0.0,0.0,0.0,0.0,0.0,0.0,0.0,0.0035159388364256,0.0,0.0,0.0,0.0,0.0,0.0,0.0,0.0,0.0,0.0,0.0,0.0,0.0,0.0,0.0,0.0,0.0,0.0,0.0,0.0,0.0,0.0,0.0,0.0,0.0,0.0,0.0,0.0,0.0,0.0,0.0,0.0,0.0,0.0,0.0,0.0,0.0,0.0,0.0,0.0,0.0038198669813601,0.0067599505811989,0.0,0.0,0.0,0.0,0.0074677274444297,0.0,0.0,0.0,0.0,0.0,0.0,0.0,0.018697654422209,0.0,0.0,0.0,0.0,0.0
PA,0.208461388560554,0.0198953039268216,0.0202365421124584,1.24354253793428,0.0,0.213599400544018,0.113733421817583,0.153358501181343,0.141406705332133,0.0,0.0,0.0,0.0,0.0,0.268389435031876,0.0,0.0390523689392541,0.0,0.0044353632946203,0.0427020265866663,0.0,1.02431137665475,1.60717183825018,1.37049737057108,0.896057535774525,0.0115323963442627,0.190314236944247,0.979400731435014,0.0,0.0,0.0768039413109809,0.0,0.0,0.269920901586187,1.62071749128982,0.995267214708079,0.0,0.0,0.0,0.0,0.0956385318411706,0.080244270251995,0.0,0.0475955785627071,0.0,0.279987049976862,0.736179047217413,0.308520999924628,0.376826793171302,0.219940106939244,0.0,0.0,0.0056554143105317,0.107348799734874,0.0189260999156243,0.00616055018983,0.0,0.0221610610410051,0.173329351549041,0.0,0.0,0.0,0.233870206816013,0.0,0.0,0.0,0.0,0.0,0.478122185397908,0.0,0.0,0.0,0.0,0.0,0.234673639032858,0.0,0.0921244925684871,0.0,0.0204587722232902,0.269078093564509,0.372956758333224,0.0596785388139213,0.0,0.0362395043629368,0.0,0.0,2.44136502906971,0.0,0.0,0.0,0.0,0.008121584949355,0.0105161916366187,0.0084970380128739,0.0327835428424676,0.373419631040303,0.279832460215194,0.0,0.0037040543813032,0.012266325350257,0.0,0.10023722602989,0.0,0.0,0.0766952866191979,0.0,0.0,0.0,0.0,0.0172678600089564,0.0864997442869475,0.0104528423499392,0.56599885499903,1.26966081331458,0.315747124653151,0.0102607703909769,0.0161124284041925,0.0,0.0,0.0,0.036872922861007,0.0,0.0,0.0,0.0,0.0,0.0331320467282188,0.537924808413572,0.0964894811508307,0.0129186951064902,0.0,0.0,0.0,0.0,0.0,0.0098134779863652,0.0,0.0,0.0,0.0,0.0,0.0233940046618977,0.0,0.0265292423070887,0.0279650230474237,0.0058737862831405,0.0156193251142594,0.0,0.0445515325852552,0.0068405997131933,0.0,0.0,0.0,0.0,0.0,0.0,0.0216045317196577,0.0292343319306578,0.0,0.0,0.0074266422894675,0.741407007986746,0.0,0.0,0.0,0.0,0.0,0.0,0.0,0.0,0.0,0.0,0.0,0.0,0.0259359774422143,0.0,0.0,0.0,0.0,0.0048680883449237,0.0121448192999264,0.0,0.013639050574231,0.0,0.0,0.268534269397614,0.286009423288233,0.0,0.0,0.0971088577996642,0.325529403611866,0.0,0.0,0.0,0.0,0.0332947247171472,0.0,0.0,0.0,0.0,0.0,0.0,0.0,0.587237052355217,0.0,0.0,0.0,0.0,0.0,0.0050701437462342,0.0,0.0,0.236687152950375,0.0,0.0,0.0098191259083457,0.015006437454895,0.0098484458849094,0.0,0.0,0.0,0.0,0.0,0.0244627685661536,0.0,0.0,0.0,0.0,0.0,0.0,0.0259609935991636,0.0223784304475023,0.0961080451803674,0.0,0.0,0.0,0.0225483020837803,0.0,0.0,0.005280171871369,0.0,0.0,0.0,0.0355350602457511,0.218247517734723,0.0,0.0,0.0,0.0,0.0054039313427144,0.0,0.0,0.0,0.0,0.0125997596348133,0.009279158024575,0.0,0.0123894720188198,0.0059125996655382,0.0,0.0,0.0,0.016392038089136,0.0,0.0,0.0,0.0,0.0,0.0,0.0,0.0,0.0183312509607866,0.0,0.0,0.0,0.0,0.0,0.0073245726781652,0.0,0.0,0.0,0.0,0.0,0.0079681828078917,0.0,0.0049034484106271,0.0,0.0,0.0066637300482926,0.0041694506719251,0.0,0.0,0.0,0.0,0.0,0.0231941055268983,0.0,0.0,0.0,0.0,0.0,0.0,0.0,0.0037766680042755,0.0,0.0065110954923898,0.0,0.0,0.0,0.0,0.0060422435187905,0.0,0.0,0.0,0.0,0.0,0.0,0.0,0.0,0.0112462887569342,0.0,0.124800874513699,0.0129370906757795,0.0168160695043374,0.0,0.0,0.0,0.0,0.0,0.0,0.0,0.0,0.0,0.0,0.0,0.005865485054918,0.023032053897865,0.005721400617445,0.0,0.0,0.0,0.0,0.0,0.0,0.0,0.0,0.0,0.0,0.0,0.0,0.0036458682925953,0.0,0.0,0.0041420755127412,0.0,0.0,0.0,0.0073039771744818,0.0,0.0,0.0,0.0,0.0,0.0,0.0,0.0,0.0,0.0,0.0,0.0,0.048887716259661,0.0,0.0,0.0,0.0,0.0,0.0,0.0,0.0,0.0,0.0,0.0,0.0,0.0,0.0,0.0,0.0,0.0,0.0,0.0040255668244856,0.0,0.0,0.0,0.0,0.0124271772617654,0.0,0.0,0.0,0.0131093496453964,0.0357593886147822,0.0,0.0,0.0,0.0,0.0063558522009467,0.0,0.0,0.0,0.0,0.0,0.0,0.0,0.0287406564456647,0.0,0.0,0.0,0.0,0.0
PAA,0.503409164825864,0.0,0.007908872639205,1.0410303902216,0.0,0.0371585665195899,0.319119193993521,0.812228466050322,0.435209028525292,0.0,0.0,0.0,0.0,0.0463669608307529,0.877170023672366,0.0,0.005410696117685,0.0,0.0,0.0074802199242112,0.0,1.58604500315838,1.58993968120992,0.305269207807537,0.373608451733314,0.005394484477542,0.0562636919770196,0.607052809867453,0.0,0.0,0.0687032123303519,0.0,0.0,0.89115204384423,1.96955870311579,0.502845424112583,0.0,0.0,0.0,0.0,0.0456781207297301,0.0126121463445192,0.0,0.0812157193529749,0.0,0.252490727517701,1.47125741182489,0.278507130017013,0.790285663718812,1.00684738196701,0.0,0.0,0.0,0.285299118262306,0.0073245358330369,0.0,0.0,0.0510709509843603,0.185742557009391,0.0,0.0,0.0,0.109013480016015,0.0,0.0,0.0,0.0,0.0,0.277943175929182,0.0,0.0,0.0,0.0,0.0036074878222088,0.18666931306968,0.0,0.044402681427882,0.0,0.0,0.0720780339750158,0.0593989056762596,0.147342575457805,0.0,0.0237709571639543,0.0,0.0,1.53384641826878,0.0,0.0,0.0,0.0,0.0,0.556909585108246,0.0056360100539137,0.0,0.0321479818038665,0.0345958939737869,0.0,0.005514334490377,0.008882824262773,0.0,0.119466493531751,0.0,0.0,0.315605093025698,0.0,0.0,0.0,0.0,0.0305623737681793,0.0883707952064425,0.058353861236392,1.17596298349099,0.611415171980315,1.28474483752857,0.0038922194913513,0.0112591548784462,0.0,0.0,0.0,0.169903836687928,0.0,0.0,0.0,0.0,0.0,0.0093135235403234,5.48031138570113,0.0162489818924801,0.0,0.0,0.0,0.0,0.0,0.0,0.0053322191166891,0.0,0.0,0.0,0.0,0.0,0.0060995807679827,0.0060679558930033,0.0046116379571726,0.0151070448750112,0.0,0.0,0.0,0.0083765926962245,0.0075155557387379,0.0,0.0,0.0,0.0,0.0,0.0,0.0094755991728992,0.0046851257297195,0.0,0.0,0.0,0.756811499434934,0.0,0.0,0.0,0.0,0.0,0.0,0.0,0.0,0.0,0.0,0.0,0.0,0.0292315193096445,0.0,0.0,0.0,0.0,0.0,0.0115108389472613,0.0,0.0,0.0,0.0,0.0755051457511814,0.755028291600167,0.0,0.0,0.26053826612836,0.0421217256314437,0.0,0.0,0.0,0.0,0.0934299679428203,0.0,0.0,0.0,0.0,0.0,0.0,0.0,0.0718188124662922,0.0,0.0,0.0,0.0055716204414595,0.0,0.0,0.0,0.0,0.0384368348879372,0.0,0.0,0.0,0.0,0.0,0.0,0.0,0.0,0.0,0.0,0.0242329777856816,0.0,0.0,0.0,0.0,0.0,0.0,0.0,0.0125963469070885,0.0267486478931982,0.0,0.0,0.0,0.006164201734461,0.0,0.0,0.0,0.0,0.0,0.0,0.0627306665234192,0.0096564521025379,0.0,0.0,0.0,0.0,0.0,0.0,0.0,0.0046990808853688,0.0,0.0,0.0048168913943419,0.0,0.006699612923205,0.0035051366596586,0.0,0.0,0.0,0.0,0.0,0.0,0.0,0.0,0.0,0.0,0.0,0.0,0.0080190596987272,0.0,0.0,0.0,0.0,0.0,0.0,0.0,0.0,0.0,0.0,0.0,0.0,0.0,0.0,0.0,0.0,0.0133772098345794,0.0,0.0,0.0,0.0,0.0,0.0,0.0253093385650851,0.0,0.0,0.0,0.0,0.0,0.0,0.0,0.0,0.0,0.0,0.0,0.0,0.0,0.0,0.0097935223741791,0.0,0.0,0.0,0.0,0.0,0.0,0.0,0.0,0.0043017289285367,0.0,0.0165957625961631,0.0147290733963871,0.0,0.0,0.0,0.0,0.0,0.0,0.0,0.0,0.0,0.0,0.0,0.0,0.0,0.0156396885164025,0.0,0.0,0.0,0.0,0.0,0.0,0.0,0.0,0.0,0.0,0.0,0.0,0.0,0.0,0.0,0.0,0.0076708187676711,0.0,0.0,0.0,0.0,0.0,0.0,0.0,0.0,0.0,0.0,0.0,0.0,0.0,0.0,0.0,0.0,0.008243907562725,0.0,0.0,0.0,0.0,0.0,0.0,0.0,0.0,0.0,0.0,0.0,0.0,0.0,0.0,0.0,0.0,0.0,0.0,0.0,0.0,0.0,0.0,0.0,0.0,0.0,0.0,0.0,0.0106746685088673,0.0,0.0,0.0,0.0,0.0,0.0,0.0,0.0,0.0,0.0,0.0,0.0,0.0,0.0,0.0,0.0,0.0,0.0,0.0
PAG,0.0,0.0,0.0,0.0160462945433513,0.0,0.0409648897925201,0.0,0.0,0.0,0.0,0.0,0.0,0.0,0.0,0.0,0.130327337069474,0.0,0.0,0.0,0.0,0.0075580432401489,0.0,0.0,0.0116450519232754,0.0049497565218512,0.0,0.0058543737730197,0.0046907148105413,0.00530309647187,0.0297522372466668,0.0,0.0213087503143577,0.0148426576254873,0.0,0.0,0.0287093926729777,0.0444459996599664,0.0,0.214137479352213,0.0,0.0167301246337085,0.0132672504610239,0.0,0.0,0.054831564772785,0.0,0.0,0.0,0.0,0.0,0.0,0.0,0.0,0.0,0.0066817623901997,0.0,0.112754142507539,0.0,0.0,0.0803364645563015,0.135061176294205,0.189428047723385,0.0,0.0126324161810511,0.0128187580631665,0.0,0.0155787306896489,0.0478406541730048,0.0,0.0,0.0375229762392225,0.0073212240360772,0.0115551766947138,0.0264757050897185,0.130735778005633,0.0752711770572709,0.0294653718337016,0.0063848915709957,0.0,0.0211578277126687,0.0,0.0,0.067977006640506,0.0671883642887601,0.0105111596173152,0.0174156768935379,0.0,0.0054429340868051,0.017694134871537,0.0153490236620428,0.0056667796212852,0.0213980108026547,0.0048225060510519,0.0,0.0,0.0,0.0149860343890104,0.0098393134569596,1.01544754089599,0.0081677355759409,0.0061498370467297,0.0422365261598432,0.0131073003358438,0.0184560839192554,0.0,0.0,0.0173655038845746,0.081072510598396,0.0,0.0,0.0,0.0,0.0128470974205127,0.0,0.0,1.75166262145801,0.0,0.0298920047504812,0.0549726524185075,0.0525997594631516,0.0,0.0500005038414229,0.0,0.0159804215007419,0.0,0.0143841200880223,0.0821805382246762,0.0064327138889486,0.0,0.003752036834479,0.0139890613051011,0.0211401040435347,0.0,0.0047934677869955,0.18799256204619,0.0,0.0,0.285228980356749,0.45406633909482,0.0,0.0,0.0086858441218328,0.0,0.0057215038994232,0.030612573235266,0.0,0.0,0.0,0.0,0.0328615081479396,0.0052706540601821,0.135497035228482,0.0224930617104173,0.0,0.0,0.0094854538059023,0.0129056396876861,0.0035155362106078,1.19100925767653,0.181296663355733,0.0035538912160932,0.035902017845892,0.0,0.0052150933041102,0.0066186125590023,0.0176483791764969,0.00997996987525,0.0352198881069721,0.0149069779024081,0.0192315631123399,0.0,0.0,0.0,0.0,0.0,0.0,0.0,0.0,0.0,0.0,0.0,0.0,0.0166460469666846,0.0140409940258475,0.0,0.0,0.0,0.0522205635674564,0.0,0.0,0.0076395163664658,0.0128211752260657,0.0098251412497711,0.0,0.0121158766695169,0.0,0.0,0.0,0.0,0.0,0.0,0.0,0.0570577034281235,0.0034668462001966,0.0158535568926738,0.0042676400504062,0.0118425799170102,0.0448699852715815,0.0,0.0,0.0,0.0,0.0,0.0,0.012550500892406,0.0,0.0,0.0,0.0,0.0,0.0,0.0,0.0,0.0,0.0230190993072504,0.0,0.0,0.0,0.0,0.0,0.0,0.0,0.0,0.0,0.0,0.0060536954793988,0.0,0.0,0.0076766488818059,0.0,0.011179155647624,0.0079096873476152,0.0,0.0,0.0067513228279547,0.023794123596741,0.0,0.0529242345608294,0.0,0.015600920955687,0.0,0.0,0.0,0.0144228605985834,0.0,0.0,0.0,0.0,0.0,0.0,0.0,0.0,0.0,0.0,0.0,0.0545374003326514,0.0,0.0,0.01403312404942,0.043997919975074,0.0260194753972045,0.0,0.0060390150169414,0.0,0.0,0.0075384041656016,0.0397221259141218,0.0,0.0,0.0223947161920221,0.0,0.0044611890147381,0.0055404648662277,0.034070160261019,0.0192954447109569,0.0086866172044156,0.0041975676152504,0.0,0.0056366267717378,0.0,0.0,0.0349966036838603,0.0158159785397921,0.0154973954569669,0.008161557849781,0.0,0.0,0.0,0.0,0.0,0.0,0.0036457603881888,0.0,0.0,0.0,0.0,0.0,0.240233855365634,0.0038087498197404,0.0042833386002942,0.0096946509821714,0.0039455923101482,0.0035240440800724,0.0,0.0,0.0,0.0390355243787017,0.0,0.0,0.0,0.0,0.0045892933393398,0.0,0.0,0.558624286479962,0.0,0.0273269222877334,0.0154751114054138,0.0153867605988465,0.0,0.012129318978276,0.0,0.0,0.0,0.0178970784197462,0.0277573969213571,0.0,0.0,0.0,0.0,0.0036854711289936,0.0,0.0,0.0336802863067285,0.0,0.0,0.0912888808746347,0.111097804783645,0.0,0.0,0.0036250226056297,0.0,0.0,0.0118252525328043,0.0,0.0,0.0,0.0,0.0177189066290568,0.0,0.0288201767776363,0.0078587662052105,0.0,0.0,0.0,0.0041417477367098,0.0,0.440394872127863,0.0311237502450323,0.0,0.0100773577839061,0.0,0.0,0.0,0.0060015641645318,0.004814825139295,0.0095786852215191,0.0037962037686661,0.0,0.0,0.0042901151348343,0.0,0.0044760216438396,0.0,0.0,0.0,0.0,0.0,0.0,0.0,0.0,0.0050999805320533,0.0079305900555702,0.0,0.0,0.0,0.0145352747150439,0.0,0.0,0.0,0.0,0.0,0.0,0.0251481985746313,0.0,0.0,0.0,0.0,0.0,0.0,0.0,0.009661681858116,0.0,0.0,0.0,0.0,0.0157204301891409,0.0
PAR,0.0,0.0106868316868135,0.0163802492997197,0.152877890763801,0.0057108233279419,0.0178464524777784,0.0089436919475326,0.0259740916103886,0.0136191921958945,0.0,0.0229978688182606,0.0211364951717011,0.0043763596917874,0.0,0.0452189161019168,0.0,0.0,0.0053524159622326,0.0172847095789699,0.0251847591230341,0.0418528283507301,0.0393459699748654,0.019125106288605,0.0587442413425366,0.893753244275682,0.043169231355361,0.546501075514045,0.0142479668388809,0.0,0.0,0.0320574407976614,0.0,0.0,0.0047446815074241,0.0299293449557807,0.201681494002741,0.0,0.0053030322459694,0.0042133621673136,0.0,1.03533605422219,0.0,0.0,0.0151408285974826,0.0,0.0551982077781836,0.370604638706892,2.89749980538715,0.0427504572074134,0.0098577625820658,0.0093002095385385,0.0,0.0,0.0046222610056348,0.0,0.0,0.0,0.0105777727852163,0.0037343689889384,0.0,0.0,0.0,0.0097529795958074,0.0,0.0,0.0,0.0050887392723308,0.0,0.0369815367422702,0.0,0.0548899722985012,0.0,0.0225324203427362,0.0,0.012069033050169,0.0160162218680347,0.0,0.0,0.0136138713639135,0.114152993040715,0.0059057176299157,0.0,0.0,0.0,0.0,0.0,0.0062559773912186,0.0,0.0,0.0,0.0,0.0683412921431203,0.0047613289223631,0.0084190441906589,0.0147977446717549,0.0,0.0034685417989471,0.0,0.0,0.0349110619211456,0.0,0.0282003889876305,0.0,0.0,0.0038894635030599,0.0,0.0,0.0,0.0,0.0042795563902308,0.0092911911689315,0.009215029314268,0.0400111227953923,0.0174420930107856,0.0087118943775832,0.0,1.95204874120047,0.0,0.0,0.0,0.0139751603927714,0.0,0.0039294201979402,0.0132933949770554,0.0,0.0,0.0075921325226061,0.0961288069080516,0.0083238576857318,0.0051934266628791,0.0,0.0,0.250387115365328,0.0,0.0,1.18654224255916,0.0098930912453573,0.0,0.0,0.0,0.0,0.0186159314464199,0.0079244715087903,0.0,0.0041910769446323,0.0,0.0,0.0,0.0,0.0158959108336308,0.0,0.0,0.0,0.0537733925949389,0.100372002585354,0.114099580604122,0.0286166537720782,0.0,0.0,0.0,0.110854633210881,0.016443241128985,0.0,0.0,0.0,0.0132952746368572,0.0,0.0,0.0,0.0,0.0,0.0,0.0,0.0,0.0129857454033935,0.0,0.0097557792281993,0.0074732505600719,0.0,0.0,0.0255058784070159,0.0,0.0077613953170357,0.0,0.0,0.0986764179396056,0.0236426037394526,0.0036309041982124,0.0740675493068402,0.0322048313566583,0.0052987575568012,0.0,0.0,0.0,0.0,0.0060832402753229,0.0055026809546882,0.0051693155889399,0.0356985472698325,0.246959452291535,0.0862883375644476,0.0206237694657869,0.0,0.0,0.0,0.0,0.0,0.0,0.0,0.0,0.0,0.0044193302478962,0.0069727585427766,0.0,0.0,0.0059218677272659,0.0,0.0,0.0,0.0038975801264118,0.0,0.0,0.0,0.0046681024646579,0.0,0.0,0.0,0.0,0.0,0.0055567566830056,0.0,0.0,0.0,0.151812103400895,0.0169368818368798,0.106293785315502,0.0,0.0,0.0,0.0,0.0,0.0,0.0041306523728052,0.0039046890554534,0.0150998357689369,0.0,0.00367154934227,0.0,0.0049623940003592,0.170738256448609,0.0,0.0,0.0,0.0,0.0,0.0336531861306481,0.516939899531747,0.0,0.0,0.0,0.0,0.0,0.0,0.0,0.0,0.0,0.0053850143331089,0.0,0.0,0.0,0.0,0.0,0.0,0.0,0.0,0.0,0.0,0.0,0.0,0.0,0.0,0.0,0.0,0.0,0.0,0.0,0.0,0.0109088068050647,0.0110217359507975,0.0,0.0,0.0,0.0,0.0,0.0,0.0168166179449769,0.0,0.0,0.0,0.0,0.0286368852925752,0.0076155951792742,0.0,0.0047439856606073,0.0,0.0,0.0,0.0,0.0,0.0,0.0149698122267287,0.0,0.0,0.0,0.0,0.0,0.0,0.0,0.0,0.0,0.0,0.0142894905764842,0.0,0.0,0.0,0.145380818692905,0.0,0.0,0.0,0.0,0.0,0.0,0.0,0.0,0.0,0.0038280598924702,0.017508247120822,0.0,0.0,0.0,0.0,0.013800541731272,0.0,0.0,0.103737474789311,0.0082158484455559,0.0,0.0,0.0,0.0,0.0,0.0,0.0,0.0,0.0,0.0,0.0,0.0,0.0051486813399563,0.0,0.0,0.0,0.0,0.0,0.0054693588047228,0.0,0.0,0.0,0.0,0.0304253835293914,0.0,0.0,0.0,0.0,0.0,0.0,0.0,0.0,0.0,0.0,0.0,0.0,0.0,0.0048991497642873,0.0,0.0105018952620832,0.0056299348903849,0.0,0.0,0.0428000603868326,0.0,0.0067330294737493,0.0,0.0,0.0,0.0,0.004581689055094,0.0437022131679392,0.0226518165050115,0.0,0.0,0.0,0.0,0.0,0.0,0.0,0.0,0.0,0.0,0.0,0.0,0.0,0.0,0.0,0.0,0.0,0.0,0.0
PARN,0.0,0.0,0.0,0.0,0.0,0.0,0.0,0.0,0.0,0.0141756133062805,0.0,0.0,0.10595724607914,0.0,0.0,0.0078117063176371,0.0,0.0,0.0,0.0,0.0,0.0,0.0,0.0,0.0,0.0,0.0,0.0,0.0141762111553038,0.0,0.0,0.0,0.0,0.0,0.0,0.0,0.0039844812900806,0.024315798869895,0.0,0.0049030005290024,0.0,0.0,0.006148706864471,0.0,0.0,0.0,0.0,0.0,0.0,0.0,0.0115665032692547,0.0044479301374642,0.0,0.0,0.0,0.0,0.490839007398348,0.0,0.0,0.0,0.0,0.0,0.0,0.0,0.0132158400084016,0.0198833791883464,0.0,1.16517325476597,0.0,0.0284882318963094,0.0,0.0,0.0,0.0,0.0,0.0,0.0,0.0480572910861752,0.0,0.0,0.0,0.0,0.0526012712592641,0.0054596075602014,0.291102026444192,0.212786511042034,0.0,0.0,0.0,0.0,0.0,0.0,0.0,0.0,0.0,0.0,0.0,0.0,0.129560740034166,0.0,0.165698365368508,0.0,0.0,0.0045437834627382,0.0,0.0050201534939132,0.0,0.0,0.193951091194086,0.0,0.0,0.0,0.0,0.0,0.0,0.0784938148646864,0.0,1.08825501042538,0.208131467197883,0.0083304339864327,0.0,0.0068952485559018,0.0070432682226247,0.0,0.0358487967172953,0.153010720110476,0.0,0.0,0.0,0.0,0.0,0.0,0.0,0.0,0.0381191133401736,0.0,0.073234553723357,0.180949762284038,0.0601569635909074,0.0134376080686231,0.145844392334403,0.0,0.0,0.0,0.0,0.0,0.0,0.0,0.0,0.0,0.0,0.0131859884363333,0.0,0.0,0.0,0.0,0.0,0.0,0.0201513868712717,0.0,0.0,0.0,0.0971309421636596,0.0,0.0,0.0,0.0206839438481632,0.0,0.0,0.0,0.0970741132350153,0.222473594685622,0.285937431876868,0.312128140002313,0.0,0.0,0.0,0.0,0.0,0.0,0.0,0.0,0.0,0.0794700468048574,0.0286853595149876,0.0,0.0,0.0039553699144855,0.0,0.0,0.0,0.110760937048221,0.0,0.0119557228330418,0.298702382132199,0.0,0.0,0.0,0.0,0.0,0.0,0.0,0.003697491702098,0.0,0.0,0.0,0.0,0.0,0.084698835058017,0.0,0.0,0.0,0.0,0.0,0.0,0.0,0.0,0.0,0.0068274639573878,0.0,0.0,0.0340098166309308,0.0,0.0,0.0362930362144891,0.0,0.0,0.0,0.0,0.0,0.0,0.0,0.0,0.0,0.0,0.0,0.0,0.0090760162286574,0.0036759382889236,0.0,0.0,0.0,0.0,0.0,0.0,0.0036142822022471,0.0156429171145478,0.0035438305927184,0.0,0.0075387265094103,0.0,0.0,0.0,0.0,0.0,0.0,0.0,0.0,0.0,0.0051273883021837,0.0,0.0,0.0,0.0,0.0,0.349732267454021,0.0,0.0,0.0041775857421112,0.0,0.011996849548185,0.0,0.0,0.0164069006671595,0.0038790777026328,0.0,0.618723395635678,0.0,0.0072258395158997,0.0,0.0,0.0,0.0,0.0041854880247632,0.0,0.0,0.0174750534579537,0.0,0.0,0.0,0.0,0.0443815648322644,0.0042479100651387,0.095025122654767,0.10626188137225,0.0,0.0,0.0039190369519924,0.0,0.0,0.0,0.0,0.0,0.0,0.0,0.0,0.0,0.162213755198467,0.0,0.0587836179881622,0.0,0.0,0.0222428072902931,0.0,0.0,0.0,0.0,0.0553028635658583,0.0,0.0,0.0,0.0,0.0,0.0,0.0685062909872095,0.0,0.298701249075684,0.0771682850477924,0.0,0.0,0.0091958366087028,0.0,0.0094376651271989,0.0202002932038978,0.0665713348101436,0.0,0.0,0.0,0.0,0.0213629751855355,0.0037576612233055,0.0,0.0,0.0216946193127692,0.0,0.0194474468189909,0.180243131164903,0.0703192480717961,0.005716752349718,0.0373665047952534,0.0,0.0,0.0,0.0,0.0,0.0,0.0,0.0,0.0,0.0,0.0290032740969453,0.0,0.0,0.0,0.0,0.0,0.0,0.0754913707058616,0.0,0.0,0.0,0.0362972699795927,0.0,0.0,0.0038078217333212,0.018524479319205,0.0,0.0,0.0071837581038978,0.0209250909555665,0.0471022167130666,0.0579254478059384,0.0599880178195112,0.0,0.0,0.0,0.0,0.0,0.0,0.0,0.0,0.0,0.0519966428189858,0.003651170726785,0.0,0.0,0.0222404464256842,0.0,0.0,0.0,0.0741015784888179,0.0071977786302419,0.0,0.103712795376466,0.0,0.0,0.0,0.0,0.0,0.0,0.0,0.0084547429413769,0.0,0.0064632320702126,0.0210080621852345,0.0040056245655672,0.0044609798018733,0.0555622922892991
PB,0.0102522476916847,0.0,0.0,0.014035281123425,0.0,0.0235129400590568,0.0045031767674568,0.0084043160404135,0.0,0.0,0.0,0.0,0.182853458712771,0.0,0.0,0.0398449321407727,0.0059060071101494,0.0,0.0,0.0,0.0,0.0,0.010664322036265,0.0487736134630306,0.0,0.0,0.0,0.0630707255916169,0.0545972490717518,0.0070877047495528,0.0,0.0072852787357657,0.0210513045072682,0.0,0.0,0.0304061871264653,0.0624935100404123,0.076630636600989,0.12707953642599,0.261122298981906,0.0,0.0456406948398047,0.0042290314306752,0.0,0.0274162717013905,0.0,0.0,0.0,0.0,0.0,0.0611556509082054,0.0162642403645948,0.0,0.0090264500141057,0.0206892046371607,0.0184230995402113,0.121398655253529,0.0141573668259095,0.0,0.0210968861652179,0.0180238637851763,0.0302107935516112,0.0,0.0219051967261003,0.0,0.0214657692669621,0.0178870723371262,0.177046452684196,0.0,0.0418786222948495,0.0,0.0,0.0,0.0098022389599467,0.181425499779432,0.0109303961333458,0.0319688626007297,0.0109770372153997,0.0,0.0172241194548858,0.0065553197664804,0.0071974227458779,0.0184491520385272,0.0554411228802829,0.0289913201163215,0.0318755857998175,0.0138602055029408,0.0,0.0071781422627956,0.0,0.0,0.0070298703985404,0.0,0.0038903938677227,0.0,0.0057035233031671,0.0291550043250367,0.0,0.599334941028913,0.0086267799558778,0.183640607215681,0.0284428184570145,0.0179296358144309,0.0290596197458206,0.0,0.011369902506191,0.0,0.0177388318941474,0.0305004959818847,0.0,0.0,0.0,0.0043781620829419,0.0,0.0,0.551770307203508,0.0,0.15516045225707,0.675453424461234,0.0640783821722005,0.0,0.0544090406781977,0.0299769839599065,0.0100659771350736,0.0189118571832511,0.0275051951742416,0.0589887849754352,0.0050210825237706,0.0,0.004079136631599,0.0130526185651936,0.0100742700415481,0.0,0.0,0.264988559137458,0.0,0.106039924702034,0.193241283389089,0.233126651865729,0.0134097275103405,0.19849013866138,0.0036546249324827,0.0,0.0146306918362036,0.0385896257877848,0.0,0.0,0.0146415117186294,0.0166970455630791,0.0190642502108599,0.0089504316502119,0.0504151523698647,0.0224618207797294,0.0,0.0,0.0,0.0075891223937719,0.0043873121802088,0.191565325281883,0.004944193562971,0.0,0.102998062944565,0.0634518734019812,0.0076317068349821,0.0101868924344278,0.0285110627175927,0.0564538025108805,0.0240125439608983,0.006079845773354,0.0150808526060224,0.0736968454519262,0.0318829707183655,0.0457522585019276,0.0499140368376787,0.0,0.0,0.0034529624419224,0.0,0.0,0.0,0.0042519138567669,0.0074387864327091,0.0099008352930053,0.12508661778269,0.0390913096465415,0.0,0.0,0.0164548650632748,0.0,0.0038483430835237,0.0259925918702683,0.0681406728643575,0.0063499088015787,0.228745082628992,0.0517160910788425,0.0034851686652986,0.0,0.0,0.0,0.0,0.0,0.0,0.0347672702711451,0.0290426753355387,0.0069334765406571,0.0049055415038998,0.0308773103938222,0.0415159857638881,0.0186905836615905,0.0,0.0,0.0,0.0,0.0,0.0045092948163527,0.0,0.0,0.0,0.0,0.0,0.0,0.0472162921059489,0.0,0.0,0.0153992002524488,0.0,0.0,0.0,0.0,0.0,0.0,0.0043938865492111,0.0052148990867405,0.0,0.0,0.0,0.0106133034096855,0.0241761870917637,0.0035588846790868,0.0,0.0059945277286133,0.0147946316751817,0.0,0.0,0.0081372507046605,0.0526403930405459,0.0160101344222636,0.0095297413756166,0.006450403840512,0.0098395265242147,0.0038361269403821,0.0,0.0,0.0102058258959606,0.0,0.0,0.0,0.0,0.0,0.0083332273947126,0.0078524903232333,0.0,0.0,0.0039946332133505,0.0,0.0560706016641895,0.0,0.0,0.0298212422200005,0.01566171911475,0.0503886376016999,0.0,0.0119359550345515,0.0,0.0,0.009664825047083,0.0594386126575537,0.0,0.019156662995465,0.0,0.0,0.0,0.0,0.0447840204937083,0.0147061281797425,0.0099098989254734,0.0052821928305575,0.0,0.0054957191990932,0.0,0.0,0.0200906326457583,0.02679326698161,0.0107357264000465,0.0072236729690877,0.0047738083251884,0.0,0.0040368899346632,0.0,0.0,0.0,0.0,0.0,0.0,0.0,0.0061042243767419,0.0,0.196452260181739,0.0037828821964277,0.144641881057806,0.0106154703582785,0.0084457619708735,0.0659712945370749,0.0,0.003745526029473,0.0,0.0072281180526695,0.0115427250192558,0.0,0.0,0.0,0.0,0.0,0.0,0.208193436869386,0.0,0.063644982526845,0.0556573194398866,0.020988108128096,0.0,0.0245810764316149,0.010486896283773,0.0042836293843144,0.0050809675190905,0.01478516759526,0.022611201488738,0.0,0.0,0.0,0.0275563005419339,0.0,0.0,0.0,0.0318222450920383,0.0,0.0267399783152629,0.12421512183711,0.116715722208554,0.0052740973473318,0.0240939752854281,0.0,0.0,0.0,0.016671055091289,0.0,0.0,0.0069810526808338,0.0102983962900924,0.0087401092279287,0.0055420959220349,0.0350221942840431,0.0073535726937284,0.0,0.0,0.0,0.0,0.0,0.0903792786387099,0.0,0.0,0.016011600714513,0.0170953464290299,0.0062979421963518,0.0,0.0085149871841398,0.0349448744533643,0.0076139498118124,0.0,0.0112303480244015,0.0672591370031089,0.0,0.0074396887850068,0.0157791528310109,0.0,0.0,0.0,0.0,0.0,0.0,0.0,0.0,0.0040004026788057,0.0259206977700629,0.0104694403421246,0.0,0.0,0.0220578840491203,0.0,0.0,0.0130517379579523,0.0209438809240624,0.0044448582611713,0.0167066184892854,0.0133188320483559,0.0,0.0,0.0,0.0,0.0,0.0,0.0,0.0168056292441573,0.0058995217666619,0.014169438779537,0.0916146432389596,0.0249508455916254,0.0312471910290688,0.0117710313304395
PCG,0.0078130515787663,0.0067292455442658,0.0137470721215375,0.0201768862368335,0.0,0.0666128535994632,0.0,0.0,0.0,0.0,0.007508214468046,0.0111764918674497,0.0,0.0,0.0158880535484167,0.008686978915245,0.0,0.0,0.0,0.0,0.0165650686000246,0.0,0.0034408140718318,0.0247815222386446,0.0,0.0,0.0063305768799385,0.0050659244768229,0.0063265181304472,0.028383271499231,0.0,0.0116637500926424,0.0155829699047169,0.0,0.0,0.0067966211988363,0.368422292669205,0.0,0.0249943873599993,0.0,0.0070761303939049,0.0308393458023118,0.0,0.0046414318422304,0.122796122975163,0.0,0.0125782550161769,0.0,0.0,0.0,0.0,0.0,0.0,0.0,0.0,0.0,0.0422632653322024,0.0,0.0,0.0,0.0,0.0,0.0043086755000547,0.0165416674622001,0.0057210774702663,0.0,0.114922739835614,0.0088483083166265,0.0,0.0,0.0066283702676892,0.0,0.0,0.045462475194884,0.588111317375492,0.0155773700024647,0.104280362325915,0.0,0.0045334029069844,0.0573520846645466,0.0,0.0190951768217034,0.0076546084423987,0.167142816055668,0.0,0.0,0.0049665961322263,0.0,0.0,0.0,0.0080590883696918,0.258565551811788,0.0,0.0,0.0083580273833573,0.0,0.0415021437198479,0.0,0.553406523453365,0.103760773907665,0.0128456426430521,0.378620789107458,0.284701205706367,0.0,0.0,0.0,0.0,0.0157817135957415,0.0,0.0,0.0,0.0,0.0066170998590644,0.0,0.0,0.67080164641365,0.0,0.004320990709427,0.053526483191273,0.832850015692401,0.0,0.0487673876718902,0.0,0.0054042456226921,0.0,0.0,0.18508229837962,0.0041020303393784,0.0036449112449267,0.0920631252741183,0.0,0.0,0.0,0.0,0.0904488541890965,0.0,0.0,0.171890330118709,0.500667743216717,0.009484757366911,0.0,0.0213200434563785,0.0,0.0079755044895868,0.0454839724343285,0.0,0.0,0.0,0.003844448391837,0.0390480711219084,0.011708907518501,0.0346180545290076,0.0107036628257189,0.0,0.0104932408150328,0.0153609634813919,0.0691568159503406,0.0059615311351334,0.0295241568452939,0.0,0.0112060886428487,0.069805120660074,0.0,0.0222578480082518,0.0114872576604044,0.0177988104797977,0.0,0.0352975878416245,0.0085080191010275,0.0053885096289227,0.0,0.0,0.0,0.0,0.0,0.0,0.0,0.0,0.0,0.0,0.0,0.0,0.128133534198445,0.0049204181780838,0.0,0.0,0.0,0.0223063213570292,0.0039250253488624,0.0184812212700378,0.0487250306027723,0.0,0.0045423080206987,0.0,0.0,0.0,0.0,0.0,0.0,0.0,0.0,0.0,0.0755119490839072,0.0223265161728558,0.0,0.0,0.0072314318490377,0.104987077530958,0.0,0.0,0.0,0.0,0.0078710183948742,0.0,0.0046029327327651,0.003464324018314,0.0,0.0,0.0,0.0,0.0,0.0,0.0,0.003705199549492,0.0,0.0,0.0,0.0,0.0,0.005487267526491,0.0,0.0,0.0,0.0035371287102173,0.0,0.0046786014261612,0.0,0.0,0.0053476015687062,0.0,0.0040501754308217,0.0124632926917546,0.0,0.0,0.0,0.35679728181327,0.0,0.0107110733794813,0.0,0.0069646410277975,0.0,0.0,0.0,0.017194251368322,0.0,0.0,0.0,0.0,0.0,0.0,0.0,0.0,0.0,0.0,0.0,0.0236739249285903,0.0,0.0,0.0,0.0,0.0,0.0,0.0083116302870735,0.0,0.0,0.0758043925304804,0.0053571727935916,0.0,0.0,0.0,0.0,0.0,0.0069301787558593,0.0920788120684611,0.0,0.0132079413956744,0.0,0.0047004630953175,0.0373557402651914,0.0,0.0,0.00355352209573,0.0795752101318939,0.0,0.0,0.0,0.0,0.0,0.0,0.0,0.0483828390919018,0.0,0.0037835310148683,0.004479250566425,0.0,0.0,0.0,0.218699140093079,0.045693861843728,0.0078883444505655,0.0584372967618235,0.124481813347043,0.0,0.0,0.0,0.0,0.0,0.0,0.0,0.0,0.0,0.0036747081810016,0.0,0.0,0.305767525485103,0.0,0.0,0.0117970934811487,0.345340830179808,0.0,0.0160197332695997,0.0,0.0,0.0,0.0,0.0697367312588503,0.0,0.0,0.031117954693855,0.0,0.0,0.0,0.0,0.0234281692294878,0.0,0.0,0.0865732479681961,0.138707104786422,0.0,0.0,0.0069608651847095,0.0,0.0,0.0219689094231107,0.0,0.0,0.0,0.0,0.0190927625153116,0.009150843711926,0.0047850836117173,0.0037540548094573,0.0,0.0,0.0,0.0079410265498498,0.0,0.0150674620430409,0.0,0.0048813907861741,0.0174463479283022,0.0,0.0117634478088308,0.0,0.0,0.0,0.0067185645288298,0.0,0.0,0.0,0.0,0.0,0.0,0.0,0.0,0.0,0.0,0.0,0.0,0.0,0.0,0.0374660454328361,0.0,0.0,0.0,0.0,0.0242270273651027,0.0,0.0,0.0042408615329938,0.0,0.0,0.0,0.0,0.0,0.0,0.0,0.0,0.0,0.0,0.0,0.0104161332467074,0.0,0.0,0.0,0.0,0.0297616718027899,0.0
PERI,0.0142703955675115,0.0285003187892047,0.0129934509677945,0.232587984183534,0.0,0.0,0.135168418465075,0.194430909270976,0.0802659634271221,0.0,0.0,0.0,0.0,0.0,0.0337737860986082,0.0181829905312691,0.0,0.29398743076637,1.23878007416762,1.01582987967589,0.0,0.232253193505409,0.0349623243472474,0.0314458807299863,0.0193907528494338,0.0,0.0,0.172470589338297,0.0048454140305887,0.0092477267359546,0.141898872493525,0.0,0.0,0.0089191291993177,0.0039223134362815,3.54176848823567,0.0,0.0054705797158764,0.0121771085242786,0.0,0.0193195340680958,0.0,0.0,0.0061191466556271,0.0,2.04787402541157,0.118567488984046,0.0421699489917666,0.0744934046460751,0.0130438366239284,0.0,0.0,0.0126032474722143,0.0729014253630037,0.0930837775687868,0.0,0.0,0.0965554420699266,0.0069048804594627,0.0177620094362801,0.115970778406712,0.17113994089041,0.0073828451870836,0.0,0.0,0.0,0.0038244792813682,0.0,0.279778094346873,0.0,0.0276708301306676,0.0367774273215702,0.0169801649861427,0.0,0.0170223831409987,0.207646187476436,0.0,0.0,0.0,0.0039349453034952,0.0,0.0,0.0,0.0076963375725011,0.0,0.0,0.0251120493145575,0.127138266791467,0.0748530416168801,0.178797070828239,0.0,0.0,0.0070458233919814,0.113219190858678,0.158362724383888,0.0,0.0,0.0,0.0572277377507924,0.0,0.0,0.0146710899349552,0.0,0.0,0.003870270344736,0.0,0.0086086271050993,0.0,0.0,0.0987982090210909,0.0168728388940247,0.0347983244980618,0.105500378328059,0.0,0.0073074128989044,0.0681137934286604,0.005092115762356,0.0,0.0070471296693439,0.0,0.0901054417890834,0.0084858239725772,0.0,0.0109753873934701,0.0,0.0,0.0107070445025384,0.0909472031983845,0.0268823894512414,0.0,0.0770097871559875,0.0319780885458892,0.0113998881283259,0.0131911369460581,0.0056045586175041,0.0,0.0,0.0,0.0035870403255021,0.0,0.0,0.0,0.11652392785417,0.0,0.0055026221747835,0.0,0.0,0.0,0.0,0.006240977999937,0.0,0.0,0.0,0.117993598169434,0.115652497806105,0.0109967754454763,0.0793817507094314,0.0,0.123212936857025,0.0625027402961676,0.0,0.0685672524488272,0.0,0.0043429847735496,0.0,0.04349189335804,0.0,0.0066986072310343,0.0,0.0071679098794799,0.0,0.0,0.0,0.0,0.171621998218706,0.0214588273453454,0.0783685738572904,0.0588603140655198,0.024442600298498,0.0494900291983634,0.827717411138709,0.0,0.0,0.0,0.0,2.25191391022545,0.0052840189634066,0.006444899363857,0.0,0.018204334203863,0.0,0.0,0.0,0.0,0.0,0.747978084562295,0.110183903823827,0.0472634805885046,0.187711685888174,0.6576735341272,0.071748866454192,0.0918114028033863,0.0078513142782205,0.0,0.0378944525668196,0.0350982714730335,0.0109696154095037,0.0,0.0,0.0,0.0,0.0,0.112894183981416,0.0,0.0,0.0208087725478928,0.030999099694495,0.005073771540727,0.0,0.0,0.0,0.0,0.0,0.0053638358763065,0.0,0.0,0.0354774093502115,0.158856395970707,0.177559628818709,0.0,0.0289366202874188,0.0,0.0342820941770587,0.0,0.0,0.0,0.0064819264592297,0.0,0.0,0.0107888933454664,0.0,0.0,0.0,0.0,0.975221652699819,0.0,0.0,0.0,0.0,0.0258549058246275,0.0,0.0,0.0,0.0,0.0766347490062656,0.0128456186354765,0.0,0.0657035204997369,0.0099155135914216,0.0,0.0,0.0,0.0175953799411556,0.0,0.0,0.0,0.0180918985689261,0.0046381886437157,0.0,0.017527447440752,0.0,0.0,0.0,0.0,0.0,0.0,0.0,0.0070557345400972,0.0,0.0,0.0,0.0,0.0,0.0,0.0,0.0,0.0,0.0,0.0,0.0,0.0,0.0,0.0042183639086802,0.0,0.0,0.0101795703510903,0.0,0.0,0.0,0.0,0.0,0.0042066189518798,0.0222927014117913,0.0209957788922645,0.0,0.0,0.0,0.0,0.0,0.0,0.0163299198554223,0.0,0.0,0.0,0.0,0.0,0.0,0.0,0.0,0.0,0.0,0.0613702011897239,0.0,0.0,0.0099845521548431,0.0,0.0,0.0,0.0,0.0044838588023224,0.0,0.0,0.0,0.0,0.0,0.0,0.0165780689668724,0.0,0.0,0.0,0.0,0.0,0.0,0.0,0.0,0.0,0.0,0.0,0.0,0.0,0.0,0.0079398455663003,0.0,0.0036585798691029,0.0,0.0,0.0,0.0,0.0055882071942613,0.0,0.0,0.0,0.0043246442058105,0.0051291233279238,0.0,0.0,0.0,0.0073496560751779,0.0,0.0,0.0111169063134684,0.0,0.0,0.0,0.0,0.0,0.0,0.0,0.0,0.0,0.0,0.0,0.0,0.111555109597556,0.0,0.0195387463904207,0.0354383335328337,0.0,0.016911131726804,0.366678526759985,0.0,0.0,0.0,0.0,0.283413668689666,0.0,0.0,0.0,0.0061404348780533,0.0,0.0,0.0,0.0,0.0,0.132005303038194,0.0077250698612723,0.0,0.0246142430267541,0.0684550881382386,0.0084700523638448,0.0053370002114515,0.0,0.0,0.0,0.0,0.0046437396065334,0.0,0.0
PF,0.0,0.0291677139496863,0.0077655061717075,0.0324348655058037,0.0,0.0,0.206048621032533,0.0095509898465449,0.0138075712447251,0.0,0.0,0.0,0.0,0.0,0.0,0.0275864140281961,0.0,0.0051112108954274,0.0,0.0061475415159654,0.0,0.0044323155654528,0.0035355581414398,0.0,0.0132791645357639,0.0,0.0107392577219142,0.0185583237806658,0.0,0.0341787589427394,0.0050887283270564,0.0083793355239524,0.0116663369557881,0.0,0.0047273336216974,5.25841958062514,0.0497083847861453,0.0,0.0,0.0,0.0536007968130685,0.0,0.0,0.0,0.0,0.0089140961277306,0.0061747221608717,0.0,0.0,0.0,0.0,0.0,0.039506668637829,0.0149577943513142,0.253343742136815,0.0223078825026699,0.0,0.0589222671837283,0.0,0.0,0.0,0.0,0.0,0.0135743319160622,0.0,0.0,0.0056438561273727,0.0,0.0,0.0,0.0161921939953335,0.0,0.0,0.0753665158348642,0.0059878269037625,0.0716567505974054,0.0,0.0,0.0,0.0,0.0,0.0,0.0,0.353155156180767,0.0,0.0,0.0,0.0,0.0,0.0,0.0069298653765445,0.0,0.0188837861001411,0.506410192134327,0.332051706764919,0.0,0.0,0.0,0.116263937739846,0.0,0.0,0.0060719141415852,0.0,0.0,0.0,0.0,0.0,0.0036409081033482,0.0,0.0538069713187092,0.0071647351469186,0.0089452367336268,0.0314996732959044,0.0,0.0,0.0305009729259114,0.0,0.0,0.0,0.0,0.0,0.740833146523898,0.0,0.0,0.0,0.0,0.0055823605094409,0.0226851829332408,0.0225224699953373,0.0,0.436204658143914,0.0047932551477534,0.0046082791653253,0.0,0.0,0.0,0.0038296731038734,0.0,0.026639165435615,0.0,0.0,0.0,0.0387909359785455,0.0,0.0139333951898406,0.0,0.0,0.0,0.0,0.0,0.0,0.016096371161651,0.0,0.0175081852305333,0.174569807956106,0.0685242209890777,0.194623555392326,0.0,0.0151416619589222,0.0,0.0,0.0283531387247076,0.0,0.0083036303939425,0.0,0.0104282762187437,0.0,0.0070825663241069,0.0,0.0174126379275354,0.0,0.0,0.0,0.0,0.0948388596847981,0.0468093045973233,0.242443067059457,0.0879603438017096,0.0581170025879939,0.348598485141998,0.521588636310195,0.0,0.0036532710693572,0.0,0.0,0.0247514339953506,0.0,0.005850779700531,0.0,0.0,0.0084063272823991,0.0,0.154962382346665,0.0,0.0,0.089956694997562,0.0049192622361603,0.0128578105886751,0.0,0.0102970477534196,0.0,0.0060365835744152,0.131342191564446,0.0,0.0874176303054205,0.218691684869006,0.105161735077775,0.0140185833221119,0.0,0.0,0.0,0.0079876012590745,0.0071958709771097,0.0,0.0,0.0096312401250236,0.0,0.0,0.0,0.0,0.0,0.0,0.0,0.0,0.0,0.0,0.0,0.0,0.0,0.0,0.0,0.0,0.0,0.0,0.0,0.0072442757804262,0.0,0.0,0.0,0.0,0.0,0.0,0.0051741545479066,0.0056319477196271,0.038412369423033,0.0176745197295584,0.0,0.0,0.0,0.0517188089881904,0.0,0.0,0.0,0.0,0.0034685298218106,0.0,0.0,0.0,0.0,0.0,0.0,0.0,0.0,0.0,0.0,0.0,0.0047160426888946,0.0,0.0,0.0,0.0,0.0,0.0,0.0,0.0,0.0,0.0,0.0,0.0,0.0,0.0,0.0,0.0,0.0,0.0,0.0,0.0,0.0,0.0,0.0,0.0,0.0,0.0035863326245021,0.0,0.0,0.006635413973146,0.0,0.0,0.0,0.0,0.0,0.0164659696640831,0.0055477456729215,0.007522134023163,0.0,0.0,0.0,0.0,0.0,0.0,0.0089822694693228,0.0,0.0,0.0,0.0,0.0,0.0,0.0,0.0,0.0,0.0,0.0181272714493362,0.0,0.0061808264153002,0.0046972940917136,0.0,0.0,0.0,0.0,0.0,0.0,0.0,0.0,0.0,0.0,0.0,0.011658648972201,0.0,0.0,0.0,0.0,0.0093319726424327,0.0,0.0,0.0,0.0,0.0,0.0,0.0,0.0,0.0,0.0,0.0,0.0,0.0,0.0,0.0,0.0,0.0,0.0,0.0,0.0,0.0,0.0059701166914639,0.0059895576142048,0.0,0.0,0.0,0.0,0.0,0.0,0.0,0.0,0.0,0.0,0.0,0.0,0.0,0.0,0.0,0.0,0.0,0.0,0.0,0.0,0.0046718356331813,0.0,0.0,0.0,0.0050254791851956,0.0,0.0,0.0,0.0,0.0,0.0,0.0,0.0,0.0099718458677726,0.0,0.0,0.0,0.0,0.0,0.0049058388802211,0.0,0.0,0.0,0.0,0.0,0.0,0.0,0.0,0.0,0.0,0.0,0.0,0.0
PFL,0.0,0.0,0.0,0.0,0.0,0.0,0.0,0.0,0.0,0.0,0.0,0.0,0.67636367378288,0.0,0.0,0.0,0.0,0.0,0.0,0.0,0.0,0.0,0.0,0.0,0.0,0.0,0.0,0.0,0.0,0.0,0.0,0.0,0.0,0.0,0.0,0.0,0.0,0.0137574143907144,0.0,0.0150984135323821,0.0,0.0,0.0536522992694435,0.0,0.0,0.0,0.0,0.0,0.0,0.0,0.183401921128365,0.0,0.0,0.0,0.0,0.0,0.0,0.0,0.0,0.0,0.0,0.0,0.0,0.0,0.0,0.0752362126735514,0.0,0.0,0.0,0.0,0.0,0.0,0.0,0.0,0.0,0.0,0.0,0.0,0.0,0.0,0.0,0.0,0.0,0.0,0.0,0.0,0.0,0.0,0.0,0.0,0.0,0.0,0.0,0.0,0.0,0.0,0.0,0.0,0.0076857768778394,0.0,0.0,0.0,0.0,0.0,0.0,0.0081922790428499,0.0,0.0,0.0,0.0,0.0,0.0,0.0036862393399209,0.0,0.0,0.0,0.0,0.0090869774116581,0.0090409009315527,0.0,0.0,0.0,3.2616186632201,0.0345943546269416,0.0,0.0,0.0,0.0,0.0,0.0,0.0,0.0,0.0,0.0,0.0061966907839236,0.0,0.0797427412496476,0.0,0.0,0.0,0.0,0.0,0.0,0.0,0.0,0.0,0.0,0.0,0.0,0.0,0.0,0.0,0.0,0.0,0.0,0.0,0.0,0.0,0.0,0.0,0.0,0.0,0.19952875713999,0.0,0.0,0.0,0.0,0.0,0.0,0.0,0.0,0.0,0.0,0.0,0.0,0.0,0.0,0.0,0.0,0.0,0.0,0.0,0.0,0.0,0.0,0.0,0.0,0.0040579764111187,0.0,0.0,0.0,0.0,0.0,0.0,0.0,0.0,0.0,0.0,0.0,0.0,0.0,0.0,0.0,0.0,0.0,0.0,0.0,0.0,0.0,0.0,0.0,0.0,0.0,0.0,0.0,0.0,0.0,0.0,0.0,0.0,0.0,0.0049777126918676,0.0,0.0,0.0139280322920568,0.0,0.0,0.0,0.0,0.0,0.0,0.0,0.0,0.0,0.0,0.0,0.0,0.0,0.0039203696172004,0.0,0.0,0.0,0.0,0.0,0.0,0.0,0.0,0.0,0.0,0.0080871561795113,0.0,0.0,0.0,0.0,0.0,0.0,0.0,0.0,0.0,0.0,0.0,0.0,0.0,0.0,0.0,0.0053586039400101,0.0,0.0,0.0,0.0,0.0,0.0,0.0,0.0,0.0,0.0,0.0,0.0,0.0,0.0047807481058709,0.0,0.0,0.0,0.0,0.0057331493200307,0.0,0.0,0.0,0.0,0.0,0.0,0.0,0.0,0.0,0.0,0.0,0.0,0.0,0.0,0.0,0.0,0.0,0.0,0.0,0.0,0.0,0.0,0.0481507411107551,0.0,0.0,0.0042978951613547,0.0,0.0,0.0,0.0,0.0,0.0038295043772496,0.0,0.0,0.0,0.0,0.0,0.0,0.0,0.0185268169074708,0.0,0.0,0.0,0.0,0.0,0.0041346422676647,0.0,0.0825005752673327,0.0,0.0,0.0,0.0,0.0,0.0,0.0,0.0,0.0,0.0,0.0,0.0,0.0,0.0062888828262601,0.0148491516399312,0.0,0.0,0.0,0.0,0.0,0.0,0.0,0.0,0.0,0.0,0.0,0.0,0.0128737796496054,0.0,0.0,0.0,0.0,0.0,0.0,0.0409146193923222,0.0,0.0,0.0,0.0,0.0,0.0,0.0,0.0,0.0,0.0,0.0,0.0,0.0,0.0,0.0,0.0,0.0,0.0,0.0,0.0,0.0,0.0,0.0,0.0,0.0,0.0,0.0,0.0,0.0173792100178655,0.0,0.0,0.0,0.0,0.019027329727191,0.0,0.0,0.0,0.0,0.0,0.0,0.0,0.0,0.0,0.0121260105529254,0.0,0.0,0.0,0.0,0.0,0.0
PG,0.0,0.0,0.0,0.0,0.0,0.0,0.0,0.0,0.0,0.0,0.0,0.0,1.76570119683705,0.0,0.0,0.0145661590102957,0.0,0.0,0.0,0.0,0.0,0.0,0.0,0.0072632828000751,0.0064952046053971,0.0,0.0093014552604679,0.0,0.112516352849976,0.0040389232566888,0.0,0.0,0.0098145406212133,0.0,0.0,0.0096683979002024,0.111662410480215,0.266879318651209,0.0077485033052975,0.0044010143902956,0.0053344360142281,0.007709914270719,0.0929342136779865,0.0,0.0180938820028082,0.0,0.0,0.0,0.0,0.0,0.0339691323680894,0.0270997477825716,0.0,0.0,0.0,0.0,0.0388869013713158,0.0,0.0,0.0,0.0,0.0,0.0,0.0049541861790477,0.0,0.113796282142345,0.0213682569170261,0.0077502659979188,0.0,0.0,0.0,0.0,0.0,0.0080559985448044,0.0608611516001498,0.0,0.0151222868217283,0.0,0.0,0.0066166952830838,0.0,0.0,0.0277608531831841,0.0255634601877541,0.0039141883546413,0.0,0.0,0.0,0.0,0.0,0.0,0.0,0.0,0.0106283410829999,0.0080038217500528,0.0,0.0088754009427379,0.0,0.211960131295009,0.0048752250639457,0.0,0.0131762858366622,0.0082380272205683,0.0164228926159898,0.0,0.0066838708688248,0.0,0.0116538609681532,0.0,0.0,0.0,0.0,0.0,0.0,0.0,0.266902439557374,0.0,0.0041361051321383,0.0210060242014347,0.0286396630665623,0.0,0.0145013884605678,0.209733020580405,0.891359736642945,0.0,0.0,0.0287944131144307,0.0,0.0,0.0,0.0,0.0,0.0,0.0,0.0394213454663034,0.0,0.403955459320433,0.260511309107409,0.293782483571354,0.0,0.023621872753171,0.0,0.0,0.0,0.0119498725514128,0.0,0.0,0.0750024931650236,0.0,0.0,0.0,0.051422845527526,0.0139629811809992,0.0,0.0,0.0,0.0,0.0,0.0717253348118674,0.0147634778150236,0.0051381259796738,0.0136240330114209,0.766559783225504,0.0,0.0,0.0,0.0107974537905012,0.0074703285529596,0.0,0.0,0.0,0.0,0.0,0.0,0.0049576233212681,0.0,0.0,0.0,0.0,0.0043814683879856,0.0,0.0,0.006332446161112,0.0,0.0,0.0,0.0,0.664810944751201,0.0,0.0,0.0045732582772413,0.0,0.0,0.0124070124175559,0.0,0.0,0.0,0.0,0.0,0.0,0.0,0.0,0.0077987933756422,0.0,0.0,0.0,0.0,0.0187195206400087,0.0,0.0,0.0,0.0,0.0,0.0,0.0,0.0,0.0,0.0,0.0,0.0,0.0,2.86607617254253,0.0,0.0,0.004218358572581,0.0,0.0,0.0,0.0,0.0,0.0,0.0,0.0041093383580261,0.0037461100320383,0.0,0.0037582484047222,0.0,0.181974941740554,0.0035525836857098,0.0,0.0,0.0058765746862776,0.0,0.0,0.0,0.0343478129593151,0.779586142659998,0.0034870117156559,0.0127675894977032,0.0053874157952488,0.0,0.0825302855972452,0.0,0.0051449640342774,0.0,0.0,0.0,0.0,0.0,0.192986817269323,0.0246776050753648,0.0,0.0,0.0,0.0,0.0418908966418581,0.0,0.0,0.0,0.0,0.0,0.0,0.0,0.0,0.107805175641019,0.008773540359361,0.0071586609330608,0.0,0.0,0.0,0.0,0.0,0.0,0.0355637230971126,0.0,0.009654206584696,0.0,0.0,0.0067522019510779,0.0,0.0,0.014253951127943,0.0115073215178386,0.0,0.0,0.0,0.0,0.0,0.0,0.0,0.0,0.0,0.0,0.0,0.0,0.0055660419084582,0.0,0.121840835752856,0.0,0.0,0.0107038683876656,0.0070111839883054,0.0111898991188631,0.0,0.0069452914616672,0.0,0.0098395240386138,0.0,0.0,0.0,0.0,0.0,0.0,0.0,0.153514138208796,0.0,0.0,0.0219292743542617,0.023063657135612,0.0,0.0091007038086227,1.1924869411027,0.95927347948413,0.0,0.0034498795492754,0.0174428975219788,0.0,0.0,0.0,0.0,0.0,0.0,0.0,0.0185699919093103,0.0,1.18889775448732,0.100380390909683,0.103898083699351,0.0,0.0709935683751923,0.0,0.0,0.0,0.0058611049534169,0.0,0.0,0.25650029200795,0.0,0.0,0.0,0.0267659402660964,0.004583449340275,0.0,0.0,0.0,0.0,0.0,0.0486189514662206,0.0,0.0,0.0100848959438185,1.16352899022807,0.0,0.0036136417560353,0.003954441386534,0.0,0.0,0.0,0.0,0.0,0.0,0.0,0.0,0.0,0.0,0.0,0.0,0.0,0.0,0.0,0.0,0.0,0.0,0.0,0.0,0.0,0.032420082111425,0.0,0.0,0.0,0.0,0.0,0.024505426444918,0.0051684458077785,0.0,0.0,0.0,0.0,0.0,0.0,0.0,0.0054580428616572,0.0,0.0,0.0,0.0,0.0131743470459404,0.0
PGRNd,0.0,0.0,0.0,0.0,0.0,0.0,0.0,0.0,0.0,0.0,0.0,0.0,0.0617124663165101,0.0,0.0,0.0376459065046682,0.0,0.0,0.0,0.0,0.0,0.0,0.0,0.0,0.0,0.0,0.0,0.0,0.0635629236108432,0.0,0.0,0.0,0.0,0.0,0.0,0.0038400868206195,0.0125854368005355,0.0600425555580334,0.0,0.0075061357307875,0.0,0.0,0.0053446795617339,0.0,0.0035393526707245,0.0,0.0,0.0,0.0,0.0,0.0383345409651419,0.0199828817862902,0.0,0.0,0.0,0.0,0.544477116464471,0.0,0.0,0.0,0.0,0.0,0.0,0.0,0.0177876117828811,0.0187847973654189,0.0,0.530925250096253,0.0,0.0608523555443093,0.0,0.0,0.0,0.0,0.0074687476028212,0.0,0.0,0.0242843349727371,0.0,0.0,0.0,0.0,0.0427688652088708,0.0071880263875009,0.0747747393677119,0.118176289406529,0.0,0.0,0.0,0.0,0.0,0.0,0.0,0.0,0.0,0.0,0.0,0.0,0.10153217581829,0.0,0.944378978307197,0.0,0.0162191975295832,0.0,0.0,0.0544485211277655,0.0,0.0,0.141658980948718,0.0,0.0,0.0,0.0,0.0,0.0,0.0615265957858896,0.0,0.265287942329127,0.0836161963077548,0.0483898607184755,0.0,0.008689590509313,0.033149025563562,0.0,0.120892554356218,0.054543430744609,0.0,0.0,0.0,0.0,0.0,0.0,0.0,0.0,0.0240457501915001,0.0,0.0094317377417795,0.175308343760308,0.105056938132888,0.250051396223721,0.0169922027634813,0.0,0.0,0.0,0.0,0.0,0.0,0.016972296894,0.0,0.0,0.0,0.0128443487789962,0.0,0.0,0.0,0.0,0.0,0.0,0.0197676368595117,0.0,0.0,0.0,0.0305866973462809,0.0,0.0,0.0,0.0048137588544476,0.0,0.0,0.0,0.252225885265083,0.0437653401157455,0.0840308334897407,0.0648143956170729,0.0,0.0,0.0,0.0,0.0,0.0,0.0,0.0,0.0,0.0280229692262773,0.0481091313935128,0.0,0.0,0.0107534415104418,0.0,0.0,0.0,0.026219181175489,0.0,0.0035447030162257,0.0805780107892855,0.0,0.0,0.0,0.0,0.0,0.0,0.0,0.0,0.0,0.0,0.0,0.0,0.0,0.0591751161603667,0.0,0.0,0.0,0.0,0.0,0.0,0.0,0.0,0.0,0.0,0.0,0.0,0.0463103559203578,0.0,0.0,0.0420788618805403,0.0,0.0,0.0,0.0,0.0,0.0,0.0,0.0,0.0,0.0,0.0,0.0,0.0515000091260312,0.006141848768042,0.0,0.0,0.0,0.0,0.0,0.0043989207671702,0.0065633918793529,0.0525353197415671,0.0,0.0086508458727123,0.0045402137510109,0.0,0.0046977039341525,0.0,0.0,0.0,0.0,0.0,0.0,0.0,0.034438867615632,0.019051126301573,0.0,0.0,0.0,0.0,0.401061670515612,0.0,0.0,0.0,0.0,0.0,0.0,0.0,0.02339705227011,0.0184672519852504,0.0,0.372683913668762,0.0,0.0659959208860331,0.0061630208818145,0.0,0.0,0.0,0.0,0.0080722026474344,0.0,0.0225121261775929,0.0,0.0,0.0,0.0,0.02468441353914,0.0046192525823039,0.0531675447821756,0.0886383124344471,0.0,0.0,0.0,0.0,0.0,0.0,0.0,0.0,0.0,0.0,0.0,0.0,0.190217249699427,0.0,0.847643676718634,0.0,0.0110555873804309,0.0,0.0,0.0400917911258588,0.0,0.004524573881007,0.0868740760292148,0.0,0.0,0.0,0.0,0.0,0.0,0.129008762752965,0.0,0.202447421253065,0.057132570815364,0.0253107027061802,0.0,0.0144230593978075,0.0341495907218194,0.0035535583775046,0.13226385674003,0.0292095263763354,0.005018654272388,0.0,0.0,0.0,0.0,0.0038709935578476,0.0,0.0,0.0276510585097168,0.0,0.0055182426298123,0.167579295800141,0.0789744865625711,0.220770838210934,0.019109129308433,0.0,0.0,0.0,0.0,0.0,0.0,0.0190916764023774,0.0,0.0,0.0,0.0291545762687935,0.0,0.0,0.0,0.0,0.0045200259422058,0.0,0.0539733328232513,0.0,0.0,0.0,0.0131237820242449,0.0,0.0,0.0,0.0042747073840895,0.0,0.0,0.0,0.207095004196125,0.0304632104696555,0.0586613437358528,0.051170863109684,0.0,0.0,0.0036198968668695,0.0,0.0,0.0,0.0,0.0,0.0,0.0211838343992659,0.0628333033571708,0.0,0.0,0.0074559525405103,0.0,0.0,0.0,0.03297897771689,0.0082419277732368,0.0072394349639664,0.04647811836666,0.0,0.0,0.0,0.0,0.0,0.0,0.0,0.0141961521340495,0.0,0.0090780161574613,0.0,0.0,0.0,0.0412872918149274
PGRNl,0.0,0.0,0.0,0.0051594672877079,0.0,0.0,0.0,0.0,0.0,0.0205186788239326,0.0,0.0,0.0539445665655601,0.0,0.0,0.0356930738742531,0.0047013833812943,0.0,0.0,0.0,0.0,0.0,0.0,0.0,0.0051547321356594,0.0,0.0,0.0,0.0409560438225952,0.0,0.0,0.0,0.0034825573042127,0.0,0.0040815742625721,0.0,0.0084466123163088,0.0624109750032336,0.0133675721943206,0.0045513949280251,0.0087818471298254,0.0084778948692958,0.0,0.0,0.0081519819310671,0.0,0.0035718965947857,0.0068320882339581,0.0,0.0,0.0168241301323231,0.0,0.0,0.0,0.0,0.0,0.969629809785411,0.0,0.0,0.0,0.0,0.0,0.0,0.0,0.0423021818423742,0.0072993697789508,0.0,0.837071696432431,0.0,0.0050140380466483,0.0,0.0,0.0,0.0,0.0256974799554735,0.0,0.0038552906823763,0.176315877271386,0.0,0.004982344414576,0.0,0.0,0.28441925535423,0.0082738680292747,0.217956692183507,0.227089197496983,0.0,0.0,0.0,0.0,0.0,0.0,0.0,0.0,0.0,0.0,0.0,0.0,0.223322117758844,0.0,0.054919357320905,0.010185086585329,0.0,0.0083781540600928,0.0,0.0037078063994169,0.0,0.0085317441726189,0.080822450135205,0.0,0.0,0.0,0.0070201768060149,0.0,0.0,0.202321127892849,0.0,0.33339723078622,0.100558843744108,0.0175714146011187,0.0,0.0090393771650638,0.0101557940921095,0.0090307924628225,0.0327775447863302,0.57721320338768,0.0145631306811852,0.00652715118527,0.0,0.0,0.0,0.0,0.0,0.0,0.0657375499619414,0.0,0.0130983132371906,0.360725543117803,0.164457986027764,0.0155995367830575,0.0280608007256175,0.0,0.0,0.0039961853327404,0.0047352721226048,0.0,0.0,0.0057278377201729,0.0,0.0,0.0,0.050595353845021,0.004964807952292,0.0,0.0,0.0052296715253364,0.0,0.0,0.075536100269143,0.0057759225829548,0.0,0.0097526097539215,0.0365778758309568,0.0,0.0,0.0,0.0352443124820343,0.0034700335547661,0.0,0.0,0.0384959951874975,0.106881527443026,0.0846695640299198,0.0657892646105558,0.0,0.0,0.0044437120639999,0.0,0.0,0.0,0.0060601382359665,0.0,0.0,0.0475446792147956,0.0,0.0,0.0,0.0207577308689516,0.0,0.0,0.0118506070922687,0.0246447361372144,0.0,0.0110339839093274,0.313488961705569,0.0,0.0,0.0,0.0,0.0,0.0,0.0,0.0077495744822539,0.0,0.0,0.0,0.0,0.0048167484001325,0.0480346311862189,0.0,0.0,0.0,0.0,0.0,0.0060914660104384,0.0,0.0,0.0,0.0131826003038278,0.0,0.0,0.026300805565529,0.0,0.0,0.0440470306251273,0.0,0.0,0.0,0.0,0.0,0.0,0.0,0.0,0.0,0.0,0.0,0.0,0.0380698915232718,0.009040700203757,0.0,0.0,0.0,0.0,0.0,0.0040450410584365,0.0,0.0450171181018266,0.0190220032753611,0.0128162136841975,0.0261709320489308,0.0043141621811869,0.0,0.0,0.0,0.0,0.0,0.0037985526015984,0.0,0.0,0.0054101316497149,0.0,0.0,0.0,0.0,0.0,0.443521223405638,0.0,0.0,0.0,0.0038642429249397,0.015702063193696,0.0,0.0,0.0221655453901291,0.0,0.0,0.379653101722284,0.0,0.0057325772637352,0.0,0.0,0.0,0.0,0.0216277695741192,0.0092554887935698,0.0056388705352189,0.0419590532165924,0.0,0.0039407638844755,0.0,0.0,0.0975508497398524,0.0093435548314407,0.0977615022490021,0.103876337824784,0.0058209269198352,0.0,0.0056090813020932,0.0,0.0,0.0,0.0,0.0,0.0,0.0,0.0042752457777371,0.0,0.259888971146082,0.0,0.0567007782905398,0.010250233662876,0.0,0.0188065725742903,0.0,0.0,0.0,0.0127185746544787,0.0509762106943084,0.0,0.0,0.0,0.0063570970857116,0.0,0.0,0.227452227627238,0.0,0.176889055559477,0.0408174938212816,0.0072670914364296,0.0,0.0184396498121134,0.0070028884778716,0.0071617492190179,0.0321550128109117,0.125033432318384,0.0174105810526313,0.0,0.0,0.0,0.0069161530277307,0.0081958469166688,0.0087514588924382,0.0,0.049063166492321,0.0,0.0081063793772459,0.238436323559476,0.148617185321368,0.0094125475802693,0.0108940359412216,0.0,0.0,0.0,0.0,0.0,0.0,0.0049599226404006,0.0,0.0,0.0,0.0413171245507211,0.0047284310318585,0.0,0.0,0.0042778482419944,0.0038961147377188,0.0,0.212317907810768,0.0098887944865922,0.0,0.0075938965964368,0.0199403041496206,0.0,0.0,0.0046495891396656,0.0303017333209641,0.0044737562205359,0.0,0.0066131219594199,0.0230790753129606,0.0339299681128957,0.0412502551123182,0.0299012164438809,0.0,0.0,0.0,0.0,0.0,0.0,0.0,0.0,0.0,0.0207657737379976,0.0,0.0,0.0,0.0208435130594514,0.0,0.0046907616270412,0.0065721836127505,0.0129261676943671,0.0,0.0130933890847385,0.0961348710819181,0.0,0.0,0.0,0.0,0.0,0.0,0.0,0.0089091491787042,0.0,0.0051186829717323,0.0,0.003709215510131,0.0,0.0298714898589356
PH,0.0084957700231168,0.0050831099453071,0.0039748406462732,0.0253439509588213,0.0036669888044946,0.116711497479669,0.0113878210678878,0.0037734102166999,0.0,0.0,0.0789827729203266,0.0227766548477135,0.0,0.0,0.0070488428230636,0.0153150527349982,0.0192922854860577,0.0,0.0,0.0,0.0057978509182051,0.0150650316808373,0.0188359628877918,0.0908726519792695,0.0167306237374655,0.0,0.0207618784281049,0.0426200604552986,0.0,0.0048519512401792,0.0,0.0035597887439686,0.0145828888009379,0.0088591382017227,0.0128818704953984,0.0622343198800909,0.0147522356486002,0.0,0.0055871783705437,0.0,0.0477229295795476,0.078733145674445,0.0,0.0041908614272421,0.0083957946803628,0.0058590571500308,0.0210469597214477,0.0072756380622685,0.00365723089814,0.0,0.0,0.0,0.0,0.0039788309457388,0.0316195595863501,0.0095089164612808,0.0040228766313076,0.0089140549423856,0.0,0.0,0.0,0.0,0.0042044408940242,0.0071095523682845,0.0,0.0,0.004196747839278,0.0,0.0,0.0,0.0,0.0,0.0,0.0173672323733622,0.273756369488996,0.0087320628014314,0.0458322131688986,0.0,0.0058541277699197,0.102775203579544,0.043839163572087,0.0050593722864823,0.0,0.036808015658964,0.0,0.0,0.0532663304482094,0.0,0.0,0.0,0.0062918047061801,0.136243489775728,0.0228116501032223,0.0090015604632463,0.0171687520886249,0.0421565061282644,0.0645018033568791,0.0,0.175453708217444,0.0229069774190587,0.0,0.03871985627737,0.0,0.0,0.0,0.0,0.0,0.0193125164007259,0.0,0.0058522935480753,0.0041839982418913,0.0,0.0151065989954717,0.034797239728204,0.0098793915959655,0.364502601662225,0.0,0.0,0.0079221498074163,0.0164942367670617,0.0,0.0113006283321188,0.0,0.0,0.0,0.0,0.388908342264847,0.015080119960006,0.0080227868936765,0.116855152305489,0.0048504750473882,0.0,0.0,0.0,0.0106309175295687,0.0,0.0,0.0140864723327631,0.0410034220807582,0.0,0.0,0.0208557963783517,0.0,0.0210438991088543,0.028519488937076,0.0145402780889195,0.005173720724048,0.0,0.01404943505602,0.061435108284478,0.005189222125981,0.0310011279711712,0.0052508223882302,0.0,0.0,0.0046006977384915,0.027330564165456,0.0165468825991502,0.0778898574860404,0.0,0.0060097522499974,0.0769746086477879,0.0,0.0378609198381439,0.0059372215918905,0.0313481132805335,0.0,0.0227643647109681,0.0166764420864383,0.0083185711082651,0.0,0.0,0.0,0.0,0.0,0.0,0.0069597302405469,0.0,0.0,0.0,0.012568400960096,0.0087398497139995,0.145597202465241,0.0,0.0,0.0038735475197941,0.0082507607835895,0.0062356896149482,0.0038240756055034,0.011568214181334,0.0623651212491125,0.0,0.0103889033464437,0.0,0.0,0.0043398549190903,0.0,0.0,0.0,0.0054800743899819,0.0,0.0,0.125096368167602,0.0737602059585738,0.0125137299706039,0.0041559169200546,0.0209114341596693,0.0229274545857211,0.0,0.0,0.0,0.0,0.0,0.0,0.0134077930630741,0.0,0.0,0.0,0.0,0.0164205328908325,0.0,0.0,0.0,0.0,0.0,0.0063463566198529,0.0,0.0,0.0,0.0,0.0,0.0,0.012914141007204,0.0,0.0,0.0041848567947727,0.0,0.0,0.0,0.0,0.0,0.0051372786552637,0.0058560250945468,0.0157412542129867,0.0042694584100715,0.0,0.0,0.0,0.0,0.0331196983772348,0.0060563818155894,0.0,0.0,0.0,0.0,0.0048513155725227,0.006858265911294,0.0,0.0,0.0,0.0,0.0,0.0,0.0,0.0,0.0,0.0,0.0,0.0,0.0,0.0,0.0,0.0039874378932344,0.0,0.0,0.0,0.0,0.0,0.0,0.0,0.0,0.0,0.0035871285728363,0.0290653443615874,0.0,0.0042572745703171,0.0,0.0,0.0080210374476373,0.0091579385869418,0.0,0.0,0.0084008124008028,0.0,0.0,0.0065058574553043,0.0,0.0,0.0,0.0,0.0262982718226814,0.0089673481168892,0.0,0.0,0.0074519254696285,0.0095078946550952,0.0,0.0235854174346425,0.0048948795135667,0.0,0.0103452767035646,0.0,0.0,0.0,0.0,0.0,0.0048862055385008,0.0,0.0,0.0,0.0,0.0081681031908428,0.0,0.0061900695513182,0.0915469899776668,0.0042138839267401,0.0,0.0,0.0034561485280677,0.0,0.0,0.0036817834480615,0.0043252347073883,0.0,0.0,0.075093441482185,0.0040817961469549,0.0,0.0170783297888806,0.0,0.0,0.0064162215853885,0.0,0.0,0.0,0.0,0.0,0.0,0.0,0.0,0.0048786533362913,0.0,0.0037261628869182,0.0118736206823622,0.0034861488696085,0.0,0.0,0.0076607729847871,0.0343880680300917,0.0,0.0,0.0,0.0035209738977642,0.0052761404938436,0.0042163880558181,0.0,0.0,0.0129851871714128,0.0,0.0,0.0036822515124777,0.0,0.007061765633813,0.0,0.0099401548949476,0.0,0.0059876175168994,0.0,0.0,0.0,0.0,0.0,0.0,0.0,0.0,0.0,0.0,0.0,0.0,0.0,0.0,0.034148071394445,0.0,0.0,0.0,0.0046486526076134,0.0,0.0,0.005296494312732,0.0194251102414745,0.0,0.0,0.0,0.0,0.0,0.0,0.0,0.0,0.0043115682691531,0.0,0.0,0.0050886457332271,0.0082431421055258,0.0,0.0,0.0,0.0077356391682731,0.0
PIR,0.429660322675602,0.003657959605724,0.016139638125557,1.11552301145857,0.0,0.009899238723397,0.527715823728301,1.72553168922867,1.31145941698009,0.0,0.0,0.0,0.0,0.0910216079968436,2.73933405552981,0.0,0.0,0.0,0.0,0.0092492347612262,0.0,0.922564655069659,0.960291355273618,0.0983919329222725,0.194547577754115,0.0,0.0212081132608193,0.319437213154867,0.0,0.0,0.184593455819543,0.0,0.0,0.781095922190296,1.11568500156231,0.585934380743299,0.0,0.0,0.0,0.0,0.036810117586472,0.0,0.0,0.184789080684732,0.0,0.342293974782085,2.64451920463489,0.276692746956724,1.98637522758559,1.14822798186304,0.0,0.0,0.0053807762222944,0.276638751458562,0.0045496564464059,0.0,0.0,0.122114685026245,0.12744561365322,0.0,0.0,0.0,0.12315942718362,0.0,0.0,0.0,0.0,0.0,0.191569154513955,0.0,0.0,0.0,0.0,0.0089302910117506,0.08056642686045,0.0,0.0152609617539835,0.0,0.0,0.0425991675453318,0.0139778797911861,0.132719769549382,0.0,0.0513759506699613,0.0,0.0,0.59818317762281,0.0,0.0,0.0,0.0,0.0,2.24876050639433,0.0187911967656214,0.0109380573929447,0.0070993926287127,0.0092889020743569,0.0,0.0,0.0056209812296435,0.0,0.102371131960842,0.0,0.0,0.285257098056327,0.0,0.0,0.0,0.0,0.370948240947038,0.165396896445863,0.174981343617465,2.20629444579,0.206390280135459,1.12949722161042,0.0,0.0098232311953583,0.0,0.0,0.0,0.342179891917006,0.0,0.0,0.0,0.0,0.0,0.0,12.2224241382975,0.0242791848002074,0.0,0.0,0.0,0.0,0.0,0.0,0.0048166994982676,0.0,0.0,0.0,0.0,0.0,0.0046524915326682,0.0,0.0,0.0069381395404403,0.0,0.0,0.0,0.0,0.0,0.0,0.0,0.0,0.0,0.0,0.0,0.0047337095363647,0.0,0.0,0.0,0.0,0.740452029352501,0.0,0.0,0.0,0.0,0.0,0.0,0.0,0.0,0.0,0.0,0.0,0.0,0.0074615285807571,0.0,0.0070175782377585,0.0,0.0,0.0,0.0315840240381752,0.0,0.0,0.0,0.0,0.0758638473097875,0.805127169979582,0.0,0.0,0.677668337296665,0.0135696534765703,0.0,0.0,0.0,0.0,0.194286506493162,0.0,0.0,0.0,0.0,0.0,0.0,0.0,0.0144283095380372,0.0,0.0,0.0,0.0,0.0,0.0,0.0,0.0051780048199506,0.02262339706567,0.0,0.0,0.0,0.0061618958535104,0.0037849266771204,0.0,0.0,0.0,0.0,0.0065240861114894,0.0695174536139888,0.0,0.0,0.0,0.0,0.0,0.0,0.0,0.0036917895228166,0.0131770739887548,0.0,0.0,0.0,0.0,0.0,0.0,0.0,0.0,0.0,0.0037659569506492,0.0126760616890383,0.0190461781020257,0.0,0.0,0.0,0.0,0.010551762330275,0.0,0.0,0.0070783656526596,0.0,0.0,0.0383984416090603,0.0,0.025090482596091,0.0222206596890398,0.0,0.0,0.0,0.0059171290644627,0.0,0.0,0.0,0.0,0.0,0.0,0.0,0.0,0.00462257648579,0.0,0.0,0.0,0.0,0.0,0.0,0.0,0.0,0.0,0.0,0.0,0.0,0.0,0.0,0.0,0.0,0.0087078371799532,0.0,0.0,0.0,0.0,0.0,0.0,0.0046302011677191,0.0,0.0,0.0,0.0,0.0,0.245435883629752,0.0,0.0,0.0,0.0,0.0,0.0,0.0,0.0,0.0067682644178626,0.0,0.0,0.0,0.0,0.0,0.0,0.0,0.0,0.006943634433577,0.0,0.0145837244753585,0.0,0.0069419181214379,0.0,0.0,0.0,0.0,0.0,0.0,0.0,0.0,0.0,0.0,0.0,0.0,0.173652585929893,0.0,0.0,0.0,0.0,0.0,0.0,0.0,0.0,0.0,0.0,0.0,0.0,0.0,0.0,0.0,0.0,0.0,0.0,0.0,0.0,0.0,0.0,0.0,0.0,0.0,0.0,0.0,0.0,0.0,0.0,0.0,0.0,0.0,0.0034781694460255,0.0,0.0,0.0,0.0,0.0,0.0,0.0,0.0,0.0,0.0,0.0,0.0,0.0,0.0,0.0,0.0,0.0,0.0,0.0,0.0,0.0,0.0,0.0,0.0,0.0046213630574672,0.0,0.0,0.0176782855326973,0.0,0.0,0.0,0.0,0.0,0.0,0.0,0.0,0.0,0.0,0.0,0.0,0.0,0.0,0.0,0.0,0.0,0.0,0.0
PL,0.0251974047910971,1.32017794883711,0.717744858583493,0.808932369633901,0.0142252119631708,0.0786125857989929,0.415350193736844,0.0727908326792271,0.339384768608892,0.0,0.114044243654214,0.124526449475199,0.0,0.0089152853556217,0.222456694651224,0.0672213342073407,0.0034643735364914,0.022569391918733,0.0109146769619227,0.0147239863857814,0.0574144108190917,0.0658071174206912,0.0401859718016706,0.244637538643735,0.0105839231984952,0.0,0.0,0.0606651306853201,0.0,0.084714934552431,0.254382348830425,0.0124740548309988,0.0672119524893892,0.0126306525940228,0.0081805483102247,5.52698300360771,0.107869760228065,0.0,0.0184669810938737,0.0,0.0201311999711948,0.0460799222461175,0.0,0.167781640632147,0.0397289531468057,0.0499529990176658,0.0779730854868421,0.0098246034090645,0.0862063587234664,0.0039099495584092,0.0,0.0,0.27643136119286,0.0124045288844764,0.0722920201847949,0.0163569504444278,0.0130352682719966,0.0447275796206122,0.0034562658009853,0.0,0.0,0.005302387552553,0.764252942842165,0.090920193850618,0.0059520814313743,0.0,0.0470724094611498,0.009515058167693,0.0087313109337384,0.0,0.0548035702616076,0.0,0.0046855149999522,0.0701209977810488,0.535042972070358,0.0634267899294053,0.124365666583191,0.0,0.0,0.149786383439078,0.0277379989369407,0.0123448718126837,0.0171537987994709,0.651730372505041,0.0073580008622017,0.0,0.0834961496700542,0.0,0.0052043987147823,0.0,0.0196311622362121,0.016655146170929,0.0177196059949777,0.672514273318015,2.46380360118973,0.0284360020751254,0.0950473844938466,0.0,0.790696199100635,0.0274219388229688,0.0036169969703557,0.10481133346922,0.0144845815293186,0.0,0.0078521909900941,0.0,0.0,0.0581995645886109,0.014840749351767,0.531254960535658,0.982523510552299,0.717952304499822,0.113912801997696,0.0034870394897199,0.0,0.915188099257247,0.0,0.0137313424638624,0.0405975610739666,0.0584705354008383,0.0101347813296011,0.0692949263441178,0.0,0.0931681439205473,0.0,0.0067596831721226,0.180080836423555,0.0821723798842472,1.98264723559678,0.0150201979827403,0.0380600343627748,0.0072328246959952,0.0040676613002893,0.0,0.0796188603976871,0.0,0.0,0.0342683223901364,0.161367875277879,0.0,0.0,0.130474036202808,0.106777888580737,0.0139064565764931,0.289499305609971,0.0,0.0,0.0,0.0069753604861473,0.207058723230512,0.0418502824145446,0.048784274679125,0.0215829649667932,0.197866234487731,0.136738573499287,0.0527474508735017,0.261567311205978,0.00800620908651,0.46300969014914,0.0292943422319509,0.0046870650077132,0.35177810127236,0.0,0.130467430724398,0.0210940545856789,0.119359074538815,0.0,0.0688570336234602,0.0198069072944657,0.0305824060568522,0.0,0.0,0.0,0.0,0.143322012836398,0.0863378440155807,0.0388429918751976,0.0196207974177196,0.0622326168433971,0.124479565925747,0.150605855295557,0.0294165611928364,0.0494649540385826,0.0039030070205985,0.0,0.0794872011850391,0.0,0.0657135412405086,0.0,0.127728581910077,0.0464088592209251,0.0,0.148443840925576,0.0,0.0,0.0409312271747403,0.0178530132999357,0.079681758047861,0.016516214457255,0.0845119546272497,0.0075265865256857,0.0501870202649471,0.324491640038002,0.0135873660653318,0.0299488492791806,0.0079347547932954,0.0311055775644094,0.0849096908243004,0.0,0.0,0.371845805543325,0.143075020069805,0.202806632909088,0.0044582407226374,0.0199260683954206,0.451706000834829,0.0795885375739161,0.221133104111146,0.0,0.0226050449787796,0.0126029564496436,0.0,0.0,0.0807246230991785,0.0,0.0,0.0,0.0,0.005384043850534,0.0035454479003028,0.011270778726652,0.0,0.0082391583580029,0.0,0.0,0.0,0.0,0.0,0.0055724003403253,0.209886852548041,0.0063447544205925,0.0355399513964048,0.0,0.0,2.4784300075193,0.048248618096687,0.0077384171979852,0.0072456780965575,0.0,0.0193743499133115,0.0105863576545112,0.0,0.0154640630620668,0.0096388106959517,0.0400443653137314,0.0541050921632939,0.0040969872866126,0.0388215336348128,0.0,0.0,0.0,0.087059437643606,0.0,0.0,0.0,0.0193791606543067,0.0744867400562295,0.0,0.0,0.0,0.0,0.11540519745661,0.0525799218520428,0.0,0.0,0.0077873228699358,0.0146954415971621,0.0039353352479704,0.0,0.0057508588288693,0.0,0.0,0.0152859868865941,0.0391844335670685,0.0,0.0,0.0,0.0,0.04257687483757,0.0,0.0,0.0106117032986384,0.22058661758979,0.015333732318572,0.0107938010698616,0.0042178053121684,0.0,0.0,0.0,0.0034682875238004,0.0073939140670047,0.0077699735439243,0.268544941899839,1.03715703339786,0.0,0.0058895059078886,0.0,0.0738251274769139,0.0072277180260532,0.0053555230316269,0.013332038788631,0.0116029358650308,0.0,0.0,0.0,0.0,0.0148862331144871,0.0190303010470748,0.385774071828535,0.331751762653411,0.295248586909311,0.0308392134070265,0.0,0.0,0.393050731598052,0.0,0.0170983228162264,0.0186901692807091,0.0374915447984252,0.0094260456333757,0.0249524988537632,0.0069088281676771,0.0364323119624359,0.0,0.005684841511709,0.0869183609919803,0.0411679355001691,0.565377940512014,0.0100745546112942,0.0,0.0,0.0,0.0,0.0211994378290301,0.0,0.0,0.0351754340083501,0.0277224477875709,0.0,0.0,0.0743715365215483,0.004929306659928,0.0056781421948607,0.100289048170861,0.0,0.0,0.0,0.0,0.113316233443809,0.0239280873264748,0.0039579047430575,0.0,0.0053757372918411,0.004860455889446,0.0049196582380799,0.0081423669382683,0.0,0.0478610604730443,0.0053339946809034,0.0,0.013122523533784,0.0,0.0604615470588724,0.0,0.0039279812453934,0.0,0.036708571514728,0.0100742926626313,0.0,0.0,0.0045661590289085,0.0,0.0,0.015889349828607,0.0089030790764389,0.0339880763440263,0.0079002797230544,0.0035352971305135,0.0176445190247489,0.0380017402011038,0.0,0.0194547486382307,0.0,0.0,0.0315760723301303,0.0,0.0144559551771386,0.0,0.0199814903444842,0.0064185889506952,0.0,0.0065598432622358,0.0,0.0040334009130824,0.0329031036915752,0.0,0.0,0.0,0.0,0.0,0.0,0.0379446927811524,0.0,0.0,0.0,0.0120609054557535,0.0069356088071093,0.0
PMd,0.0077634122692904,0.0,0.0,0.022500311382957,0.0,0.101763960528636,0.0073993764048663,0.0067601146152344,0.0039821517621076,0.0,0.184044427473913,0.0360762083808885,0.0,0.0,0.0065549798731017,0.003685362021245,0.0380976443497621,0.0,0.0,0.0,0.0111574600743496,0.0156206611998555,0.0214320021458024,0.114395152335419,0.0213559892573703,0.0,0.0218340658886429,0.045283115433646,0.0052062199148505,0.0,0.0,0.005344599096969,0.0096142624922648,0.0146018549611046,0.0340940894522438,0.023982074082837,0.0243836964187928,0.0,0.0053648161323991,0.0,0.0534109502141806,0.107630486146714,0.0,0.0034581004669931,0.0091412201188807,0.0132479212586344,0.0539950969700146,0.0217414360595246,0.0,0.0,0.0,0.0,0.0,0.0,0.009481588925198,0.0036983498702158,0.0,0.008520653930673,0.0,0.0,0.0,0.0,0.0034996621222527,0.0057305775857107,0.0,0.0,0.0072421168652829,0.0,0.0,0.0,0.0,0.0,0.0,0.0098774535679803,0.244058393461498,0.0037635668826666,0.0393087714187572,0.0,0.0043209639833061,0.0851823990982021,0.0544915082443048,0.0041191834499021,0.0,0.0150216852768291,0.0,0.0,0.0754439536699664,0.0,0.0,0.0,0.0054774312326584,0.323318700789143,0.0516063294357538,0.0056432601108045,0.0070969213840477,0.0615337284751878,0.0712006786240259,0.0,0.0845570237875609,0.0227623118825736,0.0,0.0354548983733576,0.0,0.0,0.0,0.0,0.0,0.0102697815481018,0.0,0.0,0.0,0.0,0.0364141999039359,0.0541553291856624,0.0319386761705976,0.268411097990526,0.0,0.0,0.0077111652140581,0.0150902376215897,0.0052955044347505,0.0051290865799221,0.0,0.005411046607755,0.0,0.0,0.314971023954292,0.0399522572873553,0.0,0.217338941000333,0.0,0.0,0.0039930267702528,0.0,0.005234109728794,0.0,0.0,0.0,0.0090701587696153,0.0,0.0,0.0248119570149953,0.0,0.0208897608130133,0.0312312719174733,0.0432778246435551,0.0082102054039331,0.0,0.0167492253540795,0.0363718196478618,0.0050070459519723,0.010439751267937,0.0,0.0041617340082379,0.0044759376870175,0.0046918549610583,0.0094135679573844,0.0184986071486099,0.0371930109698669,0.0,0.0075353812124916,0.0683595569254642,0.0,0.0267603422741919,0.0,0.0174803669091757,0.0,0.015624735072543,0.0073092238146482,0.0,0.0,0.0,0.0,0.0,0.0034470081795471,0.0,0.0080861640766281,0.0,0.0,0.0,0.0118157482627865,0.0,0.184499914684973,0.0,0.0,0.0099376542958683,0.01945586290795,0.0055384317058938,0.0058609221359996,0.0104628098160626,0.118423086534343,0.0,0.0,0.0,0.0,0.0041772353325624,0.0,0.0,0.0,0.0136294956494074,0.0,0.0,0.0360724554003528,0.0958944667634792,0.0,0.0,0.0058766316326413,0.0204814237919626,0.0,0.0,0.0,0.0,0.0,0.0,0.0202846626162308,0.0,0.0,0.0,0.0,0.0197323903375871,0.0,0.0076356538040988,0.0,0.0,0.0,0.0118951577607119,0.0,0.0,0.0,0.0,0.0,0.0,0.0232177544594801,0.0037168784428998,0.0,0.0085315130820298,0.0036875237062431,0.0,0.0,0.0,0.0,0.0037288426150191,0.0121906042378818,0.0507370069085461,0.0099803840624877,0.0038796787150389,0.0039530264912934,0.0,0.0,0.0605249895837629,0.008789925309254,0.0,0.0,0.0,0.0,0.0136888749938817,0.0185465596340754,0.0,0.0,0.0,0.0,0.0,0.0,0.0,0.0,0.0,0.0,0.0,0.0,0.0,0.0,0.0,0.0,0.0,0.0,0.0,0.0,0.0,0.0,0.0,0.0,0.0,0.0,0.0316287896943284,0.0,0.0056955123371911,0.0,0.0,0.0091559884001635,0.0146569357916155,0.0,0.0,0.006917963257457,0.0,0.0,0.01802126155844,0.0,0.0,0.0,0.0,0.0457712406653563,0.0215019789954336,0.0,0.0035672023127205,0.0142873971825666,0.0163030205191465,0.0,0.0131900502381839,0.0057841878371285,0.0,0.0152013061574983,0.0,0.0,0.0035651072435589,0.0,0.0,0.0,0.0,0.0,0.0,0.0,0.0250188293821423,0.0053985728219007,0.0216739291574128,0.0848433927666574,0.0085595280431617,0.0,0.0,0.0043690060523382,0.0,0.0,0.0131417167267371,0.0147368981550137,0.0,0.0,0.0645213273203433,0.0128772323552087,0.0,0.0220660908390461,0.0,0.0,0.0143190564091252,0.0,0.0,0.0043467739953742,0.0,0.0,0.0,0.0,0.0,0.0051346396771177,0.0,0.0061172495049871,0.0135505139920983,0.0086161798742951,0.0,0.0,0.0100223456680394,0.0202887478192479,0.0,0.0,0.0,0.0077556069218783,0.0112098396400691,0.0092751700774298,0.0,0.0,0.0076881620207843,0.0,0.0,0.0042028680928096,0.0047650952641725,0.0035137434001937,0.0,0.0085751335075751,0.0,0.0051420949517381,0.0,0.0,0.0,0.0,0.0,0.0,0.0,0.0,0.0,0.0,0.0,0.0,0.0,0.0,0.0382382293839584,0.0,0.0,0.0,0.0162378227584601,0.0,0.0,0.0172127607554665,0.0393042409603134,0.0,0.0,0.0,0.0,0.0,0.0,0.0,0.0,0.0080860315240287,0.0,0.0,0.0,0.0146901989004987,0.0,0.0,0.0,0.0073896534046101,0.0
PO,0.0,0.112063538705426,0.0242395625822573,0.0051025293663507,0.0038311620331231,0.0,0.0449660417060753,0.007018920524594,0.0115771755406054,0.0,0.0,0.0,0.0,0.0,0.0,0.0282976973851562,0.0,0.0131879799610775,0.0,0.01076115411424,0.0209314558870409,0.0,0.0,0.0,0.013287913081049,0.0,0.035201728843871,0.0066570499681735,0.0,0.0358236485835851,0.0,0.0,0.0,0.0,0.0101041466179835,2.16817253915725,0.0,0.0,0.0,0.0,0.0669058435462558,0.0,0.0,0.0,0.0,0.0175708211392434,0.0091052779258262,0.0118507619546175,0.0,0.0,0.0,0.0,0.0100681711587399,0.0,0.132695673065873,0.0036268783734599,0.0,0.103247236779208,0.0,0.0,0.0,0.0,0.0,0.0,0.0,0.0,0.0,0.0,0.0059450142926928,0.0,0.18361473598079,0.0367539196219029,0.0,0.0048940206679552,0.0054350232814815,0.209765452806062,0.0,0.0,0.0,0.0,0.0,0.0,0.0,0.0405036176688929,0.0,0.0,0.0,0.0,0.0,0.0,0.0,0.0039384142930976,0.0364946518182453,1.5726420720594,0.660256893363602,0.0,0.0,0.0,0.0513428070806772,0.0,0.0,0.0070904276280626,0.0,0.0,0.0,0.0,0.0,0.0035613432605105,0.0,0.0115206574590968,0.0,0.0040857834028639,0.0312492186637717,0.0,0.0,0.0140806215557703,0.005122602764573,0.0,0.0,0.0,0.0,0.0850879940024378,0.0,0.0,0.0,0.0,0.0,0.0351787355943229,0.0199028648850627,0.0,1.01938709441493,0.0056492979233229,0.0963809273482626,0.0,0.0,0.03684063310823,0.0,0.0035938705227482,0.0305586072457905,0.0,0.0,0.0,0.163545849610115,0.0,0.0,0.0,0.0,0.0,0.0,0.0,0.0,0.0163659175185086,0.0,0.107769946112376,0.216303163574111,0.134406384006052,0.366683280760349,0.0,0.0161513980003384,0.0042990350961709,0.0,0.0092316628443784,0.0,0.0041742196356328,0.0,0.0108267570341508,0.0,0.0,0.0,0.0035677998801026,0.0,0.0,0.0,0.0,0.340555010644584,0.217418021384135,0.960679511770166,0.502210723669144,0.208826033497584,1.24896411448283,2.30191685085737,0.0,0.0,0.0,0.0,0.0424084400432003,0.0,0.0074974547152593,0.0,0.0,0.0093349891649917,0.0,0.0871238363192615,0.0,0.0,0.360258261677434,0.0371900968961208,0.0566639478044266,0.0596334490161405,0.362898264368369,0.0065009260485676,0.0341603766166378,0.048464604199574,0.0,0.280411796479475,0.625578747509799,0.0266439925315306,0.0,0.0,0.0,0.0,0.0103846038379027,0.0,0.0,0.0,0.0038622406945456,0.0,0.0036347208235939,0.0,0.0,0.0,0.0,0.0,0.0,0.0,0.0,0.0,0.0,0.0,0.0,0.0,0.0,0.0,0.0048766125041926,0.0,0.0173613739277274,0.0,0.0,0.0,0.0,0.0,0.0,0.0119591108190448,0.0113426742431304,0.0323923015789876,0.0,0.0,0.0,0.0,0.0620241393775246,0.0,0.0,0.0,0.0,0.0,0.0041171664724032,0.0,0.0,0.0,0.0,0.0,0.0,0.0,0.0,0.0,0.0,0.0,0.0,0.0,0.0,0.0,0.0,0.0,0.0,0.0,0.0,0.0,0.0,0.0,0.0,0.0,0.0,0.0,0.0,0.0,0.0,0.0,0.0,0.0,0.0,0.0,0.0,0.0,0.0,0.0,0.0102768204800879,0.0,0.0,0.0,0.0,0.0,0.0312596202829777,0.0,0.0,0.0,0.0,0.0,0.0,0.0,0.0,0.0139254498507231,0.0,0.0,0.0,0.0,0.0,0.0,0.0,0.0,0.0,0.0,0.0247641794535824,0.0,0.0137379636804881,0.0050561216551439,0.0,0.0,0.0,0.0,0.0,0.0,0.0,0.0,0.0,0.0,0.0,0.0240625055720336,0.0,0.0,0.0,0.0,0.0102882228315121,0.0,0.0,0.0,0.0,0.0,0.0040927467168995,0.0,0.0,0.0,0.0,0.0,0.0,0.0,0.0,0.0,0.0,0.0,0.0,0.0,0.0,0.0,0.0056394562417936,0.005244373724228,0.0,0.0,0.0,0.0,0.0,0.0,0.0,0.0,0.0,0.0,0.0,0.0,0.0,0.0,0.0,0.0,0.0,0.0,0.0037602501494765,0.0,0.0095058471428732,0.0,0.0,0.0,0.0069629323269288,0.0,0.0,0.0,0.0,0.0,0.0,0.0,0.0,0.0188304901431939,0.0044169368449979,0.0,0.0,0.0,0.0,0.0,0.0,0.0,0.0,0.0,0.0,0.0,0.0,0.0,0.0,0.0,0.0,0.0,0.0
POL,0.0175874053766789,0.0262892343987518,0.0,0.0,0.0,0.050264104757351,0.0057154165209348,0.0090998936183744,0.0,0.0,0.0,0.0,0.0,0.0,0.0,0.104887391815099,0.0057714822122143,0.328159416907804,1.21284579683946,1.143960847692,0.0,0.0483360540268721,0.0971646596047657,0.0697495176711306,0.0106330058181861,0.0,0.0239002330193752,0.136298298466141,0.0,0.0133045726197419,0.0047726191250742,0.0,0.0,0.0264226321383826,0.0184726810706633,1.86124321270813,0.0,0.0,0.0871002059591825,0.0,0.0825860249147785,0.0269679756610986,0.0,0.0,0.0,0.215154828847873,0.0087237421528549,0.0,0.0,0.0,0.0,0.0,0.0,0.0,0.203737506067419,0.0257455937724429,0.0,0.0118478435930332,0.0093014815926228,0.0049917071844028,0.0109211586642073,0.100276139701063,0.0,0.0,0.0,0.0,0.0,0.0,0.343507242491752,0.0,0.0218551842805479,0.127218339408308,0.0149673782919484,0.0044368295507342,0.161692391914997,0.442392563036059,0.0176141312943542,0.0,0.0,0.0121989504256288,0.0117162909809766,0.0,0.0,0.0104662875029712,0.0,0.0,0.220898069937985,0.0378225976770734,0.200142296941765,0.189167159866682,0.0,0.0,0.0058138927422663,0.192627792264478,0.151200447254093,0.0311454719000434,0.0274745466193556,0.0,0.465754215716538,0.0,0.0,0.0116073202502695,0.0,0.0,0.0036536076701649,0.0,0.007192704286607,0.0098640681771672,0.0,0.0,0.0,0.0,0.0081086839917972,0.0103375348113027,0.0039143425502714,0.363284123763179,0.0,0.0,0.0163040746722562,0.0,0.0041023180298656,0.0567659846480793,0.0,0.006042937638219,0.0,0.0,0.0302920381557597,0.0113167033645727,0.0035862894163636,0.0,0.205720469348012,0.125466162210512,0.0,0.0330426729623806,0.0790424368544194,0.0,0.0,0.0289570324241913,0.0905744019104354,0.0,0.0,0.0,0.134009365449543,0.0142422324038997,0.0041996627617583,0.0,0.0,0.0,0.0187920005014361,0.0170956118953309,0.0,0.0320556427922924,0.0106853148429469,0.016742787828264,0.0114870178169505,0.0039438806120652,0.294125245384621,0.0072708819728563,0.341130519568731,0.0509950990090611,0.0,0.0872560306492862,0.0,0.0,0.0,0.0192771697402207,0.0,0.0152221767817658,0.0093361315262742,0.0683352422740015,0.0,0.0,0.0,0.0,0.1505633426238,0.0541593311276034,0.0529544657057915,0.0510468304032159,0.029538831999597,0.142305405562612,0.697047448502158,0.0,0.0,0.0,0.0,1.61361180173904,0.0,0.0184923400438342,0.0,0.0,0.0445648036875734,0.0,0.0061720102142069,0.0,0.0,0.131645066928918,0.124668760592821,0.0321942842143376,0.201764126773536,1.13606249015129,0.0076143107107541,0.0582821924801641,0.0115792865660335,0.10301705848836,0.172268892203383,0.219364010122811,0.0151753788407195,0.0101407015343925,0.0,0.0,0.0,0.0,0.0,0.0,0.011583450415281,0.0,0.0,0.0,0.0,0.0,0.0,0.0,0.0,0.0,0.0,0.0,0.0,0.0,0.0,0.0,0.0,0.0,0.014768155000316,0.0,0.0,0.0049070402087163,0.0,0.0,0.0,0.0,0.0,0.0,0.0,0.0037176072463053,0.0038208172995454,0.0,0.0,0.0,0.0,0.041067643672112,0.0037473503483402,0.0,0.0,0.0,0.0,0.0,0.0,0.0,0.0,0.0,0.0,0.0,0.0,0.0,0.0,0.0,0.0,0.0,0.0,0.0,0.0,0.0,0.0,0.0,0.0,0.0,0.0,0.0,0.0,0.0,0.0,0.0,0.0,0.0101805436082431,0.0,0.0,0.0,0.0,0.0,0.0,0.0,0.0,0.0,0.0,0.0,0.0108566749967141,0.0,0.0,0.0,0.0,0.0,0.0055627491302514,0.0,0.0,0.0048029884616421,0.0062992548900123,0.0,0.0046396807348481,0.0,0.0,0.0041189779324055,0.0,0.0,0.0,0.0,0.0,0.0,0.0,0.0,0.0,0.0,0.0077745966570958,0.0,0.0,0.0401086744311763,0.0,0.0,0.0,0.0,0.0,0.0,0.0,0.0,0.0,0.0,0.0056188678445416,0.0053975717302936,0.0,0.0,0.0,0.0,0.0,0.0,0.0,0.0,0.0,0.0,0.0,0.0,0.0,0.0,0.0,0.0,0.0,0.0,0.0,0.0,0.0133207899952236,0.0061785961141805,0.0,0.0,0.0,0.0,0.0,0.0,0.0,0.0,0.0206182630488741,0.0048507253688057,0.0,0.0037823555749887,0.0,0.0,0.0,0.0,0.0,0.0043181318321884,0.0,0.0,0.0,0.0,0.0,0.0,0.0,0.0,0.0,0.0,0.0,0.0,0.0,0.0,0.0,0.0,0.0,0.0,0.0,0.0,0.0,0.004497009415301,0.018218014707653,0.0,0.0,0.0,0.0,0.0,0.0,0.0,0.0,0.0,0.0,0.0,0.0,0.0535573565392874,0.0,0.0,0.0041096451866136,0.0,0.0
POST,0.0147887837362582,0.0276437891113008,0.14275174419649,3.28981940759953,0.0138814645122623,0.280335351104584,0.0073623243044023,0.0097909476312601,0.0050721742393789,0.0,0.142582225613801,0.0769550695017965,0.0068706423179247,0.0,0.360782782067855,0.0,0.0056844412498964,0.0,0.0,0.0,0.0759066883266184,0.13693293316765,0.0583908867661685,0.245241953043389,4.99576937806367,0.111874821205301,1.12868134066432,0.0266418801697627,0.0,0.0,0.0036335682034312,0.0,0.0135773269700088,0.0080292577306893,0.00996217171334,0.510787176437954,0.0,0.0039867493917013,0.0,0.0,3.91409802952122,0.0401935469843818,0.0,0.140683630423198,0.0,0.190106978495136,0.808269455575831,1.27419639387996,0.0163409864582865,0.0411909443780917,0.0048669182274342,0.0,0.0,0.0044470297698243,0.0,0.0,0.0,0.0083371360494553,0.0062541355286116,0.0,0.0,0.0,0.146114038499081,0.0,0.0,0.0,0.0037052542242275,0.0,0.0236123918717017,0.0,0.0235349772659616,0.0,0.0091874650538149,0.0063406353138621,0.519096206829724,0.0072073423658344,0.154579107617572,0.0,0.113360637636131,1.32153829416099,0.0295528363562259,0.0044515111692673,0.0,0.0098667164886484,0.0,0.0,0.0933496789058664,0.0,0.0,0.0,0.0,0.827110244772817,0.0108788857190292,0.0063339834120833,0.01973075373442,0.0128549677863379,0.132394961695552,0.0,0.0038039048911735,0.19150633328183,0.0,0.168925946893636,0.0,0.0,0.0129798150203307,0.0,0.0,0.0056205535483764,0.0,0.0054611997867364,0.0489392570629838,0.0040290173711583,0.103767867141976,0.0098136823988346,0.0,0.200134399251745,0.999389905891653,0.0,0.0,0.0,0.0682229526927254,0.0,0.0105665952736529,0.0070073511020712,0.0,0.0,0.386365383578516,0.0277865061681186,0.0608817318273301,0.0808898762886349,0.0,0.0,0.969683857259228,0.0,0.0,0.497297050035478,0.009693687519286,0.0,0.0,0.0,0.0,0.0891898572998028,0.0037553560607097,0.011169463257141,0.0443033611676171,0.0,0.0,0.0,0.0559026758812148,0.227212587595797,0.0289417687864442,0.0,0.0,0.0242699309991961,0.0530290900501951,2.04020476310207,0.0508412392989969,0.0081279445450474,0.0120831163519626,0.003984780129705,0.51383604501564,0.200025687168946,0.0,0.048325100719007,0.0,0.0084899891501584,0.0,0.0679417971371394,0.0229918472105899,0.0,0.0,0.0,0.0,0.0,0.00377338315626,0.0,0.010682007142069,0.0055447176356401,0.0,0.0,0.0169689494016378,0.0,0.106681080841759,0.0,0.0,0.0205486832679768,0.0351640030265386,0.0,0.1901750244864,0.181804694054174,0.175124897813259,0.0,0.0,0.0043089597528726,0.0,0.0101772601115506,0.0,0.004189929911109,0.0216341765077722,0.226507047240096,0.0367076035643079,0.01604883120458,0.0284085687411341,0.0341732124697335,0.0,0.0,0.0,0.0,0.0,0.0,0.0,0.0058477298126449,0.311008979583383,0.0,0.0047902020416861,0.0038703580297653,0.0,0.0,0.0,0.0706093095115523,0.0432453275742282,0.0058182234049329,0.0,0.0325656526108397,0.0,0.0043438252576742,0.0,0.0,0.0,0.0170312460954906,0.0,0.0,0.0128612917028746,0.143364879988182,0.0080272197253958,0.299805552359498,0.0,0.0,0.0,0.0,0.0,0.0081635885832139,0.0063848246542116,0.0055743595509652,0.0287607989637525,0.0,0.0035617222003414,0.0,0.0040263764133019,1.62180139991195,0.0,0.0,0.0227753147964891,0.0,0.0,0.0,0.0516023136884055,0.0,0.0,0.0,0.0,0.0,0.0,0.0,0.0,0.0,0.0,0.0,0.0,0.0,0.0,0.01332077198614,0.0,0.0,0.0,0.0,0.0,0.0,0.0,0.0,0.0,0.0,0.0,0.0414736491453464,0.0,0.0081566058399275,0.0,0.0285185677660294,0.230458820291004,0.0099740345413135,0.0,0.0,0.0,0.0,0.0,0.0173798350999735,0.0,0.0,0.0,0.0,0.54047915277277,0.0087021766360678,0.0,0.0052201191805213,0.0,0.0155917634093832,0.0,0.0,0.0501637648553433,0.0,0.059777453882141,0.0,0.0,0.0,0.0,0.0,0.0,0.0,0.0,0.0072298266259298,0.0,0.0297635805014134,0.0,0.0062507477539719,0.0935060986882415,0.0207659363498339,0.0,0.0,0.0,0.0,0.0053169958608203,0.0215431463722375,0.0,0.0,0.0,0.186442881904756,0.0121736001991841,0.0058403766106519,0.0317639943971188,0.0,0.0,0.0100178027579747,0.0,0.0,0.0055516341725244,0.0071908113288514,0.0,0.0,0.0,0.0,0.0180526659065394,0.0,0.0,0.0199043466723726,0.0,0.0,0.0,0.0211006092941228,0.10044596142515,0.020208913646973,0.0,0.0,0.0,0.0042458816844658,0.0151072294926369,0.0066413733956115,0.0,0.0,0.0,0.0631246725320014,0.0159747277582234,0.0,0.0201654842580942,0.0,0.0,0.0,0.0338589339769492,0.0102895768590279,0.0,0.0,0.0,0.0,0.0,0.0,0.0,0.0058607625148451,0.0,0.0,0.0,0.0215920865191806,0.0,0.0778779511570209,0.0,0.0,0.0,0.0050144624131689,0.0,0.0310670831211018,0.0479886868382863,0.0169010165454515,0.0,0.0044092495174585,0.0061612840607269,0.0,0.0,0.0,0.0,0.0,0.0,0.0,0.0,0.0162865399704491,0.0,0.0,0.0,0.0037884463092044,0.0,0.0
PP,0.0217966768014434,0.0,0.0,0.0,0.0,0.0643079442535045,0.0068685650392663,0.0110259812950676,0.0,0.0,0.0,0.0,0.0,0.0,0.0,0.0564185510251583,0.0070894317278038,0.236359327457021,2.30835719911764,2.70853381849403,0.0,0.0448684714266833,0.130993639167542,0.0879186858739391,0.0090070391019533,0.0,0.0180719455926691,0.174866683306715,0.0036363629409439,0.0,0.005073698072778,0.0,0.0,0.0342331576850293,0.0258762629175678,2.90397413110329,0.0,0.0,0.124165018602089,0.0,0.0736732012006855,0.0344942658214631,0.0,0.0,0.0,0.254405112053679,0.0207731023497882,0.0,0.0,0.0,0.0,0.0,0.0,0.0043410178266439,0.418682713850204,0.0403043164702089,0.0,0.0057587128616767,0.0119666903597051,0.0063029295963881,0.01620649541176,0.136935564965878,0.0,0.0,0.0,0.0,0.0,0.0,0.707585035743891,0.0,0.0,0.003878021186191,0.0,0.0,0.207577416371331,0.0804322958090542,0.0217468507291132,0.0,0.0,0.0152568634527213,0.0144537435544226,0.0035712215026603,0.0,0.0,0.0,0.0,0.285496567736154,0.020497385314807,0.521228190317724,0.76527868707558,0.0,0.0,0.0084721268943228,0.0045863093982718,0.0,0.0383169452767082,0.0341444290560156,0.0,0.510234529569976,0.0,0.0,0.0192428711527778,0.0,0.0,0.005283221522033,0.0,0.0,0.0050686162154074,0.0,0.0,0.0,0.0,0.0212360202673529,0.0130729979251767,0.0101979309074593,0.425829029304081,0.0,0.0,0.0199260310729025,0.0034533906469573,0.0034725931920325,0.0171296818153405,0.0,0.0116901922601933,0.0,0.0,0.0351735364630451,0.0288762307136101,0.0,0.0,0.0314227519746684,0.102167852726018,0.0,0.0602929581018294,0.0960098766501424,0.0,0.0,0.0321550440284857,0.0557161699443339,0.0,0.0,0.0,0.0,0.0175921550716001,0.0048418396470244,0.0,0.0,0.0,0.0311541439635937,0.0207468924798899,0.0,0.0105334437196299,0.0082151800391555,0.0,0.0,0.0,0.262076605368446,0.0090700807545246,0.33129578165587,0.0189768176928424,0.0,0.132147667068092,0.0,0.0,0.0,0.0236967019721385,0.0,0.0185627654245655,0.0157302248702049,0.120096306263977,0.0,0.0,0.0,0.0,0.0103877069753808,0.0057417427270594,0.0095943581484227,0.0054787300041947,0.0,0.0,0.297166431922657,0.0,0.0041929128239918,0.0,0.0,2.00337557906392,0.004099143762615,0.0132952857311537,0.0,0.0,0.0694457447196077,0.0,0.0,0.0,0.0,0.123628236225495,0.0056552075343385,0.0,0.003803629557143,0.0274037734571187,0.0,0.0180200128844912,0.0088379758805477,0.146215599640659,0.305581314210668,0.104618449984571,0.0235027499641583,0.0104820692876548,0.0,0.0,0.0,0.0,0.0,0.0,0.014698916494171,0.0,0.0,0.0,0.0,0.0,0.0,0.0,0.0,0.0,0.0,0.0,0.0,0.0,0.0,0.0,0.0,0.0,0.0183872054407764,0.0,0.0,0.0054650047598454,0.0040887864303149,0.0,0.0,0.0,0.0,0.0,0.0052866835567656,0.010741399375794,0.0094302108247888,0.0,0.0,0.0035274018731676,0.0,0.0609792895227894,0.0054254594555989,0.0,0.0,0.0,0.0,0.0043186612085007,0.0,0.0,0.0,0.0,0.0,0.0,0.0,0.0,0.0,0.0,0.0,0.0,0.0,0.0,0.0,0.0,0.0,0.0,0.0,0.0,0.0,0.0,0.0,0.0,0.0,0.0,0.0,0.0130244419028546,0.0,0.0,0.0,0.0,0.0,0.0,0.0,0.0,0.0,0.0,0.0,0.0176458964692656,0.0,0.0,0.0,0.0,0.0,0.0084719883516513,0.0,0.0,0.0059091561442133,0.0077483725486354,0.0,0.0057514553315838,0.0,0.0,0.0100009678532397,0.0,0.0,0.0,0.0,0.0,0.0,0.0,0.0,0.0,0.0,0.0220155659748809,0.0,0.0056823542329617,0.0501840051940842,0.0,0.0,0.0,0.0,0.0,0.0,0.0,0.0037993667658949,0.0,0.0,0.0066177288899413,0.0099041380918413,0.0,0.0,0.0,0.0,0.0040239578522563,0.0,0.0,0.0,0.0,0.0,0.0,0.0,0.0,0.0,0.0,0.0,0.0,0.0,0.0,0.0,0.018235926351159,0.0075289395372692,0.0,0.0,0.0,0.0,0.0,0.0045132893650712,0.0,0.0,0.0218211516674878,0.0035756632032853,0.0,0.0056224702227637,0.0,0.0,0.0,0.0,0.0,0.0051896436440941,0.0,0.0,0.0,0.0,0.0,0.0,0.0,0.0,0.0,0.0,0.0,0.0,0.0055256120512635,0.0,0.0,0.0,0.0,0.0,0.0070994864056952,0.0,0.0,0.0040683629595786,0.0235615807824906,0.0,0.0,0.0,0.0,0.0,0.0,0.0,0.0,0.0,0.0,0.0,0.0034571655425882,0.0930646630268377,0.0,0.0,0.0053182093054027,0.0,0.0
PPN,0.0050279161440903,0.0,0.0,0.0172325985280736,0.0,0.0152617458137564,0.0,0.0,0.0,0.0,0.0,0.0,0.0,0.0,0.0,0.1123838439663,0.0,0.0,0.0,0.0,0.0,0.0090106466438675,0.0098703387789977,0.0130333870140485,0.0,0.0,0.0,0.0287993684936567,0.0076118012656214,0.0173752228770909,0.0,0.0168446288960049,0.0311826636272673,0.0,0.0,0.253190604058717,0.0274519995348114,0.0,0.156880851543308,0.0,0.0060065356897418,0.0112952646383686,0.0,0.0,0.0810690406400444,0.0,0.0,0.0,0.0,0.0,0.0,0.0,0.0,0.0062896562085568,0.0299832621417166,0.0227739753833603,0.0956360939742557,0.0,0.0,0.0195495101686723,0.0274628576718314,0.113878194862075,0.0,0.0308472388726067,0.0054856945314463,0.0,0.0076721856933069,0.0447582472723779,0.0,0.0,0.0038074397593764,0.0039086864927075,0.0,0.0082591176534037,0.142490834870163,0.0253759119502148,0.0141299234872151,0.0,0.0,0.0179844590888893,0.0,0.005564729130776,0.0496638986532931,0.132294545801582,0.005759626805088,0.0056998044198094,0.0079377121715113,0.0,0.0141679642042837,0.008994527151289,0.0,0.0494392261485906,0.0,0.0,0.0,0.0,0.0038421808523723,0.0,1.62858803484491,0.0,0.0037388133158901,0.0226556843140771,0.0092367837897475,0.0071141464686389,0.0,0.0,0.0067456594836997,0.0381759415675562,0.0060389416097568,0.0,0.0,0.0,0.0071662131492854,0.0,0.0,1.04346937779582,0.0,0.0443116669980131,0.0853147825660541,0.0408462405647268,0.0,0.0889613199560964,0.0,0.0195015058232549,0.0,0.0095691408898409,0.0391664984053098,0.0054569237319319,0.0,0.0060235067519191,0.0222627961287049,0.0255058621538302,0.0,0.0044768513688925,0.188657393649907,0.0,0.0,0.238685842710765,0.315709817493312,0.0,0.0,0.0,0.0,0.0,0.0139242817257653,0.0,0.0,0.0,0.0040854402553439,0.0129566785109998,0.0044085884281372,0.107168174807223,0.0357805911564671,0.0,0.0,0.0055278565989636,0.0207733736646033,0.0,1.46696017882335,0.259872223673752,0.0,0.0474297907448357,0.0,0.0071742122354105,0.0289475320738803,0.171691989630244,0.0035089451339841,0.0290215908522416,0.009400046493661,0.0308207796660906,0.0,0.0,0.0,0.0,0.0,0.0,0.0,0.0,0.0,0.0,0.0044112342602092,0.0162378745466977,0.017957072596142,0.018413833353639,0.0,0.0,0.0,0.0486285706287917,0.0,0.0,0.007627941872343,0.0075695715631795,0.0269183220371986,0.0,0.0045960714351231,0.0,0.0,0.0,0.0,0.0096931095577977,0.0,0.0,0.087542427043912,0.0,0.0077899507208428,0.0066357427721643,0.0257810324985935,0.0471126058022124,0.0,0.0,0.0,0.0,0.0,0.0,0.0,0.0,0.0,0.0,0.0,0.0,0.0,0.0,0.0,0.0,0.012642711474385,0.0,0.0,0.0,0.0,0.0,0.0,0.0,0.0,0.0,0.0,0.0056719382660481,0.0,0.0,0.0051816356853123,0.0,0.0099278427609449,0.018456526880931,0.0,0.0,0.0,0.0135497490757982,0.0,0.036192402458798,0.0,0.0158975508742017,0.0,0.0,0.0,0.0219169462486425,0.0,0.0,0.0,0.0,0.0,0.0,0.0,0.0,0.0,0.0,0.0,0.050922039329431,0.0,0.0,0.0,0.0102214124638623,0.016009733719264,0.0,0.0160082666631814,0.0,0.0,0.0,0.0327512213763486,0.0,0.0,0.0,0.0098397828592785,0.0,0.0,0.0177780129987203,0.0083237172624155,0.0,0.0035494746901909,0.0,0.0,0.0,0.0,0.0261938360440487,0.0535744389410915,0.0075104870278184,0.0050722499439535,0.0,0.0,0.0,0.0,0.0,0.0063766239416402,0.0,0.0,0.0,0.0,0.0,0.0,0.210708836287695,0.0,0.0,0.004446677108853,0.0,0.0039417385378301,0.0,0.0,0.0035336040413912,0.0209589695857901,0.0,0.0,0.0,0.0,0.0037727114372989,0.0,0.0,0.353097512761128,0.0,0.0143429386695033,0.0107490065566183,0.0124668900255219,0.0,0.0186819760196253,0.0036619620035685,0.0,0.0,0.0109842334630265,0.0081485707387281,0.0,0.0,0.0,0.0,0.0,0.0043203102949445,0.0,0.0398904080245715,0.0,0.0,0.0890956572152011,0.0972164706997806,0.0,0.0,0.0,0.0,0.0,0.0063362034269833,0.0,0.0,0.0,0.0,0.0072612589527774,0.0034381403423086,0.0155007434652001,0.0074300948117307,0.0,0.0,0.0075452978006872,0.0,0.0,0.649056267653671,0.0800584433486453,0.0,0.0049932528080778,0.0,0.0038182302380507,0.0,0.0,0.0036085921468489,0.0063481158567838,0.0,0.0039575493543318,0.0,0.0,0.0,0.0,0.0,0.0,0.0,0.0,0.0,0.0,0.0,0.0,0.0,0.0045687373502724,0.0,0.0,0.0,0.0155555124742923,0.0,0.0,0.0,0.0,0.0,0.0,0.019422789119329,0.0,0.0,0.0,0.0,0.0,0.0,0.0,0.0078263355864449,0.0,0.0,0.0,0.006562905076295,0.011409494136069,0.0
PRE,0.0,0.006059559538685,0.0180202135831528,0.317264985284295,0.0106229848103265,0.0437629890745603,0.0057909241287966,0.0170817635104664,0.0087075553113673,0.0,0.0313477462553313,0.0224996908035371,0.0038904160947823,0.0,0.0515852192407321,0.0,0.0,0.0,0.0110076928848886,0.0169067243044476,0.0495353296380622,0.0403566117593349,0.0257175985188512,0.0549746386275429,1.64166918259348,0.081907552920775,1.40325694904327,0.0116702821511986,0.0,0.0,0.0215078666456163,0.0,0.0,0.0047232021482298,0.0260455068955199,0.138659817443918,0.0,0.0042809517583048,0.0,0.0,2.52384746112527,0.0063068455950302,0.0,0.0145682183611366,0.0,0.0434052998129856,0.334936118767615,2.42264362208096,0.0291592988685932,0.0088959052005373,0.0072150951424081,0.0,0.0,0.0,0.0,0.0,0.0,0.007929254272311,0.0,0.0,0.0,0.0,0.0134176249438729,0.0,0.0,0.0,0.0040477580598843,0.0,0.0276224216559676,0.0,0.0604481985534609,0.0059385782560309,0.0243427265939607,0.0,0.0257333464176729,0.0116272889320748,0.0062204901967044,0.0,0.042119239331392,0.2571224370865,0.0128342858035645,0.0,0.0,0.0,0.0,0.0,0.0123231633893655,0.0073344108700122,0.0,0.0084436708995679,0.0,0.0979703522597503,0.005178776476403,0.0047610346445236,0.0067451961943141,0.0,0.0104521605361414,0.0,0.0,0.0591094355246538,0.0,0.0505811189737311,0.0,0.0,0.0040281657985592,0.0,0.0,0.0,0.0,0.0,0.008902357730283,0.0067559588556674,0.0317673979988725,0.0232967451758123,0.0060165269702073,0.0089062751391032,1.59849764269127,0.0,0.0,0.0,0.0099446982688211,0.0,0.0037413138214033,0.0102756028162678,0.0,0.0,0.0213601804423812,0.0664678610523403,0.009381060505782,0.0081233511948943,0.0,0.0,0.27186767242613,0.0,0.0,1.12436163090047,0.0083851419421949,0.0,0.0,0.0,0.0,0.0264167904357354,0.0,0.0,0.0097945788611075,0.0,0.0,0.0,0.0036619681330673,0.0321768474783549,0.0,0.0,0.0,0.0380317784755203,0.0748650091451736,0.176766527900816,0.0254134270671937,0.0038609856506309,0.0,0.0,0.131697824639619,0.0216633591402781,0.0,0.0,0.0,0.0109268465776061,0.0,0.0,0.0,0.0,0.0,0.0,0.0,0.0,0.006560525711179,0.0,0.0078579660877762,0.0057869599829825,0.0,0.0,0.0176239956932324,0.0,0.0112542228242073,0.0,0.0,0.0697610481626008,0.0220936206349052,0.0,0.0853974977014884,0.0274017618001179,0.0129427035779678,0.0,0.0,0.0,0.0,0.0035962570030312,0.0,0.0,0.0297128907888839,0.192919759179796,0.0648274195101796,0.0143052062673528,0.0,0.0048045264985617,0.0,0.0,0.0,0.0,0.0,0.0,0.0,0.0036587996048829,0.0127715575886494,0.0,0.0,0.0047115396240803,0.0,0.0,0.0,0.0083982854054499,0.0048029262193303,0.0,0.0,0.0042522505429277,0.0,0.0,0.0,0.0,0.0,0.0101127045088986,0.0,0.0,0.0,0.418779312240248,0.0216938040501224,0.366880762339514,0.0,0.0,0.0,0.0,0.0,0.0,0.0037582738477391,0.0,0.0122094753586811,0.0,0.0,0.0,0.0039445677885675,0.700599034666825,0.0,0.0,0.0,0.0,0.0,0.0285408370965631,0.492712603630259,0.0,0.0,0.0,0.0,0.0,0.0,0.0,0.0,0.0,0.0043089341554051,0.0,0.0,0.0,0.0,0.0,0.0,0.0,0.0,0.0,0.0,0.0,0.0,0.0044385033357655,0.0,0.0,0.0,0.0,0.0,0.0,0.0,0.0375259306869792,0.0430746525385051,0.0,0.0,0.0,0.0,0.0,0.0,0.0140619925491257,0.0,0.0,0.0,0.0,0.0526335102807578,0.0069754972511445,0.0,0.0,0.0,0.0,0.0,0.0,0.0138202396481308,0.0,0.0280735518928968,0.0,0.0,0.0,0.0,0.0,0.0,0.0,0.0,0.0,0.0,0.0128625105006577,0.0,0.0,0.0,0.142266101522114,0.0,0.0,0.0,0.0,0.0,0.0,0.0,0.0,0.0,0.011769221894076,0.0138092176966916,0.0,0.0,0.0,0.0,0.0114853683684731,0.0,0.0,0.104728655824926,0.0071207063440103,0.0,0.0,0.0,0.0,0.0,0.0,0.0,0.0040157649476535,0.0,0.0,0.0,0.0,0.0116999634502706,0.0,0.0,0.0,0.0,0.0,0.0048021198931566,0.0,0.0,0.0,0.0,0.0405089815910785,0.0,0.0,0.0,0.0,0.0,0.0,0.0,0.0,0.0,0.0,0.0,0.0,0.0,0.003561529501627,0.0,0.0083077345096982,0.00449706313328,0.0,0.0,0.0334384231738635,0.0,0.007975124909068,0.0,0.0,0.0,0.0,0.0035423517834482,0.0473764850698952,0.0190857066365449,0.0,0.0,0.0,0.0,0.0,0.0,0.0,0.0,0.0,0.0,0.0,0.0,0.0,0.0,0.0,0.0,0.0,0.0,0.0
PRM,0.0,0.0,0.0,0.0,0.0,0.0,0.0,0.0,0.0,0.0,0.0,0.0,0.607998242721665,0.0,0.0,0.0,0.0,0.0,0.0,0.0,0.0,0.0,0.0,0.0,0.0,0.0,0.0,0.0,0.0097553882861333,0.0,0.0,0.024239624839491,0.0098975605883565,0.0,0.0,0.0,0.0,0.0641840801115171,0.0,0.0120695070599588,0.0,0.0,0.198844224005811,0.0,0.0036893025479268,0.0,0.0,0.0,0.0,0.0,0.0601052964142881,0.0219267610016831,0.0,0.0,0.0,0.0,0.0114763937515046,0.0,0.0,0.0,0.0,0.0,0.0,0.0,0.0,0.541516603593394,0.0,0.0347326521300646,0.0,0.0,0.0,0.0,0.0,0.0,0.0,0.0,0.0,0.00368177898686,0.0,0.0,0.0,0.0,0.0,0.0061987913881164,0.0650331423751281,0.0063863659288342,0.0,0.0,0.0,0.0,0.0,0.0,0.0,0.0,0.0,0.0,0.0,0.0,0.146187696222934,0.0,0.013028465358872,0.0037203694380705,0.0,0.0,0.0,0.0116063557306488,0.0,0.0,0.0,0.0,0.0,0.0,0.004077935920629,0.0,0.0,0.0265084771291802,0.0,0.250110193184426,0.129613196366155,0.0,0.0,0.0,1.27045109809304,0.0103392001650471,0.0,0.0,0.0,0.0035159854285109,0.0,0.0,0.0,0.0,0.0,0.0,0.0872582653328583,0.0,0.0685360621615567,0.0087941272629166,0.0181456140062611,0.0,0.0203705234816763,0.0,0.0,0.0,0.0,0.0,0.0,0.356180238213651,0.0,0.0,0.0040233973551449,0.0,0.0,0.0,0.0,0.0,0.0,0.0,0.007215593658907,0.0,0.0,0.0,0.136127935730642,0.0,0.0,0.0,0.0,0.0,0.0,0.0,0.0076123476208201,0.0,0.0167231754793151,0.0259148757591746,0.0,0.0,0.0,0.0,0.0,0.0,0.0,0.0,0.0,0.0230193829484471,0.0133378095101367,0.0,0.0,0.0,0.0,0.0,0.0,0.0274529622986421,0.0066208642101936,0.0,0.0037837333329714,0.0,0.0,0.0,0.0,0.0,0.0,0.0,0.0,0.0,0.0,0.0,0.0,0.0,0.0,0.0,0.0,0.0,0.0,0.0,0.0,0.0,0.0,0.0,0.0,0.004482574567118,0.0,0.0035580964346473,0.0,0.0,0.291039721720965,0.0,0.0,0.0,0.0,0.017057095748424,0.0,0.0,0.0,0.0,0.0,0.0,0.0,0.0058581317574792,0.0764686758781878,0.0,0.0220358562336824,0.0108873208167693,0.0,0.0,0.0,0.0081893738317381,0.0077302281294636,0.0,0.0,0.0113041716485205,0.0,0.0,0.0,0.0,0.0,0.0,0.0,0.0,0.0,0.0,0.0,0.0,0.0,0.0,0.0,0.12094367173533,0.0,0.0,0.0,0.0,0.0,0.0,0.0,0.0241935097474904,0.0034760660697308,0.0,0.0220997461903115,0.0,0.0,0.0933203319923755,0.0,0.0370764979066803,0.0040419803511229,0.0,0.11306821510517,0.0,0.0055716109049315,0.0,0.0,0.0,0.0,0.0343619855748603,0.0559553767986698,0.0,0.0152008934828672,0.0,0.0,0.0063865431362688,0.0,0.0,0.0,0.0,0.0,0.0,0.0,0.0,0.0057053646624612,0.978007813782752,0.0,0.0116192526545248,0.0,0.0,0.0,0.0,0.0,0.0092258003944611,0.0660140504135467,0.0,0.0,0.0,0.0,0.0034952575215935,0.0,0.0,0.349698131414277,0.0,0.0098273979635581,0.0109614838112215,0.0,0.0,0.0832041617087512,0.0,0.0677161266966303,0.0,0.0042809450869471,0.0174193961293625,0.0,0.0,0.0,0.0636462194905486,0.0173666267245831,0.0063862359160498,0.0,0.020636178165295,0.0,0.0046402978890978,0.13448212639941,0.28558312414393,0.0,0.0,0.0,0.0,0.0,0.0,0.0,0.0,0.133429702399793,0.0,0.0,0.0,0.332966586271519,0.0,0.0,0.0,0.0,0.0197233646039873,0.0,0.8092093007771,0.0439196259410253,0.0,0.0,0.0,0.0075583841596741,0.0,0.0,0.0,0.0,0.0046408925557451,0.0383542637800656,0.0057059728860864,0.0,0.0,0.0,0.0,0.0,0.0,0.0,0.0,0.0,0.0,0.0,0.0,0.0040379278748022,0.0,0.0,0.0,0.106013237821129,0.0,0.0,0.0,0.0,0.369250723410254,0.0,0.0,0.0,0.0,0.0,0.0,0.0,0.0,0.0,0.260664462769984,0.0,0.0719984220200552,0.0151872220477586,0.0129717394212903,0.0056429998367876,0.0
PRNc,0.0,0.0,0.0,0.0063738708734529,0.0,0.0077228009154633,0.0,0.0,0.0,0.0,0.0,0.0,0.188636971878281,0.0,0.0,0.0681472540805823,0.0,0.0,0.0,0.0,0.0,0.0,0.0,0.0245622954468417,0.0,0.0,0.0041230916246298,0.0050563478838641,0.0180954175434209,0.0102532127208027,0.0,0.0035125155474201,0.0144581246090172,0.0,0.0,0.0050900759415151,0.116567535800258,0.0310756689562926,0.022635099819616,0.0,0.004598933324131,0.022390259261772,0.0103925740509417,0.0,0.0461395192874028,0.0,0.0,0.0,0.0,0.0,0.0083960458613109,0.0040877161709728,0.0,0.0,0.0,0.0,0.447094556075678,0.0,0.0,0.0,0.0,0.0,0.0,0.0113822675909316,0.0090018742154089,0.0122171236449581,0.0163854836034273,0.131093418302653,0.0,0.0089300614567223,0.0,0.0,0.0,0.011745436536131,0.131556445467231,0.0052049689523163,0.0276037343614463,0.0198392311445212,0.0,0.0086363458984411,0.0,0.0,0.113228092838796,0.0537770519033439,0.036401899304088,0.0701592574583086,0.0,0.0,0.0,0.0,0.0,0.0254565371164866,0.0,0.0,0.0,0.0038623081078841,0.0247918637206771,0.0,0.582666232076831,0.0117269678903866,0.0677264096222132,0.0431787478099355,0.0474111730345607,0.009400868362268,0.0,0.0,0.0,0.0266387231545707,0.014915012167826,0.0,0.0,0.0,0.0,0.0,0.0,0.601631134880068,0.0,0.0539211483474049,0.0724170849656576,0.139581110132963,0.0,0.0299539198418892,0.0379091910734423,0.110336805256577,0.0255900248400741,0.0339559043060638,0.0827888721974901,0.0,0.0,0.008847222495504,0.0,0.0,0.0,0.0,0.130377801527563,0.0,0.0434366908737908,0.881779715611302,0.702925657301481,0.025574772038932,0.005831041260382,0.0,0.0,0.0071013419760913,0.0285967547923338,0.0,0.0,0.0099447102880534,0.0,0.0071080567567892,0.0,0.109110083623533,0.0220307166075331,0.0,0.0,0.0,0.0060902629620554,0.0,0.148745052577361,0.0054020208078297,0.0,0.0366483459271184,0.0800429319547997,0.0,0.0,0.0065583436099819,0.0398385592758546,0.0153862025175674,0.0,0.0075177550779072,0.0082667765449176,0.0067476026848932,0.0,0.0053358991960181,0.0,0.0,0.0,0.0,0.0,0.0,0.0,0.0,0.0161097765138711,0.0159350066588926,0.0,0.0,0.0,0.147574873987824,0.0,0.0034663235078573,0.0082479100160317,0.0,0.006390567531781,0.0035152252470925,0.0334415421538252,0.0,0.0,0.0,0.0,0.0,0.0,0.0,0.0270139549185866,0.0,0.0035688707655476,0.0,0.0043927880597035,0.0327467004968788,0.0049076641629549,0.0,0.0,0.0,0.0038737306104444,0.0,0.0,0.0,0.0,0.0,0.0,0.0,0.0,0.296743474672121,0.0,0.0,0.0115254243849593,0.0,0.0,0.0,0.0,0.0,0.0,0.0,0.0124572149588152,0.0,0.0,0.0,0.0036625675729567,0.0226949185014651,0.0059297102881815,0.0,0.0,0.0089056695440859,0.0,0.0,0.0036663902362673,0.0897198219733468,0.0860239036565858,0.0095760149279191,0.0,0.0090212352099746,0.0135679941111194,0.008507280933425,0.0,0.0109326018107618,0.0,0.0,0.0,0.0,0.0,0.0259715931089879,0.0040927694121928,0.0,0.0,0.0,0.0,0.337389445714825,0.0,0.0,0.0,0.0,0.0,0.0,0.0075859104049269,0.0053803383427376,0.0112831420654274,0.0084967643862762,0.0910929036727611,0.0,0.0115343815529652,0.0,0.0,0.0,0.0040985953201367,0.0565165167318769,0.0046525536080232,0.0177206153518452,0.0124570713279717,0.0,0.0086401657847859,0.0,0.0,0.070215197021694,0.0272666338245026,0.0150625466267564,0.0370733642601168,0.0,0.0,0.0,0.0,0.0,0.0048604764120352,0.0,0.0,0.0,0.0,0.015022208344412,0.0,0.290843330082319,0.006240295890549,0.0394321920253388,0.0134915649598659,0.0211274080347934,0.0,0.0,0.0,0.0,0.0182319768924852,0.0101936678275528,0.0,0.0,0.0,0.0,0.0,0.0,0.407193556223169,0.0,0.0387180331250985,0.0529526467514371,0.0727242479470279,0.0,0.0177429572586139,0.14574517152045,0.107755766712333,0.0160352185481262,0.030816564910352,0.0521172204328176,0.0,0.0,0.0041541914033081,0.0,0.0,0.0,0.0,0.0497608301233708,0.0,0.13284166787216,0.44329970095526,0.381578260702313,0.009485758207627,0.0105951052496623,0.0,0.0,0.0,0.0167898531312621,0.0,0.0,0.0314503678847492,0.0,0.0050827703566914,0.0,0.0573611894383513,0.0099750339000308,0.0,0.0,0.0,0.0,0.0,0.0986080195795447,0.0,0.0,0.021362973360173,0.115533267938236,0.0,0.004031189059706,0.0046827304975554,0.0056007899790147,0.0065053532960925,0.0,0.0036942055053371,0.0068131756258513,0.0063354543476024,0.0037683262062387,0.0076017161318129,0.0,0.0,0.0,0.0,0.0,0.0,0.0,0.0,0.0066083702537563,0.0077645863683694,0.0044997176635732,0.0,0.0,0.0467616522772045,0.0,0.0,0.0,0.0,0.0,0.0045285086760545,0.0400972374571323,0.0,0.0,0.0,0.0,0.0,0.0,0.0,0.0125772787185362,0.0,0.0,0.0,0.0,0.0208304676118332,0.0
PRNr,0.0,0.0,0.0036301267393815,0.0056336083475312,0.0,0.0050744063715679,0.0,0.0,0.0,0.0,0.0,0.0,0.289564383971332,0.0,0.0072381142697295,0.0782300943915259,0.0,0.0,0.0,0.0,0.0,0.0,0.0,0.0044402571388163,0.0284377254516029,0.0,0.0322981603688786,0.0,0.0212238909009612,0.0100571525770697,0.0,0.0052409905959232,0.0054453897941902,0.0,0.0,0.0116521896284458,0.169636058490148,0.045464654064213,0.0186891618597862,0.0,0.0171752522580967,0.0064225065454312,0.0145066682600253,0.0,0.0210195878918735,0.0,0.0072362447842082,0.0056996811111955,0.0,0.0,0.0091553393217754,0.005654977375807,0.0,0.0,0.0,0.0,0.370366683028858,0.0,0.0,0.03282340749806,0.0285488093445938,0.0409103162358561,0.0,0.0,0.0037582305942081,0.0188097069460041,0.0284332464395564,0.0641383795606082,0.0,0.0,0.0,0.0,0.0,0.0095798999072599,0.064948247956659,0.0044321515353443,0.0145162943956198,0.0182881027528853,0.0,0.0165719238270394,0.0,0.0,0.0596907710974275,0.0339786286767272,0.0171598421211088,0.051766113840656,0.0,0.0,0.0,0.0,0.0,0.0158258071146478,0.0,0.0037448506700591,0.0041713073369237,0.0,0.0082196152571867,0.0,0.56126519437529,0.0115208317752528,0.0236038316580136,0.0256458342194645,0.0237758805079719,0.0312349290795941,0.0,0.0,0.0,0.0242085800408196,0.0040022402992601,0.0,0.0,0.0,0.0042524639102154,0.0,0.0,0.282400573937052,0.0,0.0328740117862568,0.0366691695923024,0.061860244521825,0.0,0.0314855957766968,0.045859541861632,0.143435463136289,0.0222307425189137,0.0271044845364502,0.0260537985022117,0.0051436913087391,0.0,0.004152360301002,0.0,0.0040606188472144,0.0,0.0,0.108602144602166,0.0,0.0632082781465803,0.546093909498845,0.94649672180649,0.0134034695803467,0.0396736085618845,0.0,0.0,0.0,0.0068739771233999,0.0,0.0,0.0125694380499729,0.0,0.0050883339336705,0.0,0.116173716656512,0.0146206256645747,0.0,0.0,0.0,0.0,0.0,0.146148741924255,0.0135315528719944,0.0053076001405313,0.0161575546206774,0.115820713934619,0.0,0.0058437915897116,0.0143858821229348,0.0095254657928718,0.0055558868610736,0.0,0.0075425784502773,0.0,0.0065531260868036,0.0073136632368514,0.0049639495470441,0.0,0.0,0.0,0.0,0.0,0.0,0.0036878708806854,0.0,0.0103102585042765,0.0209592106686187,0.0,0.0,0.0,0.148906957130501,0.0,0.003826103302599,0.0076114647731426,0.0073297286570264,0.0078372958852382,0.0035462940175103,0.025008720798779,0.0,0.0,0.0,0.0,0.0,0.0,0.0,0.0281136133385216,0.0,0.0039152544118835,0.0,0.0,0.024517219095388,0.0,0.0,0.0037344017693474,0.0038566444375232,0.0050860789023513,0.0,0.0,0.0,0.0,0.0,0.0,0.0,0.0,0.422481781570393,0.0,0.0069320895358498,0.0060677652354818,0.0,0.0,0.0,0.0,0.0,0.0,0.0,0.0,0.0303956744961756,0.0,0.0268199876797915,0.0,0.0278740829907317,0.0034808106613973,0.0,0.0,0.0,0.0,0.0,0.0050009653409093,0.129258595913998,0.11603252666117,0.0044804543318068,0.0,0.0235518584634334,0.0,0.012043978086293,0.0,0.0046012918531944,0.0,0.0072629745822983,0.0088335726166234,0.0,0.0,0.0306457628758162,0.0038764003493001,0.0,0.0,0.0,0.0,0.279211605787897,0.0,0.0,0.0,0.0,0.0,0.0,0.0,0.0,0.0158554199997133,0.0175825069886356,0.031397486622126,0.0,0.0,0.0,0.0,0.0,0.0042229150599464,0.0388410073776088,0.0034909614321245,0.0097748493626686,0.006732604218054,0.0,0.0170822749144467,0.0,0.0,0.0453598321437733,0.0118532505370533,0.0063059841781284,0.0236211403688218,0.0035053101489231,0.0,0.0,0.0,0.0,0.0046002289130204,0.0,0.0035904019275562,0.0057979692897425,0.0,0.0036475181197184,0.0,0.199068308886884,0.0058893594939074,0.0124746829447265,0.0145505995180425,0.0101234723963354,0.0037300389140634,0.0,0.0,0.0,0.0095871713223169,0.0,0.0,0.0,0.0,0.0037041391752209,0.0,0.0,0.121339589768895,0.0,0.014736754067839,0.0128959859531636,0.0293430634534415,0.0,0.0083970022413608,0.18347507791974,0.142699853493911,0.0082704457340084,0.0139340644164861,0.0165203839443456,0.0037951493056911,0.0,0.0,0.0,0.0,0.0,0.0,0.0350976241618338,0.0,0.176921278339748,0.304806243711386,0.334499469782065,0.0,0.014591861284163,0.0,0.0,0.0,0.0,0.0,0.0,0.0396196994153206,0.0,0.0,0.0,0.0447036195940351,0.005162656622067,0.0,0.0,0.0,0.0,0.0,0.0637246024379536,0.0,0.0037218179744186,0.0106279530627895,0.16819894799941,0.0,0.0,0.0,0.0,0.0,0.0,0.0,0.0036280500191328,0.0,0.0,0.0043781643680585,0.0,0.0,0.0,0.0,0.0,0.0,0.0,0.0,0.0046151153895927,0.004635220882917,0.0,0.0,0.0,0.0252651046952317,0.0,0.0,0.0,0.0,0.0,0.0047413146678054,0.0134798630938978,0.0,0.0,0.0,0.0,0.0,0.0,0.0,0.0081092169355748,0.0,0.0053372487086319,0.0140363626293209,0.0,0.0144474796232967,0.0
PRP,0.0,0.0,0.0,0.0,0.0,0.0,0.0,0.0,0.0,0.0,0.0,0.0,0.0703898593912114,0.0,0.0,0.0390103873256808,0.0,0.0,0.0,0.0,0.0,0.0,0.0,0.0,0.0,0.0,0.0,0.0,0.0888883908908178,0.0,0.0,0.0,0.0,0.0,0.0,0.0054637212995129,0.0164432051728043,0.0823406592879929,0.0,0.0087755413347414,0.0,0.0,0.0074579555674317,0.0,0.0034466438287982,0.0,0.0,0.0,0.0,0.0,0.052111688561232,0.0225130425907631,0.0,0.0,0.0,0.0,0.385309838491252,0.0,0.0,0.0,0.0,0.0,0.0,0.0,0.0250551100016427,0.0225678598109481,0.0,0.214287246177461,0.0,0.0700579892548484,0.0,0.0,0.0,0.0,0.0076151918517826,0.0,0.0,0.0185639293250367,0.0,0.0,0.0,0.0,0.0165684028900589,0.0051720225207328,0.0407318276299266,0.0443285825410706,0.0,0.0,0.0,0.0,0.0,0.0,0.0,0.0,0.0,0.0,0.0,0.0,0.0763908599152899,0.0,1.09465862400463,0.0,0.0223040628974038,0.0,0.0,0.0709987577565561,0.0,0.0,0.145263240958307,0.0,0.0,0.0,0.0,0.0,0.0,0.0528140513043606,0.0,0.167779399411814,0.0598637606356764,0.0609215950212838,0.0,0.0048225758623363,0.0487622346265442,0.0,0.140312055133145,0.0313820974045593,0.0034511791916192,0.0,0.0,0.0,0.0,0.0,0.0,0.0,0.0190740702146643,0.0,0.0073453983457003,0.166546861297643,0.120128361020759,0.337688751186738,0.0125869889515108,0.0,0.0,0.0,0.0,0.0,0.0,0.0246226114134825,0.0,0.0,0.0,0.0106401030360986,0.0,0.0,0.0,0.0,0.0,0.0,0.0074680695681638,0.0,0.0,0.0,0.0125308526626984,0.0,0.0,0.0,0.0,0.0,0.0,0.0,0.298266127439582,0.0332745054685512,0.0857489126809141,0.0551263738723412,0.0,0.0,0.0,0.0,0.0,0.0,0.0,0.0,0.0,0.0067501051660156,0.0523530627296954,0.0,0.0,0.01167466915801,0.0,0.0,0.0,0.0069931470162935,0.0,0.0,0.0231721561582056,0.0,0.0,0.0,0.0,0.0,0.0,0.0,0.0,0.0,0.0,0.0,0.0,0.0,0.0388351599111353,0.0,0.0,0.0,0.0,0.0,0.0,0.0,0.0,0.0,0.0,0.0,0.0,0.0641385548697253,0.0,0.0,0.0525706876155692,0.0,0.0,0.0,0.0,0.0,0.0,0.0,0.0,0.0,0.0,0.0,0.0,0.071391134583156,0.0065697165410884,0.0,0.0,0.0,0.0,0.0,0.0061070870125513,0.0070307792306651,0.0734791235201931,0.0,0.0118156165142521,0.0,0.0,0.006231432744917,0.0,0.0,0.0,0.0,0.0,0.0,0.0,0.0475204647478383,0.0232078648482982,0.0,0.0,0.0,0.0,0.403516946102726,0.0,0.0,0.0,0.0,0.0,0.0,0.0,0.0339208837612438,0.022804441158849,0.0,0.211520511314587,0.0,0.0808222849982333,0.0063949983193807,0.0,0.0,0.0,0.0,0.0104865037399678,0.0,0.0276508311353839,0.0,0.0,0.0,0.0,0.0193424039705177,0.0044274978285592,0.0278350575027361,0.0608585601007033,0.0,0.0,0.0,0.0,0.0,0.0,0.0,0.0043488607678084,0.0,0.0,0.0,0.0,0.208620716896054,0.0,1.06178366113067,0.0,0.0150837450732434,0.0,0.0,0.0529411495283267,0.0,0.0043939894499768,0.100961844913427,0.0,0.0,0.0,0.0,0.0,0.0,0.134305075447637,0.0,0.13830508348852,0.0509496267789103,0.0335670533908987,0.0,0.0160926960537507,0.0503126494719959,0.0034955075022414,0.165956659248722,0.0230635088850978,0.0053561690564646,0.0,0.0,0.0,0.0,0.0053163214994395,0.0,0.0,0.0333919448551904,0.0,0.0060896652214997,0.189663289409901,0.0964239516094066,0.314777529769261,0.0139877561544519,0.0,0.0,0.0,0.0,0.0,0.0,0.0278642399396793,0.0,0.0,0.0,0.0308450532833676,0.0,0.0,0.0,0.0,0.0059489643452206,0.0,0.0675193583715219,0.0045706829316439,0.0,0.0,0.012214961425297,0.0,0.0,0.0,0.0035095291330229,0.0,0.0,0.0,0.26100524205168,0.0224281793232966,0.0587453878937891,0.0403837170527079,0.0,0.0,0.0050162036181637,0.0,0.0,0.0,0.0,0.0,0.0,0.0059724378449643,0.0750563961472337,0.0,0.0,0.0082312294556153,0.0,0.0,0.0,0.0067269268784439,0.0082431377237555,0.0085429723980567,0.0194703151213724,0.0,0.0,0.0,0.0,0.0,0.0,0.0,0.0144818781515222,0.0,0.0108864188869076,0.0,0.0,0.0,0.0247038234556618
PSV,0.0,0.0,0.0,0.0,0.0,0.0,0.0,0.0040934881514147,0.0,0.0078957859611436,0.0,0.0,0.630619232506405,0.0,0.0,0.0301162171816345,0.0,0.0,0.0,0.0,0.0,0.0,0.0,0.0,0.0,0.0,0.0,0.0154188323582194,0.118504336918163,0.0,0.0,0.0042316788450538,0.0054653946951145,0.0,0.0,0.003793645015577,0.138492882691763,0.187543433437213,0.0814195670073545,0.554541033131151,0.0,0.0,0.0151087837468833,0.0,0.0059738826965919,0.0,0.0,0.0,0.0,0.0,0.133726338962926,0.0481452069913737,0.0,0.0,0.0,0.0,0.278172130276327,0.0,0.0,0.277125525304251,0.21554365396913,0.283770740171608,0.0,0.0054296697876409,0.0,0.0629834728385137,0.038116683067454,0.367914060432354,0.0,0.0908564518911009,0.0,0.0,0.0,0.0,0.0094185012681886,0.0062634075422679,0.0,0.0303132395799195,0.0,0.0,0.0,0.0,0.0326488262460604,0.0073723299506017,0.132293737172442,0.0852536461603086,0.0,0.0,0.0085940073360242,0.0038055473701367,0.0,0.0,0.0,0.0,0.0,0.0,0.0,0.0,0.506290276064664,0.0,0.431282835409168,0.0,0.0172689361511522,0.204059602937577,0.0,0.0291935001728802,0.0,0.013434294524974,0.0594646251972187,0.0,0.0,0.0,0.0045507833405964,0.0,0.0,0.397516133777117,0.0,0.378458724856544,0.573682045383154,0.0469191367384905,0.0,0.0147031745117402,0.134335989284775,0.0277747322009963,0.043138913185304,0.103515660298497,0.0122128376997683,0.0063027330636182,0.0,0.0,0.0050430767457233,0.0161825569404489,0.0,0.0,0.167249851293793,0.0,0.231413648190529,0.376382310945951,0.572987989522407,0.0296851569676425,0.690249440728466,0.0,0.0,0.0,0.0046677155171814,0.0,0.0,0.0374699430120558,0.0,0.0,0.0042809017092042,0.0387320151502552,0.0,0.0,0.0,0.0,0.0,0.0,0.29077139765968,0.0134992390472329,0.0,0.0071067086306117,0.152544367584836,0.0,0.0,0.0052167758743474,0.152876331539917,0.0096718886020567,0.0060585734983995,0.0109312660067382,0.173784602088255,0.119323749163965,0.153096524059198,0.129852515682347,0.0,0.0,0.0,0.0,0.0,0.0,0.003805968684032,0.0,0.0,0.20754122857554,0.0874086792788782,0.0,0.0,0.0483619786799791,0.0,0.0,0.0041910835866043,0.119116034733862,0.0040850584543764,0.484613475761631,0.172568933841395,0.0,0.0,0.0,0.0,0.0,0.0,0.0,0.0169578648738002,0.0,0.0036586493571965,0.0061424682534258,0.0152253650361475,0.0,0.0311415716394483,0.0,0.0,0.0,0.0,0.0,0.0,0.0,0.0,0.0,0.0,0.0,0.0,0.154385825041377,0.0,0.0,0.0530924825789689,0.0,0.0,0.0,0.0,0.0,0.0,0.0062305259030256,0.0,0.0,0.0,0.0,0.0148221512982069,0.0496000712154819,0.0071932741972869,0.0,0.0043165909129985,0.00585351061591,0.0048620346151224,0.0,0.0041747239769437,0.110936779712755,0.0418321156554925,0.0106605634114743,0.0140659280215497,0.0151310499903984,0.0,0.0,0.0,0.0,0.0,0.0,0.0,0.0,0.0,0.0173456270358893,0.0180324431633631,0.0,0.0,0.0,0.0,0.142916339044313,0.0,0.0,0.0636839949763647,0.0325969722349691,0.103170413437158,0.0,0.0045610804345647,0.0035089746914839,0.0078302147725724,0.0190883081023697,0.105753201313121,0.0,0.0496912263918118,0.0042009297081851,0.0,0.0,0.0,0.0369402198402861,0.0099993944867817,0.0,0.0114459358585394,0.0,0.0,0.0,0.0,0.0447073495593182,0.0093434489180015,0.030317710280065,0.0222093049640553,0.0073796796850467,0.0,0.0159690752898559,0.0,0.0,0.0,0.0043008879359713,0.0,0.0,0.0,0.0,0.0,0.560484478798796,0.0,0.369763638361864,0.0,0.0067401521944077,0.143898066379937,0.0,0.008691273421682,0.0,0.0190350897263973,0.0251157312879469,0.0,0.0,0.0,0.0055794233364508,0.0,0.0,0.326364177934251,0.0,0.131699408546569,0.0995048593831474,0.0140597993048479,0.0,0.0345535019024156,0.0242634011075798,0.0123039694388717,0.012596150669185,0.0382924698602123,0.0392706632867261,0.0,0.0,0.0,0.0708202054080633,0.007281260056256,0.0,0.0,0.0632708024134902,0.0,0.0530682532007922,0.28610399009693,0.375001366649711,0.0118047455345369,0.0573091760053163,0.0,0.0,0.0,0.0043270060143329,0.0,0.0,0.0189171690522284,0.0,0.0038062490922011,0.0,0.141069680622473,0.0206898391242381,0.0,0.0,0.0,0.0071443272514258,0.0,0.332252948520453,0.0078597593832132,0.0,0.0095663553412814,0.0406910540769059,0.004009130546266,0.0,0.0,0.0744398731714124,0.0112770652589476,0.0085913703219536,0.0314260994938054,0.170982727522319,0.0111762637618772,0.0222262257542531,0.0384648876959391,0.0,0.0,0.0,0.0,0.0,0.0,0.0,0.0,0.0,0.0428667888702724,0.0287394788705088,0.0,0.0,0.0492064958770546,0.0,0.0,0.0,0.0308661659582827,0.0087546015315558,0.03587525329675,0.0410631945820181,0.0,0.0,0.0,0.0,0.0,0.0,0.0,0.0388211046859426,0.0,0.0746053524901918,0.299560763736513,0.0307819131063673,0.0382275101823273,0.0219615405292412
PT,0.0176213124378323,0.609037766081638,1.2847642254601,2.35061134482079,0.0233423571704193,0.103010145568671,0.0460535253583706,0.0236636792654285,0.0922063086023923,0.0,0.238745989364529,0.0955749924195884,0.0,0.0039198082989683,0.268848466922287,0.0,0.0072823718564195,0.0,0.0,0.0,0.0830896987970669,0.359335153932549,0.351652542003751,0.588682604391808,0.245171302551512,0.0043034135374227,0.0578142681748764,0.306673860749099,0.0,0.0107881724363185,0.0797025877978114,0.0,0.062483468628159,0.0240529678052612,0.051875824300141,2.51432389212855,0.0,0.0,0.0,0.0,0.0405809326527183,0.0631643489241396,0.0,0.0886608213689161,0.0,0.0775842945893312,0.307285578048907,0.230239504531192,0.0545385555398242,0.0323720135116551,0.0,0.0,0.028164863165185,0.022673481343245,0.0246498057130808,0.0,0.0,0.0057582862549994,0.0431052898705522,0.0,0.0,0.0,0.467727130503585,0.0106707864263015,0.0,0.0,0.0,0.0,0.136950763730562,0.0,0.0082369574135533,0.0,0.0,0.0287523907836482,0.155374936562887,0.0051400462517694,0.0728669864441324,0.0,0.0106313961342659,0.341396841455576,0.234541826930349,0.0063392931879111,0.0,0.234730764278046,0.0,0.0,0.25503149234506,0.0,0.0,0.0,0.0411325899392921,0.0124272621400955,0.0488603798977957,0.0114588916110783,0.200115260214439,0.0568707285059489,0.0807265615927339,0.0,0.0041695729485317,0.0528773910101801,0.0,0.0258055438160191,0.0,0.0,0.0056080207973511,0.0,0.0,0.0046355101145632,0.0,0.0751618211337612,0.407912521648127,0.153386458030848,0.17785480219761,0.151854351003919,0.0036873964769855,0.0277539442438447,0.0148330478341242,0.0,0.0,0.0,0.0107703101164822,0.0,0.0,0.0,0.0,0.0,0.0246155336905153,0.0413997034170384,0.783544600830927,0.0040244580815273,0.0,0.0,0.0396441438979972,0.0,0.0,0.0286742383149534,0.0,0.0,0.0,0.0,0.0,0.345465797390342,0.0141880668897971,0.03072867170447,0.270222347800952,0.0,0.0169552986420034,0.0,0.0133904678179365,0.107074511887873,0.0112670014673773,0.0,0.0,0.138830818731551,0.157720079862641,0.348199805097025,0.170490510003889,0.0386403620302003,0.0,0.0,0.0287282122460637,0.360823571648277,0.0,0.0,0.0,0.0049407618453661,0.0,0.0042039423909667,0.0,0.0,0.0,0.0,0.0,0.0,0.0,0.0,0.0,0.0,0.0047375766757676,0.0,0.0037215540299944,0.0,0.0059192702987967,0.0,0.0,0.0590640976113602,0.0098725240259346,0.0,0.0226046593272402,0.0632133017329372,0.0526943925004397,0.0,0.0116450965854728,0.0,0.0,0.0034891787019225,0.0057125910540051,0.0359922777859188,0.0127427209492041,0.0465381108150234,0.0328707393981582,0.0338029061657062,0.0120974432678949,0.116833540227793,0.0,0.0,0.0,0.0,0.0,0.0,0.0140758886209408,0.0225014202274029,0.0909718664585037,0.0,0.0158425865179894,0.0,0.0043363860914186,0.0054577339374072,0.0,0.010254476312324,0.0040593978176298,0.0,0.0,0.0153655955959213,0.0,0.0,0.0,0.0,0.0,0.0,0.0206389464484634,0.025596358985686,0.0435070337243229,0.023087601887174,0.0,0.0051476628434455,0.0151612886863061,0.0,0.0,0.0,0.0,0.008976767755848,0.0,0.0,0.0623413064067747,0.0,0.0,0.0,0.0,0.0149883572894857,0.0114910067665843,0.0,0.0048843783944485,0.0,0.0,0.0391214969657352,0.0177221708621653,0.0051360059725221,0.0,0.0,0.0,0.0,0.0,0.0,0.0,0.0,0.0,0.0,0.0,0.0,0.0,0.0176313304862193,0.0,0.0,0.0,0.0,0.0,0.0061037975882355,0.0,0.0,0.0,0.0,0.0067489729393733,0.0064636466151206,0.0,0.0,0.0,0.0,0.0198741667425455,0.023658509394559,0.0,0.0,0.0077036635112682,0.0,0.0,0.0076560066485513,0.0,0.0,0.0,0.0,0.0,0.0,0.0048789751416122,0.0076229977711365,0.0041985481538545,0.0067864597300056,0.0,0.0,0.0139089302149533,0.0,0.0078582637495672,0.0,0.0,0.0,0.0,0.0,0.0,0.0,0.0,0.015514031492514,0.0051483824988498,0.0080192385584788,0.0046740841484437,0.0,0.0082087642518113,0.0,0.0,0.0,0.0,0.0,0.0,0.0,0.0,0.0,0.0,0.0080929603835193,0.015576805773927,0.0140365279901043,0.0,0.0,0.0,0.0036995216064719,0.0,0.0,0.0,0.0,0.0,0.0,0.0,0.0,0.0087184702531011,0.0,0.0044016612659707,0.0325916693969641,0.0,0.0,0.0,0.0050554674707539,0.0203697789347053,0.0,0.0,0.0,0.0,0.0,0.0063645561830157,0.0120390960252316,0.0041095423431284,0.0,0.0,0.0049230295758099,0.0094902228644249,0.0,0.0,0.0,0.0,0.0,0.0,0.0,0.0,0.0,0.0,0.0,0.0,0.0,0.0,0.0,0.0,0.0,0.0,0.0,0.0,0.0,0.0,0.0,0.0,0.0,0.0,0.0040023195461752,0.0072004253717221,0.0145808759315529,0.0,0.0,0.0,0.0,0.0,0.0,0.0,0.0,0.0,0.0,0.0,0.0,0.0381406170695168,0.0,0.0,0.0,0.0,0.0
PTLp,0.0,0.746530170749644,0.231539165481241,0.0188167643702678,0.0130987075621608,0.0,0.005954261461224,0.0036190363309067,0.008297923917048,0.0,0.0309016976578409,0.0266462672150628,0.0,0.0,0.0051261638737779,0.53758839991814,0.0,0.364681599519167,0.225409483416687,0.105222428448097,0.0561943387940302,0.0,0.0,0.0,0.0082876815931405,0.0,0.0,0.0,0.0,0.076879699177754,0.0198818845207441,0.0,0.0044676735521039,0.0,0.0,3.57177301692936,0.0229110992381697,0.0,0.0046659556405588,0.0,0.0299543063717389,0.0,0.0,0.0106418996558934,0.0,0.0283540397280221,0.086797498759779,0.0526925389558903,0.0,0.0,0.0,0.0,0.0,0.0,0.0415148966793723,0.0,0.0079962662409675,0.0,0.0,0.0051933815024851,0.0128717902357914,0.0644527565584802,0.0174954407098277,0.0,0.005009635994661,0.0,0.0,0.0,0.0,0.0,0.670280943218259,0.19451792175475,0.130768605613827,0.0175820952614614,0.0,0.871678974258953,0.0,0.0,0.0,0.0,0.0,0.0,0.0084028353368282,0.0478405822111726,0.0,0.0,0.0,0.0158496608152221,0.0490456020056503,0.0331681635077534,0.0,0.0,0.0050214076465975,0.380898321432009,0.853430099769118,0.0,0.0,0.0256464302790428,0.286816917572125,0.0,0.0,0.0,0.0057243374775159,0.0,0.0,0.0,0.0677978245772989,0.0484792616634252,0.0,0.102111191164536,0.0696853582935285,0.340976739070574,0.0066506567900198,0.0,0.0,0.299791569126556,0.0122170091783172,0.0,0.0036494439069411,0.0162801871180496,0.0107696839933013,0.0613662248181429,0.0066894586870473,0.15590575084246,0.0,0.0,0.0171177326276279,0.0087822538362521,0.0917570300348816,0.0,0.20550163750193,0.0587984476497452,0.132900327096443,0.0110197149792615,0.02149271757808,0.016823362460238,0.0,0.0166784928503912,0.100048743496088,0.0,0.0,0.0,2.03259855062912,0.0,0.0,0.0,0.0,0.0,0.0,0.0227481830435888,0.0106091472002606,0.0484808745668985,0.0,0.991949660002858,1.16330298885674,0.623682898039558,0.379973850347102,0.0,1.32413786629233,0.2779796068356,0.0,0.0,0.0,0.0235660964603192,0.0,0.157060131417856,0.0,0.004387863031951,0.0064314337634696,0.0332026061871153,0.0,0.0,0.0,0.0,1.33510398389894,0.337401088767828,0.0065728749614551,0.0148507336235308,0.581581827964311,0.246895321615891,0.570458207608339,0.0064171738946084,0.0,0.0,0.0,0.3164912210145,0.0,0.121517797747672,0.0,0.007731809526631,0.0,0.0,0.109461010374009,0.0,0.0,0.0163941252941855,0.64183854033288,1.1205301586726,0.665065827936416,3.08849216420377,0.137344197628138,0.732954430753284,0.0794529017186248,0.0,0.259940335211353,0.140986796054646,0.0073875570494447,0.0,0.0,0.0,0.0266693476732249,0.0112268102438471,0.0,0.0,0.0,0.0,0.0,0.0,0.0,0.0052391083096921,0.0,0.0,0.0,0.0,0.0,0.0,0.0544673741915227,0.0501842001950365,0.0273596632725714,0.0,0.0,0.0,0.0,0.0,0.0,0.0,0.0,0.0,0.0,0.0049036122659768,0.0,0.0,0.0,0.0,0.297966096131921,0.0078493505013449,0.0,0.0,0.0,0.0162262783511577,0.0,0.0,0.0,0.0,0.0107887226806376,0.0245382475706967,0.0117907161195296,0.0,0.0,0.0,0.0,0.0,0.0,0.0,0.0,0.0078383044811236,0.0,0.0,0.0,0.0,0.0,0.0,0.0,0.0,0.0,0.0,0.0,0.0,0.0,0.0,0.0,0.0,0.0,0.0,0.0,0.0,0.0,0.0,0.0,0.0,0.0,0.004628525831546,0.0,0.0142314157117682,0.0,0.0,0.0,0.0,0.0,0.0,0.0,0.0048056670833869,0.0470264177257793,0.0448659848719654,0.0,0.0,0.0,0.0085865270107068,0.0,0.0,0.0038167172052322,0.0,0.0,0.0,0.0,0.0,0.0,0.004139251929446,0.018393843687966,0.003614690377606,0.029961101074644,0.0061524289229688,0.0,0.0,0.0269320317495453,0.0,0.0076978429767296,0.0,0.0052019375136759,0.0060495663934132,0.0,0.0136101543348369,0.0,0.0,0.0,0.0,0.0039980316978784,0.0045206379025427,0.0,0.0,0.0,0.0160087774567534,0.0,0.0,0.0,0.0,0.010193465984866,0.0060081289304693,0.0,0.0074154512515728,0.0,0.233940917758995,0.0,0.0,0.0,0.0,0.0,0.0,0.007865873980574,0.0,0.0,0.0,0.195551702473683,0.194395305647006,0.115032982425293,0.0,0.0,0.010021442102501,0.0,0.0,0.0,0.0,0.0055438615000245,0.0,0.0,0.0,0.0,0.0,0.0,0.0,0.0255032909652169,0.0254343232577528,0.0060168058663426,0.11711034508833,0.0589928381002109,0.0,0.006203685583316,0.0959367273087035,0.03126626224493,0.0752803078404845,0.0,0.0,0.0,0.0,0.0694587659394652,0.0,0.0,0.0,0.0052065260915003,0.0,0.0,0.0,0.0,0.0,0.0049178273548059,0.0575167967161161,0.150886840874376,0.0801447272249867,0.27072500317425,0.0159291084963815,0.08638398280329,0.0,0.0,0.0,0.0,0.0,0.0,0.0
PVH,0.0121496495688594,0.0079235025430117,0.008741620779255,0.0394994114524957,0.0,0.397850646679923,0.0,0.0,0.0,0.0,0.0043768032729089,0.0,0.0,0.0,0.0076549229203174,0.0108657757600961,0.0371638258795518,0.0,0.0,0.0,0.0,0.0090563301766017,0.0227713561563091,0.30210335288595,0.0333100167897729,0.0,0.0116782473220188,0.048371413145246,0.0,0.0,0.0,0.0087216847079893,0.0093848679837547,0.004688439405626,0.0069974507279984,0.0079260244079003,0.0235549664469718,0.0,0.0085583248564037,0.0,0.006796502532726,0.140538226836166,0.0,0.0036371267507952,0.0167414175798316,0.0,0.0,0.0,0.0,0.0,0.0,0.0,0.0,0.0,0.0046847559091366,0.0057850904314303,0.0,0.0,0.0,0.0,0.0,0.0,0.0,0.0087421770913548,0.0,0.0,0.0082954775865028,0.0034882812781653,0.0071499504780483,0.0,0.0037678717399196,0.0,0.0,0.0523524272043818,0.411243273785573,0.0122285576345159,0.139085354388729,0.0,0.0309103122946722,0.218417499326069,0.105692309614852,0.0053829011184164,0.0,0.0331979720376228,0.0,0.0,0.0783168021391098,0.0,0.0,0.0,0.0278380268327494,0.0262953843858724,0.0,0.0,0.0087183044456417,0.281366553616598,0.362189313112978,0.0,0.156070751974146,0.0770728258043751,0.0,0.0842549540575951,0.0,0.0,0.0,0.0,0.0,0.0190540852156076,0.0,0.0,0.0,0.0,0.0047359916635691,0.0230234783594342,0.0034595747542018,0.426259383833714,0.0,0.0,0.0108384209082206,0.0240899669130676,0.0,0.0070107631629119,0.0,0.0,0.0,0.0,0.179921816214353,0.0036367709646629,0.0,0.0375450349010954,0.0,0.0034809504367132,0.0,0.0,0.0146709229398065,0.0,0.0,0.0100522905531544,0.0201569072469727,0.0,0.0,0.0330421489396835,0.0,0.0571978179375808,0.0715009558533937,0.01014816821055,0.0387191520119064,0.0,0.0500074133452672,0.0610520978604854,0.0,0.0139284025598233,0.0108777644108853,0.0,0.0,0.0095766271644543,0.0227825111939036,0.0474693959236113,0.0641333298529121,0.0,0.0211534580960006,0.129640250445523,0.0,0.0066273429295483,0.0,0.0,0.0,0.0284920753854047,0.0093587194286443,0.0035999523785144,0.0,0.0,0.0,0.0,0.0,0.0,0.0,0.0,0.0,0.0,0.0,0.0,0.0496208503769494,0.0,0.0,0.0,0.0,0.0034778220556256,0.0094859029517646,0.0079103155119073,0.15700215180245,0.0,0.0,0.0,0.0,0.0,0.0,0.0,0.0,0.0,0.0,0.0,0.0233780088752736,0.258414184221428,0.004150179654124,0.0,0.0052500382393407,0.0475073526833965,0.0,0.0,0.0,0.0,0.0,0.0,0.021550690578017,0.0,0.0,0.0,0.0,0.0,0.0,0.0,0.0,0.0,0.0,0.0094987100413553,0.0,0.0,0.0,0.0,0.0,0.0,0.0311714313763911,0.0,0.0,0.0,0.0,0.0,0.0,0.0,0.0034693325420292,0.0047980593287467,0.0,0.0,0.0,0.0079077732579376,0.0,0.0,0.0,0.0074689121213074,0.0166933831197889,0.0,0.0,0.0,0.0,0.0,0.0,0.0,0.0,0.0,0.0,0.0,0.0,0.0,0.0,0.0,0.0,0.0,0.0,0.0,0.0,0.0,0.0048731951070465,0.0,0.0,0.0,0.0,0.0,0.0,0.0,0.0,0.0,0.0201889533873713,0.042078107331742,0.0,0.0102538245727632,0.0,0.0,0.0226083115604181,0.0153249648203835,0.0,0.0,0.0173067657878453,0.0,0.0,0.0,0.0,0.0,0.0,0.0037366634425124,0.0061980661080279,0.0,0.0,0.0,0.0147625847843703,0.0284165342902089,0.0,0.0194722375086055,0.0214659979970865,0.0,0.0208006228440109,0.0,0.0,0.0,0.0,0.0,0.005694847292255,0.0,0.0,0.0,0.0,0.0,0.0,0.0,0.131373370409925,0.0,0.0,0.0,0.0057777378810243,0.0,0.0034437312780721,0.0,0.0,0.0,0.0,0.0590093852238281,0.0,0.0,0.0155997163666688,0.0,0.0,0.0,0.0,0.0,0.0,0.0,0.0,0.0,0.0,0.0,0.0128840326850224,0.0,0.0113450906005636,0.028958751457844,0.0,0.0047955996251486,0.0,0.0183228618725765,0.0279444483931742,0.0,0.0,0.0,0.0,0.0,0.0,0.0,0.0038623708065214,0.0192659560620112,0.0,0.0048097952182047,0.0091768156448116,0.0,0.0,0.0,0.0,0.0,0.008311930685852,0.0,0.0,0.0,0.0,0.0,0.0,0.0,0.0,0.0,0.0,0.0,0.0,0.0,0.0,0.0180836738267268,0.0,0.0,0.0,0.0,0.0,0.0,0.0,0.0284018416260186,0.0,0.0,0.0,0.0,0.0,0.0,0.0,0.0,0.0,0.0,0.0,0.0,0.0119305739476809,0.0,0.0,0.0,0.0083300705846901,0.0
PVT,0.0162516296954032,0.21174998337342,0.373657793565303,2.14146079419844,0.0090252768648145,0.0658034125640193,0.306585795104077,0.0645771082761563,0.301545573676602,0.0,0.114479551715051,0.0692808510115133,0.0,0.0,0.309904573908045,0.0,0.0039117684717027,0.0,0.0,0.0,0.0328884747144315,0.278362481908102,0.27648933920723,0.512234020640529,0.164219744182632,0.0049720837092451,0.03321227015026,0.382959668409282,0.0,0.0115031258215448,0.104178645892252,0.0187458946427109,0.0524645740038103,0.0221350051752406,0.0269015649178783,1.90709998752049,0.127204975635082,0.0,0.0,0.0,0.0427346368123896,0.0651617222204994,0.0,0.0490349497890218,0.0238099901916131,0.0576385077814962,0.200663795672323,0.1001247544618,0.0827206008581952,0.0379914342621442,0.0,0.0,0.0636294893058103,0.039825044310374,0.0499207997638417,0.0,0.0,0.0264338825911234,0.0439223331338363,0.0,0.0,0.0,0.342329413938983,0.0332996474356535,0.0,0.0,0.0426833491802142,0.0,0.0882657319686269,0.0,0.0042674909706068,0.0,0.0,0.201101828048035,0.156959084880641,0.0037492902681781,0.0557393561921713,0.0,0.0048578743628514,0.227638144780988,0.168820565227216,0.006468372243603,0.0,0.598690803332293,0.0,0.0,0.165378044664959,0.0,0.0,0.0,0.0952067082785099,0.0062087371015327,0.0233025487518795,0.033858105344681,0.23099259243988,0.035239165888998,0.0495174031654112,0.0,0.0424297259098098,0.0238090588944048,0.0,0.0174993392828402,0.0154561174421512,0.0,0.0051446884440178,0.0,0.0,0.0074804647912247,0.0,0.211440322499436,0.307046576479222,0.102073820165241,0.185702542892513,0.0932205221334921,0.0,0.0834472568260527,0.0061610753538221,0.0,0.0,0.040051381106877,0.0073577401207005,0.0794269219973402,0.0,0.0,0.0,0.0,0.05508795922889,0.0497623534871205,0.45652257566045,0.0038786689607144,0.0055242976680248,0.0,0.0157800160513114,0.0,0.0,0.0103937328839389,0.0,0.0,0.0060557191750491,0.0,0.0,0.192222844208191,0.0042255332241707,0.0220074220015597,0.415328235556806,0.0,0.0149323477072113,0.0,0.0088073306742505,0.0735873679538793,0.006432159186876,0.0040094940128947,0.0,0.0351293469628871,0.0647691967961533,0.123878638187028,0.205219801045818,0.0318002972131074,0.0055050242870841,0.0,0.0128066336805829,0.330783925538423,0.0,0.0092915977342748,0.0,0.0038762645566145,0.0,0.0102280058409941,0.0,0.0,0.0,0.0,0.0,0.0,0.0,0.0060448607061216,0.0042548756334103,0.0,0.0,0.0,0.0084080322971752,0.0,0.0279316375166065,0.0,0.0,0.0348503842550269,0.0080411166504644,0.0,0.0106439621537702,0.0527810437449449,0.0380732232866234,0.0,0.0468616193270919,0.0,0.0,0.0086482468536031,0.0,0.009094675911082,0.0,0.0130650602886574,0.0086202474494711,0.0082913501230331,0.0565076600849794,0.0848968166768218,0.0,0.0,0.0037490564900023,0.0336598117388198,0.0,0.0,0.011634236412782,0.0184692931205784,0.228132807544724,0.0,0.0111489951221702,0.004694035769686,0.0107139063125317,0.0078232296324386,0.0,0.006590341156179,0.0052871512926592,0.0,0.0,0.0576959830634543,0.0,0.0,0.0,0.0,0.0,0.0,0.0307943682179912,0.0314623585399845,0.0710402792544853,0.022001976790447,0.0,0.0039427567486311,0.0656626922332073,0.0,0.0,0.0059314274350451,0.0075571044253719,0.0128414551583895,0.0041168147115737,0.0037204213294546,0.0905169605866739,0.0865107124753754,0.0,0.0,0.0,0.019581562602356,0.0144756997338772,0.0,0.0052609462791136,0.0041419425674342,0.0068421673549132,0.0433782462154249,0.0181862146082266,0.0135503760525587,0.0064661700958942,0.0,0.0,0.0,0.0070472438400753,0.0,0.0,0.0,0.0,0.0050461729543264,0.0,0.0,0.0,0.0164446273595733,0.0121864781059948,0.0,0.0,0.0329280660959802,0.0,0.0050588918172285,0.0,0.0,0.0,0.0,0.0095341824293239,0.0342966648748095,0.0,0.0047381698759558,0.0,0.0,0.0147228517594657,0.0178652151103903,0.0,0.0,0.0303287143310665,0.0,0.0,0.0122085250281308,0.0,0.0,0.0,0.0052007624823569,0.0,0.0049078964453174,0.0067057713437033,0.0087794032202101,0.0,0.0047302975952888,0.0,0.0199888810594304,0.0065311768494707,0.0,0.0074716416193191,0.012409915228948,0.0,0.0,0.0,0.0,0.0,0.0,0.0042126156459427,0.0121946779507785,0.005374055538209,0.0159403300683886,0.0,0.0,0.045359201809392,0.0,0.0,0.0,0.0365393563697691,0.0,0.0,0.0,0.0,0.0,0.0,0.0271022760492728,0.0220308412604303,0.0115733546035493,0.0,0.0,0.0,0.0042605367909404,0.0,0.0,0.0,0.0,0.0,0.0049552992090891,0.0,0.0,0.0077103321667072,0.0,0.0034929603591777,0.0704550887886572,0.0,0.0,0.0,0.0,0.0218852624149739,0.0,0.0,0.0,0.0,0.0,0.0069329229890727,0.0228028678467093,0.0035658416625977,0.0,0.0,0.0,0.0272706370981647,0.0,0.0,0.0,0.0,0.0,0.0,0.0,0.0,0.0,0.0,0.0,0.0,0.0,0.0,0.0,0.0,0.0,0.0,0.0,0.0,0.0165111734610279,0.0,0.0,0.0,0.0,0.0,0.0,0.009567458239599,0.0101892066515847,0.0,0.0,0.0,0.0,0.0,0.0,0.0,0.0,0.0,0.0,0.0,0.0112286897493581,0.0242862312438963,0.0,0.0,0.0,0.0067768785870175,0.0
PVp,0.0048321957308749,0.0,0.0,0.0147700614534171,0.0,0.181443374865995,0.0064550011014983,0.0072955914803268,0.0038894077989387,0.0,0.219972715756206,0.0346242453303423,0.0043334998992492,0.0,0.0049663691544619,0.0041715485497597,0.0720210345647143,0.0,0.0,0.0,0.0132117670019998,0.0110671678731251,0.0222514975262239,0.16869966367906,0.017070209861762,0.0,0.012213654360061,0.0413145121819773,0.0067063875726117,0.0,0.0,0.005050417993508,0.0055612385380228,0.0154584447471092,0.0500626718306939,0.013045894920851,0.0255004993945643,0.0,0.0042318759209496,0.0,0.0339166614739789,0.139917401133161,0.0,0.0,0.0057943397154827,0.0158924826473958,0.0670716942050978,0.0286135594343263,0.0,0.0,0.0,0.0,0.0,0.0,0.0,0.0,0.0,0.0054560559876201,0.0,0.0,0.0,0.0,0.0,0.0035934730672394,0.0,0.0,0.0071139297157153,0.0,0.0080965816226946,0.0,0.0,0.0,0.0,0.0081163932506171,0.210910237017673,0.0043714739401892,0.0379426276476088,0.0,0.0,0.0951713515953866,0.0759641624194523,0.0,0.0,0.0081098134457516,0.0,0.0,0.0956320277708717,0.0,0.0,0.0,0.0050894494161171,0.389532632803036,0.0608326639104935,0.0047781654061414,0.0054342165865603,0.128651813308318,0.116625613171006,0.0,0.0666575273410106,0.0217274203380503,0.0,0.0287635122001105,0.0,0.0,0.003844328061182,0.0,0.0,0.0100191081805981,0.0,0.0,0.0,0.0,0.0444170026145101,0.0625587622481242,0.0440905465522464,0.254108125579836,0.0,0.0,0.0046986588698333,0.0105538329528874,0.0064722489926868,0.0,0.0046087136023205,0.0073100790522586,0.0,0.0,0.245642306674794,0.0510146071708377,0.0,0.237025349380624,0.0,0.0,0.0040857719308674,0.0,0.0,0.0,0.0,0.0,0.0046389565803555,0.0,0.0,0.0241828152095231,0.0,0.0338028946992968,0.0336157160986447,0.068025946908786,0.0124304369451024,0.0035463981594278,0.0297157090545875,0.0321150524607099,0.0042519802121198,0.0061719809037943,0.0,0.0049289160139477,0.0053624706913776,0.0062360608913073,0.0082664647013963,0.0305550938658494,0.0343476590652121,0.0,0.00710070975575,0.051439427411254,0.0,0.0259493158466592,0.0,0.0069626966439648,0.0,0.0176287201842644,0.0066213998932087,0.0,0.0,0.0,0.0,0.0,0.0,0.0,0.0083112813547695,0.0,0.0,0.0,0.0106637902993115,0.0,0.149011750243995,0.0,0.0,0.0124945640407188,0.0234583934423378,0.0062852897619063,0.0061536863556736,0.0105260162731584,0.222339518108033,0.0,0.0,0.0,0.0,0.0040164283648753,0.0,0.0,0.0038943617972315,0.0168722424872943,0.0,0.0,0.0252979441520092,0.21497854557472,0.0,0.0,0.0034993402267443,0.012939834048182,0.0,0.0,0.0,0.0043802995595607,0.0,0.0,0.0403252320159167,0.0,0.0,0.0,0.0,0.0142067204097773,0.0,0.0106187456930314,0.0,0.0,0.0,0.0164469732688556,0.0,0.0,0.0,0.0,0.0,0.0039841566770576,0.0474157024035543,0.0034735814228062,0.0,0.0097348961147306,0.010856492452186,0.0,0.0,0.0,0.0,0.0,0.0140711679936463,0.0691386297559415,0.0124979073384828,0.0,0.0050916019718335,0.0,0.0,0.0657197692826206,0.0122636253680999,0.0,0.0,0.0,0.0040733159610739,0.0176310149254605,0.0235387111198595,0.0,0.0,0.0,0.0,0.0,0.0,0.0,0.0,0.0,0.0,0.0,0.0,0.0,0.0,0.0,0.0,0.0,0.0,0.0,0.0,0.0,0.0,0.0,0.0,0.0,0.0,0.0313895068289653,0.0,0.0072728071586359,0.0,0.0,0.0087671883670221,0.0212320678698887,0.0,0.0,0.003792055330426,0.0,0.0,0.0283341768571908,0.0,0.0,0.0,0.0,0.0473303243416408,0.0269840577427658,0.0,0.0,0.0276857811846524,0.0281074570508098,0.0,0.0088567013416711,0.0056790488745241,0.0,0.0162747505476279,0.0,0.0,0.0045968481081722,0.0,0.0,0.0036536042500957,0.0,0.0,0.0,0.0,0.0334640574405762,0.0084821224509832,0.0299267043603852,0.0911240359513391,0.0096464149984466,0.0,0.0,0.0,0.0,0.0,0.0183136916610482,0.0200608952759164,0.0,0.0,0.0528704434032098,0.0173735901833988,0.0,0.0212161907627833,0.0,0.0,0.0172263288017225,0.0,0.0,0.0052348531631927,0.0,0.0,0.0,0.0,0.0,0.0048661007476632,0.0,0.0104110541872177,0.0132873151459799,0.0123147577506521,0.005364592612217,0.0,0.0159548752059071,0.0156292267883898,0.0,0.0,0.0,0.0091167214130018,0.0130406338575579,0.011175558052924,0.0,0.0051074755804085,0.00971474065097,0.0,0.0,0.006722242202835,0.0065204371320782,0.0,0.0,0.0,0.0,0.0066077257572978,0.0,0.0,0.0,0.0,0.0,0.0,0.0,0.0,0.0,0.0,0.0,0.0,0.0034399473335247,0.0,0.029094064967509,0.0,0.0,0.0,0.0223095456094745,0.0,0.0,0.0233706553541328,0.0578790763252718,0.0,0.0,0.0,0.0,0.0,0.0,0.0,0.0,0.0087743637150385,0.0,0.0,0.0,0.0260564278046958,0.0,0.0,0.0,0.0035860182755515,0.0
PVpo,0.0094795751829073,0.0162130178196819,0.0204974339106666,0.057971156776273,0.0,0.287575561699321,0.0,0.0,0.0,0.0,0.0,0.0,0.0,0.0,0.0101341137121935,0.0,0.0507948164743926,0.0,0.0,0.0,0.0,0.0037944565836386,0.0129713290189206,0.349699279723129,0.0402880236117254,0.0,0.0145094740391001,0.042050486459962,0.0,0.0,0.0,0.0084917349154194,0.0073541569591435,0.0,0.0036741738777734,0.0040255367349938,0.0211819578968707,0.0,0.0072526232876554,0.0,0.0066695347798658,0.168502472894611,0.0,0.0060478186502937,0.0174661239217372,0.0,0.0,0.0,0.0,0.0,0.0,0.0,0.0,0.0,0.0,0.0,0.003755371478007,0.0,0.0,0.0,0.0,0.0,0.0062784305125912,0.0077208332795021,0.0,0.0,0.0083383763597011,0.005945108320017,0.0,0.0,0.0,0.0,0.0,0.0409713906670962,0.36056658399043,0.0,0.18702008725956,0.0,0.0293602325893858,0.215613924687092,0.128354280354213,0.0056352346841208,0.0043468737880096,0.0291711413672178,0.0,0.0,0.0567617648392256,0.0,0.0,0.0,0.0243405858167699,0.0233732941736844,0.0,0.0053049284848212,0.015758663846974,0.435995492983137,0.546443653754474,0.0,0.118724649797848,0.0990400251705294,0.0,0.110104330105528,0.0,0.0,0.0,0.0,0.0,0.0090313508159931,0.0,0.0,0.0,0.0,0.0058838267878346,0.0178081238362124,0.0,0.342015635206316,0.0,0.0,0.0151734720072729,0.0239855464565516,0.0,0.0041520682880053,0.0,0.0,0.0,0.0,0.171483011567748,0.0,0.0062610897171754,0.0215533771771605,0.0,0.0,0.0,0.0,0.016901246080443,0.0,0.0,0.0138223607599484,0.0226860038593882,0.0,0.0,0.0295238063556645,0.0,0.0700251095782777,0.0808177276795443,0.0133159216349546,0.0713537387088446,0.0,0.0523099549718239,0.0485495333875159,0.0,0.0116870771379072,0.0128217346238468,0.0038442103292612,0.0076700563720279,0.023450058774147,0.0171840827762348,0.0447856623697686,0.0177631968600805,0.0,0.0259041400829584,0.132509462921327,0.0,0.0,0.0,0.0,0.0,0.022534448770004,0.0051544340507523,0.0,0.0,0.0,0.0,0.0,0.0,0.0,0.0,0.0,0.0,0.0,0.0,0.0,0.0494982612401101,0.0,0.0,0.0,0.0,0.0044720785831918,0.0119434349062457,0.0102597439334559,0.180782179097271,0.0,0.0,0.0,0.0,0.0,0.0,0.0,0.0,0.0,0.0,0.0,0.0082151620627848,0.132801784835389,0.0,0.0,0.0,0.0500788341092434,0.0,0.0,0.0,0.0,0.0,0.0,0.0166755952241769,0.0,0.0,0.0,0.0,0.0,0.0,0.0,0.0,0.0,0.0,0.0144740512059232,0.0,0.0,0.0,0.0,0.0,0.0,0.0444246999812136,0.0,0.0,0.0034873998060415,0.0,0.0,0.0,0.0,0.0,0.0040994747844813,0.0,0.0,0.0,0.0062109086287651,0.0,0.0,0.0,0.008588179241036,0.0264794830672822,0.0,0.0,0.0,0.0,0.0,0.0,0.0,0.0,0.0,0.0,0.0,0.0,0.0,0.0,0.0,0.0,0.0,0.0,0.0,0.0,0.0,0.0043110154075478,0.0,0.0,0.0,0.0,0.0,0.0,0.0,0.0,0.0,0.0154971053714941,0.0304733039921091,0.0,0.014104070820665,0.0,0.0,0.0273231189011026,0.0186576523464404,0.0,0.0,0.0162023731699024,0.0,0.0,0.0,0.0,0.0,0.0,0.0,0.0047950913292836,0.0,0.0,0.0,0.0228138318635582,0.0520503957104837,0.0,0.0120822583717559,0.0300348005476644,0.0,0.0321853642823875,0.0,0.0,0.0,0.0,0.0,0.0,0.0,0.0,0.0,0.0,0.0,0.0,0.0,0.106551493728998,0.0,0.0,0.0,0.0054463756462238,0.0,0.0,0.0,0.0,0.0,0.0,0.0571258461455164,0.0,0.0,0.0082122867912162,0.0,0.0,0.0,0.0,0.0,0.0,0.0,0.0,0.0,0.0,0.0,0.0102631220989293,0.0,0.0195682390860852,0.0311403387053148,0.0,0.0081245983805464,0.0,0.0141193192668633,0.0210906643987292,0.0,0.0,0.0,0.0,0.0,0.0039653535800223,0.0,0.0055281399130598,0.004400143156938,0.0,0.0070915227445491,0.008051327575085,0.0,0.0,0.0,0.0,0.0,0.0071115387381423,0.0,0.0,0.0,0.0,0.0,0.0,0.0,0.0,0.0,0.0,0.0,0.0,0.0,0.0,0.0169020049803496,0.0,0.0,0.0,0.0,0.0,0.0043938079871536,0.0,0.0322329019530034,0.0,0.0,0.0,0.0,0.0,0.0,0.0,0.0,0.0,0.0,0.0,0.0,0.0104384799074553,0.0,0.0,0.0,0.0065920463121315,0.0
PYR,0.0,0.0,0.0,0.0,0.0,0.0,0.0,0.0,0.0,0.0,0.0,0.0,0.0,0.0,0.0,0.0,0.0,0.0,0.0,0.0,0.0,0.0,0.0,0.0,0.0,0.0,0.0,0.0,0.0204433638759082,0.0,0.0,0.0,0.0,0.0,0.0,0.0,0.0,0.0293708194507353,0.0,0.0,0.0,0.0,0.0,0.0,0.0,0.0,0.0,0.0,0.0,0.0,0.0,0.0425312653761924,0.0,0.0,0.0,0.0,0.0121720286443461,0.0,0.0,0.0,0.0,0.0,0.0,0.0,0.0,0.0,0.0,0.0,0.0,0.0,0.0,0.0,0.0,0.0,0.0,0.0,0.0,0.0,0.0,0.0,0.0,0.0,0.0,0.0,0.0,0.0,0.0,0.0,0.0,0.0,0.0,0.0,0.0,0.0,0.0,0.0,0.0,0.0,0.0,0.0,0.0134330522777621,0.0,0.0,0.0,0.0,0.0186359888193474,0.0,0.0,0.0,0.0,0.0,0.0,0.0,0.0,0.0,0.0,0.0,0.0,0.0,0.0,0.0,0.0,0.0,0.0,0.0,0.0,0.0,0.0,0.0,0.0,0.0,0.0,0.0,0.0,0.0,0.0,0.0063994229651988,0.0,0.0,0.0,0.0,0.0,0.0,0.0,0.0,0.0,0.0,2.54899918977861,0.0,0.0,0.0,0.0,0.0,0.0,0.0,0.0,0.0,0.0,0.0,0.0,0.0,0.0,0.0,0.0,0.0,0.0,0.0,0.0,0.0,0.0,0.0059700750460714,0.0,0.0,0.0,0.0,0.0,0.0,0.0,0.0,0.0,0.0,0.0,0.0,0.0,0.0036693140157277,0.0,0.0,0.0,0.0,0.0,0.0,0.0,0.0,0.0,0.0,0.0,0.0,0.0,0.0,0.0,0.0,0.0,0.0,0.0,0.0,0.0,0.0,0.0,0.0,0.0,0.0,0.0,0.0,0.0,0.0,0.0,0.0,0.0,0.0,0.0,0.0,0.0,0.0,0.0,0.0,0.0,0.0,0.0,0.0,0.0,0.0,0.0,0.0,0.0,0.0,0.0,0.0,0.0139829895905986,0.0,0.0,0.0,0.0,0.0,0.0,0.0,0.0,0.0158584147048738,0.0,0.0,0.0054112259440232,0.0,0.0,0.0,0.0,0.0,0.0,0.0,0.0,0.0,0.0,0.0,0.0,0.0,0.0,0.0,0.0322890434445689,0.0,0.0,0.0,0.0,0.0,0.0,0.0,0.0,0.0,0.0,0.0159586744706241,0.0,0.005976932351358,0.0,0.0,0.0,0.0,0.0,0.0,0.0,0.0,0.0,0.0,0.0,0.0,0.0,0.0,0.0,0.0093592164393218,0.0,0.0,0.0,0.0,0.0,0.0,0.0,0.0,0.0,0.0,0.0,0.0,0.0047418442018601,0.0,0.0226709608283701,0.0,0.0,0.0,0.0,0.0079214844162031,0.0,0.0,0.0,0.0,0.0,0.0,0.0,0.0,0.0,0.0,0.0,0.0067867988834313,0.0044653290307234,0.0,0.0,0.0,0.0,0.0053025613056151,0.0039155138163375,0.0,0.0,0.0,0.0,0.0,0.0,0.0,0.0,0.0,0.0,0.0,0.0173634048520853,0.0101819948514257,0.0,0.0,0.0,0.0,0.0,0.0,0.0,0.0,0.0,0.953731602756863,0.0,0.0,0.0,0.0,0.0,0.0,0.0,0.0,0.0,0.0,0.0,0.0,0.0,0.0,0.0,0.0,0.0,0.0,0.0,0.0,0.0,0.0,0.0120955703061194,0.0,0.0,0.0,0.0,0.0,0.0,0.0,0.0,0.0,0.0,0.0,0.0,0.0,0.0,0.0,0.0,0.0,0.0,0.0,0.0,0.0,0.0038097635376151,0.0,0.0,0.0,0.0,0.0,0.0,0.0,0.0,0.0,0.0,0.0,0.0,0.0,0.0,0.0,0.0
RCH,0.0106509969667054,0.0105248333802696,0.0166017813653298,0.0297137898742174,0.0,0.475713703187674,0.0,0.0,0.0,0.0,0.0,0.0,0.0,0.0,0.0083694082106233,0.0271447938638151,0.0393142709014499,0.0,0.0,0.0,0.0,0.01626891854271,0.0260033751662831,0.217061213838775,0.0247939535873157,0.0,0.0064113906919862,0.047256242448155,0.0,0.0,0.0,0.0057488789562235,0.0073612863248321,0.0053391738233301,0.0125504047662035,0.004209342316278,0.0229419571827053,0.0,0.0096029221751149,0.0,0.0084921460642453,0.127554362356403,0.0,0.0047810019576842,0.0118527922333002,0.0,0.0045030482915159,0.0,0.0,0.0,0.0,0.0,0.0,0.0,0.0,0.0102018247005414,0.0,0.0,0.0,0.0,0.0,0.0,0.0049884808676107,0.0065096326333241,0.0,0.0,0.0076926937093233,0.0,0.0203032508886109,0.0,0.0049786906030652,0.0056139404218304,0.0062818925786784,0.0416579714131912,0.421085221709069,0.0327386123755846,0.130752207810102,0.0,0.0340824971654004,0.202097693291832,0.0661554008084396,0.0049915895405151,0.0,0.0250617716013987,0.0,0.0,0.0671036664900367,0.0039002663103603,0.0069538957505393,0.0087823775366637,0.020897312435703,0.0209279704577824,0.0,0.0,0.0088288497278561,0.150655584820371,0.256443850613039,0.0,0.153843585816659,0.0591707253172334,0.0,0.0884021148689108,0.0,0.0,0.0,0.0,0.0,0.0320216118948619,0.0,0.0,0.0,0.0,0.0054332948984967,0.0183427997514593,0.009344917615767,0.501503854564478,0.0,0.0,0.0074269310478845,0.0190437254491261,0.0,0.0067315557273324,0.0,0.0,0.0,0.0,0.146972711173572,0.0066344080279452,0.0047379382405007,0.037838721987582,0.0,0.0089781744630133,0.0,0.0,0.0110663945661846,0.0,0.0,0.0074953845816266,0.0145366619045397,0.0,0.0,0.0276416996846754,0.0,0.0499516318905157,0.0563608244361346,0.0082078057583133,0.0180514043270812,0.0,0.076965009375394,0.0480173316945311,0.0,0.0080200559380982,0.0068498416487344,0.0,0.006109336221628,0.0186430418687596,0.0241876589698499,0.0542387326422948,0.136067837572638,0.0,0.0173583402344357,0.114468418853705,0.0,0.0,0.0,0.0,0.0,0.0325164267390288,0.0107533443317094,0.0041494992466388,0.0,0.0,0.0,0.0,0.0,0.0,0.0,0.0,0.0,0.0,0.0,0.0,0.0373068515077037,0.0,0.0,0.0,0.0,0.0,0.0063627908163147,0.0091193914619784,0.1897320333122,0.0,0.0,0.0,0.0,0.0,0.0,0.0,0.0,0.0,0.0,0.0,0.0129761904973263,0.520353331616879,0.0039409925393571,0.0,0.0051793448010788,0.0354368298484178,0.0,0.0,0.0,0.0,0.0,0.0,0.0310622502316731,0.0,0.0,0.0,0.0,0.0,0.0,0.0,0.0,0.0,0.0,0.0060765521872583,0.0,0.0,0.0,0.0,0.0,0.0,0.0208833229457651,0.0,0.0,0.0,0.0066732077227946,0.0,0.0,0.0,0.0,0.0034848103325713,0.0,0.0,0.0,0.0065758488482662,0.0,0.0,0.0,0.0111301347297008,0.007486348522284,0.0,0.0,0.0,0.0,0.0,0.0,0.0,0.0,0.0,0.0,0.0,0.0,0.0,0.0,0.0,0.0,0.0,0.0,0.0,0.0,0.0,0.0,0.0,0.0,0.0,0.0,0.0038037596936586,0.0,0.0,0.0,0.0,0.0139668826874036,0.038996162695135,0.0049551095831669,0.0074197143151339,0.0,0.0,0.0206593464758647,0.0081175981116844,0.0,0.0,0.0108648830900928,0.0,0.0,0.0059197031839113,0.0,0.0,0.0,0.0,0.0056475168106268,0.0,0.0,0.0,0.0080499734679976,0.0163836421221255,0.0,0.0196248494908943,0.0181127149358326,0.0,0.0173752696529775,0.0,0.0,0.0,0.0,0.0,0.0091557409842345,0.0,0.0,0.0,0.0,0.0038833274794096,0.0,0.0,0.140128481008214,0.0,0.0,0.0,0.0042218071758195,0.0,0.0,0.0,0.0,0.0,0.0,0.0380929753012457,0.0,0.0,0.0130388261546539,0.0,0.0,0.0,0.0,0.0,0.0,0.0,0.0,0.0,0.0,0.0,0.0082946232357898,0.0,0.0055024034545527,0.0191360104792032,0.0,0.0,0.0,0.0319563701603346,0.0150363014786613,0.0,0.0,0.0,0.0,0.0,0.0039279499803158,0.0,0.0,0.0463885524489084,0.0,0.0047742212552634,0.0120450561606284,0.0,0.0,0.0,0.0,0.0,0.0060537394271394,0.0,0.0,0.0,0.0,0.0,0.0,0.0,0.0,0.0,0.0,0.0,0.0,0.0,0.0,0.0124932894278832,0.0,0.0,0.0,0.0,0.0,0.0,0.0,0.0230544215454476,0.0,0.0,0.0,0.0,0.0,0.0,0.0,0.0,0.0,0.0,0.0,0.0,0.0130413422521812,0.0,0.0,0.0,0.0053227798172764,0.0
RE,0.0247870086126473,0.220068073254809,0.632845154975203,0.752335292940561,0.0,0.0533521797805077,0.307721139435044,0.246598850050081,0.313693826049054,0.0,0.041160352465327,0.0376494947972617,0.0,0.0080860306643693,0.266300633035485,0.0,0.0041461600803123,0.0,0.0,0.0039580766005743,0.0152263914218313,0.223615214392511,0.163380963109612,0.280169214270553,0.886295175609288,0.008087508179302,0.0812366091547917,0.135513535597189,0.0,0.0,0.12165616713144,0.0,0.136354522848882,0.0516345094046382,0.108130617627784,2.05712587549405,0.0,0.0,0.0,0.0,0.30976211844077,0.0172095070517285,0.0,0.195209921123796,0.0,0.178690261355573,1.96626292943311,0.891480377646131,0.272359795758739,0.120542541451428,0.0,0.0,0.0369894563444893,0.0383341914880479,0.0614321681857854,0.0,0.0,0.0809628171087993,0.0322705795536769,0.0,0.0,0.0,0.436045157929918,0.020519439222182,0.0,0.0,0.0,0.0,0.0856159320473932,0.0,0.0037195991671063,0.0,0.0,0.0132871501095162,0.139274154020822,0.0,0.0520818814821718,0.0,0.0072654347736291,0.156138697629168,0.0833607897653128,0.0090802889223733,0.0,0.0884521593996023,0.0,0.0,0.171751198094298,0.0,0.0,0.0,0.0129295646884517,0.0,0.0893897689558183,0.240835095450145,0.302052775920367,0.0308827013957275,0.0425346217918964,0.0,0.0161218187281521,0.0304787456137175,0.0,0.0502604766407397,0.0,0.0,0.0117571941741351,0.0,0.0,0.0038336553815538,0.0,0.268138057336404,0.321353803422883,0.191443040602275,0.104235077581936,0.0659032925950826,0.0534532846181621,0.0272796734663211,0.0649398503273864,0.0,0.0,0.0,0.154311177577297,0.003805609096752,0.0,0.0,0.0,0.0,0.0234187074693851,0.728544315390569,0.407814136072011,0.0039475121030344,0.0038291573131408,0.0,0.13572741104494,0.0,0.0,0.0738955451084303,0.0,0.0,0.006555235054737,0.0,0.0,0.0734406834204925,0.0101605298943392,0.0386785278332536,0.072258461784417,0.0,0.005352198809311,0.0,0.0086709642251246,0.572310705792823,0.0539347467617633,0.0,0.0,0.0864497615484578,0.0984200787685638,0.371602957847691,0.264093642542073,0.0196376966508135,0.0038715825952927,0.0,0.0202873192796349,0.264371347732936,0.0,0.126652186282071,0.0,0.0,0.0,0.0071367361429999,0.0,0.0,0.0,0.0,0.0,0.0,0.011559375862069,0.006302482599247,0.092164145215316,0.018808262566801,0.0061853000108354,0.01291971075312,0.109254357737337,0.0,0.0060873297398987,0.0,0.0,0.0379412191164094,0.119320903574818,0.0,0.0101150211833625,0.17059598374754,0.024985397601776,0.0,0.0614239503140577,0.0,0.0,0.143563009955606,0.0,0.0166851071269311,0.0054925538265072,0.0341343362445693,0.0336739167887679,0.0154600133248539,0.19756602889347,0.0272506967584721,0.0068040890163819,0.0069050418184679,0.0385187742098212,0.0,0.0,0.015803149512796,0.122548006109033,0.383104927536451,0.493958457658504,0.0,0.0236085961640939,0.077731989441643,0.175850003402824,0.225868224301303,0.0,0.0117211527420572,0.0177705083369573,0.0,0.0050299179224438,0.195933309041564,0.0,0.0,0.0,0.0,0.0,0.0,0.118702062367877,0.0656768622937994,0.114902044583192,0.784165748846499,0.0080714430607666,0.0379920795610074,0.0700319087429389,0.0,0.0,0.0736421112873841,0.0,0.0292410649562006,0.0351887392039473,0.0653126960762405,0.67479555165447,0.0,0.0,0.0,0.0,0.0615003630810569,0.0065394734591869,0.0,0.161350952634489,0.0,0.134116970898956,1.7058024353569,0.71038661680214,0.198713674700302,0.0708708122710967,0.0,0.0,0.0052716414249126,0.0274993813786014,0.0245813325326331,0.0,0.0,0.0110346843292718,0.0206585986461236,0.0,0.0,0.0,0.290805810819397,0.010653241334441,0.0,0.0,0.0,0.0,0.0414699433825301,0.0,0.0,0.0,0.0,0.006537989878613,0.0868725672396511,0.0,0.0314044416118746,0.0,0.0041240284802185,0.077524902661212,0.0335915675071297,0.006922370035674,0.0,0.0229927641915733,0.0,0.0,0.0872467870387296,0.0,0.0,0.0,0.0,0.0,0.0229552180158398,0.0220307744600377,0.0761028621899702,0.0117759888876616,0.0193501052479687,0.0,0.0043130707500999,0.011968414085888,0.0,0.0294656809068263,0.0,0.0,0.0079360619349068,0.0,0.0,0.0,0.0,0.0942369404333999,0.206754341167927,0.133966073216744,0.103740943085108,0.0236851815145769,0.0388237849339479,0.0176764824715118,0.0605897414774492,0.0,0.0,0.0,0.104551006445578,0.0,0.0,0.0,0.0,0.0,0.0172602171203928,0.585742932419356,0.206674081041436,0.0,0.0,0.0,0.0725070303002208,0.0,0.0,0.0578701090309848,0.0,0.0,0.0,0.0,0.0,0.0154869699979309,0.0090292069445024,0.0268477440347926,0.0322474387806872,0.0,0.0,0.0,0.0057236629292924,0.43215471527271,0.0162285254958395,0.0,0.0,0.0528338554809054,0.0829003650929375,0.20630908570697,0.152836951552351,0.0035081707049483,0.0,0.0,0.0109875203977804,0.198038291970559,0.0,0.0440981147765359,0.0,0.0,0.0,0.0,0.0,0.0,0.0,0.0,0.0,0.0,0.0,0.0038863648184892,0.0,0.0,0.0057079164665965,0.0,0.0,0.0,0.0038221258812389,0.0,0.0,0.0144554261300161,0.0980335490592519,0.0,0.0055326996256822,0.131944615888221,0.0162756565951087,0.0,0.0201343619639551,0.0,0.0,0.0217379964076235,0.0,0.0111260631789835,0.0,0.0179794196413948,0.0281449964339633,0.0087249129103585,0.0749467137649515,0.0125014030278205,0.0,0.0,0.0,0.0,0.0
RH,0.0079299782074577,0.176139329497792,0.293796878558225,0.682081332923811,0.0042184841325493,0.0085662054815453,0.709264338546847,0.18084390710846,0.196359389621088,0.0,0.0945831308492579,0.108668667265308,0.0,0.0060172901188658,0.0542882139429099,0.0,0.0,0.0,0.0,0.0,0.0394820565448675,0.187509160286051,0.0373737230350457,0.0831562000197733,0.1104665171982,0.0,0.0109488310309568,0.0722711659235394,0.0,0.010758727509652,0.0774791570594645,0.0,0.642800982226475,0.0083826851611401,0.0155532337941446,7.64631264122833,0.0,0.0,0.0,0.0,0.0413992100083418,0.0034822524269511,0.0,0.0465610144016603,0.0,0.098699990068895,0.262737104057005,0.124978844832893,0.0595339056700503,0.0181766515155028,0.0,0.0,0.156254058115836,0.0315116162749305,0.153973212884939,0.0045512536579281,0.0,0.193224895489452,0.0076215256360736,0.0,0.0,0.0,0.126321638525579,0.0887134331366856,0.0,0.0,0.0,0.0,0.0327427366093876,0.0,0.0,0.0,0.0,0.0041739282511161,0.0341907196876487,0.0,0.0095501765405601,0.0,0.0,0.0349230336155784,0.0175658804952095,0.0,0.0,0.381703899951692,0.0,0.0,0.0293857011158741,0.0,0.0,0.0,0.0037555543804024,0.0,0.0266223676524412,0.545494201897178,0.600668418348569,0.004596161139659,0.0067348363936978,0.0,0.0098923300505473,0.0044768134521705,0.0,0.0091898081964772,0.0,0.0,0.0,0.0,0.0,0.0,0.0,0.523487135823527,0.139898852215648,0.140853260437486,0.106021729702128,0.0108572222539818,0.0089944318540764,0.0101121647567744,0.0095828046538972,0.0,0.0,0.0,0.0663966473701885,0.0066602607276747,0.0,0.0,0.0,0.0,0.0044966249722459,0.135645311818682,0.499436410572125,0.0,0.0077284232691549,0.0,0.0207766511389765,0.0,0.0,0.0115041688154584,0.0,0.0,0.0040290743508139,0.0,0.0,0.0402397128659654,0.003946907652439,0.0050223655171918,0.0305915835109853,0.0,0.0,0.0,0.0,0.117000046778662,0.119069161282708,0.0,0.0,0.0337614677168654,0.0390761867739056,0.0997273524749582,0.361111139018904,0.0,0.0038692278823484,0.0,0.0,0.168539114284621,0.0,0.207629871975438,0.0,0.0,0.0,0.0081077204528593,0.0040414939691711,0.0,0.0,0.0,0.0,0.0,0.0156177910112519,0.0035236955166711,0.229873220371345,0.0439435877535976,0.0,0.0179283141655152,0.275112230143337,0.0,0.0,0.0,0.0,0.0264023358404085,0.0158190919578872,0.0,0.0,0.0293347359073544,0.0116623684540592,0.0,0.164455732637358,0.0,0.0,0.362243882717223,0.0,0.0081652802669301,0.0,0.0124573326055442,0.0094540344625458,0.007574929133305,0.256942967271565,0.0057853631240137,0.0,0.004102265748817,0.0913849615621951,0.0,0.0,0.0,0.0173089669627693,0.0466553914360969,0.116725607848709,0.0,0.0,0.0718559709476451,0.0388083518286254,0.0386199803896958,0.0,0.0082245073122856,0.0133729787747106,0.0,0.0,0.0234216253277111,0.0,0.0,0.0,0.0,0.0,0.0,0.0294902121724472,0.0084313308322255,0.0144934138597063,0.0899498638061516,0.0,0.0050386784500649,0.0116064246174753,0.0,0.0,0.0147910605518471,0.0,0.097339882482112,0.0068355849307,0.0100210091911692,0.776408462566576,0.0,0.0,0.0,0.0,0.0208224574341908,0.0,0.0,0.022729336373317,0.0,0.029260161206127,0.196183896497741,0.0829423394487767,0.0304907719761295,0.0091067507568636,0.0,0.0,0.005474005289597,0.009055882679505,0.0142858917011308,0.0,0.0,0.0235026527199988,0.0,0.0,0.0,0.0,0.0376946950224528,0.016388344112228,0.0,0.0,0.0,0.0,0.0135107856652178,0.0,0.0,0.0,0.0,0.0,0.0114248226405601,0.0,0.0037064430295871,0.0,0.0,0.0095073546617191,0.0042854817314755,0.0,0.0,0.0430282209360752,0.0,0.0,0.0128913146400654,0.0,0.0,0.0,0.0,0.0,0.0046028399169332,0.0322096206476448,0.0338832952940025,0.0,0.0,0.0,0.0,0.0,0.0,0.0102069507409422,0.0,0.0,0.0,0.0,0.0,0.0,0.0,0.0220396502912396,0.0282555375704361,0.0190876916642987,0.0402482172034481,0.0,0.0059156450017695,0.0,0.0075878217795122,0.0,0.0,0.0,0.018069243692365,0.0,0.0,0.0,0.0,0.0,0.0,0.0719245059278935,0.0472365735471778,0.0,0.0,0.0,0.0113388531199407,0.0,0.0,0.0070594210331544,0.0,0.0,0.0,0.0,0.0,0.0,0.0,0.0,0.0058748044297928,0.0,0.0,0.0,0.0,0.0590370608821934,0.0259757595179569,0.0,0.0,0.0065114035880617,0.0105557868264053,0.0253886078802232,0.0586552107594671,0.0,0.0,0.0,0.0,0.0393699309134968,0.0,0.025922483998852,0.0,0.0,0.0,0.0038337949217493,0.0,0.0,0.0,0.0,0.0,0.0,0.0,0.0,0.0085513052715198,0.0,0.0,0.0,0.0114542981111403,0.0,0.0,0.0,0.0,0.003561682881696,0.0118670178027855,0.0,0.0,0.0190272065209602,0.0035814669948865,0.0,0.0166076979622922,0.0,0.0,0.0474180954105939,0.0,0.0,0.0,0.0,0.0,0.0,0.0375576069980037,0.0,0.0,0.0,0.0099507918480366,0.0,0.0
RN,0.0110579193026507,0.0,0.0047441865873652,0.0919423661397615,0.0,0.0121460185802087,0.0,0.0,0.0,0.0,0.0,0.0,0.0,0.0,0.0065556272753378,0.246820701407251,0.0,0.0,0.0,0.0,0.0035376648409251,0.0105605745818758,0.0068565935727393,0.0173438217344895,0.0075194423545771,0.0,0.0146690042468457,0.0243781426551913,0.0,0.0291077213378639,0.0,0.016433269146412,0.0189903122896309,0.0,0.0,0.377141669374186,0.0491702857948115,0.0,0.0191958625195264,0.0,0.0146009235586559,0.007001015431442,0.0,0.0,0.036612590687345,0.0,0.0050264566877026,0.0,0.0,0.0,0.0,0.0,0.0,0.0108737493324664,0.0402118464983647,0.016610054763422,0.159079242667537,0.0,0.0,0.0,0.0,0.0079898283450744,0.0,0.015475818623988,0.0348028621233525,0.0,0.0325323305924992,0.0638213030992871,0.0,0.0,0.0209614280707847,0.0,0.0075295070839286,0.0231686992508831,0.182898814634625,0.0326612634034543,0.0368589065840383,0.0058471414093556,0.0,0.024239421848288,0.0,0.0148557438561668,0.0539322173184991,0.0903038995173342,0.0123149199593191,0.024812321840415,0.00566823643086,0.0,0.0066982830903212,0.0,0.0,0.0041714093998841,0.0,0.0040726140242432,0.0049391829716019,0.0,0.0093002930952413,0.0,1.35912204103088,0.0111120401062063,0.0090426576394512,0.0493028572341824,0.0107140611384435,0.0,0.0,0.0,0.0084631410072161,0.0613816358365712,0.0043118504191503,0.0,0.0,0.0,0.0649808862351453,0.0,0.0,0.707754975489239,0.0,0.0371691094698312,0.0422455640367924,0.0347216087159166,0.0,0.0780906310010566,0.0037779323610466,0.0431447072598722,0.0061702933035207,0.0131019004084582,0.0663474170689202,0.0114560601757653,0.0,0.0,0.0331300820830928,0.0123250666317843,0.0,0.0,0.0968383253063747,0.0,0.0,0.227583562018779,0.314733890240998,0.0,0.0,0.0,0.0,0.0,0.0094971658276209,0.0,0.0,0.0,0.0,0.019256073387024,0.0042995994995018,0.331948864581416,0.0268364774633172,0.023101732302427,0.0133071600116085,0.0145182206071045,0.0180635766645682,0.0,0.653292165706701,0.0327813131046113,0.0064986976807595,0.110456041196541,0.0,0.0063034715953253,0.0226272828918769,0.113383899700636,0.0,0.0175855899632008,0.0073947503566859,0.0307125420704037,0.0,0.0,0.0,0.0,0.0,0.0,0.0,0.0,0.0,0.0,0.0035544378309269,0.0086159702716756,0.0131054526332965,0.010958096694584,0.0,0.0,0.0,0.07444546478408,0.0,0.0044681653867231,0.0065180279462301,0.0,0.0310149080985396,0.0,0.017591822263774,0.0,0.0,0.0,0.0,0.0,0.0,0.0,0.104153867671873,0.0,0.0246345752433704,0.0108371433554615,0.0170006434874595,0.0903098724829146,0.0,0.0,0.0,0.0,0.0079279432544386,0.0,0.0,0.0,0.0,0.0,0.0,0.0,0.0,0.0,0.0,0.0,0.0490829155467282,0.0,0.0,0.0,0.0,0.0,0.0,0.0,0.0,0.0061985916202401,0.0,0.0089479793617778,0.0,0.0,0.0069836309267572,0.0,0.0068951278807888,0.0109127545172613,0.0,0.0,0.0210847911182602,0.0205794186939423,0.0036411296355309,0.0046012519071607,0.0,0.0155471043696621,0.0,0.0,0.0,0.0110857635521158,0.0,0.0,0.0,0.0,0.0,0.0,0.0,0.0,0.0,0.0036828905325357,0.0,0.0673038691857382,0.0,0.0,0.0,0.0,0.0,0.0,0.0080582314268628,0.0,0.0081577413570929,0.0113308643406596,0.108754414237976,0.0,0.0,0.0,0.0,0.0,0.0050555433309753,0.0476136530538454,0.0057862297659912,0.0100502994815953,0.0317507996749016,0.0,0.009920951075086,0.0,0.0046467170790028,0.0116943428335849,0.0305589200061085,0.0675504382711751,0.0186008624556464,0.0,0.0,0.0,0.0,0.0,0.0,0.0,0.0,0.0,0.0,0.0,0.0,0.285294943111229,0.0049715771274693,0.0132880543030837,0.0148358412995497,0.0035139733983782,0.0077717283337124,0.0,0.0,0.0,0.0450655985933734,0.0071962681250451,0.0,0.0,0.0,0.0058440329236743,0.0,0.0,0.239057654860294,0.0,0.105696528007342,0.0304292844342732,0.0130156997426068,0.0,0.0187832100568944,0.0,0.0078042229150703,0.0,0.0393027301693169,0.0214516762118002,0.0034668026367677,0.0,0.0,0.0,0.0,0.0,0.0,0.0263172282227845,0.0,0.0,0.0668512337546186,0.0979313662838198,0.0,0.0181560056780338,0.0,0.0,0.0,0.0040017973738742,0.0,0.0,0.0,0.0,0.0107487241936341,0.0,0.0487098593734958,0.0135285131152685,0.0,0.0,0.0,0.0,0.0,0.263430337249262,0.0093843358456666,0.0035474031606757,0.0274708005144263,0.0,0.0053267969351217,0.0,0.008697624344243,0.0202841315808298,0.0038670297534753,0.0,0.0037871547879286,0.0085578519589715,0.0188204584898214,0.0213536410904855,0.0256621085637119,0.0,0.0,0.0,0.0,0.0,0.0,0.0,0.0,0.0046887699696915,0.0190805565813975,0.0,0.0,0.0,0.0121832881427674,0.0,0.0038351681529444,0.0,0.008045756453075,0.0049969441487217,0.0,0.086749867371438,0.0,0.0,0.0,0.0,0.0,0.0,0.0,0.0211913165850848,0.0,0.0,0.0,0.0042098747455006,0.0350910166110155,0.0
RR,0.0089322618823215,0.0,0.0,0.0417523736093729,0.0,0.0090961773842785,0.0,0.0,0.0,0.0,0.0,0.0,0.0,0.0,0.0,0.203607346569905,0.0,0.0,0.0,0.0,0.0,0.0108968512138513,0.0109701708491404,0.0157335044628659,0.0034809573734815,0.0,0.0114340339212345,0.039702881334234,0.0046216833842133,0.0251994489985917,0.0,0.0084433186193156,0.047962786424858,0.0,0.0,0.947109949889642,0.0258865897283125,0.0,0.031856900527899,0.0,0.0093406589953322,0.0102319884787042,0.0,0.0,0.0415358650996151,0.0,0.004305034159261,0.0,0.0,0.0,0.0,0.0,0.0,0.010662738566672,0.0773069456263658,0.0526324556295801,0.109972199960128,0.0,0.0,0.0,0.0036862141288587,0.0167159563520172,0.0,0.0353403560463108,0.0167981769297579,0.0,0.0204645162702051,0.0698464481994115,0.0,0.0,0.0145682958352367,0.0,0.0057441567317004,0.0110448299191177,0.146745144374035,0.024284948573314,0.0183779201618531,0.003605747646369,0.0,0.0122179965713626,0.0,0.0096117791620555,0.047167823272171,0.186676573066789,0.0068278134472121,0.0085770181916402,0.0082306608001558,0.0,0.0077687373023197,0.0,0.0,0.0,0.0041136287281769,0.0090613563034949,0.0060028387817223,0.0,0.0046235983127307,0.0,1.95190083503597,0.0044946453101428,0.0052042343108939,0.0204667521326574,0.0051869297098835,0.0,0.0,0.0,0.0065639597797023,0.0428987578338311,0.0084331661079295,0.0,0.0,0.0,0.0250523359185196,0.0,0.0,0.601382082096323,0.0,0.0800862892491065,0.0903682950734577,0.0222863795866097,0.0,0.136712713139595,0.0,0.0386785762034242,0.0,0.0089622056580747,0.0449549471410968,0.0081794575170766,0.0,0.0,0.0342788979645497,0.020387007180166,0.0,0.0,0.169454127100808,0.0,0.0,0.213444796793062,0.291851967959643,0.0,0.0,0.0,0.0,0.0,0.0116559600793814,0.0,0.0,0.0,0.0,0.0147452437421881,0.0055768226168926,0.261948786050363,0.0508144027855531,0.0174733873110862,0.0093820689399727,0.0059824405164018,0.0392443196661166,0.0,1.01401590760456,0.0371893909555564,0.0040232577391434,0.0781976468195537,0.0,0.0086093041155949,0.0708488045428113,0.498338890510717,0.0,0.0227897460173349,0.0075834801935353,0.048109685321734,0.0,0.0,0.0,0.0,0.0,0.0,0.0,0.0,0.0,0.0,0.0053368033659842,0.0333870186231202,0.0062382410091185,0.0235027827811419,0.0,0.0,0.0,0.0686994138264492,0.0,0.0,0.0054613483447162,0.0082351196834242,0.0795274626124225,0.0,0.0070405030378089,0.0,0.0,0.0,0.0,0.0038546401653076,0.0,0.0052362902568426,0.208481995595949,0.0,0.0202544490927718,0.0123280554800252,0.0411805079317802,0.0742019127871655,0.0,0.0,0.0,0.0,0.0,0.0,0.0,0.0,0.0,0.0,0.0,0.0,0.0,0.0,0.0,0.0,0.0336073159403695,0.0,0.0,0.0,0.0,0.0,0.0,0.0,0.0,0.0036443055346761,0.0,0.005174458295849,0.0,0.0,0.0064578494755912,0.0,0.0048085711919428,0.0269565145398844,0.0,0.0,0.0102926633832449,0.0080517960321383,0.0,0.0045271661082919,0.0,0.0115735239824417,0.0,0.0,0.0,0.016300126096745,0.0,0.0,0.0,0.0,0.0,0.0,0.0,0.0,0.0,0.0,0.0,0.0422761178545818,0.0,0.0,0.0,0.0,0.0,0.0,0.0173247204641506,0.0,0.0047553500281473,0.0048374422634842,0.053935446357546,0.0,0.0,0.0,0.0,0.0,0.0,0.0205009625548577,0.005111376748497,0.0042264881412045,0.0199967548649027,0.0,0.0047823569205017,0.0,0.0,0.0119909580422444,0.068696519425292,0.0341204509025443,0.0075547149301323,0.0,0.0,0.0,0.0,0.0,0.0,0.0044096896499389,0.0,0.0,0.0,0.0,0.0,0.197554549189763,0.0,0.0075640113341659,0.0077023051881085,0.0,0.0048589054915536,0.0,0.0,0.0,0.0280523576690884,0.0039964456815288,0.0,0.0,0.0,0.0038493454764785,0.0,0.0,0.187110814322996,0.0,0.0501268993971637,0.0171264253871905,0.0083559205289701,0.0,0.0219225662879402,0.0,0.0071924395297964,0.0,0.0203812614872326,0.0134458582934045,0.0,0.0,0.0,0.0042897351519401,0.0,0.0,0.0,0.0224653919312373,0.0,0.0,0.0492604910410577,0.0597459924820741,0.0,0.0098132010363603,0.0,0.0,0.0,0.0052257703530269,0.0,0.0,0.0,0.0,0.0087208975722866,0.0041164551000008,0.0243152706778439,0.0098943896512801,0.0,0.0,0.0,0.0,0.0,0.446102695874045,0.0134737761820689,0.0,0.0109249588637903,0.0,0.0049795137910682,0.0,0.0036223264878307,0.0142060221726686,0.0045450198066218,0.0,0.0,0.0059607271373691,0.0075974112623422,0.0105143979268981,0.0135284068460223,0.0,0.0,0.0,0.0,0.0,0.0,0.0,0.0,0.0,0.0092445990414704,0.0,0.0,0.0,0.0103676898240037,0.0,0.0036540433642454,0.0,0.0,0.0064458220316433,0.0,0.045433835874638,0.0,0.0,0.0,0.0,0.0,0.0,0.0,0.0186000001035388,0.0,0.0,0.0,0.006841586677741,0.0210263970815076,0.0
RSPagl,0.0,0.692962409736428,0.431034740726019,0.0207950821736834,0.0442917779884039,0.0038998000061167,0.0057230988014365,0.0,0.0057241782083824,0.0,0.0600580058507194,0.0348506298972606,0.0050454180485195,0.0,0.0051882704527936,0.454859326826203,0.0,0.160247756057,0.0718712327210067,0.0619482211233,0.111437926421944,0.0,0.0,0.0,0.035263019044653,0.0,0.0140697693927349,0.0,0.0,0.0707059510614033,0.0196743565597192,0.0,0.0037386144114835,0.0,0.0,2.80388102104583,0.0264027499694679,0.0,0.0041798873389389,0.0,0.0905100440657541,0.0,0.0,0.0081835069061946,0.0,0.0178235308657882,0.0704809141264704,0.0975316183358064,0.0,0.0,0.0,0.0,0.0,0.0,0.0342878966179737,0.0039977311987943,0.0052251995098347,0.0,0.0,0.0,0.0048527702018957,0.0275989022538782,0.0173494116131371,0.0,0.0050800378141012,0.0,0.0047995091615428,0.0,0.0,0.0,1.05629442146888,0.242905606203334,0.16678325114868,0.0239417078236337,0.0054234776949453,0.837359305470002,0.0,0.0,0.0,0.0054368937838823,0.0,0.0,0.0067628107174863,0.0411568720401585,0.0,0.0,0.0,0.0087489341726987,0.0403333790928235,0.0187076110366082,0.0,0.0,0.0052939896472325,0.293399609369908,0.528431440475247,0.0,0.0,0.0399708035557491,0.203664226442258,0.0,0.0,0.0049640195260018,0.0090582254666329,0.0,0.0,0.0,0.0630801202555834,0.0647280963389403,0.0,0.0604145781882581,0.0677254645013273,0.332054963456267,0.0051318574950623,0.0,0.0,0.442368176725871,0.0241308359594029,0.0,0.0035474154739761,0.0182913741022718,0.0,0.0493068821348768,0.0068426509129841,0.12599237847006,0.0,0.0,0.0234314699200911,0.0066524897196467,0.0863091278799614,0.0,0.112922927968423,0.0508212731348857,0.162338183074634,0.0064907504440901,0.0161185933685882,0.054587556748644,0.0,0.0126527860900494,0.110617863756349,0.0,0.0,0.0061369854280154,0.985420307866759,0.0,0.0,0.0,0.0,0.0,0.0,0.0251134704431349,0.0092704295875965,0.0325956722857103,0.0,2.07265783578959,2.40274400278816,1.75366371780887,0.413611845504458,0.0,1.42902128212206,0.339125497822814,0.0034771241730114,0.0,0.0,0.0141713732488084,0.0,0.120515082333302,0.0,0.0085717897283583,0.0081748002840624,0.0274516965526319,0.0,0.0,0.0,0.0,0.273576488142549,0.467706024351261,0.0050950359494881,0.0047494462167202,0.515163302386713,0.0898042901028485,0.15786842242419,0.0059148692709902,0.0,0.0,0.0,0.20994574158028,0.0,0.103733569734721,0.0,0.006366487536237,0.0,0.0,0.0793227710238238,0.0,0.0,0.0042427905023443,0.280454230633672,0.951362394052674,0.454581472826862,2.66878345442089,0.215235918133476,1.14003165352183,0.0778773410134222,0.0,0.240154470829342,0.0606670076343998,0.006684890146906,0.0,0.0,0.0,0.0259882240728389,0.0172169462979757,0.0,0.0,0.0,0.0,0.0,0.0,0.0,0.0073159255654751,0.0,0.0,0.0,0.0,0.0,0.0,0.0210344878189312,0.0140063817073176,0.0225075168103695,0.0059467220411127,0.0,0.0,0.0,0.0,0.0,0.0,0.0,0.0,0.0,0.0043761721738932,0.0,0.0,0.0,0.0,0.20037944557506,0.0081216005851158,0.0,0.0,0.0,0.0148784756130592,0.0,0.0,0.0,0.0,0.0060849496370351,0.0183138603351778,0.0223518286091638,0.0,0.0,0.0,0.0,0.0,0.0,0.0,0.0,0.0045755695308768,0.0,0.0,0.0,0.0,0.0,0.0,0.0,0.0,0.0,0.0,0.0,0.0,0.0,0.0,0.0,0.0,0.0,0.0,0.0,0.0,0.0,0.0,0.0,0.0,0.0,0.0,0.0,0.0,0.0,0.0,0.0,0.0,0.0,0.0,0.0,0.0057556999328024,0.0542086294633032,0.0325314923874138,0.0,0.0,0.0,0.006541210311448,0.0,0.0,0.0,0.0037597128171935,0.0,0.0,0.0,0.0,0.0,0.004768926779282,0.0080335415579327,0.0,0.018937784586042,0.0040872745991625,0.0,0.0,0.0347659743074492,0.0043826245759694,0.0,0.0,0.0068917456855035,0.0,0.0,0.0063861979408114,0.0,0.0,0.0,0.0,0.0,0.0,0.0,0.0,0.0,0.0220475633742515,0.0,0.0,0.0034877027858923,0.0,0.0042318907388835,0.0045373645046708,0.0,0.0,0.0,0.0909334110066084,0.0,0.0,0.0,0.0,0.0,0.0,0.0083380674266383,0.0035104611384725,0.0,0.0,0.239132516063698,0.276840180782424,0.216331753951756,0.0,0.0,0.0181129162013391,0.0035692713140374,0.0,0.0,0.0,0.004858646715934,0.0,0.0,0.0,0.0,0.0,0.0,0.0,0.0,0.0,0.0,0.0254207284878004,0.125188160703617,0.0,0.0049152412878607,0.141799466756627,0.0163430025938915,0.0382492644871995,0.0,0.0,0.0,0.0,0.0390563948670309,0.0,0.0,0.0,0.0046704337761099,0.0,0.0,0.0,0.0,0.0,0.0,0.0168871710992046,0.106898356161209,0.0328360757059661,0.218071428792128,0.0314687531412352,0.103460247386351,0.0,0.0,0.0,0.0,0.0,0.0,0.0
RSPd,0.0,0.906127247727097,0.657845518893838,0.0092265994720464,0.0968044065341788,0.0046358493681558,0.0042140626288204,0.0,0.0036977348896932,0.0,0.0754766403885827,0.0250201405708103,0.0073009483828283,0.0,0.0042900309650156,0.485973846564902,0.0,0.0689110055857008,0.0279770338481182,0.0197058561279218,0.229576410227209,0.0,0.0,0.0,0.028094612647735,0.0,0.0108064463777459,0.0,0.0,0.0532078700911676,0.016345428150449,0.0,0.0,0.0,0.0,1.91378059294929,0.0595013771293368,0.0,0.0,0.0,0.0627469996432782,0.0,0.0,0.0076420620719701,0.0,0.0135084974671833,0.0762837402571833,0.112195220123059,0.0,0.0,0.0,0.0,0.0,0.0,0.0258250989472173,0.0051854995119718,0.0,0.0,0.0,0.0,0.0,0.0077795293624935,0.0118474514168042,0.0,0.0,0.0,0.0081820143455008,0.0,0.0,0.0,1.22438212544686,0.159690951661719,0.121208721408954,0.0186056660792954,0.0223417138023953,0.612249660185283,0.0066982432489599,0.0,0.0,0.0056776546310079,0.0,0.0,0.0,0.0247416288662079,0.0,0.0,0.0,0.0055621763436463,0.0356617399309076,0.0118201453363675,0.0,0.0,0.0049695434749978,0.180088039270532,0.935433673130564,0.0,0.0,0.0318421161876849,0.221895245314659,0.0,0.0,0.0201553630888322,0.0176860050938918,0.0,0.0,0.0,0.0396629950143652,0.0560700124257236,0.0,0.0313734686013899,0.0343960393778858,0.156208063529049,0.0048435793673347,0.0,0.0,0.363086590746931,0.0292223384404795,0.0,0.0,0.0165493859739478,0.0,0.0417419351842786,0.0096826575093324,0.156004083128527,0.0,0.0,0.0342456125511201,0.0053363316782408,0.046988764288754,0.0,0.0807868978964254,0.0369478272064639,0.286391669049443,0.0038777710859291,0.0064894557071869,0.0477493702418754,0.0045654331215823,0.0088244406223681,0.113866885379864,0.0,0.0,0.0054652242097935,0.818942753700625,0.0,0.0,0.0,0.0,0.0,0.0,0.014945029764123,0.004688343564964,0.0410938550330249,0.0,1.84237000608519,4.62415637395453,4.37347406231334,0.406430547583094,0.0,1.2614146484567,0.270025382569433,0.0054537651893706,0.0097134842515973,0.0,0.0055279926625213,0.0,0.104495710147113,0.0,0.0074330999610337,0.0088474308452325,0.0305471188415207,0.0,0.0,0.0,0.0,0.284516042387798,0.19551725834597,0.0,0.0,0.276406190870819,0.0661300766112528,0.0760681821830785,0.0071487054448904,0.0073587474786468,0.0,0.0,0.115395760810417,0.0,0.0932366009844628,0.0,0.0076171160949625,0.0,0.0,0.0423827663902854,0.0,0.0,0.0,0.174664616460028,0.665197576476579,0.315132879744494,2.22280280735773,0.182791006572711,0.807221451257287,0.0834951018121196,0.0,0.183447928880585,0.0410727114934796,0.008848497444236,0.0042166446043042,0.0,0.0,0.0920745713948146,0.0374531511666492,0.0,0.0,0.0,0.0,0.0,0.0,0.0,0.0095228410736361,0.0,0.0,0.0,0.0,0.0,0.0,0.0058126170303473,0.0038332103215043,0.0078942037425961,0.0314092506032925,0.0,0.0,0.0,0.0,0.0,0.0,0.0,0.0,0.0,0.0,0.0,0.0,0.0,0.0,0.0651709394944937,0.0186980280878289,0.0,0.0,0.0,0.0134879530915434,0.0,0.0,0.0,0.0,0.0061229510555305,0.0482511495704429,0.0496889192119839,0.0,0.0,0.0,0.0,0.0,0.0,0.0,0.0,0.0,0.0,0.0,0.0,0.0,0.0,0.0,0.0,0.0,0.0,0.0,0.0,0.0,0.0,0.0,0.0,0.0,0.0,0.0,0.0,0.0,0.0,0.0,0.0,0.0,0.0,0.0,0.0,0.0,0.0,0.0,0.0,0.0,0.0,0.0,0.0,0.0072070025865258,0.0229961297449949,0.119992804543441,0.0,0.0,0.0,0.0053522893717096,0.0,0.0,0.0040227528899456,0.0090019396046766,0.0,0.0,0.0,0.0,0.0,0.0,0.0038852061226528,0.0,0.0086372342333423,0.0035985378679411,0.0,0.0,0.0326409788779633,0.0106404574561238,0.0,0.0,0.0076128855735223,0.0,0.0,0.008516164079517,0.0048019378942623,0.0,0.0,0.0058266057191857,0.0,0.0,0.0,0.0,0.0,0.0663856518483867,0.0,0.0,0.0036706449691567,0.0,0.0039275824236146,0.0,0.0,0.0,0.0,0.0453156111466289,0.0,0.0,0.0,0.0,0.0,0.0,0.0055077563129694,0.0,0.0,0.0,0.187973219838545,0.562185872280384,0.759348652098336,0.0,0.0,0.0094571739290534,0.0,0.0,0.0,0.0,0.0,0.0,0.0,0.0,0.0,0.0,0.0,0.0,0.0,0.0,0.0,0.0089553140656758,0.0357704434470776,0.0,0.0,0.0431990028320078,0.0047938021226753,0.0115268132282881,0.0,0.0,0.0,0.0,0.0230551833251686,0.0,0.0,0.0,0.0040883957206132,0.0,0.0,0.0,0.0,0.0,0.0,0.0080930457638076,0.056471557057871,0.0215003788378857,0.132806321327278,0.0329243717240063,0.0625925366242114,0.0,0.0,0.0,0.0,0.0,0.0,0.0
RSPv,0.0,1.12664851837297,1.27189683604192,0.0126913155686526,0.175075139858429,0.0340220939832448,0.0040888022121092,0.0,0.0040741272574442,0.0,0.0974349395867552,0.0316543867193254,0.0063342753385135,0.0,0.0084483467037691,0.472044300144547,0.0,0.0378457646831762,0.0112290898650123,0.0090077708132908,0.376384272687558,0.0,0.0,0.00549258279037,0.0714250036225218,0.0,0.0112550581206396,0.0035630765050538,0.0,0.0562195854039905,0.0220379574475016,0.0,0.0046644181280889,0.0,0.0,1.7442704566975,0.0893129493902849,0.0,0.0,0.0,0.0982604309777724,0.0,0.0,0.0098470672925857,0.0,0.0188667060342003,0.0883206963414086,0.313681783973969,0.0,0.0,0.0,0.0,0.0,0.0,0.0266323875597699,0.0071535030965475,0.0,0.0,0.0,0.0,0.0,0.0,0.0225261179983462,0.0,0.0,0.0,0.0154135342260186,0.0,0.0,0.0,1.38082640403921,0.0948687726941066,0.0924330508647934,0.0358586339197513,0.0395892252223081,0.487119990950813,0.0106092354815306,0.0,0.0,0.0233747783127854,0.0,0.0,0.0,0.0289047619189656,0.0,0.0,0.0,0.0036523679273917,0.0383289058259973,0.0081122271887322,0.0058387493799461,0.0164487425134371,0.003817253637348,0.186680209898435,1.3101918857462,0.0,0.0,0.0235169009981503,0.287353845950651,0.0144490013612909,0.0,0.030373230786971,0.0232512593148669,0.0,0.0,0.0,0.0197477774732558,0.0687611414626242,0.0,0.0231115285330645,0.0418746736863977,0.0883462500531967,0.0,0.0,0.0,0.500118268785554,0.102519858650669,0.0,0.0,0.0175110840066477,0.0,0.0513484630946608,0.0083540373980546,0.192274150777162,0.0,0.0,0.0617497715909471,0.0,0.0546592838662108,0.0039333434510879,0.0724727191040277,0.0277770463307667,0.56987550306771,0.0058426413115197,0.003639223089272,0.189667167907097,0.0038148312295925,0.0096071057662051,0.128343531755281,0.0,0.0,0.0176787453320142,0.82112435154146,0.0,0.0098234634453997,0.0,0.0,0.0,0.0,0.0301858320313187,0.0053429526036518,0.0558728922452196,0.0,1.44462349302836,5.0277490096691,6.59958204286281,0.437669180487989,0.0,1.35067631004155,0.165753391548172,0.0365881537478984,0.0141938039626503,0.0,0.0047802903082953,0.0,0.120968343177525,0.0,0.017485918294272,0.0177899084158947,0.0389645468010663,0.0,0.0,0.0,0.0,0.348796988203684,0.164351174669042,0.0,0.0,0.265003486735127,0.0773175528261914,0.0638699154418518,0.0102595179449092,0.0158444359620086,0.0,0.0,0.0948052986713844,0.0,0.0995527384438961,0.005280209813955,0.0090718103057583,0.0,0.0,0.0413746880680315,0.0,0.0,0.0,0.113889097907413,0.447243590074426,0.17569175365939,1.4572927739881,0.241788371476263,0.5216323646094,0.12103798071706,0.0,0.185280120976503,0.0366430863761582,0.0142739423103103,0.0059412273084171,0.0,0.0,0.17258615598283,0.0847684214616743,0.0048954904249899,0.0,0.0,0.0,0.0,0.0,0.0,0.0144461342012251,0.0,0.0,0.0,0.0,0.0,0.0,0.0,0.0,0.0034611992891222,0.0566771685387707,0.0,0.0,0.0,0.0,0.0,0.0,0.0,0.0,0.0,0.0046067888931753,0.0,0.0,0.0,0.0,0.0781588752984774,0.0280806234847049,0.0,0.0,0.0,0.0100974462760195,0.0,0.0,0.0,0.0,0.0063919709661841,0.0757614366218008,0.118876749438398,0.0,0.0,0.0,0.0,0.0,0.0,0.0,0.0,0.0,0.0,0.0,0.0,0.0,0.0,0.0,0.0,0.0,0.0,0.0,0.0,0.0,0.0,0.0,0.0,0.0,0.0,0.0,0.0,0.0,0.0,0.0,0.0202077417540466,0.0,0.0,0.0,0.0,0.0,0.0,0.0,0.0,0.0,0.0,0.0,0.0061184591942804,0.0066915054466044,0.0192456931994535,0.201719581699041,0.0,0.0,0.0,0.0061514308801813,0.0,0.0,0.004517443969927,0.0143736320101342,0.0,0.0,0.0,0.0,0.0056175574871095,0.0,0.0047015048414339,0.0044303837455793,0.0128543233007614,0.0,0.0,0.0,0.0422597577740165,0.0228419772379252,0.0,0.0,0.0100526980868489,0.0,0.0,0.0085942878004785,0.0081695826310679,0.0,0.0,0.0148363910005951,0.0,0.0,0.0,0.0,0.0,0.115931868773138,0.0,0.0,0.0138457150541166,0.0,0.0050713197996586,0.0,0.0,0.0,0.0,0.0382392936116182,0.0,0.0,0.0,0.0,0.0,0.0,0.0115914571005913,0.0,0.0,0.0,0.191306181182015,0.719853905851935,1.20993164798913,0.0,0.0,0.0290478230264783,0.0,0.0,0.0,0.0,0.0,0.0,0.0,0.0,0.0,0.0,0.0,0.0,0.0,0.0,0.0,0.0062703977081403,0.013920639497902,0.0,0.0,0.0179091197190048,0.0,0.0055021228772906,0.0,0.0041002876865164,0.0,0.0,0.0155712715451404,0.0,0.0035550329733211,0.0,0.0,0.0,0.0,0.0,0.0,0.0,0.0,0.0049609408399602,0.0317432966454945,0.0119500758170554,0.077663979930298,0.0313479590291512,0.0445081963474491,0.0,0.0,0.0,0.0,0.0,0.0,0.0
RT,0.0,0.232411330624621,0.0989179699868716,0.0506139631434944,0.0151491151502703,0.0,0.0434146280995135,0.0060269737634444,0.0075436657305151,0.0,0.0200639148548958,0.0246266258023388,0.006050557315601,0.0,0.0089688268733899,0.0040280036864634,0.0,0.0130756408981762,0.0,0.0,0.1039784438726,0.0208920340119965,0.0087333610156225,0.0272221606154509,0.0233885106265004,0.004275830132349,0.0845442451465292,0.0150092577395033,0.0,0.145979603422839,0.0076623173417948,0.0,0.126826084570464,0.0,0.0035122384927303,1.72106016209882,0.0,0.0,0.0,0.0,0.0207083571474099,0.0,0.0,0.004202898981212,0.0,0.0076319374028715,0.0206366546249879,0.0428398129887514,0.0,0.0,0.0,0.0,0.0191388632621633,0.0,0.14579815563986,0.0474626011125934,0.0044979870578873,0.0127529434755332,0.0,0.0,0.0,0.0,0.015796394598126,0.0353616383495097,0.0,0.0,0.0,0.0,0.012839794472519,0.0,0.234757947669566,0.0220599762442919,0.0,0.0357433663291266,0.0298799784694318,0.0790831844879668,0.0038426382541152,0.0,0.0,0.0083328902525452,0.0044968412957033,0.0,0.0,0.653493242940676,0.0,0.0,0.0073590814314982,0.0,0.0,0.0,0.0,0.0,0.0051953978362832,0.955002379260606,0.764243886363807,0.0,0.0,0.0,0.0510844301064287,0.0,0.0,0.0034871109768597,0.0,0.0,0.0,0.0,0.0,0.0046701165170616,0.0,0.0190377018938507,0.0150500079198314,0.0152309760352257,0.0098910498963562,0.0,0.0,0.0149046873649512,0.0120834336798122,0.0,0.0,0.0,0.0,0.38549620265807,0.0076752652639884,0.0,0.0,0.0,0.0,0.0103187411351188,0.0943837844200355,0.0,0.403671466467527,0.0,0.198423358693659,0.0,0.0,0.136663218976646,0.0,0.0056725813592143,0.005360095135121,0.0,0.0,0.009487336482516,0.141422347097396,0.0,0.0155710744962803,0.0,0.0,0.0,0.0,0.0070980951430931,0.0139632597077202,0.0,0.0,0.156602762879641,0.411075361952201,0.42691320076946,0.763481124912572,0.0,0.0041813796448,0.0,0.0039337094584862,0.0551949817498424,0.0,0.0250488241671539,0.0170689420090856,0.0657283881641808,0.0,0.0085308241010363,0.0,0.0073707717857242,0.0,0.0,0.0,0.0,0.728885608516227,0.310658586228215,0.436806311515306,1.10652517679485,0.16650950377034,0.975264187455378,1.26757495527294,0.0148271468351428,0.0,0.0,0.0,0.0112749138896819,0.0,0.0049464497612004,0.0,0.0052553754578241,0.0062737962422978,0.0,0.690266091486411,0.0,0.0,0.0359443534619897,0.0211698654032428,0.0475727079249795,0.032616758019588,0.282326020518216,0.0125969870790497,0.0369818365790663,0.274772262816697,0.0,0.305536368181282,0.732335058456368,0.0445956866427426,0.0099905268776364,0.0,0.0,0.0,0.0070107839591741,0.0,0.0,0.0,0.0,0.0,0.0,0.0,0.0,0.0,0.0,0.0,0.0,0.0,0.0,0.0,0.0,0.0,0.0,0.0,0.0,0.0,0.0039055658205312,0.0,0.0072776943850471,0.0,0.0,0.0051876672484665,0.0,0.0,0.0556550147051539,0.0,0.0,0.0,0.0,0.0,0.0,0.0,0.0246307048758567,0.0,0.0,0.0,0.0,0.0,0.0077789596834303,0.0051877894780933,0.0,0.0,0.0,0.0,0.0,0.0,0.0,0.0,0.0,0.0,0.0,0.0,0.0,0.0,0.0,0.0153991151159756,0.0,0.0,0.0,0.0,0.0,0.0,0.0,0.0,0.0,0.0,0.0,0.0,0.0,0.0,0.0,0.0,0.0,0.0,0.0,0.0910573174980571,0.0,0.0,0.0044559861566939,0.0,0.0,0.0,0.0,0.0,0.004614680747197,0.0,0.0,0.0,0.0,0.0,0.0037067294113409,0.0,0.0,0.0042295954925257,0.0,0.0,0.0,0.0,0.0,0.0,0.0,0.0,0.0,0.0,0.0058970255903014,0.0,0.0,0.0,0.0,0.0,0.0,0.0,0.0,0.0472566948900426,0.0040173438633616,0.0,0.0,0.0,0.0,0.0047271798745952,0.0,0.0,0.0069998755199935,0.0,0.0040259084157635,0.0,0.0,0.0,0.0,0.0,0.0,0.0,0.0,0.0,0.0,0.0,0.0,0.0,0.0,0.0,0.0,0.0,0.0076654971132514,0.0,0.0,0.0,0.0,0.0056664603325186,0.0,0.0,0.0,0.0,0.0,0.0,0.0,0.0049925087326491,0.0,0.0,0.0,0.0,0.0,0.0,0.0,0.0,0.0,0.0,0.0,0.0,0.0,0.0,0.0,0.0,0.0,0.0,0.0,0.0,0.0,0.0,0.0,0.0,0.0,0.0071499010881562,0.0,0.0,0.0114592322328679,0.0,0.0,0.0,0.0,0.0,0.0,0.0,0.0,0.0,0.0,0.0,0.0,0.0,0.0057266529802385,0.0,0.0
SBPV,0.0112267867311374,0.0107998640032324,0.0153795652934497,0.0416162482276144,0.0,0.430310467850365,0.0,0.0,0.0,0.0,0.0,0.0,0.0,0.0,0.0086235264363343,0.0162387525188294,0.0416322596584403,0.0,0.0,0.0,0.0,0.0105582653994648,0.0223139984867957,0.290742646707998,0.0302792956365871,0.0,0.0076761757602812,0.0469327728799034,0.0,0.0,0.0,0.0075944752368916,0.008023488715767,0.0046921001533982,0.0085701673704176,0.0042166742203904,0.0217159712452697,0.0,0.0087184162359688,0.0,0.0073618284943119,0.143193830141145,0.0,0.004892730129688,0.0153350037596514,0.0,0.0035200893610342,0.0,0.0,0.0,0.0,0.0,0.0,0.0,0.0,0.0064818767453448,0.0,0.0,0.0,0.0,0.0,0.0,0.004885600016931,0.0077726635066106,0.0,0.0,0.0078678433984594,0.0042854915611314,0.0112447930209208,0.0,0.0,0.0,0.0038445407877935,0.0435789964190645,0.39219054843323,0.0192872522593775,0.150489072254094,0.0,0.0305230026326958,0.201380894641932,0.0937231523506863,0.0054864622867374,0.0,0.0282609506816991,0.0,0.0,0.0719053339088598,0.0,0.0041719535331562,0.0050715170668637,0.0237426720046383,0.0236175398274362,0.0,0.0037174784363035,0.0099905216853964,0.284080394845119,0.3693617707944,0.0,0.148120991150963,0.0706188433160793,0.0,0.0924963805006398,0.0,0.0,0.0,0.0,0.0,0.0228416247714206,0.0,0.0,0.0,0.0,0.0054888258206108,0.0193561343242348,0.0055524761713859,0.44476038243826,0.0,0.0,0.0114100350369593,0.0219729479375306,0.0,0.0059606012132367,0.0,0.0,0.0,0.0,0.161907411102245,0.0047704346909579,0.0046048945174624,0.0329998393867438,0.0,0.0053618984867276,0.0,0.0,0.0146082703479545,0.0,0.0,0.0107129496276817,0.0189619125211805,0.0,0.0,0.0306804161099101,0.0,0.0596448809158126,0.0688089437880052,0.0098759271125737,0.0409795580806898,0.0,0.0653902802071362,0.0536812625502691,0.0,0.0108119538176173,0.0101098205304236,0.0,0.0057116156340365,0.0173178620485409,0.0213819764947042,0.0539681128616629,0.0843231981084408,0.0,0.0205477126589153,0.126475340790333,0.0,0.0037106599350507,0.0,0.0,0.0,0.0291231437010174,0.0087447696294927,0.0,0.0,0.0,0.0,0.0,0.0,0.0,0.0,0.0,0.0,0.0,0.0,0.0,0.0444367205283766,0.0,0.0,0.0,0.0,0.0036040336404672,0.0086110587075042,0.0091903393260509,0.175387336741587,0.0,0.0,0.0,0.0,0.0,0.0,0.0,0.0,0.0,0.0,0.0,0.0121008278612703,0.355341439394642,0.0,0.0,0.003895558330882,0.0441529900223881,0.0,0.0,0.0,0.0,0.0,0.0,0.0237844822415298,0.0,0.0,0.0,0.0,0.0,0.0,0.0,0.0,0.0,0.0,0.0093476902818198,0.0,0.0,0.0,0.0,0.0,0.0,0.0290879614311975,0.0,0.0,0.0,0.003771110544766,0.0,0.0,0.0,0.0,0.0040917522254058,0.0,0.0,0.0,0.0067368076759132,0.0,0.0,0.0,0.0092211058114075,0.0154638320346586,0.0,0.0,0.0,0.0,0.0,0.0,0.0,0.0,0.0,0.0,0.0,0.0,0.0,0.0,0.0,0.0,0.0,0.0,0.0,0.0,0.0,0.0040290915146428,0.0,0.0,0.0,0.0,0.0,0.0,0.0,0.0,0.0,0.0164821293557516,0.039475637624644,0.0,0.0101374409150667,0.0,0.0,0.0230264590260287,0.0126241823944205,0.0,0.0,0.0146339900368553,0.0,0.0,0.003700624001815,0.0,0.0,0.0,0.0,0.0052304895058682,0.0,0.0,0.0,0.0126396221462683,0.0274469354433633,0.0,0.0183644158679672,0.0215488165531937,0.0,0.0222703611097369,0.0,0.0,0.0,0.0,0.0,0.0065672383657517,0.0,0.0,0.0,0.0,0.0,0.0,0.0,0.134587517090533,0.0,0.0,0.0,0.0052787524943559,0.0,0.0,0.0,0.0,0.0,0.0,0.0503977685970289,0.0,0.0,0.0120056495620118,0.0,0.0,0.0,0.0,0.0,0.0,0.0,0.0,0.0,0.0,0.0,0.0109853622584715,0.0,0.0109283149667428,0.0261248293942673,0.0,0.0044764792350951,0.0,0.0236614993174435,0.0211514988750808,0.0,0.0,0.0,0.0,0.0,0.0034547907676924,0.0,0.0034521247192953,0.0281127608259225,0.0,0.0052871083030615,0.0102975969864512,0.0,0.0,0.0,0.0,0.0,0.0071893718796103,0.0,0.0,0.0,0.0,0.0,0.0,0.0,0.0,0.0,0.0,0.0,0.0,0.0,0.0,0.0154364737030975,0.0,0.0,0.0,0.0,0.0,0.0,0.0,0.0268857058992856,0.0,0.0,0.0,0.0,0.0,0.0,0.0,0.0,0.0,0.0,0.0,0.0,0.0121001046816893,0.0,0.0,0.0,0.0069514355170609,0.0
SCm,0.0,0.0,0.0,0.0,0.0,0.0179301390368392,0.0,0.0,0.0,0.0,0.0,0.0,0.0,0.0,0.0,0.252425404198747,0.0,0.0,0.0,0.0,0.0066081497491839,0.0,0.0,0.0035202024541032,0.0,0.0,0.0039926952761868,0.0,0.0035082692350199,0.0344036878775373,0.0,0.0044483448307965,0.0183086623770874,0.0,0.0,0.0073403148698701,0.009934748459148,0.0,0.168851597145482,0.0049608229060787,0.0370411573650807,0.0053556072021104,0.0,0.0,0.0135774314048552,0.0,0.0,0.0,0.0,0.0,0.0,0.0,0.0,0.0,0.0081714691254787,0.0046296318908208,0.0504099491642586,0.0,0.0,0.224474167754207,0.277434303944544,0.498835821865452,0.0,0.0132303409218068,0.0066763906690078,0.0,0.0,0.0289607690554312,0.0,0.0,0.0516178955448704,0.0448329046696471,0.0376530530715846,0.0170686060987248,0.0595123461759939,0.319462987278918,0.0072361237603172,0.0,0.0,0.0,0.0,0.0,0.0376622762530309,0.0672280965145747,0.0048818452122199,0.0059182273504228,0.0,0.0266551872137829,0.0526468014136447,0.0581694476894428,0.0,0.0,0.0,0.0036379218878807,0.0,0.0,0.004745089279785,0.0280295835022786,1.03101880489257,0.0,0.0,0.0108066848276449,0.0,0.040892180252024,0.0,0.0,0.0876346925425487,0.070156006650101,0.0,0.0,0.0,0.0,0.0040231042312959,0.0,0.0,1.11045532283203,0.0,0.0215358334430073,0.0392051640064549,0.0180271283632733,0.0,0.067075178145205,0.0,0.0331222125457727,0.0,0.0083073246392251,0.0444078615723388,0.0041966063759038,0.0,0.0,0.0593243917557859,0.0615878973540692,0.0,0.0133677921131905,0.163423061048774,0.0,0.0,0.178209130847683,0.327112378650264,0.0,0.0,0.0045622110976946,0.0,0.0,0.0159507165389268,0.0,0.0,0.0,0.0,0.0246710509415051,0.0044001158314775,0.0953322896052028,0.0169789642336391,0.0069883943256382,0.0082756356730886,0.0372662458167079,0.0109295199246832,0.0,2.31596654913538,0.950984443983484,0.0,0.0131345829461933,0.0,0.0045918992297684,0.0078347331460194,0.0269594350631254,0.0256755334179005,0.0308746700203545,0.0126036326832156,0.0339326328874952,0.0,0.0,0.0,0.0,0.0,0.0,0.0,0.0,0.0,0.0,0.0050996171386769,0.0035353195731851,0.0,0.0089929993551218,0.0,0.0,0.0,0.0480349872188618,0.0,0.0,0.0060038526543516,0.0048129873216691,0.0101369538000566,0.0045301770374593,0.0054252150074493,0.0,0.0,0.0,0.0,0.0066804315684135,0.0,0.0,0.0489297677052709,0.0,0.0204486214081934,0.0172187830986493,0.01981661335646,0.0212134094164389,0.0,0.0,0.0,0.0,0.0,0.0,0.0041038036543016,0.0,0.0,0.0,0.0,0.0,0.0,0.0,0.0,0.0,0.0138890386039781,0.0,0.0,0.0,0.0,0.0,0.0,0.0,0.0,0.0,0.0,0.0084674832242747,0.0,0.0,0.0037974115243125,0.0,0.004062740275282,0.0096304605438461,0.0,0.0,0.0,0.0085727771507997,0.0,0.0350611757508039,0.0073364381763561,0.0274878095493553,0.0,0.0,0.0,0.0049345724283764,0.0,0.0,0.0,0.0,0.0,0.0,0.0,0.0,0.0,0.0,0.0,0.0670204196088937,0.0,0.0,0.0367535791225357,0.0908799460420451,0.0570514407173842,0.0,0.0064589042353967,0.0109406025245042,0.0,0.0,0.0569328227935408,0.0,0.0,0.0123239491968653,0.0047340397019689,0.0076589651833304,0.0,0.0081937749412756,0.0566778345246378,0.0,0.0,0.0,0.0,0.0,0.0,0.0220747979860904,0.0159452409704913,0.0099877431908812,0.0110108209145897,0.0053162005752339,0.0,0.0062068718986915,0.0066610471439716,0.0,0.0,0.0,0.0,0.0,0.0,0.0,0.0,0.17065671343623,0.0,0.0,0.0035403555852475,0.0,0.0,0.0,0.0,0.0093743755708739,0.021567731403339,0.0,0.0,0.0,0.0,0.0041490097441771,0.0,0.0,0.286274434121336,0.0,0.0369963822737682,0.0138734746700383,0.0058004896361175,0.0,0.0105647362236355,0.0,0.0,0.0,0.0072494599027505,0.0122085047412601,0.0,0.0,0.0,0.0,0.0045024215395233,0.0035463879555821,0.0,0.025895439175941,0.0,0.0,0.0792856388401006,0.0881553184925691,0.0,0.0,0.0,0.0,0.0,0.00623071420992,0.0,0.0,0.0,0.0,0.014417326182715,0.0,0.0129645141842912,0.0034766915059347,0.0,0.0,0.0,0.0,0.0,0.407915267619805,0.062833968087186,0.0,0.0,0.0,0.0036374150012124,0.0,0.0047663195627735,0.0061341326727146,0.0074452224343391,0.0,0.0037469197317645,0.0,0.0,0.0,0.0051628366665178,0.0,0.0,0.0,0.0,0.0,0.0,0.0,0.0,0.0,0.0080520121913812,0.0,0.0,0.0,0.013423314788917,0.0,0.0036761039472466,0.0,0.0,0.0,0.0043120063806952,0.0119345465601883,0.0,0.0,0.0,0.0,0.0,0.0,0.0,0.0108629916447065,0.0,0.0,0.0,0.0070463458594929,0.004758937678368,0.0
SCs,0.0,0.0,0.0,0.0,0.0,0.0039904239741806,0.0,0.0,0.0,0.0,0.0,0.0,0.0,0.0,0.0,0.231748116770239,0.0,0.0,0.0,0.0,0.0,0.0,0.0,0.0,0.0,0.0,0.0086769995525411,0.0,0.0,0.0258893066692341,0.0,0.0,0.005261135657231,0.0,0.0,0.0,0.003478273253163,0.003914568395752,0.129990605277369,0.0047429664592729,0.0699003466512097,0.0,0.0,0.0,0.0,0.0,0.0,0.0,0.0,0.0,0.0,0.0,0.0,0.0,0.0,0.0,0.0078738372581963,0.0,0.0,0.167613370092412,0.262649676785431,0.445946639414102,0.0,0.0,0.0,0.0,0.0,0.0,0.0,0.0,0.0373447913107465,0.103684920663458,0.0670788349558184,0.0129767718549939,0.0296719041957021,0.645774163684501,0.0,0.0,0.0,0.0,0.0,0.0,0.0111614713507593,0.0347951939641833,0.0,0.0,0.0,0.0399916833892717,0.0488102400771291,0.0744832228925386,0.0,0.0,0.0,0.0,0.0,0.0,0.0,0.0451745718431938,0.562715664060843,0.0,0.0,0.0,0.0,0.0259855733248515,0.0,0.0,0.190785786843322,0.0454290831652181,0.0,0.0,0.0,0.0,0.0051781147815442,0.0,0.0,0.619305265027771,0.0,0.0,0.008659408402643,0.0040107821661804,0.0,0.0328144932388861,0.0,0.0226723849013483,0.0,0.0,0.0121874826439771,0.0051488645600623,0.0,0.0,0.0261851266930852,0.0668792854761275,0.0,0.0204301963718713,0.0949230393573649,0.0,0.0,0.0782693336435801,0.203963244829314,0.0,0.0,0.0,0.0,0.0,0.0057242648007043,0.0,0.0,0.0,0.0034456782332526,0.0096523096595676,0.0,0.0354955416773096,0.0062260581796862,0.0083544172808115,0.016487826773247,0.0958667539681734,0.0084645428115048,0.0,2.58098533149468,2.16333344084828,0.0,0.0054596964375807,0.0,0.0,0.0,0.0137326360184935,0.0166058347814394,0.0169231595979968,0.0074118558843563,0.0207021146964486,0.0,0.0,0.0,0.0,0.0,0.0,0.0,0.0,0.0,0.0,0.0061713910949265,0.0,0.0,0.0,0.0,0.0,0.0,0.0290025680945747,0.0,0.0,0.0064222308410733,0.0,0.0,0.0039187435007971,0.0,0.0,0.0,0.0,0.0,0.0130176663517649,0.0,0.0,0.0233906436575186,0.0,0.0102549768694344,0.0053937951155413,0.0083568305310766,0.006892248210416,0.0,0.0,0.0,0.0,0.0,0.0,0.0,0.0,0.0,0.0,0.0,0.0,0.0,0.0,0.0,0.0,0.0080548584386876,0.0,0.0,0.0,0.0,0.0,0.0,0.0,0.0,0.0,0.0,0.0176051825941704,0.0,0.0,0.0,0.0,0.0,0.0,0.0,0.0,0.0,0.0068271036103196,0.0,0.0257442368029614,0.0073053270315852,0.0517435553712449,0.0,0.0,0.0,0.0,0.0,0.0,0.0,0.0,0.0,0.0,0.0,0.0,0.0,0.0,0.0,0.0225782119864376,0.0,0.0,0.0334524727462313,0.0864225340876163,0.0450262173278309,0.0,0.0,0.0036916987242893,0.0,0.0,0.0095927657794875,0.0,0.0,0.0042592181657585,0.0060005450910609,0.0079988241487958,0.0,0.0,0.109892714640147,0.0,0.0,0.0,0.0,0.0,0.0,0.0062580719747795,0.0,0.0,0.0,0.010084623402012,0.0043683967218241,0.0067461883388541,0.0088103102569511,0.0,0.0,0.0,0.0,0.0,0.0,0.0,0.0,0.058005768183349,0.0,0.0,0.0037441938680443,0.0,0.0,0.0,0.0,0.0179169803283203,0.0090372754399451,0.0,0.0,0.0,0.0,0.0065478179544264,0.0,0.0,0.123003203702248,0.0,0.0056708133746779,0.0,0.0039378719677399,0.0,0.0,0.0,0.0,0.0,0.0,0.0,0.0,0.0,0.0,0.0,0.003807424319147,0.0,0.004398799137696,0.0097683155836478,0.0,0.0,0.0305667493370744,0.0449646626785093,0.0,0.0,0.0,0.0,0.0,0.0,0.0,0.0,0.0,0.0,0.0045229308846989,0.0,0.0041091281436448,0.0,0.0,0.0,0.0,0.0,0.0,0.250837427034182,0.0870268344322577,0.0,0.0,0.0,0.0,0.0,0.0,0.0042952767744813,0.0,0.0,0.0,0.0,0.0,0.0,0.0,0.0,0.0,0.0,0.0,0.0,0.0,0.0,0.0,0.0,0.0,0.0,0.0,0.0,0.010777522679459,0.0,0.0041693553828834,0.0,0.0,0.0,0.0040477030883329,0.0,0.0,0.0,0.0,0.0,0.0,0.0,0.0,0.0034977867684204,0.0,0.0,0.0,0.0,0.0,0.0
SF,0.0156085442216951,0.0266913387790306,0.18929781327135,0.0703920845308734,0.0,0.0959099191808868,0.0,0.0,0.0,0.0,0.0,0.0,0.0,0.0,0.0101502663934225,0.0,0.0,0.0,0.0,0.0,0.0,0.0044734814888437,0.0092366228489457,0.0653150509076812,0.309027683007304,0.0351349833697529,0.302162773708358,0.0042626698779222,0.0,0.0,0.0,0.0,0.0,0.0039787275445922,0.0,0.313872801374451,0.0,0.0,0.0,0.0,0.02964083918884,0.0156230326707635,0.0,0.0108561274695688,0.0,0.0040507356242304,0.010745907382742,0.0265779569300559,0.0,0.003506085334032,0.0,0.0,0.0,0.0,0.0431697315316264,0.0092908096645497,0.0,0.0,0.0,0.0,0.0,0.0,0.0074062129035811,0.0,0.0,0.0,0.0,0.0,0.0,0.0,0.0,0.0,0.0,0.0080985031943922,0.342923622371761,0.0,0.187455076859536,0.0,0.489047380302155,1.52927974928627,0.119662567573602,0.0137705658129583,0.0,0.0112714543103256,0.0,0.0,0.0222952500676337,0.0,0.0,0.0,0.0504017342741046,0.0149842326731476,0.0080393579046707,0.0052997015327738,0.0264222049760771,0.038472625101137,0.166416671189897,0.0,0.0047858468154461,0.314931505656104,0.0,0.46686985259408,0.0,0.0,0.0,0.0,0.0,0.0,0.0,0.0,0.0072105950127092,0.0,0.0109520679897753,0.0,0.0,0.0664595488277605,0.0,0.0,0.0,0.0,0.0,0.0,0.0071159498071503,0.0,0.0,0.0,0.0827729570930771,0.0060688374982021,0.0041700346738746,0.0056921250481943,0.0,0.0,0.0150973087959486,0.0,0.0,0.0057092590386712,0.0,0.0,0.0,0.0,0.0,0.0264220896794256,0.0,0.00830029416212,0.0191958419019403,0.0,0.0,0.0,0.0051812499558777,0.0266154027524944,0.0,0.0,0.0,0.0046485375442767,0.0124672291171911,0.0233291468380807,0.012979186939668,0.0092117546789123,0.0037641597822357,0.0,0.273935981937327,0.116439967612737,0.0,0.0,0.0235753467894,0.11665224551953,0.0,0.0079350482932976,0.0,0.0,0.0,0.0,0.0,0.0,0.0,0.0,0.0039323145718818,0.0,0.0,0.0,0.0046017355597087,0.0041304107147716,0.0686807576018226,0.0,0.0,0.0,0.0,0.0,0.191171491002296,0.0314579773427284,0.0397510087119862,0.0,0.0,0.0,0.0,0.0,0.0,0.0,0.0,0.0,0.0,0.0,0.0034544217771199,0.0101010349494033,0.0,0.0,0.0,0.0073584205449134,0.0,0.0102090629263021,0.0,0.0156139619115625,0.0117347178758797,0.0,0.0,0.0,0.0,0.0,0.0,0.0,0.0,0.0,0.0,0.0045649060323282,0.0,0.0,0.0,0.0,0.0,0.0,0.0,0.0,0.0047451177204024,0.0493595707840319,0.0136575671771243,0.183501234724213,0.0,0.0,0.0,0.0,0.0,0.0,0.0,0.0,0.0,0.0,0.0,0.0,0.0,0.0358528127927019,0.0,0.0,0.0,0.0,0.0,0.0094809961590112,0.0330215220746901,0.0,0.0,0.0,0.0,0.0,0.0,0.0,0.0,0.0,0.0,0.0,0.0,0.0,0.0,0.0,0.0,0.0,0.0,0.0,0.0,0.0,0.0,0.0,0.0,0.0,0.0,0.0528980744370107,0.0,0.0310568224301318,0.0,0.0223870790433912,0.110977137788941,0.0050009349278658,0.0176095079859004,0.0,0.0,0.0,0.0,0.009944800351711,0.0,0.0,0.0,0.0162493853905867,0.0,0.0036710050223737,0.0034899582186137,0.004763527453528,0.0,0.0125755326410021,0.0,0.0,0.0814799511370787,0.0,0.147282695075359,0.0,0.0,0.0,0.0,0.0,0.0,0.0,0.0,0.0036040608748795,0.0,0.0080963353631909,0.0,0.0,0.0214059281899402,0.0,0.0,0.0,0.0,0.0,0.0,0.0,0.0,0.0,0.0,0.0263795419822624,0.0,0.0,0.0,0.0,0.0,0.0088233767310909,0.0,0.0,0.0,0.0,0.0,0.0,0.0,0.0,0.0047411311420706,0.0,0.0,0.0043831641819814,0.0,0.0,0.0,0.0,0.0087979309935413,0.0,0.0,0.0,0.0,0.0056491920446459,0.0093395917271244,0.0,0.0,0.0,0.0,0.0847746969154609,0.0396282272503351,0.0,0.0,0.0,0.0,0.0,0.0,0.0,0.0,0.0,0.0,0.0,0.0,0.0,0.0,0.0,0.0,0.0,0.0,0.0,0.0,0.022966802099528,0.0,0.0,0.0,0.0,0.0,0.0722032031032384,0.0082757068289673,0.0034477657488048,0.0,0.0,0.0,0.0,0.0,0.0,0.0,0.0,0.0,0.0,0.0,0.0,0.0,0.0,0.0,0.0,0.0,0.0
SI,0.213187167788423,0.0072005907135113,0.0040837065046555,0.543911624648371,0.0,0.0,0.154241218738068,0.0727094244413335,0.12442290546357,0.0,0.0110966727247244,0.0083762942541671,0.0,0.0330381138508092,0.522913643244695,0.0,0.0,0.0,0.0,0.0,0.0,0.19680893098713,0.105985549147263,0.170905462335006,0.0114092606787286,0.0,0.0,0.204196789331703,0.0,0.0,0.0335654040042123,0.0051411095298503,0.017335664862694,0.0665559308856997,0.0309620378775968,0.524634735462114,0.0131047368280799,0.0,0.0,0.0,0.0037739162146994,0.0035295560548348,0.0,0.020008540364144,0.010284472715728,0.0207324885521014,0.05399747715577,0.0,0.148119226353502,0.0937853076532158,0.0,0.0,0.0209803718596012,0.09555405082852,0.0536224407274764,0.0149140333625351,0.0,0.0171900419810621,0.0175453013996573,0.0,0.0,0.0,0.0219814691464479,0.0181173721409876,0.0,0.0,0.0,0.0055558458646219,0.0266088490092815,0.0,0.0,0.0,0.0,0.0374619060376944,0.429535143291569,0.0,0.104557633103524,0.0,0.0,0.0146844199303624,0.0,0.198604398284567,0.0,0.165315878522767,0.0,0.0,0.12746068550122,0.0,0.0,0.0,0.0120632796365582,0.0,0.646770211989336,0.0196559337513145,0.0377894140441254,0.0,0.0086099675842377,0.0,0.107335736124758,0.0080843670104801,0.0,0.145093002738656,0.0,0.0,0.124994430774523,0.0,0.0,0.0,0.0049944031430565,0.043247016488108,0.0587329022548538,0.0285555143059433,0.793935614792272,0.0059975146659937,0.0586413139576983,0.0468878842832811,0.0,0.0122091967325595,0.0157688540004048,0.003677099304005,0.0066376164333588,0.0087094045667779,0.0,0.0,0.0,0.0,0.0126359401498243,0.341485351607999,0.0489463788751539,0.0,0.0,0.0,0.0,0.0,0.0089494924315393,0.0,0.0,0.0058521964677941,0.0073056843294411,0.0,0.0,0.0217900078612934,0.0,0.0,0.0251935333395855,0.0,0.0,0.0,0.0,0.0099936769895781,0.0037412733093103,0.0100613782139416,0.0130532990261819,0.0,0.0,0.0,0.0570217932861099,0.0,0.0,0.0,0.0,1.68678096257937,0.0,0.0121233754071162,0.0162768244593876,0.0219433255267677,0.0,0.0,0.0,0.0,0.0,0.0,0.0,0.0,0.0,0.0054990139423227,0.0063255872459612,0.0,0.0,0.016900633204075,0.0095751752038673,0.0096226067179758,0.0117872418682734,0.0,0.0,0.0072631096843074,0.0240447450272304,0.0,0.0,0.159568815157019,0.0050879545059439,0.0,0.0040085402309662,0.0,0.0,0.0159141261010577,0.0,0.0,0.0,0.0,0.0,0.0,0.0183071310924232,0.0,0.0,0.0,0.0034719237176841,0.0813855374472657,0.0,0.0,0.0,0.0,0.0106962280021212,0.0,0.0,0.0083734756471263,0.0090224298146665,0.0042819038975904,0.0,0.0,0.0,0.0,0.0,0.0,0.0,0.0,0.0,0.0,0.0,0.0,0.0496650451784668,0.0,0.0051860919268407,0.0,0.0,0.0,0.0,0.0,0.0,0.0,0.0,0.0054941412516015,0.0,0.0,0.0811165754100652,0.0,0.0,0.0,0.0,0.0080535632591566,0.0,0.0,0.0,0.0,0.0,0.0,0.0,0.0097693755111716,0.0034816653834512,0.0,0.0,0.0,0.0046822986557227,0.0,0.0,0.0,0.0,0.0,0.0,0.0,0.0,0.0,0.0054020562188503,0.0,0.0,0.0,0.0,0.0057888540991332,0.0,0.0,0.0,0.0,0.0053605347916747,0.0078967659434096,0.0,0.0,0.0,0.0,0.0,0.0,0.0073362951958169,0.0,0.0293754167483699,0.0,0.0,0.0,0.0,0.0,0.0,0.0,0.0,0.0,0.0,0.0,0.0,0.0,0.0,0.0101207978008261,0.0,0.0,0.006105124836456,0.0,0.0,0.0,0.0,0.0,0.0,0.0,0.0,0.0,0.0,0.008519620250742,0.0,0.0,0.0217682030347064,0.0,0.0,0.0,0.0,0.0,0.0,0.0,0.0,0.0,0.0,0.0,0.0052834335558307,0.0046352682287013,0.0,0.0,0.0,0.0,0.0,0.0,0.0,0.0,0.0040306833751193,0.0034712427557044,0.0,0.0,0.0,0.0,0.0,0.0,0.0,0.0,0.0,0.0,0.0,0.0,0.0,0.0,0.0,0.0,0.0,0.0,0.0,0.0,0.0,0.0,0.0068815355394047,0.0,0.0,0.0,0.0,0.0,0.0,0.0,0.0,0.0,0.0,0.0,0.0,0.0,0.0,0.0,0.0,0.0,0.0,0.0,0.0,0.0,0.0,0.0,0.0,0.0,0.0,0.0,0.0047320677242116,0.0,0.0,0.0,0.0,0.0,0.0,0.0,0.0,0.0,0.0,0.0,0.0,0.0,0.0,0.0,0.0,0.0,0.0056496145269304,0.0
SIM,0.0,0.0,0.0,0.0,0.0,0.0,0.0,0.0,0.0,0.0,0.0,0.0,0.506017053136453,0.0,0.0,0.0,0.0,0.0,0.0,0.0,0.0,0.0,0.0,0.0,0.0,0.0,0.0,0.0,0.0537159810764367,0.0,0.0,0.0,0.0,0.0,0.0,0.0,0.0,1.74786866456696,0.0,0.0043402637962025,0.0039374655507596,0.0,0.0400340092399637,0.0,0.0,0.0,0.0,0.0,0.0,0.0,0.0522862191418447,0.0050382026385375,0.0,0.0,0.0,0.0,0.0,0.0,0.0,0.0,0.0,0.0,0.0,0.0,0.0,0.131045632376869,0.0,0.0,0.0,0.0,0.0,0.0,0.0,0.0,0.0,0.0,0.0,0.0,0.0,0.0,0.0,0.0,0.0,0.0,0.0088552359217333,0.0,0.0,0.0,0.0,0.0,0.0,0.0,0.0054764458636645,0.0,0.0,0.0,0.0,0.0,0.0091745450492995,0.0,0.0042272005249323,0.0,0.0,0.0,0.0,0.0,0.0,0.0,0.0,0.0,0.0,0.0,0.0037059330009271,0.0,0.0,0.0,0.0,0.0373206143918594,0.0150461387165142,0.0,0.0,0.0,0.464600920792953,0.0490699531171392,0.0,0.0,0.0,0.0040117579952936,0.0,0.0,0.0,0.0,0.0,0.0,0.0145865234588643,0.0,0.058124024244167,0.0,0.0,0.0,0.0052666840322213,0.0,0.0,0.0,0.0,0.0,0.0,0.0,0.0,0.0,0.0,0.0,0.0,0.0,0.0,0.0,0.0,0.0,0.0,0.0,0.0,0.0,1.74150090457471,0.0,0.0,0.0,0.0,0.0,0.0,0.0,0.0,0.0,0.0039344279458245,0.0052454695955581,0.0,0.0,0.0035949239212476,0.0,0.0,0.0,0.0037823312008767,0.0,0.0,0.0,0.0045797312339318,0.0,0.0,0.0066853207409384,0.0,0.0,0.0,0.0038878759555589,0.0,0.0,0.0,0.0,0.0,0.0,0.0,0.0,0.0,0.0,0.0,0.0,0.0,0.0,0.0,0.0,0.0,0.0,0.0,0.0,0.0,0.0,0.0,0.0,0.0,0.0,0.0,0.0,0.0,0.0124437060481146,0.0,0.0,0.0142909334915996,0.0,0.0,0.0,0.0,0.0,0.0,0.0,0.0,0.0,0.0,0.0,0.0,0.0166254195274319,0.0,0.0,0.0,0.0,0.0,0.0,0.0,0.0,0.248522028075627,0.0,0.0,0.0150109478114383,0.0,0.0,0.0,0.0,0.0,0.0,0.0,0.0,0.0,0.0,0.0,0.0,0.0,0.0,0.0,0.0068198318262077,0.0,0.0,0.0,0.0,0.0,0.0,0.0,0.0035091507841957,0.0,0.0,0.0,0.0,0.0,0.0,0.0,0.0,0.0,0.0,0.0,0.0,0.0,0.0,0.0,0.0,0.0,0.0,0.0,0.0,0.0,0.0,0.0,0.0,0.0,0.0,0.0,0.0037906948457824,0.0,0.0,0.0,0.0,0.0,0.04751562605396,0.0,0.0039094825162292,0.0035854001254632,0.0,0.0,0.0,0.0,0.0,0.0,0.0,0.0,0.0,0.0,0.0,0.0,0.0,0.0058394843893171,0.0,0.0,0.0,0.0,0.0,0.0,0.0110454783262307,0.113187562923264,0.0,0.0,0.0,0.0,0.0,0.0,0.0,0.0,0.0,0.0,0.0,0.0,0.0034586589867807,0.0060806306993231,0.0152302138092307,0.0,0.0,0.0,0.0,0.0,0.0,0.0,0.0,0.0,0.0,0.0,0.0,0.0557806341028971,0.0,0.0,0.0,0.0,0.0,0.0,0.0141455886592229,0.0,0.0,0.0,0.0037034438261836,0.0,0.0,0.0,0.0,0.0,0.0,0.0,0.0,0.0,0.0,0.0,0.0,0.0,0.0,0.0,0.0,0.0,0.0,0.0,0.0,0.0,0.0,0.0,0.0,0.0196643358288905,0.0,0.0,0.0,0.0,0.0236246053759458,0.0,0.0,0.0,0.0,0.0,0.0,0.0,0.0,0.0,0.0161897911242577,0.0,0.011608813624959,0.004066398553245,0.0,0.0,0.0
SMT,0.0047783701269074,0.150495939324019,0.116555766261282,0.241634686008045,0.0,0.0,0.869357965626382,0.163732431295866,0.183980708304974,0.0,0.0244930713341105,0.0286993936226081,0.0,0.0115921114868091,0.0295513116946842,0.0145786345072969,0.0,0.0,0.0,0.0,0.0114660386735016,0.0749917452840062,0.0162273293021927,0.0309409325059504,0.07590617499589,0.0,0.0062887800642961,0.0311630123610095,0.0,0.0087721146611699,0.0589251080697812,0.0,0.301958019903756,0.0056957631210714,0.0100691466339082,4.27394615895693,0.0,0.0,0.0,0.0,0.0313961533501238,0.0,0.0,0.0324605532740998,0.0,0.0862971191756123,0.187784326052788,0.0812259503900164,0.0480000652221665,0.0130667313018549,0.0,0.0,0.172511959763307,0.0219460202241469,0.164429005268965,0.0067716754207201,0.0123471072169717,0.215963588501223,0.0040747330036819,0.0,0.0,0.0,0.071529302837887,0.0355301994065622,0.0050479932335712,0.0,0.0,0.0,0.0132605547421734,0.0,0.0,0.0,0.0,0.0041043011969622,0.0354293949282842,0.0,0.0053351801815058,0.0,0.0,0.0116919853967497,0.0047975704531937,0.0,0.0131096869553282,0.190916526761528,0.0,0.0,0.0134057122015315,0.0,0.0,0.0,0.0,0.0,0.0324305215194474,1.24239820123101,1.64432227130108,0.0,0.0,0.0,0.180186627844772,0.0,0.0,0.006515828062292,0.0,0.0,0.0,0.0,0.0,0.0063392249328786,0.0,0.53681993336116,0.0705040743453812,0.0778184402292917,0.0418461188770471,0.0,0.0065080566274844,0.0750506512942983,0.0065475844911818,0.0037070611219237,0.0061248386281821,0.0,0.0578372505625934,0.0173081071853339,0.0,0.0,0.0,0.0037837766430998,0.0145243885745187,0.114503348195492,0.294719068502215,0.0,0.0114852612840686,0.0,0.0142444710920487,0.0,0.0133410388518211,0.0068855731576118,0.0,0.0466878532902938,0.0955947826399512,0.0,0.0,0.0093003090570556,0.0043005145413176,0.0,0.0101051561797933,0.0,0.0,0.0,0.0,0.0977081103779753,0.106873371308143,0.0465942953239792,0.0065536821944371,0.0140799483514464,0.0286963791553798,0.052018478582221,0.351321383537238,0.0,0.0312024227836958,0.0,0.0,0.091292831460132,0.0,0.275905850317846,0.0,0.0098026697677042,0.0,0.0070175939262794,0.0055638619720772,0.0070993886344295,0.0,0.0,0.0,0.0,0.0534383675725706,0.0215851343875759,0.364466004866864,0.0831283268869257,0.0041194257772656,0.0820858495535942,0.372715439960546,0.0,0.0,0.0,0.0,0.023995792307511,0.0114110166219352,0.0265846587508571,0.0,0.0231734532972486,0.0049803061671341,0.0,0.169832377475781,0.0,0.0,0.351668026981733,0.0,0.0,0.0,0.0065598983705441,0.0043296422197218,0.0,0.835977642702605,0.0,0.0183365370793756,0.0136500307667614,0.121724633009003,0.0104449104535836,0.0,0.0,0.0130377707108756,0.0361128161998315,0.0753471739753848,0.0,0.0,0.051842288747041,0.0277799522056807,0.0298758086182808,0.0,0.0,0.0041689469271052,0.0,0.0,0.0177940671488415,0.0,0.0,0.0,0.0,0.0,0.0,0.0167852065647778,0.0055821003791792,0.0097665106118796,0.0691302634119053,0.0,0.0039321724121701,0.0073826226425967,0.0,0.0,0.0108354976129625,0.0,0.0389908493456042,0.0044949947424304,0.0078690057575762,0.357024022925305,0.0,0.0,0.0,0.0,0.0224107533230181,0.0,0.0,0.0183300310304331,0.0,0.0228403571985303,0.151397690746557,0.064852505126298,0.0226828004425613,0.0068309433636978,0.0,0.0,0.0,0.0054274149499785,0.0071185927760042,0.0,0.0,0.0144910857116694,0.0,0.0,0.0,0.0,0.027930367387078,0.0096426656710034,0.0,0.0,0.0,0.0,0.006009226341558,0.0,0.0,0.0,0.0,0.0,0.0087405173191592,0.0,0.0,0.0,0.0,0.0066007524329037,0.0,0.0,0.0,0.0194342350341218,0.0,0.0,0.0096612696051674,0.0,0.0,0.0,0.0,0.0,0.0063563387466379,0.0253562037531763,0.0310889594965082,0.0,0.0,0.0,0.0074196149573154,0.0,0.0,0.0068360974348463,0.0,0.0,0.0,0.0,0.0,0.0,0.0,0.0161064754141654,0.0200040898102614,0.0132131153045384,0.0220954000813187,0.0,0.0041695136948242,0.0077018586739469,0.0067540154436798,0.0,0.0,0.0,0.0137709190608598,0.0,0.0,0.0,0.0,0.0,0.0,0.0572467239804646,0.0263733002317065,0.0,0.0,0.0,0.01073698338181,0.0,0.0,0.0059398845563795,0.0,0.0,0.0,0.0,0.0,0.0,0.0,0.0,0.003575811490445,0.0,0.0,0.0,0.0,0.0478088838033472,0.0210422635191552,0.0,0.0,0.005081516115834,0.008789154487977,0.019776457280503,0.0325027371863767,0.0,0.0035875870566634,0.0,0.0,0.0262667824747473,0.0,0.0214477315407576,0.0,0.0,0.0,0.0,0.0,0.0,0.0,0.0,0.0,0.0,0.0,0.0,0.0051614986242618,0.0,0.0,0.0,0.0077168677538736,0.0,0.0,0.0,0.0,0.0,0.008930023001118,0.0,0.0,0.0172026635929438,0.0,0.0,0.0070998533931297,0.0,0.0,0.0342380571029141,0.0,0.0,0.0,0.0,0.0,0.0,0.023548744772875,0.0,0.0,0.0,0.005947489090591,0.0,0.0
SNc,0.0081002081329795,0.0,0.0,0.0207157346561789,0.0,0.0071050717304016,0.0042340043593374,0.0,0.0,0.0,0.0,0.0,0.0,0.0,0.0,0.19749250068541,0.0,0.0,0.0,0.0,0.0,0.0052270754731199,0.0060874780579069,0.008503461646569,0.0038154612747478,0.0,0.0150531897814845,0.0438158026251608,0.0,0.0215649149359853,0.0,0.0066850217584525,0.0703773693797961,0.0,0.0,2.25990357674434,0.0210511810717848,0.0,0.0181347613373747,0.0,0.0110229256576253,0.0035093341285573,0.0,0.0,0.0331280443195627,0.0,0.006301595122708,0.0039799556354513,0.0,0.0,0.0,0.0,0.0,0.0111374914692273,0.148991425384704,0.100472059459306,0.0594670014908297,0.0035548230849139,0.0,0.0,0.0,0.0054059258080331,0.0,0.0334143127365218,0.0116863187656681,0.0050607067336623,0.0256983908989692,0.0918339030573869,0.0,0.0,0.012255160314648,0.0,0.0049354684499252,0.0095857666766964,0.121742590609978,0.0177948128860796,0.0166253107798563,0.0,0.0,0.0119667391392144,0.0,0.0063546221963811,0.0213362661059758,0.239593413699469,0.0,0.0,0.0039413357338896,0.0,0.0077510806805327,0.0,0.0,0.0,0.0076022988219098,0.0213764925697272,0.0132257431396763,0.0,0.0042074257871446,0.0,2.35675755418212,0.0050345362921382,0.0036898960786101,0.0162417335927135,0.0041307484387749,0.0,0.0,0.0,0.0048005032806,0.0250986971065182,0.0089879040918794,0.0,0.0,0.0,0.0188128217462653,0.0,0.0,0.389358237934356,0.0,0.140014006348124,0.0999649862917998,0.0135790028583537,0.0,0.193693863706581,0.004746235619283,0.0319975551500118,0.0,0.0047235902755307,0.0343068441520967,0.0098030682833824,0.0,0.0,0.0458655232307426,0.0229211950561283,0.0,0.0045132074987659,0.202596301525449,0.0,0.0,0.139728481931952,0.185633298301286,0.0,0.0047400178929543,0.0,0.0,0.0,0.0055147922892489,0.0,0.0,0.0,0.0,0.0112926028247116,0.0058435858298194,0.26059748873207,0.0659964236062004,0.0148670939574991,0.0083359952706169,0.0,0.0694753934838935,0.0,1.01742049268375,0.012231497075227,0.0049940415124006,0.073059348254545,0.0,0.0102665111097861,0.144257506119024,1.0749979517945,0.0,0.0156869303095913,0.0076644783498594,0.0672964774175266,0.0,0.0,0.0,0.0062590572880565,0.0,0.0,0.0059876808042589,0.0,0.0,0.0,0.0100023389953517,0.0630072048050845,0.0052216757826314,0.0344542988801974,0.0,0.0,0.0,0.0530576480309518,0.0,0.0,0.0053674446002956,0.013371499873995,0.161443472507881,0.0,0.0035119532850149,0.0,0.0,0.0,0.0,0.0058596010520316,0.0,0.0103582059596676,0.384416362804455,0.0,0.0251300686034106,0.0211236356770818,0.0713192737347549,0.0909480899064307,0.0,0.0,0.0,0.0,0.0,0.0,0.0,0.0,0.0,0.0,0.0,0.0,0.0,0.0,0.0,0.0,0.0265746773463943,0.0,0.0,0.0,0.0,0.0,0.0,0.0,0.0,0.0044722312461523,0.0,0.0058970493615982,0.0,0.0,0.0035747465249739,0.0,0.0,0.0367846996416383,0.0,0.0,0.0111727087347238,0.0065876973695699,0.0,0.0,0.0,0.0129400112273878,0.0,0.0,0.0,0.0141016281397663,0.0,0.0,0.0,0.0,0.0,0.0,0.0,0.0,0.0,0.0,0.0,0.013370348691965,0.0,0.0,0.0,0.0,0.0,0.0,0.0143125647377805,0.0,0.0037232931271908,0.0050986360909844,0.0242363260396293,0.0,0.0,0.0,0.0,0.0,0.0,0.0158285751898603,0.0,0.0038603122482618,0.0155596180557949,0.0,0.0051593249823485,0.0,0.0,0.0036929548239381,0.0772210964919225,0.0219913259276953,0.0,0.0,0.0,0.0,0.0,0.0,0.0,0.0090161847365666,0.0,0.0,0.0,0.0,0.0,0.146323243950869,0.0,0.0056216437549743,0.0082399564364542,0.0,0.0038695366081952,0.0,0.0,0.0,0.0166891903869683,0.0,0.0,0.0,0.0,0.0052431257846236,0.0,0.0,0.117546043586651,0.0,0.0328805348405814,0.0136875662908053,0.0082359843745987,0.0,0.0203245199660794,0.0,0.0073678438316983,0.0,0.0124078258177137,0.0112657991236196,0.0039700371154803,0.0,0.0,0.0059561113448742,0.0,0.0,0.0,0.0206606654467154,0.0,0.0,0.0236185325183396,0.0328295936509277,0.0,0.0075854704639804,0.0,0.0,0.0,0.0,0.0,0.0,0.0,0.0,0.0065666239114529,0.0034493036881637,0.0171200010638899,0.0080408202536575,0.0,0.0,0.0,0.0,0.0,0.376567623719353,0.0050373110273313,0.0,0.0098095946709515,0.0,0.0042693809818123,0.0,0.0,0.0122393340525994,0.0,0.0,0.0,0.0050175679091855,0.0046350180810301,0.0073912189194009,0.0106819945999277,0.0,0.0,0.0,0.0,0.0,0.0,0.0,0.0,0.0,0.0052244402962093,0.0,0.0,0.0,0.0078615280482945,0.0,0.0050703566854877,0.0,0.0,0.0117503600077399,0.0,0.0302624624882064,0.0,0.0,0.0,0.0,0.0,0.0,0.0,0.0248875869681193,0.0,0.0,0.0,0.0090017121231132,0.018613393527119,0.0
SNr,0.0073309621132619,0.0,0.0,0.0126575926476335,0.0,0.0,0.0045474145155076,0.0,0.0,0.0,0.0,0.0,0.0,0.0,0.0,0.168466562000302,0.0,0.0,0.0,0.0,0.0,0.0051201342767157,0.0063069812798304,0.0074708511501369,0.0,0.0,0.0117955600834012,0.0501451174987896,0.0,0.0168371333648137,0.0,0.0068923284888694,0.0819134763515642,0.0,0.0,2.69059752381809,0.0144645133738257,0.0,0.0197017185800563,0.0,0.0086254570385214,0.0,0.0,0.0,0.0356990389803157,0.0,0.0057055946089346,0.0040839939965675,0.0,0.0,0.0,0.0,0.0,0.0119343723621021,0.169941772236863,0.117911148689672,0.0472375363228119,0.0039542373082802,0.0,0.0,0.0,0.0052721884619286,0.0,0.0381132066783366,0.0056288064008039,0.0060628193728366,0.0192611889527872,0.106171787765594,0.0,0.0,0.0052127399527052,0.0,0.0,0.0045991279940456,0.102943811484595,0.0079593307670045,0.0107318751026724,0.0,0.0,0.0081867835547787,0.0,0.0036845562881229,0.0122323599456773,0.271294974952167,0.0,0.0,0.0036253338305621,0.0,0.0074021213606991,0.0,0.0,0.0,0.0086243951398899,0.0253987222699767,0.0148928785092922,0.0,0.0,0.0,2.5817117458259,0.0,0.0,0.0092775800050255,0.0,0.0,0.0,0.0,0.0,0.0139285670242485,0.0098888992918234,0.0,0.0,0.0,0.0121959506958871,0.0,0.0,0.33792733552437,0.0,0.165123483496422,0.115280530575076,0.0092620514244845,0.0,0.219395850310485,0.0047279799587029,0.020280237828102,0.0,0.0036744998237398,0.0217276370512333,0.0097389067068306,0.0,0.0,0.050164670999722,0.0244383568920355,0.0,0.0049856734897784,0.229210062712509,0.0,0.0,0.124716923125976,0.146500109850478,0.0,0.0056678158365704,0.0,0.0,0.0,0.0047307853735384,0.0,0.0,0.0,0.0,0.0059224683437521,0.005944690835073,0.208459217765464,0.0734659749364055,0.0066332687888458,0.0038086855545982,0.0,0.0802402217134357,0.0,1.12688519096189,0.0078409122164725,0.0038089880620356,0.0646666466911509,0.0,0.0107702050274419,0.17001730065121,1.27369817818182,0.0,0.0149746691021229,0.0071536896241854,0.0728239894110524,0.0,0.0,0.0,0.0073379712375426,0.0,0.0,0.0068889873381166,0.0,0.0,0.0,0.0114431385619145,0.0747488875104594,0.0,0.0405523562519059,0.0,0.0,0.0,0.0415898490583908,0.0,0.0,0.0048681640422205,0.0159118834490425,0.187441361776223,0.0,0.0,0.003457531518758,0.0,0.0,0.0,0.0065348634985319,0.0,0.0120779814553841,0.4377240985621,0.0,0.0226014066409798,0.0240119232762086,0.0833273667970189,0.0845473539455603,0.0,0.0,0.0,0.0,0.0,0.0,0.0,0.0,0.0,0.0,0.0,0.0,0.0,0.0,0.0,0.0,0.01570275995188,0.0,0.0,0.0,0.0,0.0,0.0,0.0,0.0,0.0035546262067758,0.0,0.0046882652353246,0.0,0.0,0.0,0.0,0.003553615526593,0.0426909448259772,0.0,0.0,0.0099183149007458,0.0051155811981191,0.0,0.0,0.0,0.0122543940875959,0.0,0.0,0.0,0.015801608032625,0.0,0.0,0.0,0.0,0.0,0.0,0.0,0.0,0.0,0.0,0.0,0.0101838169669598,0.0,0.0,0.0,0.0,0.0,0.0,0.0162713919341297,0.0,0.0,0.0039251769503773,0.0152786937049486,0.0,0.0,0.0,0.0,0.0,0.0,0.0103213752774924,0.0,0.0,0.0066787272570625,0.0,0.003695652169959,0.0,0.0,0.0,0.0893473329607206,0.009142455050372,0.0,0.0,0.0,0.0,0.0,0.0,0.0,0.0104545877249608,0.0,0.0,0.0,0.0,0.0,0.125172086277392,0.0,0.0,0.0062854462415566,0.0,0.0,0.0,0.0,0.0,0.0093222009103717,0.0,0.0,0.0,0.0,0.0053339234357633,0.0,0.0,0.0985402138522585,0.0,0.0184511822082424,0.0104590526626371,0.0062127801795879,0.0,0.0218886104130091,0.0,0.0054583314504209,0.0,0.0058192448227861,0.0064335769800876,0.004344863527475,0.0,0.0,0.0066934678985375,0.0,0.0,0.0,0.0204701669659831,0.0,0.0,0.0196190902342516,0.0173510677119498,0.0,0.0034952667815316,0.0,0.0,0.0,0.0,0.0,0.0,0.0,0.0,0.0035729614910924,0.0,0.0105447368273463,0.0046923025963863,0.0,0.0,0.0,0.0,0.0,0.422666818946863,0.0,0.0,0.006438618865485,0.0,0.0,0.0,0.0,0.0065568447259737,0.0,0.0,0.0,0.0,0.0,0.0,0.0055902429142902,0.0,0.0,0.0,0.0,0.0,0.0,0.0,0.0,0.0,0.0,0.0,0.0,0.0,0.0058673659011133,0.0,0.0052031943669951,0.0,0.0,0.0133969376178073,0.0,0.0131095604446344,0.0,0.0,0.0,0.0,0.0,0.0,0.0,0.0249068665858913,0.0,0.0,0.0,0.010302420229427,0.0123286895753958,0.0
SOC,0.0,0.0,0.0,0.0071355598726975,0.0,0.0049970901096275,0.0,0.0,0.0,0.0,0.0,0.0,0.699310494758509,0.0,0.0,0.038727545059794,0.0,0.0,0.0,0.0,0.0,0.0,0.0,0.0386581825243587,0.0,0.0,0.0,0.0069402286965096,0.0525646443526508,0.0056670319905942,0.0,0.0,0.0203178269723997,0.0,0.0,0.0054795666257817,0.087162964500966,0.105983462509775,0.0304855430149356,0.004061184739611,0.0041225520702858,0.0331737783675066,0.0363026690789294,0.0,0.0522380868741888,0.0,0.0,0.0,0.0,0.0,0.0163868288646886,0.0122274948898685,0.0,0.0,0.0,0.0,0.282855332961038,0.0,0.0,0.0195773956698595,0.016024602474733,0.0214883015229868,0.0,0.0158904406856452,0.0070829308956749,0.0454676507159069,0.0123256005803054,0.112213227182737,0.0,0.0057915412405839,0.0,0.0,0.0,0.009263752674307,0.114884850923544,0.0,0.0281810248662258,0.010946454532278,0.0,0.0055275591870672,0.0,0.0,0.115732784362692,0.0395560579917445,0.0399929924678458,0.0480813173523546,0.0,0.0,0.0,0.0,0.0,0.0,0.0,0.0049334782844596,0.0038559700364286,0.0063185271691221,0.0366417215826142,0.0,0.461192790551171,0.00618439272711,0.0463021031751819,0.0143886827512247,0.0241326237778397,0.0283115239722262,0.0,0.0034717103770205,0.0,0.023648548508946,0.0209065720398515,0.0,0.0,0.0,0.0,0.0,0.0,0.768794228172796,0.0,0.0525554327079218,0.108259699683314,0.0891908416359781,0.0,0.0209567261489924,0.0859221017251972,0.349495922633307,0.0139633079581353,0.0259121526040561,0.105657597758267,0.0,0.0,0.0,0.0,0.0,0.0,0.0,0.125274499132036,0.0,0.157592711651137,0.817626761165351,0.583332590096694,0.0154234892370788,0.033138565644622,0.0,0.0,0.0111702033190906,0.0415085073056644,0.0,0.0,0.0291907100234436,0.0,0.0067157104297725,0.0,0.0938876450233392,0.0271067972794581,0.0,0.0,0.0,0.0,0.0,0.175919120516892,0.0084609459896319,0.0,0.0450873555843002,0.297995463255674,0.0,0.0,0.0,0.0698975883810637,0.0197732348710578,0.0,0.0061119790171718,0.0068818931164828,0.0121262917924217,0.0079015258264904,0.0082523881662723,0.0,0.0,0.0,0.0,0.0,0.0,0.0,0.0,0.0086889268952315,0.0202378724281701,0.0,0.0,0.0,0.338707393876996,0.0,0.0,0.0054976364467992,0.0053153703109345,0.0,0.0071103967650377,0.036093470380999,0.0,0.0,0.0,0.0,0.0,0.0,0.0,0.0147560312931854,0.0,0.0,0.0,0.0043851644745981,0.0304845946813139,0.0047219733844703,0.0,0.0,0.0,0.0044144159051155,0.0,0.0044903768008427,0.0,0.0,0.0,0.0,0.0,0.0,1.11139479850128,0.0,0.0,0.0118404707746051,0.0,0.0,0.0,0.0,0.0,0.0,0.0,0.0212791707944102,0.0,0.0,0.0,0.006125646166479,0.0739262589586516,0.0055293949310379,0.0,0.0,0.0127204202772763,0.0,0.0,0.0035800204513587,0.0527589630272136,0.305263984878953,0.0109011446802015,0.0059243186574561,0.0075265619277569,0.0225979558461212,0.0317986277245698,0.0,0.0147329509842776,0.0,0.0,0.0,0.0,0.0,0.0769437039635554,0.0104889543400693,0.0,0.0,0.0,0.0,0.271514497038266,0.0,0.0,0.0,0.0,0.0,0.0,0.011630240704636,0.0038601855166601,0.0417108477453983,0.0041974535269607,0.0785834886763301,0.0,0.0079520778813842,0.0,0.0,0.0,0.0048331582642622,0.0720391237272821,0.0041208326471822,0.0254219429902389,0.0085942912153589,0.0,0.0074083223164152,0.0,0.0,0.0603089161043537,0.0280821771323503,0.0154540267950133,0.027685475095492,0.0,0.0,0.0,0.0,0.0,0.0,0.0,0.0,0.0,0.0,0.0252880386830869,0.0,0.27612749452419,0.0043754608410894,0.031812119296734,0.011288368922209,0.015983311741846,0.0074409964912661,0.0,0.0,0.0,0.0193804916762119,0.015119260334442,0.0,0.0,0.0,0.0,0.0,0.0,0.568144952772681,0.0,0.0347948054172938,0.0836097106308694,0.0649726192769074,0.0,0.0183573677899192,0.459504694334848,0.37201532901192,0.0107422291447621,0.023357791086595,0.0782080074965142,0.0,0.0,0.0,0.0,0.0,0.0,0.0,0.0440472223140256,0.0,0.459851272663419,0.437007322954689,0.345104016576142,0.0065923354591198,0.0304834557637816,0.0,0.0,0.0036780400744413,0.0262460163887024,0.0,0.0,0.0989585647524194,0.0,0.0059107706382719,0.0,0.062010520834808,0.0126737108184877,0.0,0.0,0.0,0.0,0.0,0.144162049883693,0.0,0.0,0.0294395266126804,0.448377774237818,0.0,0.0058246886854734,0.0065109042490759,0.0072227713051718,0.0100681720143113,0.0,0.0043665786732473,0.0065604045496392,0.0094573409857579,0.0048534014416313,0.0077000990307547,0.0,0.0,0.0,0.0,0.0,0.0,0.0,0.0,0.0057866211773341,0.0096912136832561,0.0,0.0,0.0,0.0610069784062663,0.0,0.0,0.0,0.0,0.0,0.0106782902740914,0.0473492153391724,0.0,0.0,0.0,0.0,0.0,0.0,0.0,0.0118942263024382,0.0,0.0043833688592039,0.0096134144832447,0.0,0.0280296965530018,0.0
SPA,0.0086724577886538,0.0188973941391063,0.0112273708910112,0.221316040188174,0.0,0.0,1.01537514849144,0.13248079099907,0.0857864602979064,0.0,0.0,0.0073482159411518,0.0,0.0,0.0186685133761879,0.0,0.0,0.0,0.0,0.0,0.0,0.0543914692971916,0.0242475088137045,0.0196099500985198,0.0180282381102629,0.0,0.0040508603270379,0.0645989467129966,0.0,0.0144657449948723,0.0390665196976698,0.0115341523690246,0.132327101438543,0.0044633649489656,0.0,3.6595459644952,0.0691723366123081,0.0,0.0,0.0,0.024932292708431,0.0,0.0,0.0112919166932381,0.0048477931234268,0.0519088259827861,0.0189151347044268,0.0,0.0226448297630421,0.0071430270156685,0.0,0.0,0.165333139966967,0.0459960191080215,0.201912097988524,0.0156881929659757,0.0,0.206628417226887,0.0061938461594265,0.0,0.0,0.0,0.0206669833075437,0.0909495358764283,0.0,0.0,0.0085029265828125,0.0,0.008725978438247,0.0,0.0,0.0,0.0,0.0943301192185814,0.0264496374352539,0.0,0.0,0.0,0.0,0.0040850440019844,0.0,0.0,0.0,0.600246257296721,0.0,0.0,0.0077711357415306,0.0,0.0,0.0,0.0150670822095672,0.0,0.0079921836927701,0.413001667336659,0.775624003966172,0.0,0.0,0.0,0.0473042868271133,0.0,0.0,0.0050173812534237,0.0,0.0,0.0,0.0,0.0,0.0,0.0,0.299236676688465,0.0341278378903677,0.0363937071213364,0.0732230087338952,0.0,0.0043935908828423,0.0350203395436463,0.0,0.0,0.0,0.0048589121898156,0.0332465895573053,0.288187735250539,0.0,0.0,0.0,0.0,0.0107491366175133,0.0337980696630212,0.108242111607444,0.0,0.0494189270100065,0.0,0.0,0.0,0.0,0.0,0.0,0.0,0.0036892776378562,0.0,0.0,0.0,0.0,0.0,0.0536871727202548,0.0,0.0,0.0,0.0,0.0185396433262601,0.0438188143028662,0.0035201445543789,0.0,0.0,0.0701356239321107,0.0419143329891508,0.215355016937277,0.0,0.0079979453758262,0.0,0.0,0.113170135994362,0.0,0.0870654771810337,0.0,0.0052858020256852,0.0,0.031073044968357,0.0091653353038611,0.0070786410966984,0.0,0.0,0.0,0.0,0.0084189053709691,0.0,0.146082884573362,0.0228556208896747,0.0,0.0099884137910367,0.18330866627659,0.0,0.0039862472295469,0.0,0.0,0.0131073130508332,0.008174186271304,0.0,0.0,0.0082202722889638,0.0062119763221663,0.0,0.143859716081961,0.0,0.0,0.286400319065486,0.0,0.0,0.0,0.0,0.0,0.0,0.214087756351788,0.0,0.0128385292869607,0.0312221809972697,0.116760741925211,0.0178171904677846,0.0,0.0,0.0045828778686198,0.0047531939904882,0.0905307800461642,0.0,0.0,0.171475412768188,0.0564549372385168,0.0225822762876257,0.0,0.0,0.0,0.0,0.0,0.0080902445646399,0.0,0.0,0.0,0.0,0.0,0.0,0.0177512494995104,0.0041325679548059,0.0058436911327797,0.0,0.0,0.0,0.0194959834990397,0.0,0.0,0.0169680674524746,0.0,0.0557398618766773,0.0,0.0,0.610291480203319,0.028526930839972,0.0,0.0,0.0,0.0256936217453621,0.0,0.0,0.004667018943382,0.0,0.0233041749194384,0.0052345471520399,0.0,0.0216585719164239,0.0046364958607184,0.0,0.0,0.0079566539404894,0.0212633429175511,0.0324984562435462,0.0,0.0,0.080655505681527,0.0,0.0,0.0,0.0,0.0053216211443237,0.0303614978322116,0.0,0.0,0.0054314282286708,0.0,0.0,0.0,0.0,0.0,0.0,0.0,0.0117798141055076,0.0,0.0,0.0,0.0,0.0,0.0,0.0,0.0,0.0469823348358049,0.0,0.0,0.0050863419103253,0.0,0.0,0.0,0.0,0.0,0.0045786647523709,0.0816501847132341,0.0672688569721521,0.0,0.0,0.0,0.0077032422297983,0.0,0.0,0.0058495317544743,0.0,0.0,0.0,0.0,0.0,0.0,0.0,0.025285878567126,0.0065588213307822,0.0042814039264087,0.0386101496144767,0.0,0.0,0.0091225390694186,0.0,0.0,0.0,0.0042626776124811,0.0131379470145805,0.0131306368246128,0.0,0.0,0.0,0.0,0.0047529135312975,0.0095860390742028,0.0111977716634447,0.0,0.0036036003767249,0.0,0.0045501061490642,0.0,0.0,0.0,0.0,0.0,0.0,0.0,0.0,0.0,0.0,0.0,0.0085386252084807,0.0,0.0,0.0,0.0,0.0057015362293922,0.0181695394740292,0.0,0.0,0.0,0.0,0.0,0.0354751227162305,0.0,0.0,0.0,0.0,0.0416693984665222,0.0,0.0251869948994611,0.0,0.0,0.0,0.0166279658727618,0.0043241908480022,0.0,0.0,0.0,0.0,0.0,0.0,0.0,0.0269426563367738,0.0,0.0,0.0,0.0395461562212642,0.0,0.0,0.0,0.0,0.0,0.0,0.0,0.0,0.0063782935464138,0.0,0.0,0.0114274412142461,0.0,0.0,0.110743306418667,0.0,0.0,0.0,0.0,0.0,0.0,0.0514037169879904,0.0,0.0,0.0,0.0385889353875704,0.0,0.0
SPFm,0.0069062241987838,0.0298845397341049,0.0100696189412672,0.157112873371483,0.0,0.0,0.787587252675456,0.176221248851758,0.126833262578663,0.0,0.0,0.0,0.0,0.0037110327650155,0.0057101973221196,0.0,0.0,0.0,0.0,0.0,0.0,0.051482505059278,0.0160709077184743,0.0,0.0061364148960732,0.0,0.0,0.0392634834045086,0.0,0.0075087602056412,0.042628019124962,0.0,0.22802728157275,0.0,0.0,3.00172998346606,0.0,0.0,0.0,0.0,0.0126023862875774,0.0,0.0,0.0146958092414774,0.0,0.0817084822117026,0.0210126887246111,0.0,0.0263200681679184,0.0056808681488514,0.0,0.0,0.0724559537796852,0.0397630929299569,0.160813493429608,0.011842012389559,0.0,0.236848684480821,0.0040322849032963,0.0,0.0,0.0,0.0185870169710781,0.0670227435653319,0.0,0.0,0.0,0.0,0.0069965888285827,0.0,0.0,0.0,0.0,0.0058429115087377,0.0229853172785449,0.0,0.0,0.0,0.0,0.0,0.0,0.0,0.0,0.223556512579974,0.0,0.0,0.0035420139441488,0.0,0.0,0.0,0.0,0.0,0.0146737704814902,0.610922997815939,0.66942918369911,0.0,0.0,0.0,0.0467087025009678,0.0,0.0,0.0034531417049329,0.0,0.0,0.0,0.0,0.0,0.0,0.0,0.321795453378055,0.0179750114083767,0.0198316825426438,0.0534337883001291,0.0,0.003850866416913,0.0261638442891217,0.0,0.0,0.0,0.0,0.0504792520078835,0.0978016508010348,0.0,0.0,0.0,0.0,0.0064032014887999,0.0473475518759387,0.0847176039014109,0.0,0.0264153128490438,0.0,0.0,0.0,0.0,0.0,0.0,0.0091541079425291,0.0232626317509032,0.0,0.0,0.0,0.0,0.0,0.0174781792028789,0.0,0.0,0.0,0.0,0.0437496572876774,0.105141621172595,0.0125107781429518,0.0,0.0,0.0066244128168857,0.0094366172149933,0.224447654238702,0.0,0.0084242866824723,0.0,0.0,0.0974438441326236,0.0,0.230929679841897,0.0,0.0040414167391427,0.0,0.0241531642900983,0.0097128953023485,0.0039428416041335,0.0,0.0,0.0,0.0,0.0169546488909512,0.0040370067373399,0.246418666848988,0.0437031626728362,0.0,0.0228574675771419,0.283612312210946,0.0,0.0,0.0,0.0,0.0192955330840562,0.0063160277404491,0.0068222319226791,0.0,0.0086277202705162,0.0,0.0,0.112459978904315,0.0,0.0,0.404095490363605,0.0,0.0,0.0,0.0,0.0,0.0,0.486778958305817,0.0,0.0104295564924091,0.0179065005170266,0.156196868791768,0.0,0.0,0.0,0.003643360745454,0.0,0.0671627910952098,0.0,0.0,0.151730249412784,0.048475077039306,0.0220022493521554,0.0,0.0,0.0,0.0,0.0,0.0,0.0,0.0,0.0,0.0,0.0,0.0,0.013987522763447,0.0,0.0,0.0,0.0,0.0,0.0093478541175708,0.0,0.0,0.0145620905014712,0.0,0.0512166560788391,0.0,0.0,0.562149613243117,0.0,0.0,0.0,0.0,0.0213580364750002,0.0,0.0,0.0057215190834648,0.0,0.0227476840339016,0.004623054502964,0.0,0.0181406008040503,0.0,0.0,0.0,0.006969775646222,0.0169591717615395,0.0265556723642717,0.0,0.0,0.0675412824794323,0.0,0.0,0.0,0.0,0.0047373233172139,0.0258572424923628,0.0,0.0,0.0,0.0,0.0,0.0,0.0,0.0,0.0,0.0,0.005586980739136,0.0,0.0,0.0,0.0,0.0,0.0,0.0,0.0,0.037895127723384,0.0,0.0,0.0,0.0,0.0,0.0,0.0,0.0,0.0044796739936635,0.0724285299557828,0.0597188029446495,0.0,0.0,0.0,0.0,0.0,0.0,0.0055222955636752,0.0,0.0,0.0,0.0,0.0,0.0,0.0,0.022657482473689,0.0054087511369274,0.003471115851865,0.0304195123720277,0.0,0.0,0.0034944121139058,0.0,0.0,0.0,0.0,0.0123714142488322,0.0102203574397852,0.0,0.0,0.0,0.0,0.0,0.0082980003374577,0.0098627061699888,0.0,0.0,0.0,0.0045200278140839,0.0,0.0,0.0,0.0,0.0,0.0,0.0,0.0,0.0,0.0,0.0,0.0,0.0,0.0,0.0,0.0,0.0085562678824565,0.0237189258987054,0.0,0.0,0.0,0.0,0.0,0.0325030975353143,0.0,0.0,0.0,0.0,0.0335648178457832,0.0,0.0281297716616472,0.0,0.0,0.0,0.0131169835060148,0.0,0.0,0.0,0.0,0.0,0.0,0.0,0.0,0.0226947735716042,0.0,0.0,0.0,0.033444810781373,0.0,0.0,0.0,0.0,0.0,0.0,0.0,0.0,0.0068982683110343,0.0,0.0,0.0100243678108907,0.0,0.0,0.100472501621733,0.0,0.0,0.0,0.0,0.0,0.0,0.0455166972028785,0.0,0.0,0.0,0.03224687927972,0.0,0.0
SPFp,0.0112078246848229,0.0,0.0,0.0050465825144528,0.0,0.0299878756614312,0.0268382718882594,0.005866826219142,0.0079481528025865,0.0,0.0,0.0,0.0,0.0,0.0,0.0254885867320712,0.0054991599007719,0.0669404762262817,0.169241345740052,0.163806963632755,0.0,0.0216197974974523,0.0574965930070113,0.0422535117299201,0.0064004561930011,0.0,0.0140859164538307,0.0792590068618954,0.0,0.0099776276464001,0.0,0.0,0.0,0.0175764105754681,0.0166180213516105,3.11417764942487,0.0,0.0,0.0480163080987995,0.0,0.0490801239490491,0.0161424069617633,0.0,0.0,0.0,0.0442459481905857,0.0127178742487467,0.0,0.0,0.0,0.0,0.0,0.0,0.0058203461120158,0.404452615107118,0.0226540354226692,0.0,0.275092087844011,0.005567517190504,0.0,0.0057702776967167,0.0517667198292444,0.0,0.0,0.0,0.0,0.0,0.0,0.0910176475706289,0.0,0.0,0.0,0.0,0.0066070732581861,0.103710100307534,0.0517981937693028,0.010637426312681,0.0,0.0,0.0074490679573756,0.0070833997824875,0.0,0.0,0.0669949903210372,0.0,0.0,0.132812653531612,0.0040559179852949,0.0519509056783205,0.0156131106468148,0.0,0.0,0.0378996858479904,0.268984640428967,0.0400798463683194,0.0188680647103289,0.0166379182438008,0.0,0.240760824135069,0.0,0.0,0.0154281484708227,0.0,0.0,0.0,0.0,0.0,0.0,0.0,0.0,0.0,0.0,0.0340704744622179,0.0062370681517834,0.0044075213725837,0.195065186166169,0.0,0.0,0.009858121345483,0.0,0.0,0.208636426511645,0.0,0.0,0.0,0.0,0.0168973017823576,0.0369420541353568,0.0,0.0,0.443046392634303,0.0455062372125229,0.0,0.013867480992814,0.0460911235779341,0.0,0.0,0.0160457924841123,0.0288309333090582,0.0,0.0,0.0,0.0372663976705076,0.0086086747250123,0.0,0.0,0.0,0.0,0.0102652188242003,0.0102293394371701,0.0,0.0050137084593926,0.0043457718379037,0.0,0.0293720269049556,0.0126618996300456,0.293279434682013,0.0043947657783181,0.14483998179166,0.0128664151445055,0.0,0.0525221817580576,0.0,0.0,0.0,0.0152938172173333,0.0,0.0095576577488821,0.0046951420124184,0.036124124665104,0.0,0.0,0.0,0.0,0.0146190933721574,0.0073585995827984,0.486033691095474,0.0630711777606665,0.0327810960903288,0.116704769918156,5.6293336659218,0.0,0.0,0.0,0.0,0.214590693718856,0.0,0.0067554314072188,0.0,0.0,0.0368263363514319,0.0,0.0506404018132414,0.0,0.0,1.1650722057348,0.0,0.0,0.0,0.0,0.0,0.0,0.0480932126031595,0.0595480883109293,0.437146647593825,0.979800586438671,0.0486231116850028,0.0059429168094652,0.0,0.0,0.0,0.0052549154343784,0.0,0.0,0.0069379232919459,0.0,0.0,0.0041336738197869,0.0,0.0,0.0,0.0,0.0,0.0,0.0,0.0,0.0,0.0,0.0,0.0,0.0,0.0,0.0091511887972989,0.0046524070475634,0.0,0.0076217499748544,0.0,0.0,0.0,0.0,0.0,0.0,0.0092172081377233,0.0044787614382947,0.013259323316083,0.0,0.0,0.0,0.0,0.0910686838256337,0.0,0.0,0.0,0.0,0.0047753413897515,0.0096932449105527,0.0051679245272625,0.0,0.0,0.0,0.0,0.0,0.0,0.0,0.0,0.0,0.0,0.0,0.0,0.0,0.0,0.0,0.0,0.0,0.0,0.0,0.0,0.0,0.0,0.0,0.0,0.0,0.0,0.0071268397070489,0.0,0.0,0.0,0.0,0.0,0.0,0.0,0.0,0.0,0.0,0.0,0.0252742040915733,0.0,0.0,0.0,0.0,0.0,0.0158475151083915,0.0,0.0,0.0,0.0038585940935702,0.0,0.0,0.0,0.0,0.0132397729910231,0.0,0.0,0.0,0.0,0.0,0.0,0.0,0.0,0.0,0.0,0.0311961048700157,0.0,0.0088986518472995,0.0245062145283541,0.0,0.0,0.0,0.0,0.0,0.0,0.0,0.0,0.0,0.0,0.0,0.0257478695536029,0.0,0.0,0.0,0.0,0.0095563346595449,0.0,0.0,0.0045055169858744,0.0,0.0,0.0,0.0,0.0,0.0,0.0,0.0,0.0,0.0,0.0,0.0,0.0078837405631934,0.0036301627882137,0.0,0.0,0.0,0.0,0.004467572754463,0.0043304605505606,0.0,0.0,0.0103855132050147,0.0,0.0,0.0,0.0,0.0,0.0,0.0,0.0,0.0,0.0,0.0,0.0,0.0,0.0,0.0,0.0,0.0,0.0055665549551237,0.0,0.0,0.0,0.0096915980863962,0.0,0.0,0.0,0.0,0.0,0.0,0.0,0.0,0.0049514940393445,0.0119006774125227,0.0,0.0,0.0,0.0,0.0,0.0,0.0,0.0,0.0,0.0,0.0,0.0,0.0284519850840745,0.0,0.0,0.0,0.0,0.0
SPIV,0.0,0.0,0.0,0.0,0.0,0.0,0.0,0.0,0.0,0.0038179987193303,0.0,0.0,0.0571480021205303,0.0,0.0,0.010814711852512,0.0,0.0,0.0,0.0,0.0,0.0,0.0,0.0,0.0,0.0,0.0,0.0,0.0444838968910375,0.0,0.0,0.0,0.0,0.0,0.0,0.0,0.0,0.0297798046358151,0.0,0.0192263386802751,0.0039888499998858,0.0,0.0,0.0,0.0,0.0,0.0,0.0,0.0,0.0,0.0053175696952687,0.0293410541976269,0.0,0.0,0.0,0.0,0.441791613821988,0.0,0.0,0.0,0.0,0.0,0.0,0.0,0.0156139299019831,0.0221465822468641,0.0,0.469719187962831,0.0,0.489608889078211,0.0,0.0,0.0,0.0,0.0,0.0,0.0,0.0165977792907953,0.0,0.0,0.0,0.0,0.0270517273693916,0.0,0.238015638869745,0.0947724563652642,0.0,0.0,0.0,0.0,0.0,0.0,0.0,0.0,0.0,0.0,0.0,0.0,0.0785932483635285,0.0,1.6626223639226,0.0046115425744444,0.0,0.0,0.0,0.0288232831610362,0.0,0.0,0.177081402533241,0.0,0.0,0.0,0.0143614810875084,0.0,0.0,0.0342380605834258,0.0,0.653685206093319,0.154004974032076,0.0197697693797687,0.0,0.0135457358146385,0.0099209897914034,0.0,0.0995240996004357,0.0594742102023708,0.0,0.010060465756865,0.0,0.0,0.0086234808901731,0.0,0.0,0.0,0.022260608851883,0.0,0.0527803231374703,0.140207669096219,0.0621821613088078,0.0790176503041916,0.124681588481073,0.0,0.0,0.0,0.0,0.0,0.0,0.007700008317951,0.0,0.0,0.0,0.0063316322376892,0.0,0.0,0.0,0.0,0.0,0.0,0.0048923832075767,0.0,0.0,0.0,0.0317140097214342,0.0,0.0,0.0043744191971611,0.0091933344581798,0.0,0.0,0.0,1.26340402870364,0.288798413622938,0.378568138456904,0.360432438024745,0.0,0.0,0.0,0.0,0.0,0.0,0.0,0.0,0.0,0.0221863170073293,0.14243928035889,0.0,0.0,0.0,0.0,0.0,0.0063292250241356,0.0400046617706066,0.0054169627484944,0.0090021785769466,0.0590107845504424,0.0,0.0,0.0,0.0,0.0,0.0,0.0,0.0052483487689282,0.0,0.0243196121313846,0.0,0.0,0.0,0.0473904150271589,0.0,0.0,0.0,0.0,0.0,0.0,0.0,0.0,0.0,0.0,0.0,0.0,0.0134083230081138,0.0,0.0,0.0239634456429593,0.0,0.0,0.0,0.0,0.004004234706333,0.0,0.0,0.0,0.0,0.0,0.0,0.0,0.0244833405503303,0.0,0.0,0.0,0.0,0.0,0.0,0.0,0.0,0.0167279134256457,0.0,0.0,0.0325826650435229,0.0,0.0,0.0,0.0,0.0,0.0,0.0043238576639856,0.0,0.0,0.0038637563799433,0.0077087818542139,0.0,0.0,0.0,0.0,0.382675608656888,0.0,0.0,0.0,0.0,0.0104536227168089,0.0,0.0,0.0162381033059443,0.0072388388790978,0.0,0.282481461483509,0.0,0.0418407000675657,0.0045514835505373,0.0,0.0,0.0,0.0,0.0,0.0,0.0235633373836851,0.0,0.0,0.0,0.0,0.0404654977463199,0.0039807488867344,0.0522829516003076,0.0891725127486874,0.0043006967243832,0.0,0.0052405257465506,0.0,0.0,0.0,0.0072922288601799,0.0,0.0,0.0,0.0,0.0,0.172913717348633,0.0,0.460179622379501,0.0,0.0,0.0148866439705499,0.0,0.0091865842660004,0.0,0.0,0.0469271673587911,0.0,0.0,0.0,0.0084760420380129,0.0,0.0,0.127213001712232,0.0,0.186140737405037,0.0360164063696237,0.0055296264207383,0.0,0.0051986593577346,0.0070839951499346,0.008698585312679,0.101439023620647,0.0549214318533943,0.0066831825884799,0.0057597866197004,0.0,0.0,0.0195717232820649,0.0047907323776041,0.0061610003150623,0.0,0.0117578051895876,0.0,0.008723977060503,0.14179250679031,0.0388944658497964,0.0641421218969819,0.0203687143123706,0.0,0.0,0.0,0.0,0.0,0.0,0.0080392769995299,0.0,0.0,0.0,0.0224935613445484,0.0,0.0,0.0,0.0,0.00352185603055,0.0,0.0446345726946814,0.0,0.0,0.0,0.0071865735322398,0.0,0.0,0.0036564391771836,0.0209535794021431,0.0,0.005843508417899,0.0051338409338423,0.215762590801972,0.0353111028859307,0.0473857221604277,0.0604745962800002,0.0,0.0,0.0,0.0,0.0,0.0,0.0,0.0,0.0,0.0130802653385813,0.0287268011383887,0.0,0.0,0.0149558738867241,0.0,0.0,0.0,0.0134226705556439,0.0084943469681213,0.0119591380557058,0.034476958689492,0.0,0.0,0.0,0.0,0.0,0.0,0.0,0.0208118133586623,0.0,0.018224462043411,0.0283479871362539,0.0,0.0,0.0278467311934718
SPVC,0.0,0.0,0.0,0.0,0.0,0.0,0.0,0.0,0.0,0.0106465189140443,0.0,0.0,0.0481837032092503,0.0,0.0,0.0,0.0,0.0,0.0,0.0,0.0,0.0,0.0,0.0,0.0,0.0,0.0,0.0,0.0110518670021143,0.0,0.0,0.0,0.0,0.0,0.0,0.0,0.0,0.010387718706709,0.0,0.0041707262124226,0.0,0.0,0.0,0.0,0.0,0.0,0.0038384583261747,0.0,0.0,0.0,0.0,0.0,0.0,0.0,0.0,0.0,0.194492202508211,0.0,0.0,0.0,0.0,0.0053088542934665,0.0,0.0,0.0158432953680699,0.0144929684173213,0.0,1.0374958467248,0.0,0.0,0.0,0.0,0.0,0.0,0.0,0.0,0.0,0.0451782237556003,0.0,0.0,0.0,0.0,0.0145661512917033,0.0,1.4564682357619,0.338023238452173,0.0,0.0,0.0,0.0,0.0,0.0,0.0054201419773738,0.0,0.0,0.0,0.0,0.0,0.0121440891518692,0.0,0.0463582674227432,0.0038354956724656,0.0,0.0050055186102269,0.0,0.0,0.0,0.0,0.415977077437155,0.0,0.0,0.0,0.0078545184711381,0.0,0.0,0.0198196611156942,0.0,1.66157953146625,0.295476731611365,0.0,0.0,0.0,0.0114127942782754,0.0,0.0092412144547357,0.1255821730325,0.0,0.0053665154584773,0.0,0.0,0.0,0.0,0.0,0.0,0.0069060536817824,0.0,0.0441012412306493,0.0423724065668346,0.0123800010527445,0.0067784559969054,0.72188247369543,0.0,0.0,0.0,0.0,0.0,0.0,0.0,0.0,0.0,0.0,0.0,0.0,0.0,0.0,0.0,0.0,0.0,0.005848293064338,0.0,0.0,0.0,0.0248941253353526,0.0,0.0,0.0,0.0147182178266209,0.0,0.0,0.0,0.0453186583301784,2.09501030511479,1.40733501166095,0.896062876786821,0.0,0.0,0.003487290092709,0.0,0.0,0.0,0.0034885715252214,0.0,0.0,0.0443390788874133,0.0,0.0,0.0,0.0,0.0,0.0,0.0090214898801422,0.0734720124471526,0.0,0.0087605256031026,0.382694241942737,0.0,0.0,0.0,0.0,0.0,0.0,0.0,0.0,0.0,0.0,0.0,0.0,0.0,0.195143635609449,0.0,0.0,0.0,0.0,0.0,0.0,0.0,0.0,0.0,0.0,0.0,0.0,0.0079971701987257,0.0,0.0,0.0631171215046417,0.0,0.0,0.0,0.0,0.0,0.0,0.0,0.0,0.0,0.0,0.0,0.0,0.0050584675369244,0.0,0.0,0.0,0.0,0.0,0.0,0.0102274842225736,0.0,0.003521153311562,0.006263167765368,0.0,0.023316754422039,0.0,0.0,0.0,0.0,0.0,0.0,0.0,0.0,0.0,0.0,0.0,0.0,0.0,0.0,0.0,0.202759054868797,0.0,0.0,0.003497610407547,0.0080255020623506,0.0458842363078982,0.0,0.0,0.0409460358779879,0.0,0.0,0.265132565619506,0.0,0.0,0.0,0.0,0.0,0.0,0.0,0.0,0.0,0.0163832281877552,0.0,0.0,0.0,0.0,0.0519977473337986,0.0,0.211479610730658,0.102706399286982,0.0,0.0,0.0127560207695062,0.0,0.0,0.0,0.0036218162826996,0.0,0.0,0.0,0.0,0.0,0.189268599106242,0.0,0.0178571915649266,0.0038459562657948,0.0,0.0259122869871298,0.0,0.0,0.0,0.0,0.0549345089173232,0.0,0.0,0.0,0.0041725248559207,0.0,0.0,0.0207055660371608,0.0,0.108484198614376,0.0209014894795658,0.0,0.0,0.0075107604394776,0.0,0.0085893846831966,0.0070674708349857,0.0349202936702906,0.0,0.0,0.0,0.0,0.053765195027582,0.0114744624899877,0.0046437444328526,0.0,0.0307307926200673,0.0,0.004235980412219,0.103593833996098,0.0554821635690608,0.0,0.0160654761130888,0.0,0.0,0.0,0.0,0.0,0.0,0.0,0.0,0.0,0.0,0.0187429645736113,0.0,0.0,0.0,0.0,0.0,0.0,0.137088108954593,0.0,0.0,0.0,0.0048600099253471,0.0062580859206639,0.0,0.0094752437195725,0.0160847999115373,0.0,0.0,0.0098582390274181,0.0044702981389719,0.0798387354134161,0.0420884520532109,0.0290550873196777,0.0150290037756247,0.0,0.019653718990693,0.0,0.0,0.0,0.0061893995333575,0.0,0.0,0.0099939809700448,0.0,0.0,0.0,0.0330752514900343,0.0,0.0,0.0,0.003735889263264,0.0048420869351277,0.0,0.0514367162600557,0.0,0.0,0.0,0.0,0.0,0.0,0.0,0.006723034226893,0.0,0.0171797208378962,0.0993194174831598,0.0084028987742756,0.005851428450419,0.0818733101890305
SPVI,0.0,0.0,0.0,0.0,0.0,0.0,0.0,0.0,0.0,0.0154811354903817,0.0,0.0,0.222745324435451,0.0,0.0,0.0,0.0,0.0,0.0,0.0,0.0,0.0,0.0,0.0,0.0,0.0,0.0,0.0,0.014554457339416,0.0,0.0,0.0,0.0,0.0,0.0,0.0,0.0,0.0392368031295441,0.0,0.0067050733306259,0.0,0.0,0.0100187497369306,0.0,0.0,0.0,0.0,0.0,0.0,0.0,0.0074393205862418,0.0064405692972688,0.0,0.0,0.0,0.0,0.306846153349338,0.0,0.0,0.0,0.0,0.0053081480193905,0.0,0.0,0.031798934793942,0.0356548211276674,0.0,0.837671396237487,0.0,0.0094120629476439,0.0,0.0,0.0,0.0,0.0,0.0,0.0,0.0459685069904862,0.0,0.0,0.0,0.0,0.0521410008379376,0.0,0.549691373940857,0.146965405890959,0.0,0.0,0.0,0.0,0.0,0.0,0.0,0.0,0.0,0.0,0.0,0.0,0.032541025440925,0.0,0.0644027113843465,0.0,0.0,0.0062581198320309,0.0,0.0,0.0,0.0,0.26384838215832,0.0,0.0,0.0,0.0,0.0,0.0,0.022155253148882,0.0,1.21461283256739,0.228299344072142,0.0,0.0,0.0,0.0185182676856528,0.0,0.0201144384337547,0.125258481629022,0.0,0.0,0.0,0.0,0.0,0.0,0.0,0.0,0.0152782106660048,0.0,0.219530714212483,0.05972074702205,0.0186131340671388,0.0062814531358621,0.409300574026037,0.0,0.0,0.0,0.0,0.0,0.0,0.0,0.0,0.0,0.0,0.0,0.0,0.0,0.0,0.0,0.0,0.0,0.0125752233167559,0.0,0.0,0.0,0.160061103451348,0.0,0.0,0.0,0.0143680238748704,0.0,0.0,0.0,0.0697112239516717,0.822411980472468,1.12245929312801,0.522877321314597,0.0,0.0,0.0,0.0,0.0,0.0,0.0,0.0,0.0,0.0496074240208762,0.0035740373024372,0.0,0.0,0.0,0.0,0.0,0.0,0.0611334904740338,0.0,0.0130918908897044,0.22682819083367,0.0,0.0,0.0,0.0,0.0,0.0,0.0,0.0,0.0,0.0,0.0,0.0,0.0,0.0700068818076682,0.0,0.0,0.0,0.0,0.0,0.0,0.0,0.0,0.0,0.0036682432182085,0.0,0.0,0.0430659729611892,0.0,0.0,0.122223768184039,0.0,0.0,0.0,0.0,0.0,0.0,0.0,0.0,0.0,0.0,0.0,0.0,0.0036489468815416,0.0046406777189782,0.0,0.0,0.0,0.0,0.0,0.0,0.0,0.0114174726610924,0.0078223382412513,0.0,0.0090069363350161,0.0,0.0,0.0,0.0,0.0,0.0,0.0,0.0,0.0,0.0,0.0,0.0,0.0,0.0,0.0,0.323602636309928,0.0,0.0,0.0,0.0035061812896436,0.0387518908325057,0.0,0.0,0.0424411678948232,0.0,0.0,0.326290745147456,0.0,0.0,0.0,0.0,0.0,0.0,0.0,0.0,0.0,0.011533940360558,0.0,0.0,0.0,0.0,0.0809196140711799,0.0041092586290629,0.0880764987108525,0.0649347212886743,0.0,0.0,0.0219442554840382,0.0,0.0,0.0,0.0,0.0,0.0,0.0,0.0,0.0,0.338825128135998,0.0,0.0255519364302779,0.0,0.0,0.0428008443909877,0.0,0.0,0.0,0.0,0.0382055445783937,0.0,0.0,0.0,0.0,0.0,0.0,0.0378193948201995,0.0,0.179183036616763,0.0421120261239757,0.0,0.0,0.0147534193844104,0.0,0.0214997252413246,0.0121170669071417,0.0459209875721503,0.0,0.0,0.0,0.0,0.0889639721581752,0.0175286032216333,0.0067390534472709,0.0,0.0501166220412255,0.0,0.028713933223183,0.195073849519785,0.101948159319207,0.0,0.0392235729708938,0.0,0.0,0.0,0.0,0.0,0.0,0.0,0.0,0.0,0.0,0.0507667585961885,0.0048650569784772,0.0,0.0,0.0,0.0,0.0,0.27259294104477,0.0,0.0,0.0,0.0382902159222056,0.0,0.0,0.0120560339835992,0.0257247853269421,0.0,0.0,0.0211148182312741,0.0078242911188809,0.075444135664535,0.080882699045303,0.0573840535992636,0.0043661507504477,0.0,0.0035328594531938,0.0,0.0,0.0,0.0,0.0,0.0,0.0252911864953037,0.0,0.0,0.0,0.0711492208402377,0.0,0.0,0.0,0.0188600632487945,0.0083417940046848,0.0,0.0687332697301887,0.0,0.0,0.0,0.0,0.0,0.0,0.0,0.0104745032333716,0.0,0.04598324447399,0.149694600596449,0.0059106212726766,0.0140189986889722,0.0311788684528312
SPVO,0.0,0.0,0.0,0.0,0.0,0.0,0.0,0.0,0.0,0.0080420020875421,0.0,0.0,0.187169864803236,0.0,0.0,0.0064621721891662,0.0,0.0,0.0,0.0,0.0,0.0,0.0,0.0,0.0,0.0,0.0,0.0,0.0156432867684582,0.0,0.0,0.0,0.0,0.0,0.0,0.0,0.0042559138878349,0.0239615910700859,0.0,0.0393559364733476,0.0,0.0,0.0071269343758029,0.0,0.0,0.0,0.0,0.0,0.0,0.0,0.0277520711768377,0.0054728309577022,0.0,0.0,0.0,0.0,0.447489801329932,0.0,0.0,0.0,0.0,0.0,0.0,0.0,0.0094517860217311,0.0251171295442317,0.0,1.0344123861829,0.0,0.0477167055748141,0.0,0.0,0.0,0.0,0.0,0.0,0.0,0.020935807828139,0.0,0.0,0.0,0.0,0.0472505872384907,0.0044945581332652,0.239416673990486,0.162250072770809,0.0,0.0,0.0,0.0,0.0,0.0,0.0,0.0,0.0,0.0,0.0,0.0,0.134133592146646,0.0,0.209223861169646,0.0,0.0,0.0082179839968303,0.0,0.0050419567931095,0.0,0.0,0.223891049325877,0.0,0.0,0.0,0.0036795383130356,0.0,0.0,0.0726320704957604,0.0,1.35560657795948,0.26983473422556,0.0075946927067294,0.0,0.006154834555633,0.0086526087167232,0.0049517313407534,0.0388006539580786,0.0855968901291121,0.0,0.0,0.0,0.0,0.0,0.0,0.0,0.0,0.0409966377485143,0.0,0.148247003756338,0.196240006459959,0.058734753021968,0.0118267773886963,0.217730515058757,0.0,0.0,0.0,0.0,0.0,0.0,0.0,0.0,0.0,0.0,0.0118228404881098,0.0,0.0,0.0,0.0,0.0,0.0,0.0124477938222124,0.0,0.0,0.0,0.130050190120815,0.0,0.0,0.0,0.0862892681219255,0.0,0.0,0.0,0.136674357671935,0.178899504715446,0.358082026726419,0.466482111130602,0.0,0.0,0.0,0.0,0.0,0.0,0.0,0.0,0.0,0.088090973865956,0.0415083474912651,0.0,0.0,0.0038672763174891,0.0,0.0,0.0,0.143562271558053,0.0,0.120912982178066,0.232141133709414,0.0,0.0,0.0,0.0,0.0,0.0,0.0,0.003814807000408,0.0,0.004400376014062,0.0,0.0,0.0,0.0585000063075039,0.0,0.0,0.0,0.0,0.0,0.0,0.0,0.0,0.0,0.0040666695394413,0.0,0.0,0.0535116214903416,0.0,0.0,0.0504638858395506,0.0,0.0,0.0,0.0,0.0,0.0,0.0,0.0,0.0,0.0,0.0,0.0,0.0076937193672744,0.0038114291553564,0.0,0.0,0.0,0.0,0.0,0.0,0.0042755048624471,0.0130374495940287,0.0045677378566421,0.0,0.0129012875519924,0.0,0.0,0.0,0.0,0.0,0.0,0.0,0.0,0.0,0.0060788250751942,0.0,0.0,0.0,0.0,0.0,0.356664733913968,0.0,0.0,0.0556066755319196,0.0166843041507654,0.0505817151888258,0.0,0.0,0.0135485434489394,0.0034826550329833,0.0,0.508270395828253,0.0,0.0069150636057705,0.0,0.0,0.0,0.0,0.0,0.0,0.0,0.0092807890858133,0.0,0.0,0.0,0.0,0.0523964448614296,0.0039311495041072,0.0773539414172971,0.0790520462859479,0.0,0.0,0.0058694429884757,0.0,0.0,0.0,0.0,0.0,0.0,0.0,0.0,0.0,0.199180697388105,0.0,0.0541317470818348,0.0,0.0,0.132431251214425,0.0,0.0035872910099128,0.0,0.0,0.0501188439579193,0.0,0.0,0.0,0.0040608723261174,0.0,0.0,0.055517175932062,0.0,0.304994266485293,0.0899833264292864,0.0,0.0,0.0108639885806903,0.0,0.0148683240126202,0.0171098782678122,0.0493093282018583,0.0,0.0,0.0,0.0,0.0394731579297594,0.0048565751115837,0.0040490221373676,0.0,0.0226399939269841,0.0,0.0333388765808822,0.252349522227387,0.09837090808125,0.0049973713870768,0.0643802593136835,0.0,0.0,0.0,0.0,0.0,0.0,0.0,0.0,0.0,0.0,0.0375012207153805,0.0043040509602954,0.0,0.0,0.0,0.0,0.0,0.0873253360597205,0.0,0.0,0.0,0.0473023030729049,0.0,0.0,0.0047586468605668,0.0836821798702462,0.0,0.0,0.0114068057344186,0.0203528151006106,0.0719362864724923,0.0836899064620459,0.0907791893654382,0.0,0.0,0.0,0.0,0.0,0.0,0.0,0.0,0.0,0.0476104781828058,0.0,0.0,0.0,0.0345972941862574,0.0,0.0,0.0,0.0641930828433718,0.0103906161744129,0.010342780986467,0.075969576739172,0.0,0.0,0.0,0.0,0.0,0.0,0.0,0.0103186681507769,0.0,0.0091531081936084,0.0382654947407072,0.0062954481255464,0.006547147916839,0.0294401679551397
SSp-bfd,0.0,0.152622222609278,0.0092447892536201,0.0362831489617669,0.0,0.0,0.0257308560001571,0.0224295069322786,0.0131849998200945,0.0,0.0036744601698076,0.005205058710929,0.0,0.0,0.0090154177749571,0.422404113542032,0.0,0.41270213454642,0.216469349934879,0.202613524395941,0.0137009154210373,0.0,0.0,0.0,0.0102877020305268,0.0,0.0,0.0099157899128363,0.0,0.0472852856373222,0.0134639106349178,0.0,0.0056466122240752,0.0,0.0,4.60092559296828,0.0188738632931529,0.0,0.0,0.0,0.0,0.0,0.0,0.0063672948244164,0.0,0.11308086662164,0.0967892091936446,0.0091194847349652,0.0144340317433572,0.0,0.0,0.0,0.0278289043755066,0.0,0.0783282980054514,0.0050352864588744,0.0304292712919834,0.0133233378001184,0.0,0.0048365550456856,0.0137609274057762,0.0909035781062577,0.0,0.0,0.0116363832579816,0.0,0.0,0.0049810116222707,0.0,0.0,0.0862841627601639,0.0167548766414918,0.0128317591398338,0.0035879604010942,0.0,0.147343526501758,0.0,0.0,0.0,0.0,0.0,0.0,0.0318370783364327,0.0281270816573637,0.0,0.0,0.0,0.0066605852949547,0.0589301310524687,0.0230247388402598,0.0,0.0,0.004742469272413,1.11233959506162,1.98698793306061,0.0,0.0,0.0,0.723502954384487,0.0,0.0149893813546409,0.0,0.0,0.0,0.0,0.0,0.0054277650891278,0.0248346653247819,0.0,0.167937421208834,0.0122570868842635,0.0945556641092494,0.0044937603031483,0.0,0.0,0.187675262933872,0.0,0.0126304210447474,0.0131275057309463,0.0046346290944655,0.050568804838977,0.11184099136181,0.0088209201274113,0.146863746448438,0.006494393803772,0.0063281864528802,0.0095584230913134,0.0269001335314063,0.0388856117370225,0.0,0.433643107453698,0.0427413803918631,0.0093634238144168,0.0092999941136599,0.0244636148486841,0.0,0.0,0.0443579064053291,0.106820902873422,0.0039903125288052,0.0107658962483247,0.0,0.891903625189105,0.0,0.0,0.0,0.0,0.0,0.0,0.0075589196700098,0.0081432362840406,0.0725423684586908,0.0059995925807465,0.0693249276723561,0.106073570914373,0.0519983343227881,0.273143330612339,0.0,1.04082189267488,0.0268357839424653,0.0,0.0,0.0,0.0276705148259273,0.0,0.225643381631115,0.0067198383474015,0.0,0.004695268350044,0.0596410866581607,0.0,0.0068979638996559,0.00698665095498,0.0052310219723405,5.85911365539084,0.421787778754994,0.218334409509025,0.717099723601597,0.4450477458231,0.90435834833172,3.19820158303351,0.0097040884203454,0.0,0.0,0.0,0.421491284689814,0.0,0.151692443100987,0.0,0.007018015892601,0.0,0.0,0.126730542864263,0.0,0.0,0.20762354826317,0.211536937656677,0.0885339817211842,0.0860546106357353,0.226065305317973,0.0091465025998938,0.0511520910038974,0.082044612303638,0.0,0.27915472488594,0.563651894480825,0.0185547468299163,0.0046111923374184,0.0,0.0,0.0081301708420937,0.0,0.0066664522371314,0.0,0.0,0.0164127167314785,0.0716589953838985,0.0133159279902579,0.0,0.0,0.0,0.004205751197237,0.0,0.0,0.0,0.0,0.0788037548894555,0.0524777348865343,0.0584249511199972,0.0,0.0,0.0,0.0,0.007811422847605,0.0,0.0,0.0,0.0,0.0,0.0153965289496588,0.0,0.0,0.0,0.0,0.577962246508549,0.0067483351239283,0.0,0.0,0.0,0.0082449560003636,0.0,0.0,0.0,0.0,0.105740550345381,0.10012509665055,0.0,0.0122709306366369,0.0041377521326879,0.0,0.0,0.0,0.0,0.0,0.0,0.0622691168649766,0.0095009453772766,0.0,0.0,0.0,0.0,0.0,0.0,0.0,0.0,0.0,0.0426368563818591,0.0,0.0,0.0,0.0,0.0,0.0,0.0,0.0,0.0,0.0,0.0,0.0,0.0,0.0,0.0357365996793562,0.0,0.0745966035199085,0.0123239576530669,0.0,0.0,0.0,0.0,0.0,0.0,0.0049779381988252,0.125608556656319,0.152234351911366,0.0,0.0,0.0,0.0184176260502432,0.0,0.0173275373081245,0.0,0.0,0.0,0.0,0.0,0.0,0.0,0.0058297900211265,0.0532502016887261,0.0,0.0075031457092087,0.0055268414646696,0.0,0.0,0.0235929553887327,0.0,0.0668720113602273,0.0079633424427308,0.0,0.0688274737175283,0.0,0.0125177961012893,0.0063382876195016,0.0066804830882714,0.0279693109642632,0.0,0.0427544350492097,0.0,0.0,0.0,0.0,0.0,0.0,0.0,0.0,0.0,0.0799804009628665,0.0067446264619921,0.0,0.0837511729605801,0.0,0.134440007963304,0.0,0.0,0.0,0.0,0.0,0.0,0.0044719822675621,0.0,0.0,0.0,0.0198979993261485,0.0164042149856253,0.0126870778519198,0.0,0.0,0.0050012554155212,0.0,0.0,0.0,0.0,0.007429326271084,0.0,0.0,0.0225886171219765,0.0,0.0,0.0,0.0060150501895483,0.185385756750954,0.138401427980699,0.0574467110445535,0.914413828615774,0.0721328367339574,0.0192700442890871,0.0848414755509811,0.0614497034934994,0.106725005947033,0.572521239403879,0.0,0.0,0.0,0.0,0.209206663088236,0.0,0.0051444520895827,0.0,0.0040420813265211,0.0,0.0,0.0,0.0,0.0261141427794912,0.111376237390634,0.0437079701605156,0.0170674647347446,0.0162138376049551,0.0492937728766514,0.0,0.0072687835327535,0.0,0.0,0.0,0.0,0.0,0.0,0.0
SSp-ll,0.0,0.176890702469259,0.0302261234405896,0.0313206631094851,0.0,0.0,0.0071648565903053,0.0045758276376828,0.004333323397083,0.0,0.0,0.0041240729010877,0.0,0.0,0.0,0.257849088694524,0.0,0.17862311891554,0.0303455729682113,0.13241354418664,0.0094048727743801,0.0,0.0,0.0,0.0146567828845014,0.0,0.0,0.0050409112399242,0.0,0.0419875964069444,0.0063112537810966,0.0,0.0,0.0,0.0,3.53731452968647,0.0264532455734629,0.0,0.0062611649490925,0.0,0.0,0.0,0.0,0.0,0.0,0.0223104357893242,0.0101968528740657,0.0,0.0,0.0,0.0,0.0,0.0039573349495106,0.0,0.0873787723954592,0.0227617744593988,0.0273055162053958,0.0044769010968417,0.0,0.0,0.0061880263735665,0.0470227466037038,0.0,0.0,0.0299926355241886,0.0,0.0,0.0,0.0,0.0,0.0688910484921444,0.0,0.0,0.0047737453592374,0.0063019386125466,0.0827343926156066,0.0,0.0065980762134635,0.0,0.0,0.0,0.0,0.034604867193492,0.0361287255870524,0.0,0.0,0.0,0.0,0.0275802520230841,0.0062728390532328,0.0,0.0,0.0,2.20723723459358,0.729828938694891,0.0,0.0,0.0,0.484523724653227,0.0,0.0139003113475187,0.0,0.0046670336019645,0.0,0.0,0.0,0.0,0.018318115353291,0.0053054982688911,0.0347210884107258,0.0084220689284659,0.0290931885827709,0.003543984308311,0.0,0.0,0.252627618857186,0.0,0.00358619660874,0.0114255198718929,0.0114084478469162,0.006708260252413,0.093301496297352,0.0,0.164245865122379,0.0046578214708325,0.0096407485576349,0.0110249316077906,0.0073957822301755,0.0353946164618377,0.0,0.234855420691057,0.0209722720893612,0.0040282411836774,0.0,0.0284280203360781,0.0,0.0,0.0465414539782264,0.154034111900902,0.0044185454094911,0.0,0.0,0.252769556782443,0.0,0.0,0.0,0.0,0.0,0.0,0.0060807705216681,0.0,0.0755771640839507,0.0,0.16201938443615,0.0546235200960812,0.035643813343603,0.219433681091377,0.0,0.545942371462318,0.0118280585468978,0.0,0.0,0.0,0.0100149440727618,0.0,0.195638390647576,0.0,0.0,0.00436367165389,0.0469798450744704,0.0,0.0,0.0,0.0,0.560302973810565,2.33499960264951,0.0290785578579712,0.0592768467366247,0.726685378537072,1.64360094985852,0.934690484380251,0.0206178235652147,0.0,0.0,0.0,0.080853041118717,0.0,0.185165821494007,0.0,0.0042646016857032,0.0042098995400629,0.0,0.119291961417636,0.0,0.0,0.0331192178532497,0.018676029888465,0.0216291114037152,0.0088734951374297,0.0414813199002231,0.0,0.0103892615581823,0.100217390303273,0.0,0.394735843223831,0.153275302541503,0.0083557088860143,0.00591467150791,0.0,0.0,0.0085381608364852,0.0250048527114205,0.0063740295156902,0.0,0.0,0.0058649544645305,0.0063790424217603,0.0,0.0,0.0,0.0,0.0,0.0,0.0,0.0,0.0,0.0317020257117789,0.0068511016142538,0.0389129499040563,0.0,0.0,0.0,0.0,0.0,0.0,0.0,0.0,0.0,0.0,0.0049276209239315,0.0,0.0,0.0,0.0,0.682138889220531,0.0086291302075046,0.0,0.0,0.0,0.0122231433747047,0.0,0.0,0.0,0.0,0.0185331804265598,0.0071179538814971,0.0,0.0039182748126915,0.0,0.0,0.0,0.0,0.0,0.0,0.0,0.0284946038494991,0.0089560187051121,0.0,0.0,0.0,0.0,0.0,0.0,0.0,0.0,0.0,0.008985707015282,0.0,0.0,0.0,0.0,0.0,0.0,0.0,0.0,0.0,0.0042360489060492,0.0,0.0,0.0,0.0,0.0159256329234532,0.0,0.0176468994314492,0.0192765892765561,0.0,0.0,0.0,0.0,0.0,0.0,0.0,0.537611143455265,0.0534799589860918,0.0,0.0,0.0,0.0123386410589168,0.0,0.0159624139128873,0.0,0.0,0.0,0.0,0.0,0.0,0.0,0.0148951725597818,0.0074719018991821,0.0,0.0,0.0041623090692238,0.0,0.0,0.0396234180115486,0.0,0.0092981853562413,0.0,0.0040443915444531,0.0062017348469021,0.0,0.0,0.0082274458178115,0.0047071527525385,0.0118699833829253,0.0,0.0034669657399018,0.0,0.0,0.0,0.0,0.0,0.0,0.0,0.0,0.0,0.0238077242056398,0.0092607944482928,0.0,0.003738321685309,0.0,0.0320033865927061,0.0,0.0,0.0,0.0,0.0,0.0,0.0034959669033538,0.0,0.0,0.0,0.0370647662919061,0.0083882089737685,0.0152387503076419,0.0,0.0,0.0133709428420843,0.0,0.0,0.0,0.0,0.0037037981368462,0.0,0.0,0.0,0.0,0.0,0.0,0.00968030185029,0.0137451703093366,0.0159671871206,0.0042208955693286,0.0682609896809351,0.530548023456569,0.0250544246557693,0.0251767343526976,0.175592947885629,0.22157176721324,0.184585918378127,0.0,0.0,0.0,0.0,0.0277815982626097,0.0,0.0062487160130164,0.0,0.0,0.0,0.0,0.0,0.0,0.0,0.02722992452796,0.0,0.0035503953436433,0.0,0.0065897254740073,0.0,0.0,0.0,0.0,0.0,0.0,0.0,0.0,0.0
SSp-m,0.0,0.0,0.0076119355053356,0.0128705039913433,0.0,0.0,0.453199536736966,0.138092104823248,0.0133212181405068,0.0,0.0,0.0,0.0038940061127825,0.0,0.0,0.0763872209800931,0.0,0.0,0.0,0.0,0.0,0.0047418881581482,0.0,0.0,0.0,0.0,0.0,0.0187510303857908,0.0,0.013626268179489,0.0063541250750529,0.0,0.0174314646929119,0.0,0.0,5.57877360293979,0.0,0.0,0.0,0.0,0.0,0.0,0.0,0.0,0.0,0.0203683091178253,0.0046842274898592,0.0,0.0,0.0,0.0,0.0,0.109567936524562,0.0056218112397246,0.268156227008166,0.130061977333501,0.0222173504429249,0.557381842700133,0.0,0.0,0.0,0.0,0.0,0.005532253170287,0.0201854978165403,0.0,0.0,0.0214322379964488,0.0,0.0,0.0,0.0,0.0,0.0,0.0,0.0,0.0,0.0,0.0,0.0,0.0,0.0,0.0284620183668359,0.0402664274067829,0.0,0.0,0.0,0.0,0.0,0.0,0.0,0.0,0.0044445710116628,4.43909941171597,3.19947279286413,0.0,0.0,0.0,0.332155169295316,0.0,0.0,0.0,0.0,0.0,0.0,0.0,0.0,0.0,0.0107844078032115,0.0351018482983255,0.0,0.0,0.0047550042493126,0.0,0.0,0.0095283388356815,0.0,0.0291603724999802,0.0125119602931589,0.0,0.0113514712411469,0.0909175644634875,0.0,0.212132438518662,0.0,0.0,0.0,0.00610465423176,0.0081605392586217,0.0,0.588453130814733,0.0095772132026597,0.0,0.0,0.0061747851172001,0.0,0.0,0.0077055446556038,0.0127302806650817,0.0,0.0072189791927401,0.0,0.0,0.0,0.0,0.0,0.0,0.0,0.0,0.0,0.0036804088305812,0.0070840190569091,0.0,0.0,0.0,0.0,0.189014122747332,0.0,0.239060733154542,0.0,0.0,0.0049568306195754,0.0,0.0051275132077428,0.0079054447279003,0.230192904282511,0.0,0.0,0.0,0.0241366680549231,0.0,0.0057687528354906,0.010004459289168,0.0130730420345588,0.0531304720535193,0.0036773804777365,6.30517207081937,1.38866442364715,0.0,0.271687823911594,2.15605289513124,0.025870827838599,0.0,0.0,0.0,0.0056264800951548,0.0,0.125452585866271,0.0,0.0,0.0,0.0,0.169878310928046,0.0,0.0,0.619956318299954,0.0,0.0,0.0,0.0,0.0,0.0,0.0589175205354316,0.0,0.191631881656468,0.762113076656513,0.0853578059976967,0.003878675931622,0.0,0.0,0.0,0.0042727080931602,0.0035167625054154,0.0,0.0,0.09967240416141,0.190281957291491,0.0,0.0,0.0,0.0,0.007785407123245,0.0,0.0,0.0,0.0,0.0,0.0,0.0,0.0,0.0,0.0,0.0,0.0,0.0,0.0,0.0,0.0,0.0,0.007715135796844,0.0,0.0097051321999871,0.0,0.0,0.829920185671963,0.0,0.0,0.0,0.0,0.0085385179437801,0.0,0.0,0.0,0.0,0.0292533979514194,0.0038260778975849,0.0,0.012736169800637,0.0,0.0,0.0,0.014570349185939,0.0,0.0,0.0,0.0844480131890627,0.283990969778775,0.0,0.0,0.0,0.0,0.0,0.0,0.0,0.0,0.0,0.107728387805233,0.0,0.0,0.0,0.0,0.0,0.0,0.0,0.0,0.0,0.0,0.0103137597039617,0.0,0.0,0.0,0.0311316696797621,0.0114816247120736,0.0620081731287278,0.0131939919263937,0.0,0.0,0.0,0.0,0.0,0.0,0.0,1.05124430754899,0.619436956145374,0.0,0.0,0.0,0.0,0.0,0.0,0.0,0.0,0.0,0.0,0.0,0.0,0.0,0.0438812939507167,0.0047052848629186,0.0,0.0,0.0,0.0,0.0,0.0,0.0,0.153871869789151,0.0120157234442989,0.0,0.0223849962227735,0.0042291543223367,0.0037707528257654,0.008584685463991,0.0,0.007240943680075,0.0,0.0044125078994546,0.0,0.0,0.0114798714619904,0.0,0.0,0.0,0.0,0.0,0.0,0.0922259459551965,0.0,0.0,0.0907723526861224,0.0,0.0,0.0,0.0,0.0,0.0,0.0,0.0,0.0,0.0,0.0,0.0,0.0,0.0,0.0,0.0,0.0,0.0,0.0,0.0,0.0,0.0,0.0,0.0,0.0,0.0139140129936251,0.0,0.0,0.0,0.0,0.291164272477922,0.174798603152915,0.144047781894843,0.0068884768798661,0.0,1.6348572926768,0.161136979462086,0.0,0.0572130936028933,0.636995041281483,0.0,0.0,0.0,0.0,0.0,0.0,0.0,0.0,0.0,0.0,0.0,0.0,0.0,0.0140610120964004,0.434454016544566,0.0,0.0,0.0,0.0,0.0,0.0,0.0,0.0,0.0,0.0,0.0133938788581628,0.0,0.0
SSp-n,0.0,0.0151173645080477,0.0055861839013584,0.0240716143514226,0.0,0.0,0.108569771324745,0.0592662146743527,0.0076660353541235,0.0,0.0,0.0,0.0,0.0,0.0043062500305494,0.156400581399105,0.0,0.0550295474404831,0.0417118778449573,0.0514608819349857,0.0,0.0,0.0,0.0,0.0,0.0,0.0,0.0161784576353498,0.0,0.0259847728311823,0.0055390226073027,0.0,0.005850523776633,0.0,0.0,4.97863591612961,0.0,0.0,0.0,0.0,0.0,0.0,0.0,0.0,0.0,0.0608887454335671,0.0159298425085769,0.0,0.0042900816586608,0.0,0.0,0.0,0.177238938117193,0.0037885448151879,0.153014732871268,0.0433025282179243,0.0113722298224482,0.0480766596259274,0.0,0.0,0.0073614242162851,0.0216708309083422,0.0,0.0,0.0148023183221035,0.0,0.0,0.0037006239349984,0.0,0.0,0.0,0.0,0.0,0.0,0.0,0.0048389452156102,0.0,0.0,0.0,0.0,0.0,0.0,0.0175058444540322,0.0160130904107104,0.0,0.0,0.0,0.0,0.0196555948761603,0.0045447436150112,0.0,0.0,0.0,2.92272874512745,4.07760775428463,0.0,0.0,0.0,0.427041357936153,0.0,0.0,0.0,0.0,0.0,0.0,0.0,0.0,0.0,0.0,0.112107021937602,0.0,0.0117886823619341,0.0,0.0,0.0,0.0311159027231917,0.0,0.0052447281434085,0.0078092202241418,0.0,0.0282955572788567,0.0759462741473618,0.0,0.210563572955347,0.0,0.0,0.0,0.0094530713501118,0.0152148389277605,0.0,0.712318688388076,0.0203268688579351,0.0,0.0,0.0065779687334883,0.0,0.0,0.010642815783204,0.0226699627376094,0.0,0.0,0.0,0.0258531214588978,0.0,0.0,0.0,0.0,0.0,0.0,0.0,0.005721232423723,0.0114108670463626,0.0,0.0,0.0,0.0,0.225811334821233,0.0,0.44035043647078,0.0,0.0,0.0,0.0,0.0088617923848464,0.0042466011996435,0.244983301739401,0.0,0.0,0.0,0.0453378707879273,0.0,0.0,0.0,0.0,0.970332603692752,0.0516764498258994,2.80118323497162,5.1238038513773,0.0098012516311492,0.701397348386783,2.85294103952802,0.0192008988631358,0.0,0.0,0.0,0.0691032728765034,0.0,0.14372060664732,0.0,0.0,0.0,0.0,0.0495248895794622,0.0,0.0,0.541678235780744,0.004789948572085,0.0,0.0,0.0063857340653697,0.0,0.0,0.033830086592027,0.0,0.272032366759096,0.851893913797406,0.0356451282030756,0.0,0.0,0.0,0.0,0.0,0.0,0.0,0.0,0.0390314567039123,0.247032235254708,0.0054325525160714,0.0,0.0,0.0,0.0,0.0,0.0,0.0,0.0,0.0191018458842047,0.0214856963660225,0.0183322442308314,0.0,0.0,0.0,0.0,0.0050065004251205,0.0,0.0036342237479999,0.0,0.0,0.0,0.0070961977686562,0.0,0.0,0.0,0.0,0.427035534455961,0.0,0.0,0.0,0.0,0.0,0.0,0.0,0.0,0.0,0.103933588144003,0.0212478194468049,0.0,0.0076166743505714,0.0,0.0,0.0,0.0157110562774355,0.0,0.0,0.0,0.0484288290141568,0.0401732580024446,0.0,0.0,0.0,0.0,0.0,0.0,0.0,0.0,0.0,0.0473856551337074,0.0,0.0,0.0,0.0,0.0,0.0,0.0,0.0,0.0,0.0,0.0,0.0,0.0,0.0,0.0179743173192034,0.0,0.0357073772574111,0.0090033985827959,0.0,0.0,0.0,0.0,0.0,0.0,0.0,0.274708766567707,0.472768782287838,0.0,0.0,0.0,0.0039509222449673,0.0,0.004079458089691,0.0,0.0,0.0,0.0,0.0,0.0,0.0,0.0058624486243988,0.0226799793818547,0.0,0.0,0.0,0.0,0.0,0.0044367778439025,0.0,0.0656306991778133,0.0043313543563606,0.0,0.072005881211195,0.0,0.0,0.0083284123490451,0.0,0.0048400280520946,0.0,0.0207064238372271,0.0,0.0,0.0,0.0,0.0,0.0,0.0,0.0,0.0,0.07175497191691,0.0,0.0,0.0804817530438668,0.0,0.0060375925911735,0.0,0.0,0.0,0.0,0.0,0.0,0.0,0.0,0.0,0.0,0.0,0.0,0.0,0.0,0.0,0.0,0.0,0.0,0.0,0.0,0.0044115724463993,0.0,0.0,0.0148931619070883,0.0,0.0,0.0,0.0,0.211713146856787,0.107048828287815,0.0577234461044516,0.130966689236383,0.0093653623276844,0.224314308952429,0.653671832730849,0.0037159642978185,0.0868930731949615,0.57765608290235,0.0,0.0,0.0,0.0,0.0313134956661011,0.0,0.0,0.0,0.0,0.0,0.0,0.0,0.0,0.0120402193555668,0.42178819671221,0.0,0.0,0.0,0.0,0.0,0.0,0.0,0.0,0.0,0.0,0.0054974130150385,0.0,0.0
SSp-tr,0.0,0.386143376574047,0.0824957614827558,0.0418278531082624,0.0065179578229831,0.0,0.0082307019725728,0.0,0.0056140654454406,0.0,0.0158569468083525,0.0167965884140235,0.0,0.0,0.0068515014056763,0.564112140709904,0.0,0.352232344168545,0.0982365476551179,0.193647370771096,0.0362184935590172,0.0,0.0,0.0,0.0440785041575513,0.0,0.0,0.0,0.0,0.0768478101709111,0.0143890501493159,0.0,0.0053137735901817,0.0,0.0,4.46759598234882,0.0440062157322764,0.0,0.0105820271098838,0.0,0.006120086147415,0.0,0.0,0.0054640478132535,0.0,0.0199400306005101,0.0336678571733905,0.0142025360318296,0.0,0.0,0.0041604396605968,0.0,0.0034437216690572,0.0,0.109189268309604,0.0097692302860063,0.0182953829280535,0.0036655406079878,0.0,0.0,0.0118508738091254,0.084118083865701,0.0098528371558336,0.0,0.0176162572865587,0.0,0.0,0.0,0.0,0.0,0.283713773563008,0.0204794474930394,0.023336661464246,0.0137860287410496,0.0048894576703419,0.349831160564988,0.0,0.0,0.0,0.0,0.0,0.0,0.0253847234756981,0.0581561597084513,0.0,0.0,0.0,0.0050695104617515,0.0566022640581928,0.0202400248136945,0.0,0.0,0.0042511101350989,1.3365605993457,0.963932821366456,0.0,0.0,0.0124494711190787,0.669655515886404,0.0,0.0077224125368566,0.0,0.0079190792390415,0.0,0.0,0.0,0.0125379430281296,0.0449178927207644,0.005976182858829,0.0836968165763846,0.0344843531952205,0.146205005956526,0.0,0.0,0.0,0.479899106223345,0.0,0.0036017367766945,0.0138323109752026,0.0206559874563646,0.006132382172362,0.117070802998279,0.0044681314018293,0.199710921400471,0.0,0.0053520102677669,0.0194896330024233,0.0053757503041171,0.0715521981529719,0.0,0.321454303838035,0.0503587099539835,0.0410679246412365,0.00526231169,0.0439886890775646,0.0040606840691024,0.0,0.0463316792421373,0.222065948744683,0.0042429884635908,0.0,0.0,1.11250444704081,0.0,0.0,0.0,0.0,0.0,0.0,0.0175962367144422,0.008615636997766,0.123590250073309,0.004832950517918,0.567328378175579,0.436177546444947,0.260592801980477,0.386766899732232,0.0,1.32902977611886,0.0555066304624387,0.0,0.0,0.0,0.0250743714694088,0.0,0.266637254144627,0.0068065771637433,0.005232457682595,0.0077858357931618,0.0727648543548206,0.0,0.0,0.0,0.0,1.88740496017739,1.9035330815821,0.0142221281573306,0.0484251362697649,1.70901270232789,1.04168353273879,1.05926551536403,0.0161873771622189,0.0,0.0,0.0,0.148186393797402,0.0,0.228483832663797,0.0,0.0043586978656717,0.0,0.0,0.171873416171869,0.0,0.0,0.0246653022649222,0.153034446749597,0.342956401049954,0.100649330627176,0.405130466932112,0.0168735622710349,0.189761090695791,0.146701455190257,0.0,0.514201092899956,0.289406741803401,0.0112811629609849,0.0066372726817058,0.0,0.0,0.0144598054093927,0.007635572718933,0.0064055524834398,0.0,0.0,0.0,0.0040398315272569,0.0,0.0,0.0,0.0,0.0,0.0,0.0,0.0,0.0,0.0537839121174168,0.0227743147242993,0.0601620164749574,0.0,0.0,0.0,0.0,0.0,0.0,0.0,0.0,0.0,0.0,0.0052584753298782,0.0,0.0,0.0,0.0,0.590322671706062,0.0172533671636369,0.0,0.0,0.0,0.0066934092403352,0.0,0.0,0.0,0.0,0.0183365809051049,0.0162902714213473,0.0038448354351214,0.0,0.0,0.0,0.0,0.0,0.0,0.0,0.0,0.0198145354542742,0.0,0.0,0.0,0.0049488759864199,0.0069331590220101,0.0,0.0,0.0,0.0,0.0,0.0050206044069722,0.0,0.0,0.0,0.0,0.0,0.0,0.0,0.0,0.0,0.0,0.0,0.0,0.0,0.0,0.0117106228832802,0.0,0.023317545172368,0.0081347791761653,0.0,0.0,0.0,0.0,0.0,0.0,0.0048162098812128,0.238522488728649,0.0659383130190462,0.0,0.0,0.0,0.019106218169864,0.0,0.0122544037350206,0.0,0.0,0.0,0.0,0.0,0.0,0.0,0.0181093113348999,0.0115491186588611,0.0,0.0123119253209249,0.0,0.0,0.0,0.0606325093808281,0.0,0.0129811148372182,0.0,0.0074008353555994,0.0087498004803975,0.0,0.0,0.008761974508515,0.0042074779539109,0.0060916255763533,0.0,0.0,0.0034446714091411,0.0,0.0,0.0,0.0063673013128579,0.0,0.0039001038383893,0.0,0.0,0.0237377223821607,0.0113675262440084,0.0,0.014320649520384,0.0,0.138590268874495,0.0,0.0,0.0,0.0,0.0,0.0,0.0076849352003072,0.0036894803123488,0.0,0.0,0.120476397275355,0.0740937453761111,0.0649364325300372,0.0,0.0,0.0340868923470881,0.0,0.0,0.0,0.0,0.0085289410996442,0.0,0.0,0.0067767319484274,0.0,0.0,0.0,0.0067283969281093,0.0520601310928688,0.0534807029498661,0.0094825877757805,0.229402320423656,0.448396710310528,0.0104101586185184,0.0355309329618255,0.406621274334721,0.157883272914205,0.18127798146973,0.0,0.0,0.0,0.0,0.0420074956255843,0.0,0.0055776898265537,0.0,0.0,0.0,0.0,0.0,0.0,0.004468835387016,0.0149657026960881,0.0139956498557784,0.0517356724793604,0.010227058378339,0.0575569993668959,0.0,0.0232458549920148,0.0,0.0,0.0,0.0,0.0,0.0,0.0
SSp-ul,0.0,0.0622705152324568,0.0194905388778283,0.0187397026121806,0.0,0.0,0.0435419043250558,0.0247088184919304,0.0,0.0,0.0,0.0,0.0,0.0,0.0,0.204007508214326,0.0,0.0748615928273519,0.0178938071016499,0.0543570002654297,0.0048919894748394,0.0,0.0,0.0,0.0,0.0,0.0,0.0090355008514564,0.0,0.0405560388626883,0.0,0.0,0.0,0.0,0.0,4.60139185567789,0.012284473893288,0.0,0.0,0.0,0.0,0.0,0.0,0.0,0.0,0.0301793004019584,0.0062481827970088,0.0,0.0,0.0,0.0,0.0,0.0544398912495902,0.0,0.142193951298434,0.0552543970553018,0.0254687459121651,0.0151539184166415,0.0,0.0,0.0,0.0211166234555071,0.0,0.0,0.0280651859398551,0.0,0.0,0.0062513823326693,0.0,0.0,0.0315197862601215,0.0,0.0,0.0,0.0041480335101012,0.0340271819940814,0.0,0.0,0.0,0.0,0.0,0.0,0.0263969473841748,0.0318424235791135,0.0,0.0,0.0,0.0,0.0172911956990564,0.0,0.0,0.0,0.0,3.56198371547189,1.78353793185606,0.0,0.0,0.0,0.428537939185001,0.0,0.0061929121983293,0.0,0.0,0.0,0.0,0.0,0.0,0.0080789784458895,0.0,0.0345690645460837,0.0,0.0148465195519964,0.0040350202976864,0.0,0.0,0.101320571177134,0.0,0.0049476029300444,0.0082190757187651,0.0,0.0087677457615924,0.108370082115538,0.0,0.19353564298339,0.0036908043863245,0.0,0.0039797015980798,0.007803209966976,0.0156182821942575,0.0,0.459430183519436,0.0155757711552767,0.0,0.0,0.0151748593166732,0.0,0.0,0.0211029520265148,0.066173838218839,0.0,0.0,0.0,0.150900294562386,0.0,0.0,0.0,0.0,0.0,0.0,0.0,0.0035277619002856,0.0447542646051241,0.0,0.0309756999964119,0.0270181050323289,0.0147820562990031,0.215090572311221,0.0,0.406214923454771,0.0055049875967629,0.0,0.0,0.0,0.0071991230151944,0.0,0.206054383503625,0.0,0.0,0.0,0.0446265919778556,0.0,0.0,0.0,0.0,0.737186496292874,1.29464789229402,1.14359685757561,0.975013997094366,0.203930323224166,2.4022160628079,1.45830265929199,0.0268565977871419,0.0,0.0,0.0,0.0417803387286394,0.0,0.182970476966138,0.0,0.0037987049598906,0.0045764904488921,0.0,0.116074029846152,0.0,0.0,0.177205630141342,0.0125360282333851,0.0079106771235886,0.003530278427131,0.0214685644057572,0.0,0.0053233860467036,0.0731759589419117,0.0,0.359310103588028,0.416688882321331,0.0185330131609084,0.0040239489512223,0.0,0.0,0.0,0.0135501171508245,0.0041150706806471,0.0,0.0,0.0194259443248461,0.0507061540231762,0.0,0.0,0.0,0.0,0.0,0.0,0.0,0.0,0.0,0.0131983777139401,0.00552681876421,0.017813252727197,0.0,0.0,0.0,0.0,0.0,0.0,0.0,0.0,0.0,0.0,0.0039573112631951,0.0,0.0,0.0,0.0,0.894559488876599,0.0037301437372737,0.0,0.0,0.0,0.0143670891381034,0.0,0.0,0.0,0.0,0.038055483020739,0.0082678622909248,0.0,0.0073997500135119,0.0,0.0,0.0,0.0071203896305032,0.0,0.0,0.0,0.0395533498198395,0.0310140684087293,0.0,0.0,0.0,0.0,0.0,0.0,0.0,0.0,0.0,0.0295932858958837,0.0,0.0,0.0,0.0,0.0,0.0,0.0,0.0,0.0,0.0,0.0,0.0,0.0,0.0,0.0146323228066364,0.0,0.0445752152001632,0.0228696317157671,0.0034754907563652,0.0,0.0,0.0,0.0,0.0,0.0,0.760399545405205,0.234694128003096,0.0,0.0,0.0,0.0059061369411888,0.0,0.0083183011605217,0.0,0.0,0.0,0.0,0.0,0.0,0.0,0.0065689532725501,0.0069904458958514,0.0,0.0,0.0049901160063342,0.0,0.0,0.0094093508770631,0.0,0.0330380298714355,0.0,0.0,0.0218708248424183,0.0,0.0,0.003790341629579,0.0,0.0067866563652816,0.0,0.0063329355440072,0.0,0.0,0.0,0.0,0.0,0.0,0.0,0.0,0.0,0.0373745897407616,0.0,0.0,0.0272308068488571,0.0,0.0185046612594537,0.0,0.0,0.0,0.0,0.0,0.0,0.0,0.0,0.0,0.0,0.0095433023283734,0.0050605700990554,0.00779886027515,0.0,0.0,0.0,0.0,0.0,0.0,0.0,0.0,0.0,0.0,0.0050413747732718,0.0,0.0,0.0,0.0,0.115570522548637,0.0715248244088297,0.0263945017566355,0.0827121994177319,0.195669042660393,0.196733575973101,0.0625129306566289,0.0335453363947558,0.335594429639705,0.278327733369054,0.0,0.0,0.0,0.0,0.0208220583611437,0.0,0.0,0.0,0.0,0.0,0.0,0.0,0.0,0.0061072028490397,0.143739984203158,0.0,0.0,0.0,0.0059011498720896,0.0,0.0,0.0,0.0,0.0,0.0,0.0,0.0,0.0
SSs,0.0057770938623961,0.0391639736685628,0.0038209337336301,0.0917709367391983,0.0,0.0,0.311134753312399,0.268764442537418,0.0379997248364224,0.0,0.0,0.0,0.0036513395182511,0.0,0.0178443779766216,0.0982423175016275,0.0,0.52846504954225,0.731672878025331,0.348792198015686,0.0,0.0432623971326911,0.0167357700292924,0.0102639205939827,0.0080522712741933,0.0,0.0040903730083369,0.0791595961495879,0.0,0.0235802640661292,0.0273936509820716,0.0,0.0183467493698505,0.0058995291802017,0.0051955096978967,4.22277908182984,0.0,0.0,0.0110792313716063,0.0,0.0103102549378891,0.0,0.0,0.0116563192753623,0.0,0.169195436641153,0.0850942767736075,0.0092468283245684,0.0289444167076764,0.0114000315426567,0.0,0.0,0.0625310451444528,0.0213979472005,0.142628817586397,0.0237367874972294,0.0191104205576042,0.586542659028542,0.0,0.0205433336396519,0.11303330961794,0.230074984341414,0.0073707833670943,0.0094945182406276,0.0072246502668259,0.0,0.0,0.0126716446246932,0.0210590343940015,0.0,0.0066882945120317,0.0058558082909598,0.004854348935206,0.0,0.0167223446473056,0.0411736128915857,0.0,0.0,0.0,0.0,0.0,0.0,0.0255908661832093,0.0424006641880038,0.0,0.0,0.0081651384759756,0.01390779421954,0.0770825734751273,0.0467089386101023,0.0,0.0,0.0123795926243221,1.96764318185148,1.48603165085792,0.0,0.0,0.0,0.506378980234515,0.0,0.004401865375981,0.00474566901292,0.0,0.0,0.0,0.0,0.0,0.005071449599752,0.00667359389769,0.133868680374405,0.0099182501689397,0.0304695982001498,0.0177204801300288,0.0,0.0063519984612995,0.0995198752872884,0.0,0.0272388185903871,0.0322709963844845,0.0,0.0604095806535225,0.0940660789115318,0.0063780724909695,0.133650499965419,0.0,0.0,0.0045328368386743,0.0690185789554103,0.0381016673221029,0.0,0.406365010083955,0.0320100727919177,0.0057105200969352,0.0115824057261321,0.0249922584716511,0.0,0.0,0.0231811906804066,0.0464035834863905,0.0,0.0040830799594917,0.0,0.196239175798024,0.0,0.004537879261857,0.0,0.0,0.0,0.0,0.0043502630666515,0.0078177275501932,0.0133479128912995,0.0039744381605244,0.0389042293661499,0.0133314924008571,0.0043293055322453,0.123035977661448,0.0,0.409384107396714,0.0215306059557327,0.0,0.0259138089968377,0.0,0.0139617290991927,0.0064652378944937,0.176298242110522,0.0,0.0054618249509124,0.0040424573337129,0.0346389358349723,0.0,0.0,0.0,0.0064026428649507,1.50711726111733,0.157067640955729,1.51608834176325,1.24075436381732,0.105961736302221,0.750868776873145,5.66145289370917,0.0044489934304959,0.0,0.0,0.0,0.317938192013303,0.0156095636376116,0.0823500454941693,0.0,0.0122909479582398,0.0097845217105026,0.0,0.0823216250100735,0.0,0.0,0.875516002673442,0.0919814629746988,0.0476643868992821,0.0352352636703223,0.078419773656681,0.0057917485593611,0.0319244554475559,0.0540764717066553,0.0,0.200795060737904,0.576928838515387,0.0900193566063775,0.0055941061184395,0.0,0.0,0.0,0.0,0.0198446108068612,0.0,0.0,0.0538496695228139,0.139966535982959,0.0089523448686464,0.0,0.0,0.0,0.0,0.0,0.0,0.0,0.0,0.118639313775699,0.184625524161314,0.0835520087697925,0.0,0.007383469999624,0.0,0.0064236670748138,0.0102969699767805,0.0,0.0059224048161923,0.0085156347293383,0.0,0.0,0.0095241626843612,0.0,0.0091058862711722,0.0,0.0062016985749613,0.524606816962745,0.0,0.0,0.0,0.0,0.0357339555864468,0.0,0.0,0.0,0.0,0.085451097056234,0.0443444780789594,0.0050883286573029,0.0146519841385674,0.0039031459405906,0.0,0.0,0.0044059362213584,0.0063014662866468,0.0,0.0,0.057276085908684,0.0869740265788262,0.0,0.0,0.013216139530728,0.0,0.0,0.0043067933693703,0.0,0.0,0.0,0.0624020576235004,0.0,0.0,0.0,0.0,0.0,0.0,0.0,0.0,0.0,0.0,0.0,0.0,0.0,0.0,0.0216818383088627,0.0099177524065289,0.056838050472536,0.0057302923922642,0.0075168032171298,0.0,0.0,0.0,0.0,0.0044257158014746,0.0071217680556212,0.182952573651399,0.101346651703414,0.0,0.0,0.0,0.0123347822566141,0.0,0.0059048067856653,0.0050938203999245,0.0,0.0,0.0,0.0,0.0,0.0,0.0242592432527004,0.0201802582680402,0.0,0.0,0.0092076283169418,0.0,0.0,0.014194607965042,0.0,0.11585666354926,0.0180735486717143,0.0,0.0432305143683965,0.0067821836783984,0.0059875884033934,0.0253259330457485,0.0,0.0077573197360671,0.0,0.0207870251191687,0.0,0.0,0.0048792650696007,0.0,0.0078138532099802,0.0,0.0,0.0,0.0,0.079017426965851,0.0036407764166687,0.0,0.0386705682137092,0.0,0.0317444220689398,0.0,0.0,0.0,0.0,0.0,0.0,0.0040229482686204,0.0047294463325185,0.0,0.0,0.0048071243639028,0.0046560126786957,0.0038774185849808,0.0,0.0,0.007835512468887,0.0,0.0,0.0,0.0,0.0076476470044164,0.0,0.0,0.0228412327435773,0.0,0.0,0.0,0.0,0.0776388638764495,0.0627336418940504,0.0659199613027997,0.228475767915956,0.0199741154921596,0.215095065735931,0.149702150148831,0.017878760810465,0.0870058047107768,1.30393553891684,0.0,0.0,0.0,0.0,0.0803422266164941,0.0057306669767712,0.0,0.0,0.0158874836326176,0.0036273728438016,0.0,0.0,0.0,0.0126089649252843,0.331606605930475,0.0184768789527883,0.0094143102793138,0.0067486072814514,0.0173399166332451,0.0,0.0048592173141296,0.0052376073321105,0.0,0.0,0.0,0.0180403836682184,0.0,0.0
STN,0.0153927357241248,0.0,0.010190201355521,0.0474869755310498,0.0065704516259178,0.0230459490256671,0.0413194655811347,0.0146208911694613,0.0043056218458697,0.0,0.0099356487664888,0.0053214549707128,0.0,0.0,0.0,0.287089374016153,0.0,0.0056556910624266,0.0128402552708695,0.0080136771021217,0.0082270531321363,0.0206680295620609,0.0258587469563617,0.0356134445058263,0.0544882627004055,0.0069783796176997,0.0094837310519767,0.0649245021441895,0.0,0.0390479037780517,0.0,0.0,0.0217135586212083,0.009670592574035,0.0,0.779033523654423,0.0230580995795745,0.0036604507768093,0.0123071107195438,0.0,0.0176275774080295,0.0121946863324387,0.0,0.0,0.0107989566384974,0.0060215503704658,0.0142359910479951,0.0,0.0,0.0038753412237282,0.0,0.0,0.0,0.0114743577818427,2.02053034463625,0.689989949618778,0.100212442556734,0.063581977210041,0.0036276991069856,0.0,0.0,0.0,0.0,0.0161808221189232,0.0103279620762143,0.0,0.0037863411304192,0.0490095865121654,0.0036008219267409,0.0,0.0378916134098997,0.0,0.0073376405950435,0.134987581078666,0.312048030341279,0.040893117380224,0.0274779411252628,0.0037652789992224,0.0034857906974808,0.0207861585192313,0.006220555500421,0.0080488544358726,0.0417099391297935,0.0818749727265214,0.0110319833146025,0.01109541936797,0.0306074412337531,0.0,0.014540145203541,0.003704117667174,0.0056802747039377,0.0057211613142908,0.0233988324177197,0.104779515351111,0.0570205026390221,0.0051671631391607,0.0158478383948599,0.0,0.871841267990415,0.0044010883251058,0.0072364890735671,0.0219337106329255,0.0079895295065381,0.0,0.0,0.0,0.0042867627586345,0.0439052022536059,0.0097507411427038,0.0109217083856757,0.0,0.0,0.0233611379029013,0.0043392908319913,0.0040319935938745,0.438573912357702,0.0,0.0545411557970433,0.0388761696200854,0.0219363814870005,0.0,0.0525689879053415,0.0,0.0216348386982317,0.0,0.0128798715282509,0.102849645232283,0.0182739814686443,0.0074636456684717,0.0080437626515514,0.127094704860437,0.0123600311135979,0.0,0.0,0.0644997176338031,0.0,0.0,0.168213813151815,0.324861328055334,0.0,0.0,0.0058145567058883,0.0150744105857503,0.0040403669321271,0.0174000291154901,0.0,0.0,0.0,0.004330617849374,0.0354242285763089,0.0072297666857933,0.261971211430725,0.0191285833312516,0.0,0.0052039283057775,0.0068487980632402,0.0567092757117137,0.0,0.882641431691797,0.0319515612370306,0.0,0.19154342360575,0.0,0.0181104405409137,0.250891648268445,1.81861503751678,0.0,0.0191207385436589,0.0095861798880494,0.0513753106266906,0.0,0.0,0.0,0.0,0.0111318658635588,0.0852437565422997,0.0998666808326319,0.0303376557261371,0.26917099706462,0.0158168377622687,0.199059132075999,0.753857740774466,0.0156160992556104,0.012292489020181,0.0,0.0084108129703672,0.0039652650910034,0.0724331793372704,0.0,0.007229351065084,0.0356880723551612,0.0042746969650092,0.112380510711021,0.0,0.0073397566896625,0.0716464401052793,0.0,0.0,0.0,0.0269569547109841,0.0,0.0,0.214779500677511,0.0093553282313582,0.0775782816740479,0.061876304031057,0.0234754858321152,0.0523286499392943,0.0,0.0,0.0052458805576992,0.0152473335076149,0.0135795156998767,0.0,0.0,0.0,0.0,0.0,0.0,0.0,0.0,0.0,0.0,0.0,0.0348791270624179,0.0,0.0,0.0,0.0,0.0,0.0,0.0,0.0,0.0246651022361855,0.0,0.0169880073641906,0.0,0.0,0.0041477941662661,0.0,0.0,0.0118347920619031,0.0056745165482068,0.0,0.0424422381115654,0.0,0.0,0.0,0.0,0.0486097763880122,0.0,0.0,0.0058894347610529,0.0,0.0,0.0,0.0,0.0,0.0,0.0,0.0,0.0,0.0,0.0,0.0,0.0107689940088421,0.0,0.0,0.0,0.0,0.0,0.0,0.0092350727841182,0.0,0.0,0.0,0.0045880003012857,0.0,0.0,0.0070783599034305,0.0,0.0,0.009002048466603,0.0127466047685748,0.007508696940196,0.0,0.0,0.0,0.0,0.0,0.0,0.0035991002191036,0.0206894959339596,0.0,0.0,0.0085262168741212,0.0,0.0,0.0,0.0,0.0,0.0162365111266754,0.018836149450293,0.0226601398164819,0.0,0.0,0.0,0.129994482290754,0.0,0.0,0.0204563405882598,0.0,0.0,0.0,0.0,0.0,0.0104834430317168,0.0,0.0035056027970322,0.0,0.0,0.0251486006203539,0.0,0.0048056241623971,0.0910672143323664,0.0,0.0047243386303822,0.0,0.0,0.0,0.0082654662286771,0.0,0.0062988014438424,0.0,0.0,0.031127022985955,0.014692141016732,0.0060305270112841,0.0,0.005754053998988,0.0,0.0118139543442306,0.0,0.0,0.0,0.0,0.0097476451867171,0.0173415131491814,0.0,0.0,0.0,0.0117317516510572,0.0,0.0066384759319865,0.0,0.0,0.0,0.0,0.0236496770077417,0.007602600230634,0.0363166655668096,0.0,0.0141156121513829,0.0132258166196193,0.0236688882299862,0.0,0.0,0.0944898457264931,0.0,0.0,0.0036049430289968,0.0,0.0077262937881225,0.0,0.0068905258222144,0.0,0.0050442008570767,0.0,0.0044305949823407,0.0,0.0,0.0,0.0,0.0043091660768745,0.0141166202498985,0.0211326131047501,0.0125033485560173,0.010930853369439,0.0042346218294505,0.0156363597682103,0.0,0.0043948185976507,0.0,0.0,0.0,0.0,0.0074947273935155,0.0,0.0087412742161497,0.0045032770333162,0.0,0.0,0.0,0.0,0.0,0.0,0.0,0.0,0.0190583233913108,0.0,0.0,0.0134529204550917,0.0,0.0,0.0,0.0057981134128062,0.0089269278801286,0.0
SUM,0.0086218560491908,0.0,0.0,0.0258384896603996,0.0041719711401917,0.0608352082622772,0.0087552675329465,0.0061743446810927,0.0040215991283828,0.0,0.169037310399187,0.0401396623544771,0.0,0.0,0.0060306345386783,0.0059660091429079,0.02001812675988,0.0,0.0,0.0,0.0101716873429557,0.0157185984964965,0.0184026063457537,0.0778882408277799,0.0199711637015816,0.0,0.0310567256350281,0.0435043689936934,0.0039949098900432,0.0,0.0,0.00381485246332,0.0126592596538131,0.0134047780071376,0.0255942567561734,0.0354045143568655,0.0173445120213436,0.0,0.0039829407429135,0.0,0.0725307959691249,0.0701512249622678,0.0,0.0035071195208972,0.0075956305967441,0.0119487418727776,0.044176756295877,0.0167395098316435,0.0040555028984651,0.0,0.0,0.0,0.0,0.0039578510344362,0.015914361480434,0.0047208677030874,0.0,0.0105399934222705,0.0,0.0,0.0,0.0,0.0034658970858935,0.0059807860479614,0.0,0.0,0.0053362347791834,0.0,0.0,0.0,0.0,0.0,0.0,0.0080370951267916,0.214412201801002,0.003950850464295,0.0321234289958843,0.0,0.0,0.0630976334783445,0.0367272422786279,0.0053399578276064,0.0,0.0194565402558821,0.0,0.0,0.053623485097047,0.0,0.0,0.0,0.0037494560313507,0.284519190664717,0.0479422994228868,0.0073948808660494,0.0106178096386004,0.0315100757983919,0.0447037803537595,0.0,0.0869008664942447,0.0170268284684632,0.0,0.0336592734548057,0.0,0.0,0.0,0.0,0.0,0.0097289848191661,0.0,0.0,0.0,0.0,0.030383767184054,0.0422581760501814,0.0235576682896616,0.234135147599998,0.0,0.0,0.0068529949021364,0.012729529978116,0.0045652024300199,0.0061339158223431,0.0,0.0041382861985057,0.0,0.0,0.348542751627281,0.0323637373524174,0.0035252453867058,0.201329307490378,0.0,0.0,0.0044168376748226,0.0,0.0052824306751338,0.0,0.0,0.0058530532731585,0.0158482118052293,0.0,0.0,0.0244844512132608,0.0,0.0130998221987542,0.0226812909495087,0.0283491990928864,0.0044951181364295,0.0,0.0093570679541757,0.0365967372207994,0.0054778918269182,0.0136788947638294,0.0,0.0038840013496281,0.0041473491277192,0.0051308312018676,0.0110285601478485,0.011714496791851,0.0380858528884459,0.0,0.0052467952864064,0.0696371833153935,0.0,0.0299354294042851,0.0047162390954694,0.0250265954598242,0.0,0.0134138820570575,0.0079951386696413,0.0,0.0,0.0,0.0,0.0,0.0039485595769005,0.0,0.0091561504186985,0.0,0.0,0.0,0.0153507316877953,0.0045612150252006,0.221415203623737,0.0,0.0,0.0083147929837644,0.0154726942744716,0.0054341454282237,0.0046024420406837,0.0098233018596748,0.0670650539429303,0.0,0.0043594351735207,0.0,0.0,0.004781715150586,0.0,0.0,0.0,0.0119196521111861,0.0,0.0,0.0572574183503478,0.0408203601157575,0.0048016756911648,0.0,0.0089731070613897,0.0187847993165728,0.0,0.0,0.0,0.0,0.0,0.0,0.0098682597711357,0.0,0.0,0.0,0.0,0.0276509619392924,0.0,0.0055104326845132,0.0,0.0,0.0,0.0068937203980893,0.0,0.0,0.0,0.0,0.0,0.0,0.0117090275841975,0.0041370121959706,0.0,0.0079357654881255,0.0,0.0,0.0,0.0,0.0,0.0047878985608843,0.0118561534036034,0.0390286593609821,0.0081346214400402,0.0,0.0,0.0,0.0,0.062415684032318,0.0054523577241316,0.0,0.0,0.0,0.0,0.011341736921129,0.0156806567427578,0.0,0.0,0.0,0.0,0.0,0.0,0.0,0.0,0.0,0.0,0.0,0.0,0.0,0.0,0.0,0.0035855339159257,0.0,0.0,0.0,0.0,0.0,0.0,0.0,0.0,0.0,0.0,0.0213920342073313,0.0,0.0035793604840392,0.0,0.0,0.006211108021831,0.008308563417422,0.0,0.0,0.0073810594658929,0.0,0.0,0.0128841803348623,0.0,0.0,0.0,0.0,0.0478313632669926,0.0185929906878848,0.0,0.0049625484467958,0.0066695867430461,0.0086513160857343,0.0,0.013248528755334,0.0040496047872387,0.0,0.0131529962121513,0.0,0.0,0.0,0.0,0.0,0.0,0.0,0.0,0.0,0.0,0.0192377147494782,0.004120468576223,0.0159861970846344,0.0631991395020638,0.0085547350508464,0.0,0.0,0.0,0.0,0.0,0.0094454639699765,0.0108599282676353,0.0,0.0,0.0711010423274012,0.0097813796051632,0.0,0.0241317454006713,0.0,0.0,0.0131778618900933,0.0,0.0,0.0039957650349999,0.0,0.0,0.0,0.0,0.0,0.0041600303210543,0.0,0.0,0.0096879563085214,0.0057772159493272,0.0,0.0,0.0055611863641849,0.0207996479932455,0.0,0.0,0.0,0.0073446537340322,0.0108019900021993,0.0085223535258143,0.0,0.0,0.0060762885674623,0.0,0.0,0.0,0.0035049949524839,0.0048450844205195,0.0,0.012003238747853,0.0,0.0038995609342983,0.0,0.0,0.0,0.0,0.0,0.0,0.0,0.0,0.0,0.0,0.0,0.0,0.0,0.0,0.0457573474418709,0.0,0.0,0.0,0.0120226181442215,0.0,0.0,0.0129133927210333,0.0244616532707218,0.0,0.0,0.0,0.0,0.0,0.0,0.0,0.0,0.0084232203510729,0.0,0.0,0.0042422922205404,0.0075441392202179,0.0,0.0,0.0,0.0073306822616421,0.0
SUT,0.0,0.0,0.0,0.0036810535956966,0.0,0.00617465974821,0.0,0.0047221416319953,0.0,0.0041510089447532,0.0,0.0,0.370510185942241,0.0,0.0,0.0330225000936101,0.0,0.0,0.0,0.0,0.0,0.0,0.004521154923002,0.0112936961094131,0.0,0.0,0.0,0.0263362190268974,0.0526221496834589,0.0034538530565648,0.0,0.0048237672389739,0.0082459854871631,0.0,0.0,0.0099926056901567,0.102928733394493,0.111055024454862,0.0761779626131344,0.217123123234447,0.0,0.0106353970998851,0.0069971407526602,0.0,0.0107133546106438,0.0,0.0,0.0,0.0,0.0,0.0737050611838995,0.0174035669678859,0.0,0.0,0.0064934040750867,0.0044879060141687,0.182477241870825,0.0045873343975035,0.0,0.127422310508336,0.110933267819636,0.159039813294908,0.0,0.0083421030164384,0.0,0.0295392132917809,0.0232748341640769,0.225473436687544,0.0,0.0276717419884545,0.0,0.0,0.0,0.0,0.046039172743526,0.006537505805905,0.0071480338245844,0.0164678209559977,0.0,0.0048387069022074,0.0,0.0,0.0267566309832943,0.0181541048040012,0.0652314853324069,0.0502530126722004,0.0034746469979471,0.0,0.0084323169532299,0.0,0.0,0.0,0.0,0.0,0.0,0.0,0.0061932375184477,0.0,0.458664652493091,0.0,0.144602998629345,0.0086623885577602,0.0120540515222569,0.116770542416646,0.0,0.0099990145352633,0.0,0.0136438943593841,0.0359406327993124,0.0,0.0,0.0,0.0,0.0,0.0,0.364309728148945,0.0,0.206717513218848,0.444395126100801,0.0398197665462159,0.0,0.0235124182249408,0.0574269478384461,0.0144661933147488,0.0189544203740931,0.053769766208981,0.0200522464927242,0.0042397726278246,0.0,0.0,0.0075443273677654,0.011988906733897,0.0,0.0,0.155274952556728,0.0,0.173226979751543,0.271299532904263,0.522795040682722,0.0109875223873542,0.368396190908202,0.0,0.0,0.0035590765991141,0.0114911597123797,0.0,0.0,0.0146122126956952,0.0040732668293372,0.0070590558433614,0.004946836048917,0.0406656229182902,0.0080949133079433,0.0,0.0,0.0,0.0,0.0,0.259183282100202,0.0099998065026924,0.0,0.0269643346989329,0.0975618580319113,0.0,0.0,0.0092242083171519,0.0576662767813793,0.0124145549543539,0.0049190177504558,0.0100490489921866,0.0548659928898978,0.0461542945853265,0.0661042984867682,0.0610513235742638,0.0,0.0,0.0,0.0,0.0,0.0,0.0,0.0,0.0,0.168316553611764,0.02831804040404,0.0,0.0,0.0257447494509227,0.0,0.0,0.0079134131275013,0.0755531922462527,0.0040471603176625,0.159841649993493,0.098569550399223,0.0,0.0,0.0,0.0,0.0,0.0,0.0,0.0166423302542961,0.005683676586884,0.0036643886909103,0.006633077494997,0.0177360966451438,0.0110807577582739,0.0247186808843823,0.0,0.0,0.0,0.0,0.0,0.0,0.0,0.0,0.0,0.0,0.0,0.0,0.0924827148128928,0.0,0.0,0.0255374951078079,0.0,0.0,0.0,0.0,0.0,0.0,0.0055042253153343,0.0,0.0,0.0,0.0,0.0132276626684591,0.0173239355923963,0.004005538472254,0.0,0.0042121133281061,0.0071207868992919,0.0040771859855372,0.0,0.0044140710033437,0.0837531491832413,0.015204764584339,0.0107966547217152,0.0047509711409254,0.0099105113558923,0.0,0.0,0.0,0.0,0.0,0.0,0.0,0.0,0.0,0.0070868355425205,0.0058763456735027,0.0,0.0,0.0,0.0,0.119147450103506,0.0,0.0,0.0209430193862775,0.01318010272124,0.0346487459597674,0.0,0.0054451173141096,0.0,0.0,0.0125573686360692,0.0775187125877384,0.0,0.0175293246915907,0.0,0.0,0.0,0.0,0.0282948700885272,0.0075837833385299,0.0,0.0064081538605233,0.0,0.0,0.0,0.0,0.0312571012362156,0.0119105259244922,0.019618836706949,0.0143830894253342,0.0055289820763527,0.0,0.0089456462134689,0.0,0.0,0.0,0.0,0.0,0.0,0.0,0.0,0.0,0.341856296733409,0.0,0.132528696619803,0.0043096593039618,0.0046340360053021,0.0499014426064201,0.0,0.0,0.0,0.0112244677126464,0.0154953115730126,0.0,0.0,0.0,0.003525764248661,0.0,0.0,0.211395509465597,0.0,0.0811169042531567,0.0620127849426197,0.0130514663014552,0.0,0.0269646578478326,0.0082246804145351,0.0056305158540639,0.0055523981914683,0.0213724044690847,0.0237512796173504,0.0,0.0,0.0,0.0466503723165412,0.004283719672829,0.0,0.0,0.0473359283128197,0.0,0.0427428866117628,0.183467182617081,0.248965382017055,0.0042243300650933,0.0283108120041453,0.0,0.0,0.0,0.0058973704157273,0.0,0.0,0.0070157532477391,0.0,0.0045223077720464,0.0,0.076856144098837,0.0123864370117081,0.0,0.0,0.0,0.0,0.0,0.197799388716273,0.0045286728346523,0.0,0.0087830485181331,0.0288808830291673,0.0036850162436754,0.0,0.0035202629394708,0.0235707890987401,0.0074463533405917,0.005325139757874,0.0202214938941028,0.0550817118956592,0.0054062733365678,0.0096197424092588,0.0225463452910095,0.0,0.0,0.0,0.0,0.0,0.0,0.0,0.0,0.0,0.030157696916274,0.0105074010875698,0.0,0.0,0.0251260819452446,0.0,0.0,0.0,0.0246804099742881,0.004904586308642,0.0114127906275763,0.0248903080790479,0.0,0.0,0.0,0.0,0.0,0.0,0.0,0.0236125751136891,0.0,0.0320136130941099,0.186096949536794,0.0278407537868343,0.0280660225359846,0.0174412927561563
SUV,0.0,0.0,0.0,0.0,0.0,0.0,0.0,0.0,0.0,0.0,0.0,0.0,0.0063594530120678,0.0,0.0,0.0151821117794036,0.0,0.0,0.0,0.0,0.0,0.0,0.0,0.0036660331779773,0.0,0.0,0.0,0.0,0.0202176515554005,0.0058292536256352,0.0,0.0,0.0,0.0,0.0,0.0,0.011280876786052,0.0289097879769549,0.0,0.0351547003475818,0.0040239533621261,0.0,0.0,0.0,0.0,0.0,0.0036639211181032,0.0042597881954741,0.0,0.0,0.0058516662365488,0.02156811941391,0.0,0.0,0.0,0.0,0.648668305382336,0.0035794667799823,0.0,0.0,0.0,0.0053527843065535,0.0,0.0,0.0037832982940628,0.0261415723954362,0.0,0.308590689433501,0.0,0.934036263828207,0.0,0.0,0.0,0.0,0.018972978260363,0.0,0.0035435463045285,0.0166647154936931,0.0,0.0,0.0,0.0,0.0252720311262454,0.0070198119420639,0.0827833224589545,0.0930267580834011,0.0,0.0,0.0,0.0,0.0,0.0,0.0,0.0,0.0,0.0,0.0,0.0,0.185675010658496,0.0,2.360661677827,0.0106544689501846,0.0061767039286619,0.0,0.0,0.0207867700367692,0.0,0.0044336774820879,0.0821587157441841,0.0,0.0,0.0,0.021170586494252,0.0,0.0,0.0902558337565704,0.0,0.352714699530324,0.122157226911875,0.0424699277840866,0.0,0.0300456466140457,0.0058089599803864,0.0,0.13557747519986,0.0338720849179861,0.0055896861121789,0.0138563158774823,0.0,0.0,0.0169971991885124,0.0,0.0,0.0,0.0513307567182365,0.0,0.0046108071918626,0.268167550812737,0.133034358080024,0.0997681555351035,0.0282389372750339,0.0,0.0,0.0,0.0,0.0,0.0,0.006867021612469,0.0,0.0,0.0,0.0158183112412325,0.0,0.0,0.0,0.0,0.0,0.0,0.0085910599494284,0.0,0.0,0.0071415010383025,0.0046611280261167,0.0,0.0,0.007287817282531,0.0120198869809144,0.0,0.0,0.0047668802518438,1.75049512748405,0.16945746552474,0.279838094915338,0.355238204810803,0.0,0.0,0.0,0.0,0.0,0.0,0.0,0.0,0.0,0.0093526315968463,0.189781602743009,0.0,0.0,0.0048994665214939,0.0,0.0,0.0081621757287814,0.0146515765580584,0.0112697841145552,0.0117907752573529,0.0444832983553062,0.0,0.0,0.0,0.0,0.0,0.0,0.0,0.0162105048199332,0.0,0.0520219562387209,0.0,0.0035929640194273,0.0,0.0050555530120477,0.0,0.0,0.0,0.0,0.0,0.0,0.0,0.0,0.0,0.0,0.0,0.0,0.0035485530458625,0.0,0.0,0.004931487335796,0.0,0.0,0.0,0.0,0.0079002285728174,0.0,0.0,0.0,0.0,0.0,0.0,0.0,0.0160836381987371,0.0,0.0,0.0,0.0,0.0,0.0,0.0,0.0085110770953232,0.0237189127269661,0.0,0.0,0.0407109264466139,0.0,0.0,0.0,0.0,0.0,0.0,0.0069314429091712,0.0,0.0,0.0034887612120491,0.0049626126577647,0.0,0.0,0.0,0.0,0.512001068259174,0.0,0.0,0.0,0.0,0.0,0.0,0.0,0.0079543604494734,0.0057067569934793,0.0,0.22731095510579,0.0,0.037279290679646,0.0072491719233458,0.0,0.0,0.0,0.0034827879525242,0.0,0.0,0.0375224075117235,0.0,0.0,0.0,0.0,0.0287127092831944,0.0077477770669982,0.0224623302480916,0.127411403054693,0.0056121841226614,0.0,0.0,0.0,0.0,0.0,0.0151433359351759,0.0,0.0,0.0,0.0,0.0,0.178249985452686,0.0,0.565569443418393,0.0,0.0049162059454032,0.0078698227558452,0.0,0.0060299583437163,0.0,0.0,0.0193295093281307,0.0,0.0,0.0,0.0117894583693021,0.0,0.0,0.21455841722298,0.0,0.149921001858611,0.0211160303268747,0.0101974650387068,0.0,0.0,0.0058681402188987,0.0078877682482223,0.160750797660146,0.049876729592782,0.0134615778547394,0.0090021948657611,0.0,0.0,0.0,0.0,0.0078613025376136,0.0,0.0063282238331286,0.0,0.0,0.166645769661241,0.0447198472786008,0.108626011335601,0.0072051602042877,0.0,0.0,0.0,0.0,0.0,0.0,0.0111437918933589,0.0,0.0,0.0,0.0213242296662236,0.0,0.0,0.0,0.0,0.0056298732860395,0.0,0.0055366877459638,0.0,0.0,0.0,0.0,0.0,0.0,0.0,0.0238754945751229,0.0,0.0117678579157587,0.0,0.144597260971813,0.0119244454757144,0.0165524605704744,0.040019024765554,0.0,0.0,0.0,0.0,0.0,0.0,0.0,0.0,0.0,0.0066325141534398,0.0226380134134338,0.0,0.0,0.0052643016850178,0.0,0.0060006566492577,0.0,0.0,0.0093443903485388,0.0174640589603505,0.016721243173648,0.0,0.0,0.0,0.0,0.0,0.0,0.0,0.0333547518254689,0.0,0.0180754891593027,0.0,0.0,0.0,0.0131941943141491
TEa,0.0081300963348735,0.0649567594448241,0.0289197553361123,0.142655940112266,0.0,0.0,0.0854567785768283,0.121974210924669,0.052986089053007,0.0,0.0,0.0,0.0,0.0,0.0262961397155951,0.0536721883250895,0.0,0.51355655511922,2.05200655213651,1.30866350641534,0.0,0.140738389809728,0.0230221621221117,0.019057864806694,0.0412210795250456,0.0,0.0046792992910012,0.101253562729284,0.0072166204798922,0.0105239458348782,0.109438318096275,0.0,0.0,0.0051328803573989,0.0034807479319017,3.01350673199138,0.0,0.0081581077476988,0.0208631858777634,0.0,0.0456293119316388,0.0,0.0,0.0054585217981783,0.0,1.21223977471216,0.193116021483395,0.0954760944432956,0.0615449904176693,0.0078741512581283,0.0,0.0,0.0081116213149328,0.0401621001740883,0.070560146410298,0.0,0.0,0.0603332123735442,0.0039879234291561,0.0416116330941846,0.194066678119775,0.3133299099177,0.0081930767716383,0.0,0.0,0.0,0.0,0.0,0.266748471671591,0.0,0.0863718153972916,0.122667757764882,0.0619434162284561,0.0041250690120337,0.0116745428797244,0.494379104506742,0.0,0.0,0.0,0.0096427507505852,0.0,0.0,0.0,0.006052150831913,0.0,0.0,0.0183771556142655,0.182169774548145,0.108109137208358,0.256717146401941,0.0,0.0,0.0060670586296321,0.0962649241998458,0.157424339117368,0.0,0.0,0.007008398225151,0.0945219611913522,0.0,0.0,0.0090207881623753,0.0,0.0037027264386346,0.0,0.0,0.0327050791245307,0.0044100637827838,0.0,0.0732548761985405,0.0226795856904313,0.0648534533905652,0.0603322765979548,0.0,0.0046156058834591,0.0854818500773032,0.0131982818097231,0.0,0.0056686188199516,0.0,0.0625101602644115,0.0069423566549456,0.0,0.0170182514452484,0.0,0.0,0.0060895755506905,0.0567180100263505,0.0262081165612393,0.0,0.0541835071870957,0.0569608407427451,0.0298041533687416,0.0209098569409289,0.0091905295346477,0.0076422972935668,0.0,0.0,0.0094686925915794,0.0,0.0,0.0,0.291238142870578,0.0,0.0039163753093291,0.0,0.0,0.0,0.0,0.0049070394642768,0.0,0.0,0.0,0.306597409569219,0.27340390334075,0.0299196899126225,0.142778727877191,0.0,0.409108555429935,0.203026093832904,0.0,0.0439471244814075,0.0,0.0,0.0,0.0497605179619521,0.0,0.004475533525979,0.0,0.0072007557750098,0.0,0.0,0.0,0.0,0.193757077868402,0.0313119447195528,0.0536085459214623,0.0404052245099084,0.0516031035814673,0.0395603881876831,0.615975755470636,0.0,0.0,0.0,0.0,2.30227685221124,0.0,0.0128441149434974,0.0,0.0116463251626615,0.0,0.0,0.0042616701016031,0.0,0.0,0.423025499725254,0.266413414709408,0.148034135093642,0.503969811457039,1.68296774338582,0.207674327403441,0.241679079339099,0.0065867486561519,0.0,0.0570870479166381,0.0576686598719203,0.0075472585881631,0.0,0.0,0.0,0.0,0.0,0.0631390429268353,0.0,0.0,0.0126199798763978,0.0198549922403005,0.0,0.0,0.0,0.0,0.0,0.0,0.0050327566353277,0.0,0.0,0.0581318118132773,0.29757085620057,0.236174414124566,0.0,0.0156078115854417,0.0,0.0188361555459595,0.0,0.0,0.0,0.0035237017222492,0.0,0.0,0.0084105836577668,0.0,0.0,0.0,0.0,0.633035825504003,0.0,0.0,0.0,0.0,0.0195275350339496,0.0,0.0,0.0,0.0,0.0711565438963922,0.0284014722099884,0.0068372163141849,0.0367551669558622,0.0053695822697124,0.0,0.0,0.0,0.009483275454169,0.0,0.0,0.0,0.0108851004646952,0.0,0.0,0.0255363562718968,0.0045406219626095,0.0,0.0,0.0,0.0,0.0,0.0,0.0058429570063203,0.0,0.0,0.0,0.0,0.0,0.0,0.0,0.0,0.0,0.0,0.0,0.0,0.0,0.0,0.0,0.0,0.0,0.00700129696361,0.0,0.0,0.0,0.0,0.0,0.0038987707502606,0.0146736757767144,0.015872072547169,0.0,0.0,0.0,0.0,0.0,0.0,0.0105095418053683,0.0,0.0,0.0,0.0,0.0,0.0,0.0,0.0043129019308065,0.0,0.0071020492602925,0.035850217261458,0.0,0.0,0.0079386763222985,0.0,0.0,0.0,0.0,0.0043773603149469,0.0,0.0,0.0,0.0,0.0,0.0,0.0110877084032808,0.0,0.0,0.0,0.0,0.0038937779630458,0.0,0.0,0.0,0.0,0.0,0.0,0.0,0.0,0.0,0.028673707667316,0.0,0.0,0.0,0.0,0.0,0.0,0.0038642515525822,0.0,0.0,0.0,0.0190396045138338,0.011996824484941,0.0,0.0,0.0,0.0143545855667498,0.004843406123618,0.0,0.0062253893868337,0.0,0.0,0.0,0.0,0.0,0.0,0.0,0.0,0.0,0.0,0.0,0.0,0.0716527483064303,0.0,0.0122485859588864,0.0198682685851322,0.0042247680787037,0.0099477534617551,0.212772412189848,0.0,0.0,0.0,0.0,0.377748854718785,0.0,0.0,0.0,0.0048981856529959,0.0,0.0,0.0,0.0,0.0,0.0746419904479122,0.0268866719795537,0.0196488026907176,0.085612291487927,0.215985399629081,0.0292849949886459,0.0255056970331922,0.0,0.0,0.0,0.0,0.0,0.0,0.0
TR,0.141370030806992,0.0,0.0053078169408926,0.551367734194482,0.0,0.0302322550709148,0.254694515266763,0.738410585604054,0.139309331853312,0.0,0.0,0.0,0.0,0.0408593800537641,0.369452003123049,0.0,0.0067440764956136,0.0,0.0,0.0075656838477373,0.0,1.61143351734828,1.3635315140484,0.544941836601719,0.897122601443728,0.0173077418663172,0.127701125582385,1.16505003461469,0.0,0.0,0.0752038084743157,0.0,0.0,0.310911294545992,1.84250210127377,0.305673068801048,0.0,0.0,0.0,0.0,0.106363261224939,0.0108961549769057,0.0,0.0665324232629642,0.0,0.309893280350611,1.77590819071039,0.509903254152578,0.704767995456871,0.746102635717401,0.0,0.0,0.0,0.125634593459084,0.0068654356527096,0.0,0.0,0.0998126293117071,0.157828511972737,0.0,0.0,0.0,0.0743019340279733,0.0,0.0,0.0,0.0,0.0,0.192831183363922,0.0,0.0,0.0,0.0,0.0,0.0341933136762576,0.0,0.0223619161247775,0.0,0.0,0.103051713315222,0.102100381920136,0.0378576081001245,0.0,0.0097138386708786,0.0,0.0,1.31131083661417,0.0,0.0,0.0,0.0,0.0,0.165428701658469,0.0062015280136013,0.0,0.0397004215739795,0.0290430360669481,0.0,0.0,0.0038709748755993,0.0,0.0311649000847247,0.0,0.0,0.114591434032846,0.0,0.0,0.0,0.0,0.0120836514171054,0.0269377753713733,0.0278836084981682,0.586290475671151,0.79877250326514,0.511229852094368,0.0,0.0085334451076632,0.0,0.0,0.0,0.14279744781018,0.0,0.0,0.0,0.0,0.0,0.0,2.49625117879602,0.0075885682579966,0.0,0.0,0.0,0.005409155760191,0.0,0.0,0.0053124127842201,0.0,0.0,0.0,0.0,0.0,0.0,0.0146987562335046,0.0,0.0,0.0,0.0,0.0,0.0064730877766829,0.0,0.0,0.0,0.0,0.0,0.0,0.0,0.005990973645193,0.0047683526870557,0.0,0.0,0.0,0.342815918311474,0.0,0.0,0.0,0.0,0.0,0.0,0.0,0.0,0.0,0.0,0.0,0.0,0.0437666200683932,0.0,0.0,0.0,0.0,0.0,0.021727029490968,0.0,0.0,0.0,0.0,0.0853857719152436,1.90989887902576,0.0,0.0,0.144229662087094,0.0597013488480657,0.0,0.0,0.0,0.0,0.166699875757087,0.0,0.0,0.0,0.0,0.0,0.0,0.0,0.0909218265934293,0.0,0.0,0.0,0.0,0.0,0.0,0.0,0.0,0.0193393056380711,0.0,0.0,0.0,0.0,0.0,0.0,0.0,0.0,0.0,0.0,0.0061235424874419,0.0,0.0,0.0,0.0,0.0,0.0,0.0,0.0114472152162297,0.0238240273202632,0.0,0.0,0.0,0.0054861701945674,0.0,0.0,0.0,0.0,0.0,0.0,0.0723829461152693,0.0094664281900098,0.0,0.0,0.0,0.0,0.0041040172082642,0.0,0.0,0.0,0.0,0.0,0.0070902269094521,0.0,0.003502112667022,0.0047575072003001,0.0,0.0,0.0,0.0,0.0,0.0,0.0,0.0,0.0,0.0,0.0,0.0,0.0,0.0,0.0,0.0,0.0,0.0,0.0,0.0,0.0,0.0,0.0,0.0,0.0,0.0,0.0,0.0,0.0,0.0,0.0,0.0,0.0,0.0,0.0,0.0,0.02826601374592,0.0,0.0,0.0,0.0,0.0,0.0,0.0,0.0,0.0,0.0,0.0,0.0,0.0,0.0,0.0,0.0,0.0,0.0,0.0,0.0,0.0,0.0,0.0,0.0,0.0,0.0084339327931015,0.0130552268093002,0.0,0.0,0.0,0.0,0.0,0.0,0.0,0.0,0.0,0.0,0.0,0.0,0.0,0.0208834515427075,0.0,0.0,0.0,0.0,0.0,0.0,0.0,0.0,0.0,0.0,0.0,0.0,0.0,0.0,0.0,0.0,0.0,0.0,0.0,0.0,0.0,0.0,0.0,0.0,0.0,0.0,0.0,0.0,0.0,0.0,0.0,0.0,0.0,0.0,0.0,0.0,0.0,0.0,0.0,0.0,0.0,0.0,0.0,0.0,0.0,0.0,0.0,0.0,0.0,0.0,0.0,0.0,0.0,0.0,0.0,0.0,0.0,0.0,0.0,0.0,0.0,0.003667745478106,0.0,0.0,0.0,0.0,0.0,0.0,0.0,0.0,0.0,0.0,0.0,0.0,0.0,0.0,0.0,0.0,0.0,0.0,0.0
TRN,0.0,0.0,0.0,0.0047516281248245,0.0,0.0038206366111896,0.0,0.0,0.0,0.0,0.0,0.0,1.51152335720492,0.0,0.0049982390367616,0.0183523497768693,0.0,0.0,0.0,0.0,0.0,0.0,0.0,0.0153927035839189,0.0143188253211004,0.0,0.0179251759103344,0.0,0.0997231063765101,0.0044632375279711,0.0,0.0050695982082458,0.0124654101282442,0.0,0.0,0.0098694692509244,0.13891077088557,0.235587962000932,0.0105975901738288,0.0048460956953649,0.0096401480116447,0.0149058906850109,0.0807905705862077,0.0,0.0275826039038467,0.0,0.0,0.0,0.0,0.0,0.0323196689194595,0.023015334751414,0.0,0.0,0.0,0.0,0.0703736444760675,0.0,0.0,0.0,0.0,0.0,0.0,0.0073992025248124,0.0,0.0961541414830243,0.0284516612177493,0.0172981303112996,0.0,0.0,0.0,0.0,0.0,0.0105568140465468,0.0956517915743352,0.0,0.0242491106756463,0.0,0.0,0.0119669034717877,0.0,0.0,0.0438184949021648,0.0313784790349723,0.0074341683722507,0.0082468627082259,0.0,0.0,0.0,0.0,0.0,0.0,0.0,0.0097787265235877,0.0067700155462277,0.0,0.017905401058862,0.0,0.272445297256202,0.00910244491705,0.0039392118056941,0.0205378237232879,0.0131918286403681,0.0175375444496812,0.0,0.0067255518232933,0.0,0.014396131017493,0.0058265615069223,0.0,0.0,0.0,0.0,0.0,0.0,0.363123401953047,0.0,0.0074963209880736,0.0356170676425149,0.0458689350598164,0.0,0.0162884598156932,0.237683820552,0.788902586951823,0.0,0.0048599060486404,0.0499882065594163,0.0,0.0,0.0,0.0,0.0,0.0,0.0,0.0570309765771687,0.0,0.345038223166267,0.355501272176807,0.366827255733842,0.0,0.019129331064937,0.0,0.0,0.0046683813870902,0.0194608537729704,0.0,0.0,0.0723709960545759,0.0,0.0045416000540276,0.0,0.0620339192757128,0.0175218880211645,0.0,0.0,0.0,0.0,0.0,0.0876658528138376,0.0121270512819106,0.0078358396275387,0.0243242944274598,0.649594494182365,0.0,0.0,0.0036194146256245,0.0231507304854791,0.0099463093367074,0.0,0.0038968879266909,0.0,0.0,0.0,0.0,0.0042894765528706,0.0036428207460192,0.0,0.0,0.0,0.0040613902881867,0.0,0.0,0.0100550259006047,0.0048226032306554,0.0,0.0,0.0,0.591167002858491,0.0,0.0,0.0069571045020165,0.0,0.0,0.0129776819964175,0.0054247504294263,0.0,0.0,0.0,0.0,0.0,0.0,0.0,0.0112329935075031,0.0,0.0,0.0,0.0,0.0287474020413029,0.0,0.0,0.0,0.0,0.0,0.0,0.0,0.0,0.0,0.0,0.0,0.0,0.0,2.42236550744899,0.0,0.0044141543784795,0.0052029816497548,0.0,0.0,0.0,0.0,0.0,0.0,0.0,0.0086186354945247,0.0108087809609481,0.0,0.0101207121341647,0.0,0.160138480159828,0.0043092822247469,0.0,0.0,0.0078196285896981,0.0,0.0,0.0035345849253043,0.059855992353084,0.670876403410476,0.0054224390793507,0.0113164625604201,0.0091014081145895,0.0077266800170625,0.0695365542559747,0.0,0.0080986869791589,0.0,0.0,0.0,0.0,0.0,0.175107633421273,0.0213905249978067,0.0,0.0,0.0,0.0,0.0855325868507722,0.0,0.0,0.0,0.0,0.0,0.0,0.0052851176766726,0.0,0.0907312333169738,0.0133043795989785,0.0157313989331375,0.0,0.0,0.0,0.0,0.0,0.004810609206314,0.0595786325559333,0.0,0.017108664367282,0.0,0.0,0.0127109655941423,0.0,0.0,0.0238541605015842,0.017998362342432,0.0040941020703116,0.0057309126410679,0.0,0.0,0.0,0.0,0.0,0.0,0.0,0.0,0.0,0.0,0.011277442631476,0.0,0.172760624250975,0.0050011177999472,0.0,0.0161476359947664,0.0120263891728331,0.0095088404479239,0.0,0.0069122759917567,0.0,0.011854747299207,0.0047936518422538,0.0,0.0,0.0,0.0,0.0,0.0,0.247743707558608,0.0,0.0069302672776143,0.0355851942215946,0.0402059177404872,0.0,0.0116976764254267,1.09548087907645,0.834300067470985,0.0,0.0063033066454874,0.0328661039481363,0.0,0.0,0.0,0.0,0.0,0.0,0.0,0.0286969779280187,0.0,1.04080586226156,0.178118745245476,0.169304120429549,0.0,0.0612060335786138,0.0,0.0,0.0,0.0110828116626003,0.0,0.0,0.237070499928302,0.0,0.0,0.0,0.0362277390590751,0.0072861944984791,0.0,0.0,0.0,0.0,0.0,0.0691665110786893,0.0,0.0034656136810613,0.017662204982465,0.967553048407188,0.0,0.0056969499010705,0.0061007508512472,0.0,0.0042686505017147,0.0,0.0,0.0,0.0,0.0,0.0,0.0,0.0,0.0,0.0,0.0,0.0,0.0,0.0,0.0054618360056907,0.0,0.0,0.0,0.0,0.0451155094614763,0.0,0.0,0.004163547384582,0.0,0.0,0.0239670712514616,0.0116711443657181,0.0,0.0,0.0,0.0,0.0,0.0,0.0,0.0080819626963909,0.0,0.0,0.0,0.0,0.0221064341383603,0.0
TRS,0.028046305470823,0.0050558100540263,0.027841930735162,0.0667274489465075,0.0,0.228309963235883,0.0,0.0,0.0,0.0,0.0096820479236348,0.0085381894205064,0.0,0.0,0.0634625958869,0.0,0.0645475258707242,0.0,0.0,0.0,0.0050715179680235,0.0182045020064475,0.0352308605994855,0.858589890668017,0.947858705721021,0.0740773394257379,1.3519680272504,0.0425237001910895,0.0,0.0,0.0,0.0,0.0079329506665355,0.0082013857232972,0.0478593817196698,0.10658416142558,0.0094808348214548,0.0,0.0,0.0,0.35837658732152,0.0941543346181556,0.0,0.016768622902602,0.0077737555160333,0.0,0.22016900507069,0.456090809065666,0.0092954536835282,0.0084659945214589,0.0,0.0,0.0,0.0038745043543129,0.0064031148996261,0.0,0.0,0.0,0.0036216470673331,0.0,0.0,0.0,0.016554880146138,0.0091170006059636,0.0,0.0,0.0226430150552607,0.0066306611475849,0.0,0.0,0.0042761673471962,0.0,0.0065184263016328,0.0449872687978541,0.303743705953098,0.0,0.0956388631330314,0.0,0.0267843062001859,0.369083517705584,0.275446934272093,0.0184930602054987,0.0,0.0526744500496527,0.0,0.0,0.333530399708017,0.0,0.0,0.0,0.0785417208067428,0.0515166787678815,0.0053219183522206,0.0,0.0040704196654118,0.304205461438234,0.255293385483397,0.0,0.0891097478367085,0.393480152592991,0.0,0.257314500635211,0.0037861348890902,0.0,0.0048463506849548,0.0,0.0,0.0,0.0,0.0,0.0083094348051244,0.0,0.0161038468137483,0.140681655767205,0.0,0.087472240148797,0.0818172452768348,0.0061159095581529,0.0150465329293862,0.0092257224389955,0.0,0.0053802248587438,0.0,0.0,0.0,0.0,0.0960613680411715,0.0088064914530973,0.0040187015082906,0.0306840574820032,0.0,0.0,0.0377485730429575,0.0,0.0104903348184942,0.0733355495902968,0.0,0.0040139887461729,0.0076144151703394,0.0,0.0,0.0924718058747603,0.0,0.0541530907698857,0.107102173408932,0.0276689431474182,0.0468538120915691,0.0,0.0405067503500075,0.0573921470587109,0.0,0.0097733558274369,0.0075096172267728,0.0067281568409604,0.0155532633166804,0.0541791498603095,0.0524733781858285,0.0430614923800643,0.0,0.0,0.205785113261063,0.16964231338793,0.0,0.0,0.0,0.006028825690082,0.0,0.0160597313115023,0.0,0.0,0.0,0.0,0.0,0.0,0.0,0.0,0.0,0.0,0.0,0.0,0.0,0.0,0.0576152953686903,0.0,0.0,0.0,0.0197935026736694,0.0,0.146016821263505,0.0315014719181746,0.185457240665142,0.0,0.0,0.0,0.0092619006506082,0.0,0.0,0.0,0.0,0.0,0.00505565691864,0.0,0.0055981608381138,0.100742302234318,0.0,0.0,0.0,0.0359447099910563,0.0,0.0093404047035755,0.0058462173014828,0.0196322576526357,0.0375231397165626,0.0,0.0189051644369312,0.0,0.0,0.0,0.0,0.0,0.0,0.0,0.0,0.0302666940383214,0.0,0.0109554441305281,0.0,0.0,0.0,0.0,0.0104114598204276,0.0144123863329897,0.045583140802475,0.686599940856618,0.0514602953805307,0.92566775349797,0.0038279054857637,0.0,0.0,0.0,0.0,0.0035268650698646,0.0,0.0088851539357755,0.0335909972882049,0.0097610101085481,0.0,0.0,0.0,0.292646849240732,0.0109992991900207,0.0,0.0082734680045141,0.0,0.0036866164103751,0.230382804810826,0.405762638826602,0.0044154722792199,0.0045189391660859,0.0,0.0,0.0,0.0,0.0,0.0,0.0,0.0,0.0,0.0,0.0,0.0,0.0043231898599856,0.0059228611206201,0.0,0.0,0.018425939458987,0.0,0.0,0.0,0.0,0.0,0.0,0.0210049223502068,0.0762626486065117,0.0,0.023871314657847,0.0,0.0138230501297173,0.318914973777102,0.0897908127106973,0.0081241677632806,0.0,0.0150789283336465,0.0,0.0,0.0215135233670884,0.0,0.0,0.0,0.0341018294316887,0.0294251468404444,0.0,0.0,0.0051181492444191,0.0137448481922641,0.0363871791298157,0.0,0.0097394779427762,0.209008947477412,0.0,0.139346316303645,0.0042532734021966,0.0,0.0,0.0,0.0,0.0,0.0,0.0,0.0039851767946344,0.0,0.0054224448497525,0.0461017269448599,0.0,0.0343824233640734,0.0533669975218377,0.0,0.0,0.0100309453309292,0.0038420883920829,0.0,0.0,0.0,0.0,0.0,0.0397709905131884,0.0044214232305571,0.0,0.0215113883341381,0.0,0.0,0.0333020621670453,0.0,0.0,0.0647258035369173,0.0,0.0,0.0,0.0,0.0,0.0145389174461157,0.0,0.0054489975481159,0.0257821953697571,0.0064223196612292,0.0,0.0,0.0100375925572355,0.0179276552788464,0.0,0.0,0.0,0.0071470598080986,0.0174081510737329,0.0408046139730907,0.0,0.0,0.0,0.0,0.12565759493935,0.0256461846690201,0.0,0.0,0.0,0.0,0.0,0.0066569547997011,0.0,0.0,0.0,0.0,0.0,0.0,0.0,0.0,0.0,0.0,0.0,0.0,0.0,0.0,0.028526162776352,0.0,0.0,0.0,0.0142198760632702,0.0,0.0806095731628561,0.0120860257947941,0.0398257137972335,0.0,0.0,0.0,0.0,0.0,0.0,0.0,0.0,0.0069735491269545,0.0098823765832335,0.0,0.0,0.0114768149952858,0.0,0.0,0.0,0.0044580991932811,0.0
TT,0.241614591816913,0.044143553284604,0.0852638376457757,1.4226231086722,0.0,0.0193176643461445,0.151700294040077,0.216912171193842,0.49035501345567,0.0,0.0,0.0,0.0,0.211991105769804,6.39548570385086,0.0,0.0047522078875572,0.0,0.0,0.0,0.0,0.241857419555555,0.324933685441435,0.126864627243205,0.0437229606041871,0.0,0.0035732385329312,0.154414750802203,0.0,0.0,0.133493777209842,0.0,0.0,0.213571213757076,0.139621211628543,0.192691375925108,0.0,0.0,0.0,0.0,0.006033860368495,0.0128536019818295,0.0,0.698277695372604,0.0,0.0521141776733079,0.294853209433686,0.0185751453797606,0.677207876128656,0.226228513315396,0.0,0.0,0.0269518230625378,0.0990027859486282,0.0,0.0,0.0,0.0053505144837147,0.0431353407505902,0.0,0.0,0.0,0.468158643708963,0.0,0.0,0.0,0.0,0.0,0.0284880643325881,0.0,0.0,0.0,0.0,0.0035888121588491,0.457815131551782,0.0,0.114885302642149,0.0,0.0049757389368841,0.261909870305785,0.0388955466355273,0.161814919148727,0.0,0.010241403926328,0.0,0.0,0.373390332504382,0.0,0.0,0.0,0.0,0.0162194313130876,4.86147693036265,0.0,0.0454022826026841,0.0172419255408633,0.0449683657139787,0.0,0.0073365994070661,0.0564197594187667,0.0,0.304736778931362,0.0,0.0,0.175269908235191,0.0,0.0,0.0,0.0,0.205768651889961,0.562069467774219,0.267730126434968,1.40029276582937,0.028850998039095,0.190155969699036,0.017870309872619,0.0,0.0,0.0036256381984883,0.0,0.0486896217942114,0.0,0.0,0.0052649493078013,0.0,0.0,0.0566117237919087,3.02691677112535,0.225695659813566,0.0070802225869868,0.0,0.0,0.0,0.0,0.0,0.0,0.0,0.0,0.0,0.0,0.0,0.0050256536630409,0.0,0.0058842182756056,0.0115011630730264,0.0,0.0076437889239537,0.0,0.0055342023793885,0.030265128839242,0.0,0.0,0.0,0.0,0.0,0.0037445674039599,0.0089697309681309,0.0,0.0,0.0,0.0200803062934988,1.20042531045599,0.0,0.0746718581047957,0.0,0.0,0.0,0.0060084937330884,0.0,0.0,0.0,0.0,0.0,0.0,0.0,0.0,0.0,0.0,0.0,0.0,0.0,0.0,0.043647939155236,0.0,0.0,0.0,0.0429892319302166,0.0,0.0050326370777054,1.98775332007143,0.0436365721696735,0.0,0.0,0.0,0.0,0.0056958173858048,0.0,0.0,0.0,0.0,0.0,0.0,0.0295634672575279,0.0,0.0,0.0,0.0,0.0213263566169271,0.0,0.0038970999574387,0.0,0.0046626441040722,0.0638268036889169,0.0,0.0,0.0053455763787425,0.0040265337724345,0.0348873431234296,0.0,0.0,0.0,0.0,0.0361418432059322,0.547574339771588,0.0,0.0,0.0,0.0,0.0,0.0,0.0,0.0035762491292029,0.0258341400800134,0.0,0.0,0.0,0.0,0.0,0.0,0.0103809842842195,0.0,0.0,0.0037975215221391,0.0,0.0071486054872995,0.0,0.0,0.0,0.0,0.006388900817377,0.0,0.0,0.0164331161779591,0.0,0.0,0.0,0.0,0.0973545675587115,0.0096220862651127,0.0,0.0,0.0,0.0,0.0,0.0,0.0,0.0,0.0,0.0,0.0,0.0,0.0203823092565443,0.0,0.0,0.0,0.0,0.0,0.0,0.0,0.0,0.0,0.0,0.0,0.0155758303908119,0.0,0.0,0.0,0.0084489280873754,0.10359191634813,0.0039770874749101,0.0,0.0,0.0042662803739598,0.0,0.0,0.0084312716590116,0.0,0.0,0.0,0.0,0.009710056460487,1.20907708431322,0.0,0.0,0.0,0.0067673538526016,0.0,0.0,0.0119023715071864,0.0,0.0330295466269672,0.0,0.0,0.0060990163300986,0.0,0.0,0.0,0.0,0.0155978994088164,0.0362591489849993,0.0082045415616335,0.0392494492135684,0.0,0.0,0.010155402786484,0.0,0.0,0.0,0.0,0.0,0.0,0.0,0.0,0.0,0.0,0.0183209548157092,0.266883214950734,0.0091319443933464,0.0049029051111256,0.0,0.0,0.0,0.0,0.0,0.0,0.0,0.0,0.0,0.0,0.0,0.0,0.0,0.0,0.0063063774247304,0.0,0.0,0.0,0.0,0.0180287287070331,0.0,0.0,0.0,0.0,0.0,0.0,0.0,0.0,0.0,0.0,0.0059303053849285,0.0232689837120076,0.0,0.0127308556548829,0.0,0.0,0.0,0.0,0.0,0.0,0.0,0.0,0.0,0.0,0.0,0.0,0.0,0.0,0.0,0.0,0.0,0.0,0.0175356783716276,0.0,0.0,0.0,0.0,0.0,0.0,0.0834706136206073,0.0,0.0,0.0,0.0,0.0,0.0,0.0,0.0,0.0,0.0,0.0,0.0,0.0043723577551187,0.0,0.0,0.0,0.0,0.0,0.0
TU,0.0100760055656671,0.0,0.0,0.0223737444001808,0.0,0.418073154265225,0.0,0.0,0.0,0.0,0.0109838239441593,0.0,0.0,0.0,0.0056806898832777,0.0193640753231242,0.0801500450020992,0.0,0.0,0.0,0.0,0.0205691210329115,0.0375450654565398,0.263730097515685,0.0178862814035988,0.0,0.0049108423132571,0.066750528603432,0.0,0.0,0.0,0.0044149826990041,0.0062631492753528,0.0068074362445186,0.0226848371851589,0.0092113830358244,0.0208728060074547,0.0,0.009209815827485,0.0,0.0085696288103623,0.164100280834394,0.0,0.0,0.0080725583120047,0.0,0.0078195302383506,0.0040208133865126,0.0,0.0,0.0,0.0,0.0,0.0,0.0142147173212021,0.0139810205421818,0.0,0.0,0.0046870512763305,0.0,0.0,0.0,0.0,0.0061563738067599,0.0,0.0,0.0065638950017943,0.0,0.0217528729290542,0.0,0.0062670356491155,0.0037040379708666,0.0037484326550055,0.0353117613083162,0.451371999203667,0.021884820232601,0.0792350627372342,0.0,0.0299183315659172,0.246657821680502,0.112579082685051,0.0,0.0,0.0207089053761857,0.0,0.0,0.114658596434436,0.0,0.0049963463441939,0.0058640054852855,0.0141296361277007,0.0341705835292374,0.0,0.0,0.0,0.180760136255149,0.206426397703742,0.0,0.123064954000931,0.0515114868755148,0.0,0.0534966046608216,0.0035522912869077,0.0,0.0,0.0,0.0,0.024026990347227,0.0,0.0,0.0,0.0,0.0052097543414073,0.0537192394045091,0.0086907136808093,0.45817357289701,0.0,0.0,0.0037385224291079,0.0179997761877073,0.0,0.0064964188956004,0.0,0.0,0.0,0.0,0.174083259008436,0.0068699652991736,0.0,0.0602383726081964,0.0,0.0060681753298832,0.0,0.0,0.0051567668292556,0.0,0.0,0.0,0.0076703404363415,0.0,0.0,0.0260838189897222,0.0,0.0562902765296579,0.0527972360797931,0.0298841683796786,0.0148577379051645,0.0,0.0641763521031651,0.0478894526779491,0.0,0.0061694960992597,0.0,0.0,0.0,0.0050410267892182,0.0198495968400963,0.0498239327394239,0.106596733063335,0.0,0.0110426100501711,0.100955876859009,0.0,0.0047173711811388,0.0,0.011931701824177,0.0,0.0326310032335906,0.0109611105618627,0.0048974243843245,0.0,0.0,0.0,0.0,0.0,0.0,0.0,0.0,0.0,0.0,0.0,0.0050462957221683,0.0470615753764779,0.0,0.0,0.0,0.0041206556363289,0.0,0.0047208378046916,0.0047039268558254,0.297596575812807,0.0,0.0,0.0,0.0,0.0,0.0,0.0,0.0,0.0,0.0,0.0,0.0266673612657231,0.491185617545734,0.0039622763280358,0.0,0.0065088392551214,0.0235779737661253,0.0,0.0,0.0,0.0,0.0,0.0,0.0571662133634779,0.0,0.0,0.0,0.0,0.0,0.0,0.0,0.0,0.0,0.0,0.0142714025763553,0.0,0.0,0.0,0.0,0.0,0.0058013076630968,0.0576246665398331,0.0,0.0,0.0,0.0173078032567531,0.0,0.0,0.0,0.0,0.0,0.0,0.0061264124780514,0.0,0.0054353274736471,0.0,0.0,0.0,0.0097940462913129,0.0132202323600628,0.0,0.0,0.0,0.0,0.0,0.0,0.0,0.0,0.0,0.0,0.0,0.0,0.0,0.0,0.0,0.0,0.0,0.0,0.0,0.0,0.0,0.0,0.0,0.0,0.0,0.0,0.0038132397386013,0.0,0.0,0.0,0.0,0.0092796622359659,0.0397142648023494,0.0036079545956828,0.007930243963132,0.0,0.0,0.0142651736656897,0.0220246245545356,0.0,0.0,0.0078007031490222,0.0,0.0,0.0138368779289868,0.0,0.0,0.0,0.0,0.0086644496464815,0.0,0.0,0.0,0.031197713047767,0.0318736356850462,0.0,0.0149212790773106,0.0120886051304702,0.0,0.0116052704259934,0.0,0.0,0.0,0.0,0.0,0.0074509801354876,0.0,0.0,0.0,0.0,0.0038417138134802,0.0058845531759015,0.0,0.135584059043128,0.0,0.0,0.0,0.0,0.0,0.0,0.0,0.0,0.0,0.0,0.0466875314614457,0.0,0.0,0.0198862531534119,0.0,0.0,0.0,0.0,0.0,0.0,0.0,0.0,0.0,0.0,0.0,0.0065237710641352,0.0,0.0118223829021695,0.0166380989927114,0.0056300224870831,0.0063880013364874,0.0,0.0310509595695654,0.0182759452309122,0.0,0.0,0.0,0.0,0.0,0.0,0.0,0.0056747620686311,0.0339082372531596,0.0,0.0,0.0133756813125854,0.0,0.0,0.0,0.0,0.0,0.0090517593885607,0.0,0.0,0.0,0.0,0.0,0.0,0.0,0.0,0.0,0.0,0.0,0.0,0.0,0.0,0.015973809021879,0.0,0.0,0.0,0.0,0.0,0.0,0.0,0.0466633291695209,0.0,0.0,0.0,0.0,0.0,0.0,0.0,0.0,0.0,0.0,0.0,0.0,0.0306586450942057,0.0,0.0,0.0,0.0040604038182347,0.0
V,0.0,0.0,0.0,0.0,0.0,0.0,0.0,0.0044507149086292,0.0,0.0060044306986642,0.0,0.0,0.55601664154313,0.0,0.0,0.0329281518710874,0.0,0.0,0.0,0.0,0.0,0.0,0.0034702489725504,0.0,0.0,0.0,0.0,0.018986205915881,0.0934656066916827,0.0,0.0,0.0035702536874981,0.0059462004014615,0.0,0.0,0.0052988089951024,0.13109119150431,0.170336855604626,0.0630536041923888,0.440208922663889,0.0,0.0,0.0119028609602828,0.0,0.0066595444194962,0.0,0.0,0.0,0.0,0.0,0.120464537412326,0.0353447337939404,0.0,0.0,0.0,0.0,0.274412692954647,0.0,0.0,0.190817821893626,0.151690836686135,0.203363721869909,0.0,0.0059038057033741,0.0,0.0509455392728298,0.0335520755989562,0.307582047618495,0.0,0.066458327672829,0.0,0.0,0.0,0.0,0.0129529843836149,0.0053615940395517,0.0,0.0253739501232746,0.0,0.0,0.0,0.0,0.0340985956007411,0.009481237937551,0.0992252921197927,0.0757851313964779,0.0,0.0,0.0071802471201295,0.0,0.0,0.0,0.0,0.0,0.0,0.0,0.0,0.0,0.470284812658737,0.0,0.318145327766913,0.0,0.014670893683493,0.149207177060235,0.0,0.0214556020927329,0.0,0.014041058740289,0.0516018430289036,0.0,0.0,0.0,0.0038914478129863,0.0,0.0,0.346266661107536,0.0,0.308049894936674,0.524652756079568,0.0414449439160451,0.0,0.0175530299572587,0.10110514634819,0.0221587655769069,0.0359554247553895,0.0780679546949357,0.0114010932120087,0.0056516842747892,0.0,0.0,0.0061749099590406,0.012279425069845,0.0,0.0,0.144070276374708,0.0,0.240060700576825,0.372460300656631,0.620859993634028,0.0230323150832977,0.576084731258569,0.0,0.0,0.0,0.0050338770961272,0.0,0.0,0.028856231443551,0.0,0.0036033009799583,0.0046429732374404,0.0464754439515119,0.004050488288901,0.0,0.0,0.0,0.0,0.0,0.241135243553727,0.010954164082767,0.0,0.0101780583096191,0.144607661978954,0.0,0.0,0.0054505212932694,0.111387820367619,0.0094592104528864,0.0049409370537007,0.0096118788810897,0.126254029460041,0.0872668481714028,0.117972721268575,0.104831203146596,0.0,0.0,0.0,0.0,0.0,0.0,0.0034765681383083,0.0,0.0,0.199798105030457,0.0646578211102503,0.0,0.0,0.0410092856644432,0.0,0.0,0.0041559578817616,0.102202406940279,0.0044613129853363,0.364003800779167,0.135559075905165,0.0,0.0,0.0,0.0,0.0,0.0,0.0,0.01695506359394,0.0,0.0036419061531689,0.0070786979272801,0.016379818606617,0.0036993815612847,0.0319888716457556,0.0,0.0,0.0,0.0,0.0,0.0,0.0,0.0,0.0,0.0,0.0,0.0,0.138011175826838,0.0,0.0,0.041513163691971,0.0,0.0,0.0,0.0,0.0,0.0,0.0069501807917752,0.0,0.0,0.0,0.0,0.0165838168451864,0.0372039925450192,0.0056179367840887,0.0,0.0034524984232963,0.0061879462129513,0.0052322891526044,0.0,0.0044312574203816,0.104929778940372,0.0310381031684378,0.0095870002905117,0.0104942127887715,0.0134069367629168,0.0,0.0,0.0,0.0,0.0,0.0,0.0,0.0,0.0,0.0139798409426394,0.0132860614337016,0.0,0.0,0.0,0.0,0.157053117150807,0.0,0.0,0.047590696190929,0.0245021123095775,0.0760437770872647,0.0,0.0047720790398465,0.0,0.0062497617546097,0.0174143853329934,0.101007424888141,0.0,0.037068379283674,0.0,0.0,0.0,0.0,0.030078984380601,0.007543747685853,0.0,0.0096891406235158,0.0,0.0,0.0,0.0,0.0419614223582297,0.0096698836152384,0.0248940081698046,0.0198541738698388,0.0070873035586606,0.0,0.012358273512362,0.0,0.0,0.0,0.0,0.0,0.0,0.0,0.0,0.0,0.469489154659589,0.0,0.276255420326167,0.0,0.0054570858681407,0.107165426453264,0.0,0.0065330936278727,0.0,0.0152503472388675,0.021857962529454,0.0,0.0,0.0,0.0047792896858751,0.0,0.0,0.263370013768208,0.0,0.117070092305843,0.0860382167740632,0.0121972096528469,0.0,0.0337690007673275,0.0179593679915944,0.0096329438432503,0.0103485031964331,0.0306684002542685,0.031161511325804,0.0,0.0,0.0,0.0658131252622433,0.0056414709007853,0.0,0.0,0.0545219508020796,0.0,0.0575870366261815,0.265604918629975,0.337568193074021,0.0089788951106186,0.0472259515396663,0.0,0.0,0.0,0.0039246803953541,0.0,0.0,0.0142075878664721,0.0,0.003656335451643,0.0,0.113961953775769,0.0167185239957239,0.0,0.0,0.0,0.0052183195115368,0.0,0.257631082012297,0.0057136183617339,0.0,0.0088654025506863,0.0405937290628364,0.0037121719373921,0.0,0.0,0.0546327211227089,0.00938802684834,0.0071746857432523,0.0281976856181755,0.123866596273912,0.0085685754761408,0.0171204929789717,0.0340831879011235,0.0,0.0,0.0,0.0,0.0,0.0,0.0,0.0,0.0,0.0392953721925946,0.0214603213468432,0.0,0.0,0.0397820469203084,0.0,0.0,0.0,0.0319308553070856,0.0075355853711717,0.0265443753864529,0.0325695020561789,0.0,0.0,0.0,0.0,0.0,0.0,0.0,0.0328417090648222,0.0,0.0550613637018363,0.271625337912753,0.0333715626406484,0.0351478181608875,0.0229247226851904
VAL,0.0,0.587159997625703,0.300578900635019,0.155867569537998,0.0425809098399665,0.0,0.201627209326843,0.0090341672795448,0.0300966499137598,0.0,0.0527141674018456,0.0345710015450107,0.0,0.0047264537522274,0.0120238745871963,0.0119297943110712,0.0,0.0262027595608095,0.0,0.0,0.218010813154081,0.0280741416411628,0.0042417215155643,0.0297767904688962,0.0048758477018446,0.0,0.0,0.0166166910761173,0.0,0.177569342912992,0.0157365103901488,0.0,0.0985545480112431,0.0,0.0,2.6854366318075,0.0,0.0,0.0,0.0,0.0145297413429211,0.0,0.0,0.0079399341456026,0.0,0.0089198761478603,0.0172451105870073,0.0223816261089565,0.0,0.0,0.0,0.0,0.0828085269641959,0.0,0.146756459091602,0.0295031933569921,0.0081379007729694,0.0706148133369404,0.0,0.0,0.0,0.0,0.0386745773786013,0.0234224690297809,0.0,0.0,0.0,0.0,0.0070775835767947,0.0,0.127896396329527,0.0,0.0052445992476517,0.0280781754083769,0.0244717737693007,0.0940049599727644,0.0,0.0,0.0,0.0064049111630446,0.0,0.0,0.0073369127991754,0.50662286576902,0.0,0.0,0.0,0.0,0.0,0.0,0.0,0.0,0.0164315074637142,2.51225417736017,2.11913140307307,0.0,0.0,0.0,0.112687663271982,0.0,0.0,0.0,0.0,0.0,0.0,0.0,0.0,0.0060358669165871,0.0,0.10543163577815,0.0503213273532225,0.0452117594988055,0.0176210670856162,0.0,0.0,0.0454506175574524,0.0067052465301998,0.0,0.0036203841406507,0.0,0.0,0.251948462570022,0.0037214982371235,0.0,0.0,0.0,0.0065059415150625,0.0058176964885008,0.263326099428584,0.0,0.42672629833133,0.0,0.163812304328638,0.0,0.0077956063685751,0.0522789072299968,0.0,0.0248614881949938,0.0449398742156647,0.0,0.0,0.0158339851193941,0.204856122611271,0.0,0.0144398472852833,0.0,0.0,0.0,0.0,0.0071658602055092,0.014590827915995,0.0203041102252985,0.004598229847078,0.164793897642062,0.265494575100173,0.629640781503633,0.63990321564093,0.0,0.0193718162162811,0.0,0.0,0.0501822759750536,0.0,0.0498220051725953,0.0108002794735874,0.0404320743313194,0.0,0.0061032161896212,0.0,0.0078630073169997,0.0,0.0,0.0,0.0,0.355130701669614,0.601881119081245,0.700492312059622,0.111084890009156,0.266554871264343,0.715241752118375,0.472414169005372,0.0082587378668372,0.0,0.0,0.0,0.009619635725751,0.0,0.0148747447805283,0.0,0.0035969162627601,0.0,0.0,0.735269828149455,0.0,0.0,0.0303429037244255,0.0141069968864255,0.0419729963748792,0.0068760881731589,0.0531393157663088,0.005601591207521,0.0195339349785772,0.440539206786628,0.0,0.225613890221056,0.289306094475815,0.057533392470877,0.0108748737443892,0.0,0.0,0.0,0.0,0.0,0.0,0.0,0.0,0.0,0.0,0.0,0.0,0.0,0.0,0.0,0.0,0.0,0.0,0.0,0.0,0.0,0.0,0.0,0.0,0.0,0.0,0.0,0.0,0.0,0.0,0.0,0.0,0.0,0.0384650782915736,0.0,0.0,0.0152566452238362,0.0,0.0,0.0,0.0,0.0099249508233533,0.0,0.0,0.0,0.0,0.0,0.0,0.0,0.0,0.0,0.0,0.0,0.0,0.0,0.0,0.0,0.0,0.0,0.0,0.0,0.0,0.0,0.0,0.0091665967963804,0.0,0.0,0.0,0.0,0.0,0.0,0.0,0.0,0.0,0.0,0.0,0.0,0.0,0.0,0.0,0.0,0.0,0.0,0.0,0.0538917582814259,0.0,0.0,0.0,0.0,0.0,0.0,0.0,0.0,0.0,0.0,0.0056301306112649,0.0,0.0,0.0,0.0058591099520928,0.0,0.0,0.0,0.0,0.0,0.0,0.0,0.0,0.0,0.0,0.0,0.0,0.0,0.0036073241144831,0.0,0.0,0.00390448946655,0.0,0.0,0.0,0.0,0.0,0.0261735749043838,0.0044176505868994,0.0,0.0,0.0,0.0,0.0,0.0,0.0,0.0040004092786248,0.0,0.0,0.0,0.0,0.0,0.0,0.0,0.0046730717059563,0.0,0.0,0.0,0.0,0.0,0.0,0.0,0.0,0.0,0.0,0.0,0.0074406881046507,0.0,0.0,0.0,0.0,0.0038911744384096,0.0,0.0,0.0,0.0,0.0,0.0,0.0,0.0051268483224135,0.0,0.0,0.0,0.0,0.0,0.0,0.0,0.0,0.0,0.0,0.0,0.0,0.0,0.0,0.0,0.0,0.0,0.0,0.0,0.0,0.0,0.0,0.0,0.0,0.0,0.0,0.0,0.0,0.0099405906934171,0.0,0.0,0.0,0.0,0.0,0.0,0.0,0.0,0.0,0.0035090075140511,0.0,0.0,0.0,0.0,0.0,0.0
VCO,0.0,0.0,0.0,0.0,0.0,0.0,0.0075448907949755,0.0,0.0043463892441689,0.0,0.0,0.0,0.0194852388130883,0.0,0.0,0.0,0.0,0.0,0.0,0.0,0.0,0.0,0.0,0.0,0.0,0.0,0.0,0.0,0.0,0.0,0.0,0.0,0.0,0.0,0.0159267614063153,0.0,0.0,0.0050743373188134,0.0,0.508750088794873,0.0211864561917159,0.0,0.0,0.0,0.0,0.0,0.0,0.0064342460294086,0.0,0.0,0.230903148870793,0.0,0.0,0.0,0.0,0.0,0.0258357353510425,0.0041381088246758,0.0,0.0,0.0037345482795593,0.0,0.0,0.0,0.0054356390979568,0.0,0.0,0.0398844557802804,0.0,0.0430353127298082,0.0,0.0,0.0,0.0,0.0,0.0,0.0,0.0302445873983411,0.0,0.0,0.0,0.0,0.0,0.0,0.0246896998553973,0.0059437199178016,0.0,0.0,0.0,0.0,0.0,0.0,0.009497328857785,0.0,0.0,0.0,0.0,0.0,0.0092808447511806,0.0,0.101671922804009,0.0132374497390534,0.0,0.0268227581330244,0.0,0.0,0.0,0.0,0.0114603969961228,0.0,0.0,0.0,0.01872043336021,0.0,0.0,0.0,0.0,0.0565297855885473,0.0312019587843346,0.0,0.0,0.0,0.0,0.0510544697693128,0.0,0.0470559419110869,0.0,0.0196741020058074,0.0,0.0,0.0,0.0,0.0039180224891633,0.0,0.0062109469528564,0.0,0.0147373851873179,0.336107857285197,0.0376318560733911,0.0,0.044353201613791,0.0,0.0,0.0,0.0,0.0,0.0,0.0,0.0,0.0,0.0,0.0,0.0,0.0,0.0,0.0,0.0,0.0,0.0069032193353519,0.0041610543807669,0.0,0.0,0.012094733139099,0.0,0.0,0.0062780537521792,1.04167228925222,0.0,0.0040322217116847,0.0040436631458765,0.0313781728488746,0.0130035756335088,0.0215084701938085,0.0215674151025055,0.0040545700441052,0.0,0.0,0.0,0.0,0.0,0.0094898853095069,0.0,0.0,0.0,0.0407166128996045,0.0,0.0,0.0173184305327332,0.0,0.0045973290682835,0.0043932128406072,0.0067892977417602,0.0,1.6166090351691,0.0857705252633334,0.0092865470164825,0.0,0.0,0.0,0.0,0.0,0.0,0.0,0.0,0.0,0.0,0.0,0.0,0.0,0.0,0.0,0.0151216598621385,0.0,0.0,0.0,0.0,0.0038307703840372,0.0,0.0,0.0,0.0,0.0055835750543764,0.0,0.0,0.0,0.0,0.0,0.0,0.0,0.0,0.0,0.0,0.0,0.0,0.0,0.0064298930819698,0.0,0.0090407233805685,0.0,0.0,0.0,0.0,0.0,0.0090734173329961,0.0,0.0,0.0069288736611943,0.0370741224034902,0.0363599807094343,0.101109702490517,0.0,0.0,0.0,0.0,0.0,0.0,0.0095775601663814,0.0,0.0,0.0074842264809735,0.0,0.0,0.0,0.0,0.0,0.0301839182499899,0.0,0.0,0.765006175106336,0.220838584898231,0.485091627980785,0.0,0.0,0.0069956996475629,0.0,0.0,0.0262943857348667,0.0,0.0,0.0,0.0,0.0,0.0,0.0,0.0,0.0,0.0257558184626953,0.0,0.0,0.0,0.0,0.0047555612540537,0.0,0.0078550423207617,0.0088370634353367,0.0103379751172575,0.0,0.0,0.0,0.0,0.0,0.0152551043633258,0.0,0.0037222749597931,0.0,0.0,0.0,0.0544306614796023,0.0,0.0,0.016876275863692,0.0,1.47095910105802,0.0,0.0,0.0,0.0,0.0,0.0,0.0049091674342922,0.0,0.0338432000565069,0.0,0.0,0.0082146312634434,0.005853845161504,0.0320682393725859,0.009437254419268,0.0,0.0,0.0,0.0098763495563733,0.0198806191133844,0.0,0.0361299936439841,0.0,0.0181342855126463,0.0041009005845946,0.0,0.0,0.0,0.0197456816426413,0.0,0.0,0.0072400199182242,0.0041673433721298,0.491734257794506,0.117682075366302,0.0,0.0351459161281589,0.0,0.0,0.0,0.0,0.0,0.0,0.0,0.0,0.0,0.0,0.0057851796893458,0.0,0.0,0.0058434641989021,0.0075624516074394,0.0,0.0,0.0268273402068807,0.0,0.0,0.0,0.0,0.0,0.0,0.0034788970025622,0.894248735355114,0.0,0.0,0.0,0.0,0.0038287006730514,0.0106543012637047,0.0210458044208625,0.0,0.0,0.0,0.0,0.0,0.0,0.0085889790160465,0.0,0.0,0.0,0.0,0.0,0.0,0.0463619681219408,0.0,0.0191466705806981,0.0,0.0,0.0,0.120374278464147,0.033174727430937,0.0,0.0,0.0,0.0,0.0,0.0,0.0,0.0,0.0,0.0,0.0,0.0,0.0,0.0
VII,0.0,0.0,0.0,0.0,0.0,0.0,0.0,0.0,0.0,0.0088107680789269,0.0,0.0,0.0154229007115362,0.0,0.0,0.0177051033093642,0.0,0.0,0.0,0.0,0.0,0.0,0.0,0.0,0.0,0.0,0.0,0.0,0.0159650369559011,0.0,0.0,0.0,0.0,0.0,0.0,0.0,0.0055054860785776,0.017715252197819,0.0047348681746384,0.0,0.0036657866299746,0.0,0.0,0.0,0.003843085855559,0.0,0.0,0.0,0.0,0.0,0.0055798948468177,0.0,0.0,0.0,0.0,0.0,0.738389086010643,0.0,0.0,0.0,0.0,0.0,0.0,0.0,0.011605211098463,0.0,0.0,1.16751701392519,0.0,0.0056535188414073,0.0,0.0,0.0,0.0,0.0090168084645658,0.0,0.0,0.0600614329634717,0.0,0.0,0.0,0.0,0.127614655358965,0.004884062102803,0.153623258323734,0.213504016185532,0.0,0.0,0.0,0.0,0.0,0.0,0.0,0.0,0.0,0.0,0.0,0.0,0.161919799663489,0.0,0.0569015991968985,0.0037155923989639,0.0,0.0,0.0,0.0,0.0,0.0041078807054838,0.0584370551488386,0.0,0.0,0.0,0.0,0.0,0.0,0.0931292075418437,0.0,0.659650370145081,0.117511571363489,0.0085389551363765,0.0,0.0071848804658409,0.0036171489708463,0.0034775581404881,0.0354310436909279,0.237102017588955,0.0049190064668865,0.0,0.0,0.0,0.0,0.0,0.0,0.0,0.0454218846916876,0.0,0.0057401155443269,0.343779527328446,0.100721208427497,0.0081081734153346,0.0261584878794781,0.0,0.0,0.0,0.0,0.0,0.0,0.0,0.0,0.0,0.0,0.0251765360744179,0.0,0.0,0.0,0.0,0.0,0.0,0.0394228890378992,0.0,0.0,0.0,0.0124616812399509,0.0,0.0,0.0,0.0234423025248868,0.0,0.0,0.0,0.018315447353832,0.048791474478622,0.0448651855647381,0.100132271777267,0.0,0.0,0.0,0.0,0.0,0.0,0.0,0.0,0.0,0.0707560955187479,0.0,0.0,0.0,0.0096593939586564,0.0,0.0,0.0049006507494791,0.0929195892612173,0.0,0.0037795081339759,0.484224540163766,0.0,0.0,0.0,0.0,0.0,0.0,0.0,0.0,0.0,0.0,0.0,0.0,0.0,0.0672231734306531,0.0,0.0,0.0,0.0,0.0,0.0,0.0,0.0,0.0,0.007598464212266,0.0,0.0,0.0066016470340433,0.0,0.0,0.0193148211490391,0.0,0.0,0.0,0.0,0.0,0.0,0.0,0.0,0.0,0.0,0.0,0.0,0.0114629417689104,0.0037208101827431,0.0,0.0,0.0,0.0,0.0,0.0,0.0,0.0101850966619389,0.0062527509246559,0.0045133180832188,0.0118057989722586,0.0,0.0,0.0,0.0,0.0,0.0,0.0,0.0,0.0,0.0042386671003741,0.0,0.0,0.0,0.0,0.0,0.330818973564779,0.0,0.0,0.0,0.0,0.005157745088072,0.0,0.0,0.0058938098060438,0.0,0.0,0.483297134101183,0.0,0.0109279959156786,0.0,0.0,0.0,0.0,0.0069956436253922,0.0,0.0,0.0165774001829909,0.0,0.0,0.0,0.0,0.0393084373674459,0.0041120776158331,0.0861979210289297,0.080540276680335,0.0,0.0,0.0,0.0,0.0,0.0,0.0,0.0,0.0,0.0,0.0,0.0,0.107795886461084,0.0,0.051623910311847,0.0040339791537296,0.0,0.0067482158383482,0.0,0.0,0.0,0.0045470095280395,0.0402494863112194,0.0,0.0,0.0,0.0046820887419004,0.0,0.0,0.0848002780359347,0.0,0.19986293879077,0.0504833691716257,0.0,0.0,0.0085644882046081,0.0,0.0041786949799729,0.0195729723155226,0.0690357704329752,0.0056732912186074,0.0,0.0,0.0,0.0,0.0,0.0,0.0,0.0194488041140028,0.0,0.0,0.197358782225698,0.062341447523955,0.0043465299643158,0.0068609980892394,0.0,0.0,0.0,0.0,0.0,0.0,0.0,0.0,0.0,0.0,0.0202975627634607,0.0,0.0,0.0,0.0,0.0,0.0,0.0793433798071671,0.0,0.0,0.0,0.0059683342738033,0.0,0.0,0.0,0.0110729017575757,0.0,0.0,0.0,0.0140787495020804,0.0155954655602884,0.0226416787118507,0.0188326234093785,0.0,0.0,0.0,0.0,0.0,0.0,0.0,0.0,0.0,0.0447736989559057,0.0039862336765031,0.0,0.0,0.0084212149182321,0.0,0.0,0.0,0.0602494353606267,0.0,0.0045991203313225,0.068088607557102,0.0,0.0,0.0,0.0,0.0,0.0,0.0,0.0,0.0,0.0,0.0,0.0,0.0,0.0496227773657179
VISC,0.05017485406253,0.0347894547072958,0.0,0.388322692005769,0.0,0.0,0.990988364691569,1.51318829314436,0.170629893374585,0.0,0.0,0.0,0.0,0.0,0.0775853760654211,0.0151278109363735,0.0,0.0425244636837889,0.0478216001301282,0.112316800075838,0.0,0.433970636267649,0.185409782492482,0.0856233173711282,0.0108069382236631,0.0,0.0,0.449251107163348,0.0,0.0244669138701655,0.128440192749382,0.0,0.0369646841294019,0.0626533984030749,0.0230766314236604,4.37545031297374,0.0,0.0,0.0090286695607735,0.0,0.008964135336654,0.005492596098291,0.0,0.031396858497668,0.0,0.762929849445518,0.374293170597332,0.0136683349967178,0.231851220581763,0.130299668474901,0.0,0.0,0.103420604619635,0.133164782038908,0.189509368464002,0.0262685485081913,0.0038546776654289,0.907781827818484,0.0214870034856328,0.0,0.0,0.0060658683714058,0.0320573613848988,0.0379644277281051,0.0,0.0,0.0,0.0058581932477802,0.155860413373771,0.0,0.0,0.0,0.0,0.0,0.0659324410764881,0.0218319331870684,0.0081296107745036,0.0,0.0,0.0,0.0,0.0040438119319949,0.0046559272848313,0.0819249799431316,0.0,0.0,0.0766308631851421,0.0,0.0164452189160106,0.0042116284872424,0.0,0.0,0.0138944648886855,1.18257418354838,1.17643464322273,0.0,0.0,0.0,0.242071842031385,0.0,0.0,0.0081033236040008,0.0,0.0,0.0119857728395573,0.0,0.0,0.0,0.007477100342102,0.180256706814425,0.0222267102163701,0.0298158279134421,0.0809332899728381,0.0083217205547048,0.0550170359930066,0.130802294034412,0.0,0.0141339925399253,0.0741926776702871,0.0035758987266736,0.164880002516077,0.0726702322013177,0.0,0.0413346380682772,0.0,0.0,0.011723004118606,0.46111163745414,0.094626497241109,0.0,0.312449727018207,0.0136404529862697,0.0051709162042381,0.0041231887455417,0.0287882085553326,0.0,0.0,0.0061235982479119,0.0163175507483042,0.0,0.0,0.0,0.0120118351434289,0.0,0.0356226493224269,0.0,0.0,0.0,0.0,0.0122105631094344,0.0135997791507091,0.0038255381706985,0.0076916977208449,0.0058536116543975,0.0039834661205112,0.0,0.0494453785326838,0.0,0.0831545823269206,0.0047447937718059,0.0,0.181647895125297,0.0,0.0227195080430621,0.008230565750901,0.102094820631792,0.0,0.0223082877627989,0.0046022725465383,0.0244778273250949,0.0,0.0,0.0,0.0,0.261099184086429,0.0289118221204212,0.96883993433086,0.429393077253724,0.0066772844119961,0.24276749233518,2.60671476765378,0.0,0.0,0.0,0.0,0.572273563856317,0.138541148221285,0.0200463454532176,0.0,0.0398946815852697,0.0115448572456687,0.0,0.0277257620778995,0.0,0.0,2.04082043112444,0.0048045278151111,0.0,0.0037119511816118,0.0178621827040642,0.0,0.0,0.0572740855113059,0.0,0.072183712385998,0.124621836068719,0.128511486838652,0.0178495388462453,0.0,0.0,0.0,0.0,0.170839896299594,0.0,0.0,0.221365102410672,0.225789264889635,0.0119596224442406,0.0,0.0,0.0,0.0,0.0,0.0049798146546997,0.0,0.0,0.0064973696910977,0.0071097653727789,0.0086634779096752,0.0,0.0808337652258852,0.0,0.0371078635783407,0.0034459403920723,0.0,0.0,0.0762972758203602,0.0,0.0,0.0151993461802083,0.0,0.0239982841112365,0.0,0.0057205714591059,1.91207993792711,0.0,0.0,0.0,0.0,0.0339063963866015,0.0,0.0,0.0059196539353892,0.0,0.0652075640188291,0.0625202900947384,0.0041711344686364,0.0523145668665927,0.0283770060999886,0.0,0.0,0.0147896373799564,0.0375517472059702,0.0051611049963204,0.0,0.0120504036225971,0.165468513437193,0.0,0.0,0.0,0.0,0.0036200326758529,0.0237666807733737,0.0,0.0,0.0,0.0175204277474812,0.0103260042921567,0.0,0.0,0.0,0.0,0.0,0.0,0.0,0.0,0.0,0.0,0.0,0.0,0.0,0.0049300738492096,0.0513070467024346,0.0255777647819267,0.0,0.0080336043399008,0.0,0.0,0.0,0.0,0.0041388622050391,0.0058400018788447,0.259208103506673,0.209168675189084,0.0,0.0,0.0,0.0063507423842809,0.0,0.0,0.0063626226688984,0.0,0.0,0.0,0.0,0.0,0.0,0.0165167571730962,0.009582426576925,0.0,0.0,0.0331733771981377,0.0,0.004710352384221,0.0302270215775509,0.0,0.0425939702510372,0.0107282533646279,0.0,0.0292311283809479,0.0165733324996624,0.0,0.0128537710143034,0.0,0.0,0.0040993144411439,0.0643142485358975,0.0067442504833626,0.0,0.0114104882729881,0.0,0.0069365931935407,0.0,0.0,0.0,0.0,0.0165100160212048,0.0,0.0,0.0048932502140847,0.0,0.0,0.0,0.0240635208013138,0.0,0.0,0.0,0.0,0.0109972822888692,0.0083202252614322,0.0,0.0,0.0,0.0035952673807525,0.0,0.0,0.0,0.0,0.0,0.0,0.0153563868113977,0.0,0.0170895873865779,0.0,0.0,0.0,0.0093757842599907,0.0,0.0,0.0,0.0106680341937717,0.0102070614469023,0.0126906433825486,0.047148132006746,0.0,0.220587531141703,0.0763983709818579,0.0,0.0310679854536016,0.529381085533073,0.0,0.0,0.0,0.0,0.0414333639087893,0.0368944454758116,0.0,0.0,0.0166937257132705,0.0035265939868772,0.0,0.0,0.0,0.0,0.418516379846131,0.0,0.0,0.0,0.0055152226307365,0.0,0.0,0.0208678046178206,0.0,0.0,0.0,0.0610940686406592,0.0,0.0
VISal,0.0,0.464097936204235,0.103101541555045,0.0132908269759512,0.0058944204257475,0.0,0.0118809311910394,0.009644218975257,0.0117849623775883,0.0,0.0052661366669383,0.003837836487434,0.006571199931882,0.0,0.0,0.617441865248461,0.0,1.71128837591318,2.11940251238435,0.678836489823849,0.0237014506991975,0.0,0.0,0.0,0.0083133738725201,0.0,0.0044261828038027,0.0,0.0038446738255563,0.0337575566054646,0.0309130639910472,0.0,0.0,0.0,0.0,4.16025994229523,0.0054497941972294,0.004178449477714,0.0231712083965134,0.0,0.0470862916856761,0.0,0.0,0.006390541044681,0.0,0.0760421426784002,0.201320038576327,0.103124995149985,0.0059827689566587,0.0,0.0,0.0,0.0,0.0,0.03791366397281,0.0,0.0067395027223129,0.0048396267652803,0.0,0.115249931135376,0.236456454461436,0.67932570056344,0.0045161056371523,0.0,0.0,0.0,0.0,0.0,0.0164925052645592,0.0,0.480353459951523,0.403592437491259,0.227514779912602,0.0084501317608982,0.0041954440658258,1.12029393798407,0.0,0.0,0.0,0.0,0.0,0.0,0.0060334929534989,0.0055962176359545,0.0,0.0,0.0,0.0883193394626775,0.103083917617557,0.174508119828807,0.0,0.0,0.0073102640560978,0.165678124550585,0.545831239306031,0.0,0.0,0.035623734961635,0.387140184162811,0.0,0.0,0.0034822093959149,0.0,0.0099692373989404,0.0,0.0,0.140569231010805,0.0351170575189601,0.0,0.0790471727975613,0.0243311461567905,0.222017090754764,0.009527629413899,0.0,0.0,0.214578003261241,0.027996805206908,0.0,0.0065436821602709,0.0059747054174081,0.0288817952432475,0.0378502838615186,0.0170211576567306,0.135675562179624,0.0,0.0,0.0078219618915236,0.01618193612135,0.0247510226750295,0.0,0.106259911655436,0.1208666223511,0.0998671038118347,0.0396042319310335,0.0408353891282032,0.0150566127909783,0.0066256501378292,0.0224761112050759,0.0808806909599287,0.0,0.0,0.0,1.71562848609669,0.0,0.0,0.0,0.0,0.0,0.0,0.0087251069225047,0.0,0.015547395750066,0.0,0.568924439882744,0.681193745654364,0.182433938378251,0.280707601513916,0.0,1.86725849743772,0.521551482841018,0.0,0.0,0.0035082487574456,0.0065680934437555,0.0,0.144592429425296,0.0051545942487567,0.0,0.0054438293648911,0.0243261679797111,0.0,0.0,0.0,0.0,0.997153822131463,0.12406624729344,0.0056710692401145,0.0067093821595393,0.378367839631383,0.0677973939371621,0.95544849782974,0.0,0.0,0.0,0.0,1.32461275446791,0.0,0.0920916771664609,0.0,0.0046694741320747,0.0035956412871746,0.0,0.0433280139677816,0.0,0.0,0.0270135024502332,1.78989092148147,0.817961721659369,2.03451069466846,4.74838647166398,0.32476520001222,0.760193215555559,0.0246943251931898,0.0,0.130642711161864,0.138020768248182,0.004270366117214,0.0,0.0,0.0,0.0087717467880077,0.0,0.0,0.0,0.0,0.0,0.0,0.0,0.0,0.0,0.0,0.005925626042494,0.0,0.0,0.0,0.0,0.3882031183682,0.440778721499545,0.1227327078501,0.0,0.0,0.0,0.0,0.0,0.0,0.0,0.0,0.0,0.0,0.0,0.0,0.0,0.0,0.0,0.385610803799141,0.0,0.0,0.0,0.0,0.018398085311625,0.0,0.0,0.0,0.0,0.0135506631400445,0.030052654121644,0.0097679064014439,0.0,0.0,0.0,0.0,0.0,0.0,0.0,0.0,0.005568761232139,0.0,0.0,0.0,0.0053514437379985,0.0,0.0,0.0,0.0,0.0,0.0,0.0,0.0,0.0,0.0,0.0,0.0,0.0,0.0,0.0,0.0,0.0,0.0,0.0,0.0,0.0,0.0037148960345562,0.0,0.0043951158327968,0.0,0.0040529968585546,0.0,0.0,0.0,0.0,0.0,0.0068017722149227,0.0077749734816125,0.0185418172470664,0.0,0.0,0.0,0.0044291040635585,0.0,0.0042246258637728,0.0038246836758105,0.0,0.0,0.0,0.0,0.0,0.0,0.0,0.0125712153383701,0.0,0.0212828660545244,0.0100701745745244,0.0,0.0,0.0151330989194316,0.0,0.0034632224089155,0.0,0.0,0.0051421845346232,0.0,0.0377826638191767,0.0,0.0,0.0,0.0,0.0044097944971758,0.0,0.0,0.0,0.0,0.0098185937876114,0.0,0.0,0.0,0.004246106287762,0.0114987524327669,0.0,0.0,0.0044224416452831,0.0,0.274935284393886,0.0,0.0,0.0,0.0,0.0,0.0,0.0,0.0,0.0,0.0,0.0841544806196635,0.0712238380842612,0.0172663941348991,0.0,0.0,0.0196557280356733,0.0,0.0,0.0,0.0,0.0,0.0,0.0,0.0,0.0,0.0,0.0,0.0,0.0059677029549493,0.0081917618174675,0.0,0.154217653541177,0.0103889834746441,0.0,0.0,0.0630398642933324,0.0041811515290614,0.20816829382263,0.0,0.0,0.0,0.0,0.254888276657481,0.0,0.0,0.0,0.0047308861676201,0.0,0.0,0.0,0.0,0.0,0.0,0.200856511909585,0.158197135059791,0.293157628321995,0.541235519632652,0.0335350741259765,0.122824405508634,0.0,0.0,0.0,0.0,0.0,0.0,0.0
VISam,0.0,1.61407760764281,0.65763466279188,0.0232642064125659,0.0560480937547495,0.0,0.0090442469825897,0.0037762347231201,0.0132836551470878,0.0,0.0987932293108086,0.0726070726680482,0.0,0.0038053394791707,0.0090386429805298,0.71795077901581,0.0,0.397096976019519,0.234220648571477,0.0845639050876131,0.157729039997573,0.0,0.0,0.0,0.0079432174871894,0.0,0.0120667078971483,0.0,0.0,0.154001793899701,0.0384205455292807,0.0,0.0100251724906223,0.0,0.0,5.28789309096478,0.0340276879701884,0.0,0.0044947755554731,0.0,0.121844288371232,0.0,0.0,0.0216049068451983,0.004105752661399,0.0226604673044137,0.11348600204486,0.12448151793714,0.0,0.0,0.0,0.0,0.0,0.0,0.0389790531949238,0.0044334501764724,0.0067011826539101,0.0,0.0,0.0,0.0056526182162274,0.0368944095439516,0.0419445408468579,0.0,0.0035265050899775,0.0,0.005756048932102,0.0,0.0,0.0,1.72555299171689,0.32168769002225,0.200143677690287,0.0417468178621429,0.0035127628334564,1.62866790027078,0.0,0.0,0.0,0.0078730183715954,0.0,0.0,0.0065602808240311,0.0940033223867471,0.0,0.0,0.0,0.0181685961519106,0.0676227470840171,0.0371176273523859,0.0,0.0,0.0046395883398277,0.335292374084944,1.27028152687938,0.0,0.0,0.0544380889916909,0.277154420701821,0.0,0.0,0.0,0.0106515130012245,0.0,0.0,0.0,0.120856468976103,0.0996692699236534,0.0,0.176370250700672,0.163510499376748,0.817761549072011,0.0052501365484587,0.0,0.0,0.568516961565238,0.0192880636593476,0.0,0.0,0.0293920595878994,0.0042112442627348,0.0795388374913411,0.0,0.204644146298941,0.0,0.0,0.0321236063054411,0.0075975797759991,0.209679673739204,0.0,0.234003252134332,0.0879881779970234,0.282704524860888,0.0124859849497352,0.0249677232849441,0.0521269278904398,0.0,0.0138897335657757,0.13907177672018,0.0,0.0,0.0114286912880519,3.16045246290468,0.0,0.0039196870533396,0.0,0.0,0.0,0.0,0.0589033329209185,0.0257221452423168,0.0484702776806023,0.0,2.79697624667516,3.06512326248392,1.81061730894311,0.710720754382147,0.0,2.29632802743678,0.495554948637641,0.0,0.0,0.0,0.0408617000488759,0.0,0.185688384166666,0.0,0.0104513024960462,0.0121022165927728,0.039155826376481,0.0,0.0,0.0,0.0,0.80913462668526,0.239543264808028,0.0055106819584611,0.0089986034188227,0.636798136618146,0.105587244547737,0.290361176751092,0.0072046001523498,0.0,0.0,0.0,0.441461343613695,0.0,0.163311193981346,0.0,0.0121578879497512,0.0,0.0,0.183363910427846,0.0,0.0,0.0082347569483275,0.77055287001116,2.62050395045911,0.810762473190427,3.98077618964168,0.237760769537754,2.28265385992909,0.132708277610016,0.0,0.386321915137794,0.106213347452452,0.010407232996929,0.0,0.0,0.0,0.0564762725642194,0.0241799356230434,0.0,0.0,0.0,0.0039988730245594,0.0,0.0,0.0,0.0182996417185601,0.0064740297959818,0.0,0.0,0.0,0.0,0.0,0.0508791775521736,0.057447876633399,0.0252092699907536,0.0,0.0,0.0,0.0,0.0,0.0,0.0,0.0,0.0,0.0,0.0078149284552863,0.0,0.0,0.0,0.0,0.282487025459434,0.0105888212044444,0.0,0.0,0.0,0.014731427119711,0.0,0.0,0.0,0.0,0.0047898065640986,0.0277966073981437,0.0270307091727799,0.0,0.0,0.0,0.0,0.0,0.0,0.0,0.0,0.004679456638414,0.0,0.0,0.0,0.0,0.0,0.0,0.0,0.0,0.0,0.0,0.0,0.0,0.0,0.0,0.0,0.0,0.0,0.0,0.0,0.0,0.0,0.0,0.0,0.0,0.0,0.0,0.0,0.007713007837684,0.0,0.0,0.0,0.0,0.0,0.0,0.0,0.0,0.0299409656145724,0.0638773037587774,0.0,0.0,0.0,0.0098088525390476,0.0,0.0,0.0,0.0037033848241977,0.0,0.0,0.0,0.0,0.0,0.0,0.0301102911462988,0.0056413406211404,0.0667881214690769,0.0035459120806216,0.0,0.0,0.0385344646990302,0.0,0.0,0.0,0.0096720509001769,0.0,0.0,0.0060186082906445,0.0,0.0,0.0,0.0,0.0,0.0087083791092933,0.0,0.0,0.0,0.0268266017188809,0.0,0.0,0.0049570545505321,0.0,0.0045601075061519,0.0078258600258437,0.0,0.0,0.0,0.347719837539451,0.0,0.0,0.0,0.0,0.0,0.0,0.0189819121210016,0.0079888055427155,0.0,0.0,0.51805969413477,0.538183389900008,0.340044388021622,0.0,0.0,0.0128772698662888,0.0,0.0,0.0,0.0,0.0104978964029352,0.0,0.0,0.0,0.0,0.0,0.0,0.0,0.0059707965709762,0.0063441698118867,0.0,0.0638986250894302,0.0246984192523745,0.0,0.0,0.0942023610373622,0.0130925850673346,0.0360699946427419,0.0,0.0,0.0,0.0,0.0983345906207519,0.0,0.0,0.0,0.0044312996066673,0.0,0.0,0.0,0.0,0.0,0.0,0.064807034193186,0.330282136875445,0.0722953780068737,0.517175758436172,0.0297278200165092,0.228286924963394,0.0,0.0,0.0,0.0,0.0,0.0,0.0
VISl,0.0,0.287877305062955,0.100051828253489,0.0131308288139154,0.0076699354794358,0.0,0.0098504932219998,0.0162025613103097,0.011988170064418,0.0,0.0,0.0,0.0034500412915469,0.0,0.0,0.286774118912953,0.0,0.232777763737778,0.340690971379093,0.168860918103069,0.0097989144097997,0.0273716103717935,0.0,0.0,0.0412751008403298,0.0,0.0188395921739427,0.0067998624107989,0.0,0.0154615901050679,0.0381925416430604,0.0,0.0,0.0,0.0,2.69643039080503,0.0,0.0,0.0049675741134354,0.0,0.098894256301125,0.0,0.0,0.00553546410279,0.0,0.138255797620687,0.35736882270379,0.217243592022489,0.0125367990899528,0.0,0.0,0.0,0.0,0.0,0.0143846026605031,0.0,0.0,0.0050754542399876,0.0,0.0098304378910731,0.0207215669300701,0.0655387284444646,0.004260477094837,0.0,0.0,0.0,0.0,0.0,0.0724381787459644,0.0,0.40638275639509,0.530862560616019,0.279839216997211,0.0040854500762959,0.0,0.986770660599261,0.0,0.0,0.0,0.0064960182920958,0.0,0.0,0.0,0.0,0.0,0.0,0.0,0.0327293109650902,0.0291892208339065,0.0494173959649462,0.0,0.0,0.0056107169396975,0.0499340595753689,0.247917681797267,0.0,0.0,0.0403040493889681,0.0511488423920273,0.0,0.0,0.0,0.0,0.0,0.0,0.0,0.145451186808632,0.0078666615819857,0.0,0.0393942998850339,0.0253740718359919,0.134646559770544,0.0065361302040646,0.0,0.0,0.0403784646293563,0.0450369134381427,0.0,0.0,0.0,0.0356254856929681,0.0047249832195944,0.0063129733236047,0.0606594021780592,0.0,0.0,0.0,0.0119713871488971,0.0251648992953228,0.0,0.0312017705672823,0.0393601899926645,0.0889024237115988,0.017938464678356,0.0050375367249871,0.0306783086896264,0.0,0.0,0.007940354202145,0.0,0.0,0.0,0.723013929297445,0.0,0.0,0.0,0.0,0.0,0.0,0.0,0.0,0.0,0.0,0.665464881100903,0.780743576667283,0.200474625696764,0.223095067257426,0.0,0.707842376605209,0.741552271452847,0.0,0.0,0.0,0.0,0.0,0.0627265381397173,0.0,0.0,0.0,0.0,0.0,0.0,0.0,0.0,0.274212484623393,0.0371427177310769,0.0036180666436435,0.0,0.079506037020096,0.0127914471895908,0.134791976739483,0.0,0.0,0.0,0.0,0.751020338397644,0.0,0.0206369170166412,0.0,0.0049582038072975,0.0,0.0,0.0112210335499385,0.0,0.0,0.0118525777815285,0.790496216572938,0.455282303652338,2.16455082597177,5.74358228309618,0.676076233811719,0.616046312347674,0.003588037689027,0.0,0.0436020868248477,0.0550101002162825,0.0,0.0,0.0,0.0,0.0104150761246398,0.0065722528974596,0.0,0.0,0.0,0.0,0.0040284580901988,0.0,0.0,0.0,0.0,0.0,0.0,0.0,0.0,0.0,0.0399526926563087,0.0587228032308697,0.0328119350369259,0.0,0.0,0.0,0.0,0.0,0.0,0.0,0.0,0.0,0.0,0.0046094814978314,0.0,0.0,0.0,0.0,0.321974422706114,0.0,0.0,0.0,0.0,0.0140412515451944,0.0,0.0,0.0,0.0,0.0298815257213089,0.0680575286085364,0.0207438787575656,0.0,0.0,0.0,0.0,0.0,0.0,0.0,0.0,0.0,0.0,0.0,0.0,0.0,0.0,0.0,0.0,0.0,0.0,0.0,0.0,0.0066123533355309,0.0,0.0,0.0,0.0,0.0,0.0,0.0,0.0,0.0,0.0,0.0,0.0,0.0,0.0,0.0,0.0,0.0,0.0,0.0,0.0,0.0,0.0,0.0,0.0071094390353295,0.0041873519454152,0.0173370489998522,0.0,0.0,0.0,0.0,0.0,0.0,0.0,0.0,0.0,0.0,0.0,0.0,0.0,0.0,0.0105676517571454,0.0,0.0227775693160241,0.0064155828529307,0.0,0.0,0.0,0.0,0.0,0.0,0.0,0.0055223529818564,0.0,0.0161820483430524,0.0,0.0,0.0,0.0,0.0,0.0,0.0,0.0,0.0,0.0115856157395996,0.0,0.0,0.0,0.0,0.0,0.0,0.0,0.0,0.0,0.0817556461355594,0.0,0.0,0.0,0.0,0.0,0.0,0.0,0.0,0.0,0.0,0.08331133087275,0.077364558216955,0.0171464116654965,0.0,0.0,0.0121285843384632,0.0090997565126769,0.0,0.0,0.0,0.0,0.0,0.0,0.0,0.0,0.0,0.0,0.0,0.0,0.0,0.0,0.0295988059934054,0.0,0.0,0.0,0.0058137478500152,0.0,0.0238209018902796,0.0,0.0,0.0,0.0,0.173898131724394,0.0,0.0,0.0,0.0051456644022706,0.0,0.0,0.0,0.0,0.0,0.0,0.0895388131657015,0.0625959710202127,0.485219490211305,0.972572305550206,0.133523753802621,0.0948172534407154,0.0,0.0,0.0,0.0,0.0,0.0,0.0
VISp,0.0,0.117102852427006,0.0502579916351213,0.0,0.0038365147494776,0.0,0.0,0.0,0.0,0.0,0.0,0.0,0.0,0.0,0.0,0.205517141192641,0.0,0.0209319698128191,0.0229997053522378,0.0098955411065948,0.0065965807947268,0.0,0.0,0.0,0.0147500676651801,0.0,0.0080022444517911,0.0,0.0,0.0065577112890464,0.0064310543164117,0.0,0.0,0.0,0.0,0.731888086280554,0.0,0.0,0.0,0.0,0.0424972791569889,0.0,0.0,0.0,0.0,0.0148129182978861,0.0602079761756844,0.0654316916032095,0.0,0.0,0.0,0.0,0.0,0.0,0.0040004588929456,0.0,0.0,0.0,0.0,0.0,0.0,0.0,0.0,0.0,0.0,0.0,0.0,0.0,0.0051930320577992,0.0,0.320165198342909,0.37157079864005,0.199060329423825,0.0,0.0,0.463631762089413,0.0,0.0,0.0,0.0,0.0,0.0,0.0,0.0,0.0,0.0,0.0,0.0085613469249698,0.0083736039476127,0.0126919002785017,0.0,0.0,0.0042621001722886,0.0147029459545475,0.0792199967261628,0.0,0.0,0.0230253889828929,0.0042418012410923,0.0,0.0,0.0,0.0,0.0,0.0,0.0,0.0881054845256205,0.0,0.0,0.0067566588816582,0.006020652116846,0.0415470750877897,0.0059934584864675,0.0,0.0,0.006399762796183,0.0167132009757944,0.0,0.0,0.0,0.0044639782201785,0.0,0.0055026742958249,0.0426897577231673,0.0,0.0,0.0,0.007231463295024,0.0066735561535475,0.0,0.0191827510251094,0.0171907972290471,0.0529537963972934,0.0046065218329933,0.0,0.0240140225640301,0.0,0.0,0.0,0.0,0.0,0.0,0.398818414323837,0.0,0.0,0.0,0.0,0.0,0.0,0.0,0.0,0.0,0.0,0.389306384907935,0.451232671924815,0.146313646999532,0.165984293510164,0.0,0.25561146215423,0.407941333506134,0.0,0.0,0.0,0.0,0.0,0.0364620936083637,0.0,0.0,0.0,0.0,0.0,0.0,0.0,0.0,0.115735684867756,0.0104348262990597,0.003455391021757,0.0,0.0197876524547679,0.0,0.0195064495587495,0.0,0.0,0.0,0.0,0.0937336693386286,0.0,0.0125045343405988,0.0,0.0,0.0,0.0,0.0057218410019413,0.0,0.0,0.0,0.261334618837487,0.177635816669493,0.658756527967013,4.17819855862798,0.272688795392001,0.328863482862647,0.0,0.0,0.0234973824277878,0.0220762294667182,0.0,0.0,0.0,0.0,0.0,0.00374526433292,0.0,0.0,0.0,0.0,0.0,0.0,0.0,0.0,0.0,0.0,0.0,0.0,0.0,0.0,0.0,0.0,0.0,0.0,0.0,0.0,0.0,0.0,0.0,0.0,0.0,0.0,0.0,0.0,0.0,0.0,0.0,0.0,0.0523632261345154,0.0,0.0,0.0,0.0,0.0161045035675187,0.0,0.0,0.0,0.0,0.0,0.0079965149359377,0.0080053499149788,0.0,0.0,0.0,0.0,0.0,0.0,0.0,0.0,0.0,0.0,0.0,0.0,0.0,0.0,0.0,0.0,0.0,0.0,0.0,0.0,0.0,0.0,0.0,0.0,0.0,0.0,0.0,0.0,0.0,0.0,0.0,0.0,0.0,0.0,0.0,0.0,0.0,0.0,0.0,0.0,0.0,0.0,0.0,0.0,0.0058622802095911,0.0,0.0039692819345628,0.0,0.0,0.0,0.0,0.0,0.0,0.0040536946765423,0.0,0.0,0.0,0.0,0.0,0.0,0.0,0.0,0.0,0.0045088755584349,0.0061528934850085,0.0,0.0,0.0,0.0,0.0,0.0,0.0,0.0,0.0,0.0073384635416914,0.0,0.0,0.0,0.0,0.0,0.0,0.0,0.0,0.0,0.0122485837634509,0.0,0.0,0.0,0.0,0.0,0.0,0.0,0.0,0.0,0.0269877530074942,0.0,0.0,0.0,0.0,0.0,0.0,0.0,0.0,0.0,0.0,0.0474493442559462,0.0486538631700653,0.0197946057852873,0.0,0.0,0.0,0.0,0.0,0.0,0.0,0.0,0.0,0.0,0.0,0.0,0.0,0.0,0.0,0.0,0.0,0.0,0.0040955686154933,0.0,0.0,0.0,0.0,0.0,0.0,0.0,0.0,0.0,0.0,0.0100541611143928,0.0,0.0,0.0,0.0047857632311758,0.0,0.0,0.0,0.0,0.0,0.0,0.0176583143886156,0.0169754720635748,0.0925082050865862,0.322740507790037,0.0354328033753339,0.0328665479962636,0.0,0.0,0.0,0.0,0.0,0.0,0.0
VISpl,0.0,0.116660008733212,0.0555990707228467,0.0102993422431632,0.0036156974760872,0.0,0.009067867977199,0.0140153621873035,0.0115640810803078,0.0,0.0,0.0,0.0066978584581384,0.0,0.0,0.117326094619415,0.0,0.0941829698864808,0.156861463117983,0.103474763779371,0.0038910236344251,0.0315314352006321,0.0,0.0,0.0456167755776239,0.0,0.0220732808743434,0.0066213129547555,0.0,0.00440054255616,0.0316865637048398,0.0,0.0,0.0,0.0,1.80663272637183,0.0,0.0,0.0,0.0,0.10612695067578,0.0,0.0,0.0055797274485274,0.0,0.145535530263962,0.418550728600209,0.239977367860255,0.0098757537626058,0.0,0.0,0.0,0.0,0.0,0.0090725441580607,0.0,0.0,0.006284252481431,0.0,0.0,0.0035080279492841,0.0135557819909411,0.0034416549583502,0.0,0.0,0.0,0.0,0.0,0.0671642515684936,0.0,0.215590451188094,0.383764106885824,0.230851906911849,0.0,0.0036980409373738,0.633990934180066,0.0,0.0058207435157963,0.0,0.0072585827206861,0.0,0.0,0.0,0.0,0.0040165776656982,0.0,0.0,0.0158227987310159,0.0088879357592621,0.0212605656367697,0.0,0.0,0.0076398025297724,0.0205994986374981,0.105129555067298,0.0,0.0,0.0475619282580291,0.0151911220597574,0.0,0.0,0.0037480427121537,0.0,0.0,0.0,0.0,0.0998304084147757,0.0046377781458167,0.0,0.0213731432954352,0.0185012489596021,0.0859931986941538,0.0125878328676819,0.0,0.0,0.0218805779019744,0.045456979320464,0.0,0.0,0.0,0.0430992435183527,0.0,0.0,0.0221566115515142,0.0,0.0,0.0,0.0156775226675633,0.019204900013399,0.0,0.0064864757446912,0.016665172602886,0.0771651886343315,0.009224002818246,0.0,0.0418010333565463,0.0041987526592926,0.0,0.0,0.0,0.0,0.0,0.331821290088697,0.0,0.0,0.0,0.0,0.0,0.0,0.0,0.0,0.0,0.0,0.663695456376563,0.600146361359558,0.102026736909508,0.133664545949315,0.0,0.392321212485049,0.642143001810466,0.0,0.0,0.0,0.0,0.0,0.0325061118671283,0.0,0.0,0.0,0.0,0.0,0.0,0.0,0.0,0.149598585458895,0.0145199521590898,0.0035196944146998,0.0,0.0314425518297179,0.0061405636359023,0.0865120376193961,0.0,0.0,0.0,0.0,0.542899852432611,0.0,0.0084965363543745,0.0,0.0096835406377232,0.0087539502468196,0.0,0.0,0.0,0.0,0.0142883731862787,0.35227089397312,0.301617910708671,1.59246453871279,4.24101070492496,1.07383483574291,0.440118522006518,0.0,0.0,0.0144194317908313,0.018508881281231,0.0,0.0,0.0,0.0,0.0095401688197042,0.0109360090048871,0.0,0.0,0.0,0.0,0.0,0.0,0.0,0.0,0.0,0.0,0.0,0.0,0.0,0.0,0.0122540752669654,0.0189305956799276,0.0158098160207194,0.0,0.0,0.0,0.0,0.0042405459279186,0.0,0.0,0.0,0.0,0.0,0.0034911801007865,0.0,0.0,0.0,0.0,0.224801753421247,0.0,0.0,0.0,0.0,0.0388204074889482,0.0,0.0,0.0,0.0,0.0286410715693893,0.0691545420755084,0.0217208851282715,0.0,0.0,0.0,0.0,0.0,0.0,0.0,0.0,0.0,0.0,0.0,0.0,0.0,0.0,0.0,0.0,0.0,0.0,0.0,0.0,0.0071030091274046,0.0,0.0,0.0,0.0,0.0,0.0,0.0,0.0,0.0,0.0,0.0,0.0,0.0,0.0,0.0,0.0,0.0,0.0041524580030606,0.0,0.0,0.0,0.0,0.0,0.0178903614415378,0.0,0.0162269480509983,0.0,0.0,0.0,0.0,0.0,0.0,0.0081312796419656,0.0,0.0,0.0,0.0,0.0,0.0,0.0,0.0059722399573346,0.0052043109153927,0.0168034198556274,0.017734432833751,0.0,0.0,0.0,0.0,0.0,0.0,0.0,0.0054689576582857,0.0,0.0,0.0,0.0,0.0,0.0,0.0042018781934777,0.0,0.0,0.0,0.0,0.0209806981163013,0.0,0.0,0.0039822749932699,0.0,0.0,0.0,0.0,0.0,0.0,0.0294649492477402,0.0,0.0,0.0,0.0,0.0,0.0,0.0,0.0,0.0,0.0,0.0857868809249066,0.0597137432681464,0.0165741615331865,0.0,0.0,0.010330160719128,0.0116571301129951,0.0,0.0,0.0,0.0,0.0,0.0,0.0,0.0,0.0,0.0,0.0,0.0,0.0,0.0,0.0138657259108385,0.0,0.0,0.0,0.0,0.0,0.0100391313219231,0.0,0.0,0.0,0.0,0.130712648681812,0.0,0.0,0.0,0.0174234623264244,0.0,0.0,0.0,0.0,0.0,0.0,0.0469656674666973,0.047876556019331,0.433002387038483,0.795780526894773,0.184400882854135,0.070830892916739,0.0,0.0,0.0,0.0,0.0,0.0,0.0
VISpm,0.0,0.816957214025598,0.499181178786023,0.0053200078718681,0.0661702075105961,0.0061321901803854,0.0056288514270831,0.0,0.0054805400341447,0.0,0.0987675786084285,0.0552924934283535,0.0064901587121528,0.0,0.0045094213562292,0.469798904539354,0.0,0.110581390741842,0.0678814873008938,0.0301713354357333,0.159656654294471,0.0,0.0,0.0039865818175613,0.0187347249813807,0.0,0.0264109347156469,0.0,0.0,0.0856388724957155,0.0159652850255152,0.0,0.0055781505634197,0.0,0.0,3.0267634861514,0.0062220474951541,0.0,0.0,0.0,0.204474729651631,0.0,0.0,0.009502683711448,0.0,0.0229579352785001,0.0805189058158464,0.146966050490387,0.0,0.0,0.0,0.0,0.0,0.0,0.0125265817503282,0.0,0.0,0.0,0.0,0.0,0.0,0.0052149533688855,0.0242064992614081,0.0,0.0,0.0,0.0047341441745034,0.0,0.0,0.0,1.83050117329286,0.434562198466141,0.272258585317721,0.0292074947793635,0.0034509124986024,1.40794115161649,0.0,0.0,0.0,0.0074365244265437,0.0,0.0,0.0,0.0424950063555913,0.0,0.0,0.0,0.0137114303900252,0.0352064486801128,0.0260683132801539,0.0,0.0,0.0091035657798343,0.145991680579524,0.587892251918794,0.0,0.0,0.0512233707783161,0.0636920271396763,0.0,0.0,0.0,0.0,0.0,0.0,0.0,0.127217592449912,0.0434339913639994,0.0,0.0627096275380239,0.0844513580079802,0.475650627253124,0.0081436532805509,0.0,0.0,0.162104950917122,0.0277190738312848,0.0,0.0,0.0043635708703933,0.0,0.0260983603079288,0.0085645044081864,0.12782458682164,0.0,0.0,0.0113681368275507,0.0078616253956612,0.0974948319440887,0.0,0.0800276826474874,0.0530351473946599,0.188873811652594,0.010001573740583,0.0050352863245404,0.0622291647541978,0.003863983889134,0.0,0.0281212921343344,0.0,0.0,0.0154953719614217,1.38698925499486,0.0,0.0043217939478825,0.0,0.0,0.0,0.0,0.040647947355718,0.0163775492324562,0.0096653107438851,0.0,2.30265015150709,2.76187733692548,1.9601299152267,0.607739711787809,0.0,1.21954133259164,0.572539720362424,0.0070557402172462,0.0,0.0,0.0158643122258104,0.0,0.108042360792554,0.0,0.0056201785865573,0.0060577506228953,0.0137200169868068,0.0,0.0,0.0,0.0,0.33296547182477,0.0981388598658867,0.0059057070203287,0.0069527311298995,0.194262441197356,0.0390104043898002,0.0800706258928883,0.0047585370234007,0.0,0.0,0.0,0.235607361329295,0.0,0.0698244410044358,0.0,0.0068463522733763,0.0,0.0,0.0861552474865378,0.0,0.0,0.0,0.493635375003792,1.36923626741529,0.715320385712487,4.88373181589531,0.31631651078545,2.24766890379314,0.0550404341301569,0.0,0.190394477540486,0.0577599925889356,0.0060171197462866,0.0,0.0,0.0,0.0220834355990379,0.018470213917681,0.0,0.0,0.0,0.0,0.0,0.0,0.0,0.014698619829231,0.0056610649810136,0.0,0.0,0.0,0.0,0.0,0.0157985832817748,0.0182134274905436,0.0100814624921026,0.0042799146288604,0.0,0.0,0.0,0.0,0.0,0.0,0.0,0.0,0.0,0.0,0.0,0.0,0.0,0.0,0.104344701149349,0.0,0.0,0.0,0.0,0.0284289556066109,0.0,0.0,0.0,0.0,0.0071980840832457,0.0221435390435348,0.0343123797931406,0.0,0.0,0.0,0.0,0.0,0.0,0.0,0.0,0.0,0.0,0.0,0.0,0.0,0.0,0.0,0.0,0.0,0.0,0.0,0.0,0.0,0.0,0.0,0.0,0.0,0.0,0.0,0.0,0.0,0.0,0.0,0.0035722571533049,0.0,0.0,0.0,0.0,0.0,0.0,0.003474191795457,0.0,0.0,0.0,0.0,0.0,0.0083844986728619,0.0097543562872351,0.0262693806509647,0.0,0.0,0.0,0.0,0.0,0.0,0.0060802439907043,0.0,0.0,0.0,0.0,0.0,0.0,0.0,0.0080407630740119,0.0,0.0290637079360127,0.0059621056338293,0.0,0.0,0.0090793982519806,0.0045291633611491,0.0,0.0,0.0,0.0,0.0,0.0086982532264683,0.0,0.0,0.0,0.0,0.0,0.0036935716985568,0.0,0.0,0.0,0.0230886871658766,0.0,0.0,0.0048752281567208,0.0,0.0,0.0,0.0,0.0,0.0,0.117680186919145,0.0,0.0,0.0,0.0,0.0,0.0,0.0109532158187187,0.0046625005520364,0.0,0.0,0.357375533572261,0.465800266086327,0.293284757157883,0.0,0.0,0.0106852325182444,0.0,0.0,0.0,0.0,0.0046081439719143,0.0,0.0,0.0,0.0,0.0,0.0,0.0,0.0,0.0,0.0,0.0247417534785995,0.0071603402118591,0.0,0.0,0.0212992736659657,0.0052673350918081,0.0122348701015075,0.0,0.0,0.0,0.0,0.0581907123214608,0.0,0.0,0.0,0.0067412607694077,0.0,0.0,0.0,0.0,0.0,0.0,0.034466635342299,0.159775767667982,0.0522431819111017,0.45555819662469,0.0371318365833808,0.230830528561526,0.0,0.0,0.0,0.0,0.0,0.0,0.0
VM,0.0,0.205353107889397,0.0804680015284804,0.0608306296792502,0.0,0.0,0.649986341000097,0.0270559843895413,0.0693666873185066,0.0,0.0128577802973171,0.0126655428614894,0.0,0.015521284879457,0.0076221741063782,0.0298805166587489,0.0,0.0058359933072002,0.0,0.0,0.0093972218880199,0.0136121386863354,0.0046366532582857,0.0194619318946051,0.0083409256435068,0.0,0.0,0.0098106065113096,0.0,0.0414672659901347,0.0192221256487087,0.0,0.0885619128189075,0.0,0.0,2.43657631173437,0.0043137184748352,0.0,0.0,0.0,0.0086731570311226,0.0,0.0,0.0083213137801094,0.0,0.0142260392307229,0.0226708082909915,0.0137958721725365,0.0059155216264249,0.0,0.0,0.0,0.210526958553055,0.0036984568236855,0.193716572550378,0.023626761647582,0.0266363899313348,0.138144265035499,0.0,0.0,0.0,0.0,0.036119910272862,0.0205383111617992,0.0102147303648246,0.0,0.0,0.0059877750373324,0.0044033248273408,0.0,0.007086162659471,0.0,0.0,0.0161180947484441,0.0472615864938876,0.0115137529040938,0.0040292018967329,0.0,0.0,0.005061225557011,0.0,0.0,0.0274098811125485,0.330829907049108,0.0,0.0,0.0041843172251966,0.0,0.0,0.0,0.0,0.0,0.0320929252997347,1.79343702197568,2.49230765482425,0.0,0.0,0.0,0.376773635449885,0.0,0.0,0.0036591587577696,0.0,0.0,0.0,0.0,0.0,0.0136499712192194,0.0,0.298302533995505,0.0424838858006386,0.0560602007264969,0.0136743812912374,0.0,0.0,0.148258729983976,0.0,0.0078779652279994,0.0123009303080618,0.0052121892912228,0.0052516501123648,0.159754816078378,0.0,0.0,0.0,0.007870838476182,0.026291786568068,0.0231987077908271,0.281826765210522,0.0,0.111998095525424,0.0,0.0050608744790003,0.0,0.0275269179282743,0.0,0.0,0.0959188323922862,0.193741467593827,0.0,0.0,0.0080298146739755,0.0107151918903917,0.0,0.0103523046675812,0.0,0.0,0.0,0.0,0.014690246773257,0.0169299810657721,0.0940987592196155,0.0140038035464026,0.0143434801504069,0.0390935749349794,0.0285605257514365,0.540145727570671,0.0,0.060955788087588,0.0,0.0,0.0403939490981629,0.0,0.16525904787458,0.0095773472329445,0.0280671633883763,0.0,0.0083982023255424,0.0048054869542316,0.0169991619455898,0.0,0.0,0.0,0.0,0.0928965084450867,0.0576699915813741,0.650315374270702,0.0979089342432595,0.0138692135662173,0.162690478107218,0.404736562513898,0.0039172712511229,0.0,0.0,0.0,0.0145252159781107,0.0,0.0545976057662356,0.0,0.0114843476829316,0.0,0.0,0.362743715705036,0.0,0.0,0.0824066478148029,0.0,0.0,0.0,0.0066588779354693,0.0,0.0,1.42240539739238,0.0,0.0748506622429488,0.115751046485814,0.0961351290619622,0.024016573662391,0.0,0.0,0.0,0.0060527977429674,0.0057577929148865,0.0,0.0,0.0098850239916981,0.0,0.0037998379633354,0.0,0.0,0.0,0.0,0.0,0.0,0.0,0.0,0.0,0.0,0.0,0.0,0.0,0.0,0.0,0.0058976109669955,0.0,0.0,0.0,0.0,0.0,0.0,0.0,0.0302033110336687,0.0,0.0,0.0227126355610265,0.0,0.0,0.0,0.0,0.0195656029516174,0.0,0.0,0.0,0.0,0.0,0.0132239247378087,0.0092651527351177,0.0,0.0,0.0,0.0,0.0,0.0,0.0,0.0,0.0,0.0,0.0,0.0,0.0,0.0,0.0,0.0084127044028451,0.0,0.0,0.0,0.0,0.0,0.0,0.0,0.0,0.0,0.0,0.0,0.0,0.0,0.0,0.0,0.0,0.0,0.0,0.0,0.0437711774726521,0.0,0.0,0.0,0.0,0.0,0.0,0.0,0.0,0.0069446850161063,0.0096137471578267,0.0179987272420457,0.0,0.0,0.0,0.0153261300528884,0.0,0.0,0.0,0.0,0.0,0.0,0.0,0.0,0.0,0.0,0.0,0.0,0.0,0.0037647367348641,0.0,0.0,0.0122144401132299,0.0,0.0,0.0,0.0,0.0,0.0188692184840351,0.0040272735038895,0.0,0.0,0.0,0.0,0.0099279034304186,0.0,0.0,0.0,0.0,0.0063118025002779,0.0,0.0,0.0,0.0,0.0,0.0045610188327735,0.0,0.0,0.0,0.0,0.0,0.0,0.0,0.0,0.0,0.0,0.0077970276917401,0.005315326945363,0.0,0.0,0.0,0.0,0.0,0.0,0.0,0.0068447991342981,0.0,0.0,0.0,0.0,0.004854471393285,0.0,0.0,0.0,0.0,0.0,0.0,0.0,0.0,0.0,0.0,0.0,0.0,0.0,0.0,0.0,0.0,0.0,0.0,0.0,0.0,0.0,0.0,0.0,0.0,0.0,0.0082163071097156,0.0,0.0,0.0054168167852171,0.0,0.0,0.0036659681562747,0.0,0.0,0.0,0.0,0.0,0.0,0.0061484162711528,0.0,0.0,0.0,0.0,0.0,0.0
VMH,0.0081000243064872,0.0,0.0,0.0152161718928816,0.0,0.459095233235676,0.0,0.0,0.0,0.0,0.0170805159210997,0.0042801347793364,0.0,0.0,0.0040652964993976,0.0283595276733146,0.067871151370052,0.0,0.0,0.0,0.0,0.0201466935152504,0.031620029709901,0.206424950094428,0.0131112169670371,0.0,0.0041185192505902,0.0544500630364445,0.0,0.0,0.0,0.0,0.0053630212185147,0.006684316484056,0.0213066691918121,0.0048250748607714,0.0145838805578724,0.0,0.0085439543873719,0.0,0.0095739174563264,0.152359190621231,0.0,0.0,0.0062331465318208,0.0,0.0079590212432742,0.0038816056913385,0.0,0.0,0.0,0.0,0.0,0.0,0.0037304305003457,0.0118730476676091,0.0,0.0,0.0035160648566004,0.0,0.0,0.0,0.0,0.0051882073180627,0.0,0.0,0.0047263545414176,0.0,0.0241683770783172,0.0,0.0052136331033594,0.0060268349261872,0.0063095083017677,0.0256971137593736,0.377250648453869,0.0342319774018366,0.0595257251759553,0.0,0.016992869781044,0.151435256006843,0.0754313127162655,0.0,0.0,0.0144458234019501,0.0,0.0,0.0916127615443256,0.0039609645051479,0.0073663143748805,0.0090775632565925,0.0108046553086265,0.0430887831347458,0.0052747726140408,0.0,0.0,0.141079769713709,0.158614337082991,0.0,0.134180564848056,0.0331084259044434,0.0,0.0388001663812984,0.0,0.0,0.0,0.0,0.0,0.0330061936121713,0.0,0.0,0.0,0.0,0.0065379525602823,0.0398945921073822,0.0124892548779672,0.508227050111964,0.0,0.0,0.0036329912208921,0.0129418958616482,0.0,0.0062238946054965,0.0,0.0,0.0,0.0,0.164841096034761,0.0093290268888021,0.0,0.0626126430957934,0.0,0.0093335604349086,0.0,0.0,0.004887743115588,0.0,0.0,0.0,0.0058275289993215,0.0,0.0,0.0217301774864111,0.0,0.0532473070424288,0.0470503639757098,0.0232016979058566,0.013869570994601,0.0,0.0770312933076502,0.0444203689836384,0.0,0.0057147048302382,0.0,0.0,0.0,0.0037411604894105,0.0186666289178978,0.0557612495025571,0.149728647426252,0.0,0.0078403333799189,0.0819661227754497,0.0,0.0046457743901971,0.0,0.0,0.0,0.0334567116070382,0.0115777907089699,0.0048338601601447,0.0,0.0,0.0,0.0,0.0,0.0,0.0,0.0,0.0,0.0,0.0,0.0,0.0438009896537434,0.0,0.0,0.0,0.0041358786255388,0.0,0.0036107871520277,0.0042738091890203,0.24842504722841,0.0,0.0,0.0,0.0,0.0,0.0,0.0,0.0,0.0,0.0,0.0,0.021187172657868,0.581233609734632,0.0045020348704194,0.0,0.0064071849534587,0.0185757033029242,0.0,0.0,0.0,0.0,0.0,0.0,0.0520730098986087,0.0,0.0,0.0,0.0,0.0,0.0,0.0,0.0,0.0,0.0,0.0118158631158738,0.0,0.0,0.0,0.0,0.0,0.00456834724599,0.0420089727663942,0.0,0.0,0.0,0.0137152544738028,0.0,0.0,0.0,0.0,0.0,0.0,0.007533326625026,0.0,0.0040206498832743,0.0,0.0,0.0,0.0134648962036956,0.0102053615707453,0.0,0.0,0.0,0.0,0.0,0.0,0.0,0.0,0.0,0.0,0.0,0.0,0.0,0.0,0.0,0.0,0.0,0.0,0.0,0.0,0.0,0.0,0.0,0.0,0.0,0.0,0.0048998427403466,0.0,0.0,0.0,0.0,0.0071184398376184,0.0419638235888737,0.0054417239831625,0.006480822788541,0.0,0.0,0.0101334159049375,0.0161129004813727,0.0,0.0,0.006299582834964,0.0,0.0,0.0124152236580305,0.0,0.0,0.0,0.0,0.008462557811683,0.0035408612841017,0.0,0.0,0.0223327004954497,0.0235699147258214,0.0,0.0185590952502807,0.0081970292652363,0.0,0.0099939972962653,0.0,0.0,0.0,0.0,0.0,0.0101332415460028,0.0,0.0,0.0,0.0,0.0055270345729488,0.0042700589285145,0.0,0.148293749205037,0.0,0.0,0.0,0.0,0.0,0.0,0.0,0.0,0.0,0.0,0.039380702061515,0.0,0.0,0.0157912501935009,0.0,0.0,0.0,0.0,0.0,0.0,0.0,0.0,0.0,0.0,0.0,0.0058473900214938,0.0,0.0088547284058621,0.0155668779294995,0.0044136246754877,0.0049078740812313,0.0,0.036796672260595,0.0150596426665806,0.0,0.0,0.0,0.0,0.0,0.0,0.0,0.0042595981206462,0.0513789329214167,0.0,0.0,0.0135130227322154,0.0,0.0,0.0,0.0,0.0,0.0072247371811551,0.0,0.0,0.0,0.0,0.0,0.0,0.0,0.0,0.0,0.0,0.0,0.0,0.0,0.0,0.0137248367913176,0.0,0.0,0.0,0.0,0.0,0.0,0.0,0.0393217872549946,0.0,0.0,0.0,0.0,0.0,0.0,0.0,0.0,0.0,0.0,0.0,0.0,0.0257060445693651,0.0,0.0,0.0,0.0034936388961792,0.0
VPL,0.0,0.134793968855819,0.0251559404071458,0.0047741005088935,0.0058045639490683,0.0,0.0268883698202092,0.0,0.0040673242401742,0.0,0.0055802904870108,0.008101124277761,0.0056516735750811,0.0,0.0,0.0,0.0,0.0120323876658269,0.0,0.0,0.0437818947484853,0.0101930399570843,0.0,0.0068107923210967,0.0189117877145347,0.0061011123256221,0.119067187451536,0.006401343672332,0.0,0.10588683612022,0.0037721406104652,0.0,0.0384065862910243,0.0,0.0,1.92674317117367,0.0,0.0,0.0,0.0,0.0170181241425493,0.0,0.0,0.0,0.0,0.0049289793678777,0.0068839164112704,0.0267041978000426,0.0,0.0,0.0,0.0,0.0136257400443024,0.0,0.151954357532549,0.021932422044757,0.0,0.057605896213368,0.0,0.0,0.0,0.0,0.0,0.009332166978272,0.0,0.0,0.0,0.0,0.0073363585880264,0.0,0.218837649417734,0.0073887585315519,0.0,0.0179509431676694,0.012613252648817,0.0667830345401618,0.0,0.0,0.0,0.0,0.0,0.0,0.0,0.214490201471349,0.0,0.0,0.0,0.0,0.0,0.0,0.0,0.0,0.0082235685065434,1.13953298300133,0.687046871522059,0.0,0.0,0.0,0.0225826412781754,0.0,0.0,0.0,0.0,0.0,0.0,0.0,0.0,0.0,0.0,0.0104860952405201,0.0,0.0054838332726397,0.010653373572731,0.0,0.0,0.0068662741819793,0.0088880451447057,0.0,0.0,0.0,0.0,0.172219247366291,0.0068027897977759,0.0,0.0,0.0,0.0,0.0110181725621327,0.0449549250429153,0.0,0.404693381606549,0.0,0.14396423719022,0.0,0.0,0.100384781946075,0.0,0.0,0.0,0.0,0.0,0.0,0.111700299436635,0.0,0.0036618302975588,0.0,0.0,0.0,0.0,0.0,0.0060479470614172,0.0,0.0,0.12124762837569,0.315452841605158,0.229218222179967,0.581777665169834,0.0,0.0,0.0,0.0041399331983011,0.0239887956495617,0.0,0.0101887768230473,0.0104710940132334,0.0466372333375804,0.0,0.0034438032960399,0.0,0.0,0.0,0.0,0.0,0.0,0.967134131792648,0.330253890665093,0.808762133384742,1.58759846290159,0.174146678889533,1.30520025258376,2.6398869019963,0.0092458520623853,0.0,0.0,0.0,0.0071984954256925,0.0,0.0,0.0,0.0,0.0078558952274483,0.0,0.439445051567076,0.0,0.0,0.214364735606274,0.0053189644516786,0.0323329979565689,0.0043021686938247,0.10381714357635,0.0086307796674764,0.0245402583899123,0.121036505162447,0.0,0.413840501295493,1.06564488411416,0.026397661286669,0.0061955912873265,0.0,0.0,0.0,0.0050564253928268,0.0,0.0,0.0,0.0,0.0,0.0,0.0,0.0,0.0,0.0,0.0,0.0,0.0,0.0,0.0,0.0,0.0,0.0,0.0,0.0,0.0,0.0,0.0,0.0097881237897555,0.0,0.0,0.0,0.0,0.0,0.0182206650417559,0.0,0.0,0.0,0.0,0.0,0.0,0.0,0.0317712480096213,0.0,0.0,0.0,0.0,0.0,0.0,0.0,0.0,0.0,0.0,0.0,0.0,0.0,0.0,0.0,0.0,0.0,0.0,0.0,0.0,0.0,0.0,0.0041593416890286,0.0,0.0,0.0,0.0,0.0,0.0,0.0,0.0,0.0,0.0,0.0,0.0,0.0,0.0,0.0,0.0,0.0,0.0,0.0,0.0255828654720179,0.0,0.0,0.0068751263023564,0.0,0.0,0.0,0.0,0.0,0.0058605948481862,0.0,0.0,0.0,0.0,0.0,0.0,0.0,0.0,0.0048404469259893,0.0,0.0,0.0,0.0,0.0,0.0,0.0,0.0,0.0,0.0,0.0092691048881255,0.0,0.0,0.0,0.0,0.0,0.0,0.0,0.0,0.0166125083480762,0.0,0.0,0.0,0.0,0.0,0.0055635412308107,0.0,0.0,0.0,0.0,0.0045282239829495,0.0,0.0,0.0,0.0,0.0,0.0,0.0,0.0,0.0,0.0,0.0,0.0,0.0,0.0,0.0,0.0,0.0,0.0036224789232319,0.0,0.0,0.0,0.0,0.0037339836344723,0.0,0.0,0.0,0.0,0.0,0.0,0.0,0.0,0.0,0.0,0.0,0.0,0.0,0.0,0.0,0.0,0.0,0.0,0.0,0.0,0.0,0.0,0.0,0.0,0.0,0.0,0.0,0.0,0.0,0.0,0.0,0.0,0.0,0.0068046632476431,0.0,0.0,0.0045783742130234,0.0,0.0,0.0,0.0,0.0,0.0,0.0,0.0,0.0,0.0,0.0,0.0,0.0,0.0,0.0,0.0
VPM,0.0,0.0504879337199114,0.0056007119414998,0.0,0.0,0.0,0.0248650131787577,0.0,0.0048783786135527,0.0,0.0,0.0,0.0048944951604227,0.0,0.0,0.0,0.0,0.0096458257667911,0.0,0.0045551102880571,0.0075866279233965,0.0,0.0,0.0,0.0181498837659913,0.0061373181300772,0.120712563607209,0.0,0.0,0.0434350191763072,0.0,0.0,0.0107771162802111,0.0,0.0037052539228445,1.89918518883855,0.0,0.0,0.0,0.0,0.0172757173317993,0.0,0.0,0.0,0.0,0.0064185998117778,0.0059419827630787,0.00433599229993,0.0,0.0,0.0,0.0,0.0095295814475873,0.0,0.178459218025705,0.0069870920219993,0.0,0.122450304160555,0.0,0.0,0.0,0.0,0.0,0.0,0.0,0.0,0.0,0.0,0.0041841368575247,0.0,0.0678794380351021,0.0551721021598017,0.0,0.0051669555994837,0.0065243334389089,0.0781337449337388,0.0,0.0,0.0,0.0,0.0,0.0,0.0,0.0662374260270715,0.0,0.0,0.0,0.0,0.0,0.0,0.0,0.0,0.0158499204980442,0.987079719029636,0.408921374169315,0.0,0.0,0.0,0.0168194538405621,0.0,0.0,0.004009452573956,0.0,0.0,0.0,0.0,0.0,0.0,0.0,0.0092109444077388,0.0,0.0,0.0154267897548843,0.0,0.0,0.0065271496414731,0.0,0.0,0.0,0.0,0.0,0.0540626434799831,0.0049091430552993,0.0,0.0,0.0,0.0,0.0170112423066169,0.0197165117011621,0.0,0.399852959256003,0.0,0.0133189428947444,0.0,0.0,0.0042324073243577,0.0,0.0,0.0061054473734356,0.0,0.0,0.0,0.0878669910142905,0.0,0.0,0.0,0.0,0.0,0.0,0.0,0.0,0.0,0.0,0.0285317658274682,0.0308325569947819,0.0192378290318378,0.460060518708337,0.0,0.0051698075581878,0.0,0.0040626978459927,0.0079312439775397,0.0,0.0059421133582825,0.0,0.0139171258703957,0.0,0.0,0.0,0.0,0.0,0.0,0.0,0.0,0.894591617159563,0.167717160673242,1.30687488077354,1.6186943948327,0.120368931066677,1.26062314155791,3.60889899970198,0.0,0.0,0.0,0.0,0.0136050801361914,0.0,0.0,0.0034784220105538,0.0,0.0086840544907881,0.0,0.184497123901446,0.0,0.0,0.391692881421194,0.0393653479748439,0.0133594959406025,0.0774250547320361,0.451815310267217,0.0,0.0132489108695982,0.0673227798955541,0.0,0.418929316009674,1.17924104498401,0.0309319538366454,0.0034432972935419,0.0,0.0,0.0,0.0044682688321439,0.0,0.0,0.0,0.0,0.0,0.0,0.0,0.0,0.0,0.0,0.0,0.0,0.0,0.0,0.0,0.0,0.0,0.0,0.0,0.0,0.0,0.0,0.0,0.0113763101015479,0.0,0.0,0.0,0.0,0.0,0.0051272360279966,0.004881991999936,0.0,0.0070505993583206,0.0,0.0,0.0,0.0,0.0384609524264411,0.0,0.0,0.0,0.0,0.0,0.0035537123198663,0.0037557596640442,0.0,0.0,0.0,0.0,0.0,0.0,0.0,0.0,0.0,0.0,0.0,0.0,0.0,0.0,0.0,0.0,0.0,0.0,0.0,0.0,0.0,0.0,0.0,0.0,0.0,0.0,0.0,0.0,0.0,0.0,0.0,0.0,0.0,0.0,0.0,0.0061917772119386,0.0,0.0,0.0091830343962901,0.0,0.0,0.0,0.0,0.0,0.010141251595808,0.0,0.0,0.0,0.0,0.0,0.0,0.0,0.0,0.0063143947103023,0.0,0.0,0.0,0.0,0.0,0.0,0.0,0.0,0.0,0.0,0.014081925970262,0.0,0.0040590301391479,0.0,0.0,0.0,0.0,0.0,0.0,0.0037469709362964,0.0,0.0,0.0,0.0,0.0,0.0106474156073256,0.0,0.0,0.0,0.0,0.0057746214044266,0.0,0.0,0.0,0.0,0.0,0.0062785913016972,0.0,0.005820518581431,0.0,0.0,0.0,0.0,0.0,0.0,0.0,0.0,0.0,0.0,0.0,0.0,0.0,0.0,0.0,0.0,0.0,0.0,0.0,0.0,0.0,0.0,0.0,0.0,0.0,0.0,0.0,0.0,0.0,0.0,0.0,0.0,0.0,0.0,0.0,0.0,0.0,0.0,0.0,0.003835500465937,0.0,0.0,0.0,0.0,0.0,0.0,0.0,0.0,0.0071984537262166,0.0,0.0,0.0,0.0,0.0,0.0,0.0,0.0,0.0,0.0,0.0,0.0,0.0,0.0,0.0,0.0,0.0,0.0,0.0
VPMpc,0.0,0.0580074388087029,0.010287509446034,0.0624283487183044,0.0,0.0,0.545096081003982,0.0787014454704963,0.0746041820604849,0.0,0.0,0.0,0.0,0.0058342548189739,0.0,0.0089218247131588,0.0,0.0,0.0,0.0,0.0,0.0208636087911205,0.006047311578143,0.0,0.0037003201037682,0.0,0.0,0.015885216504813,0.0,0.0162312346517834,0.0231993391727269,0.0,0.107904175328384,0.0,0.0,3.31097281685884,0.0,0.0,0.0,0.0,0.0172674607107852,0.0,0.0,0.0072867440706173,0.0,0.037552922114985,0.0101568673100855,0.0,0.0124610275058661,0.0,0.0,0.0,0.0981177429167491,0.0186941884180708,0.224570036583961,0.0151942014102553,0.0077236132501794,0.189821338692709,0.0,0.0,0.0,0.0,0.0141580970890181,0.0271736229971225,0.0,0.0,0.0,0.0,0.0,0.0,0.0,0.0,0.0,0.0108525129662953,0.0191570354660701,0.0055541133815572,0.0,0.0,0.0,0.0,0.0,0.0,0.0083155190223119,0.194922972281335,0.0,0.0,0.0,0.0,0.0,0.0,0.0,0.0,0.0181821414665436,1.01988906776825,1.00834532178261,0.0,0.0,0.0,0.123086391972742,0.0,0.0,0.0039640316640097,0.0,0.0,0.0,0.0,0.0,0.0040926856887303,0.0,0.240866294514567,0.0166623948312733,0.0238295591031205,0.0259438030547505,0.0,0.0,0.0496755710463497,0.0,0.0,0.0039302097084819,0.0,0.0223140430018168,0.206600173457046,0.0,0.0,0.0,0.0,0.0095883772241615,0.0291537196011173,0.105489233716885,0.0,0.170201037551884,0.0,0.0,0.0,0.0084049160131622,0.0,0.0039320631546785,0.029322045814115,0.0632606744738951,0.0,0.0,0.0,0.0,0.0,0.0067660891338022,0.0,0.0,0.0,0.0,0.0219299132338477,0.0491778266696801,0.0313735150189156,0.0042036977646365,0.0,0.01918619964936,0.0096465216560691,0.280199473959659,0.0,0.0200434716664359,0.0,0.0,0.0470420402560517,0.0,0.146709233732956,0.0,0.0079902412001527,0.0,0.0101413061723096,0.0049259508273843,0.007517870899075,0.0,0.0,0.0,0.0,0.0308676826169266,0.013046894762566,0.896712130727179,0.0530666452440499,0.0064542679838952,0.0753977669475794,0.642796055732493,0.0,0.0,0.0,0.0,0.0116769208328436,0.0,0.0177029975122268,0.0,0.0069934722748139,0.0037974579307801,0.0,0.156772583062678,0.0,0.0,0.239779545540661,0.0,0.0,0.0,0.0,0.0,0.0,0.632329140473415,0.0,0.079198912456458,0.202993907875431,0.131917207012165,0.0086126248879954,0.0,0.0,0.0,0.0036416199562507,0.0248405156673555,0.0,0.0,0.0552563697880894,0.0171283818339163,0.0090331427704919,0.0,0.0,0.0,0.0,0.0,0.0,0.0,0.0,0.0,0.0,0.0,0.0,0.004995961845987,0.0,0.0,0.0,0.0,0.0,0.0,0.0,0.0,0.0052294230214832,0.0,0.0202010147533831,0.0,0.0,0.205445331709725,0.0,0.0,0.0,0.0,0.0263140650089155,0.0,0.0,0.0,0.0,0.0089885405607404,0.0,0.0,0.0065538502096735,0.0,0.0,0.0,0.0,0.0056855979218542,0.0089223018149343,0.0,0.0,0.0237332787110116,0.0,0.0,0.0,0.0,0.0,0.0094801240275357,0.0,0.0,0.0,0.0,0.0,0.0,0.0,0.0,0.0,0.0,0.0,0.0,0.0,0.0,0.0,0.0,0.0,0.0,0.0,0.0144783801665824,0.0,0.0,0.0039620311241164,0.0,0.0,0.0,0.0,0.0,0.0065737334838274,0.0286681929701277,0.0261836687903779,0.0,0.0,0.0,0.0047259284180018,0.0,0.0,0.0049222302353796,0.0,0.0,0.0,0.0,0.0,0.0,0.0,0.0084275577654211,0.0,0.0,0.0157577062626253,0.0,0.0,0.0045918097301511,0.0,0.0,0.0,0.0,0.0045381806284443,0.0036273190038098,0.0,0.0,0.0,0.0,0.0,0.0069679764284346,0.0040593280854995,0.0,0.0,0.0,0.0058142334586397,0.0,0.0,0.0,0.0,0.0,0.0060448451608037,0.0,0.0037630603108367,0.0,0.0,0.0,0.0,0.0,0.0,0.0,0.0,0.0049261847340405,0.0102905788732912,0.0,0.0,0.0,0.0,0.0,0.0121883285038795,0.0,0.0,0.0,0.0,0.0117379533537172,0.0,0.0115341704800332,0.0,0.0,0.0,0.0044476566664259,0.0,0.0,0.0,0.0,0.0,0.0,0.0,0.0,0.0088006463696228,0.0,0.0,0.0,0.0130801152546344,0.0,0.0,0.0,0.0,0.0,0.0,0.0,0.0,0.0068839772959325,0.0,0.0,0.0037009751228249,0.0,0.0,0.0360370317658924,0.0,0.0,0.0,0.0,0.0,0.0,0.0169285455070488,0.0,0.0,0.0,0.0109971758775256,0.0,0.0
VTA,0.0156262027476231,0.0054492890421123,0.0151921496873699,0.111244670613713,0.0,0.0135527041489531,0.0043607428304089,0.0,0.0,0.0,0.0,0.0,0.004607975968311,0.0,0.0100458341410139,0.176369742651802,0.0,0.0,0.0,0.0,0.0,0.0084447821266227,0.0054801393466481,0.0157664501309759,0.0204188356911724,0.0,0.085310541818409,0.0242341624066175,0.0,0.0229327544871445,0.0,0.01049905530758,0.0196004055647063,0.0,0.0,0.694636306734104,0.082440804196409,0.0,0.0082087936975004,0.0,0.0385801975087643,0.0070644068457992,0.0,0.0039511340840089,0.0277330217375694,0.0038971446872457,0.0219953193258409,0.0084035775754523,0.0042167136220992,0.0,0.0,0.0,0.0,0.0124911023446613,0.0591086833104198,0.0277508819049536,0.0773958540530191,0.0,0.0,0.0,0.0,0.0044505486341564,0.0040123429610005,0.0110355720428443,0.04185145061299,0.0,0.146364350237705,0.0346243296855376,0.0,0.0,0.0226102315284372,0.0,0.0084670686586235,0.0454413086332195,0.28519580836633,0.0298242125070905,0.0670513945587684,0.0042608444618593,0.0075584697645883,0.0647749036750435,0.0,0.0213523765074019,0.0356447848653731,0.0858337995287561,0.0052387760326153,0.0084081102346025,0.0057117600489583,0.0,0.0052472919240668,0.0,0.0066664703423873,0.0,0.0036658510691366,0.0071464573682084,0.0101206822828205,0.0,0.0179210523049999,0.0,1.0769976198356,0.030640775256547,0.0041184661398651,0.0686771658292166,0.0189338393184535,0.0,0.0,0.0,0.0076580394776769,0.0454282565347336,0.0036712883173357,0.0,0.0,0.0,0.103642286542237,0.0,0.0052534741507996,0.4911858708214,0.0,0.0358056401108847,0.0302308118261629,0.0557114301548507,0.0,0.0678988344962673,0.0084819662734521,0.0420643885166537,0.0037103809132492,0.0072506825696828,0.0777758953662977,0.0167492533124525,0.0055786538575342,0.0,0.0177515644023808,0.0103368551113391,0.0,0.0,0.0683814559323785,0.0,0.0048600041400087,0.131649631314179,0.225362455341674,0.0,0.0,0.0,0.0,0.0,0.0070838672782599,0.0,0.0,0.0,0.0,0.0211027179200261,0.0037404194672154,0.284676885402127,0.0258832352232166,0.0246198516324706,0.0152753132873699,0.0097051840076293,0.0221167206529265,0.0,0.38076530008805,0.0169659543301124,0.0288441808282133,0.171636860166946,0.0,0.0059623276416567,0.0380138159977659,0.249579964801839,0.0,0.0118674949967422,0.0064254480445422,0.028993031552579,0.0,0.0,0.0,0.0,0.0,0.0,0.0034489875502002,0.0,0.0,0.0,0.0065504453770534,0.0142070967107335,0.0240257288223003,0.0088480537088082,0.0,0.0,0.0,0.057630633741723,0.0106784351684753,0.0078262060508687,0.0114590686977065,0.0,0.0452659444453092,0.0,0.0086576183027673,0.0,0.0,0.0,0.0,0.0,0.0,0.0,0.131615431413714,0.0,0.0213686539674322,0.0068150304467955,0.0211540471234038,0.152739297809424,0.0,0.0047634948312822,0.0,0.005613708438163,0.0145670494016142,0.0,0.0,0.0,0.0,0.0,0.0,0.0,0.0,0.0,0.0,0.0034625989446707,0.0385768234249191,0.0,0.0,0.0,0.0,0.0,0.0,0.0,0.0,0.0243452479337535,0.0,0.0320826343067099,0.0,0.0,0.0047668757683261,0.0,0.0038365175224383,0.0104854122811004,0.0,0.0,0.0259411344667685,0.0351617277072379,0.0042103270100386,0.0,0.0,0.0305554080955709,0.0,0.0,0.0,0.007383332063692,0.0,0.0036945563332595,0.0052735967350512,0.0,0.0,0.0,0.0,0.0,0.0,0.0057331565083793,0.0,0.0261598482351282,0.0,0.0,0.0,0.0,0.0,0.0,0.005411128256749,0.0,0.0088541701176148,0.0286942174465573,0.0660259292444176,0.0,0.0,0.0,0.0,0.0,0.0074554464727395,0.0769768504084217,0.0041496123181593,0.0181919646419447,0.0335666927457719,0.0,0.0289223056981425,0.0,0.0068885980548293,0.0047231656305845,0.0270779525702321,0.0540674085928998,0.0090352500104898,0.004899867221677,0.0,0.0,0.0,0.0,0.0,0.0041804063725198,0.0,0.0,0.0,0.0,0.0,0.191951774251748,0.0116879495353584,0.0124608193115148,0.0300843509826402,0.011435752520276,0.0077497605552904,0.0,0.0,0.0,0.0328822993177,0.0069835907949098,0.0,0.0,0.0,0.009514414917437,0.0,0.0,0.177493393129546,0.0,0.0805027990813837,0.0250134294983666,0.0441539874868427,0.0,0.0110182422894044,0.0,0.0086284511259606,0.0,0.0313317258478364,0.0256839926834806,0.0039536749252955,0.0,0.0,0.0,0.0,0.0,0.0,0.0179423257865482,0.0,0.0,0.0328330493230232,0.0723228001302361,0.0,0.0165744654337309,0.0,0.0,0.0,0.0,0.0,0.0,0.0,0.0,0.0109032851017832,0.0,0.0307400245086043,0.0125325517459414,0.0,0.0,0.0041416390029467,0.0,0.0,0.121962611048221,0.0069187892075069,0.0127710870632197,0.04357026513966,0.0,0.0052491344447279,0.0,0.0064837853312143,0.0215522226531341,0.0,0.0,0.0,0.009416911635995,0.0130615307821534,0.0194297659260441,0.0227888713236667,0.0,0.0,0.0,0.0,0.0,0.0,0.0,0.0,0.0086230022694609,0.0138095291204302,0.0037051271303535,0.0,0.0,0.0103346374212941,0.0042417344733455,0.0073715700910919,0.0042906624004276,0.0072459002587428,0.0048637515952084,0.0,0.0707833189353297,0.0,0.0,0.0,0.0,0.0,0.0,0.0,0.0179171084652807,0.0,0.0,0.0,0.0035759836885616,0.0392717517589679,0.0
XII,0.0,0.0,0.0,0.0,0.0,0.0,0.0,0.0,0.0,0.01188940082849,0.0,0.0,0.0463795034226402,0.0,0.0,0.0097324175942465,0.0,0.0,0.003541814096954,0.0,0.0,0.0,0.0,0.0043329906054856,0.0,0.0,0.0,0.0,0.0187182805063294,0.0,0.0,0.0,0.0,0.0,0.003473675762855,0.0,0.0,0.0201573956007691,0.0,0.0061414585427263,0.0045449942735358,0.0189125378183484,0.0,0.0,0.0,0.0,0.0058604770249783,0.0,0.0,0.0,0.0109673814747401,0.0,0.0,0.0,0.0,0.0,0.217128993076212,0.0,0.0,0.0,0.0,0.0083623171700229,0.0,0.0,0.0486133727777013,0.0039967043551983,0.0,0.698399075450158,0.0,0.007826070321528,0.0,0.0,0.0,0.0,0.0048788098370242,0.0,0.0,0.0404055757000352,0.0,0.0,0.0,0.0,0.0169240845155456,0.0,0.31316564071631,0.292994120668499,0.0,0.0,0.0,0.0,0.0,0.0,0.0090393151244655,0.0,0.0,0.0,0.0,0.0,0.0305637282890001,0.0,0.123278654952922,0.0,0.0,0.0103045756534756,0.0,0.0111596920743612,0.0,0.0,0.42186114546661,0.0,0.0,0.0,0.0068978289982769,0.0,0.0,0.0385108432101768,0.0,0.293981421346715,0.0974424123453177,0.0115404452321121,0.0,0.0,0.0376127159749913,0.0,0.0241044926213662,0.0838416322905381,0.0052686137268679,0.0100252360455204,0.0,0.0,0.0,0.0,0.0,0.0,0.0085292546307497,0.0,0.0077137588977033,0.0514516229370977,0.0270382843151427,0.0513181174891364,0.0439160072762247,0.0,0.0,0.0050022131977669,0.011613736645413,0.0,0.0,0.0038515770866052,0.0,0.0,0.0,0.003494258057957,0.0,0.0,0.0,0.0,0.0,0.0,0.020583846620618,0.0,0.0,0.0,0.0213805177811951,0.0,0.0,0.0,0.0063610771006629,0.0,0.0,0.0,0.0740960916090337,0.123249287785455,0.158555646278856,0.0923085938239644,0.0,0.0,0.0048176014618152,0.0,0.0,0.0,0.01111340295764,0.0,0.0,0.0225418472068983,0.0046928247184912,0.0044474150248046,0.0,0.0,0.0,0.0043141653136245,0.0061933366117787,0.0237708099758382,0.0,0.0130354046446756,0.106063912916689,0.0,0.0,0.0,0.0,0.0,0.0,0.0,0.0049276991899546,0.0,0.0089460706795824,0.0,0.0,0.0,0.259693010153468,0.0,0.0,0.0037610094145686,0.0,0.0,0.0,0.0,0.0,0.0,0.0050293791215326,0.0,0.0,0.0187837063093349,0.0,0.0,0.0868771390662326,0.0,0.0,0.0,0.0,0.0,0.0,0.0,0.0,0.0,0.0,0.0,0.0,0.0159571955221409,0.008278703200346,0.0,0.0,0.0,0.0,0.0,0.0069569980874929,0.0,0.0197598979424746,0.01202864920302,0.0042630892813044,0.0165979725048816,0.0040143031070241,0.0,0.0,0.0,0.0,0.0,0.0036698255691565,0.0,0.0,0.0088871003251719,0.0,0.0,0.0,0.0,0.0,0.173818834729886,0.0,0.0,0.0064648932519556,0.0150399667314398,0.0741025765499646,0.0,0.0,0.090322656674331,0.0041030000452242,0.0,0.332466916420724,0.0,0.008843815783413,0.0039477733085424,0.0,0.0070093646330488,0.0,0.0062440868379073,0.030737040548818,0.0,0.0133456004104848,0.0,0.0,0.0,0.0,0.0465828842904358,0.0119945453224942,0.0819171912137657,0.107809911317268,0.0035190440780591,0.0,0.0161396065797123,0.0034732809340076,0.0,0.0,0.0059192666366506,0.0,0.0,0.0,0.0,0.0,0.253102213507511,0.0,0.133392076750193,0.0,0.0,0.054922125953453,0.0,0.007935396437012,0.0,0.0070513008107638,0.171954919938309,0.0,0.0,0.0,0.0070246399965643,0.0,0.0,0.137706452623833,0.0,0.109847974019543,0.0443814638808971,0.0079047703394569,0.0,0.021963749805125,0.0416281172148883,0.0175440108835697,0.0310359758573588,0.0389646406470484,0.0056946156723382,0.0037084900820712,0.0,0.0,0.0201484763530416,0.0179694773377578,0.0036124856130551,0.0,0.0220558444212702,0.0,0.0,0.121826791004604,0.0592092390296222,0.0501901929177521,0.0257713126259641,0.0,0.0,0.0,0.0039895786140482,0.0,0.0,0.0044656246268467,0.0,0.0,0.0,0.0230829718402916,0.0056933535163433,0.0,0.0042170934750443,0.0049381035703282,0.0277704597057883,0.0,0.147814939290346,0.0059551104601918,0.0,0.0,0.0087854933140311,0.0,0.0046359725736786,0.0120474724989169,0.0228102297550212,0.0,0.0,0.0168215721184566,0.0391343549625472,0.0207718546818023,0.0384492273508709,0.0295960047822475,0.0,0.0,0.0,0.0,0.0,0.0,0.0,0.0,0.0,0.021226664128225,0.0076343415174994,0.0,0.0,0.0522712800371059,0.0,0.0055715513589504,0.0,0.0310080152646974,0.0075319127776219,0.0,0.0715059665356727,0.0,0.0,0.0,0.0,0.0,0.0,0.0,0.0202568179340985,0.0,0.0833660012701076,0.0093367424464088,0.0,0.0135644039408176,0.179272695905083
