,AAA,ACAd,ACAv,ACB,AD,AHN,AId,AIp,AIv,AMB,AMd,AMv,AN,AOB,AON,APN,ARH,AUDd,AUDp,AUDv,AV,BLA,BMA,BST,CA1,CA2,CA3,CEA,CENT,CL,CLA,CLI,CM,COAa,COAp,CP,CS,CUL,CUN,DCO,DG,DMH,DN,DP,DR,ECT,ENTl,ENTm,EPd,EPv,FL,FN,FRP,FS,GPe,GPi,GRN,GU,IA,ICc,ICd,ICe,ILA,IMD,IO,IP,IPN,IRN,LA,LAV,LD,LGd,LGv,LH,LHA,LP,LPO,LRN,LSc,LSr,LSv,MA,MARN,MD,MDRNd,MDRNv,MEA,MGd,MGm,MGv,MH,MM,MOB,MOp,MOs,MPN,MPO,MPT,MRN,MS,MV,NDB,NI,NLL,NLOT,NOD,NOT,NPC,NTS,ORBl,ORBm,ORBvl,OT,PA,PAA,PAG,PAR,PARN,PB,PCG,PERI,PF,PFL,PG,PGRNd,PGRNl,PH,PIR,PL,PMd,PO,POL,POST,PP,PPN,PRE,PRM,PRNc,PRNr,PRP,PSV,PT,PTLp,PVH,PVT,PVp,PVpo,PYR,RCH,RE,RH,RN,RR,RSPagl,RSPd,RSPv,RT,SBPV,SCm,SCs,SF,SI,SIM,SMT,SNc,SNr,SOC,SPA,SPFm,SPFp,SPIV,SPVC,SPVI,SPVO,SSp-bfd,SSp-ll,SSp-m,SSp-n,SSp-tr,SSp-ul,SSs,STN,SUM,SUT,SUV,TEa,TR,TRN,TRS,TT,TU,V,VAL,VCO,VII,VISC,VISal,VISam,VISl,VISp,VISpl,VISpm,VM,VMH,VPL,VPM,VPMpc,VTA,XII,AAA,ACAd,ACAv,ACB,AD,AHN,AId,AIp,AIv,AMB,AMd,AMv,AN,AOB,AON,APN,ARH,AUDd,AUDp,AUDv,AV,BLA,BMA,BST,CA1,CA2,CA3,CEA,CENT,CL,CLA,CLI,CM,COAa,COAp,CP,CS,CUL,CUN,DCO,DG,DMH,DN,DP,DR,ECT,ENTl,ENTm,EPd,EPv,FL,FN,FRP,FS,GPe,GPi,GRN,GU,IA,ICc,ICd,ICe,ILA,IMD,IO,IP,IPN,IRN,LA,LAV,LD,LGd,LGv,LH,LHA,LP,LPO,LRN,LSc,LSr,LSv,MA,MARN,MD,MDRNd,MDRNv,MEA,MGd,MGm,MGv,MH,MM,MOB,MOp,MOs,MPN,MPO,MPT,MRN,MS,MV,NDB,NI,NLL,NLOT,NOD,NOT,NPC,NTS,ORBl,ORBm,ORBvl,OT,PA,PAA,PAG,PAR,PARN,PB,PCG,PERI,PF,PFL,PG,PGRNd,PGRNl,PH,PIR,PL,PMd,PO,POL,POST,PP,PPN,PRE,PRM,PRNc,PRNr,PRP,PSV,PT,PTLp,PVH,PVT,PVp,PVpo,PYR,RCH,RE,RH,RN,RR,RSPagl,RSPd,RSPv,RT,SBPV,SCm,SCs,SF,SI,SIM,SMT,SNc,SNr,SOC,SPA,SPFm,SPFp,SPIV,SPVC,SPVI,SPVO,SSp-bfd,SSp-ll,SSp-m,SSp-n,SSp-tr,SSp-ul,SSs,STN,SUM,SUT,SUV,TEa,TR,TRN,TRS,TT,TU,V,VAL,VCO,VII,VISC,VISal,VISam,VISl,VISp,VISpl,VISpm,VM,VMH,VPL,VPM,VPMpc,VTA,XII
AAA,0.196607380132025,0.0,0.0098979360991505,0.0152213500461517,0.0,0.0138605139161703,0.0598103003288171,0.0433191392555156,0.0682625632672685,0.0,0.0109701312908054,0.0095729959915905,0.0,0.0196373434448587,0.143585893319085,0.0,0.006690907075114,0.0,0.0,0.0,0.0,0.247461944542298,0.254786245436187,0.023743971231715,0.0218595255289986,0.0097939151723057,0.0046956702878157,0.145966316968959,0.0,0.0,0.0766944609039085,0.0095281376356858,0.0076276856240325,0.679076872641604,0.130056598883918,0.027207651332839,0.0058240694338678,0.0,0.0,0.0,0.0063663524169545,0.0084264199458854,0.0,0.279300239780286,0.0,0.0132070714919295,0.129966917366898,0.0428228284021554,0.151398762145538,0.238184371060842,0.0,0.0,0.0193542183355268,0.107813537350803,0.0858582970434258,0.262433270603615,0.0,0.0122781437893413,0.134578509714672,0.0,0.0,0.0,0.0629601472142088,0.0084081426495371,0.0,0.0,0.007406634906453,0.0,0.21772443489922,0.0,0.0,0.0,0.0,0.0159217182732639,0.0388373868097854,0.0,0.0190312142063653,0.0,0.0179868006741748,0.0,0.0,0.25677687630506,0.0,0.0059603164463509,0.0,0.0,0.0919936705963086,0.0,0.0271012482740457,0.0133034845364991,0.0185101289650995,0.0049349380593449,0.0236552547483516,0.0049006788480524,0.0039163044510247,0.0119250096020703,0.0125716405812507,0.0,0.0048969516194843,0.0432499122846929,0.0,0.169110368443998,0.0070205613461246,0.0,0.744026421969179,0.0,0.0,0.0,0.0,0.0766369414882251,0.0271802739404599,0.0313309825194741,0.0629643636260655,0.240890362813054,0.503409164825864,0.0,0.0055756208245117,0.0,0.0109977584434366,0.0100922613811305,0.0133720151295823,0.0,0.0,0.0,0.0,0.0,0.0071460041519309,0.429660322675602,0.0250479452806626,0.0070029651909059,0.0,0.0188522176150859,0.0135463735464116,0.020363477106296,0.0050279161440903,0.0060662565152954,0.0,0.0,0.0,0.0,0.0,0.0177718297228631,0.0,0.012131404863515,0.0198539230927227,0.0047034481888667,0.0094795674644548,0.0,0.0106508770685844,0.0267201265762696,0.0067225429935361,0.0110579193026507,0.0089322618823215,0.0,0.0,0.0,0.0,0.0112252194483525,0.0,0.0,0.0166313071064933,0.213187167788423,0.0,0.0045762304990745,0.0081002081329795,0.0073309621132619,0.0,0.0112842571586541,0.007657214041044,0.0110236046367009,0.0,0.0,0.0,0.0,0.0,0.0,0.0,0.0,0.0,0.0,0.0053466116017468,0.0153737032788728,0.0067269070584766,0.0034088117148068,0.0,0.0076347532991375,0.141370030806992,0.0,0.028046305470823,0.241614591816913,0.0100673358917543,0.0,0.0,0.0,0.0,0.048238847558501,0.0,0.0,0.0,0.0,0.0,0.0,0.0,0.0080753818942976,0.0,0.0,0.0,0.0156262027476231,0.0,0.0,0.0,0.0,0.0,0.0,0.0,0.0,0.0,0.0,0.0,0.0,0.0,0.0,0.0,0.0,0.0,0.0,0.0,0.0,0.0,0.0,0.0103622829481543,0.0096867957164719,0.0,0.0,0.0,0.0,0.0,0.0,0.0,0.0,0.0,0.0,0.0,0.0,0.0,0.0047341394121934,0.0,0.0,0.0,0.0,0.0,0.0,0.0,0.0,0.0,0.0,0.0,0.0063247630166109,0.0096144912782691,0.0,0.0,0.0,0.0,0.0,0.0,0.0,0.0,0.0,0.0,0.0,0.0,0.0,0.0,0.0,0.0,0.0,0.0,0.010472232452828,0.0,0.0,0.0,0.0,0.0037189659612326,0.0,0.0,0.0,0.0,0.0118695770506733,0.0,0.0,0.0080786096347359,0.0,0.0,0.0,0.0,0.0,0.0,0.0,0.0,0.0043106447578104,0.0,0.0,0.0,0.0,0.0,0.0,0.0,0.0,0.0179525857233927,0.0,0.0067428410433256,0.0,0.0,0.0,0.0,0.0,0.0,0.0,0.0,0.0,0.0,0.0,0.0085445568502148,0.0,0.0,0.0,0.0,0.0,0.0,0.0,0.0,0.0,0.0,0.0,0.0,0.0,0.0,0.0,0.0,0.0,0.0,0.0,0.0,0.0,0.0,0.0,0.0,0.0,0.0,0.0,0.0,0.0,0.0,0.0,0.0,0.0,0.0,0.0,0.017768445485503,0.0,0.0,0.0,0.0,0.0,0.0,0.0,0.0,0.0,0.0,0.0109632126886035,0.0,0.0,0.0,0.0,0.0,0.0,0.0,0.0,0.0,0.0,0.0,0.0,0.0,0.0,0.0,0.0,0.0,0.0,0.0,0.0,0.0,0.0,0.0,0.0,0.0,0.0,0.0,0.0093404047035755,0.0038970999574387,0.0,0.0,0.0,0.0,0.0,0.0,0.0,0.0,0.0,0.0,0.0,0.0,0.0,0.0,0.0,0.0,0.0,0.0047634948312822,0.0
ACAd,0.0,4.6786487768268,4.83801031435427,0.0,0.924013618777717,0.0140498319734912,0.0931458242922551,0.0201741337004163,0.0859851337514978,0.0,1.19200393999435,0.996030579543002,0.0,0.0047992222029292,0.0216354372780146,0.0,0.0,0.0948415089382642,0.0683479360394106,0.0372447175674045,1.55484931307917,0.2830705453957,0.18418387443236,0.0175795228209175,0.044223750227671,0.0095130119211258,0.0049490833268644,0.0,0.0,0.702092165875171,0.0939445976222492,0.0,0.244185422967523,0.0,0.0,0.0152203114545348,0.0159618349220885,0.0,0.0,0.0,0.0071762684676624,0.0,0.0,0.0939663637896445,0.0,0.027502917700647,0.226628558878531,0.166475913741858,0.240679852094319,0.271626044347694,0.0,0.0,0.196286764177653,0.0036837478077041,0.207073970355603,0.0943790692086204,0.0,0.0246294718604953,0.0,0.0,0.0,0.0,1.30142218702293,0.101550319985889,0.0,0.0,0.003299570025868,0.0,0.397361697193578,0.0,0.24049416700774,0.0,0.0,0.111597092675709,0.0068808707797727,0.243550538112869,0.0364580262786441,0.0,0.0285088274731417,0.0069384922885045,0.0,0.0048519065234196,0.0,0.348142938012974,0.0,0.0,0.0,0.0,0.0,0.0,0.0148677423511281,0.0,0.0051578942841896,0.0827145103783665,1.25962669305963,0.0197050908855562,0.0256932225402975,0.0,0.0,0.007650016164218,0.0,0.0,0.0085678529605535,0.0,0.0,0.0,0.0,0.0,0.0,0.467399308961453,1.0347703983573,0.938552048170276,0.0,0.122160223966999,0.0,0.0,0.0206237244794424,0.0,0.0,0.0053425487500731,0.0276050392271297,0.0281415995996538,0.0,0.0,0.0,0.0,0.0042375328732776,0.003657959605724,1.24279754488702,0.0,0.0928922798758951,0.0221178311818471,0.0242742831880973,0.0,0.0,0.0133857256120687,0.0,0.0,0.0,0.0,0.0,0.567821543061387,0.777255634078816,0.0079183641839202,0.132913181624991,0.0,0.0162130075210088,0.0,0.0105247572394989,0.210592846904403,0.128681792707588,0.0,0.0,0.677867161583295,0.915427533195203,1.11913972089856,0.223062038111821,0.01079914091536,0.0,0.0,0.0215204597338915,0.0072005907135113,0.0,0.139377113343412,0.0,0.0,0.0,0.0182803943134384,0.0204781274488143,0.0,0.0,0.0,0.0,0.0,0.155574138325882,0.190269949408492,0.0,0.0138717357416045,0.312174170375144,0.0684183644763802,0.0381447126102981,0.0,0.0,0.0,0.0,0.0579541392430521,0.0,0.0,0.0050558100540263,0.044143553284604,0.0,0.0,0.560758438571741,0.0,0.0,0.032536161756294,0.532417033951917,1.72914533583192,0.346821627406038,0.112760103404053,0.171497248961471,0.9034602153738,0.210949505134069,0.0,0.117803587440075,0.0443208207884584,0.0526945513916215,0.0054492890421123,0.0,0.0,1.58535605348421,1.62766579225054,0.0,0.0,0.0,0.0268244992545392,0.0,0.0254869289844975,0.0,0.0135280794050975,0.0116383582615614,0.0,0.0,0.0,0.0,0.0,0.0,0.0,0.0,0.0,0.0217159462971154,0.0144045007594606,0.0,0.008789617324308,0.0038209455910482,0.0,0.0,0.0,0.0,0.009156981728288,0.0,0.0053160236600231,0.0,0.0,0.0,0.0225135526672175,0.0,0.0,0.0,0.0,0.0,0.0,0.0,0.0,0.0,0.0434675084595373,0.0203905172660411,0.0191447035798816,0.0208254167776373,0.0,0.0,0.041646827589759,0.0,0.0,0.0,0.0,0.0,0.0,0.0,0.0,0.0,0.0502761030241762,0.0,0.0,0.0,0.0,0.0,0.0303912889745065,0.0,0.0057532813571945,0.0,0.0,0.0,0.0,0.0,0.0,0.0,0.0,0.0,0.0,0.0,0.0,0.0,0.0,0.0,0.0,0.0,0.0,0.0,0.0,0.0,0.0,0.0115139250974247,0.330354549472802,0.0,0.0,0.0,0.0,0.0111957482986328,0.0,0.0,0.0,0.0,0.0,0.0,0.0,0.0,0.0,0.0944532705622821,0.183261178984233,0.112580513424102,0.0,0.009762466244844,0.0,0.0,0.0,0.0,0.0,0.0,0.0,0.0,0.0,0.0,0.0,0.0,0.0,0.0,0.352661719755575,0.0,0.0,0.0,0.0,0.0,0.0,0.0,0.0,0.0,0.003733569704457,0.0,0.0,0.0115815668466694,0.028183161933926,0.0,0.0104685391014166,0.0,0.0,0.0,0.0,0.137626044809597,0.0140497555498491,0.0,0.0,0.0202230115652234,0.094914315906439,0.171538976184233,0.0,0.0,0.0,0.0,0.0,0.0,0.0,0.0132626112401807,0.0,0.0,0.0,0.0047567896009008,0.0038615501623298,0.0,0.0,0.0,0.0,0.0,0.0084755075583799,0.0079032705941921,0.0,0.0,0.0115000555643528,0.0,0.0,0.0052406818141085,0.0,0.0,0.0,0.0,0.0,0.0,0.0058462173014828,0.0,0.0,0.0,0.0,0.0,0.0,0.0,0.0103602237803087,0.0621392771913483,0.0121758839656646,0.0,0.012818803565085,0.0231712118424173,0.0,0.0,0.0,0.0,0.0,0.0,0.0
ACAv,0.0041730439903215,2.44156553422917,3.55025515818763,0.0,0.875793679104007,0.0207098622054312,0.0130004778483654,0.0,0.0120013898029642,0.0,2.18554249394646,2.06267463277125,0.0,0.0067916822744723,0.0466346958740927,0.0,0.0,0.0135909318177126,0.0219046407649605,0.0184386039120032,0.943769109949632,0.118608045031909,0.0788382043334025,0.0067061209322905,0.0600794196663188,0.0183543637634677,0.0175998109223936,0.0,0.0,0.347164038226108,0.0299978460638026,0.0070267256880228,0.252909548544408,0.0071937338164264,0.0065502547927316,0.0132252630169745,0.021562395899867,0.0,0.0,0.0,0.0245616103223202,0.0033020585360405,0.0,0.149125683537428,0.0,0.0131659615308134,0.167560799478884,0.140050205576863,0.0945943665352111,0.113230416813835,0.0,0.0,0.0808822065937501,0.0,0.0277018512323352,0.0115934646914614,0.0,0.0033891853117262,0.0,0.0,0.0,0.0,1.95639582663516,0.0535572288964887,0.0036203927651893,0.0,0.0185426763735043,0.0,0.161773378819047,0.0,0.141569639611578,0.0,0.0,0.0180324127800793,0.0114355088153595,0.0223523254649694,0.0529813057242932,0.0,0.216639085341669,0.0387344882506404,0.0,0.0,0.0,0.266175899797726,0.0,0.0,0.0,0.0,0.0,0.0,0.0108768319814052,0.005091892802018,0.0093582217371433,0.0717290769497137,0.363061560930103,0.0259890426611415,0.03470352955491,0.0,0.0,0.0537606063528892,0.0,0.0111194191775322,0.0162977686566423,0.0,0.0064094882447283,0.0,0.0,0.0,0.0,0.10897407382122,0.692362412067713,0.373777508923234,0.0,0.0569200542331825,0.007908872639205,0.0,0.0286775978876574,0.0,0.0,0.0112820108885041,0.0131376699580395,0.0068607035115737,0.0,0.0,0.0,0.0034104142145435,0.0063049032695431,0.016139638125557,0.684416202905555,0.0042405829057552,0.0165424669818499,0.0,0.124710377393207,0.0,0.0,0.0296821900531957,0.0,0.0,0.0036283122532496,0.0,0.0,1.29322610708209,0.225328145687004,0.0087578588231783,0.268783127554364,0.0,0.020497433552103,0.0,0.0166018355507164,0.639000614161756,0.23369653741956,0.0047441865873652,0.0,0.431036537889455,0.659184350355688,1.35046443801859,0.0819468322208091,0.0153805238840423,0.0,0.0,0.189096243063245,0.0040837065046555,0.0,0.0863719374433165,0.0,0.0,0.0,0.0109625600542879,0.0093519668611821,0.0,0.0,0.0,0.0,0.0,0.0084952248483577,0.0298744513784353,0.0073425349862987,0.0055382425561804,0.0493026486285813,0.019160430742547,0.0,0.0101988190078187,0.0064059304185389,0.0,0.0,0.0278891774688924,0.0053078169408926,0.0,0.027841930735162,0.0852638376457757,0.0,0.0,0.254457825640346,0.0,0.0,0.0,0.112593270073491,0.654281088173026,0.118279399234463,0.0463483023252481,0.0812376418453064,0.526449584949327,0.0623416544560421,0.0,0.0173121963748663,0.0035723653854867,0.0094263199693694,0.0151921496873699,0.0,0.0041403794141048,0.846717452161998,1.11525426246088,0.0,0.0,0.0,0.0036923470483294,0.0,0.0036689268032838,0.0,0.0176760520615638,0.0183710503745566,0.0,0.0,0.0,0.0,0.0,0.0,0.0,0.0,0.0,0.004952835739492,0.0034513872818017,0.0,0.008628092345411,0.0038326049681596,0.0,0.0,0.0,0.0063494377050397,0.004072167577628,0.0049635617894289,0.0053762593343452,0.0,0.0,0.0,0.0188866290052302,0.0,0.0,0.0,0.0038432340149702,0.0,0.0,0.0066681103721824,0.0,0.0,0.0317234871614637,0.0231855784050696,0.0051006812919231,0.0047446111153935,0.0,0.0,0.0171511196333195,0.0034509648412387,0.0,0.0,0.0,0.0,0.0,0.0045695463557892,0.0,0.0053401265567281,0.105337633870698,0.0,0.0,0.0,0.0086810463208312,0.0,0.006894093097033,0.0,0.0176543599583454,0.0,0.0,0.0,0.0,0.0,0.0,0.0,0.0161968415386213,0.0,0.0,0.0,0.0,0.0042095775107326,0.0,0.0,0.0,0.0035809565980483,0.0,0.0,0.0,0.0037895122381696,0.0,0.0444971570510232,0.123907942956203,0.0,0.0,0.0,0.0,0.0375281186173093,0.0,0.0056957003321561,0.0,0.0,0.0,0.0,0.0,0.0,0.0042516651528712,0.0091761446877169,0.0757059198504399,0.0327617215729122,0.0,0.0,0.0,0.0,0.0055290817222853,0.0,0.0,0.0,0.0,0.0071789347420725,0.0,0.0,0.0,0.0,0.0,0.0051780048199506,0.134784303779122,0.0,0.0110693393480818,0.0,0.0057140824649175,0.0,0.0,0.0044760141989105,0.0,0.0,0.0038583026739779,0.0,0.0,0.0163131574086636,0.010911431520759,0.0,0.0135521782240803,0.0042314683002286,0.0,0.0,0.0,0.431279132273815,0.0377374250233188,0.0,0.0,0.0161555294768633,0.0378587827502985,0.0844321655918975,0.0068842783878512,0.0,0.0,0.0,0.0143501792770128,0.0,0.0,0.0372050092165926,0.0,0.0,0.0,0.0039359181753338,0.0,0.0044771156349111,0.0,0.0,0.0,0.0,0.0,0.0248407778001401,0.0039569429205326,0.0,0.0054510730824544,0.0117031492625877,0.0,0.0152332763094755,0.0,0.0,0.0,0.0,0.0,0.0,0.0196322576526357,0.0046626441040722,0.0,0.0,0.0,0.0,0.0,0.0,0.0,0.0243991936772315,0.0069809137133676,0.003695299315181,0.0105496603919124,0.0201980846043693,0.0043546200953334,0.0,0.005367422429635,0.0038885709397142,0.0033556274212929,0.005613708438163,0.0037608496094031
ACB,0.211944718349027,0.19497426933989,0.281276622310289,1.87507138900106,0.125688382388205,0.0446320959982939,0.472400792865635,0.394477688158476,0.565944581983304,0.0,1.9215165978621,1.61699447472591,0.0,0.13092609851794,0.85263691335632,0.0046707546636025,0.0149341490393574,0.007984503799159,0.0078670040024393,0.045048301295276,0.116125604154432,1.89340043530839,1.56439856902972,0.238879771834009,0.99838284040425,0.253532618088935,0.242306308024822,0.0938492100812905,0.0,0.10072851288192,0.613702542593572,0.105206147054766,0.933220535460574,1.30356209056615,0.419481803651989,0.213416519020183,0.0339204508367661,0.0,0.0,0.0,0.437716333004777,0.0184541508768141,0.0,2.17487622395568,0.011273227587453,0.230681002446766,1.63530406738739,1.2164906170699,1.31809780510166,1.76673206828609,0.0,0.0,0.363125133942194,0.388309276756345,0.204254360633059,0.428066989194342,0.0,0.126499590434947,0.117891808530245,0.0,0.0,0.0,1.15117997129908,0.659544982122499,0.0040678832265801,0.0,0.0656656551250503,0.0,2.13743595831118,0.0,0.0033251309313777,0.0,0.0,1.53999856720456,0.0615991728949947,0.0,0.0810788977785414,0.0,0.0713751396296907,0.635101843377995,0.835113354819818,0.520084986488331,0.0,0.849578438679141,0.0,0.0,0.0710778193361572,0.0,0.0034146224484944,0.0,1.85033136423513,0.0150504643407199,0.156060411055095,0.0897235842743108,0.161132235914663,0.0650963143425976,0.0712499897361529,0.0063604994300195,0.0286686465588135,0.114192569573114,0.0,0.470057922123189,0.0204249998622329,0.0034398740100737,1.38251141364769,0.0,0.0,0.0135057508765168,0.0,0.444059508279508,1.20304792628381,0.582039044782205,1.07796095617777,1.49590545994841,1.0410303902216,0.0160462945433513,0.417028783368507,0.0,0.0152334285688304,0.0217379651376059,0.231737706661903,0.040682151544002,0.0,0.0,0.0,0.0049261822862859,0.0219334641432168,1.11552301145857,0.834034521487052,0.0207473524578748,0.0039598237565053,0.0,2.86367789488921,0.0,0.0172325985280736,0.584357630347858,0.0,0.0064038426098361,0.0056469482954737,0.0,0.0,2.33318179284148,0.0195614935620991,0.039464907612624,2.50425626858478,0.0145325083012434,0.0579711150280777,0.0,0.0297135684055856,0.711872157725844,0.653009486404152,0.0919423661397615,0.0417523736093729,0.022489133592366,0.0080579108552751,0.0125562430613351,0.0402095878008588,0.0416126358674641,0.0,0.0,0.0714399424386118,0.543911624648371,0.0,0.207820645728665,0.0207157346561789,0.0126575926476335,0.0071355598756648,0.322255495912102,0.166032856863631,0.0039311375636302,0.0,0.0,0.0,0.0,0.0367206665509261,0.0331025005971168,0.0104097243482256,0.0245195592328746,0.0419802451322862,0.021028936524312,0.0945142981572124,0.0474297594647835,0.0212030031094121,0.0038525188842288,0.0,0.147973600925154,0.551367734194482,0.0047516281274219,0.0667274489465075,1.4226231086722,0.0223557744788216,0.0,0.130814847511624,0.0,0.0,0.388082212350119,0.0144901158824128,0.0244860040784892,0.0146818053413605,0.0,0.0134061391143954,0.0044244886278231,0.0347723685510979,0.0151845344627123,0.0044681998301768,0.0,0.0564178102722449,0.111244670613713,0.0,0.0043723469113769,0.0556694394573082,0.0380927056756026,0.0,0.0,0.0,0.132270504937113,0.170769198450778,0.168193256210176,0.0,0.015998872410041,0.0102715934888126,0.0,0.0184847291288359,0.0721967197413725,0.0,0.0,0.0,0.0,0.0200914910746218,0.0,0.412714425007859,0.36169974594697,0.0,0.0995288403676384,0.0212659244840874,0.008170318160143,0.0048110578584066,0.0,0.0064489996216184,0.19329866011527,0.0134425089209742,0.085469931479193,0.0344790697738966,0.0483301165175141,0.0,0.0330884457575465,0.0,0.0,0.0,0.0289893883608533,0.0,0.0,0.0448520740489498,0.0035244140686361,0.112647346514734,0.389992162641586,0.135119130903722,0.303107227428478,0.384214671127642,0.0,0.0,0.145853031019885,0.0,0.0090542318965558,0.0300638802727994,0.0,0.049855090420575,0.0071162484165999,0.0,0.0,0.0,0.154731547482302,0.0973675950795318,0.0,0.0,0.0226006963725613,0.0,0.454038576277224,0.0,0.0,0.0,0.0,0.394270257991036,0.0033109993379829,0.0,0.0,0.0,0.0134507357006236,0.0,0.0,0.0117336797129971,0.0,0.0556349391045034,0.0,0.0,0.0,0.0,0.0,0.0,0.460029119766729,0.0,0.0165654015705443,0.0471747683116191,0.0821091069036988,0.0032906378476519,0.0,0.0,0.0,0.074313534709091,0.0,0.0086516113049312,0.0104242984073703,0.0,0.0237504434895852,0.0,0.0,0.0,0.0,0.0427158016606859,0.325473356590827,0.117475784921564,0.0,0.332233869272523,0.0384368348879372,0.0,0.0191730805284633,0.0,0.0,0.0062832002039184,0.113038978099444,0.0085369164854712,0.0,0.0,0.0,0.0,0.0,0.02262339706567,0.210893498414154,0.0,0.0036206941595103,0.0,0.270957796876078,0.0,0.0,0.0272284761844243,0.0,0.0038639808231786,0.0050836907551024,0.0,0.0,0.0802184267553881,0.0,0.0,0.322665177304026,0.0,0.003370887499525,0.0,0.0,0.551340263774472,0.108412266079982,0.0079279432544386,0.0,0.0,0.0,0.0053309356723761,0.0,0.0,0.0,0.0,0.0126186019487704,0.0106962280021212,0.0,0.0765778527867329,0.0,0.0,0.004414415905058,0.130226322134471,0.0729505466290276,0.0,0.0,0.0,0.0,0.0,0.0069642681007924,0.0063466236687307,0.0,0.0,0.0064878716999192,0.0039505354493476,0.0187439731744596,0.0135673309477371,0.0,0.0,0.0,0.0656998353853276,0.0193393056380711,0.0033248740624886,0.0375231397165626,0.0638268036889169,0.0,0.0,0.0,0.0,0.0,0.166946002051413,0.0033301603104524,0.0,0.0,0.0,0.0,0.0,0.0,0.0,0.0,0.0,0.0230394393225619,0.0145670494016142,0.0
AD,0.0,0.0399454355094822,0.044251399089224,0.0,0.277307148552431,0.0,0.0,0.0,0.0,0.0,0.0686978412039529,0.0491520285159239,0.0,0.0,0.0,0.0040385389864769,0.0,0.0,0.0,0.0,0.229928863205793,0.0,0.0,0.0,0.010888255874161,0.0074336636527215,0.0096803510175736,0.0,0.0,0.0875055612293146,0.0,0.0,0.0050820052193084,0.0,0.0,0.0,0.0,0.0,0.0,0.0,0.0103190080792625,0.0,0.0,0.0,0.0,0.0,0.0059586346374843,0.0133068723542044,0.0,0.0,0.0,0.0,0.0,0.0,0.0,0.0,0.0,0.0,0.0,0.0,0.0,0.0,0.0369842927148715,0.0,0.0,0.0,0.0,0.0,0.0,0.0,0.0267312457931658,0.0,0.0,0.0045775064627003,0.0089244451024378,0.0,0.0035866348937242,0.0,0.0,0.0,0.0,0.0,0.0,0.0352925883597084,0.0,0.0,0.0,0.0,0.0,0.0,0.004640125158353,0.0,0.0,0.0,0.0122831470119393,0.0,0.0,0.0192986275561517,0.0,0.0,0.0,0.0,0.0,0.0,0.0,0.0,0.0112717477741335,0.0200479421716885,0.0,0.0,0.0062300595352442,0.0,0.0,0.0,0.0,0.0,0.0108053839626595,0.0,0.0,0.0,0.0,0.0,0.0,0.0,0.0,0.0,0.0,0.0,0.0142620918996773,0.0,0.0,0.0,0.0128362412151201,0.0,0.0,0.0154857151324495,0.0,0.0,0.0,0.0,0.0,0.0206536454328308,0.0120756076289076,0.0,0.0061156186170008,0.0,0.0,0.0,0.0,0.0,0.0,0.0,0.0,0.0389884296201493,0.0994769166906458,0.185330609248048,0.0122240792096635,0.0,0.0,0.0,0.0,0.0,0.0,0.0,0.0,0.0,0.0,0.0,0.0,0.0,0.0,0.0,0.0,0.0,0.0,0.0,0.0,0.0,0.0055212550659926,0.0,0.0,0.0065615226006811,0.0,0.0,0.0,0.0,0.0,0.0,0.0,0.0,0.0,0.0,0.0332875451392591,0.0,0.0,0.0,0.0064702728644057,0.0579908886269063,0.0088855840611132,0.0,0.0040690349426131,0.0660633581304069,0.0,0.0,0.0041428722367046,0.0,0.0,0.0,0.0,0.0,0.0,0.005560028946939,0.0,0.0,0.0,0.0,0.0,0.0,0.0,0.0,0.0,0.0,0.0,0.0,0.0,0.0,0.0,0.0,0.0,0.0,0.0,0.0,0.0,0.0,0.0039981468283953,0.0045130586720053,0.0,0.0,0.0,0.0,0.0,0.0,0.0,0.0,0.0,0.0047686772459544,0.0,0.0,0.0,0.0,0.0,0.0,0.0,0.0,0.0,0.0,0.0,0.0,0.0,0.0,0.0,0.0,0.0,0.0,0.0,0.0,0.0,0.0,0.0,0.0,0.0,0.0177425646041833,0.0,0.0,0.0,0.0,0.0,0.0,0.0,0.0,0.0,0.0,0.0,0.0,0.0,0.0,0.0,0.0,0.0,0.0,0.0,0.0,0.0,0.0,0.0,0.0,0.0,0.0,0.0,0.0,0.0,0.0,0.0,0.0,0.0,0.0,0.0078548434768959,0.0,0.0,0.0,0.0,0.0,0.0,0.0,0.0,0.0035526731852346,0.0132752930467286,0.0,0.0,0.0,0.0,0.0,0.0,0.0,0.0,0.0,0.0,0.0,0.0,0.0,0.0,0.0,0.0,0.0,0.0,0.0,0.0,0.0045668095641963,0.0,0.0,0.0,0.0,0.0,0.0,0.0,0.0,0.0,0.0,0.0,0.0,0.0,0.0,0.0,0.0,0.0,0.0,0.0,0.0,0.0,0.0,0.0,0.0,0.0,0.0,0.0,0.0,0.0,0.0,0.0,0.0,0.0,0.0,0.0,0.0,0.0,0.0,0.0,0.0,0.0,0.0,0.0,0.0,0.0,0.0,0.0,0.0,0.0,0.0,0.0,0.0,0.0,0.0,0.0,0.0,0.0,0.0,0.0,0.0,0.0,0.0,0.0,0.0,0.0,0.0,0.0,0.0,0.0,0.0,0.0,0.0,0.0,0.0,0.0,0.0,0.0,0.0,0.0,0.0
AHN,0.236027989353028,0.013273434603389,0.103224304291359,0.0321226592307372,0.0,0.41155089338256,0.0,0.0,0.0,0.0,0.0149847834019026,0.0146514844163464,0.0,0.0,0.0105784392230145,0.0227948019698244,0.462036305194846,0.0,0.0,0.0,0.0,0.0909665635428257,0.0929546372790611,0.135990387299161,0.0882993341817149,0.0161016828172683,0.01627317985903,0.0446664128463301,0.0,0.0,0.0,0.0086703465659552,0.0070558161708313,0.0367188895168362,0.0584170115462559,0.006372453666034,0.0278828449863076,0.0,0.0372460617876961,0.0,0.0456242449107134,0.27101179337774,0.0,0.0178984107624504,0.0095309260561344,0.0,0.0385954888497958,0.0815379037737966,0.0274070946768133,0.0788950287209405,0.0,0.0,0.0,0.00627714738533,0.0068423641424934,0.0,0.0,0.0,0.0839984556919161,0.0113876971502031,0.0065254547391594,0.0096557646583289,0.485845652710292,0.003573481629023,0.0,0.0,0.0082323494995227,0.0,0.0593537084365233,0.0,0.0,0.0,0.0070893125429723,0.0207032504180581,0.2262771041759,0.0,0.287856663072266,0.0,0.0547558982619553,0.130730013928759,0.130942306186613,0.0,0.0,0.0056800952295298,0.0,0.0,0.127333978530847,0.0065761510282854,0.0776107181467938,0.0407429689107364,0.0239409339319145,0.0462705078558416,0.0,0.0,0.0,0.308680912053455,0.275170300057264,0.0857024141719973,0.013534427266056,0.162580138371363,0.0,0.0176828159165474,0.0614380838174168,0.007193877956573,0.0325934271238172,0.0,0.0428272577975283,0.129087364715883,0.0,0.0,0.0447067030651875,0.0059762006173501,0.0512312234154078,0.142970823807203,0.0371585665195899,0.0409648897925201,0.0511400028670866,0.0,0.018818244160515,0.0509526902266133,0.0,0.0,0.0,0.0,0.0,0.0,0.0978020806130718,0.009899238723397,0.0767936796196819,0.0918335895859683,0.0,0.0538335566397319,0.244403985668676,0.0603566049337953,0.0152617458137564,0.0759440735647808,0.0,0.00766225596385,0.005066777952154,0.0,0.0,0.111466116634979,0.0,0.397173849309915,0.0809095141380027,0.17661923119718,0.287575295840005,0.0,0.475706893426234,0.0531557630625271,0.0058061932324067,0.0121460185802087,0.0090961773842785,0.0,0.0034331985708384,0.0390091685087844,0.0,0.430240313035136,0.0179301390368392,0.0039904239741806,0.0966501778760834,0.0,0.0,0.0,0.0071050717304016,0.0033369145723866,0.0049970901100972,0.0,0.0,0.0296349728113976,0.0,0.0,0.0,0.0,0.0,0.0,0.0,0.0,0.0,0.0,0.0,0.0230063800921026,0.0477996132306156,0.0060764811466462,0.0,0.0,0.0302322550709148,0.0038206366111187,0.228309963235883,0.0193176643461445,0.417745115085546,0.0,0.0,0.0,0.0,0.0,0.0,0.0,0.0,0.0,0.0,0.0044478581464951,0.0,0.457609220538246,0.0,0.0,0.0,0.0135527041489531,0.0,0.0,0.0,0.0261585124543424,0.0,0.0,0.0209620671432222,0.0,0.0,0.0,0.0043943566890866,0.0,0.0,0.0,0.0,0.0,0.0114311919006038,0.0633260033154397,0.0,0.0,0.0,0.0,0.0,0.0,0.0,0.0,0.0,0.0,0.0,0.0,0.0,0.0,0.0,0.0,0.0,0.0,0.0,0.0088296361293478,0.0,0.0086440317931246,0.0,0.0,0.0315127560382902,0.0,0.0,0.0,0.0,0.0,0.0,0.0,0.0,0.0,0.0,0.0,0.0,0.0,0.0,0.0,0.0,0.0,0.0,0.0,0.0,0.140329384993252,0.0,0.0034598149169394,0.0,0.0,0.0,0.0,0.0,0.0,0.0,0.0,0.0088776043329148,0.0133324112267589,0.0,0.0107921451458264,0.0042343054530136,0.0,0.0,0.0,0.0,0.0,0.0,0.0,0.0,0.0,0.0,0.0178809010508332,0.0092015702906555,0.0102362955884007,0.0094254333683132,0.0,0.0,0.0,0.015861224334409,0.0138214611752859,0.0415812215015404,0.0,0.033028001349342,0.0,0.0035298767891964,0.0042158057054861,0.0,0.0,0.0,0.017982741752175,0.0743454188665243,0.0,0.0,0.0114703084899709,0.0,0.0,0.0,0.0,0.012550500892406,0.0,0.0,0.0038930778242271,0.0036271186638194,0.0,0.0,0.0,0.0,0.0,0.0061443457675306,0.0119270757023231,0.0,0.0190667235393198,0.0185015615902791,0.0,0.0124139702389753,0.0041676174618437,0.0137753878473371,0.0034161980601994,0.0,0.0,0.0,0.0,0.0,0.0,0.0170882773437989,0.0,0.0215195324545221,0.0141638249501536,0.0393068442253077,0.0166755821620393,0.0,0.0310618153889134,0.025480881157038,0.0,0.0,0.0,0.0,0.0,0.0,0.0,0.023780937350092,0.0041038036543016,0.0,0.0,0.0,0.0,0.0,0.0,0.0,0.0044903768007196,0.0,0.0,0.0068573157716589,0.0,0.0,0.0,0.0,0.0,0.0,0.0,0.0,0.0,0.0,0.0,0.0,0.0083507728233379,0.0,0.0,0.0,0.0,0.0,0.0189051644369312,0.0,0.0571133696498042,0.0,0.0,0.0,0.0,0.0,0.0,0.0,0.0,0.0,0.0,0.0,0.0,0.0518968079416732,0.0,0.0,0.0,0.0,0.0
AId,0.0216563942998436,0.0833994681651577,0.0306235219638483,0.0211969143282114,0.0186449143423013,0.0,2.68109072127922,1.04677343617751,3.10924117482009,0.0,0.0549719306174266,0.0536601933652378,0.0,0.0217645997368984,0.0996957268615213,0.0,0.0,0.0082934348475474,0.0126508332586443,0.0317363620883114,0.0055570250372748,0.385720423257672,0.277588227813709,0.0185921515053577,0.0429353433701458,0.0182745078881941,0.0084316269029092,0.0695372865693153,0.0,0.0781192479317895,0.480344553167867,0.0036045967860581,0.625101556442948,0.400196283328536,0.0900752203496003,0.0574199157075416,0.0056462734179524,0.0,0.0,0.0,0.0076616231103079,0.0040886494748006,0.0,0.313165048676381,0.0,0.110844468116067,0.2348294854201,0.0952167494711984,0.46562836228237,0.369776903430316,0.0,0.0,1.91981494358227,0.130555570464691,0.312440772010808,0.475466144625014,0.0,1.32938030751859,0.0276200253907253,0.0,0.0,0.0,0.14163619001259,1.91924742428775,0.0,0.0,0.0,0.0,0.551277492357778,0.0,0.0038188406389034,0.0,0.0040493783107531,0.18197859485602,0.009421927550097,0.0041945614180573,0.0,0.0,0.0,0.0,0.0,0.158644972659307,0.0,1.40596468014528,0.0,0.0,0.0057878701372393,0.0066954483289151,0.0076798855681603,0.0076477462956499,0.228781505603129,0.0069691228192123,0.0176670263789983,0.511029368487471,0.602039954609984,0.0,0.0,0.0047627804927283,0.0,0.0,0.0,0.0321714069503822,0.0,0.0,0.440851691347426,0.0,0.0038911836486435,0.0,0.0034591570509715,1.29250354044456,0.410725466382701,0.565641362924815,0.0433017710838295,0.219202809363265,0.319119193993521,0.0,0.013753158294947,0.0,0.0048728417754652,0.0,0.114273214411482,0.153554920175785,0.0,0.0,0.0,0.0,0.0090755800436817,0.527715823728301,0.396721625504993,0.0066356661808655,0.0324836537272336,0.0046828133332458,0.0068479152371315,0.0070422079720634,0.0,0.0093416044289799,0.0,0.0,0.0,0.0,0.0,0.0369890742323098,0.0059460348481265,0.0,0.385873409114491,0.006211653193752,0.0,0.0,0.0,0.292953928137599,0.704229788078735,0.0,0.0,0.005902984442465,0.0041002881579577,0.0038435541511557,0.0398938437340631,0.0,0.0,0.0,0.0,0.154241218738068,0.0,0.905304922739514,0.0042340043593374,0.0045474145155076,0.0,1.09789934441585,0.707671408027665,0.0231068228449954,0.0,0.0,0.0,0.0,0.0249614072622601,0.0067429869672244,0.437579048022838,0.109714203443425,0.0080890871199086,0.0435462450851363,0.307090392801341,0.0412738824437296,0.006605025988973,0.0,0.0032968418801329,0.0695185874548349,0.254694515266763,0.0,0.0,0.151700294040077,0.0,0.0,0.193717422986785,0.0,0.0,1.00485172424152,0.0136937665422307,0.009788656149865,0.0109031126155022,0.0,0.0106601353053874,0.0059244494894096,0.691171441033322,0.0,0.0248271603588842,0.0141647255250838,0.456000191894415,0.0043607428304089,0.0,0.0,0.175731222595538,0.0700063139704123,0.0,0.0,0.0,1.12921583345447,0.243943087399321,1.35976850460269,0.0,0.0,0.0,0.0,0.0,0.0,0.0,0.0,0.0,0.0,0.0034625005321485,0.0,0.0971130965411118,0.0635279537505884,0.0,0.0055734849926544,0.0,0.0,0.0,0.0,0.0,0.13986699905741,0.0,0.0840134665664176,0.0,0.0,0.0,0.0106681699760284,0.0,0.0,0.0,0.0,0.0,0.0,0.0089392861388897,0.0,0.016242254448458,0.0189370134672979,0.006482021137432,0.130781168250787,0.0940039652883725,0.0,0.0,1.32774796989184,0.0119835870005695,0.0072504379057665,0.0234170880113042,0.0,0.230758128285341,0.0,0.0,0.0,0.0,0.140730293749174,0.106319994715897,0.0,0.0,0.0,0.0,0.151247261349426,0.0,0.0,0.0,0.0,0.0034460529423233,0.0,0.0,0.0,0.0,0.0,0.0,0.0,0.0088912423070278,0.0,0.0142046044995307,0.0,0.0,0.0,0.0,0.0,0.0,0.0037173572066612,0.0,0.0,0.263658683904087,0.446862499452661,0.0,0.0,0.0,0.0,0.0,0.0,0.0,0.0048300673623884,0.0,0.0,0.0,0.0,0.0,0.0,0.735135441164834,0.428148373924251,0.464281788416621,0.0055233386472344,0.0429715669310722,0.0,0.0,0.0056380878798251,0.0,0.0,0.0035759389371542,0.0169431287296969,0.0071760541255767,0.0,0.0,0.0,0.0,0.0,0.0,0.44481340086662,0.0,0.0039787627225794,0.0,0.0037167647084723,0.0,0.0,0.0041078774358036,0.0,0.0,0.0,0.0,0.0,0.0,0.0,0.0,0.0041298730393645,0.0,0.0,0.0,0.0,0.0830984655821952,0.0632374562996555,0.0,0.0,0.0,0.0,0.0,0.0,0.0,0.0,0.0,0.0,0.0083734756471263,0.0,0.0496309314737627,0.0,0.0,0.0,0.211201878055579,0.171121630042091,0.0,0.0,0.0,0.0,0.0,0.0167107662810042,0.005307413929238,0.0937565028575766,0.0397723944862195,0.0,0.0180335711942445,0.054884808717539,0.0,0.0,0.0,0.0,0.0097545570816912,0.0,0.0,0.0,0.0053455763787425,0.0,0.0,0.0,0.0,0.0,0.229724896574432,0.0,0.0041513438331094,0.0,0.0,0.0,0.0,0.0079754341835978,0.0,0.0,0.0,0.0527208882649905,0.0,0.0
AIp,0.0314460675694275,0.0096342201604031,0.010480459347573,0.0233189985236046,0.0044941584744699,0.0,0.467876104341724,1.35706684381767,0.565737528470812,0.0,0.012466565068908,0.0119083479982501,0.0,0.0264493307519999,0.133430234135621,0.0,0.0,0.0065511504543053,0.0155851692274627,0.0446660367385666,0.0,0.24918054041179,0.200083538670032,0.0089921388321579,0.101515806769518,0.0430179699441189,0.013684984898725,0.0355372174193661,0.0,0.0088501938174902,0.476298553323186,0.0,0.118792615560893,0.859574508284641,0.257512935524995,0.0322724062645311,0.0033209596376646,0.0,0.0,0.0,0.0129436857508547,0.0,0.0,0.326777953855517,0.0,0.158120191901718,0.647761899837802,0.252718553438675,0.45004850767173,0.284766425084119,0.0,0.0,0.10877167773799,0.156272151276763,0.0887663215879727,0.174001676607235,0.0,0.438448970364662,0.0309447516623407,0.0,0.0,0.0,0.0598654796621202,0.0939259261629284,0.0,0.0,0.0,0.0,0.352232405281729,0.0,0.0,0.0,0.0036043913672199,0.077097281696794,0.0056025348807767,0.0,0.0,0.0,0.0,0.0,0.0,0.0770553481378727,0.0,0.0465423095816874,0.0,0.0,0.0108643137859838,0.0065400978013101,0.0112312171421756,0.009264586587,0.0959928425436312,0.0067168906949638,0.0268734493733385,0.097602626357586,0.035041208283628,0.0,0.0,0.0,0.0,0.0,0.0,0.0351861935189125,0.0,0.0,0.93821765497478,0.0,0.0,0.0,0.0,0.155148019978058,0.125690339763298,0.0993726400092162,0.0613266432063554,0.177586210685011,0.812228466050322,0.0,0.0371803831355041,0.0,0.0080306268283794,0.0,0.162829920326429,0.007454655684548,0.0,0.0,0.0,0.0,0.0,1.72553168922867,0.0731787745017278,0.0060047318258447,0.0071403776887497,0.0091611221819027,0.0088978296969629,0.0107474708701779,0.0,0.0259433725683268,0.0,0.0,0.0,0.0,0.0040934898676816,0.0199264892892116,0.0035743952730491,0.0,0.0753369221267999,0.0069952477265029,0.0,0.0,0.0,0.267838217177114,0.182887635940129,0.0,0.0,0.0035354286173042,0.0,0.0,0.0057958439531348,0.0,0.0,0.0,0.0,0.0727094244413335,0.0,0.172882849988879,0.0,0.0,0.0,0.1460633467351,0.171234022285462,0.0055488928208616,0.0,0.0,0.0,0.0,0.0225442722642894,0.0043725183254327,0.131745422151524,0.0598346472152711,0.0,0.0252847482621141,0.241118458580332,0.0146067000775825,0.0045727396308404,0.0047268256539547,0.0,0.0986726876160374,0.738410585604054,0.0,0.0,0.216912171193842,0.0,0.0044519238873866,0.0073950359486572,0.0,0.0,1.36111691564315,0.0107554315384249,0.0037751707796008,0.018592211125746,0.0,0.0169015516357679,0.0,0.0211387999279268,0.0,0.0,0.0,0.0704337160641148,0.0,0.0,0.0,0.0323394891927479,0.0265262886034226,0.0,0.0,0.0,0.112662813060781,0.271943115629244,0.145318382474435,0.0,0.0,0.0,0.0,0.0,0.0,0.0,0.0,0.0,0.0,0.0100816880052461,0.0,0.0741499520801774,0.0553341860874083,0.0036440035115441,0.0107948627186065,0.0036083130414785,0.0,0.0033029687405964,0.0,0.0,0.0461590912517013,0.0,0.0269729086856554,0.0,0.0038007940987224,0.0,0.0077751948936064,0.0,0.0,0.0,0.0,0.0,0.0,0.0037341171868108,0.0,0.0279661283940142,0.0614369667902303,0.0169058139693253,0.0677503919857943,0.0706165324544097,0.0,0.0,0.0377744115006603,0.0100186034862098,0.0079038735863803,0.0256062064029025,0.0,0.0795524349165157,0.0,0.0,0.0,0.0,0.0619182777095235,0.0354187935022403,0.0,0.0,0.0,0.0,0.0977995405943215,0.0,0.0,0.0,0.0,0.0167921996716382,0.0,0.0,0.0,0.0,0.0,0.0,0.0,0.0095413626968534,0.0,0.0052308759072257,0.0,0.0,0.0,0.0,0.0,0.0,0.0194756194377149,0.0,0.0,0.0772818378094802,0.0371052745320777,0.0,0.0,0.0,0.0,0.0,0.0,0.0,0.0,0.0,0.0,0.0,0.0,0.0,0.0,0.0235129111413611,0.0947734176394806,0.0499206496233819,0.003714007894483,0.0414455943879425,0.0,0.0,0.0033355719225712,0.0,0.0,0.0,0.0285312135032244,0.0,0.0,0.0,0.0,0.0,0.0,0.0061618958535104,0.0846448807149245,0.0,0.0,0.0,0.0,0.0,0.0,0.0,0.0,0.0,0.0,0.0,0.0,0.0,0.0,0.0,0.0121216381929455,0.0,0.0,0.0,0.0,0.196979550537506,0.03239969339983,0.0,0.0,0.0,0.0,0.0,0.0,0.0,0.0,0.0,0.0,0.0090224298146665,0.0,0.0274387453523687,0.0,0.0,0.0,0.0704288832336159,0.0551406374705573,0.0036443316760807,0.0,0.0,0.0,0.0,0.0725810302231067,0.0066579216029787,0.191429114552643,0.254793988122065,0.0041095065952423,0.0514199836141124,0.144634807736424,0.0,0.0,0.0,0.0,0.0183773444329491,0.0,0.0,0.0,0.0040265337724345,0.0,0.0,0.0,0.0,0.0,0.228331267080419,0.0,0.0,0.0046206531545908,0.0,0.0,0.0,0.0,0.0,0.0,0.0,0.0164143668035436,0.0,0.0
AIv,0.0276618877101117,0.0748999310682982,0.0467551719152231,0.0326587700216874,0.0336635092385838,0.0,0.542859616316278,0.140558568713419,0.605354049638436,0.0,0.102179834985251,0.0711157883879664,0.0,0.0669641021853874,0.36677034037662,0.0,0.0,0.0079853162793196,0.0137798089367408,0.0269388329841107,0.0064816223411601,0.254461470473357,0.205666340511226,0.0051922138864512,0.0606716438423776,0.0275954194354016,0.0094956637837713,0.0140389467146745,0.0,0.0474665522364862,0.128303297454112,0.0,0.157489797255747,0.515239560234186,0.100951099015724,0.0395413023798772,0.0074696847247431,0.0,0.0,0.0,0.0069263266737799,0.0,0.0,0.693218770108608,0.0,0.0770738653251958,0.378201643764041,0.134810547671324,0.209923771035404,0.242437467414642,0.0,0.0,0.241822008033371,0.113333315794963,0.118380905038319,0.283557484160013,0.0,0.147550219446791,0.0196386722683929,0.0,0.0,0.0,0.198744464791983,0.248540588957593,0.0,0.0,0.0,0.0,0.302087238376524,0.0,0.0036206467076834,0.0,0.0,0.302874407604821,0.0,0.0,0.0,0.0,0.0,0.0,0.0,0.132584398711288,0.0,0.312412283968276,0.0,0.0,0.0091517092282283,0.0,0.0035659114875383,0.0,0.402196362634001,0.0038894761686829,0.0612115428227457,0.0377858753222418,0.0701458025173501,0.0,0.0,0.0,0.0,0.0,0.0,0.0617070854303876,0.0,0.0,0.564353252591414,0.0,0.0,0.0,0.0,0.634867463256859,0.767726716302914,0.488596670529281,0.0602742494153937,0.188004424524121,0.435209028525292,0.0,0.0201744300682924,0.0,0.0,0.0,0.0775844502796346,0.0100471310609401,0.0,0.0,0.0,0.0,0.0,1.31145941698009,0.33448885016185,0.0035692130676509,0.0114479104398256,0.0,0.0049343894774299,0.0,0.0,0.0133956695027242,0.0,0.0,0.0,0.0,0.0,0.0767011470229588,0.0088633040476165,0.0,0.311456967671852,0.0037407476815671,0.0,0.0,0.0,0.340230883649914,0.192623914844469,0.0,0.0,0.0056035282190911,0.0033672941222089,0.0038391685151413,0.0066203212018376,0.0,0.0,0.0,0.0,0.12442290546357,0.0,0.193001106629879,0.0,0.0,0.0,0.0832896727476865,0.11087843359402,0.0075447894435967,0.0,0.0,0.0,0.0,0.0139082400164927,0.0038329321024181,0.0108264358156683,0.0076968518627425,0.0047991535015996,0.0,0.0348801990980038,0.004300556764734,0.0,0.0,0.0,0.0516381329645529,0.139309331853312,0.0,0.0,0.49035501345567,0.0,0.0,0.0270384532809882,0.0,0.0,0.1608408858717,0.0138830750158871,0.0141514483259633,0.0134464270623273,0.0,0.0136275042503565,0.0055695011923757,0.0680021185013366,0.0,0.0036813847852959,0.0,0.0643225196184384,0.0,0.0,0.0,0.0861704362612609,0.0362136991926103,0.0,0.0,0.0,0.164458508080131,0.0121609854195648,0.171183580122064,0.0,0.0,0.0,0.0,0.005320005064825,0.0271232521538791,0.0,0.0,0.0,0.0,0.0,0.0,0.0468819254476805,0.0354013543887497,0.0,0.0059198843802574,0.0,0.0,0.0,0.0,0.0,0.0200257577901375,0.0,0.0151403290587113,0.0,0.0,0.0,0.0071121470371293,0.0,0.0,0.0,0.0,0.0,0.0,0.0200043154965558,0.0,0.0049211089838458,0.0230170744207615,0.0078716931997528,0.038428163031526,0.0445295290280304,0.0,0.0,0.135384790793312,0.0,0.0037783888919051,0.0121580659662964,0.0,0.007677278459547,0.0,0.0,0.0,0.0,0.108156995189453,0.0141708774520435,0.0,0.0,0.0,0.0,0.060004209529459,0.0,0.0,0.0,0.0,0.0061729572822255,0.0,0.0,0.0,0.0,0.0,0.0,0.0,0.0045278662922537,0.0,0.0,0.0,0.0,0.0,0.0,0.0,0.0,0.0070253834320175,0.0,0.0068541312706189,0.0173230947090466,0.0792628034863717,0.0,0.0,0.0,0.0,0.0,0.0,0.0,0.0,0.0,0.0,0.0,0.0,0.0,0.0,0.321714384490035,0.433230669403915,0.293632785923755,0.0,0.0266847996180819,0.0,0.0,0.0033834813941899,0.0,0.0,0.0,0.0049589866860198,0.0,0.0,0.0,0.0,0.0,0.0,0.0037849266771204,0.218062944696502,0.0,0.0038898372835627,0.0,0.0,0.0,0.0,0.0,0.0,0.0,0.0,0.0,0.0,0.0,0.0,0.0,0.0064236196995278,0.0,0.0,0.0,0.0,0.253844607261172,0.0334966239773873,0.0,0.0,0.0,0.0,0.0,0.0,0.0,0.0,0.0,0.0,0.0042819038975904,0.0,0.0306733384778153,0.0,0.0,0.0,0.0274709161065038,0.0236107190803919,0.0042623927215189,0.0,0.0,0.0,0.0,0.0138305137892902,0.0,0.0,0.0054155481274632,0.0,0.0,0.0087455632828867,0.0,0.0,0.0,0.0,0.0033779671680133,0.0,0.0,0.0,0.0348873431234296,0.0,0.0,0.0,0.0,0.0,0.0130421905332314,0.0,0.0,0.0,0.0,0.0,0.0,0.0,0.0,0.0,0.0,0.0083193587268784,0.0,0.0
AMB,0.0,0.0,0.0,0.0,0.0,0.0,0.0,0.0,0.0,0.0249209596970247,0.0,0.0,0.0,0.0,0.0,0.0,0.0,0.0,0.0,0.0,0.0,0.0,0.0,0.0,0.0,0.0,0.0,0.0,0.0,0.0,0.0,0.0,0.0,0.0,0.0,0.0,0.0,0.0,0.0,0.0064493606957822,0.0,0.0,0.0,0.0,0.0,0.0,0.0,0.0,0.0,0.0,0.0,0.0,0.0,0.0,0.0,0.0,0.0078038996839031,0.0,0.0,0.0,0.0,0.0,0.0,0.0,0.0125361462893475,0.0,0.0,0.0122364452828262,0.0,0.0036004121086421,0.0,0.0,0.0,0.0,0.0,0.0,0.0,0.0264869919143952,0.0,0.0,0.0,0.0,0.0098225869874767,0.0,0.017256722923732,0.0158843496823902,0.0,0.0,0.0,0.0,0.0,0.0,0.0,0.0,0.0,0.0,0.0,0.0,0.0,0.0,0.0,0.0,0.0,0.0062069170648756,0.0,0.0,0.0,0.0,0.0122236005158101,0.0,0.0,0.0,0.0,0.0,0.0,0.0,0.0,0.0134154701336828,0.0,0.0,0.0,0.0,0.0,0.0,0.0,0.0199742327430098,0.0,0.0,0.0,0.0,0.0,0.0,0.0,0.0,0.0,0.0,0.0,0.0,0.0,0.0,0.0078957778511744,0.0,0.0,0.0,0.0,0.0,0.0,0.0,0.0,0.0,0.0,0.0,0.0,0.0,0.0,0.0,0.0,0.0,0.0,0.0,0.0,0.0,0.0,0.0,0.0,0.0,0.0,0.0,0.0,0.0,0.0038198493448124,0.0106855668253188,0.0152565782887356,0.0083354912099834,0.0,0.0,0.0,0.0,0.0,0.0,0.0,0.0,0.0,0.0041339104369006,0.0,0.0,0.0,0.0,0.0,0.0,0.0,0.0060016386468936,0.0,0.004136659081232,0.0091610494385783,0.0,0.0,0.0,0.0,0.0,0.0,0.0,0.0,0.0,0.0,0.0,0.0,0.0,0.0118898898983567,0.0,0.0,0.0,0.0,0.0,0.0,0.0,0.0,0.0,0.0128642873063835,0.0,0.0,0.0,0.0,0.0,0.0,0.0,0.0,0.0,0.0,0.0,0.0,0.0,0.0,0.0,0.0,0.0,0.0,0.0,0.0,0.0,0.0,0.0,0.0,0.0,0.0,0.0,0.0,0.0,0.0,0.0,0.0,0.0,0.0,0.0,0.0,0.0,0.0,0.0,0.0,0.0,0.0,0.0,0.0,0.0,0.0,0.0045557721234968,0.0,0.0,0.0,0.0,0.0,0.0,0.0,0.0080785888310129,0.0,0.0,0.0066839959969181,0.0,0.0,0.0,0.0,0.0,0.0,0.0,0.0,0.0,0.0137460629662928,0.0,0.0,0.0,0.0,0.0056717951322626,0.0,0.0069390927140515,0.0073250987289227,0.0,0.0,0.0,0.0,0.0,0.0,0.0,0.0,0.0,0.0,0.0,0.0,0.0,0.0,0.0,0.0,0.0,0.0,0.0,0.0,0.0,0.0,0.0049929358714388,0.0,0.0,0.0,0.0,0.0,0.0,0.0,0.0,0.006860324355355,0.0,0.0,0.0,0.0,0.0,0.0,0.0,0.0116399633717325,0.0,0.0,0.0,0.0,0.0,0.0,0.0,0.0,0.0,0.0,0.0,0.0,0.0,0.0,0.0,0.0,0.0,0.0,0.0,0.0,0.0,0.0,0.0,0.0,0.0,0.0,0.0,0.0,0.0,0.0,0.0,0.0,0.0,0.0,0.0,0.0,0.0,0.0,0.0,0.0,0.0,0.0,0.0,0.0,0.0,0.0,0.0040714494534165,0.0043149332053743,0.0,0.0,0.0,0.0,0.0,0.0,0.0,0.0,0.0,0.0,0.0,0.0,0.0,0.0,0.0,0.0,0.0,0.0,0.0,0.0,0.0072529995021138,0.0,0.0,0.0,0.0,0.0,0.0,0.0,0.0,0.0,0.0,0.0,0.0,0.0,0.0050299224096471
AMd,0.0,0.178540771301274,0.18430511829187,0.0,0.0962435007725215,0.0050516226329692,0.0055353574365493,0.0,0.0041989694152849,0.0,0.377547701957656,0.332989527739792,0.0,0.0,0.0,0.003807567340231,0.0356992992038952,0.0,0.0,0.0,0.110151092617004,0.0,0.0,0.0069128794721319,0.0370185280346038,0.0050887887175806,0.0045916971703765,0.0,0.0,0.0497324251540789,0.0,0.0,0.123121907953111,0.0,0.0,0.0,0.0047082268997183,0.0,0.0,0.0,0.0202878471575683,0.0620034911033871,0.0,0.0044618051705466,0.0,0.0,0.0235843687856524,0.0458111024397511,0.0,0.0,0.0,0.0,0.0162345120490067,0.0,0.0225417994916243,0.0116784553163746,0.0,0.0,0.0,0.0,0.0,0.0,0.183223516837193,0.0538787591977928,0.0,0.0,0.0,0.0,0.0,0.0,0.0077012856928905,0.0,0.0,0.0469465874502033,0.0245789593099008,0.0,0.007535114007431,0.0,0.0,0.0,0.0,0.0120679846290299,0.0,0.0876234511660477,0.0,0.0,0.0,0.0,0.0,0.0,0.0581824796360623,0.208312264380446,0.0,0.0,0.0610324658599278,0.0039839846192968,0.004736090152767,0.0215908802371278,0.0,0.0,0.0,0.0137825340242813,0.0069502620978159,0.0,0.0,0.0,0.0142485535390917,0.0145116270168227,0.0,0.0595847232102973,0.0864306693994538,0.0954750862212466,0.0,0.0,0.0,0.0,0.036573640057988,0.0,0.0,0.0056378919630175,0.0,0.0,0.0,0.0,0.0,0.0,0.0678122853486739,0.0,0.111319086394453,0.165849061364812,0.0,0.0,0.124424646995252,0.0,0.0,0.0435972770859172,0.0,0.0,0.0,0.0,0.0,0.233633696292379,0.031741292902476,0.0044105445635245,0.103910584478334,0.211667657555383,0.0,0.0,0.0,0.0307887645549735,0.0976551006351401,0.0,0.0,0.0582946884916413,0.0758650766959232,0.0974795695804063,0.0182346583675032,0.0033345253105041,0.0,0.0,0.0,0.0110966727247244,0.0,0.0180902523225293,0.0,0.0,0.0,0.004131474556105,0.0,0.0,0.0,0.0,0.0,0.0,0.0039068003089741,0.0,0.0,0.0,0.0126151770404484,0.0,0.0,0.0099525231872859,0.128686780010321,0.0,0.0,0.0,0.0,0.0,0.0096820479236348,0.0,0.010986770170528,0.0,0.0461695457549847,0.0,0.0,0.0,0.0062485867535217,0.102085463050755,0.0,0.0,0.0,0.110759858871685,0.0095513327985949,0.0170653694862731,0.004570038697715,0.0,0.0,0.0,0.0,0.0,0.038009270292552,0.0408197470322016,0.0,0.0,0.0,0.0,0.0,0.0,0.0,0.0155768728678708,0.0154458569294529,0.0,0.0,0.0,0.0,0.0,0.0,0.0,0.0,0.0,0.0,0.0,0.0,0.0172161351146185,0.0,0.0,0.0,0.0,0.0,0.0,0.0,0.0087018232186651,0.0,0.0,0.0,0.005383810077448,0.0,0.0,0.0,0.0087584017580769,0.0095161043985855,0.0076260464610307,0.0,0.0,0.0,0.0117455173148421,0.0178974369957689,0.0,0.0,0.0,0.0,0.0,0.0,0.0,0.0,0.0,0.0,0.0,0.0,0.0,0.0,0.0655254773734543,0.0034549525267749,0.0,0.0052514704846879,0.0,0.0,0.0,0.0,0.0,0.0,0.0,0.008394265311564,0.0,0.0,0.0,0.0,0.0,0.0,0.0,0.0,0.0,0.0,0.0,0.0,0.0,0.0,0.0,0.0,0.0096843969475444,0.0271743986297043,0.0,0.0,0.0144793018695869,0.0,0.0,0.0123992731813436,0.0,0.0,0.0,0.0,0.0,0.0,0.0,0.0,0.0074530752957977,0.011847728636773,0.0,0.0056528652061041,0.0117784025721793,0.0094292745221659,0.0,0.0,0.0,0.0,0.009500633540587,0.0,0.0,0.0,0.0,0.0,0.0,0.0,0.0,0.0,0.0184388674160964,0.0,0.0217145989825738,0.0206044655067046,0.0,0.0,0.0613247585326481,0.0,0.0,0.0139895445482219,0.0,0.0,0.0,0.0,0.0,0.0100904705237604,0.0052668939564495,0.0,0.0075337255577027,0.0146236773610585,0.0,0.0,0.0,0.0124011643762956,0.0092998714298877,0.0,0.0,0.0065470290560161,0.0091886439421003,0.0145719449499898,0.0,0.0,0.0,0.0,0.0,0.0,0.0,0.0,0.0,0.0,0.0,0.0,0.0,0.0,0.0,0.0,0.0,0.0,0.0,0.0,0.0,0.0,0.0,0.0,0.0,0.0,0.0272775639281905,0.0,0.0,0.0,0.0,0.0,0.0,0.0,0.0,0.0,0.0,0.0,0.0,0.0,0.0,0.0203810540005938,0.0,0.0,0.0,0.0169737749297491,0.0,0.0,0.0,0.0,0.0,0.0,0.0
AMv,0.0,0.151013812942381,0.150115552694416,0.0,0.0338043613108422,0.0,0.0087161940925143,0.0,0.0071192977046688,0.0,0.141059383769781,0.129745876508631,0.0,0.0,0.0,0.003785838061046,0.0063255639429141,0.0,0.0,0.0,0.059009370756136,0.0,0.0,0.0074130481495693,0.0181260999717629,0.0,0.0,0.0,0.0,0.0164618941994163,0.0,0.0,0.13935812238361,0.0,0.0,0.0,0.0,0.0,0.0,0.0,0.0100088968414589,0.0149939604780926,0.0,0.0074582748312363,0.0,0.0,0.0114189191890303,0.025206897087269,0.0,0.0,0.0,0.0,0.0225578295546955,0.0,0.0355098813961112,0.0172866458252553,0.0,0.0,0.0,0.0,0.0,0.0,0.160270305997182,0.0721322130576289,0.0,0.0,0.0,0.0,0.0,0.0,0.0044575429277086,0.0,0.0,0.0560949658849942,0.0098424621087864,0.0,0.0038905511111645,0.0,0.0,0.0,0.0,0.0108757171568313,0.0,0.0651280882561288,0.0,0.0,0.0,0.0,0.0,0.0,0.0681001527570775,0.040027250252126,0.0,0.0,0.059258126479553,0.0,0.0,0.0218733987526703,0.0,0.0,0.0,0.0088919186869064,0.0103367964920104,0.0,0.0,0.0,0.0143473745407651,0.0146561886881117,0.0,0.0724351637132802,0.0939391828816655,0.109414652008233,0.0,0.0,0.0,0.0,0.0263731655337431,0.0,0.0,0.0083788572514415,0.0,0.0,0.0,0.0,0.0,0.0,0.019556675524064,0.0,0.121767804629005,0.032808813238312,0.0,0.0,0.0676360223821165,0.0,0.0,0.0267380221354907,0.0,0.0,0.0,0.0,0.0,0.091243104379051,0.0275582875579253,0.0,0.0685375122124064,0.0334526217510796,0.0,0.0,0.0,0.0326191470293445,0.130332740459675,0.0,0.0,0.0353342954038444,0.0230509760599749,0.0305079126133941,0.0250634377796408,0.0,0.0,0.0,0.0,0.0083762942541671,0.0,0.0259588594440572,0.0,0.0,0.0,0.0090924653239748,0.0,0.0,0.0,0.0,0.0,0.0,0.0055452269861419,0.0039348466366643,0.0,0.0,0.0141444983498292,0.0,0.0,0.0053234526302324,0.0309215062458106,0.0,0.0,0.0,0.0,0.0,0.0085381894205064,0.0,0.003378847394731,0.0,0.0316856354257265,0.0,0.0,0.0,0.0044880839472837,0.0770576084271193,0.0,0.0,0.0,0.0629251217924617,0.0118719055335725,0.0042856645880467,0.0070488951642902,0.0,0.0,0.0,0.0,0.0,0.0147959427305605,0.016301647935288,0.0,0.0,0.0,0.0,0.0,0.0,0.0,0.0048667399449432,0.0044655348431157,0.0,0.0,0.0,0.0,0.0,0.0,0.0,0.0,0.0,0.0,0.0,0.0,0.0102640712789902,0.0,0.0,0.0,0.0,0.0,0.0,0.0,0.0149214229963339,0.0,0.0,0.0,0.0,0.0,0.0,0.0,0.0051747797833022,0.0,0.0,0.0,0.0,0.0,0.0070131347812072,0.0105711216162244,0.0,0.0,0.0,0.0,0.0,0.0,0.0,0.0,0.0,0.0,0.0,0.0,0.0,0.0,0.0425741905580185,0.005918120033124,0.0,0.0,0.0,0.0,0.0,0.0,0.0,0.0,0.0,0.0096336844103628,0.0,0.0,0.0,0.0,0.0,0.0,0.0,0.0,0.0,0.0,0.0,0.0,0.0,0.0,0.0,0.0,0.0109986748079939,0.0,0.0,0.0,0.0079717148489994,0.0,0.0,0.0091722218182012,0.0,0.0,0.0,0.0,0.0,0.0,0.0,0.0,0.0054917892837039,0.0085261690409495,0.0,0.0053642821290495,0.0076109556774362,0.0074032145960272,0.0,0.0,0.0,0.0,0.0054124453323881,0.0,0.0,0.0,0.0,0.0,0.0,0.0,0.0,0.0,0.0,0.0,0.0119327259475903,0.0,0.0,0.0,0.0375570345217844,0.0,0.0,0.0081180982005265,0.0,0.0,0.0,0.0,0.0,0.0034306411093622,0.0,0.0,0.0064925275262504,0.0,0.0,0.0,0.0,0.019284672118813,0.0161880868618568,0.0,0.0,0.0,0.0,0.0,0.0,0.0,0.0,0.0,0.0,0.0,0.0,0.0040993279784206,0.0,0.0,0.0,0.0,0.0,0.0,0.0,0.0,0.0,0.0,0.0,0.0,0.0,0.0,0.0,0.0,0.0,0.0,0.0,0.0,0.0,0.0,0.0,0.0,0.0,0.0,0.0,0.0,0.0,0.0,0.0,0.0,0.0,0.0071624517597192,0.0,0.0,0.0,0.0064558991889139,0.0,0.0,0.0,0.0,0.0,0.0,0.0
AN,0.0,0.0,0.0,0.0,0.0,0.0,0.0,0.0,0.0,0.0722460384477731,0.0,0.0,1.44190872596941,0.0,0.0,0.0,0.0,0.0,0.0,0.0,0.0072194159608418,0.0,0.0,0.0055291765923658,0.0,0.0,0.0,0.0,0.0179331219400099,0.0034446340283734,0.0,0.003334345661836,0.0,0.0,0.0,0.0,0.165678383077487,0.156384605920201,0.0,0.13376261989932,0.0,0.0,0.776989371685495,0.0,0.0058141007557164,0.0,0.0,0.0041394708367122,0.0,0.0,0.781250463406205,0.0935886909724534,0.0087996406219931,0.0,0.0179959373767872,0.0074856620029636,0.043624318917004,0.0085088662603241,0.0,0.0,0.0047967192662414,0.0,0.0,0.0,0.0743701098848771,0.254597226623394,0.0,0.0554501255768994,0.0,0.021867188250847,0.0045593820047175,0.0,0.0,0.0,0.0,0.0,0.0,0.0518304947109062,0.0,0.0,0.0,0.0,0.0322055920649196,0.0,0.0301241038426698,0.0353686491455439,0.0,0.0,0.0,0.0,0.0,0.0034289170151514,0.0,0.0,0.0,0.0,0.0,0.0,0.0,0.0,0.021119309176923,0.0,0.0,0.554869728136417,0.0,0.0621081581966899,0.0,0.0,0.0995483760213784,0.0,0.0,0.0,0.0,0.0,0.0,0.0,0.0044499948386311,0.105704244145323,0.18165363840104,0.0,0.0,0.0,0.658499871964044,1.76570119683693,0.0617120320709631,0.0501190032937988,0.0,0.0,0.0,0.0,0.0033124944467171,0.0,0.006389361752747,0.0,0.0,0.0037472777214898,0.158346754970241,0.18862845548507,0.289559256921302,0.0703898529221157,0.630618084408822,0.0,0.0033397873110251,0.0,0.0,0.0041618319399044,0.0,0.0,0.0,0.0,0.0,0.0,0.0,0.005277895377554,0.0078791874216637,0.0053901165437921,0.0062918488328241,0.0,0.0,0.0,0.0,0.0,0.493845048432103,0.0,0.0,0.0,0.699310494713455,0.0,0.0,0.0,0.0571845870584847,0.0504191011250195,0.220857871067874,0.192258285135928,0.0,0.0,0.0039184393451252,0.0,0.0,0.0,0.0045720767432068,0.0,0.0,0.36871362990965,0.0063583377252815,0.0,0.0,1.51152335704621,0.0,0.0,0.0,0.555661930355897,0.0,0.0895718867894845,0.0150895738851432,0.0,0.00811074513983,0.0,0.0,0.0,0.0,0.0046320081177372,0.0,0.0,0.0058132705527425,0.0050950571295576,0.0,0.004607975968311,0.0463817572990772,0.0,0.0,0.0,0.0,0.0,0.0,0.0,0.0,0.0,0.0349995830398917,0.0,0.0,0.0054377733985983,0.0,0.0,0.0,0.0,0.0,0.0,0.0,0.0,0.0,0.0,0.0,0.0,0.0,0.0,0.0,0.0166408995931279,0.0,0.003943000248349,0.0,0.0,0.0,0.0,0.0,0.259336944772099,0.0133087355628323,0.0,0.0266741863484606,0.0,0.0,0.0132994014533379,0.0,0.0,0.0,0.0,0.0,0.0,0.0,0.0104089667809837,0.0755726275500776,0.0049424199420328,0.0,0.0179122360339873,0.0072829223805254,0.019382829345837,0.0057995865665419,0.0,0.0046639862626244,0.008539498563391,0.0070506340155281,0.0,0.0,0.040283453268173,0.0047665603171571,0.0,0.0209134426901727,0.0,0.0071137841948889,0.0,0.0,0.0,0.0,0.0,0.0,0.0,0.0333615055615301,0.0,0.0,0.0,0.0,0.0171130648308131,0.0,0.0107395132241433,0.0243102101391145,0.0,0.0,0.0,0.0,0.0,0.0084827848381184,0.0,0.003673526921756,0.0036485503811588,0.0,0.0,0.0,0.0,0.0,0.0117917377080292,0.0,0.0,0.456870518885484,0.0,0.027086569476084,0.0,0.0,0.0304287468322721,0.0,0.0,0.0,0.0,0.0,0.0,0.0,0.0,0.0337420341444125,0.0478677395154634,0.0,0.0,0.0,0.0044051924070983,2.86607617254234,0.0463101695025371,0.0265579595811016,0.0,0.0,0.0,0.0068030404696687,0.0,0.0,0.0053894110349524,0.0,0.0,0.0,0.0,0.296752008242979,0.422484275163176,0.0641385459175204,0.154385536568627,0.0,0.0,0.0,0.0,0.0101870767611603,0.0,0.0,0.0,0.0,0.0,0.0,0.0,0.0,0.0,0.0,0.0,0.0,0.0,0.0,0.0,0.0,0.0125651123927894,0.0,0.0,0.0,1.11139479847932,0.0,0.0,0.0,0.0134177139554053,0.0090257350894713,0.0426696961488562,0.054882110217842,0.0045780421799646,0.0,0.0078657418857196,0.0,0.0,0.0,0.0,0.0,0.0040978699801341,0.0920788484237842,0.0035484646638332,0.0,0.0,2.42236550719883,0.0,0.0,0.0,0.1379244657144,0.0,0.0238857268914983,0.0074908267752024,0.0,0.0075084184320655,0.0,0.0,0.0,0.0,0.0,0.0,0.0,0.0,0.0,0.0,0.0,0.0187847264771543
AOB,0.015009602567693,0.0109252196141873,0.0077352266539709,0.0042568621782906,0.0,0.0,0.0146597771210906,0.0,0.0101170464399542,0.0,0.0063591043865591,0.0050224352472762,0.0,0.795082647114835,0.278219790058313,0.0,0.0,0.0,0.0,0.0,0.0,0.0,0.0,0.0,0.0036466676963832,0.0033476924268144,0.0034096352687076,0.0103726279475102,0.0,0.0,0.0,0.0,0.0046526992002064,0.0364400578351246,0.0822857340991393,0.0,0.0,0.0,0.0,0.0,0.0,0.0,0.0,0.160247351042559,0.0,0.0,0.0109399881688195,0.0047590910487409,0.0,0.0,0.0,0.0,0.0360500267330101,0.0,0.0,0.0055460992116088,0.0,0.0,0.0206753059214336,0.0,0.0,0.0,0.0109906730650074,0.0,0.0,0.0,0.0,0.0,0.0,0.0,0.0,0.0,0.0,0.0047919750389078,0.0,0.0,0.0,0.0,0.0,0.0,0.0,0.0609617086758329,0.0,0.0034967092923086,0.0,0.0,0.0376295778761078,0.0,0.0,0.0,0.0047881987468204,0.0,0.419313472451495,0.0,0.0098793056687317,0.0,0.0,0.0,0.0,0.0,0.0,0.0564496625749328,0.0,0.0,0.0358845080113015,0.0,0.0,0.0,0.0,0.0618038817005082,0.0102091530176972,0.0373262687790408,0.0,0.0,0.0463669608307529,0.0,0.0,0.0,0.0,0.0,0.0,0.0,0.0,0.0,0.0,0.0,0.0,0.0910216079968436,0.0066448223541907,0.0,0.0,0.0,0.0,0.0,0.0,0.0,0.0,0.0,0.0,0.0,0.0,0.0034812335981064,0.0,0.0,0.0,0.0,0.0,0.0,0.0,0.008341472249207,0.005877579473227,0.0,0.0,0.0,0.0,0.0,0.0,0.0,0.0,0.0,0.0,0.0330381138508092,0.0,0.0123311282506462,0.0,0.0,0.0,0.0,0.0,0.0,0.0,0.0,0.0,0.0,0.0,0.0,0.0,0.0,0.0,0.0,0.0,0.0,0.0,0.0,0.0,0.0,0.0408593800537641,0.0,0.0,0.211991105769804,0.0,0.0,0.0050406844875259,0.0,0.0,0.0,0.0,0.0042992410623719,0.0,0.0,0.0,0.0,0.0170714930188494,0.0,0.0,0.0,0.0052515276691733,0.0,0.0,0.0,0.0,0.0,0.0,0.0,0.0,0.0,0.0,0.0,0.0,0.0,0.0,0.0,0.0133766528919889,0.0636426005185034,0.0,0.0,0.0,0.0,0.0,0.0,0.0,0.0,0.0,0.0,0.0,0.0,0.0,0.0,0.0,0.0,0.0,0.0,0.0,0.0034575590450475,0.0,0.0,0.0,0.0,0.0,0.0,0.0,0.0,0.0168134094225831,0.0,0.0,0.0,0.0,0.0,0.0,0.0,0.0,0.0,0.0,0.0,0.0,0.0,0.0,0.0,0.0,0.0,0.0,0.0,0.0,0.0,0.0,0.0,0.0,0.0,0.0,0.0,0.0,0.0,0.0,0.0,0.0,0.0,0.0,0.0,0.0,0.0,0.0,0.0,0.0,0.0,0.0,0.0,0.0,0.0,0.0,0.0,0.0,0.0124012107365498,0.0,0.0,0.0,0.0,0.0,0.0,0.0,0.0,0.0,0.0,0.0,0.0,0.0,0.0,0.0,0.0,0.0071527630830896,0.0,0.0043756298833372,0.0,0.0,0.0,0.0,0.0,0.0,0.0,0.0,0.0,0.0,0.0,0.0,0.0,0.0,0.0,0.0065240861114894,0.0,0.0,0.0,0.0,0.0,0.0,0.0,0.0,0.0,0.0,0.0,0.0,0.0,0.0,0.0,0.0,0.0,0.0,0.0,0.0,0.0,0.0056707074651827,0.0,0.0,0.0,0.0,0.0,0.0,0.0,0.0,0.0,0.0,0.0,0.0,0.0,0.0,0.0,0.0,0.0,0.0,0.0,0.0,0.0,0.0,0.0,0.0,0.0,0.0,0.0,0.0,0.0,0.0,0.0,0.0,0.0,0.0,0.0,0.0,0.0,0.0,0.0,0.0361418432059322,0.0,0.0,0.0,0.0,0.0,0.0,0.0,0.0,0.0,0.0,0.0,0.0,0.0,0.0,0.0,0.0,0.0,0.0,0.0
AON,0.0456460012939652,0.03882243034058,0.0842701048536694,0.197837699440744,0.008005920158112,0.0113845798575167,0.0650466069159348,0.0703269542085969,0.0690203749450386,0.0,0.137090577986195,0.118911262694516,0.0,1.12756006733117,6.34926284116956,0.0,0.0036558370577273,0.0,0.0101675314357205,0.0248303076586711,0.0084961804728529,0.343883921095272,0.283898533276983,0.018616989740428,0.345643461255563,0.219717649854473,0.246678221561363,0.0164495475116064,0.0,0.0068946648928321,0.107151283737851,0.0121910531308807,0.054035991483432,0.987460876411961,0.344014261108264,0.0313312859243618,0.0491370948181977,0.0,0.0,0.0,0.140695801538388,0.0056843700355148,0.0,4.27329905958936,0.0033421192286286,0.0326281747833567,0.90858724564804,0.531466076435007,0.233541605860641,0.319110405631839,0.0,0.0,0.0469155051099847,0.104861724986544,0.0581924097463693,0.144899997114603,0.0,0.0196265920453245,0.0286367724019585,0.0,0.0,0.0,0.452868225020205,0.0533157201423596,0.0,0.0,0.011943096722615,0.0,0.381188251657547,0.0,0.0,0.0,0.0,0.27582378431997,0.0137975145160306,0.0,0.0235625470467697,0.0,0.0106071197368126,0.0087667353569426,0.0096363453643809,0.938142639774691,0.0,0.0757571437280706,0.0,0.0,0.0269722648933442,0.0,0.0,0.0,0.325521660731585,0.0042589315746314,1.33722752483239,0.0053447359454743,0.023240602481915,0.0127819715520541,0.0156677481005276,0.0,0.0,0.124755095660721,0.0,0.806643090352576,0.0153225343380327,0.0,1.07624115813112,0.0,0.0,0.0,0.0,0.204578975382344,0.286809551561469,0.273750061408363,0.202375752557595,0.288990071551907,0.877170023672366,0.0,0.0906209960209324,0.0,0.0052961281498743,0.0169647877869405,0.032711283520789,0.0044282965063861,0.0,0.0,0.0,0.0,0.0059692245997058,2.73933405552981,0.219417276039749,0.0059785043712086,0.0,0.0,0.314160566543069,0.0,0.0,0.0941387261396731,0.0,0.0,0.00724859526182,0.0,0.0,0.265664281624996,0.0054302685503764,0.0076469383503935,0.394962405566613,0.0048418369186965,0.0101341070187649,0.0,0.0083693411858313,0.288567044118888,0.0406360219562194,0.0065556272753378,0.0,0.0052523331045052,0.0039995856791822,0.0089038284198316,0.0081060802836318,0.0086227415398767,0.0,0.0,0.0105794632761021,0.522913643244695,0.0,0.0280934294970812,0.0,0.0,0.0,0.0358948544872502,0.0056020496224999,0.0,0.0,0.0,0.0,0.0,0.009891139819077,0.0,0.0,0.0042006843775053,0.0066678383587891,0.0,0.0184566178734377,0.0,0.0048615846406107,0.0,0.0,0.0263884358949095,0.369452003123049,0.0049982390384258,0.0634625958869,6.39548570385086,0.0056761859340883,0.0,0.0101129972794784,0.0,0.0,0.0799367361193179,0.0,0.0097188974448043,0.0,0.0,0.0,0.0046752117094638,0.0052434644161232,0.0040547836740766,0.0,0.0,0.0,0.0100458341410139,0.0,0.0,0.0172458476101136,0.0161070309389809,0.0544063237890813,0.0,0.0,0.0053482587025094,0.0063884761781054,0.0064469209163834,0.0,0.0,0.0,0.0,0.113885907624446,0.653012881746094,0.0,0.0,0.0,0.0,0.0077177928756553,0.0,0.0427338111585497,0.0410066645920231,0.0,0.0225273989419481,0.0044692244543147,0.0,0.0,0.0,0.0,0.0132827275625168,0.0128356669758903,0.0042036973291275,0.0273466770827144,0.0194452691848699,0.0062207303969848,0.0494197232953815,0.0,0.0,0.0,0.0061524672829436,0.0,0.0,0.217273726826749,0.0046943100103965,0.0055064998494343,0.11041795873921,0.0619033958931972,0.0262231028307391,0.039556561388936,0.0,0.0,0.010083420291372,0.0062779241891055,0.0,0.0,0.0,0.0,0.0,0.0,0.0,0.0,0.0964842038175906,0.0132895296523897,0.0,0.0,0.0131185840398567,0.0,0.0417961462800433,0.0,0.0,0.0,0.0,0.116535727072073,0.0,0.0,0.0,0.0,0.0052916074022278,0.0,0.0,0.0,0.0,0.0112377827234101,0.0,0.0,0.0,0.0,0.0,0.0,0.135626108150983,0.0,0.140061399976561,0.003715199310436,0.0153549744661245,0.0,0.0,0.0,0.0,0.0598986079185945,0.0,0.0074149763389292,0.0050223575022216,0.0,0.0259477514857956,0.0,0.0,0.0,0.0,0.0210068436202117,0.0743258926734606,0.0529881153185277,0.0500617643602221,0.0373795426197012,0.0242329777856816,0.0,0.0079512382205268,0.0,0.0,0.0,0.0054475399841746,0.0,0.0,0.0,0.0,0.0,0.0,0.0695174536139888,0.0853502353701745,0.0,0.0,0.0,0.0286559064395173,0.0,0.0,0.0074812390734653,0.0,0.0,0.0069309378397601,0.0,0.0,0.0114678791798456,0.0,0.0,0.0831210723395051,0.0,0.0,0.0,0.0,0.220785527238931,0.0187366016563703,0.0034031061430519,0.0,0.0,0.0,0.0,0.0,0.0,0.0,0.0,0.0048909147147083,0.0,0.0,0.018490295382429,0.0,0.0,0.0,0.0155204955601338,0.0,0.0,0.0,0.0,0.0,0.0,0.0,0.0,0.0,0.0,0.0,0.0,0.0,0.0,0.0,0.0,0.0,0.0053311403980755,0.0061235424874419,0.0044141543775523,0.0302666940383214,0.547574339771588,0.0,0.0,0.0,0.0,0.0,0.0062493853355815,0.0,0.0,0.0,0.0,0.0,0.0,0.0,0.0,0.0,0.0,0.0,0.0034625989446707,0.0
APN,0.0,0.390997339303387,0.316945645310519,0.0,0.0,0.0149761637426671,0.0139154743759814,0.0105829935799201,0.0064733502811479,0.0199060002547673,0.0,0.0,0.0,0.0,0.0,0.899024356391996,0.0258420575021105,0.189155738955208,0.089302850059349,0.0481404331715158,0.0057311388009206,0.0,0.0,0.0,0.0,0.0,0.0,0.0,0.0,0.0064970357237656,0.0,0.0574491876420142,0.0,0.0,0.0,0.0,0.0352428297330273,0.0,0.0872713445831916,0.0084484336956062,0.0,0.0164525855759735,0.0,0.0,0.0207439694780465,0.0172571485287136,0.0,0.0,0.0,0.0,0.0,0.0,0.031910796649945,0.0,0.0099994784459257,0.0052892877713151,0.0594667910814304,0.010410759585324,0.0037714213044092,0.0663066793432772,0.074185235370817,0.111153357703759,0.0735966726034888,0.0,0.0309985879312625,0.0,0.0203150564226571,0.0159348859224649,0.0,0.0133136232035288,0.0,0.0093565931957704,0.0102070303366227,0.0,0.0264083333643763,0.0412295611927446,0.0,0.0172579046474067,0.0,0.0,0.0,0.0,0.0793562642185503,0.0,0.0,0.00954039467884,0.0,0.031056347083323,0.0665662985056481,0.0397749280866397,0.0,0.0,0.0,0.158001120394509,0.215290237316449,0.0,0.0,0.259307035199334,0.259284252752684,0.0,0.0353750648814081,0.0,0.0086487311966498,0.0321871645806788,0.0,0.0,0.418991666699154,0.368026270570297,0.0121033970787832,0.0233430550285943,0.0095511094262729,0.0137328756418775,0.0,0.0,0.0,0.130327337069474,0.0,0.0081750485077604,0.0337181337590615,0.006519608525979,0.0174037385178061,0.0297134960946003,0.0,0.0145661590102941,0.0376459266671307,0.0348567992792958,0.0122513013656516,0.0,0.0608936844618023,0.0,0.0226033097883677,0.11596477888512,0.0,0.0534758179897958,0.1123838439663,0.0,0.0,0.0680550588495684,0.0781819031364688,0.0390103860970046,0.0301161592758813,0.0,0.552392322790191,0.0108365565922671,0.0,0.0040556843760887,0.0,0.0,0.0271443582338314,0.0,0.0,0.246820701407251,0.203607346569905,0.461081279500499,0.488539456421945,0.471533568220258,0.0039777261451957,0.0162353696382949,0.252425404198747,0.231748116770239,0.0,0.0,0.0,0.0159417441809175,0.19749250068541,0.168466562000302,0.0387275450532806,0.0,0.0,0.0241396387956494,0.010818748858053,0.0,0.0,0.0073003143171265,0.431544849583963,0.276815293460136,0.0785826893362467,0.153413271770774,0.60178301234472,0.225321561173348,0.0973183961155003,0.286825528437749,0.0045392544468488,0.0326365991891274,0.0151843264467334,0.0464492814392496,0.0,0.0183523497731503,0.0,0.0,0.0193514412565884,0.0329014320363423,0.0132820520497729,0.0136799817649384,0.0179590864621633,0.015153701150303,0.726151138910516,0.72780251444802,0.329353853591411,0.207823888952466,0.167888966004729,0.517561696201683,0.033680926838671,0.0282681480237508,0.0,0.0,0.0080828676143072,0.176369742651802,0.0097327750261005,0.0,0.0,0.0,0.0,0.0,0.0,0.0,0.0,0.0,0.0352032338723796,0.0,0.0,0.0056356717885682,0.0,0.0,0.027679984018059,0.0,0.0,0.0,0.0,0.0,0.0,0.0,0.0,0.0,0.0,0.0,0.0,0.0336652932621405,0.0,0.0,0.0211513981738826,0.0,0.0,0.0,0.0,0.0,0.0301913298842463,0.0063756565558897,0.0631849309843695,0.0,0.0,0.45933729087873,0.0,0.0075041894236331,0.0,0.0,0.0,0.0,0.0,0.0,0.0285087142144389,0.0,0.0,0.0,0.0,0.0579263589622378,0.0,0.0,0.0,0.0,0.0,0.0055488345659771,0.0,0.0269903626091513,0.472115405477342,0.0045548118926092,0.0266640307130671,0.0,0.0117270202898147,0.0,0.0,0.0,0.0,0.0,0.0,0.0,0.02723102148806,0.0,0.0,0.0,0.0,0.0770869544392522,0.0,0.054464203304094,0.0307750151061395,0.0,0.0,0.0,0.0,0.0,0.0,0.0,0.0,0.0042196636234937,0.0,0.0,0.0470920942451422,0.027262266901115,0.0,0.0166346805527859,0.0,0.0,0.0307551564098447,0.0,0.0668417618958113,0.0341396904381851,0.0494717040836845,0.109336965690751,0.0047718657029971,0.0,0.0,0.0,0.0,0.0,0.0230190993072504,0.0,0.0358516013075671,0.0147427576012518,0.0,0.0,0.0,0.0063958679428584,0.0042183585725806,0.042078759213261,0.0412353466756323,0.0,0.0,0.0,0.0,0.0,0.0,0.0,0.0,0.012642711474385,0.0,0.0474698438363132,0.0115199408404048,0.0060658892481746,0.052570681429221,0.0530923926593242,0.0,0.0,0.0,0.0,0.0,0.0,0.0,0.0,0.0,0.0,0.0490829155467282,0.0336073159403695,0.0,0.0,0.0,0.0,0.0,0.0138890386039781,0.0080548584386876,0.0,0.0,0.0127287167947117,0.0,0.0265746773463943,0.01570275995188,0.0118404707703431,0.0,0.0,0.0,0.0239762960196464,0.0621963869701028,0.120488416801245,0.0532759508565262,0.0,0.0,0.0,0.0,0.0,0.0,0.0,0.0348487443527446,0.0,0.0254042825371911,0.0049322991278649,0.0,0.0,0.0052029816489269,0.0,0.0,0.0,0.0414879786074812,0.0,0.0496184824094034,0.0191215824999936,0.0,0.0,0.0,0.0,0.0,0.0,0.0,0.0,0.0,0.0,0.0,0.0,0.0385768234249191,0.086874353119391
ARH,0.0323652344725839,0.0,0.0037239789818232,0.0,0.0,0.0308533100716455,0.0,0.0,0.0,0.0,0.0,0.0,0.0,0.0,0.0035157865283565,0.0,0.0876437368933558,0.0,0.0,0.0,0.0,0.016201205175709,0.0163072843195109,0.0310537871048367,0.0034614566208965,0.0,0.0,0.0085169684192676,0.0,0.0,0.0,0.0,0.0,0.0050191897742655,0.0104372195048141,0.0,0.0,0.0,0.0,0.0,0.0,0.0429550244476454,0.0,0.005906911506613,0.0,0.0,0.0,0.0,0.0051272946298517,0.014085626858316,0.0,0.0,0.0,0.0,0.0,0.0,0.0,0.0,0.0151815580288315,0.0,0.0,0.0,0.0211920865993487,0.0,0.0,0.0,0.0,0.0,0.0108068955142905,0.0,0.0,0.0,0.0,0.0,0.018554999641183,0.0,0.0209736160953535,0.0,0.0,0.0,0.0,0.0,0.0,0.0,0.0,0.0,0.0219984292939497,0.0,0.0094383295251706,0.0044174333052359,0.0,0.0230734046663259,0.0,0.0,0.0,0.0401688555189752,0.033506623605481,0.0,0.0,0.0351215575104185,0.0,0.003720889756836,0.0,0.0,0.004667187528835,0.0,0.0,0.0,0.0,0.0,0.0,0.0,0.0063845597154281,0.0255657051938122,0.005410696117685,0.0,0.0,0.0,0.0052862407142216,0.0,0.0,0.0,0.0,0.0,0.0,0.0045381968185621,0.0165666577906301,0.0,0.0034061097086784,0.034177084604059,0.0,0.0061411548314159,0.0050266733158871,0.0066381933696874,0.0,0.0,0.0,0.0,0.0,0.0,0.0,0.0079926127986359,0.0,0.0371161041900219,0.0045675051581934,0.0698769981192022,0.0507947741706689,0.0,0.0393137083342938,0.0041228527973679,0.0,0.0,0.0,0.0,0.0,0.0,0.0,0.0416267340169635,0.0,0.0,0.0,0.0,0.0,0.0,0.0,0.0,0.0,0.0,0.0,0.0057575385257529,0.0,0.0,0.0,0.0,0.0,0.0,0.0,0.0,0.0,0.0,0.0,0.0,0.0153923370957316,0.0,0.0,0.0,0.0067440764956136,0.0,0.0645475258707242,0.0047522078875572,0.0800701501917035,0.0,0.0,0.0,0.0,0.0,0.0,0.0,0.0,0.0,0.0,0.0,0.0,0.0676262194449073,0.0,0.0,0.0,0.0,0.0,0.0040576197307937,0.0,0.0,0.0,0.0,0.0061568397604205,0.0,0.0,0.0,0.0,0.0,0.0,0.0,0.0,0.0,0.0,0.0152651788071591,0.0,0.0,0.0,0.0,0.0,0.0,0.0055875089927782,0.0,0.0,0.0,0.0,0.0,0.0,0.0,0.0,0.0,0.0,0.0,0.0,0.0,0.0,0.0,0.0,0.0,0.0105604415715321,0.0,0.0,0.0,0.0,0.0,0.0,0.0,0.0,0.0,0.0,0.0,0.0,0.0,0.0,0.0,0.0,0.0,0.0,0.0,0.0,0.0,0.0,0.0,0.0,0.0,0.0,0.0,0.0,0.0,0.0,0.0,0.0,0.0041636321585749,0.0,0.004627824235745,0.0,0.0,0.0,0.0,0.0,0.0,0.0,0.0,0.0,0.0,0.0,0.0,0.0,0.0,0.0070947408965091,0.0,0.0,0.0,0.0109907333402967,0.0087373896294396,0.0,0.0,0.0051369430812078,0.0,0.0,0.0,0.0,0.0,0.0,0.0,0.0,0.0,0.0,0.0,0.0,0.0,0.0,0.0,0.0,0.0,0.0,0.0,0.0,0.0,0.0,0.0,0.0,0.0,0.0,0.0052843892115806,0.0,0.0,0.0105718560976745,0.0,0.0,0.003824063439923,0.0,0.0,0.0,0.0,0.0,0.0,0.0,0.0,0.0,0.0,0.0094878192475096,0.0,0.0159053514040564,0.0144740382146877,0.0,0.006076465844552,0.0,0.0,0.0,0.0,0.0,0.0,0.0,0.0,0.0093465364684339,0.0,0.0,0.0,0.0,0.0,0.0,0.0,0.0,0.0,0.0,0.0,0.0,0.0,0.0,0.0,0.0,0.0,0.0,0.0,0.0,0.0,0.0,0.0,0.0,0.0050931698250266,0.0,0.0,0.0,0.0,0.0,0.0109554441305281,0.0,0.0142557901462647,0.0,0.0,0.0,0.0,0.0,0.0,0.0,0.0,0.0,0.0,0.0,0.0,0.0117684638757479,0.0,0.0,0.0,0.0,0.0
AUDd,0.0,0.0543642190610487,0.0133803283113256,0.0,0.0040948041883257,0.0,0.0,0.0179658726637996,0.0,0.0,0.0033690512506881,0.0070035115852776,0.0,0.0,0.0,0.0,0.0,2.83245674250395,1.79419375150278,1.28752574032204,0.0284715935341171,0.0084908611099289,0.0055948985293828,0.0,0.0146152064667755,0.0,0.0,0.0,0.0,0.0051900211212475,0.0041232417793544,0.0,0.0,0.0,0.0,0.0,0.0,0.0,0.0,0.0,0.0,0.0,0.0,0.0,0.0,0.302259442020148,0.0732671692713489,0.0645531735212073,0.0077657080604948,0.0081609501590897,0.0,0.0,0.0056952576397874,0.0,0.0199370844472993,0.0082279403922894,0.0,0.0,0.0,0.0044764856785535,0.0,0.0093533383834518,0.0233341033881041,0.0,0.0,0.0,0.0,0.0,0.0119891341405145,0.0,0.0050483344591616,0.10010541405904,0.0941064598555833,0.0,0.0,0.121281743894533,0.0,0.0,0.0,0.0,0.0,0.0,0.0,0.0,0.0,0.0,0.0,0.334534854095267,0.231372207639017,0.221192998718129,0.0,0.0,0.0,0.0404518788885235,0.0505488738666219,0.0,0.0,0.0,0.0,0.0,0.0,0.0,0.0,0.0,0.0,0.0,0.0,0.0,0.0,0.0364675280871791,0.0451163410429002,0.0856277683432909,0.0,0.0038376597754616,0.0,0.0,0.0089701804390712,0.0,0.0,0.0,0.297103219078342,0.005257445978917,0.0,0.0,0.0,0.0,0.0,0.0,0.0167658705924045,0.0,0.0124796946475379,0.342980806757114,0.0,0.232721033943248,0.0,0.0055547950197596,0.0,0.0,0.0,0.0,0.0,0.0,0.378970230183806,0.0,0.0,0.0,0.0,0.0,0.0,0.0,0.0,0.0,0.0,0.153818808746968,0.0576113312555537,0.0326566238335865,0.0128680204801353,0.0,0.0,0.0,0.0,0.0,0.0,0.0034414536758318,0.0,0.0,0.0,0.0,0.0,0.0656284263757245,0.0,0.0,0.0,0.0,0.373836459145587,0.195511459672875,0.0,0.0555444047136245,0.361011464175767,0.0820778777318578,0.520853076491564,0.0056500796087627,0.0,0.0,0.0,0.463812854957464,0.0,0.0,0.0,0.0,0.0,0.0,0.0300073403586165,0.0,0.0,0.0366338312322431,2.01672514250474,0.431061457708715,0.217097668196804,0.0191129505070959,0.135548906043574,0.110449671955074,0.0060316893955762,0.0,0.0117108346034337,0.0089129730276794,0.0,0.0,0.0,0.0,0.0063536378265042,0.0,0.0,0.0,0.0,0.0,0.0034139808392906,0.0,0.0,0.0,0.0,0.0,0.0,0.0,0.0,0.0,0.541239440536579,0.236183926288042,0.155113052771088,0.0,0.0038721641266868,0.0,0.0,0.0,0.0,0.0,0.0,0.0,0.0,0.0,0.0,0.0,0.0,0.0,0.0,0.0,0.0,0.0,0.0,0.0,0.0,0.0,0.0,0.0,0.0365337679767805,0.0166039539444159,0.0054701211450834,0.0036326439110539,0.0037260000825827,0.0,0.0,0.0,0.0,0.0,0.0,0.0,0.0,0.0,0.0,0.0,0.0,0.0,0.0,0.0,0.0,0.0,0.0,0.0055129620936469,0.0,0.0,0.0,0.0,0.0,0.0,0.0,0.0,0.0,0.0,0.0,0.0,0.0,0.0,0.0,0.0,0.0,0.0,0.0,0.0,0.0,0.0,0.0,0.0,0.0073528127895947,0.0077169344423926,0.0,0.0,0.0,0.0,0.0,0.0,0.0,0.0,0.0,0.0,0.0,0.0,0.0,0.0,0.0042826039934397,0.004090258761676,0.007666091265973,0.0,0.0,0.0,0.0,0.0,0.0,0.0,0.0,0.036140432007364,0.0,0.0,0.0,0.0,0.0,0.0,0.0,0.0,0.0,0.0,0.0,0.0,0.0,0.0,0.0,0.0,0.0,0.0,0.0,0.0,0.0,0.0550095036165384,0.0,0.0,0.0,0.0,0.0,0.0,0.0,0.0,0.0,0.0,0.0201905682034021,0.0038944570807722,0.0,0.0,0.0,0.0,0.0,0.0,0.0,0.0,0.0,0.0,0.0,0.0,0.0,0.0,0.0,0.0,0.0,0.0,0.0,0.0701271812387316,0.0356363629951251,0.0,0.0195750262349343,0.0541210715343416,0.0151500547708973,0.1188880599306,0.0,0.0,0.0,0.0,0.0498246203265096,0.0,0.0,0.0,0.0,0.0,0.0,0.0,0.0,0.0,0.005862376322938,0.469495017842742,0.0563035002452095,0.0341653155173203,0.0,0.0165965721500264,0.0163600698686239,0.0,0.0,0.0,0.0,0.0,0.0,0.0
AUDp,0.0,0.0206795701478235,0.0071602206384218,0.0,0.0,0.0,0.0,0.0213651297972131,0.0,0.0,0.0,0.0,0.0,0.0,0.0,0.0,0.0,4.56919252081904,5.81851745277889,5.30811301570896,0.0051517267627485,0.0126214346966775,0.0089634833008449,0.0,0.0251022383168096,0.0039113928178687,0.0,0.0,0.0,0.0,0.006078498476654,0.0,0.0,0.0,0.0,0.0,0.0,0.0,0.0054418995964769,0.0,0.0049039687810675,0.0,0.0,0.0,0.0,1.28463383200788,0.134587682326304,0.117651677845514,0.0108644416439992,0.0119859480172235,0.0,0.0,0.0046574110281903,0.0,0.0053861632501617,0.0,0.0,0.0,0.0,0.0076152004790082,0.0036852963605521,0.016143909554924,0.0146828743744884,0.0,0.0,0.0,0.0,0.0,0.0166641265414077,0.0,0.0,0.217406671742521,1.31448552703299,0.0,0.0,0.282658552554931,0.0,0.0,0.0,0.0,0.0,0.0,0.0,0.0,0.0,0.0,0.0,2.7152655226185,1.29793591087616,2.69129535801556,0.0,0.0,0.0,0.0085279929434771,0.0183559554097008,0.0,0.0,0.0,0.0,0.0,0.0,0.0,0.0,0.0,0.0,0.0,0.0,0.0,0.0037632396701915,0.0244897433053665,0.0327919973519952,0.0613774036270297,0.0,0.0073866609461827,0.0,0.0,0.0217038256436316,0.0,0.0,0.0,1.25804760133254,0.0,0.0,0.0,0.0,0.0,0.0,0.0,0.0075029380527072,0.0,0.0,1.20934739541561,0.0,2.38740465356971,0.0,0.0146311360255676,0.0,0.0,0.0,0.0,0.0,0.0,0.226425633062372,0.0,0.0,0.0,0.0,0.0,0.0,0.0,0.0,0.0,0.0,0.0678474996491059,0.0223592266660511,0.008791175651363,0.0,0.0,0.0033941680243417,0.0,0.0,0.0,0.0,0.0,0.0,0.0,0.0,0.0,0.0,0.15746558887931,0.0,0.0,0.0,0.0,0.169831602393367,0.0309666653355443,0.0,0.0425593907203162,0.089158370758761,0.019525293776776,0.67528425744143,0.012827547874908,0.0,0.0,0.0,1.91262652470134,0.0,0.0,0.0,0.0,0.0,0.0,0.0,0.0,0.0,0.0409084682353023,2.28772052672703,0.256053414673712,0.306967803388065,0.0207452437358872,0.218829240402242,0.0675325538824479,0.0,0.0,0.0,0.0,0.0,0.0,0.0035416445114095,0.0,0.0041980428252977,0.0,0.0,0.0,0.0,0.0,0.0047813235985129,0.0,0.0,0.0,0.0,0.0,0.0,0.0,0.0,0.0,0.957663401947839,1.07281598217625,0.948725222020027,0.0,0.0041278499806193,0.0,0.0,0.0,0.0,0.0,0.0,0.0,0.0,0.0044743847857478,0.0,0.0,0.0,0.0,0.0,0.0,0.0,0.0,0.0,0.0,0.0,0.0,0.0,0.0,0.164550004881278,0.0151407064833128,0.0047643042468828,0.0049437906045646,0.0039930347760968,0.0,0.0,0.0,0.0,0.0,0.0,0.0,0.0,0.0,0.0,0.0,0.0,0.0,0.0,0.0,0.0,0.0,0.0,0.0062953268230894,0.0,0.0,0.0,0.0,0.0,0.0,0.0,0.0,0.0,0.0,0.0,0.0,0.0,0.0,0.0,0.0,0.0,0.0,0.0,0.0,0.0,0.0,0.0,0.0,0.0,0.0041178226728284,0.0,0.0,0.0,0.0,0.0,0.0,0.0,0.0,0.0,0.0,0.0,0.0,0.0,0.0,0.0,0.0,0.0059607405189126,0.0,0.0,0.0,0.0,0.0,0.0,0.0,0.0,0.161221012956944,0.0,0.0,0.0,0.0,0.0,0.0,0.0,0.0,0.0,0.0,0.0,0.0,0.0,0.0,0.0,0.0,0.0,0.0,0.0,0.0,0.0,0.0508405645706839,0.0,0.0,0.0,0.0,0.0,0.0,0.0,0.0,0.0,0.0,0.0119983694520932,0.0,0.0,0.0,0.0,0.0,0.0,0.0,0.0,0.0,0.0,0.0,0.0,0.0,0.0,0.0,0.0,0.0,0.0,0.0,0.0,0.0427364218957138,0.0072316421384298,0.0,0.0224558637602701,0.020263743001232,0.0063080904554057,0.173372463764566,0.0,0.0,0.0,0.0,0.263221042140296,0.0,0.0,0.0,0.0,0.0,0.0,0.0,0.0,0.0,0.006693786468853,0.473102517809491,0.0644072945003447,0.0507116117925428,0.0,0.0222757252577226,0.0187555860193102,0.0,0.0,0.0,0.0,0.0,0.0,0.0
AUDv,0.0,0.0232023787995442,0.0073510511644699,0.0,0.0,0.0,0.0034023885372366,0.0520580988166328,0.0037710863748438,0.0,0.0,0.0,0.0,0.0,0.0,0.0,0.0,1.47720505486531,2.14841644457229,2.64968104579056,0.0,0.0438512201336566,0.0360099305167622,0.0,0.0346301692112806,0.0078178508116691,0.0048004025920895,0.0040289372675906,0.0,0.0,0.0097510025985321,0.0,0.0,0.007112840377611,0.005038324723699,0.0,0.0,0.0,0.0,0.0,0.0077989222002388,0.0,0.0,0.0,0.0,1.05421444142743,0.175117769676445,0.144696668379854,0.0271788608666108,0.0402615122807945,0.0,0.0,0.0049730087012238,0.0,0.0179383544755138,0.0080030522690145,0.0,0.003397613594204,0.0,0.0,0.0,0.0063686253481449,0.0158334269011876,0.0,0.0,0.0,0.0,0.0,0.0472221920755863,0.0,0.0,0.205510506882164,1.58433419004207,0.0,0.0,0.219127876863723,0.0,0.0,0.0,0.0,0.0,0.0,0.0,0.0,0.0,0.0,0.0,2.98745510094765,1.43182281744711,3.19252885810427,0.0,0.0,0.0,0.0279263057421397,0.0231277015055914,0.0,0.0,0.0,0.0,0.0,0.0,0.0,0.0,0.0,0.0067085368931682,0.0,0.0,0.0,0.0,0.0198899492631048,0.0300640282831752,0.0472953429276013,0.0,0.0398715782903284,0.0074802199242112,0.0,0.0302782622877845,0.0,0.0,0.0,1.03530644708651,0.0063825982676827,0.0,0.0,0.0,0.0,0.0,0.0092492347612262,0.0121905489008887,0.0,0.0092711390548929,1.12190459942042,0.0,2.810442833144,0.0,0.0212751920900495,0.0,0.0,0.0,0.0,0.0,0.0,0.102664436251115,0.0,0.0,0.0,0.0,0.0,0.0,0.0042395908065334,0.0,0.0,0.0,0.0620572634867898,0.0151654298137122,0.0067533891776987,0.0,0.0,0.0,0.0,0.0,0.0,0.0,0.0,0.0,0.0,0.0,0.0,0.0,0.150182608341798,0.0,0.0,0.0,0.0,0.184591243525406,0.150890035883385,0.0,0.0522256710721086,0.206919621774662,0.0619686605775577,0.337167538979804,0.0080058095028596,0.0,0.0,0.0,1.30944826052817,0.0075656838477373,0.0,0.0,0.0,0.0,0.0,0.0,0.0,0.0,0.101612018252619,0.741138868271004,0.0913736388784354,0.1670687925493,0.008221729407796,0.133205834931112,0.0315197504078856,0.0,0.0,0.0,0.0,0.0,0.0,0.0,0.0,0.0072557122624659,0.0,0.0,0.0,0.0,0.0,0.0062731408178312,0.0,0.0,0.0,0.0,0.0,0.0,0.0,0.0,0.0,0.274158539701052,0.427386471600408,0.512494462190145,0.0,0.0179339737836146,0.0120532854527336,0.0,0.0038723426797534,0.0,0.0,0.0,0.0,0.0,0.0067885732639898,0.0,0.0,0.0,0.0,0.0,0.0,0.0,0.0,0.0,0.0,0.0,0.0,0.0,0.0,0.184640357397059,0.0207710051904862,0.0058962127640539,0.0153605059651243,0.0171798347913098,0.0,0.0,0.0,0.0,0.0,0.0,0.0,0.0,0.0,0.0,0.0,0.0,0.0043391986598231,0.0,0.0,0.0,0.0,0.0,0.0247793468800394,0.0,0.0,0.0,0.0,0.0,0.0,0.0,0.0,0.0,0.0,0.0,0.0,0.0,0.0,0.0,0.0,0.0,0.0,0.0,0.0,0.0,0.0,0.0,0.0,0.008990913547376,0.007603828766115,0.0,0.0,0.0,0.0,0.0,0.0,0.0,0.0,0.0,0.0,0.0,0.0,0.0,0.0,0.0059962446528694,0.0097559607019601,0.0134914387419606,0.0,0.0082754066368648,0.0,0.0,0.0,0.0,0.0,0.0,0.181349966722894,0.0,0.0,0.0,0.0,0.0,0.0,0.0,0.0044750853982694,0.0,0.0,0.0,0.0,0.0,0.0,0.0,0.0,0.0,0.0,0.0,0.0,0.0,0.0268860495555314,0.0,0.0,0.0,0.0,0.0,0.0,0.0,0.0,0.0,0.0,0.0244469547033666,0.0067025913651245,0.0,0.0,0.0,0.0,0.0,0.0,0.0,0.0,0.0,0.0,0.0,0.0,0.0,0.0,0.0,0.0,0.0,0.0,0.0,0.0555428702920772,0.0430838440791153,0.0,0.0187832012105125,0.062876288126373,0.0210580151581561,0.0814010181948584,0.0,0.0,0.0,0.0,0.232670661431929,0.0,0.0,0.0,0.0,0.0,0.0,0.0,0.0,0.0,0.0092529699937591,0.130268640109544,0.0272589297743964,0.0335337950496614,0.0,0.0175517819071608,0.0104467483916368,0.0,0.0,0.0,0.0,0.0,0.0,0.0
AV,0.0,0.215845230771403,0.181363801492287,0.0,0.835954157602454,0.0035552745046936,0.0,0.0,0.0,0.0,0.231431471928812,0.194311866478201,0.0,0.0,0.0,0.0138295759414272,0.0,0.0067577822274205,0.0,0.0,1.06475922142288,0.0,0.0,0.0034089787139326,0.0315601455794084,0.0062201978026446,0.006418865359314,0.0,0.0,0.257954169835632,0.0,0.0,0.0523249806595145,0.0,0.0,0.0,0.0,0.0,0.0,0.0,0.0217612057394996,0.0048172926361605,0.0,0.0,0.0,0.0,0.0186171918862668,0.0550888809932452,0.0,0.0,0.0,0.0,0.0051764935159917,0.0,0.0141055178914659,0.0057459239099687,0.0,0.0,0.0,0.0,0.0,0.0,0.0865907318512093,0.0211763350240536,0.0,0.0,0.0,0.0,0.0,0.0,0.123546836080243,0.0,0.0,0.0124872572887639,0.007317554658791,0.0061025893861213,0.0061717922896031,0.0,0.0,0.0,0.0,0.0,0.0,0.105729574856906,0.0,0.0,0.0,0.0,0.0,0.0,0.0115157540805009,0.0120190874773843,0.0,0.0048570876807877,0.0893019732717717,0.0,0.0037000327985194,0.075321646664963,0.0,0.0,0.0,0.0,0.0146614353678543,0.0,0.0,0.0,0.0497812723989612,0.049392360446421,0.0,0.0130256001084715,0.027633323815408,0.0238797828361319,0.0,0.0,0.0,0.0075580432401489,0.0572017732367643,0.0,0.0,0.0123411470584784,0.0,0.0,0.0,0.0,0.0,0.0,0.0046569730941731,0.0,0.0548477334476919,0.0099027405369727,0.0134739332302647,0.0,0.0667264228492013,0.0,0.0,0.0620748739047257,0.0,0.0,0.0,0.0,0.0,0.0734539332817303,0.0584374852921,0.0,0.0217043985895573,0.0126669254560831,0.0,0.0,0.0,0.0117311114185109,0.0417883226945078,0.0035376648409251,0.0,0.0983191106168712,0.23473341423888,0.395437692045689,0.097645652651263,0.0,0.0066081497491839,0.0,0.0,0.0,0.0,0.0090340012947037,0.0,0.0,0.0,0.0,0.0,0.0,0.0,0.0,0.0,0.0,0.0144616076345756,0.0095999530940255,0.0,0.0,0.032584292206412,0.0052198092557042,0.0,0.0082185062941714,0.0073997635819135,0.0,0.0,0.0,0.0,0.0,0.0050715179680235,0.0,0.0,0.0,0.181079783077771,0.0,0.0,0.0,0.0289860621275088,0.160587669437728,0.0102934080707873,0.0053906312603957,0.0,0.168932266867281,0.0071050463340547,0.0,0.0330459795681554,0.0047548061610528,0.0,0.0033314992174715,0.0,0.0,0.0090706319697782,0.008899914397458,0.0,0.0,0.0,0.0,0.0,0.0,0.0,0.0,0.0,0.0,0.0,0.0,0.0043301195223104,0.0,0.0,0.0,0.0,0.0,0.0,0.0,0.0,0.0111032715661203,0.0,0.0,0.0,0.0,0.0,0.0,0.0,0.0,0.0,0.0,0.0,0.0,0.0,0.0,0.0076378645769014,0.0071365211111768,0.0,0.0290390214349106,0.0,0.0,0.0,0.006762748506344,0.0141984492735941,0.0,0.0,0.0,0.0,0.0,0.0,0.0,0.0,0.0,0.0,0.0,0.0,0.0,0.0,0.0174444381858265,0.0,0.0,0.0198407091455189,0.0,0.0,0.0,0.0087526835792449,0.0,0.0,0.0,0.0,0.0,0.0,0.0,0.0,0.0,0.0,0.0,0.0,0.0,0.0,0.0,0.0,0.0,0.0,0.0,0.0,0.0,0.0,0.0,0.0,0.004194555986368,0.0,0.0,0.020751007188139,0.0,0.0,0.0041110191473796,0.0,0.0048151840296876,0.0,0.0,0.0,0.0126346474855987,0.0191705313578558,0.0,0.0,0.0,0.0,0.0,0.0,0.0,0.0,0.0113314419773027,0.0,0.0,0.0040915836360716,0.0,0.0,0.0,0.0,0.0,0.0,0.0,0.0,0.0,0.0,0.0,0.0,0.0148394666918862,0.0,0.0,0.0151353182599586,0.0,0.0,0.0,0.0,0.0,0.0,0.0,0.0,0.0,0.0,0.0,0.0,0.0,0.0,0.0,0.0,0.0,0.0036922372939428,0.0324572315896557,0.0600850001349955,0.0,0.0,0.0,0.0,0.0,0.0,0.0,0.0,0.0,0.0,0.0,0.0,0.0,0.0,0.004007181687217,0.0,0.0,0.0,0.0,0.0,0.0,0.0,0.0,0.0,0.0,0.0,0.0,0.0,0.0079020036470519,0.0,0.0,0.0,0.0,0.0,0.0,0.0,0.0,0.0,0.0,0.0,0.0,0.0,0.0,0.0,0.0,0.0032995138758789,0.0,0.0,0.0,0.0,0.0,0.0,0.0
BLA,0.442020904508092,0.0115040907810073,0.0149282158620828,0.0549990165658406,0.0135142137581072,0.0117349665880691,0.191689177310855,0.395553861444744,0.238930833265438,0.0,0.251043876326609,0.207360938384639,0.0,0.0195648007265571,0.116930663879552,0.0,0.0195203887502834,0.0,0.0092442727506291,0.0487175905021902,0.0140644966303872,1.06869260430801,0.991871554725517,0.0720366878207024,0.283268966610621,0.147747230907116,0.147899712265952,0.401605039772996,0.0,0.0067552349255346,0.725679682384826,0.0126869427393758,0.215711235189316,1.97277987000868,0.905727029262779,0.106804906595615,0.0052447278881357,0.0,0.0,0.0,0.0863271549754079,0.0176159061309831,0.0,0.493107859330419,0.0,0.227809675785394,1.06759083142327,0.480964308419822,0.879725709123482,1.0222634166792,0.0,0.0,0.0937581729477201,0.18687586939812,0.195023643967805,0.406259970303485,0.0,0.109146287200972,0.245415569661,0.0,0.0,0.0,0.0747822308157506,0.110922419914127,0.0,0.0,0.0040606176466746,0.0,1.10442681783303,0.0,0.0038630003025783,0.0,0.0050302639968343,0.119495098336377,0.0423948698945283,0.0068327323019389,0.0079669981581754,0.0,0.0047944863988857,0.0,0.0,0.213274573036234,0.0,0.0929494288645791,0.0,0.0,0.205867469767512,0.019349283714608,0.0557502882079748,0.0292360676227907,0.146692942584753,0.0092057951056475,0.0238330495037361,0.0301060080295935,0.0270584458074765,0.0046071914736355,0.0042887630198491,0.0,0.0055340492548415,0.0325169050694478,0.0,0.101370011927853,0.0,0.0,2.11248498762327,0.0,0.0,0.0,0.0,0.0673590696544607,0.0864258398072035,0.0487136377989634,0.159547031076439,1.01940893059538,1.58604500315838,0.0,0.0758834010652822,0.0,0.003550482705118,0.0035726845568704,0.228984017292624,0.0042463341482025,0.0,0.0,0.0,0.0,0.0127703227361093,0.922564655069659,0.0682415008389038,0.0140878232059164,0.0,0.0515029670084584,0.119435575048909,0.0421141731217678,0.0090106466438675,0.0722659092407137,0.0,0.0,0.0,0.0,0.0,0.358790191303057,0.0,0.0090392647782846,0.322825218287903,0.0107758655605728,0.0037944543797775,0.0,0.0162686944775491,0.226073198658299,0.201902629618959,0.0105605745818758,0.0108968512138513,0.0,0.0,0.0,0.01909625604611,0.0105564967286432,0.0,0.0,0.0046827610413369,0.19680893098713,0.0,0.0719365749941169,0.0052270754731199,0.0051201342767157,0.0,0.0687896953608371,0.0529208100596782,0.0211903038488206,0.0,0.0,0.0,0.0,0.0,0.0,0.0033656918463777,0.0,0.0,0.0,0.0407762270553896,0.0206408323481916,0.0123041547557909,0.0,0.0,0.142917274801625,1.61143351734828,0.0,0.0182045020064475,0.241857419555555,0.0205516066641337,0.0,0.0227981695038271,0.0,0.0,0.41780598762511,0.0,0.0,0.0319610610851248,0.0,0.0491538073412992,0.0,0.0083218095849933,0.0200820805499985,0.0101560255187281,0.0,0.0185479983554055,0.0084447821266227,0.0,0.0,0.0073560425794989,0.0,0.0059609906930817,0.0,0.0,0.0452109036560726,0.0964644852233814,0.0581248667339436,0.0,0.0080227045928782,0.0083669116212071,0.0,0.0,0.0,0.0,0.0,0.0,0.0,0.0040223338049491,0.0,0.11150693760633,0.0844837939049535,0.0109460083869962,0.0110364137754027,0.0,0.0,0.0,0.0,0.0,0.0748035654041928,0.0,0.0215020892834745,0.0,0.0054259805069921,0.0,0.0068092618589961,0.0,0.0,0.0,0.0,0.0,0.0,0.0,0.0,0.0284367445699934,0.0685106248063995,0.0130276472842501,0.103227818335259,0.106034940743364,0.0,0.0,0.035089240148829,0.0074099412882875,0.0429017822252215,0.142301380506146,0.0,0.0250140513478065,0.0,0.0,0.0,0.0,0.0058622191284479,0.0179149609603834,0.0,0.0,0.0,0.0,0.145899546109639,0.0,0.0,0.0,0.0,0.0451138950790809,0.0,0.0,0.0,0.0,0.0,0.0,0.0,0.0525938827596203,0.0,0.0071301916861402,0.0,0.0,0.0,0.0,0.0,0.0,0.0525923791668376,0.0,0.0,0.0106650219791847,0.0155910060192577,0.0,0.0,0.0,0.0,0.019215139429664,0.0,0.0039862504227552,0.0,0.0,0.0,0.0,0.0,0.0,0.0,0.0091207793433256,0.0232955168966483,0.0114057456637372,0.0072424537092828,0.0646935187859817,0.0,0.0,0.0,0.0,0.0,0.0,0.028623895296818,0.0,0.0,0.0,0.0,0.0,0.0,0.0,0.0103014007941798,0.0,0.0,0.0,0.0,0.0,0.0,0.0,0.0,0.0,0.0,0.0,0.0,0.0192274178709775,0.0,0.0,0.0412408188607916,0.0,0.0,0.0,0.0,0.132086204640339,0.0287923362542038,0.0,0.0,0.0,0.0,0.0,0.0,0.0,0.0,0.0,0.0,0.0496650451784668,0.0,0.0168986185019978,0.0,0.0,0.0,0.0240760579678311,0.0155909441430986,0.0,0.0,0.0,0.0,0.0,0.0,0.0,0.0,0.0,0.0,0.0,0.0075512101210994,0.0,0.0,0.0,0.0,0.0159386082296337,0.0,0.0,0.0104114598204276,0.0,0.0,0.0,0.0,0.0,0.0,0.0819587973200239,0.0,0.0,0.0,0.0,0.0039893744157375,0.0,0.0,0.0,0.0,0.0,0.0047152650060922,0.0,0.0
BMA,0.872093924763794,0.0,0.0178643834633312,0.0176910455475556,0.0041575978970434,0.0250532513125637,0.0526931638454845,0.161765916476236,0.0652957298302027,0.0,0.0742201338205853,0.0690869048152019,0.0,0.0213564347315519,0.159057378505953,0.0,0.0330299339585234,0.0,0.0,0.0086067237963314,0.0,1.02285513498039,1.12666837058979,0.0588113226105639,0.148960434567819,0.10124208722891,0.109793418403653,0.361591197267214,0.0,0.0,0.203702202104503,0.0054251430330227,0.0414233378335878,1.67646335183331,1.51153268572142,0.0389188747709707,0.0,0.0,0.0,0.0,0.0589740999558971,0.0253840492319872,0.0,0.529732939458955,0.0,0.0304158202933488,0.442502549908221,0.17390910286398,0.481064999769883,0.96245140431705,0.0,0.0,0.0095662120820931,0.0680746969556635,0.0605107832195463,0.135448135707871,0.0,0.0320136535323888,0.435467831308379,0.0,0.0,0.0,0.113555307764921,0.0312080502650117,0.0,0.0,0.0,0.0,0.708976725101717,0.0,0.0,0.0,0.0192763087527143,0.123708888550452,0.0494163979124734,0.0,0.0211921550981,0.0,0.0106737262888863,0.0,0.0,0.123385808671705,0.0,0.0366321989229207,0.0,0.0,0.468909568624971,0.0218781806117009,0.151061220461241,0.0884723204067006,0.145283780947041,0.0115079883179182,0.0291846892842458,0.0059176255830831,0.0,0.016404370965323,0.0148815167985381,0.0,0.0048036035142239,0.0529958756214394,0.0,0.102580889178278,0.0,0.0,1.70243449934776,0.0,0.0,0.0,0.0,0.0294079339749699,0.0279937684549417,0.0129601053284326,0.184612830954252,1.32448260498751,1.58993968120992,0.0,0.0353263031941745,0.0,0.0131679926047328,0.0095206968781967,0.031043706866948,0.004712553905319,0.0,0.0,0.0,0.0,0.0156983080318438,0.960291355273618,0.0428868602474834,0.0191448439767251,0.0,0.10367998252781,0.0510191086003013,0.123957925224796,0.0098703387789977,0.0404610963526699,0.0,0.0,0.0,0.0,0.0,0.371693608847034,0.0,0.0227325999311497,0.345763171926954,0.021596092752085,0.0129713164526887,0.0,0.0260030155600482,0.163039945784483,0.0271273191973238,0.0068565935727393,0.0109701708491404,0.0,0.0,0.0,0.0078097127596701,0.0223103096383596,0.0,0.0,0.0099378654815497,0.105985549147263,0.0,0.0151922912576337,0.0060874780579069,0.0063069812798304,0.0,0.0362096061471149,0.0177332872150751,0.0566800951183899,0.0,0.0,0.0,0.0,0.0,0.0,0.0,0.0,0.0,0.0,0.0152690139810334,0.0258271032992545,0.0140032674686515,0.0047255896630029,0.0,0.0207296311787854,1.3635315140484,0.0,0.0352308605994855,0.324933685441435,0.0375095101581372,0.0034879548516375,0.0,0.0,0.0,0.177608627191108,0.0,0.0,0.0,0.0,0.0,0.0,0.0,0.0315096768867718,0.0,0.0,0.005622756363058,0.0054801393466481,0.0,0.0,0.0,0.0,0.0,0.0,0.0,0.0,0.0,0.0,0.0,0.0,0.0,0.0,0.0,0.0,0.0,0.0059498452788044,0.0,0.0,0.0,0.0,0.0221590952702302,0.0271061824705697,0.0,0.0,0.0,0.0,0.0,0.0,0.0,0.0,0.0,0.0035772728845682,0.0053167355328313,0.0345667465035241,0.0,0.0,0.0,0.0,0.0,0.0,0.0,0.0,0.0044937335642995,0.0,0.0,0.013285353947484,0.0,0.0068262462685875,0.0197361143309982,0.0,0.0,0.0,0.0,0.0,0.0,0.0,0.0,0.0,0.0,0.0,0.0,0.0,0.0054810052855,0.0,0.0,0.0,0.0,0.0125813353063785,0.0,0.0,0.0,0.0,0.0355255997897731,0.0,0.0,0.0,0.0,0.0,0.0,0.0,0.0,0.0,0.0047049906083522,0.0,0.0,0.0,0.0,0.0,0.0,0.0413489808167861,0.0,0.0,0.0,0.0,0.0,0.0,0.0,0.0,0.0284457991111053,0.0,0.0033012047736725,0.0,0.0,0.0,0.0,0.0,0.0,0.0,0.0,0.0,0.0,0.0,0.0281168117782024,0.0125963469070885,0.0,0.0,0.0,0.0041285301337603,0.0,0.0,0.0,0.0,0.0,0.0,0.0,0.0,0.0036917895228166,0.0,0.0,0.0,0.0,0.0,0.0,0.0,0.0,0.0,0.0,0.0,0.0,0.0062305074288205,0.0258126257288772,0.0,0.0,0.0421308596126613,0.0038818555523521,0.0,0.0,0.0,0.0727280590971658,0.0063966254956244,0.0,0.0,0.0,0.0,0.0,0.0,0.0,0.0,0.0,0.0,0.0,0.0,0.0056846266010726,0.0,0.0,0.0,0.0070218669559611,0.0,0.0,0.0,0.0,0.0,0.0,0.0,0.0,0.0,0.0,0.0,0.0,0.0,0.0,0.0,0.0054679249477615,0.0,0.0,0.0114472152162297,0.0,0.0144123863329897,0.0035762491292029,0.0057956551315547,0.0069444464272171,0.0,0.0,0.0,0.0,0.0,0.0,0.0,0.0,0.0,0.0,0.0,0.0045524819844602,0.0,0.0,0.0,0.0,0.0
BST,0.709898431342948,0.0269709530581623,0.110421314032669,0.270731041089114,0.0827933304777002,0.277571018039051,0.0136804927906947,0.0796510581140067,0.0168633935959399,0.0,0.259699322882073,0.248596863673193,0.0,0.0142611048046252,0.0910264761124466,0.0065478145121427,0.22900196731284,0.0,0.0,0.0100213536195917,0.0679645295578735,0.817932382278666,0.842647747328951,1.31207679056125,0.0647648394837821,0.0282296104215422,0.0325145862106447,0.397692287413209,0.0,0.0230678976465417,0.0907950586779854,0.0230043054510928,0.0941798992903459,0.228811421905303,0.533258124799548,0.0816192634737075,0.0158079715725343,0.0,0.0,0.0,0.0357889868154661,0.14750990984337,0.0,0.178310191694186,0.0103289344053416,0.0301990058484788,0.102729898355323,0.07845194214157,0.342601875240469,0.744106469672184,0.0,0.0,0.0125113306141446,0.0492164628520459,0.117794452164048,0.108886828958147,0.0,0.0158609947285538,0.375030925076145,0.0,0.0,0.0,0.571471131458963,0.0825675806016175,0.0,0.0,0.0107294939457462,0.0,0.608059229352562,0.0,0.0082474660149796,0.0,0.0087861284168141,0.321032308207266,0.199235975688174,0.0,0.336501562728237,0.0043205687299597,0.0238393266179654,0.155800880361827,0.20287199443763,0.0710477342414099,0.0,0.119199295603634,0.0,0.0,0.434249704981234,0.0073359385203728,0.107579293702907,0.0546392185080238,0.385776248208103,0.0590842785123712,0.0194237949840329,0.0057694941540097,0.0102853174027279,0.358846440858325,0.344965526096166,0.0185202250287193,0.0102361511133774,0.230481311738822,0.0071313609185976,0.0841747410055726,0.0234524242776117,0.0106653849099555,0.187402061771036,0.0,0.0086551762764473,0.0319605594546945,0.0034837386374225,0.0128303378234142,0.129517057385369,0.0389198302082433,0.301550898980046,1.06830498233771,0.305269207807537,0.0116450519232754,0.0608422198435312,0.0,0.0752556704689427,0.0756562860608964,0.0303970037564087,0.0048873243608974,0.0,0.0072632828000914,0.0,0.0036477877624241,0.0782618303323909,0.0983919329222725,0.268237130053702,0.10363877539695,0.0,0.0747495511497825,0.215327324044597,0.0823201511905349,0.0130333870140485,0.0565808285037794,0.0,0.0249997471019811,0.0045915653924154,0.0,0.0,0.612061964172939,0.0,0.301747856965682,0.633587830413653,0.164290229879248,0.349698981765495,0.0,0.217058722758266,0.282170320192014,0.0700681577980257,0.0173438217344895,0.0157335044628659,0.0,0.0,0.0057500460748413,0.0250786135714336,0.290706922698878,0.0035202024541032,0.0,0.066126516823449,0.170905462335006,0.0,0.0274701533580077,0.008503461646569,0.0074708511501369,0.0386581825508708,0.0382862025428783,0.0033738444606479,0.0416701767069542,0.0,0.0,0.0,0.0,0.0,0.0,0.0,0.0,0.0,0.0,0.0099057561584222,0.035558102151852,0.0624392558559855,0.0132522192538213,0.003666523909641,0.0188942096366503,0.544941836601719,0.01539270361247,0.858589890668017,0.126864627243205,0.263486198402613,0.0,0.0248448423296189,0.0,0.0,0.0820266916869535,0.0,0.0,0.0,0.0,0.0,0.0047283544428627,0.0167911341441492,0.205742661294983,0.0061019323165783,0.0,0.0,0.0157664501309759,0.0043333669117622,0.0200759119100527,0.0,0.0089304339069903,0.0,0.0,0.0226876829630391,0.003608704232969,0.0345397125623172,0.0042284644332558,0.0,0.0077782642061755,0.0076301268396612,0.0,0.0048875953233845,0.0261904170077299,0.0,0.0578712900446586,0.0,0.0,0.0061320642981647,0.0,0.0928541440278502,0.0962940197138315,0.0324576384429857,0.0099193282283175,0.003556606099037,0.0,0.0100373100291218,0.0,0.0,0.0355449516131753,0.0042853396051842,0.0055738076016274,0.0154816327363859,0.0576659616861831,0.0,0.0096451062766891,0.0,0.0,0.0,0.0035593319465056,0.026281971125275,0.0,0.0168674902676822,0.0,0.0345429414799138,0.0454704202642508,0.0160848250086664,0.0536042439736902,0.0854974716883433,0.0,0.0,0.0,0.0,0.0034149254364019,0.0099524990799701,0.0,0.0076243355973811,0.0143150175106528,0.0,0.0,0.0,0.0513245558395851,0.0121311159958509,0.0,0.0,0.0039548785292258,0.0,0.0786027486359068,0.0,0.0,0.0,0.0,0.102708092270508,0.0149236576299461,0.0,0.0250222530895863,0.0,0.0037699593682279,0.0,0.0,0.0069156968748436,0.0,0.0125106400687871,0.0,0.0,0.009859217085915,0.0,0.0227237797782797,0.01125499888854,0.119830376644298,0.0110549345190599,0.0056927274234507,0.0072979391089953,0.0042472952294069,0.0382721941874922,0.0349414946457513,0.0079397684660138,0.0,0.0661348698241406,0.0,0.0095614990025999,0.0,0.0,0.0074593350711857,0.0,0.0037803623535603,0.0124718610317279,0.0,0.0,0.0047603753411538,0.0,0.0050286825906151,0.101367587090695,0.0267486478931982,0.0,0.0,0.0,0.0046405828756507,0.0,0.0346068380402896,0.0,0.0,0.0041093383580262,0.0,0.0035486438200441,0.0113383186482127,0.0131770739887548,0.0080750589658364,0.0209974975030178,0.0,0.0158266152003431,0.011214065017355,0.0171843535377774,0.0,0.0,0.0,0.0124605585730075,0.0,0.0,0.0,0.0430308282762673,0.0,0.0311415742835133,0.0985700289720178,0.0461518343212926,0.0444246630702912,0.0,0.020883071170678,0.12768130720164,0.0111647889520586,0.0,0.0,0.0,0.0,0.0,0.0,0.0290848036295056,0.0,0.0,0.0044929443393774,0.0051860919268407,0.0,0.01003027243764,0.0,0.0,0.0212791707945964,0.0125221119161145,0.0,0.0088863389335271,0.0,0.0,0.0,0.0,0.0,0.0,0.0,0.0,0.0,0.0,0.0065412957441051,0.0,0.0094386845016047,0.0,0.0,0.0198253212821047,0.0238240273202632,0.0086186354932742,0.045583140802475,0.0258341400800134,0.0575647955221186,0.0,0.0,0.0,0.0,0.0350052691627799,0.0,0.0,0.0,0.0,0.0,0.0,0.0,0.0418570086757232,0.0,0.0,0.0,0.0,0.0
CA1,0.13080084886919,0.0,0.0104000529300496,0.0264788685457284,0.069889376192903,0.0352759425899472,0.0,0.007589080298157,0.0,0.0,0.062168272134767,0.0640824590612277,0.0,0.0093429470512326,0.0459043316554345,0.0,0.0123566490901069,0.0036978937868139,0.0072915970021179,0.0142625959097078,0.0150371835274752,0.446903971601259,0.425131854066307,0.0432508902358611,7.38805778152216,13.2183818001622,11.2235745961998,0.0513462136820865,0.0,0.0210396368030019,0.0406147746547763,0.035001612427587,0.0240914977228442,0.205927637884266,0.695158310176674,0.0097197900401009,0.208736378945124,0.0,0.0,0.0,5.84724051348804,0.0179780206590112,0.0,0.0294978845762154,0.0104585552190261,0.0187967061524209,2.91338218741373,2.81874803070115,0.183492186909576,0.397313917442864,0.0,0.0,0.005040791633681,0.0190987850797652,0.0,0.0077489835085079,0.0,0.0,0.0632230798889403,0.0,0.0,0.0,0.056529982330694,0.0101419597655446,0.0,0.0,0.0922604217259711,0.0,0.351045984455266,0.0,0.1024280358105,0.0403582798626243,0.0246511413925141,0.0152000576246608,0.0304300442676093,0.0251990026806015,0.0641771474981673,0.0,0.312904305415921,0.138995751693424,0.0958840185422393,0.0061209145351405,0.0,0.0157285675883016,0.0,0.0,0.06556619656662,0.0091576485857807,0.0094677810469068,0.0087495762605916,0.0176131412358407,0.0188451628692755,0.0141513939220525,0.0,0.0,0.0465876737892101,0.05309533673044,0.0036072327342728,0.0041918599706935,1.86418424209015,0.0,0.213837941530664,0.0041694402652385,0.0,0.147379917179668,0.0,0.0,0.0039326165325276,0.0,0.0,0.0077094344189629,0.0,0.043775388571874,0.617136841042485,0.373608451733314,0.0049497565218512,1.35276699402491,0.0,0.0,0.0,0.0190804066650512,0.0056684399409674,0.0,0.0064952046053968,0.0,0.0047158384984124,0.018059799414779,0.194547577754115,0.0102905180465384,0.0214295242814382,0.0122486082701038,0.0101071079525361,4.83409095497846,0.0088681449690096,0.0,2.33829999264136,0.0,0.0033896606678847,0.0284348350678231,0.0,0.0,0.249044387349364,0.0072049963530145,0.0333102657137057,0.173118542396971,0.0172632084611748,0.0402880075279023,0.0,0.0247939963158691,0.984698174451581,0.0870207994906996,0.0075194423545771,0.0034809573734815,0.0401585950201402,0.0269836212285408,0.0793513737882185,0.0220289388354266,0.0302790943721265,0.0,0.0,0.320980826229103,0.0114092606787286,0.0,0.0778888662834422,0.0038154612747478,0.0,0.0,0.0106294068291977,0.006989181038638,0.0060739253111538,0.0,0.0,0.0,0.0,0.0107724794997707,0.0135889951097919,0.0,0.0,0.0456408384278191,0.0,0.0072929352835662,0.0544567619554445,0.0206096096400913,0.0,0.0,0.0439474631042927,0.897122601443728,0.0143188253176071,0.947858705721021,0.0437229606041871,0.0178880554588856,0.0,0.0034830607987693,0.0,0.0,0.0097270767801118,0.0076309415715812,0.0067200288436772,0.0431627901732777,0.0148990262942965,0.0492364074245404,0.0172856735170102,0.0040770452068127,0.0131396335762354,0.0192364122229747,0.0188726920777476,0.0036873175972814,0.0204188356911724,0.0,0.0,0.0,0.0,0.0,0.0290339318232822,0.0,0.0,0.0,0.0,0.0,0.0045057565662276,0.0042212586724336,0.0,0.0049492659226578,0.0,0.0,0.0,0.0,0.0,0.0,0.0,0.0,0.0,0.023826073205464,2.25999793340949,6.64179174649872,5.80305018343015,0.0,0.0,0.0090970750804904,0.0130991722590006,0.0310474703063667,0.0050796376230699,0.0,0.0,0.0,0.227210134335901,0.0,0.0,0.0,2.30542924554041,0.0,0.0,0.0,0.0064329588606022,0.0,0.23973818157037,0.276554670337144,0.0078589116890349,0.0,0.0,0.0,0.0102808863890662,0.0,0.0,0.0,0.0,0.0,0.0,0.0,0.0,0.0,0.0,0.0,0.0,0.0,0.113853733568371,0.0,0.0052930662453637,0.0,0.0394698197361495,0.0,0.0,0.0,0.0054992645808705,0.0,0.006124419499299,0.0,0.0585056006386365,0.0113916970396137,0.0,0.0,0.0,0.0,0.0,0.0,0.0,0.0,0.0,0.0,0.0,0.0039634382597746,0.0,0.0,0.0,0.0036061953455175,0.0046486704162345,0.0,0.0,1.36364089664734,0.0,0.146824226615617,0.0056455178130381,0.0,0.0,0.0,0.0,0.0,0.0,0.0,0.0,0.0,0.0,0.0,0.0,0.0,0.198829456635559,0.0,0.0,0.0033548059573617,0.0,0.0,0.0,0.0037461100320381,0.0,0.0,0.0,0.0,0.0,0.0033991747484776,0.0046577226199685,0.0,0.303464748075959,0.0,0.0,0.596397260061297,0.003452939261874,0.0,0.0303927467013059,0.0,0.0,0.0103324511950619,0.0,0.0,0.0137910674293753,0.003365236918723,0.0,0.0,0.0,0.88397763857388,0.0722938629820692,0.0061985916202401,0.0036443055346761,0.0,0.0,0.0,0.0,0.0,0.0,0.0,0.0525353042559757,0.0,0.0,0.0719746112210038,0.0044722312461523,0.0035546262067758,0.0,0.0,0.0,0.0048151652128638,0.0,0.0,0.0,0.0,0.0081317480259476,0.0,0.0,0.0050707752948161,0.0,0.0,0.008421606258582,0.0246415946426073,0.0,0.0,0.0,0.0,0.0,0.0108087809579766,0.686599940856618,0.0,0.0,0.0,0.0,0.0,0.0,0.0,0.0,0.0,0.0,0.0,0.0,0.0,0.0,0.0,0.0,0.0,0.0,0.0243452479337535,0.0
CA2,0.0,0.0,0.0,0.0,0.0050515494124164,0.0,0.0,0.0,0.0,0.0,0.0,0.0,0.0,0.0,0.0,0.0,0.0,0.0,0.0,0.0,0.0,0.004739645225174,0.0043679911376801,0.0,0.384567465560154,0.825952401361489,0.709045893536582,0.0,0.0,0.0,0.0,0.0045451890906522,0.0,0.0,0.0112681363455069,0.0,0.0237346602415173,0.0,0.0,0.0,0.394780632719012,0.0,0.0,0.0,0.0,0.0,0.103539964560242,0.0626054474446367,0.0,0.0041454638362629,0.0,0.0,0.0,0.0,0.0,0.0,0.0,0.0,0.0,0.0,0.0,0.0,0.0036770287754815,0.0,0.0,0.0,0.0163114817590452,0.0,0.0037261094767371,0.0,0.0095855389896017,0.0,0.0044830566915921,0.0,0.0,0.0,0.0,0.0,0.0399736643899787,0.0136258369919726,0.0076396657566568,0.0,0.0,0.0,0.0,0.0,0.0,0.0,0.0,0.0,0.0034804158561068,0.0,0.0,0.0,0.0,0.0,0.0,0.0,0.0,0.14633839643524,0.0,0.0158864029424498,0.0,0.0,0.0,0.0,0.0,0.0,0.0,0.0,0.0,0.0,0.0,0.0072413438693035,0.005394484477542,0.0,0.0574190161775052,0.0,0.0,0.0,0.0,0.0,0.0,0.0,0.0,0.0,0.0,0.0,0.0,0.0,0.0,0.0,0.140020868381536,0.0,0.0,0.109026789392082,0.0,0.0,0.0,0.0,0.0,0.0046281214478938,0.0,0.0,0.0055568320527223,0.0,0.0,0.0,0.0,0.0087796993632643,0.0,0.0,0.0,0.0,0.0,0.0,0.0043030349302865,0.0,0.0,0.0,0.0369671026859507,0.0,0.0,0.0,0.0,0.0,0.0,0.0,0.0,0.0,0.0,0.0,0.0,0.0,0.0,0.0,0.0,0.0,0.0,0.0,0.0,0.0069741902859692,0.0,0.0,0.0,0.0,0.0173077418663172,0.0,0.0740773394257379,0.0,0.0,0.0,0.0,0.0,0.0,0.0,0.0,0.0,0.0,0.0,0.0,0.0,0.0,0.0,0.006316016817488,0.0066298327832572,0.0,0.0034294383872414,0.0,0.0,0.0,0.0,0.0,0.0,0.0,0.0,0.0,0.0,0.0,0.0,0.0,0.0,0.0,0.0,0.0,0.0,0.0,0.0,0.0,0.0,0.0,0.0,0.0,0.103916957032668,0.302393755976454,0.25956810893073,0.0,0.0,0.0,0.0,0.0,0.0,0.0,0.0,0.0,0.0210031566337412,0.0,0.0,0.0,0.0955603357808859,0.0,0.0,0.0,0.0,0.0,0.0044651933722484,0.0071564194012325,0.0,0.0,0.0,0.0,0.0,0.0,0.0,0.0,0.0,0.0,0.0,0.0,0.0,0.0,0.0,0.0,0.0,0.0,0.0103695724872,0.0,0.0,0.0,0.0,0.0,0.0,0.0,0.0,0.0,0.0,0.0,0.0167839920361911,0.0038045978643895,0.0,0.0,0.0,0.0,0.0,0.0,0.0,0.0,0.0,0.0,0.0,0.0,0.0,0.0,0.0,0.0,0.0,0.0,0.0,0.102252714155867,0.0,0.0108553159994302,0.0,0.0,0.0,0.0,0.0,0.0,0.0,0.0,0.0,0.0,0.0,0.0,0.0,0.0,0.0152548347219146,0.0,0.0,0.0,0.0,0.0,0.0,0.0,0.0,0.0,0.0,0.0,0.0,0.0,0.0,0.0,0.0135861784742481,0.0,0.0,0.0254620440286007,0.0,0.0,0.0,0.0,0.0,0.0,0.0,0.0,0.0,0.0,0.0,0.0,0.0,0.0090821499971466,0.0,0.0,0.0,0.0,0.0,0.0,0.0,0.0,0.0,0.0,0.0146533376361367,0.0,0.0,0.0,0.0,0.0,0.0,0.0,0.0,0.0,0.0,0.0,0.0,0.0,0.0,0.0,0.0,0.0,0.0,0.0,0.0,0.0,0.0,0.0,0.0,0.0,0.0,0.0,0.0514602953805307,0.0,0.0,0.0,0.0,0.0,0.0,0.0,0.0,0.0,0.0,0.0,0.0,0.0,0.0,0.0,0.0,0.0,0.0,0.0,0.0
CA3,0.0099020472087155,0.0,0.0,0.0037838015561435,0.05522016871017,0.0092500493384025,0.0,0.0,0.0,0.0,0.0100275955087439,0.0100618865938845,0.0,0.0044273574810773,0.0,0.0,0.0044940383994327,0.0,0.0,0.0,0.0,0.0792304972420487,0.075553336367991,0.0482682100465687,4.48541014247424,9.98796361407632,9.04990654250172,0.0,0.0,0.029615707835508,0.0133297156105575,0.0851237461976781,0.0,0.0295157956196963,0.112267949011765,0.0,0.235604198158609,0.0,0.0,0.0,5.23241393033216,0.0153243037809179,0.0,0.0049313946935871,0.010581829382237,0.0,0.553267857651094,0.589186731296419,0.0321493829433486,0.0687972999537689,0.0,0.0,0.0065292657055989,0.0,0.0,0.0,0.0,0.0,0.0054433496864805,0.0,0.0,0.0,0.0089739481198301,0.0057503124517499,0.0,0.0,0.410971518407024,0.0,0.0586402474249313,0.0,0.0866285890131524,0.015052113206749,0.0907269321620294,0.017085644832553,0.0113607041011072,0.0271191335537199,0.0210373098131884,0.0,0.331996980392139,0.117128336590603,0.0655534880030806,0.0,0.0,0.009670287508605,0.0,0.0,0.0088844932464358,0.0,0.0255883985863671,0.0115341248440324,0.0155263363775315,0.0374313357916971,0.0,0.0,0.0,0.015438985586872,0.019081246966918,0.0116520935743367,0.0057966458087686,2.6798144922619,0.0,0.286321991485767,0.0084496550223031,0.0,0.0132437231352863,0.0,0.0074154212471691,0.0100016112732282,0.0,0.0,0.0,0.0,0.0,0.122713215396205,0.0562636919770196,0.0058543737730197,0.813771650747813,0.0,0.0,0.0055950133560175,0.0,0.0100817407138324,0.0,0.0093014552604675,0.0,0.0,0.0335768117509922,0.0212081132608193,0.0,0.0289808481437453,0.0327455402321561,0.02494064134021,1.59356455148231,0.0169169920333139,0.0,1.86688779039259,0.0,0.0041183188856659,0.0322950816871166,0.0,0.0,0.0633235193057254,0.0,0.011807968729412,0.036231505456374,0.0148427854722944,0.0145095339696076,0.0,0.0064125045902831,0.0870128018343402,0.0082594160306835,0.0146690042468457,0.0114340339212345,0.0148237908196178,0.010009703373668,0.0110338864622706,0.0860667692940775,0.0076883733296493,0.0039926952761868,0.0086769995525411,0.317865891551028,0.0,0.0,0.006288221925657,0.0150531897814845,0.0117955600834012,0.0,0.0037782768881632,0.0,0.0135965193310641,0.0,0.0,0.0,0.0,0.0,0.0,0.0,0.0,0.0,0.0,0.004044435213871,0.0095746279861365,0.0456059750249856,0.0,0.0,0.0043151159752395,0.127701125582385,0.0179251759063558,1.3519680272504,0.0035732385329312,0.0049823808003551,0.0,0.0,0.0,0.0,0.0,0.0047097282942845,0.0112365056306124,0.0203888336271982,0.0082448003016412,0.0302309556907874,0.0332600698375352,0.0,0.0044052016291935,0.125133859392698,0.130731875420461,0.0,0.085310541818409,0.0,0.0,0.0,0.0,0.0,0.0121715512350173,0.0,0.0,0.0,0.0,0.0,0.0,0.0,0.0,0.0070507920266749,0.0,0.0,0.0,0.0,0.0,0.0,0.0,0.0,0.0,0.032545682782709,1.82476229680807,4.50740777615126,3.98395268180491,0.0,0.0,0.0110519583820633,0.0086223527711281,0.0440431212181592,0.0,0.0,0.0,0.0,0.19465831950289,0.0,0.0047159583921627,0.0,1.94643897701822,0.0040868368811045,0.0,0.0,0.0096387910969941,0.0,0.0374044379310139,0.0621050882657375,0.0057468021753477,0.0,0.0,0.0,0.0135257127605126,0.0,0.0,0.0,0.0,0.0,0.0,0.0,0.0,0.0033532831130858,0.0,0.0,0.0,0.0,0.148046856834674,0.0,0.0033096310972816,0.0,0.0228433443470092,0.0,0.0075865743994499,0.0,0.004846870515467,0.0,0.0065006792248373,0.0,0.217236256812004,0.0494586680173,0.0095081570186563,0.0,0.0,0.0,0.0,0.0,0.0,0.0,0.0065719002715192,0.0047162069231805,0.0,0.0121732184792356,0.003414715429178,0.0,0.0,0.003860720954634,0.0050957060109213,0.0037046819538573,0.0056452578477699,1.83857399120011,0.0,0.195829157305727,0.0061560598633206,0.0,0.0,0.0,0.0035588422550438,0.0,0.0,0.0,0.0,0.0,0.0,0.0,0.0,0.0060536954793988,0.170610149237766,0.0,0.0,0.0039619330395099,0.0,0.0061039038076031,0.0,0.003758248404722,0.0,0.0,0.0066340993385532,0.0,0.0,0.0094057868598933,0.018451429941718,0.0049044652638079,0.476257867789341,0.0053532384490595,0.0056719382660481,0.510186608285707,0.0072194540432689,0.0,0.026816354444759,0.0,0.0,0.004944388245031,0.0,0.0,0.0035820504131166,0.0099275358622286,0.0034874106408499,0.0,0.0,0.0424671267722079,0.0040789904942491,0.0089479793617778,0.005174458295849,0.0,0.0,0.0,0.007382481398196,0.0,0.0084674832242747,0.0176051825941704,0.196281331476289,0.0,0.0,0.0040229804588346,0.0058970493615982,0.0046882652353246,0.0,0.0,0.0,0.0065153268471377,0.0,0.0,0.0,0.0,0.0,0.0,0.0,0.0037331555573785,0.0,0.0,0.0051812349069295,0.0169905620338697,0.0102086497797617,0.0,0.0,0.0,0.0,0.0101207121314079,0.92566775349797,0.0,0.0,0.0,0.0,0.0,0.0,0.0,0.0,0.0,0.0,0.0,0.0,0.0,0.0,0.0,0.0100392020980703,0.0108489199775748,0.0,0.0320826343067099,0.0
CEA,0.795237554726664,0.0083096090311781,0.0156490833297597,0.0311054757061397,0.0165710447283791,0.0522712699596033,0.202207953404215,0.423480796537432,0.255030849986698,0.0,0.155065236689745,0.135266624795294,0.0,0.0102043306410227,0.0730416008752218,0.0052638163648128,0.0564465576478967,0.0,0.0098509438223316,0.03846612153392,0.0100877183162123,1.08501195305348,1.07382999976073,0.157104683400188,0.0838230728588897,0.0408989553762393,0.0409534280728478,1.5409536789359,0.0,0.0138767058880447,0.575782525300059,0.017519558098234,0.0944710214331044,0.647179431180362,0.523078749594641,0.279336599714784,0.005315600715936,0.0,0.003758664815498,0.0,0.023697439361169,0.0479343338012042,0.0,0.281777297433413,0.0,0.166059510164321,0.354402559661849,0.177458317101171,0.802913071068749,1.05753222890579,0.0,0.0,0.0712274339191371,0.261622586397007,0.190621427812617,0.434371228699262,0.0,0.131374061237045,0.68720591794833,0.0,0.0,0.0,0.0984953576168533,0.105344649280801,0.0,0.0,0.0079470146779802,0.0,1.03676387125633,0.0,0.0064520144015113,0.0067394130598768,0.0277475521647613,0.372492562383923,0.124062646354304,0.0055803339933945,0.0617638445382295,0.0,0.0045516758079136,0.0,0.0,0.212106408275207,0.0,0.106757553122718,0.0,0.0,0.439178125283092,0.0396692588632479,0.201106853915302,0.119875345965919,0.447050342651467,0.0259784042168484,0.0140508482570189,0.0512625671756328,0.0340881028336468,0.0491396278060399,0.049385450939919,0.0,0.0166675114399991,0.0291430652526142,0.0,0.079651834966276,0.003326159659625,0.0120852252008221,0.664233688367691,0.0,0.0,0.0053503946725001,0.0,0.0489899115190515,0.0400041485383234,0.0304264859943769,0.185432122118738,1.02598121292995,0.607052809867453,0.0046907148105413,0.0245545245970985,0.0,0.0700110563755404,0.0328352403430551,0.167277476577621,0.0241529326228668,0.0,0.0,0.0,0.0,0.0358382120388918,0.319437213154867,0.0641467322039163,0.0407158099484361,0.0064989358538282,0.14514790640637,0.0232113071261125,0.165709288821028,0.0287993684936567,0.0202871172286807,0.0,0.0052888444071129,0.0,0.0,0.015419001926653,0.307570608787191,0.0,0.0483031133839637,0.496210641901591,0.0401820435484175,0.0420504516945412,0.0,0.047255663032428,0.136741866665777,0.0654950792332118,0.0243781426551913,0.039702881334234,0.0,0.0,0.0036636866805921,0.0140348166706404,0.0469262770081367,0.0,0.0,0.0045213290370726,0.204196789331703,0.0,0.0284438813945996,0.0438158026251608,0.0501451174987896,0.0069402287102519,0.0985214247804949,0.0433538890539089,0.0771283433050509,0.0,0.0,0.0,0.0,0.0101297723149129,0.0053925970990515,0.0172486768329808,0.0161932980942872,0.0,0.0099181576773936,0.0793619220786123,0.0648419419468675,0.0337295185428764,0.0270630535578454,0.0,0.100283806607501,1.16505003461469,0.0,0.0425237001910895,0.154414750802203,0.066687431232435,0.0190555413593354,0.0137501101385489,0.0,0.0,0.432864644684064,0.0,0.0,0.0078651997851319,0.0,0.0098203358415539,0.0,0.0072424448018298,0.0542667361425964,0.0060676902424211,0.0,0.014500050299316,0.0242341624066175,0.0,0.0,0.0,0.0,0.0,0.0,0.0039622748022766,0.0213107774140623,0.0988123662739873,0.026753587162052,0.0,0.0,0.0,0.0,0.0,0.0,0.0,0.017000906257953,0.0,0.0,0.0,0.0,0.0368949820635934,0.0360473631944874,0.0,0.0,0.0,0.0,0.0,0.0,0.0,0.0189601992661276,0.0,0.0080606245246732,0.0,0.0168371050823814,0.0,0.003429326932137,0.0,0.0,0.0,0.0,0.0069418885176662,0.0,0.0,0.0,0.0055837249296081,0.0185851431779488,0.0042034468440898,0.0254809429137634,0.0341421881907591,0.0,0.0,0.0130335810914547,0.0,0.0,0.0073688747235076,0.0,0.0221509673098089,0.0,0.0,0.0,0.0,0.0,0.0230934481718674,0.0,0.0,0.0,0.0,0.0361365028957212,0.0,0.0,0.0,0.0,0.150097072184244,0.0043016378684627,0.0,0.0,0.0,0.0,0.0,0.0,0.0,0.0,0.0141747573378946,0.0,0.0,0.0,0.0,0.0049339491342532,0.0,0.174752651090444,0.0,0.0,0.0140057214196867,0.0119634375110731,0.0,0.0,0.0,0.0,0.0068690847249775,0.0,0.0,0.0,0.0044100807737838,0.0,0.0,0.0,0.0,0.0,0.0,0.0,0.0,0.0,0.0333618530637888,0.006164201734461,0.0,0.0,0.0,0.0102901584392168,0.0,0.0057582477311249,0.0,0.0,0.0,0.0,0.0,0.0,0.0,0.0,0.0034521690517787,0.0,0.0,0.0,0.0038728439017844,0.0,0.0,0.0,0.0036666596993939,0.0,0.0,0.0148221110716651,0.013924432653213,0.0,0.0,0.0999009380823813,0.0106126872323461,0.0,0.0,0.0066731208541655,0.078321769769143,0.0092652946363192,0.0,0.0,0.0,0.0,0.0,0.0,0.0037706020611109,0.0,0.0,0.0,0.0,0.0,0.0072435230424179,0.0,0.0,0.0061256461665846,0.0321677294660151,0.011051498475314,0.0,0.0,0.0,0.0,0.0,0.0,0.0,0.0,0.0,0.0,0.0,0.0085689682830332,0.0,0.0,0.0131597925662441,0.0,0.0,0.0054861701945674,0.0,0.0038279054857637,0.0,0.0172918251676561,0.0165716984326865,0.0,0.0,0.0,0.0758395859540554,0.0,0.0,0.0,0.0,0.0,0.0,0.0,0.0136704129289741,0.0,0.0,0.0,0.0,0.0
CENT,0.0,0.0,0.0,0.0,0.0,0.0,0.0,0.0,0.0,0.0372203568225136,0.0,0.0,0.0152062831582551,0.0,0.0,0.0,0.0,0.007831688238203,0.0120871288256787,0.0125146001991529,0.0,0.0,0.0,0.0,0.0,0.0,0.0,0.0,2.31572130139524,0.0,0.0,0.0064335663955108,0.0,0.0,0.0,0.0,0.0130985704233026,0.365906449175773,0.0066593662677644,0.0133725675026698,0.0,0.0,0.0,0.0,0.0078244318283323,0.005037799498596,0.0,0.0,0.0,0.0,0.0,0.560825207328768,0.0,0.0,0.0,0.0,0.0190860504596484,0.0,0.0,0.004411226060827,0.0046062495375395,0.004121013928174,0.0049774395320622,0.0,0.0607148862985146,0.0247559600224762,0.0046123614126501,0.0188953513970959,0.0,0.0170840542652081,0.0,0.0,0.0,0.0,0.0,0.0,0.0,0.0483348852997754,0.0,0.0,0.0,0.0,0.0254269491663078,0.0,0.0208758796216741,0.0309869304428775,0.0,0.0,0.0,0.0040514390190395,0.0,0.0054103454133719,0.0,0.0,0.0,0.0,0.0,0.0,0.0045336034135706,0.0,0.0384516397544307,0.0,0.0064612075159127,0.0465751951625992,0.0,0.794703246608661,0.0,0.0,0.0296635604294586,0.0,0.0,0.0,0.0,0.0,0.0,0.00530309647187,0.0,0.0174591259303122,0.0668050973681405,0.0272978600450419,0.0049446626258052,0.0,0.0,0.112516352849975,0.0635632583741123,0.0490724236062041,0.0,0.0,0.0,0.0046278333128304,0.0,0.0,0.0,0.0037352993238789,0.0076118012656214,0.0,0.0052564532048645,0.0182682040020007,0.0212828713415235,0.0888883877176468,0.118504129344017,0.0,0.0,0.0,0.0,0.0064338185382498,0.0,0.0082277873643586,0.0,0.0,0.0,0.0,0.0046216833842133,0.0,0.0,0.0,0.0,0.0,0.0035082692350199,0.0,0.0,0.0,0.052387014309214,0.0,0.0,0.0,0.0525646443592582,0.0,0.0,0.0,0.0444901832057594,0.0138328373132549,0.0178005020159192,0.0168410439647667,0.0,0.0,0.0,0.0,0.0,0.0,0.0,0.0,0.0,0.0530862842877616,0.0202195236523545,0.0072645248650157,0.0,0.0997231063778741,0.0,0.0,0.0,0.0934484054593219,0.0,0.0155773406005759,0.0191130944697936,0.0,0.0036788401456893,0.0,0.0,0.0,0.0,0.0,0.0,0.0,0.0,0.0,0.0,0.0,0.018721824099812,0.0,0.0,0.0,0.0,0.0,0.0,0.0,0.0,0.0,0.0374371382319277,0.0,0.0,0.004681256978597,0.0,0.0,0.0,0.0,0.0,0.0,0.0,0.0,0.0,0.0,0.0,0.0,0.0,0.0,0.0,0.902036869138057,0.0,0.0,0.00690679568232,0.0,0.0,0.0,0.0,0.0191562172438689,0.136759384810186,0.0,0.009065084540258,0.0,0.0,0.0,0.0,0.0078756951183379,0.0,0.0,0.0,0.0,0.0,0.0,0.357039261210091,0.0,0.0,0.0,0.0,0.0150314892325429,0.0,0.0,0.0,0.0,0.0,0.0,0.0,0.0656956446218952,0.0106964941198181,0.0045776066142524,0.0171467030419905,0.0,0.0143409544003791,0.0,0.0,0.0,0.0,0.0,0.0,0.0,0.0521372767191453,0.0,0.0,0.0,0.0,0.0209206033815037,0.0,0.0239565270485037,0.041682286946987,0.0,0.0,0.0,0.0,0.0,0.0,0.0,0.0,0.0,0.0,0.0,0.0,0.0,0.0,0.0306796562816384,0.0,0.0,0.0283038176905973,0.0,0.599683475767333,0.0,0.0,0.0197948217804825,0.0,0.0,0.0,0.0,0.0,0.0,0.0,0.0,0.0105499089327066,0.0238903332453683,0.0,0.0,0.0,0.0,0.181974941740542,0.0515010027207641,0.0544404147282894,0.0,0.0,0.0,0.0,0.0,0.0,0.0,0.0,0.0,0.0,0.0,0.0226960203114202,0.0278748606764076,0.0713911382106299,0.0495998841085908,0.0,0.0,0.0,0.0,0.0,0.0,0.005150771098084,0.0,0.0,0.0,0.0,0.0,0.0,0.0,0.0,0.0,0.0,0.0,0.0,0.0,0.0,0.0160439609205592,0.0,0.0,0.0,0.0739262589575206,0.0,0.0,0.0,0.0244844522154815,0.0061801543631092,0.0051041256216027,0.0078262570349643,0.0,0.0,0.0,0.0,0.0,0.0,0.0,0.0,0.0,0.0171744997012214,0.0160841465728939,0.0,0.0,0.16013848014275,0.0,0.0,0.0,0.037165944168092,0.0,0.0085740525483856,0.0183541537383519,0.0,0.0,0.0,0.0,0.0,0.0,0.0,0.0,0.0,0.0,0.0,0.0,0.0,0.0159591247358696
CL,0.0,0.216249141213319,0.168240237601165,0.0,0.039127321532784,0.0,0.0119789057360719,0.0122702181536764,0.0076883200744617,0.0,0.023900944515759,0.0434546193216993,0.0,0.0,0.0,0.0505592624973845,0.0,0.0079536078959686,0.0,0.0,0.0871426396779495,0.0,0.0,0.0100421550483297,0.0,0.0,0.0,0.0,0.0,0.0719846350578692,0.0,0.0116418552040329,0.0144976402552645,0.0,0.0,0.0033271623818206,0.0138964122763707,0.0,0.0156763844538893,0.0043635021845328,0.0,0.0,0.0,0.0,0.0092214903290726,0.0083563331808231,0.0046786669647968,0.0053149806469619,0.0,0.0,0.0,0.0,0.0478011792100159,0.0,0.124658573159746,0.0507084957259124,0.0,0.0038397094200426,0.0,0.0084279844025563,0.007831361394077,0.0080533026375222,0.0592350339547236,0.0139728125819167,0.0,0.0,0.0038573923190916,0.0,0.0,0.0055383285581548,0.0164187842096201,0.0,0.0,0.0293042824349698,0.0170734561423543,0.0445713781072274,0.0044313146712949,0.0,0.0,0.0,0.0,0.0,0.0,0.0273573740220486,0.0,0.0,0.0,0.0,0.0,0.0,0.0136212671395327,0.0,0.0,0.0608499007999013,0.132065867577118,0.0,0.0,0.0396548599253775,0.0277267041362316,0.0,0.0048414193881203,0.0,0.0289615796562406,0.0,0.0,0.0,0.0428083471785526,0.0455255804288276,0.0,0.0660857376362078,0.0387583050682586,0.0728506001189275,0.0,0.0,0.0,0.0297522372466668,0.0,0.0,0.0055321512082053,0.02155449906034,0.0085011829534363,0.0370959074647396,0.0,0.0040389232566885,0.0,0.0,0.0038897365581338,0.0,0.0758379897337622,0.0,0.0347724904922334,0.0139428304887477,0.0,0.0,0.0173752228770909,0.0,0.0,0.0102150584447137,0.0100482347567679,0.0,0.0,0.0095889145400922,0.0800621420571113,0.0,0.0083766775792639,0.0,0.0,0.0,0.0,0.0,0.0116212569218686,0.0291077213378639,0.0251994489985917,0.0701897771020016,0.0500955917646676,0.0543214771988659,0.146892697362459,0.0,0.0344036878775373,0.0258893066692341,0.0,0.0,0.0,0.0088069052927599,0.0215649149359853,0.0168371333648137,0.0056670319900024,0.0130248831315049,0.0067812903798047,0.0093728453957839,0.0,0.0,0.0,0.0,0.0495957860917745,0.0440562928057512,0.0137303730544636,0.025369253805004,0.0752809747808818,0.0438545426169832,0.0239276438904086,0.0390091983224406,0.0,0.0033923012151973,0.0058303802258014,0.0101342000330296,0.0,0.0044632375272187,0.0,0.0,0.0,0.0,0.191785374930646,0.0,0.0,0.023072959411001,0.0402446523076114,0.163170056520922,0.0182901978849389,0.0059578854996416,0.0051845342928781,0.0963753269772987,0.0411455615423797,0.0,0.105634086377498,0.0410523681846836,0.0171245461768325,0.0229327544871445,0.0,0.0,0.0081070515993977,0.005292183231328,0.0,0.0,0.0,0.0052556200237055,0.0,0.003906605392672,0.0080724478943896,0.0,0.0,0.0,0.0,0.0,0.0053715486219384,0.0,0.0,0.0,0.0,0.0,0.0,0.0,0.0,0.0,0.0,0.0,0.0,0.004663796170244,0.0,0.0,0.0,0.0,0.0,0.0,0.0,0.0090957261211747,0.0044970838560658,0.0038515933803099,0.0039492428427593,0.0,0.0,0.126087357270815,0.0,0.0,0.0,0.0,0.0,0.0,0.0,0.0,0.0116146085164663,0.0110987757716647,0.0,0.0100196097840774,0.0041280638179964,0.0064827160495236,0.0,0.0,0.0,0.0,0.0,0.0083185846497296,0.0,0.0087767487741769,0.103467499687523,0.0039575743750229,0.0042662056279378,0.0,0.0,0.0,0.0,0.0,0.0,0.0,0.0,0.0,0.0081961189395562,0.0,0.0,0.0,0.0,0.0079628513060713,0.0,0.0052141209803172,0.0064750483906946,0.0,0.0,0.0,0.0,0.0,0.0,0.0,0.0038311358150887,0.0094049592533097,0.0,0.0,0.0096391378326939,0.0054163567203009,0.0,0.0057575674964295,0.0,0.0057247366934659,0.0058188809355485,0.0,0.0167347229523251,0.005748888220694,0.0159950307451532,0.0086840441537112,0.017097893336304,0.0038255081220197,0.011362306427708,0.0,0.0,0.0,0.0076766488818059,0.0,0.0039518955066166,0.0,0.0040538332878484,0.0,0.0,0.0,0.0035525836857095,0.0061419289331527,0.0094556304542669,0.0,0.0,0.0044975880741313,0.0,0.0,0.0,0.0,0.0,0.0051816356853123,0.0,0.0108234322206455,0.005921921518476,0.0034789664915005,0.0065697176883159,0.0071932651361911,0.0,0.0,0.0,0.0,0.0,0.0,0.0,0.0,0.0,0.0,0.0069836309267572,0.0064578494755912,0.0,0.0,0.0,0.0055341945855984,0.0,0.0037974115243125,0.0,0.0,0.0,0.0,0.0,0.0035747465249739,0.0,0.0055293949301399,0.0,0.0,0.0,0.0,0.0,0.0049101463970025,0.0040579404815804,0.0,0.0,0.0,0.0,0.0,0.0,0.0,0.0041430280089793,0.0,0.0039772870233987,0.0,0.0,0.0,0.0043092822240417,0.0,0.0,0.0,0.005614895110641,0.0035736176339931,0.0036358598334737,0.0040274004641642,0.0,0.0,0.0,0.0,0.0,0.0,0.0,0.0,0.0,0.0,0.0,0.0,0.0047668757683261,0.0082788243193522
CLA,0.0096683187826449,0.106728000370219,0.12257971772238,0.0,0.0107099220049131,0.0,0.129648880033788,0.090570761610902,0.146167304138941,0.0,0.0887587067396835,0.0734997205964718,0.0,0.0138376268424748,0.0926859863882396,0.0,0.0,0.0172755166248552,0.0406275901810198,0.0754343667076779,0.0107912918651442,0.186219305069435,0.134086053647014,0.0050395852776265,0.0405832685079733,0.0139499844782744,0.0097845584321797,0.0063995567897957,0.0,0.0102711817167439,0.121876579382896,0.0,0.0683486808206551,0.0698679997260053,0.0374714794845104,0.0130844227027091,0.0068171029774046,0.0,0.0,0.0,0.0098872728162132,0.0,0.0,0.165197739436246,0.0,0.141494571571495,0.206853652218278,0.150820202019992,0.179413335721078,0.179992359158347,0.0,0.0,0.0753359622110092,0.0117831600174386,0.0658164245669714,0.0742236032068142,0.0,0.0651685671882433,0.0073519903043554,0.0,0.0,0.0,0.325048973472278,0.0891548079599777,0.0,0.0,0.0,0.0,0.247572435168181,0.0,0.0,0.0,0.0,0.0918992355993312,0.0,0.0,0.0,0.0,0.0,0.0,0.0,0.0298207603726679,0.0,0.0914818176806864,0.0,0.0,0.0037618397507627,0.0,0.0058855479570927,0.0035314768248937,0.116172727917269,0.0,0.0204533027972371,0.0138437906736733,0.0465576373064792,0.0,0.0,0.0,0.0,0.0045148757418182,0.0,0.0288860895069733,0.0,0.0,0.0720265274603163,0.0,0.0,0.0,0.0,0.184711595240726,0.297931711267138,0.265177515675524,0.0053928362872398,0.113993054690061,0.0687032123303519,0.0,0.0355758085130057,0.0,0.0,0.0,0.14160160858314,0.0036316930197281,0.0,0.0,0.0,0.0,0.0,0.184593455819543,0.261742417940894,0.0,0.0,0.0050800688405271,0.0035171272183679,0.0048104349855901,0.0,0.0242661055500103,0.0,0.0,0.0,0.0,0.0,0.0750212009270466,0.0205349895019127,0.0,0.11630885309266,0.0,0.0,0.0,0.0,0.130125751003215,0.076409946205494,0.0,0.0,0.0203628284901971,0.0159510884733082,0.0222071109026639,0.0070264663104386,0.0,0.0,0.0,0.0,0.0335654040042123,0.0,0.0602605339534666,0.0,0.0,0.0,0.0427246349130625,0.038953348577408,0.0,0.0,0.0,0.0,0.0,0.0140226206520635,0.0064644252084047,0.0055158999569344,0.0054088880812619,0.01255579211967,0.0,0.0262102043466458,0.0,0.0,0.0,0.0,0.111227803149485,0.0752038084743157,0.0,0.0,0.133493777209842,0.0,0.0,0.0135350893423617,0.0,0.0,0.121089123839753,0.0348298202308094,0.0406093988890517,0.0431941695726218,0.0061764494934323,0.0440241014112003,0.0157274847311338,0.017582000960727,0.0,0.0036492773064663,0.0,0.0198661937257312,0.0,0.0,0.0,0.154096122110373,0.13993544032289,0.0,0.0,0.0,0.0257902470465241,0.0146374765022441,0.0259531119103802,0.0,0.0,0.0,0.0,0.0,0.0098487235503077,0.0,0.0,0.0,0.0,0.0,0.0,0.0456653578518911,0.0311824603773658,0.0,0.0035801174489856,0.0,0.0,0.0,0.0,0.0,0.0246538123575872,0.0,0.0088073601557046,0.0,0.0,0.0,0.010227050832261,0.0,0.0,0.0,0.0,0.0,0.0,0.0037872315105938,0.0,0.0106629131322971,0.0181892772727351,0.0050635252958278,0.0420585372675224,0.0437388847198514,0.0,0.0,0.0579592755690545,0.0,0.0,0.0076227723086513,0.0,0.0069634663600461,0.0,0.0,0.0,0.0,0.194809570553954,0.011219739779781,0.0,0.0,0.0,0.0,0.063521380112747,0.0,0.0,0.0,0.0,0.0116208144410674,0.0,0.0,0.0,0.0,0.0,0.0,0.0,0.0,0.0,0.0,0.0,0.0,0.0,0.0,0.0,0.0,0.0134975404512053,0.0,0.0,0.0194381049055959,0.0734881608829145,0.0,0.0,0.0,0.0,0.0,0.0,0.0,0.0,0.0,0.0,0.0,0.0,0.0,0.0,0.093716919543335,0.200786817091241,0.169968374691575,0.0,0.0216847006774495,0.0,0.0,0.0,0.0,0.0,0.0,0.0107201937164925,0.0,0.0,0.0,0.0,0.0,0.0,0.0,0.216079718572275,0.0,0.0,0.0,0.0,0.0,0.0,0.0,0.0,0.0,0.0,0.0,0.0,0.0,0.005207059341236,0.0,0.0074605431083288,0.0,0.0,0.0,0.0,0.0826027151721388,0.0125747315946632,0.0,0.0,0.0044174674338946,0.0,0.0040060230935352,0.0,0.0,0.0,0.0,0.0,0.0,0.0,0.0108793758629141,0.0,0.0,0.0,0.0213945574331933,0.0164088822847287,0.0,0.0,0.0,0.0,0.0,0.0160374482769848,0.0047348864497169,0.0076376007330807,0.007080402574134,0.004676611725291,0.0039614545773254,0.0099386200495285,0.0,0.0,0.0,0.0,0.0085428179543846,0.0,0.0,0.0,0.0103809842842195,0.0,0.0,0.0,0.0,0.0,0.0157405018885224,0.0,0.0081013834989971,0.005464081307439,0.0,0.0046031537284879,0.0,0.0,0.0,0.0,0.0,0.0049786221491478,0.0,0.0
CLI,0.0,0.0,0.0,0.0,0.0,0.0090113035535147,0.004441720731631,0.0,0.0044946143231934,0.0,0.0,0.0,0.0,0.0,0.0,0.0,0.0,0.0,0.0,0.0,0.0,0.0,0.0,0.0079010935233932,0.0,0.0,0.0,0.0,0.0,0.0,0.0,0.0575740579724867,0.0,0.0,0.0,0.0,0.0193085744899476,0.0,0.0178246403059915,0.0,0.0,0.0049038401264132,0.0380591991531547,0.0,0.0564344068703727,0.0,0.0,0.0,0.0,0.0,0.0,0.0,0.0033043989739474,0.0,0.0,0.0,0.0,0.0,0.0,0.0051797299406489,0.0033844724370371,0.0041398824970533,0.0144141146148079,0.0,0.0,0.040371507441245,0.0230579711538694,0.0,0.0,0.0,0.0,0.0,0.0,0.0353347677432753,0.0078885894001274,0.0,0.0122922601552624,0.0,0.0,0.0,0.0,0.0,0.0,0.0054174078825678,0.0,0.0,0.0,0.0,0.0,0.0,0.0385939097086777,0.0043140197863664,0.0,0.0,0.0,0.0100124156922533,0.010535772979111,0.0,0.0170151367696556,0.0,0.0,0.0078452853855741,0.0124351477881354,0.0071457601320101,0.0,0.0067525567807267,0.0,0.0,0.0,0.0104336535370995,0.0081320855395321,0.0092788889034302,0.0,0.0,0.0,0.0213087503143577,0.0,0.0,0.0073621656013517,0.0111952354589257,0.0,0.0,0.0,0.0033600515419469,0.0,0.0,0.0034021778075839,0.0,0.0134425607224167,0.0050049136285779,0.0,0.0,0.0,0.0,0.0168446288960049,0.0,0.0040679312019576,0.0035169718871217,0.0052438131867959,0.0,0.0042316944735404,0.0,0.0,0.0087129372824423,0.0141556117516337,0.0049386544633148,0.0084917294646777,0.0,0.0057488478661401,0.0,0.0,0.016433269146412,0.0084433186193156,0.0,0.0,0.0,0.0,0.0075937882898225,0.0044483448307965,0.0,0.0,0.0051411095298503,0.0,0.0,0.0066850217584525,0.0068923284888694,0.0,0.0,0.0,0.0,0.0,0.0,0.0,0.0,0.0,0.0,0.0,0.0,0.0,0.0,0.0,0.0,0.0034500577255614,0.0048669176059057,0.0,0.0,0.0,0.0050695982086286,0.0,0.0,0.0044129070765516,0.0035756573846397,0.0,0.0,0.0,0.0,0.0,0.0,0.0,0.0,0.0,0.0,0.0,0.0033515017769688,0.0,0.0,0.0,0.01049905530758,0.0,0.0,0.0,0.0,0.0,0.0,0.0034387704340815,0.0,0.0,0.0,0.0,0.0,0.0,0.0,0.0,0.0,0.0,0.0,0.0,0.0,0.0,0.0,0.0,0.0,0.0,0.0,0.0,0.0,0.0,0.0043880169451685,0.0,0.0,0.0215225785452615,0.0,0.0,0.0,0.0,0.0090158391379384,0.0038695615996708,0.0141361900605624,0.0,0.0,0.0,0.0325196847323449,0.0,0.0202160646281772,0.0,0.0,0.0,0.0,0.0,0.0,0.0036340397188685,0.0,0.0,0.0,0.0,0.0,0.0,0.0,0.0044913930966857,0.0035171618174257,0.0037494365143356,0.0075301213548273,0.0,0.0,0.0432434675414263,0.007517975606124,0.0,0.0,0.0,0.0,0.0,0.0,0.020661697552632,0.0,0.0,0.0044215171783697,0.0,0.0,0.0,0.0,0.0,0.0,0.0,0.0,0.0,0.0,0.0,0.0,0.0,0.0225180525606965,0.0,0.0,0.0,0.0,0.0038732186855395,0.003979930560579,0.0,0.0082046439077246,0.0,0.0,0.0,0.0040298994994349,0.0066380948615911,0.0,0.0070819450028843,0.0,0.0,0.0,0.0049424504080161,0.0042481247044056,0.0050908003944882,0.0,0.0,0.0,0.011179155647624,0.0,0.0,0.0072381792593941,0.0066914144345576,0.0,0.0,0.0,0.0,0.0,0.0,0.0,0.0,0.006812754022709,0.0,0.0,0.0,0.0,0.0,0.0099278427609449,0.0,0.0042279948097,0.0,0.0,0.0,0.0043166165633832,0.0,0.0,0.0034646358698756,0.0081271537794651,0.0,0.0033293915711167,0.0,0.0,0.0,0.0,0.0068951278807888,0.0048085711919428,0.0,0.0,0.0,0.0,0.0,0.004062740275282,0.0,0.0,0.0,0.0,0.0,0.0033912062661532,0.003553615526593,0.0,0.0,0.0,0.0,0.0,0.0,0.0,0.0,0.0,0.0,0.0,0.0,0.0,0.0,0.0,0.0,0.0,0.0043184766046332,0.0,0.0,0.0,0.0,0.0,0.0,0.0,0.0034621632674354,0.0,0.0,0.0,0.0,0.0,0.0,0.0,0.0,0.0,0.0,0.0,0.0,0.0,0.0,0.0,0.0038365175224383,0.0
CM,0.003713226155129,0.0384825681303935,0.0300308576673623,0.0,0.0,0.0104482941018603,0.0688987015838082,0.0263840082742682,0.0731994454249595,0.0033034681683858,0.077679759281299,0.0739964524703759,0.0,0.0,0.0,0.0155152849315826,0.0041046314098285,0.0,0.0,0.0,0.0049631448619889,0.0,0.0,0.0176813796754844,0.0,0.0,0.0,0.0041790209208813,0.0,0.0049604005682061,0.0,0.0101672165625672,0.718719492857795,0.0,0.0,0.0,0.0156137438636786,0.0,0.0079026260491598,0.0,0.0,0.0091230678451266,0.0163165601683989,0.0,0.0104339297584885,0.0,0.0,0.0,0.0,0.0,0.0,0.0159965880594805,0.0681554800714268,0.0060596347252546,0.143019966339383,0.0674437750925814,0.0,0.0362341334425729,0.0052301915394464,0.0,0.0,0.0040504186803983,0.0835729789681551,0.285889233236218,0.0,0.011899349022332,0.0038947227011109,0.0,0.0,0.0,0.0,0.0,0.0,0.0333378904923599,0.026420839809471,0.0,0.0142084973644832,0.0,0.0034970602614696,0.0,0.0,0.0179173613922025,0.0,0.121276392302107,0.0,0.0,0.0,0.0,0.0,0.0,0.0374650679689828,0.0091912093594166,0.0,0.0360521543680087,0.0497293060563588,0.0091220447413653,0.0100244989650014,0.0145302715562526,0.0228319520630852,0.0,0.0,0.0180727513748381,0.0154823509999713,0.0069110142495732,0.0,0.0062896425703061,0.0208522592605433,0.0208993323006808,0.0,0.0979066128138598,0.0544164988173274,0.0874092036970933,0.0,0.0,0.0,0.0148426576254873,0.0,0.0,0.0194798376085854,0.0156117201287026,0.0,0.0093112351947455,0.0,0.0098145406212139,0.0,0.0,0.0131143707784648,0.0,0.0636048171044986,0.0094047662844759,0.0,0.0,0.0118052820528223,0.0,0.0311826636272673,0.0,0.0,0.0144711341439397,0.005452006860846,0.0,0.0054654105926611,0.0435579248756274,0.0045495162308474,0.0093803978921039,0.0433578674391614,0.0056339422259685,0.0073541576645357,0.0,0.0073613084164077,0.115244129549751,0.77727256642506,0.0189903122896309,0.047962786424858,0.0035068305468249,0.0,0.0047320991212367,0.135677195260241,0.0080234711293378,0.0183086623770874,0.005261135657231,0.0,0.017335664862694,0.0,0.309019542113755,0.0703773693797961,0.0819134763515642,0.0203178269737656,0.131971265372649,0.232520472736051,0.0,0.0,0.0,0.0,0.0,0.0060654421315375,0.0,0.016698861289398,0.0057006518249774,0.0053404960108591,0.0,0.0158440778749153,0.021698233968512,0.0113356088329163,0.0082646350014217,0.0,0.0,0.0,0.0124654101285256,0.0079329506665355,0.0,0.0062642834622636,0.0059525474506319,0.0951901629863406,0.0,0.0,0.0344675222032256,0.0,0.0111766448119983,0.0,0.0,0.0,0.0063726497632585,0.0843840217237631,0.0053715600637863,0.0351198838801626,0.0078170560452449,0.102656014998939,0.0196004055647063,0.0,0.0,0.0149576759800931,0.0138216780048605,0.0,0.0,0.0052967315607683,0.0400593125896481,0.0177538471360868,0.0426600870010155,0.0,0.0094495251985208,0.0172533169306997,0.0,0.0,0.0,0.0079428945685469,0.0,0.0,0.0,0.0,0.0,0.0,0.0,0.007420417367062,0.0,0.0,0.0,0.0,0.0,0.0,0.0,0.0063029795142948,0.119801986864164,0.0,0.0,0.0,0.0085689136263528,0.0,0.0044049874899881,0.0,0.0,0.0039423823452163,0.0180763469993403,0.0,0.0064115180280913,0.0,0.0,0.0,0.0,0.0,0.0,0.014005048374314,0.0408109058596097,0.0,0.0469398356645977,0.0234321010840067,0.0,0.0221454017273127,0.0037045437411025,0.0,0.0,0.0,0.0497267657608981,0.0657295182602984,0.0,0.0130200970044805,0.0,0.0,0.0,0.0,0.0,0.0,0.0,0.0209382457561187,0.0123565219391465,0.0,0.0073274059601237,0.0,0.0,0.0,0.0,0.0050731730924818,0.0,0.0195765590454254,0.0,0.0,0.0,0.0,0.0,0.0,0.0230559310785381,0.0038076551700044,0.0,0.0210167888582582,0.0254659656421016,0.0049236049192297,0.0054336453160087,0.0060983705185689,0.0130003861957438,0.0,0.0,0.0056081510782344,0.011569077604196,0.0054521483789992,0.0,0.0058033778598129,0.0102297583910698,0.0076467215876244,0.0,0.0545359039483362,0.0281823253682296,0.0464025191092622,0.0,0.0,0.0,0.0079096873476152,0.0,0.0,0.0142008480292737,0.012653501673195,0.0,0.0,0.0,0.0058765746862783,0.0,0.0,0.0052569119986274,0.0,0.0338985406389599,0.0039475886394969,0.0,0.0,0.007093568992015,0.0,0.018456526880931,0.0,0.0,0.0089190418152263,0.0,0.0,0.0058535219237585,0.0060080925456434,0.0,0.0047988708641812,0.0131350513537078,0.0,0.0040994763052348,0.0,0.0034848485432037,0.027193165880043,0.115910535077322,0.0109127545172613,0.0269565145398844,0.0,0.0,0.0,0.0593643861601002,0.0040920033070582,0.0096304605438461,0.0,0.0,0.0054941412516015,0.0,0.0384187566457753,0.0367846996416383,0.0426909448259772,0.0127204202784951,0.0682260993740025,0.0563136726514604,0.0,0.0,0.0,0.0,0.0,0.0,0.0,0.0093570675209208,0.0,0.0,0.0,0.0086562852516753,0.011827964774425,0.0050605991571284,0.0071542384723276,0.0,0.0,0.0,0.0078196285903566,0.0035268650698646,0.0,0.0,0.0061928737626025,0.0391111327224029,0.0,0.0,0.0238524821983803,0.0,0.0,0.0,0.0,0.0,0.0,0.032272344977012,0.0,0.0168768354474524,0.0038064945597005,0.0188725024139585,0.0104854122811004,0.0
COAa,0.213677855246301,0.0,0.0103445815641276,0.0050489598977139,0.0,0.0052723586608122,0.0281979982229104,0.0643329116490548,0.0335390254931131,0.0,0.0055016089433549,0.0050007384851132,0.0,0.0186987106764101,0.114668799455372,0.0,0.0077129033062028,0.0,0.0,0.0,0.0,0.229532100723328,0.273398686219231,0.007547150030101,0.0204066497819721,0.0119618807278514,0.0045068935392975,0.0657762928813478,0.0,0.0,0.0770342018003137,0.0,0.0045286699334712,1.12950758904976,0.341896228565767,0.0072400153174613,0.0,0.0,0.0,0.0,0.0040473430804603,0.0085220573235535,0.0,0.260034071257491,0.0,0.0076724482921869,0.132720532011136,0.0196531541572368,0.127645918598631,0.223150176028208,0.0,0.0,0.0049271111828647,0.0362243262023158,0.017649660516408,0.0496426849958518,0.0,0.0142148698059838,0.120726585453276,0.0,0.0,0.0,0.0596186199721387,0.0042253584025236,0.0,0.0,0.0,0.0,0.152582418173991,0.0,0.0044229392401288,0.0,0.004699862293919,0.015984916607911,0.0159166472031039,0.0,0.0052559574362537,0.0,0.0047195972609223,0.0,0.0,0.103965957230462,0.0,0.0036334987611295,0.0,0.0,0.140321755303956,0.0055454942631444,0.0409150560876302,0.0226715507022248,0.0186277828900221,0.0133207544704892,0.0220807686024264,0.0,0.0,0.0035379016456315,0.0034331174852481,0.0,0.0,0.0123881880161025,0.0,0.0753123942934149,0.0,0.0,1.22895759359794,0.0,0.0,0.0,0.0,0.0236423263293055,0.0108549134845734,0.0065655809774163,0.0498401715842747,0.277028699763908,0.89115204384423,0.0,0.0058604875984556,0.0,0.0051989996025725,0.0045314042426569,0.0078599933696734,0.0,0.0,0.0,0.0,0.0,0.0072288591229071,0.781095922190296,0.0124319068200958,0.0129734514301012,0.0,0.0281633420118651,0.0073712369863525,0.0323048851275696,0.0,0.0056375510865888,0.0,0.0,0.0,0.0,0.0,0.0246272090915482,0.0,0.0046801519574754,0.0274162822455835,0.0148556085222607,0.0,0.0,0.0053391015740351,0.05673841232856,0.0068591718428078,0.0,0.0,0.0,0.0,0.0,0.0,0.004691341223801,0.0,0.0,0.004239566859382,0.0665559308856997,0.0,0.005741011941582,0.0,0.0,0.0,0.0056357653440746,0.0,0.0176177782073609,0.0,0.0,0.0,0.0,0.0,0.0,0.0,0.0,0.0,0.0,0.0053750272086228,0.009658969908539,0.0098951272075701,0.0,0.0,0.0044440842289268,0.310911294545992,0.0,0.0082013857232972,0.213571213757076,0.0068004337189231,0.0,0.0,0.0,0.0,0.0604397828633769,0.0,0.0,0.0,0.0,0.0,0.0,0.0,0.0066586984044893,0.0,0.0,0.0,0.0,0.0,0.0,0.0,0.0,0.0,0.0,0.0,0.0,0.0,0.0,0.0,0.0,0.0,0.0,0.0,0.0,0.0,0.0033176643312198,0.0,0.0,0.0,0.0,0.0043531128695053,0.0041683780937924,0.0,0.0054004720324897,0.003742599100712,0.0,0.0,0.0,0.0066215090985876,0.00430318365095,0.0,0.0033080639680585,0.0,0.0,0.0,0.0,0.0,0.0,0.0,0.0,0.0045385343275667,0.0,0.0040199010451128,0.0,0.0,0.0,0.0,0.00433495729188,0.0042270812670101,0.0,0.0,0.0,0.0,0.0,0.0,0.0,0.0,0.0,0.0,0.0,0.0,0.0,0.0,0.0,0.0,0.0,0.0,0.0046807831463798,0.0,0.004687035578122,0.0,0.0040393162706941,0.0067637596630227,0.0,0.0,0.0,0.0,0.0,0.0,0.0,0.0,0.0,0.0,0.0,0.0,0.0,0.0057768364197534,0.0055149673791483,0.006242304211271,0.0076538294843568,0.0133411867354893,0.0,0.0,0.0,0.0,0.0,0.0034597503336958,0.0,0.0039586497082241,0.0,0.0,0.0,0.0,0.0,0.0,0.0,0.0,0.0,0.0,0.0,0.0,0.0,0.0037988028278905,0.0,0.0,0.0040201751217858,0.0,0.0049416308759539,0.0038986808002841,0.0,0.0042990719613538,0.0,0.0,0.0,0.0,0.0046221321225479,0.0037659569506492,0.0,0.0107824777711517,0.0130168412705601,0.0,0.006087627139029,0.0054853286290725,0.0,0.0035183078973975,0.0,0.0,0.0,0.0,0.0048620482619025,0.0,0.0,0.0,0.0047431714753721,0.0134818565929208,0.0,0.0,0.0,0.0394839581096747,0.0066133145124074,0.0,0.0,0.0,0.0,0.0,0.0,0.0,0.0,0.0,0.0,0.0,0.0,0.0046639015762664,0.0,0.0,0.0,0.0,0.0,0.0090512601523193,0.0,0.0,0.0,0.0,0.0,0.0,0.0,0.0,0.0,0.0,0.0,0.0056684652368459,0.0084955470964019,0.0041938438102353,0.0,0.0,0.0,0.0,0.0,0.0037975215221391,0.0,0.0052390950978947,0.0,0.0,0.0,0.0,0.0,0.0,0.0,0.0,0.0,0.0,0.0,0.0,0.0,0.003989835280538,0.0,0.0,0.0
COAp,0.622405681862725,0.0,0.0035360108782193,0.0098386972678477,0.0,0.0083645726223103,0.0035808871528726,0.0122607961184624,0.0040881563725696,0.0,0.0098441600553826,0.0096868732599754,0.0,0.05914116724074,0.0770854668516832,0.0,0.0283986889912476,0.0,0.0,0.0041966867537186,0.0,0.89254852104601,0.974389057892499,0.0474797013730871,0.1236691113478,0.0793509727817479,0.0803426466261356,0.181720132645634,0.0,0.0063355736641299,0.200967442157085,0.0034577900306449,0.0046868862052864,1.57375531258419,3.03296121059242,0.0081843399343599,0.0037336866442771,0.0,0.0,0.0,0.0438967667327128,0.018935519697392,0.0,0.176361777247088,0.0,0.0,0.504318647402002,0.213921453525158,0.396029645945196,0.811368247060956,0.0,0.0,0.0055801243666172,0.0272663701987976,0.0263445978403221,0.0195477380275004,0.0,0.0,0.409981547915945,0.0,0.0,0.0,0.0206030755835446,0.0,0.0034264246760477,0.0,0.0,0.0,0.590164268960753,0.0,0.0037429624844761,0.0,0.0062259685763532,0.0,0.0109960682690192,0.0,0.0042980514357938,0.0,0.0,0.0,0.0,0.046526275845039,0.0,0.0,0.0,0.0,0.704714575945667,0.0091950456383318,0.0291272567181969,0.0198398562334705,0.0,0.0341216127534547,0.0385647561695714,0.0,0.0,0.004199945978888,0.0035473661868467,0.0,0.0,0.058801266313645,0.0,0.0555923609948866,0.0,0.0,1.42167115120072,0.0,0.0,0.0,0.0,0.0039589695582709,0.0084746177291832,0.0037973550751324,0.127791118580365,1.2753417239756,1.96955870311579,0.0,0.0396222135501189,0.0,0.0,0.0,0.0,0.0035110304638553,0.0,0.0,0.0,0.0,0.0107463026230828,1.11568500156231,0.0085980974100224,0.030397088421246,0.0109735049500468,0.0193101539601512,0.0092190562284562,0.0249076671415043,0.0,0.0345195918873568,0.0033173445323428,0.0,0.0,0.0,0.0,0.0555731062036656,0.0,0.0069857880572448,0.0294264666283099,0.0481963884369358,0.0036741713512691,0.0,0.0125502284505162,0.118022885412562,0.0127347695159692,0.0,0.0,0.0,0.0,0.0,0.0,0.0085688173683573,0.0,0.0,0.0,0.0309620378775968,0.0,0.0103154983862271,0.0,0.0,0.0,0.0,0.0,0.0163448271825714,0.0,0.0,0.0,0.0,0.0,0.0,0.0,0.0,0.0,0.0,0.0,0.0,0.0189572955096274,0.0,0.0,0.0,1.84250210127377,0.0,0.0478593817196698,0.139621211628543,0.022662765182551,0.0,0.0,0.0,0.0,0.0190789875505034,0.0,0.0,0.0,0.0,0.0,0.0,0.0,0.0212284799073013,0.0,0.0,0.0,0.0,0.0034734827714866,0.0,0.0,0.0,0.0,0.0,0.0,0.0,0.0,0.0,0.0,0.0,0.0,0.0,0.0140204342027712,0.0,0.0,0.014406455477901,0.0,0.0,0.0,0.0,0.0331075234937026,0.0427716647370095,0.0048520298243264,0.0119408958235764,0.0072675984046849,0.0038140935706148,0.0,0.0,0.0067776123162,0.0089514193620937,0.0,0.0,0.0179811302455653,0.204495444665072,0.0,0.0033408595412995,0.0046117648363158,0.0,0.0,0.0042877560057295,0.0164977709134305,0.0,0.0,0.0,0.0,0.0148600957975148,0.0053150027329774,0.0115516506300918,0.0295121869384326,0.0,0.0,0.0074480374405369,0.0,0.0,0.0,0.0,0.0,0.0,0.0,0.0,0.0,0.0046982587600618,0.0,0.0,0.0,0.0,0.0,0.0163375951159026,0.0,0.0,0.0,0.0073933708543581,0.0,0.0039588477928762,0.0,0.0,0.0,0.0,0.0,0.0,0.0,0.0,0.0,0.0,0.0,0.0,0.0124555493494401,0.005727525998824,0.0133063504571716,0.0,0.0557273779335232,0.0067378505748578,0.0,0.0,0.0,0.0,0.0,0.0,0.0155399455138205,0.0,0.0,0.0,0.0,0.004012705113745,0.0,0.0,0.0036614593603929,0.0,0.0,0.0,0.0,0.0,0.0448888906006318,0.0627306665234192,0.0,0.003955726116575,0.0,0.0,0.0,0.0,0.0046937539601901,0.0,0.0,0.0,0.0,0.0127145892071509,0.0126760616890383,0.0,0.044984573622248,0.0124537668708143,0.0033715001542505,0.005368774471777,0.0112681886608126,0.0,0.0033211823454501,0.0035879159422214,0.0,0.0,0.0,0.0,0.0,0.0,0.0,0.0,0.0662845171701778,0.0,0.0,0.0,0.0734192174605886,0.0087351737233175,0.0,0.0,0.0,0.0,0.0,0.0,0.0,0.0,0.0,0.0,0.0,0.0,0.0081974991742151,0.0,0.0,0.0,0.0,0.0,0.0034942307658531,0.0,0.0,0.0,0.0,0.0,0.0,0.0,0.0,0.0,0.0,0.0,0.0,0.0283661264829254,0.0,0.0,0.0,0.0723829461152693,0.0,0.0088851539357755,0.0,0.0061174551998633,0.0,0.0,0.0,0.0,0.0,0.0,0.0,0.0,0.0,0.0,0.0,0.0,0.007493113756084,0.0,0.0,0.0,0.0,0.0
CP,0.421056090009428,8.64667276734221,6.61924977163149,0.647440036389502,2.444364737637,0.0068265697838807,4.69494069306738,3.48567025457464,4.96922603747461,0.0,3.94938022168059,3.03512038228187,0.0,0.0467994300853007,0.112489823684442,0.0363426078155397,0.0047625171334475,2.90693495558141,2.21725201325928,2.12858909457982,2.73700181949268,5.2459109848874,3.61857073157963,0.317777580621571,0.604204986404835,0.169455612243324,0.0835451751982542,2.70065308152451,0.0,2.61951233821808,4.24745249576238,0.209476795203714,8.77020637643432,0.595946169282137,0.221276156654635,3.36107055623059,0.0209708296059073,0.0,0.0082211697821967,0.0,0.11795128732513,0.0186987072980534,0.0,0.401612461922786,0.0070214768442721,3.50015972554816,2.90953100155091,1.80229210630578,5.42603283398662,5.02773685495443,0.0,0.0,10.2212357951876,3.85353927686515,3.65613682144543,2.32294802363264,0.0,2.50168333655134,0.810188778821396,0.0051955590508974,0.0034768830252848,0.0105945974042623,1.99586025868273,5.4159606626937,0.0,0.0,0.122190385157144,0.0,7.41633716389969,0.0,1.58314214260448,0.975498275058338,2.36167078153996,1.30552148311152,0.148290872613638,1.30024733927773,0.0117159702435885,0.0,0.429666653293622,0.163713208798522,0.034511019604179,0.496865129510972,0.0,4.6744901838111,0.0,0.0,0.102383899735631,3.07727137694184,2.20307420924195,3.32060198540647,1.13996560703321,0.018299943921523,0.0338770160158319,7.26182181389827,8.47276356138954,0.005103569412002,0.0060355929006573,0.0,0.229868658518244,0.173398511512324,0.0,0.112040678787501,0.0068383616160492,0.0075751951459025,0.626278276722124,0.0,0.0061851011195007,0.0092899146475607,0.0038216320263495,4.82818755240729,4.45394818359608,4.72207689238564,1.16892026682076,2.65573100138332,0.502845424112583,0.0287093926729777,0.295445348889517,0.0,0.0273514785276125,0.0095919090805169,3.51239607597937,6.38620710640326,0.0,0.0096683979002031,0.0038400853699319,0.0,0.0495265287069063,0.585934380743299,5.17225599136469,0.0215156863435116,2.03880846921942,1.83378100589102,0.446191769296724,2.99132984480126,0.253190604058717,0.21616202734259,0.0,0.0051138217422878,0.0116584352562041,0.00546372056169,0.0037936684815149,2.17506860137083,3.65332905395829,0.0079085831610774,1.69827519926936,0.0126007168466364,0.0040255353855249,0.0,0.0042093233991412,1.76961338865999,8.97772979712759,0.377141669374186,0.947109949889642,2.83383064166578,1.7843392063121,1.65287426709846,1.68650589077738,0.0042163519921705,0.0073403148698701,0.0,0.317933510692363,0.524634735462114,0.0,4.3658806688798,2.25990357674434,2.69059752381809,0.0054795666278038,4.21424338502711,2.69008729174051,3.09866940065358,0.0,0.0,0.0,0.0,4.62628110948189,3.82992772019997,5.60532101470785,4.96532172334611,4.67534412503698,5.02330490110167,4.31867097837412,0.778248130364197,0.0268268114609465,0.0099806887205071,0.0,2.95073168682448,0.305673068801048,0.0098694692521567,0.10658416142558,0.192691375925108,0.0091983378845294,0.00530683376786,2.64687185645425,0.0,0.0,4.28223003086282,4.72197886332518,5.55641569125041,3.15458451820441,0.724189260604707,2.63948058478659,3.41937404507676,2.45596455462318,0.0048111709305873,1.92064605990753,1.86550968589733,3.15721387874283,0.694636306734104,0.0033958156876107,0.0046887020761818,3.12155816467327,1.6207983953806,0.0,0.0,0.0,2.41013069912088,1.73126627259995,2.53515928841486,0.0032965945339336,0.056284109132363,0.0308600946126153,0.0,0.047215588950201,0.008685142141974,0.0,0.0033131634464238,0.131696599895197,0.0797342053435065,0.183815043305953,0.0,1.7551112443113,1.17970308220482,0.0050628204414358,0.147653971120939,0.0837178826812039,0.0318281743254628,0.0053424410710061,0.0,0.0198294621669719,2.05289536467289,0.0269346941853569,0.874261686279094,0.0066587759092272,0.0136816434179932,0.0,0.0184247751435077,0.0,0.0,0.0,0.0212474310323546,0.0042109358830345,0.0,0.0039315611502026,0.0049678345509772,0.947447554369088,0.700877287264613,0.185304084011888,2.12699646486066,1.69145176966855,0.0,0.0047639498080389,5.30137519900415,0.0077739791870784,0.070730962840664,0.23365834103672,0.0,0.706864658285409,0.0071004907996931,0.0,0.0,0.0,0.49129592940625,0.558396673922685,0.0,0.0,0.026796100371456,0.0,2.623680506066,0.0,0.0,0.0,0.005863231480053,0.127015476168919,0.0078417758343512,0.0,0.0,0.0038578631317965,0.0,0.0,0.0,0.0869296114741007,0.0,0.122412719218575,0.0055738306837064,0.0045125371555942,0.0,0.0102522236661043,0.0075157341497451,0.0113528207327206,0.147982163857496,0.0105783308967441,0.0232871450474412,3.6798498975565,4.55177530374123,0.0,0.0,0.0,0.0074246652994267,0.065581063309105,0.0,0.0092582249757016,0.0040872194270352,0.0033604118317336,0.0035993505904174,0.0,0.0,0.0040412142931218,0.0081883269267854,1.89572269690868,1.65668272903936,1.75211566595705,0.0041919747346807,0.81960086884937,0.0096564521025379,0.0067513228279547,0.0243083866323233,0.0,0.0079645545197854,0.0042629046935122,0.95426166993438,0.028372749528734,0.0,0.0,0.004398910027929,0.0037998889995496,0.0038416900224844,0.0190461781020257,2.31875223424879,0.009058594033394,0.0352975711303617,0.0032945686655678,0.0258264704087474,0.0098314089135606,0.0,0.020184526328373,0.0,0.0036743229905526,0.005003258296549,0.0061070862045887,0.0041747262961722,0.0372108625495323,0.316255682306087,0.0,0.0990758005429458,0.0120572865391328,0.0,0.0,0.0,0.718085296094149,0.87334240583811,0.0210847911182602,0.0102926633832449,0.184113159810629,0.0431852372415587,0.0646861871814035,0.0,0.0,0.0,0.0,0.0,0.0811165754100652,0.0,0.352526411067212,0.0111727087347238,0.0099183149007458,0.0035800204519314,0.747813279821913,0.619449709314925,0.0104638505882057,0.0,0.0100144893235288,0.0,0.0,0.600261354705274,0.706950043582251,0.813097540005177,0.429711506711912,0.610768243296161,0.949837986653759,0.537370008134514,0.0424022654404281,0.006427965413061,0.0044310780880461,0.0,0.62304673273392,0.0094664281900098,0.0035345849255785,0.0335909972882049,0.0071486054872995,0.0,0.0044328380245464,0.0077165276274192,0.0,0.0,2.03067179881644,0.438688359865458,0.309949955136315,0.374233893159139,0.0511209924729833,0.311761755508176,0.106787892971927,0.0074650082169859,0.0,0.0,0.0043478146334027,0.191598149213694,0.0259411344667685,0.0069568270623475
CS,0.0,0.197868020087545,0.188946514049574,0.0,0.0057245782443371,0.0312027587623596,0.0191761507533877,0.0,0.013541106396083,0.0056922072824461,0.0,0.0,0.0,0.0,0.0,0.0091198022968868,0.0087068166990002,0.0,0.0,0.0,0.0,0.0,0.0,0.0047343793830129,0.0,0.0,0.0,0.0,0.0,0.0185757242610315,0.0,0.155302507414734,0.0,0.0,0.0,0.0,0.446641474704004,0.0,0.010896886583361,0.0040170748780575,0.0,0.0208830457601165,0.0,0.0,0.10977133593003,0.0,0.0,0.0,0.0,0.0,0.0,0.0,0.0351581455896627,0.0,0.0,0.0,0.0076258562041889,0.0,0.0,0.0074178331241352,0.0128039280691073,0.0040674852048637,0.123444896481048,0.0213667847942105,0.0075790004992216,0.0055603734127412,0.310866657838071,0.003596329368882,0.0,0.0061609145684125,0.0,0.0,0.0,0.26972027479263,0.0296181096130765,0.0,0.041474207185433,0.0049855365786414,0.0035445695452102,0.0,0.0,0.0163218895842452,0.0091834084596911,0.0406674230285734,0.0,0.0,0.0,0.0,0.0,0.0,0.294774735453592,0.0208572127353589,0.0,0.0185542835551262,0.0695187401801384,0.0266774576685648,0.0308858875114848,0.0058209992952535,0.0366604415761717,0.016577584710051,0.0162387959214398,0.0182280720538644,0.377876013593377,0.103330317932095,0.0,0.0,0.0046543632349484,0.0153615329661773,0.0,0.109596769143671,0.0874538625150227,0.133948773134697,0.0,0.0,0.0,0.0444459996599664,0.0,0.0041640134083136,0.0522766906226527,0.279908810354757,0.0,0.0036605383932767,0.0,0.111662410480207,0.0125854585623452,0.0088971019968052,0.0125147536727645,0.0,0.1017253189772,0.0218343779087481,0.0,0.0,0.0,0.0,0.0274519995348114,0.0,0.0,0.116036617267963,0.169505520382925,0.0164432037844021,0.138492645319186,0.0,0.0234732467790075,0.0235151392631992,0.10788459141164,0.0245274941791335,0.021181942985607,0.0,0.0229417234132234,0.0,0.0,0.0491702857948115,0.0258865897283125,0.0244634110818845,0.0621968337391943,0.0922544320527271,0.0,0.0217130021405369,0.009934748459148,0.003478273253163,0.0,0.0131047368280799,0.0,0.0,0.0210511810717848,0.0144645133738257,0.0871629644865763,0.0190899097493105,0.0,0.0,0.0,0.0,0.0,0.0047091299417117,0.0199621458508363,0.0285686195992209,0.0,0.0,0.046306167547298,0.0137373352618033,0.0,0.023034507360306,0.0132488792568267,0.101987532389328,0.0112824041509265,0.0,0.0,0.138910770862558,0.0094808348214548,0.0,0.0208559218286375,0.130999019382402,0.0,0.0091101217917324,0.0057986296799292,0.0,0.0069998962294319,0.0345114783835154,0.0,0.0,0.0,0.0048022199818808,0.0047198039077944,0.014536686873299,0.0,0.0,0.0,0.082440804196409,0.0,0.0,0.0798711737665032,0.0759970452599736,0.0,0.0050261787813458,0.0098286134834014,0.0081758405518357,0.0,0.0049901394078768,0.0,0.0,0.0,0.0,0.0,0.0,0.0,0.0,0.0,0.0,0.0,0.0,0.0,0.0,0.0,0.0,0.0,0.0,0.0,0.0,0.0161649874734142,0.0,0.0940986089902438,0.0,0.0,0.0,0.0,0.396106850782257,0.0,0.0119089216557635,0.0,0.0,0.0057298959927205,0.0124950128038298,0.0,0.0592339428640031,0.0,0.0,0.0,0.0,0.0,0.0,0.0,0.0184991398428764,0.0,0.0,0.0,0.0036169491842633,0.0,0.0,0.0057135948661755,0.0074986441191084,0.0039737060581566,0.0500749483429774,0.0188377795266981,0.0,0.0156915331153491,0.163146346800552,0.0,0.0,0.0045035304223058,0.0,0.0,0.0,0.240031453660364,0.0083157562718752,0.0,0.0125465629181919,0.0,0.0,0.0,0.0,0.0043621631941026,0.0038063654123612,0.0357760723391567,0.0,0.0,0.0,0.0,0.0,0.0,0.262528269027857,0.0,0.0,0.0059402298044178,0.0282889483701336,0.0080117304853235,0.0091660494366248,0.0,0.0175724508819257,0.0193449765662671,0.0152481733099806,0.0068108725781174,0.357320176756471,0.0779013822090611,0.0,0.0,0.0,0.0035845532315674,0.0,0.0602400808876865,0.0455729806190933,0.0741114078610677,0.0,0.0,0.0,0.023794123596741,0.0,0.0037387170669074,0.0429666979411176,0.270424803992986,0.0,0.0,0.0,0.0343478129593127,0.0065634063071276,0.0034519782700771,0.0,0.0,0.0436873226481561,0.0034701148898409,0.0,0.0,0.0,0.0,0.0135497490757982,0.0,0.0,0.0892364011558921,0.129148371951958,0.007030779376484,0.110936597299023,0.0,0.007999109683358,0.0078932507175305,0.0962182043341323,0.0,0.0062109039249301,0.0,0.0065757787189038,0.0,0.0,0.0205794186939423,0.0080517960321383,0.0072888626764186,0.0195578145064823,0.0289552511344668,0.0,0.0067357825419387,0.0085727771507997,0.0068271036103196,0.0,0.0034081688082947,0.0,0.0,0.0065876973695699,0.0051155811981191,0.0527589630160917,0.0168173445855026,0.0,0.0,0.0,0.0,0.0,0.0045758839986955,0.0071518025650503,0.0091379153858784,0.0,0.0,0.0188575653668082,0.0040554260475284,0.0,0.0,0.0,0.0829660052943463,0.0085118085555216,0.0,0.0,0.0598559923405232,0.0097610101085481,0.0,0.0054308519527905,0.104857129043603,0.0,0.008371162734383,0.0,0.0,0.0,0.0108876614948544,0.0,0.0,0.0,0.0,0.0,0.0040071843098971,0.0,0.0,0.0,0.0351617277072379,0.0
CUL,0.0,0.0,0.0,0.0,0.0,0.0,0.0,0.0,0.0,0.0767014131367271,0.0,0.0,0.485212481239099,0.0,0.0,0.0,0.0,0.0104339887231921,0.0160343977671858,0.0167149546486044,0.0,0.0,0.0,0.0,0.0,0.0,0.0,0.0,0.500780213154764,0.0,0.0044317949722291,0.0,0.0,0.0,0.0,0.0,0.0275322103908404,5.18181172258646,0.0036065268396568,0.0366620526370539,0.0,0.0,0.0447081945511932,0.0,0.0,0.0057379990373878,0.0,0.0,0.0,0.0,0.0309651268679817,0.856083674802549,0.0,0.0,0.0036363876831881,0.0,0.0394045218822901,0.0,0.0,0.0085733773440542,0.0122446748008349,0.0085638781114282,0.0,0.0,0.119872892067922,0.339320129022503,0.0,0.0348561227660531,0.0,0.0304950545853397,0.0,0.0,0.0,0.0,0.0,0.0,0.0,0.109806571394924,0.0,0.0,0.0,0.0,0.0502927134465263,0.0,0.0365868124988,0.0680748820490996,0.0,0.0,0.0,0.0,0.0,0.0,0.0,0.0,0.0,0.0,0.0,0.0,0.0,0.0,0.0274669194062418,0.0,0.0,0.0924910020114817,0.0,0.956527836038045,0.0,0.0,0.0269618424583459,0.0,0.0,0.0,0.0,0.0,0.0,0.0,0.0049128957765844,0.0343285275045935,0.0757086311880791,0.0,0.0056230986126993,0.0,0.0118986373150763,0.266879318651191,0.0600433415576506,0.0755684603567087,0.0,0.0,0.003456958597519,0.0,0.0,0.0,0.0037689210271874,0.0,0.0,0.0036326987269787,0.036402530377769,0.0310712243885462,0.0454626237302002,0.0823406745310497,0.187542908470296,0.0,0.0,0.0,0.0,0.0,0.0,0.0129490376030408,0.0,0.0,0.0,0.0,0.0,0.0,0.0,0.0,0.0,0.0,0.0,0.003914568395752,0.0,0.0,1.72851581200382,0.0,0.0,0.0,0.105983462503023,0.0,0.0,0.0,0.0297908869106206,0.019683485446017,0.0493781231180562,0.0249545345636087,0.0,0.0,0.0,0.0,0.0,0.0,0.0,0.003656806748352,0.0,0.110368958226355,0.0289147007520883,0.008178165433846,0.0,0.235587961975317,0.0,0.0,0.0,0.17019763856753,0.0,0.0103873244653821,0.021319784838328,0.0,0.0041171447009009,0.0,0.0,0.0,0.0,0.0,0.0,0.0,0.0,0.0,0.0,0.0,0.0201689574434986,0.0,0.0069143621033803,0.0,0.0,0.0,0.0,0.0,0.0,0.0,0.0536221645992015,0.0,0.0,0.0700964205249103,0.0,0.0,0.0,0.0,0.0,0.0,0.0,0.0,0.0,0.0,0.0,0.0,0.0,0.0,0.0,0.125452709885583,0.0,0.0035839124201917,0.0,0.0,0.0,0.0,0.0,0.0758902851649663,0.938064252876336,0.0,0.0228813649689398,0.0,0.0,0.0,0.0,0.0,0.0,0.0,0.0,0.0,0.0,0.0,0.423720216533524,0.0,0.0,0.0066690317000396,0.0,0.025086292472649,0.0,0.0,0.0,0.0035679505869011,0.0,0.0,0.0,0.105878256146718,0.0142372290043844,0.0,0.0250445318050334,0.0,0.0251676065902905,0.0,0.0,0.0,0.0,0.0,0.0,0.0,0.075828695759738,0.0,0.0,0.0,0.0,0.029962926593294,0.0,0.0225217234212661,0.0626506684565098,0.0,0.0,0.0,0.0,0.0,0.004389036908519,0.0,0.0,0.0048794382184839,0.0,0.0,0.0,0.0,0.0,0.0231123847897027,0.0,0.0,0.113283748865181,0.0,0.492638475402004,0.0,0.0,0.021692689645586,0.0,0.0,0.0,0.0,0.0,0.0,0.0,0.0034350217484542,0.0187801265048955,0.0159370477694592,0.0,0.0,0.0,0.0,0.779586142659946,0.0525362872399363,0.0607960479156259,0.0,0.0,0.0081059762853064,0.0035238063217113,0.0,0.0,0.0033297059896794,0.0,0.0,0.0,0.0041876817802193,0.0860240795821561,0.116032552727873,0.073479130152227,0.0418319879672767,0.0,0.0,0.0,0.0,0.0048859802454912,0.0,0.0073304921747643,0.0,0.0,0.0,0.0036411296355309,0.0,0.0,0.0,0.0,0.0,0.0,0.0,0.0,0.0,0.0,0.244805747829346,0.0,0.0,0.0,0.305263984873845,0.0,0.0,0.0,0.0167346413897288,0.0067022580295709,0.014762419331685,0.0132434404318896,0.0,0.0,0.0,0.0,0.0,0.0,0.0,0.0,0.0,0.0150978610881664,0.0237226282417341,0.0,0.0,0.670876403339619,0.0,0.0,0.0,0.031010904491881,0.0,0.0059904780140977,0.0166939048864087,0.0,0.0,0.0,0.0,0.0,0.0,0.0,0.0,0.0,0.0,0.0,0.0,0.0042103270100386,0.019764134805327
CUN,0.0055580741168279,0.0107738282864269,0.013717253826234,0.0,0.0,0.0101893541106096,0.0,0.0052346143409168,0.0,0.0102582517146808,0.0,0.0,0.0,0.0,0.0,0.0255358794988676,0.0062452400493571,0.0485672199968799,0.0456173155924917,0.0431521455377738,0.0,0.0,0.0,0.0063918535770455,0.0,0.0,0.0,0.0133638529332572,0.0,0.0,0.0,0.0117016781856376,0.0,0.0,0.0,0.0,0.0074036895229587,0.0,0.433237769651259,0.0,0.0,0.008021508310243,0.0,0.0,0.0386455385604407,0.0122379768841638,0.0,0.0,0.0,0.0,0.0,0.0,0.0,0.0,0.0100549996387372,0.0050027279915786,0.0056277306472635,0.0,0.0068546165301239,0.263251508294336,0.297915043945399,0.234765277610489,0.0274612160557864,0.0,0.0107956373136196,0.0,0.0,0.0037876865442426,0.0,0.0,0.0,0.0,0.0254407122340124,0.0,0.0104249343784964,0.0,0.0098144033671325,0.0107827122258566,0.0,0.0,0.0,0.0,0.0091171472740228,0.0,0.0034521461690368,0.0048921425016571,0.003987041274631,0.0357903443037695,0.133129177930188,0.0919164033493273,0.0,0.0,0.0,0.0,0.0033759635930889,0.0085503653131469,0.0088769519721637,0.0231324073211068,0.0863304181802794,0.0,0.0033032207241469,0.0,0.016990499755359,0.10831854187988,0.0,0.0038670184596437,0.0333318041240554,0.0211620411353597,0.0041900491077575,0.0055987336546432,0.0100355195220082,0.0103118681727387,0.0,0.0,0.0,0.214137479352213,0.0037464963109654,0.0,0.102573543801865,0.0185482401518046,0.0121195135680901,0.0,0.0,0.0077485033052974,0.0,0.0142816967563435,0.0046250023319402,0.0,0.0192203559908233,0.0047890185359626,0.0,0.0923711044192795,0.0,0.118957590500257,0.156880851543308,0.0,0.0,0.02261399769506,0.0186798048438604,0.0,0.0814195571204878,0.0,0.0046433822356948,0.0085431949711031,0.0,0.004088516479583,0.0072526173983161,0.0,0.0096027968682663,0.0,0.0,0.0191958625195264,0.031856900527899,0.00439038689598,0.0,0.0,0.0,0.0087170451053695,0.168851597145482,0.129990605277369,0.0,0.0,0.0,0.0,0.0181347613373747,0.0197017185800563,0.0304855430058954,0.0,0.0,0.047339261242513,0.0,0.0,0.0,0.0,0.0,0.0061366791067082,0.0,0.0,0.0114615857832798,0.0,0.010901207821009,0.0122931663948819,0.0,0.0753814537058911,0.0,0.0204734946431312,0.0,0.0105975901732806,0.0,0.0,0.0092024513721284,0.0630310847979186,0.0,0.0,0.0053015370618068,0.0086912297366395,0.0267735746113798,0.0047444955248592,0.0047948876949472,0.0,0.0,0.0,0.0035117806131498,0.0085153694630253,0.0,0.0,0.0,0.0082087936975004,0.0033965198958056,0.0,0.0,0.0,0.0,0.0,0.0,0.0,0.0,0.0,0.0162247750810512,0.0,0.0,0.0,0.0,0.0,0.0054950870454676,0.0,0.0,0.0,0.0,0.0,0.0,0.0,0.0,0.0,0.0,0.0,0.0,0.0,0.0,0.0,0.009639063347574,0.0,0.0,0.0,0.0,0.0094626708569344,0.0,0.100169546503116,0.0,0.0,0.0,0.0040061268631018,0.0,0.0154386962279377,0.0,0.0,0.0,0.0,0.0,0.0,0.0037896426396282,0.0,0.0,0.0,0.0,0.0049454511491432,0.0,0.0,0.0525863167174584,0.0803811217559377,0.0443280408783863,0.0091546845043457,0.0,0.012921338319025,0.0,0.0,0.0051987545352457,0.0,0.0,0.0,0.0,0.0,0.0,0.0,0.0,0.0,0.016942169038779,0.0,0.0,0.0,0.0,0.0080983408204521,0.0,0.0064283321242571,0.0081819922649379,0.0,0.0,0.0044259272547998,0.0,0.0,0.0,0.0,0.0,0.0,0.0,0.0,0.0116271637509053,0.0192417346885875,0.0,0.0,0.0,0.0097992310394457,0.0097523971415339,0.0,0.003398209962651,0.008159309894743,0.0169913616365591,0.0139134604644635,0.0072010935354897,0.0089911018858285,0.0145807079033838,0.0,0.0,0.0,0.0529242345608294,0.0,0.0039968579226636,0.0086123369266724,0.0082331191950309,0.0,0.0,0.0,0.0034870117156558,0.0,0.0204656329158782,0.0,0.0,0.0069718158635524,0.0,0.0,0.0,0.0,0.0032919304561017,0.036192402458798,0.0,0.0,0.0095650754900514,0.0044780278993031,0.0,0.0106605333587783,0.0,0.0,0.0,0.0,0.0,0.0,0.0,0.0,0.0,0.0,0.0046012519071607,0.0045271661082919,0.0,0.0,0.0,0.0,0.0,0.0350611757508039,0.0257442368029614,0.0,0.0,0.0,0.0,0.0,0.0,0.0109011446796144,0.0,0.0,0.0,0.0,0.0066996303047393,0.0084214805805844,0.0,0.0,0.0,0.0,0.0,0.0,0.0,0.0,0.0,0.0,0.0107245770708348,0.0,0.0,0.0,0.005422439078524,0.0,0.0,0.0,0.0095791485641632,0.0,0.0,0.0071735672335629,0.0,0.0,0.0,0.0,0.0,0.0,0.0,0.0,0.0,0.0,0.0,0.0,0.0,0.0120291574229213
DCO,0.0,0.0,0.0,0.0,0.0,0.0,0.0,0.0,0.0,0.0037663394330038,0.0,0.0,0.0,0.0,0.0,0.0,0.0,0.0,0.0,0.0,0.0,0.0,0.0,0.0,0.0,0.0,0.0,0.0,0.0,0.0,0.0,0.0,0.0,0.0,0.0,0.0,0.0,0.0,0.0,0.0334214593394358,0.0,0.0,0.0215787058268231,0.0,0.0,0.0,0.0,0.0,0.0,0.0,0.0163217609471564,0.0,0.0,0.0,0.0,0.0,0.0,0.0,0.0,0.047545176716207,0.0301442485608778,0.0497461508461664,0.0,0.0,0.0,0.0103833244864364,0.0,0.0,0.0,0.0369939316864625,0.0,0.0,0.0,0.0,0.0,0.0,0.0,0.0033358154441953,0.0,0.0,0.0,0.0,0.0,0.0,0.0,0.0,0.0,0.0,0.0,0.0,0.0,0.0,0.0,0.0,0.0,0.0,0.0,0.0,0.0,0.0,0.014113083649768,0.0,0.0,0.0357456313318096,0.0,0.0,0.0,0.0,0.0095864903066884,0.0,0.0,0.0,0.0,0.0,0.0,0.0,0.0,0.0,0.258351881283377,0.0,0.0,0.0,0.0146930168453796,0.0044010143902953,0.007506118720607,0.0044366320210862,0.0,0.0,0.0,0.0,0.0,0.0,0.0,0.0,0.0,0.0,0.0032962005519015,0.0,0.0,0.008775540658941,0.554538866184833,0.0,0.0,0.0,0.0,0.0,0.0,0.0,0.0,0.0,0.0,0.0,0.0,0.0,0.0,0.0,0.0,0.0,0.0049608229060787,0.0047429664592729,0.0,0.0,0.004366564607843,0.0,0.0,0.0,0.0040611847370399,0.0,0.0,0.0,0.0190290316865985,0.0042425389879342,0.0066962781432375,0.0039558276010311,0.0,0.0,0.0,0.0,0.0,0.0,0.0,0.0,0.0,0.215172254703397,0.0350712876596435,0.0,0.0,0.0048460956947401,0.0,0.0,0.0,0.439743621303665,0.0,0.0047448606136462,0.0,0.0,0.0,0.0,0.0,0.0,0.0,0.0,0.0,0.0,0.0,0.0,0.0,0.0,0.0061413863254184,0.0,0.0,0.0,0.0,0.0,0.0,0.0,0.0,0.0,0.0085675257013745,0.0,0.0,0.0,0.0,0.0,0.0,0.0,0.0,0.0,0.0,0.0,0.0,0.0,0.0,0.0,0.0,0.0,0.0,0.0,0.0,0.0,0.0,0.0,0.0,0.0,0.0,0.0,0.0,0.0039250469568224,0.0,0.0,0.0,0.0,0.0,0.0,0.0,0.0,0.0,0.0,0.0,0.0,0.0,0.0,0.0,0.0,0.0,0.0033367905272329,0.0,0.0,0.0669472252384812,0.0423789803944737,0.0716062615262574,0.0,0.0,0.0078809659685111,0.0,0.0,0.0,0.0,0.0,0.0,0.0,0.0,0.0,0.0,0.0,0.0,0.0058773539167603,0.0,0.0,0.0,0.0,0.0050324258420637,0.0,0.0,0.0,0.0,0.0,0.0,0.0,0.0,0.0,0.0,0.0,0.0,0.0,0.0,0.0,0.0,0.0,0.0047255739386875,0.0,0.0,0.0,0.0,0.0046181547785042,0.0,0.0,0.0050850451929952,0.0,0.0,0.0,0.0,0.0,0.0,0.0,0.0043954871238932,0.0,0.0064328663011382,0.0,0.0,0.0,0.0,0.0127675894977024,0.0086508999430901,0.0122643601266504,0.0,0.0,0.0,0.0,0.0,0.0,0.0039048439165167,0.0,0.0,0.0,0.0,0.0,0.0,0.0118156156004266,0.014065874191841,0.0,0.0,0.0,0.0,0.0,0.0,0.0,0.0,0.0,0.0,0.0,0.0,0.0,0.0,0.0,0.0,0.0,0.0073364381763561,0.0073053270315852,0.0,0.0,0.0,0.0,0.0,0.0,0.0059243186572815,0.0,0.0,0.0,0.003419494039591,0.0,0.0,0.0,0.0,0.0,0.0,0.0,0.0,0.0,0.0,0.0,0.0,0.0047085220918928,0.0,0.0,0.0,0.0113164625592371,0.0,0.0,0.0,0.0104832514151157,0.0,0.0,0.0047249989884493,0.0,0.0,0.0,0.0,0.0,0.0,0.0,0.0,0.0,0.0,0.0,0.0,0.0,0.0042630403677931
DG,0.0239815289348956,0.0280295706779851,0.0508693502582454,0.0044642454806821,0.105102951276959,0.0092228495997599,0.0,0.0,0.0,0.0036349166347137,0.0295339711074404,0.0339129723649606,0.0,0.0134310482907362,0.0052667574432809,0.0196351392514752,0.011859092626303,0.0094783549661978,0.0163081907276418,0.0154783934090481,0.0663486235029211,0.0465414484612576,0.0493746228674445,0.0214074073646031,5.46736876350656,3.71289157125157,4.33114709040074,0.0099132270901777,0.0,0.0715739147422486,0.0078613571353174,0.0474546576493967,0.0088682879853374,0.0283439581502931,0.0649062674532195,0.005059466120015,0.110757628241407,0.0048307131060469,0.0046335324632207,0.0038490650983667,9.81863064308218,0.0500337746635897,0.0044972313436761,0.00714543423138,0.0178323598198524,0.0185916882273531,1.43677172445053,1.19800386934885,0.0180833784625603,0.0413779101994995,0.0,0.0,0.0036484491429172,0.0073188149141494,0.0034257406323115,0.0,0.0047495212348263,0.0,0.010076959170451,0.0099816602416496,0.0081840443636406,0.0119192220630768,0.0799161272626393,0.0115919639561909,0.0081703036521915,0.0,0.140416224266577,0.0,0.030733255541482,0.004131865355164,0.104213599205061,0.0260634115718217,0.0270927851846356,0.0626255808097089,0.0260034932574678,0.0610216407962668,0.0119069887551955,0.0,0.033015684915899,0.0081724660233428,0.0,0.0039998883263847,0.0082191151175032,0.0256991585992344,0.0,0.0036443469365752,0.0130886337438313,0.0278240923567487,0.0820082062232252,0.0559340489036416,0.0528962617635899,0.149836420166117,0.0070899628327783,0.0,0.0054317690491655,0.007656537362203,0.0088931328636258,0.118201602857518,0.0092722720524495,0.691841257001861,0.0,0.0776799094618806,0.007522760921607,0.0,0.0220812221890412,0.0,0.0819316748905053,0.0681858474290482,0.0055002946809455,0.0,0.0102759878171016,0.003626604917977,0.0084714426986185,0.0692397984280919,0.0456781207297301,0.0167301246337085,1.5041397697589,0.0,0.0049179246447985,0.0092867291686659,0.0188531971716661,0.047997109816312,0.0,0.0053344360142289,0.0,0.007361910912716,0.139012977157312,0.036810117586472,0.0202649603370129,0.104268546108853,0.065218943553431,0.0862457445350158,5.40059235314775,0.0707256801608025,0.0060065356897418,3.28434170319603,0.0033505325285857,0.0046192200691186,0.0171817901034105,0.0,0.0,0.0383232784013174,0.0266514758808004,0.0076052341589921,0.0325431255512558,0.0509456692220421,0.0066699577348349,0.0,0.0084989556539247,0.346645374418596,0.0339600400113572,0.0146009235586559,0.0093406589953322,0.0924125762794668,0.0540622200021486,0.100186288942174,0.0199128065883353,0.0074372478014488,0.0370411573650807,0.0699003466512097,0.0303745251831434,0.0037739162146994,0.003954320474642,0.0317840337022332,0.0110229256576253,0.0086254570385214,0.0041225520718217,0.0167507723935087,0.0130472236102346,0.0476925706620698,0.003981579262088,0.0,0.0,0.0,0.0,0.0,0.0,0.0,0.0043798414259864,0.0,0.0,0.0182167421611887,0.18974740863645,0.0,0.0040209617424409,0.044818054166196,0.106363261224939,0.0096401480115518,0.35837658732152,0.006033860368495,0.009013175539568,0.0,0.0111757966503185,0.0,0.0033724172252848,0.0,0.0521803546758208,0.123804338433511,0.10970836634789,0.0418868960326733,0.130684835563771,0.250347314216113,0.0070268751879207,0.0113246010334926,0.0163508733859162,0.0138168457817378,0.0182025638961928,0.0385801975087643,0.0045447942158207,0.0111877487750396,0.0060569183036241,0.0087684757068925,0.0152830489325255,0.0103035996393602,0.009880639960945,0.0039288933481257,0.0054952412856315,0.0035131087681105,0.0103275607343432,0.0088301598842543,0.010054250456903,0.0063605116360632,0.0324317586471307,0.0089237490812315,0.0164386752712631,0.0178720355494793,0.0076439307727879,0.0093139637911317,0.0104128613143124,0.0065452894099722,0.0052696882317806,0.0039353095074614,0.0294244443085925,2.38745420201987,1.58109041247927,1.70191670044797,0.0245618460570096,0.0158110251841536,0.0387134442921636,0.0173362011235857,0.0418257616364002,0.0149806554082336,0.0,0.0035284822371221,0.0171606806648818,0.109400754747032,0.0196427687864841,0.0095839248247305,0.042071628658043,4.45886127543817,0.0319236074786526,0.0187709023936086,0.0093046234485647,0.0338393879673894,0.0262283771518754,0.035289792014754,0.0961996548332297,0.0130386932198701,0.0062115813844648,0.0093532382838896,0.009507000167172,0.0132293006340084,0.024864575696097,0.0129076754588992,0.0074930779552535,0.0168027159918545,0.0114931475150977,0.0093314792982532,0.0269749206962913,0.0201982074433445,0.0318289954023744,0.0308936000155965,0.0158527497025622,0.0259741397127283,0.0122930807763494,0.0729167255826869,0.0107119327476667,0.0088570984901132,0.0448378686458596,0.0666204574408019,0.0048254238840408,0.0333337738839243,0.0115686449664864,0.018819465189513,0.0167304766852987,0.0099473425724192,0.0088577004148939,0.0359080002945437,0.0141057254897697,0.0113544669819065,0.0080611644249737,0.0274014312462076,0.0196082833286862,0.0178161884292528,0.0142381743962354,0.0056767201376641,0.0450757094638403,0.0730194650091576,0.0586485993665914,0.0088389479040041,0.0925442720548476,0.0169284346108751,0.0042135448857199,0.0060671876030872,0.008127403431951,0.0091139786433417,0.0235652078862507,0.0154759370097365,0.55007403564118,0.0136086530344342,0.0657108999846914,0.0074717941159915,0.0102266165708166,0.0,0.0136809536138924,0.0201064349852368,0.0261246864944223,0.0286234788567041,0.0059213299465102,0.0120447698336706,0.0089967836160033,0.012704599823907,0.0033672000496094,0.0,0.015600920955687,0.322016708984008,0.0069102442223105,0.014771193423069,0.0149082800237145,0.026260177654098,0.0515183100389809,0.0079070493124712,0.0053874157952511,0.0045401732775545,0.0212182103869977,0.0536049615852475,0.010551762330275,0.0210207458261105,0.0690013426334889,0.0645503401480015,0.0407357685182338,2.32039394340893,0.0608201247040663,0.0158975508742017,0.946764047696038,0.0125512178729878,0.0090775900125121,0.0235686412109951,0.0,0.0151310892804541,0.0143091333333268,0.0154018541477889,0.0076770084182094,0.0163441555734552,0.0679614417361626,0.0085882894992727,0.005310977617574,0.0111318567593064,0.0672738076449283,0.019941180137655,0.0155471043696621,0.0115735239824417,0.0156081223325028,0.0133283379473311,0.0090116725597755,0.0253960405163783,0.0092403918183889,0.0274878095493553,0.0517435553712449,0.0283720744234254,0.0080535632591566,0.0150697763484524,0.0220537009952856,0.0129400112273878,0.0122543940875959,0.0075265619308659,0.0229692517861731,0.0208382402154808,0.0951255202056486,0.0325568679692196,0.0231660334064148,0.0089081387958528,0.0064055689284873,0.0078713967023248,0.0,0.0050790406546024,0.0,0.0068363109350945,0.0046080906067118,0.0067756649642678,0.0487278128123429,0.0820018512153806,0.010189392012038,0.0407018970230001,0.0199098969428341,0.0041040172082642,0.0091014081177107,0.292646849240732,0.006388900817377,0.0099065629134969,0.0134256373862888,0.0082341717335475,0.0113437249644203,0.0106256370037194,0.0054605710015473,0.0220256684648799,0.0123129059426546,0.0112839487894714,0.0158403338377092,0.0098828264004149,0.0291035531629988,0.0188827913260465,0.0138919681250304,0.0307434136095607,0.0345805020998475,0.0246665052017888,0.0305554080955709,0.0165972151640449
DMH,0.130925734198634,0.0,0.0310794879656369,0.0111875612746139,0.0,0.128475225892796,0.0,0.0043423059867294,0.0,0.0066852488410605,0.0070480266197159,0.0060409128885197,0.0,0.0,0.0103743857238685,0.0066928676462575,0.165717575952155,0.0,0.0,0.0,0.0,0.0349949242774142,0.0361900446449605,0.0603343869711084,0.0117082097253334,0.0,0.0,0.0220944110769755,0.0,0.0,0.0,0.0074263486543227,0.006549302756073,0.0119745611600692,0.0216420988091964,0.0,0.0284997798912594,0.0,0.0083495954378166,0.0,0.0064785028726483,0.125711488997007,0.0,0.0137931660308216,0.0041857513729417,0.0,0.0049745441227829,0.009041607384865,0.0108163907873342,0.0306108065354901,0.0,0.0,0.0,0.0036894975383051,0.00449437620613,0.0034242532630973,0.0,0.0,0.0350515522559502,0.0,0.0,0.0,0.183626556089012,0.0062373846549532,0.0048591937275981,0.0,0.0153656527432554,0.0,0.022693137711731,0.0,0.0,0.0,0.003752222586872,0.0515386260670975,0.0935124026509854,0.0,0.114023690476249,0.0079662001535963,0.0082254935305211,0.0229722087092021,0.024310734159659,0.0,0.0,0.0106714167542655,0.0,0.0060086309581642,0.0539544260214651,0.0033957383352289,0.0417001067764801,0.0217944981543609,0.0585846305498746,0.0658825983115321,0.0,0.0,0.0,0.149429214659344,0.139621434748638,0.0204068249496581,0.0066151610838683,0.100980845119323,0.0056960539200378,0.0117773922195638,0.0283864810054246,0.0113372230842058,0.0101441915234625,0.0,0.0097152692435238,0.0342009249451932,0.0124695607896225,0.0,0.0217981476337061,0.003633421315881,0.0295733948614681,0.054362541683546,0.0126121463445192,0.0132672504610239,0.0064350533106468,0.0,0.0442907832760818,0.0356987046683347,0.0,0.0,0.0,0.0077099142707226,0.0,0.0087204997879519,0.0658274233878045,0.0,0.0487113800142317,0.096261027082849,0.0,0.0288854802714695,0.0349712260065482,0.0323641861651935,0.0112952646383686,0.010376676293567,0.0,0.0224613308936602,0.0064508455162565,0.0,0.0,0.0659481034766663,0.0,0.140331833175766,0.0841058547360977,0.135489253104884,0.168502335919173,0.0,0.127552652091053,0.0161424909435078,0.0,0.007001015431442,0.0102319884787042,0.0,0.0,0.0,0.0,0.143173812448366,0.0053556072021104,0.0,0.016039437541686,0.0035295560548348,0.0,0.0,0.0035093341285573,0.0,0.033173778373303,0.0052008762870636,0.0,0.0159430050478059,0.0,0.0,0.0,0.0,0.0,0.0,0.0,0.0,0.0,0.0,0.0,0.0121697884235242,0.0533205152731869,0.0108817569074701,0.0,0.0,0.0108961549769057,0.0149058906894486,0.0941543346181556,0.0128536019818295,0.163946972874606,0.0,0.0,0.0,0.0,0.0058310863025206,0.0,0.0,0.0,0.0,0.0,0.0,0.0,0.151819763767494,0.0,0.0,0.0,0.0070644068457992,0.0189122041034474,0.0,0.0,0.0079010007382529,0.0,0.0,0.0107829611094969,0.0,0.0,0.0,0.0033400761751411,0.0,0.0,0.0,0.0,0.0,0.0,0.0130404865821828,0.0,0.0,0.0,0.0,0.0,0.0,0.0,0.0,0.0,0.0,0.0,0.0,0.0,0.0,0.0,0.0,0.0,0.0,0.0,0.0083825346035078,0.0,0.0,0.0,0.0,0.0089565441043529,0.0,0.0,0.0,0.0,0.0,0.0,0.0,0.0,0.0,0.0,0.0,0.0,0.0,0.0,0.0,0.0,0.0,0.0,0.0,0.0,0.0460296847003069,0.0,0.0,0.0,0.0,0.0,0.0,0.0,0.0,0.0,0.0,0.0191298747225962,0.0057949421514653,0.0,0.0115076322656475,0.0038368788977606,0.0,0.0,0.0,0.0,0.0,0.0,0.0,0.0,0.0,0.0,0.005887185646051,0.0039443307276264,0.0214512622989136,0.0047978484686044,0.0,0.0,0.0,0.0212554966938095,0.0184978902442256,0.0063336088531037,0.0,0.0179448041304393,0.0,0.0,0.0,0.0,0.0,0.0,0.0,0.0113465698393516,0.0,0.0,0.0053307255894517,0.0,0.0,0.0,0.0,0.0,0.0,0.0,0.0036372167513749,0.0033562826819941,0.0,0.0,0.0,0.0033886965836633,0.0,0.0042998605340255,0.0054369046431889,0.0,0.0110701627169749,0.0080598962903983,0.0,0.0039805486224908,0.0,0.0051859676166365,0.0,0.0,0.0,0.0135708931597518,0.0,0.0,0.0,0.0120118171210708,0.0,0.0166789886325109,0.0190623227527654,0.0119658697883514,0.0264794618975684,0.0,0.0074862855055567,0.0067556745777778,0.0,0.0,0.0,0.0,0.0,0.0,0.0,0.0154623957386282,0.0,0.0,0.0,0.0,0.0,0.0,0.0,0.0,0.0225979558462746,0.0,0.0,0.0,0.0,0.0,0.0,0.0,0.0,0.0,0.0,0.0,0.0,0.0,0.0,0.0,0.0046372453852946,0.0,0.0,0.0,0.0,0.0077266800160331,0.0109992991900207,0.0,0.0132076212773179,0.0,0.0,0.0,0.0,0.0,0.0,0.0,0.0,0.0,0.0,0.0,0.0,0.0101727614608751,0.0,0.0,0.0,0.0,0.0040143761905854
DN,0.0,0.0,0.0,0.0,0.0,0.0,0.0,0.0,0.0,0.0067944757849019,0.0,0.0,0.0347448957381494,0.0,0.0,0.0,0.0,0.0,0.0,0.0,0.0,0.0,0.0,0.0,0.0,0.0,0.0,0.0,0.0,0.0,0.0,0.0,0.0,0.0,0.0,0.0,0.0091239505235835,0.0207622890416129,0.0,0.0042798862555179,0.0,0.0,0.363562201672631,0.0,0.0,0.0,0.0,0.0,0.0,0.0,0.0626488110724808,0.0,0.0,0.0,0.0,0.0,0.0,0.0,0.0,0.0,0.0,0.0,0.0,0.0,0.0,0.218898202726112,0.0,0.0,0.0,0.0,0.0,0.0,0.0,0.0,0.0,0.0,0.0,0.0050298697059816,0.0,0.0,0.0,0.0,0.0,0.0,0.0,0.0,0.0,0.0,0.0,0.0,0.0,0.0,0.0,0.0,0.0,0.0,0.0,0.0,0.0,0.0,0.0,0.0,0.0,0.0196060292042063,0.0,0.0295814651084857,0.0,0.0,0.0,0.0,0.0,0.0,0.0,0.0,0.0,0.0,0.0,0.0063241581180407,0.0042421901790614,0.0,0.0,0.0,0.0466246245343152,0.0929342136779803,0.005344664714665,0.0033790847683694,0.0,0.0,0.0,0.0,0.0,0.0,0.0,0.0,0.0,0.0,0.0300969187572993,0.0103933685395702,0.0145069014426542,0.0074579553077487,0.0151087554242456,0.0,0.0,0.0,0.0,0.0,0.0,0.0,0.0,0.0,0.0,0.0,0.0,0.0,0.0,0.0,0.0,0.0,0.0,0.0,0.0,0.0,0.0393421448768004,0.0,0.0,0.0,0.0363026690775959,0.0,0.0,0.0,0.0,0.0036649624487741,0.0100411008470091,0.0073071836097181,0.0,0.0,0.0,0.0,0.0,0.0,0.0,0.0,0.0,0.0069661053152857,0.0,0.0,0.0,0.0807905705776314,0.0,0.0,0.0,0.011895487318196,0.0,0.0040272810478037,0.0,0.0,0.0,0.0,0.0,0.0,0.0,0.0,0.0,0.0,0.0,0.0,0.0,0.0,0.0,0.0,0.0,0.0,0.0,0.0,0.0,0.0,0.0,0.0,0.0,0.0,0.0,0.0,0.0,0.0,0.0,0.0,0.0,0.0,0.0,0.0,0.0,0.0,0.0,0.0,0.0,0.0,0.0,0.0,0.0,0.0,0.0,0.0,0.0,0.0,0.0,0.0074795001837666,0.0,0.0,0.0,0.0,0.0,0.0,0.0,0.0,0.0,0.0,0.0,0.0,0.0,0.0,0.0,0.0,0.0,0.0,0.0,0.0,0.0,0.0,0.0,0.0,0.0,0.0,0.0,0.0,0.0,0.0,0.0,0.0,0.0,0.0,0.0,0.0,0.0,0.0,0.0,0.0,0.0,0.0,0.0,0.0,0.0,0.0,0.0,0.0,0.0,0.0,0.0,0.0,0.0,0.0,0.0,0.0,0.0,0.0,0.0,0.0,0.0,0.0,0.0,0.0,0.0,0.0,0.0116167352529028,0.0,0.0,0.0,0.0,0.0,0.0,0.0,0.0,0.0,0.0,0.0,0.0,0.0,0.0,0.0,0.0,0.0,0.0,0.0,0.0825302855972396,0.0046976783878063,0.0,0.0,0.0,0.0,0.0,0.0,0.0,0.0,0.0,0.0,0.0,0.0,0.0085068939668034,0.0120438830128708,0.0062314317587661,0.0,0.0,0.0,0.0,0.0,0.0,0.0,0.0,0.0,0.0,0.0,0.0,0.0,0.0,0.0,0.0,0.0,0.0,0.0,0.0,0.0,0.0,0.0,0.0,0.0,0.0,0.0317986277240742,0.0,0.0,0.0,0.0,0.0,0.0,0.0,0.0,0.0,0.0,0.0,0.0,0.0,0.0,0.0,0.0,0.0,0.0,0.0,0.0,0.0695365542487942,0.0,0.0,0.0,0.0,0.0,0.0,0.0,0.0,0.0,0.0,0.0,0.0,0.0,0.0,0.0,0.0,0.0,0.0,0.0,0.0,0.0
DP,0.0080691631934299,0.0376040238053859,0.148002195269378,0.0,0.006496730574484,0.0065487416835441,0.0120128996650325,0.0391165487239763,0.0115675785831173,0.0,0.0976317360332227,0.0918588090775548,0.0,0.0433044146237474,0.331263884207388,0.0,0.0,0.0034253286932409,0.0033416246589233,0.004054284950181,0.0083245702523326,0.0600859692659137,0.0480290561101842,0.0042491674934512,0.0501388295605435,0.0189095130506846,0.0120915585756597,0.0,0.0,0.0,0.0154242611390989,0.0,0.0246309894787162,0.0909204687313849,0.0364812428232854,0.0,0.0079474885818392,0.0,0.0,0.0,0.0177718028180952,0.0,0.0,1.16904810796343,0.0,0.0058187594191588,0.185972093338031,0.0868208798119399,0.040013270519666,0.055689480447878,0.0,0.0,0.0267664223238617,0.0078855728858032,0.0124622914168161,0.0179720486315448,0.0,0.0080940708584686,0.0046500929092116,0.0,0.0,0.0,0.709531852052882,0.0121403764434584,0.0,0.0,0.0040155550326677,0.0,0.0679641323754006,0.0,0.0,0.0,0.0,0.0219817839760801,0.0055365251598693,0.0,0.0151615187731685,0.0,0.0114966702575495,0.0033921043731965,0.0,0.0241132402853688,0.0,0.0148195592276353,0.0,0.0,0.0035653838589337,0.0,0.0,0.0,0.0263255795374489,0.0,0.056895223920223,0.0,0.0163425409644923,0.0078073658822368,0.0100021758686715,0.0,0.0,0.0320955177451483,0.0,0.0304722754389098,0.0054259162359061,0.0,0.0979285060196021,0.0,0.0,0.0,0.0,0.0430976482045739,0.149025845344515,0.0701535794065498,0.0047311155484348,0.0493359312609185,0.0812157193529749,0.0,0.0209361907001219,0.0,0.0,0.0040005427010632,0.0058727110094065,0.0,0.0,0.0,0.0,0.0,0.0037800321059719,0.184789080684732,0.167957181884134,0.0033106447171964,0.0,0.0,0.123143795521856,0.0,0.0,0.0203462686448747,0.0,0.0,0.0,0.0,0.0,0.0880751198348363,0.011436847567304,0.0036358543780268,0.0504498256535409,0.0,0.0060478161363052,0.0,0.0047809850805515,0.214301773290718,0.0407187944739894,0.0,0.0,0.0079606774619196,0.0074024994240177,0.0098405716147725,0.0035095419509995,0.0048925471815112,0.0,0.0,0.0110382206808838,0.020008540364144,0.0,0.0324178921742355,0.0,0.0,0.0,0.0130742737526329,0.0136406854375543,0.0,0.0,0.0,0.0,0.0,0.0063049678712494,0.0,0.0,0.0,0.0043551491858166,0.0,0.0119237690539724,0.0,0.0,0.0,0.0,0.0052093385031042,0.0665324232629642,0.0,0.016768622902602,0.698277695372604,0.0,0.0,0.006837194973091,0.0,0.0,0.0313513864287618,0.0065863547935575,0.0234479641091164,0.0064282927077986,0.0,0.0088749849742933,0.0104320820524898,0.0064486175425334,0.0,0.0,0.0,0.0064246408994196,0.0039511340840089,0.0,0.0,0.0068823923501189,0.0075915560130813,0.0,0.0,0.0,0.0,0.0070586660118695,0.0,0.0,0.0,0.0,0.0,0.0,0.0094830477410582,0.0,0.0,0.0,0.0,0.0,0.0,0.0033455695497272,0.0,0.0,0.0092836990197136,0.0032890079631626,0.0,0.0,0.0,0.0,0.0,0.0,0.0044226289417614,0.0049882247363805,0.0,0.0,0.0056105597724135,0.0,0.0,0.0,0.0,0.0,0.0,0.0221583300145011,0.0,0.0,0.0378123572603059,0.0190022912180801,0.0,0.0,0.0,0.0,0.0061339909246634,0.0,0.0,0.0,0.0,0.0,0.0,0.0,0.0,0.0,0.0235672338458677,0.0,0.0,0.0,0.0,0.0,0.0033589319589581,0.0,0.0,0.0,0.0,0.0,0.0,0.0,0.0,0.0,0.0,0.0,0.0,0.0,0.0,0.0,0.0,0.0,0.0,0.0,0.0,0.0,0.0,0.0,0.0,0.0,0.0050328610808243,0.0,0.0,0.0,0.0,0.0163502753040672,0.0,0.0,0.0,0.0,0.0046745516668655,0.0,0.0,0.0,0.0,0.0094157793394522,0.0147177011706275,0.0098662138588576,0.0,0.0,0.0046990808853688,0.0,0.0,0.0,0.0,0.0,0.0,0.0,0.0,0.0,0.0,0.0,0.0,0.0070783656526596,0.0164141386426692,0.0,0.0,0.0,0.0201184161941618,0.0,0.0,0.0,0.0,0.0,0.0,0.0,0.0,0.0,0.0,0.0,0.0039183942787894,0.0,0.0,0.0,0.0,0.181621684141351,0.0192825596154082,0.0,0.0,0.0,0.0,0.0,0.0,0.0,0.0,0.0,0.0,0.0,0.0,0.019042936367651,0.0,0.0,0.0,0.0053445599405197,0.0055529322037691,0.0,0.0,0.0,0.0,0.0,0.0,0.0,0.0,0.0,0.0,0.0,0.0,0.005883669599403,0.0,0.0,0.0,0.0,0.0,0.0,0.0082734680045141,0.0164331161779591,0.0,0.0,0.0,0.0,0.0,0.0055183992049334,0.0,0.0,0.0,0.0,0.0036389159848571,0.0,0.0,0.0,0.0,0.0,0.0,0.0,0.0
DR,0.0,0.0243408067792993,0.0296271709921921,0.0,0.0,0.0184885863325192,0.0138260701591703,0.0,0.0142492436347197,0.0068324989757366,0.0,0.0,0.0,0.0,0.0,0.0111825017918326,0.0038651108220649,0.0,0.0,0.0,0.0,0.0,0.0,0.0127510414170253,0.0,0.0,0.0,0.0037229052101855,0.0,0.0053157572202112,0.0,0.108599788626603,0.0,0.0,0.0,0.0,0.0686672474487768,0.0,0.0226354979881654,0.0,0.0,0.0098509948988579,0.0062097204271272,0.0,0.246297944721371,0.0,0.0,0.0,0.0,0.0,0.0,0.0,0.0135571384105033,0.0,0.0,0.0042187900424648,0.0062904454488073,0.0,0.0045504629782073,0.0065765510772803,0.0048365897021097,0.0046502940190525,0.0476658064585194,0.0059656697903122,0.0059125250315568,0.0044303005636305,0.061905522530872,0.0035615881910295,0.0,0.0,0.0,0.0,0.0,0.0753311813002972,0.0205131682950411,0.0,0.0274355481455481,0.0063876302503041,0.0035374946514687,0.0,0.0,0.0096634272226016,0.0081025748258136,0.0115881997490053,0.0,0.0037296679626963,0.0,0.0,0.0,0.0,0.0822231416239413,0.0063053283213848,0.0,0.0,0.0088899790912227,0.0209370445315447,0.0228205921900013,0.0079873917077418,0.0599997086866266,0.0098259723129739,0.0054292074556281,0.0129583022587985,0.131340982876463,0.0102965480911368,0.0,0.0,0.0093579306386257,0.0156741822491508,0.0,0.0429883651935806,0.0392504569001549,0.0557823078042931,0.0,0.0,0.0,0.054831564772785,0.0,0.0,0.0236174514632237,0.0978931882455244,0.0,0.0,0.0,0.0180938820028085,0.0035394293903462,0.0083676904838592,0.0080505768073734,0.0,0.0392576207951734,0.0087559470225725,0.0,0.0,0.0,0.0,0.0810690406400444,0.0,0.0,0.04602706877116,0.0210039037925349,0.00344664503969,0.0059738988862786,0.0,0.0,0.0167260130485983,0.0300177781918185,0.0057860143354852,0.0174661141236954,0.0,0.011852742839823,0.0,0.0,0.036612590687345,0.0415358650996151,0.0,0.0,0.0,0.0,0.0153338201008389,0.0135774314048552,0.0,0.0,0.010284472715728,0.0,0.0,0.0331280443195627,0.0356990389803157,0.0522380868749694,0.0054528124734989,0.0,0.0,0.0,0.0,0.0,0.0,0.0,0.0,0.0,0.0,0.0,0.0,0.0,0.0107917369241788,0.007214555669308,0.0106618586606821,0.0,0.0,0.0,0.0275826039012893,0.0077737555160333,0.0,0.0080698772166942,0.0066652679752857,0.0,0.0,0.0040417397010719,0.0,0.0,0.0041205793539826,0.0,0.0,0.0,0.0,0.0,0.0062300152411299,0.0,0.0,0.0,0.0277330217375694,0.0,0.0,0.0,0.0036510625084756,0.0,0.0,0.00344754688081,0.0057497465310147,0.0,0.006032321674626,0.0,0.0,0.0,0.0,0.0,0.0,0.0037319275007291,0.0,0.0,0.0,0.0,0.0,0.0,0.0,0.0,0.0,0.0,0.0,0.0,0.0,0.0,0.0,0.0252309439909496,0.0,0.0,0.0,0.0,0.0154063391034869,0.0,0.0079952319502025,0.0,0.0,0.0,0.0,0.0,0.046434614250866,0.0,0.0,0.0,0.0,0.0,0.0,0.0,0.0049124132960502,0.0,0.0,0.0,0.0,0.0,0.0,0.0,0.0,0.0,0.0113651209606808,0.0,0.0,0.0,0.0091808628560094,0.0,0.0,0.0,0.0,0.0,0.0,0.013418619959838,0.0043664889551665,0.0,0.0048188343749343,0.0,0.0,0.0,0.0,0.0,0.0034671532584552,0.0,0.0,0.0,0.0,0.0,0.0,0.0,0.0144809427725257,0.0,0.0,0.0,0.0,0.0039553115917729,0.0041319460851147,0.0,0.0154755089643628,0.0,0.0,0.0,0.0181756742986234,0.0033524269597445,0.0,0.0,0.0,0.0035850340357875,0.0,0.0135931099809615,0.0094983617780381,0.0147688002745744,0.0,0.0,0.0,0.0144228605985834,0.0,0.0,0.0101385340733382,0.0163109798621906,0.0,0.0,0.0,0.0051449640342781,0.0,0.0,0.0,0.0,0.0094898368695308,0.0,0.0,0.0,0.0,0.0,0.0219169462486425,0.0,0.0,0.0109382372831511,0.0046059133899247,0.0,0.0,0.0,0.0,0.0,0.0049921542480667,0.0,0.0033486409508144,0.0,0.0,0.0,0.0,0.0110857635521158,0.016300126096745,0.0,0.0,0.0,0.0,0.0,0.0049345724283764,0.0,0.0,0.0,0.0,0.0,0.0141016281397663,0.015801608032625,0.0147329509855633,0.0,0.0,0.0,0.0,0.0,0.0,0.0,0.0,0.0,0.0,0.0,0.0,0.0,0.0,0.0,0.0,0.0033274687834194,0.0,0.0,0.0,0.0080986869795451,0.0,0.0,0.0,0.0,0.0,0.0,0.0,0.0,0.0,0.0,0.0,0.0,0.0,0.0,0.0,0.0,0.0,0.0,0.0,0.007383332063692,0.0
ECT,0.0228122325155081,0.038619064952167,0.0237102104611801,0.0058458665775789,0.0,0.0,0.134856763732136,0.409382250259203,0.155951538701967,0.0,0.0689614731397964,0.0657031278660713,0.0,0.0091317558956727,0.0253009153331428,0.0,0.0,0.0758261779306349,0.13715066165954,0.488302242137706,0.0038389395787715,0.210754720500469,0.196288531543073,0.0086886292345151,0.207327858819271,0.085336314064119,0.0305284902914169,0.0457948539488208,0.0,0.0074758962377445,0.0829011057168126,0.0,0.0632745342868563,0.259159959826615,0.145137321041188,0.0114538356060062,0.0035397812414409,0.0,0.0,0.0,0.0388526027251888,0.0047237413657703,0.0,0.107269187262355,0.0,2.0903411346507,1.02926123275508,0.421184542170531,0.138373992732424,0.196892712919768,0.0,0.0,0.0606921478402478,0.0252678554311821,0.072393360670457,0.0736229488144683,0.0,0.0982894971616625,0.0230974604825678,0.0,0.0,0.0,0.0575574362513054,0.0338363041750112,0.0,0.0,0.0058705352395965,0.0,0.197292568101714,0.0,0.0,0.046567613839072,0.130125324379373,0.036203083515727,0.0034997262771955,0.0695549262124868,0.0,0.0,0.0,0.0,0.0,0.020193761242388,0.0,0.0207739588329153,0.0,0.0,0.0115747787844014,0.326867485722008,0.180724676430073,0.278322668794419,0.0414129275115006,0.0144203380395668,0.0073921866571404,0.0320672890967147,0.0413245593216255,0.0,0.0,0.0,0.0,0.0042290001551714,0.0,0.0050060701694257,0.0,0.0,0.267112722325262,0.0,0.0,0.0,0.0036361927209589,0.0884543885544989,0.0867110027717422,0.0741500066836891,0.0139696151688912,0.234751123799289,0.252490727517701,0.0,0.0784912337986464,0.0,0.0,0.0057518588078793,2.08978529638547,0.0076299212913026,0.0,0.0,0.0,0.0,0.0046794935827302,0.342293974782085,0.0482311734507807,0.0117383624971318,0.0174965543704547,0.220011283507679,0.16560408397058,0.259088920347758,0.0,0.065060753442488,0.0033724230010245,0.0,0.0,0.0,0.0,0.0768112668735975,0.0302157051298051,0.0,0.0651187602690888,0.0152286062527261,0.0,0.0,0.0,0.193033116047892,0.0960442121035372,0.0,0.0,0.0180457103675781,0.0128254779066842,0.018751127239565,0.00715043935042,0.0,0.0,0.0,0.0,0.0207324885521014,0.0,0.0900357452546229,0.0,0.0,0.0,0.0549069244682812,0.0801051255826071,0.0437609747344165,0.0,0.0,0.0,0.0,0.114497935957605,0.0235766520193418,0.0182025529215267,0.0607293043823469,0.0187807126524712,0.0334693097019755,0.164146627077936,0.0060155358152792,0.0086527375036596,0.0,0.0,1.28530344013299,0.309893280350611,0.0,0.0,0.0521141776733079,0.0,0.0,0.0072554110450227,0.0,0.0,0.699864687726118,0.0778592627637686,0.0229234441656691,0.156450115543471,0.0139625064173442,0.199906972539572,0.0246075741793318,0.0100648223653875,0.0,0.0044857873850321,0.0049400221670037,0.0344338463993921,0.0038971446872457,0.0033374331487186,0.0,0.0554918193030177,0.0236071678433379,0.0,0.0,0.0,0.0135785418772386,0.0560204144416167,0.0168827648403787,0.0,0.0,0.0,0.0,0.0,0.0,0.0,0.0,0.0078447574242595,0.0197355806214095,0.0478349497720731,0.0,0.0430418523284532,0.03465541875269,0.0,0.0146117063735698,0.0062949925526595,0.0,0.0,0.0,0.0,0.018626915950765,0.0,0.0144366760856324,0.0,0.0,0.0,0.0045258667537198,0.0,0.0,0.0,0.0,0.0,0.0,0.0,0.0,0.076686976425049,0.0835859020012913,0.0198752383081322,0.0339461495334462,0.0407257334904657,0.0,0.0,0.0183283804535925,0.0035811732463858,0.0,0.0,0.0,0.0110604303751409,0.0,0.0,0.0,0.0,0.0291595063493447,0.0140209029905148,0.0,0.0,0.0,0.0,0.052149361625929,0.0,0.0,0.0,0.0,0.0090816646714144,0.0,0.0,0.0,0.0,0.0,0.0,0.0,0.0,0.0,0.0,0.0,0.0,0.0,0.0,0.0,0.0,0.0104350409711822,0.0033976269916492,0.0,0.0415189444357358,0.0588036512718332,0.0,0.0,0.0,0.0,0.0068011311128241,0.0,0.0,0.0,0.0,0.0,0.0,0.0,0.0,0.0,0.0158756313318915,0.0390666438982759,0.0306431032748117,0.0,0.0276231401275146,0.0,0.0,0.0,0.0,0.0,0.0,0.0767367717078254,0.0033577259277058,0.0,0.0,0.0,0.0,0.0,0.0,0.0401774646839915,0.0,0.003524157913063,0.0,0.0,0.0,0.0,0.0,0.0,0.0,0.0,0.0,0.0,0.0,0.0103697651848491,0.0,0.0071441711575105,0.0039030583538431,0.0,0.0,0.0,0.150360776768426,0.0262073324490371,0.0,0.0,0.0060265113098494,0.0061275378036612,0.0052976790260059,0.0,0.0,0.0,0.0,0.0,0.0,0.0,0.0235476031979343,0.0,0.0,0.0,0.0281346047714759,0.0240670918620094,0.005007540064856,0.0,0.0,0.0,0.0,0.109140225933068,0.0197157003479222,0.0290732513413701,0.105185823532788,0.0200955877278914,0.042336367357466,0.0878401811112383,0.0,0.0,0.0,0.0,0.0732624843252793,0.0,0.0,0.0036866164103751,0.0,0.0,0.0,0.0,0.0,0.0,0.0628846729673802,0.0127210722129433,0.0044256227005465,0.0343567800041334,0.0,0.0398630499098598,0.0072036409405337,0.0,0.0,0.0,0.0,0.0081037645360775,0.0,0.0
ENTl,0.125957215226308,0.0569427140426753,0.0510558080607112,0.0144485153051898,0.0468682265045594,0.004973962646131,0.0903586577285489,0.329088969053271,0.108362901578198,0.0,0.2349466750941,0.237118972552957,0.0,0.0573370217776083,0.14658795673928,0.0,0.0130792698640862,0.106381969451628,0.104428694594069,0.104217200326008,0.0337845317714703,0.580733724082883,0.57351668316798,0.0148919759993281,1.2876395564995,0.512608725540308,0.321822245571814,0.104724306496866,0.0053511181052869,0.0236619672237597,0.400814154183657,0.0189387425417933,0.0493622076726462,1.26822789786084,1.016693649789,0.0243081248113555,0.0504247979966331,0.0,0.0,0.0035320133089618,0.346233771329048,0.0192794730548198,0.0,0.458573610335042,0.0058131463457947,0.108947811694316,6.00102382746948,3.01201724975448,0.506262064417094,0.579200841870401,0.0,0.0039069267246598,0.0292360050989697,0.0578572101720813,0.019041630080501,0.0506052867688309,0.0,0.0805604701294289,0.113380470723736,0.0,0.0,0.0,0.133604713518798,0.0411029346324519,0.0,0.0,0.0879830544598724,0.0,0.54099153019609,0.00387530005359,0.0286250499742471,0.0086635321817567,0.0158907738484116,0.0366010966411401,0.0214811351180357,0.0054802938311577,0.0083020037229854,0.0,0.0063995418016085,0.0,0.0,0.0702153685339987,0.0,0.0580184072932837,0.0,0.0,0.0762637881944056,0.023308338577181,0.0142420038336535,0.0251067798594437,0.0593581750658227,0.0578633366158175,0.0442004458200061,0.0145738728039322,0.0389348325408388,0.0041654842084592,0.0050655622250563,0.0,0.0,0.434868757277793,0.0,0.116943247052305,0.0189223141797206,0.0,1.30835037595985,0.0,0.0,0.0,0.0053504350552031,0.053992450924433,0.138866497074643,0.074241555740389,0.0417831193611191,0.644292371130263,1.47125741182489,0.0,0.572555128085065,0.0,0.0106454608120715,0.0248221763592387,0.110377896573861,0.0063249358222173,0.0,0.0,0.0,0.0,0.0179748875289997,2.64451920463489,0.0790133498614247,0.0483954800976904,0.0090043273731787,0.008135597967679,0.715319174267382,0.0216532161607805,0.0,0.504621500326588,0.0,0.0,0.0072720450949046,0.0,0.0,0.29212553415089,0.0960119422328442,0.0033759869950997,0.193539449337221,0.064453618211359,0.0033609593137822,0.0,0.0045030566659695,2.19957614756321,0.214653607030312,0.0050264566877026,0.004305034159261,0.0700131260719273,0.0785769426829411,0.0883882003264935,0.0175150559757344,0.0035202873688324,0.0,0.0,0.0057752130364388,0.05399747715577,0.0,0.192042863074471,0.006301595122708,0.0057055946089346,0.0,0.0222254314408718,0.021090176570421,0.0135606112771327,0.0,0.003815318960683,0.0,0.0,0.0962375930360689,0.0094759099147262,0.0,0.0157507701836177,0.0271729856892785,0.0057087645101402,0.0756474250735094,0.0142213227148621,0.0335554180538256,0.0,0.003664569172503,0.18233634547722,1.77590819071039,0.0,0.22016900507069,0.294853209433686,0.007812862933591,0.0,0.0139552420226003,0.0,0.0,0.350023995321179,0.219953169438844,0.121847279588227,0.409585990149666,0.0635466459299766,0.66761128000491,0.084770172106948,0.0123589813047043,0.0079340138737076,0.0069006092398661,0.005360074988014,0.0090391567587463,0.0219953193258409,0.0058601778973648,0.0,0.0522998923888497,0.0378745639363618,0.0,0.0,0.0,0.0088419400086535,0.0730823785573378,0.0114789994013161,0.0,0.0037879530769724,0.0034968245194005,0.0,0.0126282475960704,0.0,0.0,0.0,0.0123737657491559,0.0100015611536656,0.0122297277001869,0.0,0.0200227940849755,0.0183049449423796,0.009694010960394,0.0590173126847632,0.0178744735398201,0.007058314775274,0.0,0.0,0.0,0.0100703556674448,0.0073496211236337,0.0116221264341714,0.0,0.0048892164106498,0.0,0.0538274889303191,0.0,0.0,0.0,0.0147061771630004,0.0044793498926445,0.0,0.0,0.0042680124470512,0.0122488591235607,0.312220307375854,0.204090342467346,0.0151641151072224,0.0189329412900289,0.0,0.0,0.0057476016432584,0.0,0.0,0.0,0.0,0.0157507674930467,0.0,0.0,0.0,0.0,0.0690424076245132,0.0038476570398727,0.0,0.0,0.0151081995356617,0.0,0.0214055334084687,0.0,0.0,0.0,0.0033306564737737,0.0070141456651436,0.0,0.0,0.0,0.0,0.0104392584455678,0.0,0.0,0.0,0.0,0.0,0.0,0.0,0.0,0.0060656486845535,0.0054031950707369,0.0054567352450319,0.0081751801906302,0.0155704791372916,0.0061190135849349,0.008316848327486,0.0385653204449087,0.0,0.0,0.0,0.0,0.456557862086553,0.0,0.0496690707838099,0.0037707480479184,0.0,0.0,0.0,0.0,0.0,0.0,0.004936751451759,0.0338240396413511,0.0152951796743651,0.0,0.0159118619921968,0.0048168913943419,0.0,0.0400758250876191,0.0,0.0,0.0040210852828422,0.0124374068282223,0.0,0.0,0.0,0.0,0.0,0.0043624380889992,0.0383984416090603,0.0598386864925751,0.0123979585927267,0.0042972665213145,0.0,0.0034801334117072,0.0045355829093717,0.0,0.0326753054718274,0.0,0.0,0.0072670434865732,0.0,0.0,0.0103759396656039,0.0258975688350423,0.0,0.025293456969821,0.0169820032329752,0.0,0.0,0.0,1.92362618926932,0.158000992621051,0.0,0.0,0.0154418328733747,0.0512096160681843,0.078577002123659,0.0062709202967931,0.0,0.0,0.0,0.0096087856283952,0.0,0.0,0.157621259259525,0.0,0.0,0.0,0.0067561815429351,0.0049136649090268,0.0106899496602603,0.0,0.0,0.0,0.0,0.102101581966837,0.0072148359216524,0.0,0.0206145808386716,0.0159351417153352,0.0091699763228178,0.0341171353320401,0.0,0.0088581824062833,0.0,0.0,0.0270306554445423,0.0070902269094521,0.0,0.230382804810826,0.0,0.0,0.0,0.0,0.0,0.0,0.0519391307262842,0.0299053920745834,0.0292141454427878,0.0797557695228515,0.007929816586989,0.104194132634521,0.0224159212856553,0.0064530202289661,0.0,0.0,0.0,0.0,0.0036945563332595,0.0
ENTm,0.051236216776523,0.0193693392875595,0.0151945055291092,0.0033189045311679,0.170707057555846,0.0033435469981448,0.0,0.0056151635237728,0.0,0.004847477089033,0.210556494450593,0.231781929531583,0.0,0.0095542080057141,0.0114691016848035,0.0,0.0061229658023503,0.0267089486379694,0.0434589690457032,0.0511109319986117,0.105703468550376,0.190011047481506,0.178853259714897,0.0177131966267067,0.702869215979919,0.301146031415419,0.333954453612173,0.0311898229619707,0.0,0.0402693348210047,0.0507337151070711,0.0093074069466646,0.0255363294104962,0.207974520520558,0.365390743982366,0.0052406587544169,0.0414303781356884,0.0,0.0,0.0041866954798475,0.540717911656692,0.0092509400180029,0.0,0.0164788358611247,0.0037344176682046,0.041340783929409,1.8280613937006,2.54649698615776,0.108409242597983,0.175803455417659,0.0,0.0,0.0,0.007183381502632,0.0,0.0,0.0,0.0,0.0364205836096668,0.0,0.0,0.0,0.0431333777517283,0.0,0.0052493422064298,0.0,0.0314181436957233,0.0,0.165401387096782,0.0046096752878246,0.188783115229454,0.0053384156881392,0.0059032309855789,0.004903826515216,0.004714075069628,0.0056503385351389,0.0060306659301612,0.0035746273695766,0.0298302019202282,0.005878701128184,0.0,0.0041710279320397,0.0,0.0176296406965568,0.0,0.0,0.038079998527681,0.0040053020321494,0.0,0.0040690417342124,0.0044017521553883,0.029215939524122,0.0062628502405551,0.0,0.0100316016750187,0.0033564815998704,0.004191028877868,0.0,0.0,0.903936059813581,0.0,0.101397674411835,0.0040513482459279,0.0,0.192966412507149,0.0,0.0,0.0,0.0037910440008627,0.0037105899391882,0.0099292064052286,0.0099398762778259,0.0116527849017978,0.233382804382007,0.278507130017013,0.0,2.67128766736613,0.0,0.0,0.0049381999582488,0.0415545753906656,0.0,0.0,0.0,0.0,0.007163577286982,0.0120450233456521,0.276692746956724,0.0095296404014551,0.0227384430283355,0.0100358718191743,0.0,1.22744412928459,0.0034973745108385,0.0,2.12976914108858,0.0,0.0,0.0057054130344567,0.0,0.0,0.233227301114259,0.0548892224984139,0.0,0.0944520672811021,0.0285506656102956,0.0,0.0,0.0,0.991601527029237,0.103903806777322,0.0,0.0,0.0907273057854604,0.106330324580818,0.346402788671994,0.0413635126853319,0.0,0.0,0.0,0.02762397397522,0.003295359609559,0.0,0.0815799149677326,0.0039799556354513,0.0040839939965675,0.0,0.0,0.0,0.0,0.0,0.0,0.0,0.0,0.0087434074772106,0.0,0.0,0.0,0.0100789920893462,0.0,0.0040893464980811,0.0,0.0205372350467708,0.0,0.0042595938274254,0.094094354813876,0.509903254152578,0.0,0.456090809065666,0.0185751453797606,0.0040434804707251,0.0,0.0159394328225571,0.0,0.0,0.0089389984197084,0.111624888476707,0.130733561162088,0.246293134934049,0.0681685436682402,0.364242672051091,0.1483987086135,0.0088139212888211,0.0039713754380078,0.029532651214191,0.0037114585361259,0.0,0.0084035775754523,0.0,0.0,0.0066858143933678,0.0046777804163932,0.0,0.0,0.0,0.0,0.0,0.0,0.0,0.0,0.0,0.0,0.0066702330616933,0.0,0.0,0.0043273898270628,0.0,0.0,0.0,0.0,0.0,0.0,0.0158439643872689,0.0485229519463797,0.0155400410502897,0.0207983668181227,0.004856832581837,0.0,0.0,0.0038198886407115,0.0077068935938235,0.0065307309362752,0.0,0.0,0.0,0.0653264696948538,0.0,0.0,0.0070314838879553,0.0782893191047389,0.0062768245484826,0.0,0.0,0.0053456812208254,0.0,0.17086922200292,0.3339368762518,0.0037180694762856,0.0,0.0,0.0,0.0,0.0066577198742248,0.0,0.0,0.0,0.0,0.0,0.0,0.0,0.0,0.0088304575054207,0.0,0.0,0.0,0.0144852208004012,0.0,0.003712551028287,0.007730804815748,0.0,0.0,0.0036295323607552,0.0,0.0,0.0,0.0,0.0,0.0376139366387314,0.0064947224859491,0.0,0.0,0.0,0.0,0.0,0.0,0.0,0.0038595972260796,0.0,0.0040792378509243,0.0,0.0210987464410381,0.0034137915330056,0.0,0.003987511810208,0.0,0.0,0.0,0.0,0.80373951261555,0.0,0.086482160241993,0.0,0.0,0.0,0.0,0.0,0.0,0.0042462781201511,0.0,0.0,0.0,0.0,0.0,0.0,0.0,0.439572313789589,0.0,0.0,0.0,0.0,0.0,0.0,0.0,0.0,0.0034390499528151,0.0061085991264848,0.0,0.0043838562465259,0.0167840237354372,0.0,0.0,0.0571986682311453,0.003499288978458,0.0,0.410648082683441,0.0,0.0,0.0088377067864886,0.0,0.0,0.0057623053247494,0.0123195190901544,0.0,0.0102898874977625,0.0226681814495043,0.0,0.0,0.0,0.800813977104313,0.0674369833947457,0.0,0.0,0.0187891326535772,0.0500661199728029,0.129288813913795,0.0046101025575047,0.0,0.0,0.0,0.0347783817223826,0.0,0.0,0.067238120622686,0.0,0.0033362662531747,0.0,0.0,0.0,0.0056432691295025,0.0043226034198572,0.0,0.0,0.0,0.0,0.0,0.0,0.0,0.0,0.0,0.0,0.0,0.0121906981275867,0.0,0.0069313232051358,0.0066423617739118,0.0,0.0,0.405762638826602,0.0,0.0,0.0,0.0,0.0,0.0,0.0,0.0110427476734146,0.026905262679414,0.0233488679673208,0.0078329200395655,0.0274541690457341,0.0339471293023568,0.0064595933047309,0.0,0.0,0.0037172268799263,0.0,0.0052735967350512,0.0036696521575566
EPd,0.0529398254236368,0.0124747977547344,0.0089138584527717,0.0316088261223017,0.0,0.0,0.0854390174627914,0.194602551458507,0.0960456804925351,0.0,0.0134437554625889,0.0116798606283363,0.0,0.115343474695728,0.646391458739297,0.0,0.0,0.0050972009965004,0.0313362614074113,0.0616641160418865,0.0,0.434916719996526,0.342481625583198,0.0035466893495676,0.134064706202582,0.0629871037293236,0.0344342214054414,0.0411195278181467,0.0,0.0,0.628751223771426,0.0,0.0285196059117895,0.767582872575324,0.427004120022522,0.0595626450545988,0.0078819653203765,0.0,0.0,0.0,0.0250640683406875,0.0,0.0,0.674921547459666,0.0,0.0697061799209093,0.794688779097894,0.351512842402634,0.644787790464613,0.469149062563352,0.0,0.0,0.0345295142716512,0.184770149891857,0.0692514719817369,0.203530266398329,0.0,0.0426771950397147,0.0493574401623957,0.0,0.0,0.0,0.0776249252696981,0.0282791798850425,0.0,0.0,0.0038439027373892,0.0,0.575866522579779,0.0,0.0,0.0,0.0,0.0809353475163844,0.0056216964820202,0.0,0.0039594273401834,0.0,0.0,0.0,0.0,0.174734005814621,0.0,0.0260745737021119,0.0,0.0,0.022155039172247,0.0,0.0,0.0,0.095906065259981,0.0,0.128618363994971,0.0101900521024937,0.0162389043213097,0.0,0.0,0.0,0.0,0.0190025013733137,0.0,0.14484296034167,0.0,0.0,0.805995437114312,0.0,0.0,0.0,0.0,0.13459617287445,0.123119502070271,0.115236310698741,0.0795573958225869,0.35190809531548,0.790285663718812,0.0,0.0575361250209559,0.0,0.0,0.0,0.0700927458555929,0.0034288006325812,0.0,0.0,0.0,0.0,0.0,1.98637522758559,0.0868579088476625,0.0,0.0,0.0,0.014386061747521,0.0,0.0,0.0412377638624832,0.0,0.0,0.0,0.0,0.0,0.0501555398932326,0.0,0.0,0.103935850831156,0.0,0.0,0.0,0.0,0.303749296068261,0.0542878061941077,0.0,0.0,0.0,0.0,0.0,0.0,0.0,0.0,0.0,0.0,0.148119226353502,0.0,0.0503279692959,0.0,0.0,0.0,0.0275809909474529,0.0245436605086205,0.0,0.0,0.0,0.0,0.0,0.0157357730338792,0.003429004781059,0.0,0.0039823388817164,0.0,0.0,0.027133507064901,0.0,0.0,0.0,0.0,0.0592762177040794,0.704767995456871,0.0,0.0092954536835282,0.677207876128656,0.0,0.0,0.0,0.0,0.0,0.222576749418703,0.0065583798201513,0.0,0.0145322506596042,0.0,0.0128973901263418,0.0,0.0038151041153296,0.0,0.0,0.0,0.0109195552375942,0.0042167136220992,0.0,0.0,0.0221508196330466,0.0050665611227093,0.0,0.0,0.0,0.0223503656290456,0.0503279483499025,0.0252629710372511,0.0,0.0,0.0,0.0,0.03196323114215,0.15565898337518,0.0,0.0,0.0,0.0,0.0123966716988944,0.0,0.0576525774007803,0.0430612246469706,0.0,0.0099056952720046,0.0034584373557196,0.0,0.0,0.0,0.0,0.0459013462254877,0.0,0.0113783391945885,0.0052121450068347,0.0095342787403294,0.0,0.005612733272822,0.0,0.0,0.0,0.0,0.0,0.0,0.0440534162736971,0.0,0.0667545752539123,0.0570698020617396,0.0175591347090856,0.0570480653937277,0.0549481239340941,0.0,0.0,0.0378232036527782,0.0,0.0084121653524812,0.0276895347537159,0.0,0.0164774654104813,0.0,0.0,0.0,0.0,0.0217125222739638,0.0148353270458887,0.0,0.0,0.0041237658417603,0.0,0.0772565342659349,0.0,0.0,0.0,0.0,0.0234327926249887,0.0,0.0,0.0,0.0,0.0,0.0,0.0,0.0105810291963082,0.0,0.0034442772153642,0.0,0.0,0.0,0.0,0.0,0.0,0.0272649103726989,0.0,0.0326887830874345,0.031604272762002,0.0396774829067553,0.0,0.0,0.0,0.0,0.008753127457031,0.0,0.0,0.0,0.0,0.0,0.0,0.0,0.0,0.0,0.0160001466230209,0.028879106075243,0.0220918678375942,0.0,0.0325673424207625,0.006699612923205,0.0,0.0,0.0,0.0,0.0,0.0668155862614306,0.0,0.0,0.0,0.0,0.0,0.0,0.025090482596091,0.0397104895517195,0.0,0.0,0.0,0.0,0.0,0.0,0.0,0.0,0.0,0.0,0.0,0.0,0.0,0.0,0.0,0.0164140899045053,0.0,0.0,0.0,0.0,0.223560334808271,0.02531836018157,0.0,0.0,0.0,0.0,0.0,0.0,0.0,0.0,0.0,0.0,0.0097693755111716,0.0,0.0231267904806573,0.0,0.0,0.0,0.0278373977177387,0.0204168920297472,0.0,0.0,0.0,0.0,0.0,0.0126541036855741,0.003968004183942,0.0126180057120779,0.0076259748034846,0.0,0.0078363029502326,0.0151166537831674,0.0,0.0,0.0,0.0,0.0390187968597978,0.003502112667022,0.0,0.0044154722792199,0.0973545675587115,0.0,0.0,0.0,0.0,0.0,0.0502390358315177,0.0,0.0,0.0,0.0,0.0,0.0,0.0,0.0,0.0,0.0,0.0061714597907091,0.0,0.0
EPv,0.0811423099707076,0.0,0.0,0.0180170119979488,0.0,0.0,0.0252433034177021,0.135058643313496,0.0303945647856832,0.0,0.0068176318582532,0.0057857697215082,0.0,0.0221624708769535,0.153747728908898,0.0,0.0,0.0,0.0,0.0,0.0,0.218246445927116,0.216730476205283,0.0113571513040916,0.0773153706331443,0.0466184910390257,0.0370263672490448,0.0764663340272812,0.0,0.0,0.215122189342851,0.0,0.0075308086009093,1.15007103532735,0.459647453462202,0.0256997530532735,0.0,0.0,0.0,0.0,0.0201517769758425,0.0,0.0,0.224285496582345,0.0,0.0104373677697784,0.379252383814189,0.10444993181612,0.23441800618302,0.226760719878706,0.0,0.0,0.0033770113156071,0.0978176600395271,0.0331676158207173,0.103747935269756,0.0,0.0245239181022066,0.0750711339631779,0.0,0.0,0.0,0.0,0.0084134101761861,0.0,0.0,0.0,0.0,0.220240175714843,0.0,0.0,0.0,0.0,0.0308595532767106,0.0114312666600675,0.0,0.0,0.0,0.0040809784755,0.0,0.0,0.131696188270756,0.0,0.0075381000523685,0.0,0.0,0.0478476402635468,0.0,0.0036166870924456,0.0,0.0367367582046478,0.0,0.0279303418093393,0.0,0.0,0.0,0.0,0.0,0.0,0.0157490422192771,0.0,0.0913451005343761,0.0,0.0,1.24710114177099,0.0,0.0,0.0,0.0,0.0170558616075888,0.0104969446741915,0.0049173732654752,0.0483568395838419,0.216818507427193,1.00684738196701,0.0,0.0156650163420378,0.0,0.0,0.0,0.0108042189669382,0.0,0.0,0.0,0.0,0.0,0.0,1.14822798186304,0.003815411997645,0.0,0.0,0.0,0.0358574175261811,0.0,0.0,0.0144227239695077,0.0,0.0,0.0,0.0,0.0,0.0313754600697561,0.0,0.0,0.0477837374856019,0.0,0.0,0.0,0.0,0.134285565562792,0.0148399721997883,0.0,0.0,0.0,0.0,0.0,0.0,0.0,0.0,0.0,0.0037741100949504,0.0937853076532158,0.0,0.0134343615867459,0.0,0.0,0.0,0.0100788671860112,0.0060216640041186,0.0,0.0,0.0,0.0,0.0,0.0,0.0,0.0,0.0,0.0,0.0,0.0103558277587254,0.0038700112157959,0.0,0.0,0.0,0.0063561675205797,0.746102635717401,0.0,0.0084659945214589,0.226228513315396,0.0,0.0,0.0,0.0,0.0,0.121256494741904,0.0,0.0,0.0,0.0,0.0,0.0,0.0,0.0,0.0,0.0,0.0,0.0,0.0,0.0,0.0,0.0,0.0,0.0,0.0,0.0,0.0363111546433009,0.0032955554014439,0.0,0.0,0.0,0.0,0.0,0.004706078830064,0.0,0.0,0.0,0.0,0.0,0.0,0.0140071235882024,0.0126694955771644,0.0,0.00498464335797,0.0,0.0,0.0,0.0,0.0,0.0051221449543019,0.0,0.0,0.0,0.0044592666284936,0.0,0.0,0.0,0.0,0.0,0.0,0.0,0.0,0.0,0.0,0.0098793961547741,0.0307339763852046,0.0088441456296079,0.0095864497585231,0.013093152542092,0.0,0.0,0.0,0.0,0.0,0.0097681462624644,0.0,0.0070584014395508,0.0,0.0,0.0,0.0,0.0,0.0036418910102147,0.0,0.0,0.0,0.0,0.0149326025889639,0.0,0.0,0.0,0.0,0.012756535431644,0.0,0.0,0.0,0.0,0.0,0.0,0.0,0.0036449301135145,0.0,0.0,0.0,0.0,0.0,0.0,0.0,0.0,0.0148793011922998,0.0,0.0,0.0,0.0,0.0,0.0,0.0,0.0,0.0087487819822841,0.0,0.0,0.0,0.0,0.0,0.0,0.0,0.0,0.0,0.0,0.0,0.0,0.0,0.0108519306190098,0.0035051366596586,0.0,0.0,0.0,0.0,0.0,0.0099265506995766,0.0,0.0,0.0,0.0,0.0,0.0,0.0222206596890398,0.0,0.0,0.0,0.0,0.0,0.0,0.0,0.0,0.0,0.0,0.0,0.0,0.0,0.0,0.0,0.0,0.0082913865341109,0.0,0.0,0.0,0.0,0.0798370431444788,0.0073140388437583,0.0,0.0,0.0,0.0,0.0,0.0,0.0,0.0,0.0,0.0,0.0034816653834512,0.0,0.0070044961592853,0.0,0.0,0.0,0.0061898488293554,0.0036845187007177,0.0,0.0,0.0,0.0,0.0,0.0042391751361592,0.0,0.0,0.0,0.0,0.0,0.0038740634172393,0.0,0.0,0.0,0.0,0.0056289776219443,0.0047575072003001,0.0,0.0045189391660859,0.0096220862651127,0.0,0.0,0.0,0.0,0.0,0.0274395985821576,0.0,0.0,0.0,0.0,0.0,0.0,0.0,0.0,0.0,0.0,0.0,0.0,0.0
FL,0.0,0.0,0.0,0.0,0.0,0.0,0.0,0.0,0.0,0.0140742360889176,0.0,0.0,0.0268684662467426,0.0,0.0,0.0,0.0,0.0,0.0,0.0,0.0,0.0,0.0,0.0,0.0,0.0,0.0,0.0,0.0,0.0,0.0,0.0,0.0,0.0,0.0,0.0,0.0051124537146981,0.0307714776123278,0.0,0.0043810498729115,0.0,0.0,0.120353915152656,0.0,0.0,0.0,0.0,0.0,0.0,0.0,0.204621175423876,0.0,0.0,0.0,0.0,0.0,0.0097982597894942,0.0,0.0,0.0,0.0,0.0,0.0,0.0,0.0123144710605431,0.0168046525414278,0.0,0.0084895178001914,0.0,0.0043578979013813,0.0,0.0,0.0,0.0,0.0,0.0,0.0,0.0090806808190457,0.0,0.0,0.0,0.0,0.0090247706236324,0.0,0.0,0.0044131492924596,0.0,0.0,0.0,0.0,0.0,0.0,0.0,0.0,0.0,0.0,0.0,0.0,0.0,0.0,0.0166066221548972,0.0,0.0,0.0267837972422906,0.0,0.0,0.0,0.0,0.0122083330028933,0.0,0.0,0.0,0.0,0.0,0.0,0.0,0.0081262240606371,0.0104746632933199,0.063391775136294,0.0044971519424982,0.0,0.0,0.180673751493178,0.0339691323680885,0.0383342403389238,0.0150202939846782,0.0,0.0,0.0,0.0,0.0,0.0,0.0046821491354273,0.0,0.0,0.005626012628813,0.0289887285319227,0.0084250866482269,0.0091647858184179,0.0521116788675941,0.133725914842722,0.0,0.0,0.0,0.0,0.0,0.0,0.0,0.0,0.0,0.0,0.0,0.0,0.0,0.0,0.0,0.0,0.0,0.0,0.0,0.0,0.0,0.0532187570472479,0.0,0.0,0.0,0.0163868288646454,0.0,0.0,0.0,0.0052246032689988,0.0,0.0072516024139044,0.0122518762686159,0.0,0.0,0.0,0.0,0.0050699379737806,0.0,0.0,0.0,0.0,0.0733482098174558,0.0058111192148811,0.0,0.0,0.0323196689179891,0.0,0.0,0.0,0.120365623264778,0.0,0.0110139668310567,0.0053843719404969,0.0,0.0,0.0,0.0,0.0,0.0,0.0,0.0,0.0,0.0,0.0,0.0,0.0,0.0109674745513146,0.0,0.0,0.0,0.0,0.0034946215996377,0.0,0.0,0.0,0.0,0.0042504640207987,0.0,0.0,0.0,0.0,0.0,0.0,0.0,0.0,0.0,0.0,0.0037705645022096,0.0,0.0,0.0,0.0,0.0,0.0,0.0,0.0,0.0,0.0,0.0,0.0,0.0,0.0,0.0,0.0239656681184671,0.0,0.0,0.0,0.0,0.0,0.0,0.0,0.0,0.0,0.0,0.0,0.0,0.0,0.0,0.0,0.0,0.0,0.0,0.0,0.0068601517926537,0.0,0.0,0.0,0.0,0.0,0.0,0.0,0.0037835087715456,0.0,0.0,0.0043623818510967,0.0,0.0035065439395672,0.0,0.0,0.0,0.0,0.0,0.0,0.0,0.0,0.0,0.0,0.0,0.0,0.0058675136869094,0.0,0.0,0.0,0.0,0.0,0.0,0.0,0.0,0.0,0.0,0.0,0.0,0.0,0.0,0.0,0.0,0.0,0.0155146326809136,0.0,0.0,0.0255240794032375,0.0,0.0,0.0,0.0,0.0093632250037724,0.0,0.0,0.0,0.0,0.0,0.0,0.0,0.0,0.0050944121909888,0.0082509263158491,0.0,0.0,0.0,0.0,0.192986817269311,0.0344385699565132,0.0049411056677477,0.0,0.0,0.0,0.0,0.0,0.0,0.0,0.0,0.0,0.0,0.0,0.0259691684282277,0.0306449010515637,0.0475204553195754,0.017345558474699,0.0,0.0,0.0,0.0,0.0,0.0,0.0,0.0,0.0,0.0,0.0,0.0,0.0,0.0,0.0,0.0,0.0,0.0,0.0,0.0,0.0,0.0,0.0,0.0,0.0,0.0769437039623722,0.0,0.0,0.0,0.0038621096646064,0.0,0.0,0.0062177924983604,0.0,0.0,0.0,0.0,0.0,0.0,0.0,0.0,0.0,0.007022697250333,0.0034878474361412,0.0,0.0,0.175107633401599,0.0,0.0,0.0,0.0139649859564889,0.0,0.0108934315468596,0.0041584605920213,0.0,0.0,0.0,0.0,0.0,0.0,0.0,0.0,0.0,0.0,0.0,0.0,0.0,0.0088869223271614
FN,0.0,0.0,0.0,0.0,0.0,0.0,0.0,0.0,0.0,0.0039152346210719,0.0,0.0,0.0,0.0,0.0,0.0,0.0,0.0,0.0,0.0,0.0,0.0,0.0,0.0,0.0,0.0,0.0,0.0,0.06321549890267,0.0,0.0,0.0,0.0,0.0,0.0,0.0,0.0,0.0845846371207403,0.0,0.0126823422807438,0.0,0.0,0.0092081139159497,0.0,0.0,0.0,0.0,0.0,0.0,0.0,0.0,0.707321948099535,0.0,0.0,0.0,0.0,0.0,0.0,0.0,0.0,0.0,0.0,0.0,0.0,0.0036587119043032,0.0371108225493763,0.0,0.0034861271002212,0.0,0.0188179428666761,0.0,0.0,0.0,0.0,0.0,0.0,0.0,0.0041589153698807,0.0,0.0,0.0,0.0,0.0,0.0,0.0,0.0,0.0,0.0,0.0,0.0,0.0,0.0,0.0,0.0,0.0,0.0,0.0,0.0,0.0,0.0,0.0309964848750567,0.0,0.0,0.0189659144506712,0.0,0.499176298113231,0.0,0.0,0.0087189464276083,0.0,0.0,0.0,0.0,0.0,0.0,0.0,0.0,0.0047694890286819,0.016983556852922,0.0,0.0,0.0,0.0,0.0270997477825701,0.0199827875863003,0.0,0.0,0.0,0.0,0.0,0.0,0.0,0.0,0.0,0.0,0.0,0.0109594136342622,0.004098378647714,0.005658761735287,0.0225130408193155,0.0481450848877973,0.0,0.0,0.0,0.0,0.0,0.0,0.0316860037446415,0.0,0.0,0.0,0.0,0.0,0.0,0.0,0.0,0.0,0.0,0.0,0.0,0.0,0.0,0.0040665561801768,0.0,0.0,0.0,0.0122274948883986,0.0,0.0,0.0,0.0293467398557048,0.0,0.006692700711642,0.0058089407270398,0.0,0.0,0.0,0.0,0.0,0.0,0.0,0.0,0.0,0.0173402457795859,0.0215711104935809,0.0,0.0,0.023015334749824,0.0,0.0,0.0,0.0353198542992718,0.0,0.0056449272100203,0.0,0.0,0.0,0.0,0.0,0.0,0.0,0.0,0.0,0.0,0.0,0.0,0.0,0.0,0.0,0.0,0.0,0.0,0.0,0.0,0.0,0.0,0.0,0.0,0.0,0.0,0.0,0.0,0.0,0.0,0.0,0.0,0.0,0.0,0.0,0.0,0.0,0.0,0.0,0.0,0.0,0.0,0.0,0.0084897087007749,0.0,0.0,0.0,0.0,0.0,0.0,0.0,0.0,0.010226251634614,0.0,0.0,0.0,0.0,0.0,0.0,0.0,0.0,0.0,0.0,0.0,0.0,0.0,0.0994452117549138,0.0,0.0,0.0,0.0,0.0,0.0,0.0,0.0,0.0,0.0,0.0,0.0,0.0,0.0043660584400456,0.0,0.0,0.0,0.0037499823976055,0.0,0.0,0.0,0.0,0.0,0.0,0.0,0.0,0.0,0.0,0.0,0.0,0.0,0.0,0.0,0.0,0.0,0.0,0.0,0.0,0.0,0.0,0.0,0.0,0.0,0.0,0.0,0.0,0.0,0.0,0.0176655804663364,0.0,0.0,0.005132648489532,0.0,0.0708853739301544,0.0,0.0,0.0049027086156019,0.0,0.0,0.0,0.0,0.0,0.0,0.0,0.0,0.0,0.0077548382742696,0.0,0.0,0.0,0.0,0.0246776050753632,0.0190510092508504,0.0,0.0,0.0,0.0,0.0,0.0,0.0,0.0,0.0,0.0,0.0,0.0,0.0040920375399798,0.0038763200543524,0.0232078618669676,0.0180323755912754,0.0,0.0,0.0,0.0,0.0,0.0,0.0,0.0,0.0,0.0,0.0,0.0,0.0,0.0,0.0,0.0,0.0,0.0,0.0,0.0,0.0,0.0,0.0,0.0,0.0,0.0104889543396156,0.0,0.0,0.0,0.0077096713095828,0.0,0.0,0.0,0.0,0.0,0.0,0.0,0.0,0.0,0.0,0.0,0.0,0.0058205273981051,0.0049630321291625,0.0,0.0,0.0213905249955094,0.0,0.0,0.0,0.0132721386075145,0.0,0.0,0.0,0.0,0.0,0.0,0.0,0.0,0.0,0.0,0.0,0.0,0.0,0.0,0.0,0.0,0.0
FRP,0.0,0.0838459636039968,0.0227343609090487,0.0,0.0,0.0,0.292649170335584,0.0676159686818268,0.238412496403296,0.0,0.0389097419603653,0.0295885814563844,0.0,0.0054688021710359,0.0165671571683857,0.0,0.0,0.0,0.0,0.0,0.0109800704859449,0.0885322766452823,0.0558675558629426,0.0,0.0036592328540391,0.0,0.0,0.0,0.0,0.0155939436801928,0.113392032453111,0.0,0.191476083373615,0.0,0.0,0.0,0.0,0.0,0.0,0.0,0.0,0.0,0.0,0.0691857718850071,0.0,0.0086780462124866,0.0147536052974553,0.00775090013485,0.114360963878335,0.0858242907497163,0.0,0.0,1.86124537974786,0.0050948568075303,0.037580663975552,0.0650341258365846,0.0,0.0594963571419109,0.0,0.0,0.0,0.0,0.0624825860602998,0.499608011189349,0.0,0.0,0.0,0.0,0.138597441404422,0.0,0.0,0.0,0.0,0.0178672852416248,0.0,0.0,0.0,0.0,0.0,0.0,0.0,0.022515245828579,0.0,0.38359127876592,0.0,0.0,0.0,0.0,0.0,0.0,0.0183862812315771,0.0,0.0039981344155079,0.125810716382849,0.459360658773552,0.0,0.0,0.0,0.0,0.0,0.0,0.0,0.0,0.0,0.0,0.0,0.0,0.0,0.0,0.79770397935699,0.120954580968048,0.477404505174881,0.0,0.0362980669840903,0.0,0.0,0.0,0.0,0.0,0.0,0.0091543350922225,0.0226276023254992,0.0,0.0,0.0,0.0,0.0,0.0053807762222944,0.245915707306001,0.0,0.0065537773775458,0.0,0.0,0.0,0.0,0.0,0.0,0.0,0.0,0.0,0.0,0.0213508859140202,0.0,0.0,0.0777828738272205,0.0,0.0,0.0,0.0,0.0284679436247585,0.17141354119469,0.0,0.0,0.0,0.0,0.0,0.017872338869153,0.0,0.0,0.0,0.0,0.0209803718596012,0.0,0.178654354459451,0.0,0.0,0.0,0.172939175410951,0.048154923608636,0.0,0.0,0.0,0.0,0.0,0.0265461119800654,0.0038837658836817,0.110738013621997,0.179388986456561,0.0035786840372113,0.0567401517922628,0.0631578468079656,0.0,0.0,0.0,0.0,0.0050437449770907,0.0,0.0,0.0,0.0269518230625378,0.0,0.0,0.0848966463573378,0.0,0.0,0.101960228552472,0.0,0.0,0.0,0.0,0.0,0.0,0.232284496538335,0.0,0.0130806301705214,0.0063562050207326,0.0775846856069148,0.0,0.0,0.0,0.0387886488169782,0.0057488687308464,0.0,0.0,0.0,0.147415089011182,0.0129884430242608,0.135793281593285,0.0,0.0,0.0,0.0,0.0,0.0,0.0,0.0,0.0,0.0,0.0,0.0,0.0122110836830245,0.0077254228463515,0.0,0.0,0.0,0.0,0.0,0.0,0.0,0.0125684523986631,0.0,0.0066356459570963,0.0,0.0,0.0,0.0,0.0,0.0,0.0,0.0,0.0,0.0,0.0,0.0,0.0,0.0,0.0,0.0143723457138763,0.0118068671744399,0.0,0.0,0.508327736260735,0.0,0.0,0.0080784918882642,0.0,0.0105032107235369,0.0,0.0,0.0,0.0,0.0104762751552108,0.005986766037617,0.0,0.0,0.0,0.0,0.0186515263890307,0.0,0.0,0.0,0.0,0.0,0.0,0.0,0.0,0.0,0.0,0.0,0.0,0.0,0.0,0.0,0.0,0.0,0.0,0.0,0.0,0.0,0.0,0.0,0.0,0.0349311220311812,0.147179060685739,0.0,0.0,0.0,0.0,0.0,0.0,0.0,0.0,0.0,0.0,0.0,0.0,0.0,0.0,0.310268481649024,0.0883894762240802,0.157959332667707,0.0,0.0050216902695393,0.0,0.0,0.0,0.0,0.0,0.0,0.0,0.0,0.0,0.0,0.0,0.0,0.0,0.0,0.076594967949975,0.0,0.0,0.0,0.0,0.0,0.0,0.0,0.0,0.0,0.0,0.0,0.0,0.0,0.0,0.0,0.0,0.0,0.0,0.0,0.0,0.0056015457818463,0.0056636653889377,0.0,0.0,0.0,0.0,0.0,0.0,0.0,0.0,0.0,0.0,0.0,0.0,0.0,0.0,0.0,0.0,0.0098345894527467,0.0078481721253825,0.0,0.0,0.0,0.0,0.0,0.0,0.0,0.0142990806141959,0.0155544029866509,0.0,0.0071533989701452,0.0044048227591771,0.0,0.0,0.0,0.0,0.0,0.0,0.0,0.0,0.0,0.0,0.0,0.0,0.0,0.0,0.0162958482779983,0.0,0.0,0.0,0.0,0.0,0.0,0.0,0.0,0.0,0.0,0.0,0.0,0.0
FS,0.06864138715244,0.0,0.0,0.053604862831041,0.0,0.0,0.0757398159715839,0.128499329405737,0.092057539435529,0.0,0.0142617654519731,0.0114112663768403,0.0,0.0081618876487907,0.0598420920790502,0.0,0.0,0.0,0.0,0.0120316568096342,0.0,0.19643937429339,0.170059329287095,0.0232207387996929,0.0292490483772184,0.009702107758763,0.0039048665776634,0.216301267721314,0.0,0.0046186820531342,0.14323038734372,0.0103087500140914,0.032410027342273,0.375066266150302,0.0713454321775538,0.0771535394181984,0.0,0.0,0.0,0.0,0.0038269204477961,0.0,0.0,0.131773734323561,0.0,0.0722893010197299,0.174300331691896,0.0860786989332961,0.176696073110026,0.189456910344468,0.0,0.0,0.0308463609672543,0.357608225581507,0.0625988881260063,0.154566424631817,0.0,0.0382991934922934,0.0858047955901482,0.0,0.0,0.0,0.0083565671180196,0.0382375919220868,0.0,0.0,0.0055358685716144,0.0,0.228418186339567,0.0,0.0,0.0,0.0,0.0586726913288093,0.0201115571556838,0.0,0.0046231884831183,0.0,0.0,0.0,0.0,0.112987835270266,0.0,0.0228982546495815,0.0,0.0,0.0250353070221556,0.0,0.0050160973188566,0.0,0.0678643333619447,0.0,0.01081026992037,0.013999075484833,0.0103552168875507,0.0,0.0,0.0,0.0049902831215322,0.0050412001418172,0.0,0.0549204204543684,0.0,0.0,0.411674718430536,0.0,0.0,0.0,0.0,0.0435820027843962,0.0127658908228385,0.0181201159316305,0.119605528787135,0.147649243182363,0.285299118262306,0.0,0.0096178731126231,0.0,0.0087913674346849,0.0033660403360727,0.0725723952675636,0.0180583017289817,0.0,0.0,0.0,0.0,0.0033828150852684,0.276638751458562,0.0123337782885113,0.0,0.0,0.0035088639783485,0.0039563140731823,0.0041094109429275,0.0062896562085568,0.006416986685669,0.0,0.0,0.0,0.0,0.0,0.0216274601720701,0.0,0.0,0.0517812552324775,0.0,0.0,0.0,0.0,0.0406837525010956,0.0302612383207064,0.0108737493324664,0.010662738566672,0.0,0.0,0.0,0.0,0.0,0.0,0.0,0.0,0.09555405082852,0.0,0.0219114741636938,0.0111374914692273,0.0119343723621021,0.0,0.0577251701958027,0.042488115640162,0.0055607053079195,0.0,0.0,0.0,0.0,0.0,0.0,0.0051508665494688,0.0038775981614603,0.0,0.0,0.0204606300791632,0.0114614531943859,0.0,0.0,0.0,0.0414236241642219,0.125634593459084,0.0,0.0038745043543129,0.0990027859486282,0.0,0.0,0.0,0.0,0.0,0.117936126731693,0.0,0.0,0.0,0.0,0.0,0.0,0.0,0.0,0.0,0.0,0.0178218797825102,0.0124911023446613,0.0,0.0,0.0,0.0,0.0,0.0,0.0,0.009433147323372,0.034250772353551,0.0116824226677447,0.0,0.0,0.0,0.0,0.0,0.0,0.0,0.0,0.0,0.0,0.0,0.0,0.0462509525534593,0.0385281647832791,0.0,0.0046027617030837,0.0,0.0,0.0,0.0,0.0,0.0353585498330659,0.0,0.0099945110708375,0.0,0.0035694702613538,0.0,0.0,0.0,0.0,0.0,0.0,0.0,0.0,0.0,0.0,0.0172967638109761,0.0300276227481129,0.00982717030736,0.042259956457064,0.0436513945430144,0.0,0.0,0.0070337276403108,0.0,0.0040442841833439,0.0134339627707149,0.0,0.0072882252896378,0.0,0.0,0.0,0.0,0.0,0.0145524425663309,0.0,0.0,0.0,0.0,0.0564556654111562,0.0,0.0,0.0,0.0,0.0154165301402513,0.0,0.0,0.0,0.0,0.0,0.0,0.0,0.0050078942941223,0.0,0.0,0.0,0.0,0.0,0.0,0.0,0.0,0.0179851459946038,0.0,0.0,0.0080272462089004,0.0069799757423454,0.0,0.0,0.0,0.0,0.0,0.0,0.0,0.0,0.0,0.0,0.0,0.0,0.0,0.0,0.0,0.0,0.0,0.0,0.0317565234477163,0.0,0.0,0.0,0.0,0.0,0.0,0.0173790635789965,0.0,0.0,0.0,0.0,0.0,0.0,0.0059171290644627,0.0,0.0,0.0,0.0,0.0,0.0,0.0,0.0,0.0,0.0,0.0,0.0,0.0,0.0,0.0,0.0,0.0101841911557551,0.0,0.0,0.0,0.0,0.030563908410333,0.0074672428684394,0.0,0.0,0.0,0.0,0.0,0.0,0.0,0.0,0.0,0.0,0.0046822986557227,0.0,0.0049846940854299,0.0,0.0,0.0,0.0273889868381821,0.0197859634107654,0.0,0.0,0.0,0.0,0.0,0.0,0.0,0.0,0.0,0.0,0.0,0.0058062633068134,0.0,0.0,0.0,0.0,0.0096644871150442,0.0,0.0,0.0,0.0,0.0,0.0,0.0,0.0,0.0,0.0316313152588089,0.0,0.0,0.0,0.0,0.0,0.0,0.0,0.0,0.0,0.0,0.0055605078282895,0.0,0.0
GPe,0.092054483391312,0.0867435685962973,0.0413125731289032,0.0676693705187333,0.0,0.0052162883413784,0.142792513753256,0.141404603748023,0.131940504640773,0.0,0.03119946894251,0.0414179984222605,0.0,0.0,0.0,0.0074613296877126,0.0,0.0412959535431518,0.042638418140018,0.0635868378066544,0.0,0.105236455963488,0.0737688574586333,0.0894096404186083,0.003951080484494,0.0,0.0,1.22644823619022,0.0,0.0535238356070392,0.122373671656166,0.0174115022290663,0.154136178191681,0.0086124428392342,0.0047389502367006,0.754731458157396,0.0,0.0,0.0128033634427495,0.0,0.0,0.0119111228071685,0.0,0.0,0.0,0.0897955696980998,0.0191648179865526,0.0115447159536821,0.126431796861321,0.102343737937786,0.0,0.0,0.162245415367472,1.13705565689401,1.04678176815505,0.509642200114928,0.0,0.132461009790406,0.338618954263777,0.0040010414094561,0.0,0.0062430837719978,0.027178547534469,0.226768345869052,0.0,0.0,0.0096914786370709,0.0,0.153307566995827,0.0,0.0,0.0309918566509239,0.236034791628381,0.0402724029890378,0.31251964563062,0.0309061518112359,0.0051352646146694,0.0,0.0431076006578798,0.0178203411763559,0.0,0.0417745558369174,0.0,0.192989480416338,0.0,0.0,0.0388635903776257,0.376277942896458,0.36604919338812,0.454824661367864,0.0372101275163388,0.0052639660777915,0.0,0.263344937794588,0.196733193499818,0.0,0.0,0.0,0.0257527716523537,0.0,0.0,0.0,0.0,0.0050140002427647,0.0086795882734251,0.0,0.0067581399003031,0.0,0.0,0.121133749540166,0.0361487281843023,0.0845129847794489,0.169601265578171,0.0522266511613282,0.0073245358330369,0.0066817623901997,0.0,0.0,0.0179801848337586,0.0,0.0901855298696041,0.29663404612259,0.0,0.0,0.0,0.0,0.0264914331385423,0.0045496564464059,0.0648958416395755,0.0085899477810216,0.130748669261718,0.200214869490677,0.0,0.427434597515346,0.0299832621417166,0.0,0.0,0.0,0.0,0.0,0.0,0.020995836527178,0.0419819610401172,0.0046741247189023,0.0518954377894644,0.0,0.0,0.0,0.0033603601467415,0.0566647914830492,0.164156903251942,0.0402118464983647,0.0773069456263658,0.0324614184185396,0.024162076831466,0.0260465003167672,0.146776287919608,0.0,0.0081714691254787,0.0,0.043609713517149,0.0536224407274764,0.0,0.170219685391344,0.148991425384704,0.169941772236863,0.0,0.228819258231009,0.150333702730503,0.427761881495125,0.0,0.0,0.0,0.0,0.0774008016036103,0.0931619607739382,0.269036195230424,0.149015789892326,0.122070874293827,0.15016991891405,0.141915780346364,2.01852529707729,0.0127235323584353,0.0064519614762298,0.0,0.0687978088874892,0.0068654356527096,0.0,0.0064031148996261,0.0,0.0141905177570648,0.0032909733870674,0.140562770496613,0.0,0.0,0.173865868852497,0.0450027371673204,0.0397719457560212,0.0154253762289402,0.0039143139645022,0.0112077743056394,0.0125768632753426,0.198576844250519,0.0037207622083783,0.144445120340183,0.173502757792497,0.221025848841643,0.0591086833104198,0.0,0.0,0.0,0.0,0.0,0.0,0.0,0.0,0.0,0.0,0.0,0.0,0.0,0.0,0.0,0.0,0.0,0.0,0.0,0.0,0.0,0.0,0.0034570327536926,0.0,0.0,0.0,0.0,0.0,0.0,0.0,0.0,0.0,0.004010696247003,0.0187991838279547,0.0,0.0,0.0,0.0,0.0,0.0034763723156621,0.0,0.0,0.0,0.0,0.0,0.0,0.0,0.0,0.0,0.0,0.0033068093404314,0.0,0.0,0.0061192859326525,0.0,0.0,0.0,0.0,0.0,0.0,0.0,0.0,0.0,0.0,0.0219818453814832,0.0,0.0,0.0,0.0,0.0047202761141003,0.0,0.0,0.0,0.0,0.0,0.0,0.0,0.0,0.0,0.0,0.0,0.0,0.0,0.0,0.0,0.0,0.0,0.0,0.0,0.0,0.0,0.0033492179748059,0.0,0.0,0.0055571655977792,0.0050226481203318,0.0,0.0,0.0,0.0,0.0,0.0,0.0,0.0,0.0,0.0,0.0,0.0,0.0,0.0,0.0,0.0,0.0,0.0,0.0,0.0,0.0,0.0,0.0,0.0035184311269337,0.0,0.0,0.0,0.0,0.0,0.0,0.0,0.0,0.0,0.0,0.0,0.0,0.0,0.0,0.0,0.0,0.0,0.0,0.0,0.0,0.0,0.0,0.0,0.0,0.0,0.0,0.0,0.0,0.0,0.0,0.0268906284912256,0.0129233950922849,0.0036828905325357,0.0,0.0,0.0,0.0,0.0,0.0,0.0,0.0,0.0,0.0,0.0,0.0062831033322945,0.0,0.0,0.0,0.0408896192887714,0.0311202589179721,0.0,0.0,0.0,0.0,0.0,0.0,0.0,0.0,0.0,0.0,0.0,0.0,0.0,0.0,0.0,0.0,0.0,0.0,0.0,0.0,0.0,0.0,0.0,0.0,0.0,0.0,0.0046543349457578,0.0,0.0,0.0,0.0,0.0,0.0,0.0,0.0,0.0,0.0,0.0087465544437083,0.0057331565083793,0.0
GPi,0.0341801478051574,0.0277126210879245,0.0162673860510386,0.0219219714133581,0.0,0.0077658716620883,0.0632258582025599,0.0271539992241121,0.0608370306715346,0.0,0.0,0.0101745246981435,0.0,0.0,0.0,0.0042709332942053,0.0102581945837878,0.0,0.0,0.0033015875926783,0.0,0.0105770810179647,0.009831243609312,0.0216035881857126,0.0,0.0,0.0,0.294138345490156,0.0,0.0042142367197809,0.0186608702481453,0.0066101309098543,0.0051057319298087,0.0,0.0,0.201209509701906,0.0,0.0,0.0035786707601611,0.0,0.0,0.0095123131052877,0.0,0.0,0.0,0.0,0.0,0.0,0.0143510224810492,0.0105224099223481,0.0,0.0,0.0404584420024711,0.316627748752203,0.205708042827347,0.11174510871379,0.0,0.0555186854104859,0.0918102885144255,0.0,0.0,0.0,0.0065669797718681,0.0080571295727566,0.0,0.0,0.0,0.0,0.0131818998725216,0.0,0.0,0.0,0.0103637942435393,0.0,0.127520189079781,0.0,0.0054088196835702,0.0,0.0118220199453254,0.0042092145403924,0.0,0.0128979688916967,0.0,0.0079304211804704,0.0,0.0,0.0204642560290191,0.0146874994284489,0.0404319713101352,0.0321247456072668,0.0,0.0,0.0,0.129179472672202,0.0699720165299083,0.0,0.0,0.0,0.0142377528219775,0.0,0.0,0.0,0.0,0.0048316162733379,0.0,0.0,0.0043022150557171,0.0,0.0,0.0404134593432869,0.0099563074236553,0.0259174984793123,0.0593092552042278,0.0082271180899793,0.0,0.0,0.0,0.0,0.0154994221901872,0.0,0.0,0.027579695639825,0.0,0.0,0.0,0.0,0.0083014068235981,0.0,0.0140815097291703,0.0034365829456211,0.0,0.0270966547381728,0.0,0.0390418731629944,0.0227739753833603,0.0,0.0,0.0,0.0033111911676617,0.0,0.0,0.0,0.0,0.0057728109616635,0.0,0.0,0.0,0.0,0.0102016826437039,0.0,0.0041065177421315,0.016610054763422,0.0526324556295801,0.0034511758140271,0.0050115398720955,0.0070975770433239,0.0491820999603698,0.0064807197239175,0.0046296318908208,0.0,0.0093979574514748,0.0149140333625351,0.0,0.0069638058764762,0.100472059459306,0.117911148689672,0.0,0.0187291400328113,0.0121420101035836,0.022312722110978,0.0,0.0,0.0,0.0,0.0036040753496064,0.0264953095402832,0.130855774332232,0.0398198987667702,0.0086866374120477,0.0610165234300751,0.0246780004903774,0.689310172872683,0.0040365246323431,0.0044336404983594,0.0,0.0,0.0,0.0,0.0,0.0,0.01396675715344,0.0,0.0273386232055571,0.0,0.0,0.0259803961358815,0.0,0.0044401831399349,0.0,0.0,0.0,0.0034432205462077,0.0253708382694235,0.0118377070339828,0.0211367572843356,0.005360368899376,0.0159287762105472,0.0277508819049536,0.0,0.0,0.0,0.0,0.0,0.0,0.0,0.0,0.0,0.0,0.0,0.0,0.0,0.0,0.0,0.0,0.0,0.0,0.0,0.0,0.0,0.0,0.0,0.0,0.0,0.0,0.0,0.0,0.0,0.0,0.0,0.0,0.0,0.0,0.0,0.0,0.0,0.0,0.0,0.0,0.0,0.0,0.0,0.0,0.0,0.0,0.0,0.0,0.0,0.0,0.0,0.0,0.0,0.0,0.0,0.0,0.0,0.0,0.0,0.0,0.0,0.0,0.0,0.0,0.0,0.0,0.0,0.0,0.0,0.0,0.0,0.0,0.0,0.0,0.0,0.0,0.0,0.0,0.0,0.0,0.0,0.0,0.0,0.0,0.0,0.0,0.0,0.0,0.0,0.0,0.0,0.0,0.0,0.0,0.0,0.0,0.0,0.0,0.0,0.0,0.0,0.0,0.0,0.0,0.0,0.0,0.0,0.0,0.0,0.0,0.0,0.0,0.0,0.0,0.0,0.0,0.0,0.0,0.0,0.0,0.0,0.0,0.0,0.0,0.0,0.0,0.0,0.0,0.0,0.0,0.0,0.0,0.0,0.0,0.0,0.0,0.0,0.0,0.0,0.0,0.0,0.0,0.0,0.0,0.0,0.0,0.0,0.0,0.0,0.0,0.0,0.0,0.0,0.0,0.0,0.0,0.0,0.0,0.0,0.0,0.0,0.0,0.0,0.0,0.0,0.0,0.0,0.0,0.0043266582182636,0.0,0.0,0.0,0.0,0.0,0.0,0.0,0.0,0.0,0.0,0.0,0.0,0.0,0.0,0.0,0.0,0.0,0.0,0.0,0.0,0.0,0.0,0.0,0.0,0.0,0.0,0.0,0.0,0.0,0.0,0.0,0.0,0.0,0.0,0.0,0.0,0.0,0.0,0.0,0.0,0.0
GRN,0.0049857964189547,0.0263281187318407,0.0033766136635833,0.0,0.0,0.0,0.0155563981314211,0.0052434641073617,0.0,0.576271522103803,0.0,0.0,0.0,0.0,0.0,0.0677864969147178,0.0,0.0032959446800658,0.0,0.0,0.0,0.0,0.0,0.0045589523444982,0.0,0.0,0.0,0.0084530998653611,0.0365370048960792,0.0,0.0,0.0983311690641052,0.0,0.0,0.0,0.0,0.146252892625034,0.0422605336867553,0.0564350384499727,0.677023201150295,0.0,0.0,0.0085483926747834,0.0,0.0713052549653335,0.0,0.0,0.0,0.0,0.0,0.0,0.36862186566757,0.0074681166419136,0.0,0.0071870652533037,0.0040971651778816,1.23774413742835,0.009541510084951,0.0099652665543939,0.0270543955592298,0.0337210056866934,0.0173003183569896,0.0,0.0,1.05395793728864,0.0217848965734811,0.0180650070216429,0.676153167084795,0.0,0.70633184738165,0.0,0.0,0.0,0.0,0.0105857370514816,0.0,0.0057003534140519,0.466849115677769,0.0,0.0,0.0,0.0,1.41887796242912,0.0,0.278122509654361,0.425985734670118,0.0035261702581943,0.0,0.0,0.0,0.0,0.0,0.0,0.107321976734643,0.075290554207976,0.0043703027734883,0.0048865673555683,0.0071918131594707,0.127995456763317,0.0,0.430123787635562,0.0,0.0604683264412371,0.124694733292816,0.0,0.396278828581523,0.0244596040855671,0.0426703248224517,0.321683701650615,0.0232252525701469,0.0,0.0111820792742873,0.0,0.0,0.0,0.112754142507539,0.0,0.484430808518288,0.118287364822116,0.0381178275728045,0.0,0.0,0.0,0.0388869013713117,0.544473733084793,0.850204975783696,0.0,0.0,0.0094015889009226,0.0,0.0,0.0,0.0,0.0,0.0956360939742557,0.0,0.0043940267692274,0.446548732647555,0.370108525477053,0.385309822924931,0.278171404885516,0.0,0.0082394212747805,0.0,0.0,0.0,0.0037553686701018,0.0050442099001409,0.0,0.0,0.0,0.159079242667537,0.109972199960128,0.0043068786393921,0.0,0.0,0.0047350405663008,0.0,0.0504099491642586,0.0078738372581963,0.0,0.0,0.0,0.01332955789065,0.0594670014908297,0.0472375363228119,0.282855332920673,0.0,0.0,0.0,0.44205894420775,0.195883466457041,0.303819834979,0.481566158063598,0.0318157223358524,0.0286487758468691,0.0222114497711731,0.0108817264425228,0.0180403318008812,0.0267245168562197,0.0200526763975225,0.100121711888385,0.0,0.180705476881695,0.648798445296359,0.0,0.0,0.0703736444603171,0.0,0.0,0.0,0.274179237266039,0.0090270713412284,0.536547958629558,0.707528692464701,0.0055528809009422,0.0084453159433747,0.0071279658939658,0.0,0.0,0.0,0.0,0.0298702361802865,0.0,0.0,0.0,0.007147626832368,0.0773958540530191,0.217131486762847,0.0,0.0378551636964059,0.0035182279631109,0.0,0.0,0.0,0.0215848807824809,0.0134689331033841,0.0038636588990724,0.345658892264194,0.0,0.0,0.0,0.0,0.0,0.0478794292413124,0.0,0.0,0.0,0.0,0.0,0.0,0.0,0.0,0.0,0.0,0.0,0.0,0.0990316695570703,0.0,0.0,0.0552361708722933,0.0,0.0,0.0,0.0,0.111879698211245,0.113216592428843,0.0513979394806434,0.590759777134245,0.0,0.0,0.17865401209539,0.0,0.0286766617127446,0.0,0.0,0.0,0.0,0.0,0.0,0.940643339495231,0.0132060455542717,0.0,0.0,0.0,0.487868963645465,0.0265879376234999,0.0,0.0199012871658472,0.0210005649887244,0.0205553877885503,0.0,0.0,0.463620603847068,0.161721984894093,0.0091988895651657,0.345201525700711,0.0,0.569740107395392,0.0,0.0,0.0,0.0,0.0,0.0,0.0,0.282565308519433,0.0,0.0,0.0,0.0,0.545223734508224,0.0,0.280313400907271,0.256170724042272,0.0,0.0,0.0,0.0,0.0,0.0,0.0,0.176327632816392,0.110020449502715,0.0,0.0,0.0042238662321269,0.06713398375607,0.0,0.320007740339721,0.0,0.0378860043801897,0.0921881529122866,0.0,1.17815270248094,0.054028873321409,0.0187820653131851,0.30528341600078,0.0343519158858025,0.0,0.0168788468575601,0.0,0.0,0.0,0.0545374003326514,0.0,0.34073610411742,0.0533263998375324,0.0190096623763529,0.0,0.0,0.0,0.0418908966418539,0.401058967009277,0.389558904167516,0.0,0.0,0.0135343100631423,0.0,0.0,0.0,0.0,0.0,0.050922039329431,0.0,0.0222427061100272,0.336966456780119,0.279008085506633,0.403516895944772,0.142916009326422,0.0,0.007532150195143,0.0,0.0,0.0,0.0,0.0126572347800729,0.0,0.0,0.0,0.0673038691857382,0.0422761178545818,0.0035497235673815,0.0,0.0,0.0,0.0,0.0670204196088937,0.0225782119864376,0.0,0.0,0.0050576570631905,0.0,0.013370348691965,0.0101838169669598,0.271514497010145,0.0,0.0,0.0,0.38289778019034,0.199966443281669,0.316110294573418,0.377123849443616,0.064052344390329,0.0288251875505933,0.0854154906783108,0.0478967309533452,0.0204945531429513,0.04022601650542,0.0599263905751766,0.0107590347522081,0.0,0.117886517848815,0.512104758596731,0.0,0.0,0.0855325868311887,0.0,0.0,0.0,0.156917051158406,0.0,0.346320894747899,0.318490291582886,0.0149850011908041,0.0060264758842978,0.005019676289838,0.0,0.0,0.0,0.0,0.0,0.0,0.0,0.0,0.0,0.0261598482351282,0.173819268961541
GU,0.0081857900696355,0.0205165807800611,0.0108097323225959,0.0055065250197935,0.0,0.0,0.671134225902447,0.702433958298382,0.775638007013389,0.0,0.0044208873903898,0.0070159134129186,0.0,0.0,0.0044918286396541,0.0,0.0,0.0079031101240124,0.0090333870397787,0.0248014151951031,0.0,0.0630209930390719,0.0461504800993249,0.0042458176861252,0.0162264691395965,0.0064915602409712,0.0035239822801138,0.0572940759944449,0.0,0.0196017770889697,0.112138809357054,0.0,0.149776709838278,0.0438880742756845,0.0223555429168622,0.0263901875260119,0.0,0.0039031932398719,0.0,0.0033351975568276,0.0043778349347592,0.0040319809766503,0.0,0.0071891566557917,0.0,0.0800809846696563,0.078260877716412,0.0449433483045265,0.0909975488240563,0.0608668339712425,0.0,0.0,0.158647285376813,0.0681998008649347,0.0372953038583601,0.0526053746257062,0.0,0.91273436581139,0.0179880111445514,0.0,0.0,0.0,0.0227376248592536,0.167238724306153,0.0,0.0,0.0,0.0,0.093695406179638,0.0036010243291094,0.0063312799265377,0.0,0.0037982867597137,0.0275443508158174,0.0131915823704714,0.0045824773257171,0.0,0.0,0.0,0.0,0.0,0.0169466370750643,0.0,0.0793808538254118,0.0,0.0,0.0,0.0049948590544031,0.095518898975668,0.0062460922141808,0.0322351335061111,0.0072956474339178,0.0,0.216392153968521,0.0897068064301002,0.0,0.0,0.0,0.0,0.0,0.0,0.0037514437823806,0.0,0.0,0.0480720526769155,0.0,0.0,0.0,0.0035101327334098,0.103481158970954,0.041443354662395,0.0583729031085049,0.0136446214944195,0.037418739123522,0.0510709509843603,0.0,0.0122306862632851,0.0,0.0115104860704592,0.0,0.0823743594206206,0.053927909681724,0.0,0.0,0.0,0.0,0.0072003863945125,0.122114685026245,0.0419761758351048,0.0075625572255098,0.108429251051585,0.0080819845405408,0.0078576580630873,0.0057790149028562,0.0,0.0087127308476703,0.0,0.0,0.0,0.0,0.0,0.0051030721072882,0.0,0.0,0.0327128282099477,0.0052287200194908,0.0,0.0,0.0,0.0777497984756534,0.196799033212665,0.0,0.0,0.0,0.0,0.0,0.0114350187453912,0.0,0.0,0.0,0.0,0.0171900419810621,0.0,0.227820428962404,0.0035548230849139,0.0039542373082802,0.0,0.231332250051774,0.228142910815974,0.30097952592619,0.0,0.0,0.0,0.0,0.0130165698336832,0.0041161962639943,0.525958276097934,0.0457810968577353,0.0036250405208349,0.0132094933556694,0.349485251135628,0.0635115959213522,0.007861505164466,0.0045087214335894,0.0035794989969405,0.0494382036649904,0.0998126293117071,0.0,0.0,0.0053505144837147,0.0,0.0,0.0739174810007423,0.0,0.0,0.689657272028648,0.0053832771138587,0.0,0.005441915302148,0.0,0.0062302077935073,0.0,0.137923874711664,0.0,0.0500964742103345,0.119524387954917,0.178655739412576,0.0,0.0,0.0,0.0983521923524796,0.0577806618894118,0.0,0.0,0.0,0.194561107085724,0.192573453145347,0.234552730242085,0.0,0.0,0.0,0.0,0.0,0.0,0.0,0.0,0.0,0.0,0.0038160428223168,0.0,0.0337577286356894,0.0212467867495912,0.0,0.003897068380407,0.0,0.0,0.0042085692004754,0.0,0.0,0.0699995948388488,0.0,0.035876001754,0.0,0.0,0.0,0.0,0.0,0.0,0.0,0.0,0.0,0.0,0.0,0.0,0.0151320575201401,0.0093265916430227,0.0042721635256965,0.0556664817181571,0.0329248925343413,0.0,0.0,0.133452609707505,0.0092230014691907,0.0,0.0062275540361436,0.0,0.159008093336405,0.0,0.0,0.0,0.0,0.0240923518979131,0.050043654112011,0.0,0.0,0.0,0.0,0.0567263356638466,0.0,0.0,0.0,0.0,0.0,0.0,0.0,0.0,0.0,0.0,0.0,0.0,0.0,0.0,0.0059516588047339,0.0,0.0,0.0,0.0,0.0,0.0,0.0,0.0,0.0,0.191388055155469,0.136671650065339,0.0,0.0,0.0,0.0,0.0,0.0,0.0,0.0,0.0,0.0,0.0,0.0,0.0,0.0,0.0487418568107132,0.048687905679122,0.0488236623727484,0.0032893672256265,0.0139900441048931,0.0,0.0,0.0050942675180557,0.0,0.0,0.0,0.0156072780235373,0.0035508302748092,0.0,0.0,0.0,0.0,0.0,0.0,0.0718435191671233,0.0,0.0,0.0,0.0,0.0,0.0,0.0037302972971536,0.0,0.0,0.0,0.0,0.0,0.0,0.0,0.0,0.0,0.0,0.0,0.0,0.0,0.0107042335282168,0.0190137740349257,0.0,0.0,0.0,0.0,0.0,0.0,0.0,0.0,0.0,0.0,0.0,0.0,0.0125734898443257,0.0,0.0,0.0,0.100712020745656,0.0783227518065597,0.0032985608912071,0.0,0.0,0.0,0.0,0.0092019373935468,0.008624122329194,0.285751861492273,0.0407523466349236,0.0,0.0310052547846518,0.092206314582444,0.0,0.0,0.0,0.0,0.0091403488523127,0.0,0.0,0.0,0.0,0.0,0.0,0.0,0.0,0.0,0.171699105265949,0.0,0.0,0.0,0.0,0.0,0.0,0.0,0.0,0.0,0.0,0.0230666306050878,0.0,0.0
IA,0.0824968274128671,0.0,0.0,0.0,0.0,0.0033318519458386,0.0059691723150978,0.0193620038528517,0.007531089697115,0.0,0.015113726320238,0.0133751299297969,0.0,0.0,0.0230421834465848,0.0,0.0033050160860053,0.0,0.0,0.0,0.0,0.13882251431613,0.152249807290085,0.0077555985209145,0.0201319379403168,0.0132020711871424,0.0136218273477938,0.0510655204561464,0.0,0.0,0.0397603746516488,0.0,0.0076203709944224,0.214536956162024,0.133763276036097,0.0059605128893306,0.0,0.0,0.0,0.0,0.0071021323582318,0.0,0.0,0.0644624186928631,0.0,0.0065073820183614,0.0743464706302714,0.0345183067086148,0.0783702980341037,0.135245786897649,0.0,0.0,0.0,0.009894463486968,0.0094809193845351,0.0251671505250947,0.0,0.0041207759193134,0.0535245356022593,0.0,0.0,0.0,0.0089591863504055,0.0081261373019022,0.0,0.0,0.0,0.0,0.105118189880257,0.0,0.0,0.0,0.0,0.0354196274502192,0.0078303673484608,0.0,0.0,0.0,0.0,0.0,0.0,0.0200464883526262,0.0,0.0082663382584174,0.0,0.0,0.0454882533380252,0.0,0.0143569121712312,0.0076475111396221,0.0417883067883217,0.0,0.0042114697874545,0.0,0.0,0.0,0.0,0.0,0.0,0.0046702436372868,0.0,0.0149228811279953,0.0,0.0,0.225127822542637,0.0,0.0,0.0,0.0,0.0,0.0,0.0,0.0171386840254262,0.158792181729311,0.185742557009391,0.0,0.0056406720066664,0.0,0.0,0.0,0.006573467317266,0.0,0.0,0.0,0.0,0.0,0.0,0.12744561365322,0.0036891648807898,0.0,0.0,0.0099509753717404,0.0054494321274477,0.0112435733839332,0.0,0.0049669297965518,0.0,0.0,0.0,0.0,0.0,0.0441533058522059,0.0,0.0,0.0565706261058124,0.0,0.0,0.0,0.0,0.034079753980919,0.0058330084031336,0.0,0.0,0.0,0.0,0.0,0.0,0.0,0.0,0.0,0.0,0.0175453013996573,0.0,0.0038813693785738,0.0,0.0,0.0,0.0093734875672859,0.0044595460510932,0.0054997404238666,0.0,0.0,0.0,0.0,0.0,0.0,0.0,0.0,0.0,0.0,0.0,0.0036229169810039,0.0,0.0,0.0,0.0038465343018414,0.157828511972737,0.0,0.0036216470673331,0.0431353407505902,0.0046826041105909,0.0,0.0,0.0,0.0,0.0208003136516634,0.0,0.0,0.0,0.0,0.0,0.0,0.0,0.0035039056175601,0.0,0.0,0.0,0.0,0.0,0.0,0.0,0.0,0.0,0.0,0.0,0.0,0.0,0.0,0.0,0.0,0.0,0.0,0.0,0.0,0.0,0.0,0.0,0.0,0.0,0.0,0.0045623875485174,0.0048587515273483,0.0,0.0,0.0,0.0,0.0,0.0,0.0,0.0,0.0,0.0,0.0,0.0053426838617135,0.0,0.0,0.0,0.0,0.0,0.0,0.0,0.0,0.0,0.0,0.0047448858029137,0.0044414639671501,0.0,0.0,0.0041649631940271,0.0,0.0,0.0,0.0,0.0,0.0,0.0,0.0,0.0,0.0,0.0,0.0,0.0,0.0,0.0,0.0,0.0,0.0,0.003756815332703,0.0,0.0,0.0,0.0,0.0100660815993753,0.0,0.0,0.0,0.0,0.0,0.0,0.0,0.0,0.0,0.0,0.0,0.0,0.0,0.0,0.0,0.0,0.0117156597160335,0.0,0.0,0.0,0.0,0.0,0.0,0.0,0.0,0.0,0.0,0.0,0.0,0.0,0.0,0.0,0.0,0.0,0.0,0.0,0.0,0.0,0.0,0.004704111671076,0.0,0.0,0.0,0.0,0.0,0.0,0.0047456969279088,0.0,0.0,0.0,0.0,0.0,0.0,0.0,0.0,0.0,0.0,0.0,0.0,0.0,0.0,0.0,0.0,0.0,0.0,0.0,0.0,0.0,0.0,0.0,0.0072228008147447,0.0,0.0,0.0,0.0,0.0232401909329838,0.0,0.0,0.0,0.0,0.0,0.0,0.0,0.0,0.0,0.0,0.0,0.0,0.0,0.0,0.0,0.0,0.0,0.0,0.0,0.0,0.0,0.0,0.0,0.0,0.0,0.0,0.0,0.0,0.0,0.0,0.0,0.0,0.0,0.0,0.0,0.0,0.0,0.0,0.0,0.0,0.0,0.0,0.0,0.0,0.0,0.0,0.0,0.0,0.0,0.0,0.0,0.0,0.0,0.0,0.0,0.0,0.0,0.0,0.0
ICc,0.0,0.0,0.0,0.0,0.0,0.0,0.0,0.0,0.0,0.0,0.0,0.0,0.0,0.0,0.0,0.0,0.0,0.15041602549723,0.1512711599927,0.121764856050727,0.0,0.0,0.0,0.0,0.0,0.0,0.0,0.0,0.0,0.0,0.0,0.0,0.0,0.0,0.0,0.0,0.0,0.0,0.210755109061346,0.0,0.0,0.0,0.0,0.0,0.0,0.0183659234269154,0.0,0.0,0.0,0.0,0.0,0.0,0.0,0.0,0.0,0.0,0.0,0.0,0.0,1.62218307792957,1.1256585063473,1.78336086460334,0.0,0.0,0.0,0.0,0.0,0.0,0.0,0.0,0.0,0.0,0.0,0.0,0.0,0.0,0.0,0.0,0.0,0.0,0.0,0.0,0.0,0.0,0.0,0.0,0.0,0.0,0.007544014324288,0.0040604555912521,0.0,0.0,0.0,0.0,0.0,0.0,0.0,0.0,0.0192922039293569,0.0,0.0,0.0,0.0,0.266891008951274,0.0,0.0,0.0034745477954578,0.0,0.0,0.0,0.0,0.0,0.0,0.0,0.0,0.0803364645563015,0.0,0.0,0.0198185539556845,0.0,0.0179820936523977,0.0,0.0,0.0,0.0,0.0,0.0,0.0,0.0,0.0,0.0,0.0053395755825362,0.0,0.0059266436924235,0.0195495101686723,0.0,0.0,0.0,0.0328168872622902,0.0,0.277125478836584,0.0,0.0044346651557464,0.0,0.0,0.0,0.0,0.0,0.0,0.0,0.0,0.0,0.0,0.0,0.0,0.0,0.0,0.0,0.224474167754207,0.167613370092412,0.0,0.0,0.0,0.0,0.0,0.0,0.0195773956371186,0.0,0.0,0.0,0.0,0.0,0.0,0.0,0.0,0.0,0.0,0.0,0.0,0.0,0.018215497101548,0.0,0.0,0.127127512836902,0.0,0.0356681818971352,0.0,0.0,0.0,0.0,0.0,0.190773715043543,0.0,0.0,0.0,0.0,0.128734233110631,0.0,0.0067500529824394,0.0,0.0,0.0,0.0,0.0,0.0,0.0,0.0,0.0,0.0,0.0,0.0,0.0,0.0,0.0,0.0,0.0,0.0,0.0,0.0,0.0,0.0,0.0,0.0,0.0,0.0,0.0,0.0039840108398205,0.0077663371160776,0.0088938207294458,0.0,0.0,0.0,0.0,0.0,0.0,0.0,0.0,0.0,0.0,0.0,0.0,0.0,0.0,0.0,0.0,0.0,0.0,0.0303261688540245,0.0,0.0,0.0,0.0,0.0,0.0,0.0,0.0,0.0,0.0,0.0,0.0,0.0,0.0,0.0,0.0,0.0,0.0,0.0,0.0,0.353136166487901,0.233855538153144,0.357418447405392,0.0,0.0,0.0,0.0,0.0,0.0,0.0,0.0,0.0,0.0,0.0,0.0,0.0,0.0,0.0,0.0,0.0,0.0,0.0,0.0,0.0,0.0,0.0,0.0,0.0,0.0,0.0,0.0,0.0,0.0,0.0,0.0,0.0,0.0,0.0,0.0,0.0,0.0,0.0,0.0,0.0,0.0,0.0,0.0,0.0,0.0,0.0081680133342649,0.0,0.0,0.0,0.0,0.0,0.0,0.01403312404942,0.0,0.0,0.029478550911648,0.0,0.0,0.0,0.0,0.0,0.0,0.0,0.0,0.0,0.0,0.0,0.0,0.0,0.0,0.0,0.0,0.0,0.0,0.0,0.0,0.0,0.0636837379945788,0.0,0.0,0.0,0.0,0.0,0.0,0.0,0.0,0.0,0.0,0.0,0.0,0.0,0.0,0.0,0.0,0.0,0.0367535791225357,0.0334524727462313,0.0,0.0,0.0,0.0,0.0,0.0,0.0,0.0,0.0,0.0,0.0,0.0034562431636899,0.0,0.0,0.0,0.0,0.0,0.0,0.0,0.0,0.0,0.0,0.0,0.020731816642988,0.0,0.0,0.0,0.0,0.0,0.0,0.0,0.0475380827265393,0.0,0.0,0.0,0.0,0.0,0.0,0.0,0.0,0.0,0.0,0.0,0.0,0.0,0.0,0.0,0.0,0.0064646132810133
ICd,0.0,0.0,0.0,0.0,0.0,0.0,0.0,0.0,0.0,0.0,0.0,0.0,0.0,0.0,0.0,0.0047795635264116,0.0,0.658510749484929,0.688982107945029,0.673106559095487,0.0,0.0,0.0,0.0,0.0,0.0,0.0,0.0,0.0306920852872073,0.0,0.0,0.0,0.0,0.0,0.0,0.0,0.0,0.0,0.174136301402303,0.0,0.0,0.0,0.0,0.0,0.0,0.121087194559592,0.0,0.0,0.0,0.0,0.0,0.0,0.0,0.0,0.0,0.0,0.0,0.0,0.0,1.6708242439512,1.60920520835427,1.76677016572945,0.0088526522257608,0.0,0.0,0.0,0.0,0.0,0.0,0.0,0.0,0.0,0.0038766005781228,0.0,0.0,0.0,0.0,0.0,0.0,0.0,0.0,0.0,0.0,0.0,0.0,0.0,0.0,0.0058731878721875,0.0165612869897691,0.0126516385276874,0.0,0.0,0.0,0.0,0.0,0.0,0.0,0.0,0.0198951065135283,0.0,0.0,0.0,0.0,0.218365325079099,0.0,0.0,0.0054389102134455,0.0,0.0,0.0,0.0,0.0,0.0,0.0,0.0,0.135061176294205,0.0,0.0,0.0180451343435054,0.0,0.118506592396113,0.0,0.0,0.0,0.0,0.0,0.0,0.0,0.0,0.0,0.0,0.0115318700315428,0.0,0.0156457377676268,0.0274628576718314,0.0,0.0,0.0,0.0285449134253601,0.0,0.215543624106481,0.0,0.0114051068414987,0.0,0.0,0.0,0.0,0.0,0.0,0.0,0.0,0.0,0.0036862141288587,0.0052118916980308,0.0,0.0,0.0,0.0,0.277434303944544,0.262649676785431,0.0,0.0,0.0,0.0,0.0,0.0,0.0160246024498264,0.0,0.0,0.0056838738937457,0.0,0.0,0.0,0.0,0.0072296770465434,0.0065619523446291,0.0,0.0076171942263662,0.0124678055345781,0.0,0.105253327313675,0.0,0.0,0.110704731778372,0.0,0.176883746812423,0.0,0.0,0.0,0.0,0.0,0.151657027282598,0.0,0.0,0.0,0.0,0.25647586503532,0.006077022993064,0.0140108523303244,0.0,0.0035806803070842,0.0,0.0,0.0,0.0,0.0,0.0,0.0,0.0,0.0,0.0,0.0,0.0,0.0,0.0,0.0,0.0,0.0,0.0034187701400846,0.0,0.0,0.0,0.0,0.0,0.0,0.0,0.080895859874034,0.108131253587656,0.132768574548907,0.0,0.0,0.0,0.0,0.0,0.0,0.0,0.0,0.0,0.0,0.0,0.0,0.0,0.0,0.0,0.0,0.0,0.0,0.068948112337833,0.0,0.0,0.0,0.0,0.0,0.0,0.0183386540572682,0.0,0.0,0.0,0.0,0.0,0.0,0.0,0.0,0.0,0.0,0.0,0.0,0.0,0.644081174848343,0.543855901589103,0.650249246219892,0.0,0.0,0.0,0.0,0.0,0.0,0.0,0.0,0.0,0.0,0.0,0.0,0.0,0.0,0.0,0.0,0.0,0.0,0.0,0.0,0.0,0.0,0.0047641525136531,0.0,0.0,0.0,0.0,0.0,0.0,0.0,0.0,0.0,0.0,0.0,0.0,0.0,0.0065090599506157,0.0,0.0,0.0,0.0,0.0060875228750739,0.0,0.0,0.0,0.0035173145075656,0.018035699940961,0.0,0.0,0.0,0.0,0.0,0.0,0.043997919975074,0.0,0.0,0.0153037329061647,0.0,0.017934844304179,0.0,0.0,0.0,0.0,0.0043753850317652,0.0,0.0,0.0,0.0,0.0,0.0,0.0,0.0,0.0102214124638623,0.0,0.0,0.0,0.0,0.0,0.0325968496043161,0.0,0.0,0.0,0.0,0.0,0.0,0.0,0.0,0.0,0.0,0.0,0.0,0.0,0.0,0.0,0.0,0.0,0.0908799460420451,0.0864225340876163,0.0,0.0,0.0,0.0,0.0,0.0,0.0,0.0,0.0,0.0,0.0,0.0079497559539144,0.0034445663079355,0.0,0.0,0.0,0.0,0.0,0.0053460805992191,0.0,0.0110827572671357,0.0,0.0,0.0130643941019617,0.0,0.0225554031003588,0.0,0.0,0.0,0.0,0.0,0.0244764064516249,0.0,0.0,0.0,0.0,0.0051128433056044,0.0,0.0,0.0,0.0,0.0,0.0,0.0,0.0,0.0,0.0,0.0,0.0150393400631545
ICe,0.0,0.0070122481605575,0.004910374949507,0.0,0.0,0.0,0.0,0.0,0.0,0.0,0.0,0.0,0.0,0.0,0.0,0.0248381471514445,0.0,1.28664637694296,1.14588515601404,1.0315367059346,0.0,0.0,0.0,0.0,0.0,0.0,0.0,0.0,0.0,0.0,0.0,0.0,0.0,0.0,0.0,0.0,0.0,0.0064584375282499,0.427944799928172,0.0,0.0,0.0,0.0,0.0,0.0058368896918882,0.178440003219773,0.0,0.0,0.0,0.0,0.0,0.0,0.0,0.0,0.0,0.0,0.0,0.0,0.0,2.5917549139134,2.10945367168473,2.91332003455034,0.0205380294085309,0.0,0.0,0.0,0.0,0.0,0.0,0.0,0.0,0.0038467451870101,0.0292612183288192,0.0,0.0,0.0043387377017774,0.0,0.0033249641003392,0.0,0.0,0.0,0.0,0.0,0.0,0.0033362550238526,0.0,0.0,0.0484032423608508,0.145564570944607,0.103206901645919,0.0,0.0,0.0,0.0071614589109178,0.0065966465568247,0.0,0.0,0.0140886958406865,0.077115983187477,0.0,0.0037353869465083,0.0,0.0,0.297627991401206,0.0,0.0,0.0367160524606361,0.0036923322472585,0.0096846349958436,0.0,0.0,0.0,0.0,0.0,0.0,0.189428047723385,0.0,0.0,0.0301949993148424,0.0,0.174806417873684,0.0,0.0,0.0,0.0,0.0033826840011887,0.0,0.0,0.0047746511498975,0.0,0.0,0.106178757493988,0.0,0.131466127928007,0.113878194862075,0.0,0.0,0.0033656074895251,0.0409051377295416,0.0,0.283770698459639,0.0,0.0630794908444032,0.0,0.0,0.0,0.0,0.0,0.0,0.0,0.0,0.0079898283450744,0.0167159563520172,0.0282480319416896,0.0059018653964847,0.0,0.0,0.0,0.498835821865452,0.445946639414102,0.0,0.0,0.0,0.0,0.0054059258080331,0.0052721884619286,0.0214883014908277,0.0,0.0,0.0510307712090874,0.0,0.0049713173430342,0.0050865881829151,0.0,0.0788821756733583,0.0516120781288456,0.0,0.0217241204241624,0.0906275117663107,0.0245699960881606,0.22019153160463,0.0,0.0,0.158696538726854,0.0053531873907156,0.284188813508667,0.0,0.0,0.0,0.0,0.0,0.203317213631611,0.0,0.0,0.0,0.0039614301130401,0.80985002822663,0.0395518426268861,0.0506462095829113,0.0,0.0146267671759997,0.0034976921058728,0.0,0.0,0.0,0.0,0.0,0.0044505486341564,0.0083619870121471,0.0,0.0,0.0,0.0,0.0,0.0,0.0,0.0,0.0,0.0142001672500163,0.0,0.0,0.0,0.0,0.0,0.0039285053254574,0.0,0.0101471909652053,0.013019790883709,0.0164651239538191,0.0,0.0,0.0,0.0,0.0,0.0,0.0,0.0,0.0,0.0,0.0,0.0,0.0,0.0,0.0,0.0,0.0,0.006172772920784,0.0683983010265786,0.0172089424885157,0.0,0.0,0.0,0.0,0.0,0.003497154297587,0.0,0.0,0.0,0.0,0.0,0.0,0.0,0.0,0.0,0.0,0.0,0.0,0.0,0.429638304202684,0.297101617088661,0.443414826658586,0.0,0.0,0.0107479451007717,0.0,0.0,0.0073152580436611,0.0,0.0,0.0,0.0,0.0,0.0,0.0,0.0,0.0,0.0134414074150099,0.0,0.0,0.0,0.0,0.0041670974070983,0.0,0.0251472971430358,0.0115186765575969,0.0,0.0,0.0,0.0,0.0,0.0,0.0,0.0,0.0,0.0,0.0,0.0051196811103119,0.0101865419136646,0.0,0.0,0.0,0.0,0.0080848776852225,0.0,0.0,0.0038080142047411,0.0081161914011626,0.0916862230938202,0.0,0.0,0.0,0.0,0.0,0.0,0.0260194753972045,0.0,0.0098291280146958,0.0493338665807862,0.0,0.0034238791459783,0.0,0.0,0.0,0.0,0.0182274193599417,0.0,0.0,0.0,0.0,0.0,0.0,0.0,0.0,0.016009733719264,0.0,0.0,0.0,0.0,0.0,0.103170000304439,0.0,0.0,0.0,0.0,0.0,0.0,0.0,0.0,0.0,0.0,0.0,0.0,0.0035897214362053,0.0,0.0,0.0,0.0,0.0570514407173842,0.0450262173278309,0.0,0.0,0.0,0.0,0.0,0.0,0.0,0.0,0.0,0.0,0.0102579972325112,0.0449611067688751,0.038006454393819,0.0172605067719599,0.0,0.0,0.0,0.0,0.0074483160584774,0.0,0.0,0.0,0.0,0.0342967883880237,0.0,0.004290721134089,0.0,0.0,0.0,0.0,0.0,0.0759596413186227,0.0,0.0082964114236307,0.0065233136630631,0.0,0.0,0.0,0.0,0.0,0.0,0.0,0.0,0.0,0.0,0.0,0.0,0.0,0.0740994794074091
ILA,0.0223479749416946,0.106577016623039,0.365571852834355,0.0087502815744813,0.0398053581496117,0.0067109405901352,0.021204428765171,0.0388979759335911,0.0241630614479008,0.0,0.405215103696935,0.367155326311578,0.0,0.0354219577998381,0.205311048352438,0.0,0.0,0.0,0.0054665256970721,0.010005867351254,0.0416230847837129,0.243974229953502,0.194142434714907,0.0058330320515891,0.0595667432540752,0.0243091468789903,0.0241413543218108,0.0063054086958706,0.0,0.0202659638683069,0.0467751046219198,0.0,0.113246638407253,0.119769235173623,0.0825237476237612,0.0040443360918275,0.0076696681581857,0.0,0.0,0.0,0.0231283272605607,0.0,0.0,1.02252868789951,0.0,0.0070449981671481,0.166671345327651,0.0916664613968541,0.15173048149827,0.224257265952111,0.0,0.0,0.0711138635502025,0.0059103950723852,0.0349807016910885,0.0476178912314771,0.0,0.0117014085448354,0.0087345940396429,0.0,0.0,0.0,1.73483019825276,0.109190050091329,0.0,0.0,0.0,0.0,0.269644524566213,0.0,0.0,0.0,0.0,0.128825244318561,0.0053719237322038,0.0,0.0162508306893885,0.0,0.0084490030930677,0.0,0.0,0.0200650763231062,0.0,0.157347836803991,0.0,0.0,0.0074079586815325,0.0,0.0,0.0,0.176620989281838,0.0034024667349956,0.0381501449517934,0.0,0.0261342302217041,0.0081386537564763,0.0106247684164654,0.0,0.0,0.0297427862698898,0.0,0.0197743331924732,0.0052877175538412,0.0,0.119366736063567,0.0,0.0,0.0,0.0,0.0483929412900927,0.673619438742993,0.223882250326835,0.0129319433681893,0.215275964726938,0.109013480016015,0.0,0.0188073007450068,0.0,0.0,0.0037311939797477,0.0070651622341314,0.0,0.0,0.0,0.0,0.0,0.0045346321988546,0.12315942718362,0.825750857655901,0.0037642985045174,0.0,0.0,0.127115725091974,0.0,0.0,0.0226259634874436,0.0,0.0,0.0,0.0,0.0,0.473067424474014,0.0185543914541048,0.0034377331121939,0.371054377364361,0.0,0.0062784310361318,0.0,0.0049885126572429,0.463110550985447,0.106022755331476,0.0,0.0,0.0171625383129117,0.0103924196733359,0.0232062344739522,0.0130626487582805,0.0048859961771447,0.0,0.0,0.0078598363783055,0.0219814691464479,0.0,0.0672314779937537,0.0,0.0,0.0,0.0254290682266088,0.0163999621088006,0.0,0.0,0.0,0.0,0.0,0.003491337131504,0.0,0.0,0.0,0.0078767153172474,0.0,0.0074866669838615,0.0,0.0041616346286819,0.0,0.0,0.0081486255677466,0.0743019340279733,0.0,0.016554880146138,0.468158643708963,0.0,0.0,0.0341513529119907,0.0,0.0,0.0322232463339602,0.0050595831656891,0.0448757933368307,0.0048941994409947,0.0,0.0040835269357642,0.0273062807647968,0.0324668143758077,0.0,0.0,0.0,0.0123241409371189,0.0040123429610005,0.0,0.0,0.0146531121820349,0.0250557270145128,0.0,0.0,0.0,0.0048629368520645,0.0054969947568347,0.0052632625473155,0.0,0.0077882183419874,0.0083182697739474,0.0,0.0,0.0103154956903205,0.0,0.0,0.0,0.0,0.0,0.0,0.0195051770646337,0.0195410452440487,0.0,0.005291116327588,0.0,0.0,0.0,0.0,0.0,0.0,0.0,0.0066456575653152,0.0086762522611601,0.0079774547761973,0.0,0.0072077737111698,0.0,0.0,0.0,0.0,0.0,0.0,0.0283072380423771,0.0,0.0,0.0238224468655352,0.0106061238216449,0.009315394708059,0.0177232890360616,0.0,0.0,0.0208991211470232,0.0,0.0,0.0,0.0,0.0,0.0,0.0,0.0,0.0034508452524285,0.106162550246719,0.0053549686284656,0.0,0.0,0.0,0.0,0.0167665536600184,0.0,0.0,0.0,0.0,0.0121008749372327,0.0,0.0,0.0,0.0,0.0037344251817405,0.0,0.0,0.0,0.0,0.0,0.0,0.0,0.0,0.0,0.0,0.0,0.0145306360678043,0.0,0.0,0.0,0.0044089113621519,0.0,0.0,0.0,0.0,0.0085874985070076,0.0,0.0,0.0,0.0,0.007332752559729,0.0,0.0,0.0,0.0,0.0098053946366301,0.184399924638061,0.0604670869466337,0.0,0.020406751348398,0.0080190596987272,0.0,0.0,0.0,0.0,0.0,0.0,0.0,0.0,0.0,0.0,0.0,0.0,0.00462257648579,0.124612535184488,0.0,0.0,0.0,0.0116901940573854,0.0,0.0,0.0,0.0,0.0,0.0,0.0,0.0,0.0136901680803781,0.0,0.0,0.0161644393544713,0.0,0.0,0.0,0.0,0.326986141659955,0.0312844022776069,0.0,0.0,0.0,0.0,0.0,0.0,0.0,0.0,0.0,0.0033631892495813,0.0,0.0,0.028922635139897,0.0,0.0,0.0,0.0069628351868794,0.0050120397935718,0.0,0.0,0.0,0.0,0.0,0.0,0.0,0.0,0.0,0.0,0.0,0.0,0.0,0.0,0.0,0.0,0.0,0.0,0.0,0.0043231898599856,0.0203823092565443,0.0,0.0,0.0,0.0,0.0,0.004276598750126,0.0,0.0,0.0,0.0,0.0,0.0,0.0,0.0,0.0,0.0,0.0,0.0,0.0
IMD,0.0070594258756283,0.0087609945858048,0.0112755418340855,0.0,0.0,0.009347721224093,0.103523272748532,0.0333956325575463,0.122470798991997,0.0,0.0104510365030067,0.0130145217382556,0.0,0.0,0.0,0.0136755123467463,0.0044076081806894,0.0,0.0,0.0,0.0,0.0,0.0,0.017993450763825,0.0,0.0,0.0,0.0098815752170442,0.0,0.0055570361690347,0.0,0.0075234883785399,0.118200441968271,0.0,0.0,0.0,0.0082009100766435,0.0,0.007340884599276,0.0,0.0,0.0064707080991058,0.0,0.004039511364001,0.0067474711999537,0.0,0.0,0.0,0.0,0.0,0.0,0.0,0.0464433685447493,0.0061525579219057,0.0528820225525916,0.0375980771644059,0.0,0.0580902867141729,0.0101811739049955,0.0,0.0,0.0034572990701879,0.0849043598380956,0.129965575606393,0.0,0.0,0.0,0.0,0.0,0.0,0.0,0.0,0.0,0.0453008435949172,0.0309983113339737,0.0,0.0129167704935018,0.0,0.0,0.0,0.0,0.0205487449658528,0.0,0.0721037400992301,0.0,0.0,0.0034122670234002,0.0,0.0037778213968047,0.0,0.0533385843664918,0.0,0.0,0.0144210734224711,0.0166306632382329,0.0089263406431657,0.0093771693655221,0.0154869526803634,0.0195119840622229,0.0,0.0,0.0146774036700111,0.0180967990626667,0.0067668324741601,0.0,0.0,0.016268025339652,0.0232670480380887,0.0,0.0673425831989031,0.0674284569114754,0.069416338373742,0.0035814613068981,0.0,0.0,0.0126324161810511,0.0,0.0,0.0244077604643557,0.0230423927357191,0.0,0.0124083480207075,0.0,0.0049541861790505,0.0,0.0,0.0058127573220575,0.0,0.0973241864419577,0.0051082424011266,0.0,0.0,0.0,0.0,0.0308472388726067,0.0,0.0,0.0114472628073589,0.0,0.0,0.0054297335938112,0.007550249138526,0.0,0.0087276261672333,0.0387181593029461,0.0034786779484927,0.0077208269349975,0.0,0.0065095553042766,0.0176630153094731,0.101013157108277,0.015475818623988,0.0353403560463108,0.0,0.0,0.0,0.0380561605299353,0.0077715288858759,0.0132303409218068,0.0,0.0,0.0181173721409876,0.0,0.0334303070736901,0.0334143127365218,0.0381132066783366,0.0158904406902033,0.110219598039469,0.0744911367053225,0.0,0.0,0.0,0.0,0.0,0.0,0.0,0.0043510300173209,0.0,0.0,0.0,0.0074338929393022,0.01616219844305,0.0045204397786032,0.0086153041567827,0.0,0.0,0.0,0.0073992025293731,0.0091170006059636,0.0,0.0061503749409731,0.0059298566201457,0.0224551792180371,0.0,0.0,0.0363068501095791,0.0,0.0,0.0,0.0,0.0,0.0,0.0214288122404752,0.0051699250243664,0.0083122197409513,0.0,0.0247680000212047,0.0110355720428443,0.0,0.0041327432845055,0.003810522145858,0.0069726813105631,0.0,0.0,0.005045045540959,0.0549764650404991,0.0196753989008907,0.064955057972833,0.0,0.0,0.0041801350979445,0.0,0.0,0.0,0.0063129804311119,0.0,0.0,0.0,0.0,0.0,0.0,0.0,0.0087637865742395,0.0,0.0,0.0,0.0048174792654161,0.0,0.0,0.0,0.0041524734634209,0.020950099809864,0.0,0.0,0.0,0.0038427346425138,0.0,0.0038976529662849,0.0,0.0,0.0034453800371565,0.0,0.0,0.0,0.0,0.0,0.0,0.0,0.0,0.0,0.0,0.0240448595924503,0.0,0.0181359697497517,0.0149993839356936,0.0,0.0300715957602788,0.006506288337671,0.0,0.0,0.0,0.0543856653668323,0.0252320200851023,0.0,0.0,0.0,0.0,0.0,0.0,0.0,0.0,0.0,0.0270373463167476,0.0174439822679057,0.0,0.007250943745905,0.0,0.0,0.0,0.0,0.0061329981011889,0.0,0.0098265642492423,0.0,0.0,0.0,0.0,0.0,0.0,0.0313131692861817,0.0,0.0,0.0070710276784826,0.0080706941465975,0.0049720739982187,0.0052800925056913,0.0050690839062557,0.0098534509676576,0.0,0.0,0.003367482309211,0.0084961393411954,0.0040892233416699,0.0,0.0,0.0069024271750651,0.0077744484438048,0.0,0.0356157644806141,0.0365540820343096,0.0350396915423802,0.0,0.0,0.0,0.0060390150169414,0.0,0.0,0.0131522670505765,0.0114907521962496,0.0,0.0,0.0,0.0,0.0,0.0,0.0,0.0,0.0568966902128673,0.0,0.0,0.0,0.0,0.0,0.0160082666631814,0.0,0.0,0.0076189322197801,0.0,0.0,0.0045611072723709,0.0,0.0,0.0048652190047196,0.0162678568062006,0.0,0.004311011861044,0.0,0.0,0.0109008185230019,0.0160919594090223,0.0080582314268628,0.0173247204641506,0.0,0.0,0.0,0.0165492754566044,0.0040285097642747,0.0064589042353967,0.0,0.0,0.0054020562188503,0.0,0.0091591605580149,0.0143125647377805,0.0162713919341297,0.0116302407068736,0.0383970671366023,0.0293412663122127,0.0,0.0,0.0,0.0,0.0,0.0,0.0,0.0,0.0,0.0,0.0,0.0034871678701056,0.0092241105723065,0.0,0.0055750316211104,0.0,0.0,0.0,0.0052851176786513,0.0059228611206201,0.0,0.0,0.0047836765780423,0.0091665016706872,0.0,0.0,0.022619885388159,0.0,0.0,0.0,0.0,0.0,0.0,0.0089533529315573,0.0,0.0037225152868015,0.0,0.0090873602432802,0.005411128256749,0.0
IO,0.0,0.0099955587445208,0.0,0.0,0.0,0.0,0.0053070404929559,0.0,0.003495950326623,0.0406164565480227,0.0,0.0,0.0,0.0,0.0,0.0078226182233092,0.0,0.0,0.0,0.0,0.0,0.0,0.0,0.0,0.0,0.0,0.0,0.0,0.0,0.0,0.0,0.024780775250752,0.0,0.0,0.0,0.0,0.0048032986005365,0.0,0.0049886115639051,0.0136297779707114,0.0,0.0,0.0,0.0,0.0,0.0,0.0,0.0,0.0,0.0,0.0,0.0,0.0,0.0,0.0,0.0,0.0164003544285106,0.0,0.0,0.0035300978658122,0.0050571375375729,0.0,0.0,0.0,0.0653641036382219,0.0070534355752656,0.0181752477582537,0.0172742286239579,0.0,0.0,0.0,0.0,0.0,0.0,0.0,0.0,0.0,0.0490067850502008,0.0,0.0,0.0,0.0,0.0244166876253781,0.0,0.0230068466728911,0.0365707080555763,0.0,0.0,0.0,0.0,0.0,0.0,0.0,0.0390609333772061,0.0217481895972503,0.0,0.0,0.0,0.0157315576502153,0.0,0.0086197883424703,0.0,0.0064869147938759,0.0,0.0,0.0,0.0039801825886445,0.0033080466702427,0.0524030526624223,0.0073331975768759,0.0,0.0062624298276816,0.0,0.0,0.0,0.0128187580631665,0.0,0.0139274684709336,0.0,0.0046007724672372,0.0,0.0,0.0,0.0,0.017788592755713,0.0526256013180737,0.0,0.0,0.0051635027466751,0.0,0.0,0.0,0.0,0.0,0.0054856945314463,0.0,0.0,0.0089925932967242,0.0037558688445849,0.0250551197058301,0.0,0.0,0.0049685424805784,0.0,0.0,0.0,0.0,0.0,0.0,0.0,0.0,0.0348028621233525,0.0167981769297579,0.0042131502346463,0.0,0.0,0.0,0.0,0.0066763906690078,0.0,0.0,0.0,0.0,0.0054413019841272,0.0116863187656681,0.0056288064008039,0.007082930895188,0.0,0.0,0.0,0.0156144068679698,0.0165440620961045,0.0325627654652957,0.0095074874010195,0.0115390515842769,0.0310266404404596,0.0203101728447362,0.0142482830646183,0.017896385109876,0.0308933965848888,0.0073586266853511,0.0103188398192862,0.0,0.0,0.0037826986274138,0.0,0.0,0.0,0.0,0.0,0.0,0.0,0.0,0.0039400119914882,0.016462859251503,0.0,0.0,0.0037380125945691,0.0,0.0,0.0,0.0,0.0114200043383524,0.0,0.0,0.0,0.0,0.04185145061299,0.0486135967276162,0.0,0.0,0.0,0.0,0.0,0.0,0.0,0.0,0.0,0.0248825988021139,0.0,0.0,0.0,0.0,0.0,0.0043174839454213,0.0,0.0,0.0,0.0,0.0,0.0,0.0,0.0,0.0,0.0,0.0,0.0,0.010783213227592,0.0,0.0,0.0,0.0,0.0,0.0,0.0,0.0,0.0099349436419245,0.0,0.0226517359040284,0.0,0.0,0.0298467261611595,0.0,0.0,0.0,0.0,0.0,0.0,0.0,0.0,0.0247314633226431,0.0,0.0,0.0,0.0,0.0079580784743613,0.0,0.0,0.0,0.0,0.0,0.0,0.0,0.0239509528391726,0.0666145499650507,0.0,0.0188023271982871,0.0,0.0091168595547356,0.0,0.0,0.0,0.0,0.0,0.0,0.0,0.0334880428783714,0.0,0.0,0.0,0.0,0.009118957586018,0.0,0.0697682241898725,0.0432286572057618,0.0,0.0,0.0,0.0,0.0,0.0,0.0,0.0,0.0,0.0,0.0,0.0,0.0,0.0,0.0087830332588102,0.0,0.0,0.0,0.0,0.0286948484248488,0.0116448397812333,0.0,0.100074715182968,0.0,0.0,0.0,0.0,0.0,0.0,0.0,0.0,0.0164164771083709,0.0,0.0,0.0,0.0,0.0,0.0,0.0233970228365261,0.0213796997151675,0.0,0.0,0.0,0.0,0.0,0.0,0.0,0.0,0.0,0.0,0.0063578131889173,0.0053765474035025,0.0,0.0339208810563646,0.0035089693666563,0.0,0.0,0.0,0.0,0.0,0.0,0.0,0.0,0.0,0.0,0.0,0.0,0.0,0.0,0.0,0.0,0.0,0.0109406025245042,0.0036916987242893,0.0,0.0,0.0034216799191436,0.0,0.0,0.0,0.0038601855160398,0.0,0.0,0.0,0.0162408415811643,0.0406478676836827,0.042514398485909,0.0136026263364749,0.0,0.0,0.0,0.0,0.0,0.0,0.0,0.0,0.0,0.0,0.007954759177113,0.0,0.0,0.0,0.0,0.0,0.0,0.0,0.0,0.0074747589934254,0.0060782314012372,0.0,0.0,0.0,0.0,0.0,0.0,0.0,0.0,0.0,0.0,0.0,0.0,0.0,0.0903201893507129
IP,0.0,0.0,0.0,0.0,0.0,0.0,0.0,0.0,0.0,0.018134016083248,0.0,0.0,0.0661472366449295,0.0,0.0,0.0,0.0,0.0,0.0,0.0,0.0,0.0,0.0,0.0,0.0,0.0,0.0,0.0,0.14217150020967,0.0,0.0,0.0,0.0,0.0,0.0,0.0,0.0102486947865041,0.146564234497919,0.0,0.0348304377463428,0.0,0.0,0.7390244674354,0.0,0.0,0.0,0.0,0.0,0.0,0.0,0.0543365117209796,0.11431928845179,0.0,0.0,0.0,0.0,0.0049886203621702,0.0,0.0,0.0,0.0,0.0,0.0,0.0,0.006575366313535,1.19562455708831,0.0,0.0093352441608045,0.0,0.0284880726709523,0.0,0.0,0.0,0.0,0.0,0.0,0.0,0.0164242714975543,0.0,0.0,0.0,0.0,0.0,0.0,0.0104263584050204,0.0060105578482611,0.0,0.0,0.0,0.0,0.0,0.0,0.0,0.0,0.0,0.0,0.0,0.0,0.0,0.0,0.0199002985558663,0.0,0.0,0.0384983924997428,0.0,0.200626344996191,0.0,0.0,0.011094905759562,0.0,0.0,0.0,0.0,0.0,0.0,0.0,0.0,0.0209119956824065,0.0213229838196049,0.0,0.0,0.0,0.0638071105983061,0.113796282142337,0.0187847350216493,0.0084580022204577,0.0,0.0,0.0,0.0,0.0,0.0,0.0,0.0,0.0,0.0,0.142238458522087,0.0122178759296368,0.0188098904861876,0.0225678602455349,0.0629833163767942,0.0,0.0,0.0,0.0,0.0,0.0,0.0,0.0,0.0,0.0,0.0,0.0,0.0,0.0,0.0,0.0,0.0,0.0,0.0,0.0,0.0,0.130079770658465,0.0,0.0050607067336623,0.0060628193728366,0.0454676507127094,0.0,0.0,0.0,0.0221586494972981,0.0155740316495967,0.0361177643072145,0.0262857251453854,0.0,0.0,0.0,0.0,0.0,0.0,0.0,0.0,0.0,0.0293688404958078,0.026146820580178,0.0,0.0,0.0961541414731908,0.0,0.0,0.0,0.0509069778233577,0.0,0.0202748881034069,0.0,0.0,0.0,0.0,0.0,0.0,0.0,0.0,0.0,0.0,0.0,0.0,0.0,0.0,0.0039987893282745,0.0,0.0,0.0,0.0,0.0,0.0,0.0,0.0,0.0,0.0055371409591747,0.0,0.0,0.0,0.0,0.0,0.0,0.0,0.0,0.0,0.0,0.0,0.0,0.0,0.0,0.0,0.0,0.0,0.0,0.0076454521262013,0.0,0.0,0.0041722672540121,0.0,0.0,0.0,0.0,0.0096637822367909,0.0088162602379035,0.0,0.0,0.0,0.0,0.0036756892241192,0.0,0.0,0.0,0.0,0.0,0.0,0.0,0.0,0.0790102982205828,0.0,0.0,0.0,0.0,0.0,0.0,0.0,0.0,0.0,0.0,0.0,0.0,0.0044701518761154,0.0051788264367661,0.0,0.0033472210731672,0.0,0.0051247690638239,0.0,0.0,0.0,0.0,0.0,0.0,0.0,0.0056828901479863,0.0,0.0,0.0,0.0,0.0,0.0,0.0035565678150931,0.0036320800538494,0.0,0.0,0.0,0.0,0.0,0.0,0.0,0.0,0.0,0.0,0.0,0.0,0.0,0.0,0.0157095896732084,0.0,0.0,0.0164392936858159,0.0,0.084145830199644,0.0,0.0,0.0055328508984237,0.0,0.0,0.0,0.0,0.0,0.0,0.0,0.0,0.0041900514784868,0.0,0.0,0.0,0.0,0.0,0.107805175641011,0.0184672158628602,0.0045926435162828,0.0,0.0,0.0,0.0,0.0,0.0,0.0,0.0,0.0,0.0,0.0,0.0112828224154717,0.0158553178486714,0.0228044393714244,0.0078301908048949,0.0,0.0,0.0,0.0,0.0,0.0,0.0,0.0,0.0,0.0,0.0081577413570929,0.0047553500281473,0.0,0.0,0.0,0.0,0.0,0.0,0.0,0.0,0.0,0.0,0.0,0.0037232931271908,0.0,0.0417108477446088,0.0,0.0,0.0,0.0072402618565413,0.0,0.0,0.003715004296116,0.0,0.0,0.0,0.0,0.0,0.0,0.0,0.0,0.0,0.0034063581062083,0.0057074671617396,0.0,0.0,0.0907312333076146,0.0,0.0,0.0,0.0062442368045322,0.0,0.0036066064292333,0.0,0.0,0.0,0.0,0.0,0.0,0.0,0.0,0.0,0.0,0.0,0.0,0.0,0.0088541701176148,0.0041034215249976
IPN,0.0,0.0463149992797917,0.0629192252540238,0.0,0.0,0.0103848746911853,0.0075024153089174,0.0,0.0055677932266967,0.0,0.0,0.0,0.0,0.0,0.0,0.0,0.0,0.0,0.0,0.0,0.0,0.0,0.0,0.003558716545646,0.0,0.0,0.0,0.0,0.0,0.0094004770014108,0.0,0.156606802745136,0.0,0.0,0.0,0.0,0.170019992669182,0.0,0.0,0.0,0.0,0.0062768410330744,0.0,0.0049453004925925,0.03236825194267,0.0039263000920941,0.0,0.0,0.0,0.0,0.0,0.0,0.0161541371497258,0.0,0.0,0.0,0.0,0.0,0.0,0.0,0.0,0.0,0.101078562260185,0.0115131642821121,0.0,0.0,0.641081359708987,0.0,0.0,0.0,0.0,0.0,0.0,0.13412623392682,0.0088676637203662,0.0,0.013989983073001,0.0,0.0,0.0,0.0,0.0,0.0,0.0189524455847586,0.0,0.0,0.0,0.0,0.0,0.0,0.148137723720718,0.0059323458101036,0.0,0.0038231171265568,0.0151617389105868,0.0100285283576241,0.0112486524740475,0.0042890530406093,0.0152208164778084,0.0429291584237937,0.0042096415318523,0.0055084012205686,0.113979385801856,0.0181485261305621,0.0,0.0,0.0,0.0093648599753492,0.0,0.0503256110665153,0.0489071198145046,0.0664114853633103,0.0,0.0,0.0,0.0155787306896489,0.0045297510209036,0.0,0.015561410186411,0.0874418403441802,0.0039217228163729,0.0045025788207208,0.0,0.021368256917025,0.0,0.0,0.0035785133631056,0.0,0.044878476029565,0.0064798649084197,0.0,0.0,0.0035781065969649,0.0,0.0076721856933069,0.0,0.0,0.016262308451982,0.0284139949511729,0.0,0.0381165965947706,0.0,0.0,0.0082828622015627,0.0578292573303819,0.0068452757639907,0.0083383700858896,0.0,0.0076926131422658,0.0,0.0,0.0325323305924992,0.0204645162702051,0.0048104807566223,0.0082772525217096,0.0161741840230736,0.0,0.0078668047252226,0.0,0.0,0.0,0.0,0.0,0.0,0.0256983908989692,0.0192611889527872,0.0123256005786055,0.0117741634645224,0.0,0.0,0.0,0.0,0.0,0.0,0.0,0.0,0.0,0.0,0.0,0.0,0.0,0.0037818519447788,0.0040658207025404,0.0230936512464564,0.0,0.0,0.0,0.0284516612129163,0.0226430150552607,0.0,0.0065585044959583,0.0335278635374314,0.0,0.0,0.0,0.0,0.0,0.0053536987090097,0.0,0.0,0.0,0.0052278617768461,0.0,0.004710963217857,0.0,0.0,0.0,0.146364350237705,0.0,0.0,0.0,0.0060271248628014,0.0,0.0,0.0,0.0,0.0,0.0,0.0,0.0,0.0,0.0,0.0,0.0,0.0,0.0,0.0,0.0,0.0,0.0,0.0,0.0,0.0,0.0,0.0,0.0,0.0,0.0,0.006227058174421,0.0,0.0531929403678278,0.0,0.0,0.0,0.0,0.113870692698669,0.0,0.0,0.0,0.0,0.0,0.0,0.0,0.0170696248697947,0.0,0.0,0.0,0.0,0.0,0.0,0.0,0.0,0.0,0.0,0.0,0.0,0.0,0.0,0.0,0.0,0.0,0.0199736831579834,0.0091756423030231,0.0,0.0,0.130709932181731,0.0,0.0,0.0,0.0,0.0,0.0,0.105292539557569,0.0,0.0,0.0036946226408347,0.0,0.0,0.0,0.0,0.0,0.0,0.0136931528280385,0.0,0.0,0.0,0.0,0.0,0.0,0.117256554001034,0.0,0.0,0.0,0.0,0.0,0.0,0.0,0.006484067977829,0.036263052388319,0.0,0.0041137163477378,0.0753050905652489,0.0087211611361837,0.0,0.0,0.0,0.0,0.0,0.0,0.0066576245791594,0.0055694069041008,0.0,0.0,0.0,0.0075384041656016,0.0,0.0,0.0081375160220599,0.0576006398894643,0.0,0.0032904383924967,0.0,0.0087735403593605,0.0,0.0,0.0,0.0,0.0079857057367347,0.0,0.0,0.0,0.0,0.0,0.0,0.0,0.0,0.008415171055442,0.0175697390843472,0.0,0.0190882650603401,0.0,0.0,0.0,0.0473219164308224,0.0,0.0,0.0,0.0,0.0,0.0,0.0113308643406596,0.0048374422634842,0.0,0.0,0.0,0.0,0.0,0.0,0.0,0.0,0.0,0.0,0.0,0.0050986360909844,0.0039251769503773,0.0041974535261832,0.0097726346931498,0.0,0.0,0.0,0.0,0.0,0.0,0.0,0.0,0.0,0.0,0.0,0.0,0.0,0.0,0.0,0.0124518332289802,0.0,0.0,0.0,0.0133043795964284,0.018425939458987,0.0,0.0,0.0174017205377614,0.0,0.0,0.0,0.0,0.0,0.0,0.0,0.0,0.0,0.0,0.0,0.0,0.0,0.0,0.0,0.0286942174465573,0.0
IRN,0.0230453871473321,0.0079119173968239,0.0,0.0,0.0,0.004737372548633,0.0271128694372795,0.0096302348837413,0.0100199022798279,0.857863276971274,0.0,0.0,0.0,0.0,0.0,0.0312320527928322,0.0,0.0,0.0,0.0,0.0,0.0,0.0,0.0153811403753989,0.0,0.0,0.0,0.0387300384101254,0.0112840900619104,0.0,0.0,0.0327454672271416,0.0,0.0,0.0,0.0,0.0189882487268434,0.0117926190161393,0.0194150438642111,0.647215131116975,0.0,0.0,0.0522527464540249,0.0,0.0157822367359172,0.0,0.0,0.0,0.0,0.0,0.0,0.0684464543994037,0.0102420295878305,0.0093442086727895,0.0176042542071564,0.018857553937928,1.0119988268989,0.0129216276138246,0.0461297453658121,0.0082717295036696,0.0069625309192156,0.0062357123780636,0.0,0.0,0.622625342448891,0.060867498033881,0.005949609491965,1.17672767513893,0.0,0.44435010370433,0.0,0.0,0.0,0.0,0.0127078646835476,0.0,0.0091023247735181,0.760517041010157,0.0,0.0,0.0,0.0050395371653508,0.785899605853346,0.0,1.09645296879043,0.775915867756046,0.0138235508471227,0.0,0.0,0.0,0.0,0.0,0.0,0.0846975247503244,0.0586497191971117,0.0069320284581207,0.0077647935248641,0.0063199993838374,0.0559419410089373,0.0,0.292968726140135,0.0,0.0068834806921855,0.236475369293627,0.0,0.0789795631496299,0.0196547809002849,0.0229763983674923,1.14160619804211,0.0312842736586397,0.0,0.0154109002633937,0.0,0.0,0.0,0.0478406541730048,0.0,1.14303625993948,0.164838778057709,0.014841452180643,0.0,0.0,0.0,0.0077502659979199,0.530920658244712,0.757609827152531,0.0,0.0,0.0081415583707079,0.0,0.0,0.0,0.0,0.0,0.0447582472723779,0.0,0.0064435703911328,0.131097265660279,0.0641315183412529,0.214287273045624,0.367913501585854,0.0,0.0,0.003484055924105,0.0,0.0,0.0059451038609658,0.0,0.0,0.0,0.0,0.0638213030992871,0.0698464481994115,0.0,0.0,0.0,0.0032902723616557,0.0042850468456248,0.0289607690554312,0.0,0.0,0.0055558458646219,0.0,0.0,0.0918339030573869,0.106171787765594,0.112213227154811,0.0,0.0,0.0,0.469977446833841,1.0344451596189,0.82408654400931,1.10717120435001,0.0051512544588317,0.0,0.0214603908059391,0.0033333328075386,0.0,0.0053057809161635,0.0138850278984337,0.0489578679608961,0.0,0.224322949409452,0.308653296586447,0.0,0.0,0.0172981303119321,0.0066306611475849,0.0,0.0,0.307413732663454,0.0,1.05661514946822,1.13365517444038,0.0100216419828305,0.0,0.0,0.0,0.0,0.0,0.0,0.0067270417820346,0.0,0.0,0.0,0.0,0.0346243296855376,0.698388837680001,0.0,0.0187381166494741,0.0,0.0,0.0,0.0,0.0602893808568234,0.0209930548898708,0.0362674324799077,0.392436781712787,0.0,0.0,0.0,0.0,0.0,0.051971163222271,0.0,0.0,0.0,0.0,0.0,0.0,0.0,0.0,0.0,0.0,0.0,0.0,0.0451649424593584,0.0,0.0,0.0851152202712321,0.0,0.0,0.0,0.0,0.0129594045090285,0.0531014642955558,0.0146118370199836,0.35284409677978,0.0,0.0,0.0206311599406228,0.0,0.0198234217890348,0.0,0.0,0.0,0.0,0.0,0.0,0.538871060269207,0.0208804561070906,0.0,0.0,0.0,0.487352191517558,0.0415435050033128,0.0,0.0048511660549249,0.0044438549099145,0.0111782933763091,0.0,0.0,0.334878392480938,0.0346430886145548,0.0232268644617842,0.611960348670684,0.0,0.298377392993142,0.0,0.0,0.0,0.0,0.0,0.0,0.0,0.349271766334735,0.0,0.0,0.0,0.0,0.372292514832012,0.0,0.437980403345777,0.365013316099949,0.0,0.0,0.0,0.0,0.0,0.0,0.0,0.256115050522496,0.127629801722867,0.0,0.0,0.0,0.0726139158472705,0.0,0.235466901699814,0.0,0.0075740510631145,0.0454792398829412,0.0,0.379831871868208,0.0611459375382683,0.0223996794666901,0.578109208454512,0.0558790163460465,0.0040996679629308,0.0279774462759102,0.0,0.0,0.0,0.0397221259141218,0.0,0.609136895639476,0.0558060443557592,0.0041522414821877,0.0,0.0,0.0,0.0071586609330603,0.372679999165454,0.342623463367888,0.0,0.0,0.0103239742829569,0.0,0.0,0.0,0.0,0.0,0.0327512213763486,0.0,0.0071509579267543,0.0910449531359553,0.0313779207618974,0.21152049649173,0.105752902956285,0.0,0.0,0.0,0.0,0.0,0.0,0.0074189002310222,0.0,0.0,0.0,0.108754414237976,0.053935446357546,0.0,0.0,0.0,0.0,0.0,0.0569328227935408,0.0095927657794875,0.0,0.0,0.0,0.0,0.0242363260396293,0.0152786937049486,0.0785834886680644,0.0,0.0,0.0,0.282631808475594,0.268637280421718,0.323815426900194,0.544130010428888,0.0438289368337141,0.0088542297643854,0.108409037142565,0.0469814537927177,0.0051762549958634,0.0280807370050233,0.0661746678503905,0.0045850226474771,0.0,0.0769460758326131,0.227353850459434,0.0,0.0,0.0157313989294246,0.0,0.0,0.0,0.100922144852245,0.0,0.542875687555549,0.468767811207722,0.0231638415846304,0.0,0.0,0.0,0.0,0.0,0.0,0.0,0.0,0.0,0.0,0.0,0.0660259292444176,0.33246195527116
LA,0.368685377235816,0.0,0.0,0.0050904247875004,0.0138029338841696,0.0106384334247261,0.0178767625795825,0.0901958924373361,0.0221362802774719,0.0,0.0612501800641052,0.0590793836323289,0.0,0.0,0.0167163716916668,0.0,0.0245897103485361,0.0308627700316425,0.139421351234371,0.295680509468275,0.0077143946262987,0.301985376092051,0.282382674285713,0.0108711871271725,0.0851513059868368,0.0283967644124543,0.0225443529280787,0.279059744113266,0.0,0.0,0.0919587842274958,0.0,0.0327198488454564,0.31237878200298,0.211953846415345,0.0458717319065199,0.0,0.0,0.0,0.0,0.0206219111338134,0.0123977087257333,0.0,0.0437482881570594,0.0,0.28371823928405,0.392269334110854,0.231015916229872,0.173871184770039,0.276793819524158,0.0,0.0,0.0092605432520192,0.0186382306527904,0.103686939433079,0.0910647362409787,0.0,0.0117095912163136,0.13175868271542,0.0,0.0,0.0,0.0095811750644284,0.0178457473967238,0.0,0.0,0.0,0.0,0.267875123384494,0.0,0.0280681252632849,0.0705722609990344,0.368775312840154,0.0255027886544319,0.0101264264557764,0.059624800430851,0.0,0.0,0.0,0.0,0.0,0.0274088164139513,0.0,0.0176057341910496,0.0,0.0,0.146229459188202,0.678526415772326,0.449862332688241,0.775504333686536,0.0304362644402483,0.0,0.0037320184181103,0.0,0.0,0.0,0.0,0.0,0.0,0.0053674065364352,0.0,0.0116609280990957,0.0,0.0,0.315144874652475,0.0,0.0,0.0,0.0,0.0071115872505261,0.0203014096617262,0.0096510872334727,0.082365813446638,0.366059348882291,0.277943175929182,0.0,0.0475867596259077,0.0,0.0,0.0,0.282137177093497,0.0,0.0,0.0,0.0,0.0,0.0,0.191569154513955,0.0086457524708265,0.0,0.0054657707348294,0.344312465178614,0.0209032392020457,0.723449521157916,0.0,0.0368084791691872,0.0,0.0,0.0,0.0,0.0,0.144030979555466,0.0,0.0071309425902961,0.104049930375993,0.007876557921617,0.0,0.0,0.0203029246251532,0.0872820879402535,0.0316349412855742,0.0,0.0,0.0,0.0,0.0,0.0125306815199433,0.0112424533661979,0.0,0.0,0.0,0.0266088490092815,0.0,0.0125210342920917,0.0,0.0,0.0,0.0114336991781426,0.0072489999029051,0.0878557857394538,0.0,0.0,0.0,0.0,0.0,0.0,0.0,0.0,0.0,0.0,0.0185212662622629,0.0035969978292438,0.0,0.0,0.0,0.277878753054612,0.192831183363922,0.0,0.0033206658423371,0.0284880643325881,0.0217358086038616,0.0,0.0056597375464834,0.0,0.0,0.143486528380477,0.0135620187353665,0.0,0.083156644437498,0.0047274948463134,0.0944375616058955,0.0,0.0033069785320174,0.0240887057021302,0.0072687054342448,0.0,0.0,0.0,0.0,0.0,0.0,0.0,0.0,0.0,0.0,0.0038753396499175,0.0133178145650167,0.0049371823222013,0.0,0.0045364768779063,0.0048228314893946,0.0,0.0,0.0,0.0,0.0047506743916321,0.0,0.0,0.0,0.0,0.0150342060892,0.0132849517759583,0.0,0.0040832500482781,0.0,0.0,0.0,0.0,0.0,0.0076348480229261,0.0,0.0114107843953581,0.0,0.0,0.0,0.0036552932395386,0.0,0.0,0.0,0.0,0.0,0.0,0.0,0.0,0.0071096676015763,0.0170027074126902,0.0,0.0113976999297201,0.014060546379522,0.0,0.0,0.0046060403621178,0.0,0.0049718719931301,0.0164320903819313,0.0,0.0,0.0,0.0,0.0,0.0,0.0,0.0055044025744014,0.0,0.0,0.0,0.0,0.0166349736227665,0.0,0.0,0.0,0.0,0.0053164664155658,0.0,0.0,0.0,0.0,0.0,0.0,0.0,0.0060412266947942,0.0,0.0,0.0,0.0,0.0,0.0,0.0,0.0,0.0061938183285303,0.0,0.0,0.0,0.0,0.0,0.0,0.0,0.0,0.0,0.0,0.0,0.0,0.0,0.0,0.0,0.0,0.0,0.0,0.0,0.0123239279786468,0.004717186330194,0.0,0.0117271402724197,0.0,0.0,0.0,0.0,0.0,0.0,0.007135411861604,0.0,0.0,0.0,0.0,0.0,0.0,0.0,0.0037288820859509,0.0,0.0,0.0,0.0,0.0,0.0,0.0,0.0,0.0,0.0,0.0,0.0,0.0056019717622401,0.0,0.0,0.0057800864338097,0.0,0.0,0.0,0.0038036995297529,0.0459865530977889,0.0146935959256115,0.0,0.0,0.0,0.0,0.0,0.0,0.0,0.0,0.0,0.0,0.0057888540991332,0.0,0.0060143763618603,0.0,0.0,0.0,0.0044435239238334,0.0,0.0,0.0,0.0,0.0,0.0,0.0,0.0,0.0,0.0,0.0,0.0,0.0,0.0,0.0,0.0,0.0,0.0058478498763348,0.0,0.0,0.0,0.0,0.0038104652891929,0.0,0.0,0.0,0.0,0.0109112182937882,0.0,0.0,0.0077638653889454,0.0,0.0099830292394075,0.0,0.0,0.0048837650949698,0.0,0.0,0.0,0.0,0.0
LAV,0.0,0.0,0.0,0.0,0.0,0.0,0.0,0.0,0.0,0.0037567666603467,0.0,0.0,0.0,0.0,0.0,0.0,0.0,0.0,0.0,0.0,0.0,0.0,0.0,0.0,0.0,0.0,0.0,0.0,0.0098998224794036,0.0,0.0,0.0,0.0,0.0,0.0,0.0,0.0,0.0108653224566801,0.0,0.901538426282091,0.0,0.0,0.0,0.0,0.0,0.0,0.0,0.0,0.0,0.0,0.0,0.088696786350537,0.0,0.0,0.0,0.0,0.0079772705979404,0.0,0.0,0.0,0.0,0.0,0.0,0.0,0.0044683856924984,0.0079700965475483,0.0,0.0117506242957107,0.0,1.02739377950455,0.0,0.0,0.0,0.0,0.0,0.0,0.0,0.0,0.0,0.0,0.0,0.0,0.0048874401854538,0.0,0.0,0.0,0.0,0.0,0.0,0.0,0.0,0.0,0.0,0.0,0.0,0.0,0.0,0.0,0.0,0.0,0.244929561389896,0.0,0.0,0.0036356031053097,0.0,0.0955480436110992,0.0,0.0,0.0586752157783026,0.0,0.0,0.0,0.0,0.0,0.0,0.0,0.0,0.0285460936673973,0.0413876729525783,0.0,0.0,0.0,0.0,0.0,0.0608519088712586,0.0047918198351139,0.0,0.0,0.0,0.0,0.0,0.0,0.0,0.0,0.0,0.0,0.0,0.0089268377057739,0.0,0.0700579791381026,0.090856085796886,0.0,0.0,0.0,0.0,0.0,0.0,0.0,0.0,0.0,0.0,0.0,0.0,0.0,0.0,0.0,0.0,0.0,0.0,0.0,0.0,0.0,0.0,0.0,0.0,0.0,0.0057915412394951,0.0,0.0,0.0,0.48994156635911,0.0,0.0093597569349466,0.0488618727910783,0.0,0.0,0.0,0.0,0.0,0.0,0.0,0.0,0.0,0.0273805135492787,0.934241724376934,0.0,0.0,0.0,0.0,0.0,0.0,0.0663843702375584,0.0,0.110628933863727,0.005578668548131,0.0,0.0,0.0,0.0,0.0,0.0,0.0,0.0,0.0,0.0,0.0,0.0,0.0,0.0078259956320338,0.0,0.0,0.0,0.0,0.0,0.0,0.0,0.0,0.0,0.0042403199632282,0.0,0.0,0.0,0.0,0.0,0.0,0.0,0.0,0.0,0.0,0.0,0.0,0.0,0.0,0.0,0.0,0.0,0.0,0.0173798973031466,0.0,0.0,0.0,0.0,0.0,0.0,0.0,0.0,0.020272596251219,0.0,0.0150165997004724,0.0,0.0,0.0,0.0,0.0,0.0,0.0,0.0,0.0,0.0,0.0,0.183614390689944,0.0,0.0,0.0,0.0,0.0089830330307406,0.0,0.0,0.0,0.0,0.0,0.0,0.0,0.0065010465203252,0.0067433854526305,0.0,0.0077346853874871,0.0,0.0319076766257749,0.0,0.0,0.0,0.0,0.0,0.0,0.0,0.0037287808054585,0.0,0.0,0.0,0.0,0.0054796032545081,0.0,0.0,0.0,0.0,0.0,0.0,0.0,0.0,0.0,0.0,0.0,0.0,0.0,0.0,0.0,0.0,0.0,0.069862019626893,0.0,0.0,0.0103287011507151,0.0,0.189556793955558,0.0,0.0,0.0165389613997562,0.0,0.0,0.0,0.0,0.0,0.0,0.0,0.0,0.0072815736355145,0.0189396887547434,0.0,0.0,0.0,0.0,0.0,0.0659954518784549,0.0058426105952091,0.0,0.0,0.0,0.0,0.0,0.0,0.0,0.0,0.0,0.0,0.0,0.011531486553347,0.0,0.0808222727694685,0.0496910650704136,0.0,0.0,0.0,0.0,0.0,0.0,0.0,0.0,0.0,0.0,0.0,0.0,0.0,0.0,0.0,0.0,0.0,0.0,0.0,0.0,0.0,0.0,0.0,0.0,0.0,0.0079520778792687,0.0,0.0,0.0,0.041848785499132,0.0,0.0,0.0077227635449198,0.0,0.0,0.0,0.0,0.0,0.0,0.0,0.0,0.0,0.0173881711028917,0.0372842201723787,0.0,0.0,0.0,0.0,0.0,0.0,0.0370337186260739,0.0,0.0125489890422684,0.0108675064234474,0.0,0.0,0.0,0.0,0.0,0.0,0.0,0.0,0.0,0.0,0.0,0.0,0.0,0.0088437197476156
LD,0.0,0.47420415679704,0.438567048792421,0.0,0.416538721538913,0.0046452287060899,0.0,0.0,0.0,0.0,0.0276489611048709,0.0377907092578154,0.0,0.0,0.0,0.101957865103731,0.0037168885529647,0.0541889098196329,0.0185513625109857,0.008923979659123,0.337637192768343,0.0,0.0,0.0,0.0317806342367737,0.0273121092606635,0.0382520792538854,0.0,0.0,0.35320036613134,0.0,0.0052562671390358,0.0,0.0,0.0,0.0,0.0,0.0,0.0062476324069965,0.0,0.0381812373200401,0.0041138540211394,0.0,0.0,0.0,0.0257443377941187,0.023257711487442,0.0543605096955217,0.0,0.0,0.0,0.0,0.0,0.0,0.0,0.0,0.0,0.0,0.0,0.0056084099593014,0.0055598416974205,0.0036408939815467,0.128153070808996,0.0,0.0,0.0,0.0046896717688754,0.0,0.0,0.0,1.6883775448085,0.0696540360031327,0.0512855078841448,0.0578901128262141,0.0138403952714285,0.34977738726174,0.0,0.0,0.0,0.0,0.0,0.0,0.0,0.0236866003002932,0.0,0.0,0.0,0.0056181537749436,0.0,0.0,0.0039523760504328,0.0,0.0,0.0180672943946584,0.153160124957398,0.0,0.0,0.528778967982348,0.0133377947835177,0.0,0.0,0.0,0.0063197458677895,0.0,0.0,0.0,0.36264952133823,0.293335785650545,0.0,0.0098641211402795,0.0197988708950785,0.0181443693538953,0.0,0.0,0.0,0.0375229762392225,0.0631422892251293,0.0,0.0,0.0049848795545311,0.026471472857104,0.0156167589249141,0.0,0.0,0.0,0.0,0.0,0.0,0.0490911261425057,0.0,0.170347882185627,0.0173803613488409,0.025667072632192,0.0,0.0038074397593764,0.0674692420919032,0.0,0.0,0.0,0.0,0.0,0.0074195555928749,0.673111793650756,0.0037588152072674,0.003679085478819,0.0,0.0,0.0,0.0049786200291919,0.0036923666963507,0.0,0.0209614280707847,0.0145682958352367,1.04088973644447,1.22017249769852,1.37859047374703,0.234043776885414,0.0,0.0516178955448704,0.0373447913107465,0.0,0.0,0.0,0.0,0.012255160314648,0.0052127399527052,0.0,0.0,0.0,0.0,0.0,0.0,0.0,0.0,0.0868739773039451,0.0711156255549839,0.0,0.0,0.23934163218701,0.0339373925834581,0.00586317505516,0.0378544574528586,0.0,0.0,0.0,0.0831987685503138,0.0,0.0,0.0042761673471962,0.0,0.0062620864760715,0.0,0.109916450803468,0.0,0.0,0.0,0.546909734383031,1.77270119636424,0.475451606685379,0.31616497174629,0.311779626340455,2.10693399252734,0.0047744029286019,0.005197250120085,0.216958090102847,0.0633926265603918,0.0,0.0226102315284372,0.0,0.0,0.0071325947162468,0.0110639820885525,0.0,0.0,0.0,0.0,0.0,0.0,0.0,0.0,0.0,0.0,0.0,0.0,0.0390890853510216,0.0,0.0,0.0,0.0,0.0,0.0,0.0,0.0,0.0099101519876671,0.0245848993865689,0.0252915069611186,0.0,0.0,0.0,0.0,0.0,0.0,0.0,0.0,0.0,0.0,0.0,0.0,0.0061077825788708,0.0105375658693111,0.0,0.159258679046003,0.0,0.0,0.0,0.0,0.0,0.0,0.0,0.0,0.0,0.0,0.0,0.0,0.0,0.0,0.0,0.0,0.0,0.0,0.0,0.0303039822699474,0.0,0.0,0.108904155965476,0.0,0.0,0.0,0.0076762882474434,0.0,0.0,0.0,0.0,0.0,0.0,0.0,0.0,0.0,0.0,0.0,0.0,0.0,0.0,0.0,0.0,0.0,0.0,0.0,0.0,0.0,0.0,0.0,0.0,0.0,0.0,0.0,0.20109686581674,0.0,0.0,0.0088212414950275,0.0,0.0,0.0036063204648178,0.0,0.0147848130502615,0.116058886714455,0.208072861509926,0.0049153232997046,0.0,0.0,0.0,0.0,0.0,0.0,0.0223947161920221,0.0,0.0,0.0,0.0,0.0,0.0,0.0,0.0,0.0061630102194833,0.0,0.0,0.0,0.0052994354975542,0.0,0.0,0.0,0.0,0.0,0.0,0.0059473698343676,0.0116455934545826,0.0,0.0,0.006394998107325,0.0042009278865069,0.0,0.0,0.0,0.0,0.0,0.0,0.0,0.0,0.0,0.0,0.0,0.0,0.0,0.0,0.0,0.0,0.0,0.0123239491968653,0.0042592181657585,0.0,0.0,0.0,0.0,0.0,0.0,0.0,0.0,0.0,0.0,0.0045538920580045,0.0,0.0,0.0,0.0,0.0,0.0,0.0,0.0,0.0,0.0,0.0070714607854126,0.0,0.0,0.0072506072458786,0.0,0.0,0.0,0.0,0.0,0.0,0.0,0.0,0.0,0.0,0.0,0.0,0.0,0.0,0.0,0.0,0.0,0.0,0.0,0.0,0.0,0.0,0.0,0.0039476470554111
LGd,0.0,0.003908733053138,0.0083780957032601,0.0,0.0,0.0,0.0,0.0,0.0,0.0,0.0,0.0,0.0,0.0,0.0,0.0123776895512131,0.0053834928929869,0.0534272704052308,0.0559864365213527,0.0299273668121062,0.004976301408836,0.0,0.0,0.0,0.0061549983560575,0.0101754016769687,0.0128863911001772,0.0,0.0,0.0,0.0,0.0,0.0,0.0,0.0,0.0,0.0,0.0,0.0044816404190625,0.0,0.0083251054582656,0.0,0.0,0.0,0.0,0.0332015931089788,0.0,0.0034711323043325,0.0,0.0,0.0,0.0,0.0,0.0,0.0,0.0,0.0,0.0,0.0,0.0,0.0042196658757036,0.0050192367548725,0.0200280710651963,0.0,0.0,0.0,0.0,0.0,0.0,0.0,0.0172459503379445,1.36366454360595,0.374147836020402,0.0,0.0,0.547999570099301,0.0,0.0,0.0,0.0,0.0,0.0,0.0,0.0,0.0,0.0,0.0,0.111531318729568,0.0142847452775251,0.0282229383438729,0.0,0.0,0.0,0.0,0.0,0.0,0.0,0.0925198868210819,0.0,0.0,0.0,0.0,0.0,0.0,0.0,0.0,0.0684913848402719,0.0411456543297381,0.0,0.0,0.0,0.0,0.0,0.0,0.0,0.0073212240360772,0.0040635642718071,0.0,0.0,0.0,0.0341068344993906,0.0,0.0,0.0,0.0,0.0,0.0,0.0,0.0,0.0,0.0367072994763885,0.107140778719473,0.0,0.0038917769702954,0.0039086864927075,0.0074976614419927,0.0,0.0,0.0,0.0,0.0,0.0,0.186543240872815,0.0,0.0,0.0,0.0,0.0,0.0056138496275249,0.0,0.0,0.0,0.0,0.242672799194536,0.148788513106629,0.0912640282916332,0.0174140346764296,0.0,0.0448329046696471,0.103684920663458,0.0,0.0,0.0,0.0,0.0,0.0,0.0,0.0,0.0,0.0,0.0,0.0,0.0,0.0,0.0130414553790465,0.0,0.0,0.0,0.016360509159665,0.0,0.0050020161763043,0.0,0.0,0.0,0.0,0.111217181388861,0.0,0.0,0.0,0.0,0.0037019108341281,0.0,0.0037299152884536,0.0,0.0,0.0,0.441272132996416,0.352988580999261,0.608676110194341,0.37865730087503,0.549696564398071,0.490070328341266,0.0,0.0060073956926634,0.0072002240667621,0.0552318563551584,0.0,0.0,0.0,0.0,0.0,0.0,0.0,0.0,0.0,0.0,0.0,0.0,0.0,0.0,0.0,0.0,0.0,0.0,0.0038593755326334,0.0,0.0,0.0,0.0,0.0,0.0,0.0,0.0,0.0,0.0,0.003321195338867,0.0,0.0,0.0,0.0,0.0,0.0,0.0,0.0,0.0,0.0,0.0,0.0111050832695298,0.0,0.0,0.0,0.0049401503217589,0.0,0.0,0.0,0.0,0.0,0.0,0.0,0.0,0.0,0.0,0.0,0.0,0.0,0.0,0.0,0.0,0.0,0.0,0.0061150117948309,0.0,0.0,0.0,0.0033676051587873,0.0,0.0,0.0,0.0,0.0,0.0,0.0,0.0,0.0,0.0,0.0,0.0,0.0,0.0,0.0,0.0,0.0,0.0,0.0,0.0,0.0,0.0,0.0,0.0,0.0,0.0,0.0,0.0,0.0,0.0,0.0,0.0223006437269324,0.0,0.0,0.0,0.0,0.0,0.0,0.0,0.0,0.0147683716336077,0.0158762812616393,0.0,0.0,0.0,0.0,0.0,0.0,0.0,0.0,0.0,0.0,0.0,0.0,0.0,0.0,0.0,0.0,0.0,0.0,0.0,0.0,0.0,0.0,0.0,0.0,0.0,0.0,0.0098397828592785,0.0,0.0,0.0,0.0,0.0,0.0,0.0,0.0,0.0,0.0,0.0,0.0,0.0,0.0,0.0,0.0,0.0,0.0,0.0,0.0,0.0,0.0,0.0,0.0047340397019689,0.0060005450910609,0.0,0.0,0.0,0.0,0.0,0.0,0.0,0.0,0.0,0.0,0.0,0.0,0.0,0.0,0.0,0.0,0.0,0.0,0.0,0.0,0.0,0.0,0.0,0.0,0.0,0.0,0.0,0.0,0.0,0.0,0.0,0.0,0.0,0.0,0.0,0.0,0.0,0.0,0.0,0.0,0.0,0.0,0.0,0.0,0.0,0.0,0.0,0.0,0.0
LGv,0.0,0.0186345437794776,0.0275729482542036,0.0,0.0,0.0,0.0,0.0,0.0,0.0,0.0,0.0,0.0,0.0,0.0,0.027592134077482,0.0060138606628894,0.0432420326785642,0.039877119885396,0.0185889321899624,0.0076025228333775,0.0,0.0,0.0,0.0097392935238672,0.0150390714928294,0.0300790089331314,0.0,0.0,0.0,0.0,0.0,0.0,0.0,0.0,0.0,0.0,0.0,0.0035297715381835,0.0,0.0204003463286622,0.003560518135602,0.0,0.0,0.0,0.0152568821168162,0.0,0.0071920466759262,0.0,0.0,0.0,0.0,0.0,0.0,0.0,0.0,0.0,0.0,0.0,0.0,0.0038614100620669,0.0,0.022559948015256,0.0,0.0,0.0,0.0,0.0,0.0,0.0,0.0,0.032863923638211,0.0092369639012034,0.0,0.0,0.0179329147906297,0.0,0.0,0.0,0.0,0.0,0.0,0.0,0.0,0.0,0.0,0.0,0.0132837923002513,0.0041769186486034,0.0034374723170567,0.0,0.0,0.0,0.0,0.0,0.0,0.0,0.18182647886187,0.0043600761293089,0.0071581494216646,0.0,0.0,0.0,0.0,0.0,0.0,0.126994843983716,0.0919898636240935,0.0,0.0,0.0,0.0,0.0,0.0,0.0,0.0115551766947138,0.023182338634873,0.0,0.0,0.0,0.0156897279300108,0.0,0.0,0.0,0.0,0.0,0.0,0.0,0.0044005793432106,0.0,0.0,0.0153066064617712,0.0090198962090095,0.0,0.0,0.0237988900335648,0.0,0.0,0.0,0.0,0.0,0.0,0.12998244403793,0.0,0.0,0.0,0.0,0.0,0.0062817908700943,0.0,0.0,0.0075295070839286,0.0057441567317004,0.172145182907105,0.11472185225447,0.0911769559697296,0.0,0.0038437565458119,0.0376530530715846,0.0670788349558184,0.0,0.0,0.0,0.0,0.0049354684499252,0.0,0.0,0.0,0.0,0.0,0.0,0.0,0.0,0.0,0.0104965569952953,0.0033246942394902,0.0,0.0,0.0184829253018888,0.0,0.0041307631320113,0.0073297793205251,0.0,0.0,0.0,0.054914026977088,0.0,0.0,0.0065184263016328,0.0,0.0037462649552655,0.0,0.0057629651754685,0.0,0.0,0.0,0.257351468137072,0.202634881318618,0.31241010455087,0.202230531954705,0.329507078471879,0.311791587900083,0.0,0.0062891892992721,0.0,0.0,0.0,0.0084670686586235,0.0,0.0,0.0,0.0,0.0,0.0,0.0,0.0,0.0,0.0,0.0,0.0,0.0,0.0,0.0,0.0,0.0116516307592122,0.0,0.0,0.0,0.0,0.0,0.0,0.0,0.0,0.0,0.0,0.0,0.0,0.0,0.0,0.0,0.0,0.0,0.0,0.0,0.0,0.0,0.0,0.0,0.0,0.0,0.0,0.0633209036779801,0.0,0.0,0.0,0.0,0.0,0.0,0.0,0.0,0.0,0.0,0.0,0.0,0.0,0.0,0.0,0.0,0.0,0.0,0.0,0.0,0.0,0.0,0.043131004475687,0.0,0.0,0.0,0.0,0.0,0.0,0.0,0.0,0.0,0.0,0.0,0.0,0.0,0.0,0.0,0.0,0.0,0.0,0.0,0.0,0.0,0.0,0.0,0.0,0.0,0.0,0.0,0.0,0.0,0.0,0.0,0.0769622132197035,0.0,0.0,0.0,0.0,0.0,0.0,0.0,0.0057320130105563,0.0508423262825677,0.0478628950612472,0.0074470480985035,0.0,0.0,0.0,0.0,0.0,0.0,0.0044611890147381,0.0,0.0,0.0,0.0,0.0,0.0,0.0,0.0,0.0,0.0,0.0,0.0,0.0,0.0,0.0,0.0,0.0,0.0,0.0,0.0,0.0046106698861429,0.0,0.0,0.0,0.0,0.0,0.0,0.0,0.0,0.0,0.0,0.0,0.0,0.0,0.0,0.0,0.0,0.0,0.0,0.0,0.0,0.0,0.0076589651833304,0.0079988241487958,0.0,0.0,0.0,0.0,0.0,0.0,0.0,0.0,0.0,0.0,0.0,0.0,0.0,0.0,0.0,0.0,0.0,0.0,0.0,0.0,0.0,0.0,0.0,0.0,0.0,0.0,0.0,0.0,0.0,0.0,0.0,0.0,0.0,0.0,0.0,0.0,0.0,0.0,0.0,0.0,0.0,0.0,0.0,0.0,0.0,0.0,0.0,0.0,0.0070090520092359
LH,0.0082676607815536,0.0801024998779531,0.114127936405449,0.0055401395187367,0.012976023817837,0.0609347888353064,0.0051022210194561,0.0,0.0049052587914411,0.0,0.0170102545279089,0.0210266278309842,0.0,0.0,0.0,0.0209372478791507,0.0140013270883265,0.0,0.0,0.0,0.0131790177035537,0.0,0.0,0.0418524635311676,0.0,0.0,0.0,0.007388134293285,0.0,0.0356188034837872,0.0,0.0344041019124624,0.0057932461641697,0.0044396426280012,0.0,0.0,0.0369396348900142,0.0,0.0127566735370821,0.0,0.0,0.0271454606221147,0.0,0.0,0.0140343749758948,0.0,0.0,0.0,0.0,0.0,0.0,0.0,0.0074500770153228,0.0041971770695365,0.0968079226968161,0.0472748103295666,0.0,0.0,0.0112781132466241,0.0068686917698247,0.0078834746334184,0.0060511488415025,0.141202579326233,0.0431352230816927,0.0,0.0,0.051254763917973,0.0,0.0,0.0,0.0,0.0,0.0,0.413972361156714,0.119400001010178,0.0038538950918737,0.0809178190654718,0.0,0.0093156425742639,0.0,0.003346705953937,0.047034705792934,0.0,0.0819407907927248,0.0,0.0,0.0069861096604015,0.0,0.0,0.0,0.454289911459591,0.004778502435323,0.0,0.0,0.0191746552363196,0.0515454041109248,0.0583424817345908,0.0744557614458102,0.0141548269928099,0.0259433623721,0.0,0.0476699339059671,0.0454912838216622,0.0038029079488593,0.0048559613503195,0.0,0.0460193968525078,0.0790195222343744,0.0,0.0197327278298241,0.0460397860023058,0.0275710183259511,0.0060806593144975,0.0,0.0036074878222088,0.0264757050897185,0.0,0.0,0.00743261670434,0.0344080720793613,0.0,0.0205002370274605,0.0,0.0080559985448039,0.0,0.0,0.0143514636524899,0.0089302910117506,0.0722337511873732,0.0088323415790924,0.0035216091216437,0.0049391994750211,0.0055561588882431,0.0,0.0082591176534037,0.0,0.0,0.0116924354744541,0.0095702317121481,0.0,0.0,0.0302255995687492,0.0178997175590281,0.0522571783291469,0.183277729884843,0.007866669132914,0.0409713575657149,0.0,0.0416574928367662,0.0128327634253323,0.0,0.0231686992508831,0.0110448299191177,0.0249972461414216,0.0169649798002575,0.0378528903042775,0.0366561333464215,0.0435721749151913,0.0170686060987248,0.0129767718549939,0.0087101334930191,0.0374619060376944,0.0,0.0039051979754737,0.0095857666766964,0.0045991279940456,0.009263752673881,0.0336932997246261,0.0058397594239589,0.0072866975013846,0.0,0.0,0.0,0.0,0.003764666861497,0.0050367900615606,0.0,0.0,0.0126161166755778,0.0,0.0,0.13485325586117,0.0060936104210363,0.0,0.0,0.0042101700553352,0.0,0.010556814044786,0.0449872687978541,0.0035888121588491,0.0352824988760881,0.0,0.0270911646477001,0.0,0.0,0.0,0.0104271810562803,0.0418640447299117,0.0046109181759534,0.0,0.0,0.0329356630815547,0.0170587230961627,0.025615333102643,0.0173989575369303,0.0039726465941582,0.012056819869835,0.0454413086332195,0.0,0.0,0.0,0.0086470544695707,0.0,0.0,0.0226324782630631,0.0,0.0,0.0,0.0,0.0,0.0,0.0,0.0,0.0,0.0,0.0034421054277757,0.0,0.0,0.0,0.0,0.0,0.0,0.0054942020274247,0.0,0.0,0.0,0.0,0.0,0.0,0.0,0.0137802000910956,0.0,0.0,0.0,0.0,0.0257891653924927,0.0,0.0,0.0,0.0,0.0081770948503093,0.0068809533207842,0.0,0.0054488701226316,0.0,0.0,0.0,0.0,0.0,0.0,0.0,0.0,0.0,0.0188294903893961,0.0095599322725745,0.0,0.0,0.0,0.0,0.0,0.0,0.0450374425270264,0.0,0.0,0.0047557961687262,0.0188525981806838,0.0,0.0,0.0,0.0,0.0,0.0,0.0204148711079509,0.0266184700906819,0.0,0.0301032202948974,0.0,0.0,0.0,0.0,0.0102151015314603,0.0,0.0,0.0,0.0,0.0,0.0,0.0,0.0,0.0232895487584695,0.0,0.0,0.0,0.0,0.0198532692493716,0.022083465344485,0.0082146333545067,0.0,0.0353429550205281,0.0,0.009934470024655,0.0071061190482097,0.0,0.0,0.0,0.0040331236951879,0.0132508420332004,0.0,0.0050706801032256,0.0110070055104754,0.0047745625841728,0.0,0.0,0.0,0.0055404648662277,0.0,0.0,0.0,0.0052455137227554,0.0,0.0,0.0,0.0,0.0,0.0,0.0,0.0,0.0162116544231596,0.0,0.0,0.0,0.0,0.0,0.0,0.0,0.0,0.0040904301023493,0.0042212390234598,0.0,0.0,0.0074249278047073,0.0,0.0201536972078184,0.0136407277614128,0.0,0.015497092373991,0.0,0.0139667290497282,0.0068274208597156,0.0,0.0050555433309753,0.0,0.0,0.0,0.0,0.0,0.0164795830356188,0.0,0.0,0.0,0.0053605347916747,0.0,0.0,0.0,0.0,0.0048331582640232,0.0,0.0,0.0,0.0,0.0,0.0,0.0,0.0,0.0,0.0,0.0,0.0,0.0,0.0,0.0089921796910912,0.0,0.0,0.0,0.0,0.0,0.0048106092053828,0.0210049223502068,0.0,0.009272002592728,0.0,0.0,0.0,0.0,0.0,0.0,0.0,0.0,0.0,0.0,0.0,0.0,0.0070952529188087,0.0,0.0,0.0,0.0074554464727395,0.0
LHA,0.526014270137323,0.123328950845327,0.332340840746085,0.411312140296641,0.0068603808048018,0.469225373625339,0.0956553605182419,0.0527434146932047,0.102102289247482,0.0177609108064206,0.0469275874789017,0.0512973596196088,0.0,0.0249709553690975,0.222569210753428,0.0416610810747933,0.316439496407814,0.0,0.0039483078609552,0.0070402631133408,0.0,0.174602766573365,0.199030860061091,0.515044485011957,0.0767358677118891,0.0182786099727647,0.0158146630287295,0.248467105739216,0.0,0.0163496127351175,0.0238266198896886,0.313176011056406,0.0310496896085701,0.274835608128121,0.0680724539445896,0.0792762415653893,0.265397195494047,0.0,0.0489802836214418,0.0,0.0457201879162326,0.351935749004775,0.0,0.66485106638208,0.263011306137662,0.0152630609737752,0.033572552370754,0.0354777186345656,0.0775355675093196,0.166884613327818,0.0,0.0,0.0723061901351676,0.158244991753299,0.304016360638159,0.304966960597413,0.0088236804475334,0.0181767572899767,0.245665943255757,0.0180834232303901,0.0150816297752634,0.0217936444090271,1.44843937384798,0.0337547325956582,0.0182912591725974,0.0,0.391462031510148,0.0059534745757537,0.11736496949877,0.0062126278062985,0.0,0.0,0.0246805350995314,0.181858491512508,0.631913306909687,0.0,0.535361177897681,0.0184315867502203,0.431681528823462,0.288544159806575,0.243265897469756,0.447549037863967,0.0126552533607906,0.0474626177310842,0.0048944072077852,0.0075484578050705,0.241315457602332,0.0238579767065832,0.251019501802819,0.133215939903347,0.19832112523903,0.185194081124571,0.0403263629167978,0.0129591889773322,0.0463677730895724,0.414481425074868,0.443120204494119,0.0391170454011787,0.138468735994074,0.292277884248267,0.030112643516349,0.474579748319577,0.58196915172986,0.0517478011230189,0.296385146687297,0.0,0.0381235834458133,0.0660027611947984,0.0051791895059308,0.226179519750945,0.357058221967011,0.233742302366465,0.288736274225094,0.213915476450893,0.18666931306968,0.130735778005633,0.0236454806889823,0.0043889069438006,0.180868779896525,0.51024493904144,0.0154990123670851,0.0066354915591278,0.0,0.0608611516001664,0.0074690416193367,0.0258102586743193,0.275730065141479,0.08056642686045,0.561860111688732,0.246433962423124,0.0048849926121305,0.172973788024742,0.452147924373813,0.195134909582645,0.142490834870163,0.0426129668646379,0.0,0.131441002758232,0.0650220532313596,0.0076151969699201,0.0094189763522104,0.162092064994272,0.0,0.41096720324114,0.190204250450917,0.213559234602483,0.360566500215325,0.0,0.421083293769192,0.146658465396625,0.0277350884811877,0.182898814634625,0.146745144374035,0.0040736539259164,0.0235964003137777,0.0417120833116388,0.0303989183558122,0.392168863446936,0.0595123461759939,0.0296719041957021,0.336177475526496,0.429535143291569,0.0,0.0358691412586699,0.121742590609978,0.102943811484595,0.114884850951368,0.0368389633022738,0.0230525241186109,0.103237465333221,0.0,0.0,0.0,0.0,0.0033257406559548,0.006298787497168,0.0,0.0,0.0048215292375436,0.0038620089507119,0.0156952014107838,0.311948604587463,0.231032482368046,0.0474475999577145,0.0189755898204285,0.0106020358016353,0.0341933136762576,0.0956517915941537,0.303743705953098,0.457815131551782,0.451206785168934,0.0131343653602454,0.0236671054186879,0.0,0.0095165293414765,0.068947276893304,0.0052560780457753,0.0,0.0,0.0,0.0,0.0032881936197572,0.0504900176479259,0.376878147815187,0.0115780667333318,0.0044761575176807,0.0178554373756146,0.28519580836633,0.0048800053591689,0.0089217678934235,0.0131009790863182,0.0369934353773169,0.0,0.0,0.0426814775418904,0.0,0.0,0.0,0.0198323143294354,0.0,0.0,0.0,0.0,0.0092334749334829,0.006155113223001,0.0406230008152793,0.0,0.0,0.0,0.0,0.0053706536222644,0.0062065852410082,0.0157759500851254,0.0077865440015082,0.0040905889638001,0.0,0.0054062390915753,0.0,0.006875343666437,0.0,0.112781934659989,0.0037134531010907,0.0,0.0,0.0,0.197457492638693,0.0,0.0207503312818203,0.0,0.0052780587154695,0.0413448718800197,0.0034622094359108,0.0247542141126978,0.0446223172141301,0.0,0.0,0.0,0.0,0.004794629797448,0.0,0.0,0.0,0.0,0.0,0.0,0.0040170448646654,0.0,0.0079451505572025,0.0057717467045027,0.0,0.0041964630988578,0.140349872411635,0.0116887563238611,0.0140126734661608,0.0,0.17306048701831,0.0056381810942268,0.0,0.0,0.0,0.0,0.0,0.0940304859361103,0.0312176016402966,0.0,0.0379517271326289,0.0217090346803141,0.0614943241230874,0.0109155655991989,0.0,0.0134263579422014,0.0063361411421185,0.0152378268478235,0.0065318053806321,0.0084994684394711,0.0042164048765166,0.0,0.0159993286054292,0.0083072532006074,0.1026245160712,0.018641623634098,0.0,0.0,0.0,0.0352310778071467,0.0344084528082891,0.008955223532399,0.0277750461719415,0.144057538183998,0.006367087709867,0.0245738331725789,0.103894380627611,0.0387150176100191,0.0,0.0,0.0054706642991764,0.019155151617277,0.0071879365899695,0.0085301409430888,0.0197217772360333,0.0081283045920826,0.0,0.0073336358902249,0.0,0.034070160261019,0.0,0.0056792623137351,0.0392363188592966,0.0746220268332149,0.0,0.0,0.0,0.0355637230971121,0.0,0.0237406753443762,0.0261688228929582,0.0,0.040806083690715,0.0294359208294396,0.0,0.0108749617069091,0.0364333276731668,0.0122337779024002,0.0177780129987203,0.0037285728135463,0.0,0.0564366346009185,0.0388280543655981,0.0034256197946807,0.0369402005457905,0.0052051240641894,0.0,0.0420236091804256,0.0424339993853575,0.0307789413627888,0.0304732862741966,0.0,0.0389957928447324,0.0976058223383793,0.0089392882066407,0.0476136530538454,0.0205009625548577,0.0,0.0,0.0,0.0,0.03947096676223,0.0081937749412756,0.0,0.0567196719322145,0.0078967659434096,0.0,0.0088882635085436,0.0158285751898603,0.0103213752774924,0.0720391237252069,0.0149833778793669,0.0065327864662147,0.0071275852081455,0.0,0.0,0.0044738218645475,0.0,0.0,0.0,0.0,0.0,0.0,0.0,0.0,0.0127429293795442,0.0190932455626912,0.028156132893525,0.0034832644452607,0.0,0.0,0.0595786325472585,0.0762626486065117,0.0155758303908119,0.0396876717192482,0.0300732343618866,0.0,0.0,0.0079761652400058,0.0,0.0,0.0,0.0,0.0,0.0,0.0,0.0,0.0418512806016237,0.0,0.0,0.0,0.0769768504084217,0.0062458062155353
LP,0.0,0.312656553040669,0.268582816963408,0.0,0.0257455405340267,0.0172211134219243,0.0,0.009586635288844,0.0,0.0,0.011626896373608,0.0241685223742808,0.0,0.0,0.0,0.0991740250202531,0.0312167069708662,0.283433718850263,0.259666432183303,0.252795745540927,0.131613088990007,0.0,0.0,0.0,0.0217886751568205,0.0,0.0,0.0,0.0,0.379716055918391,0.0,0.0160578758789931,0.0,0.0,0.0,0.0,0.0047073249859069,0.0,0.0440785851000748,0.0,0.0037215187559753,0.0188728275817163,0.0,0.0,0.0178528683026631,0.19707448572345,0.0472727134930603,0.0577669223712574,0.0,0.0,0.0,0.0,0.0049014827382706,0.0,0.0129162619920129,0.0053889244285456,0.0,0.0,0.0,0.0626583892884076,0.0920064101546705,0.08583841219142,0.118177961958427,0.0,0.0,0.0,0.0033527492928373,0.0,0.0,0.0,0.10676659332505,0.881376440689739,0.247504703039907,0.137385072923165,0.0118826589804059,0.809386877554211,0.0,0.0,0.0,0.0,0.0,0.0,0.0,0.0267113653227719,0.0,0.0,0.0,0.331266503544238,0.129787439327875,0.0828304747909319,0.0064176173704305,0.0,0.0,0.0144649965731026,0.115132681062705,0.0,0.0,0.42092338621485,0.0335533343517485,0.0,0.0036873079949046,0.0,0.0167817580982682,0.0084616837888027,0.0,0.0,0.328256048433141,0.213707431027708,0.0,0.0173977359432758,0.0300808945335923,0.0343949522462657,0.0,0.0,0.0,0.0752711770572709,0.0192138745785937,0.0,0.0089174752368476,0.0118102051435678,0.199441469056972,0.0694872063860087,0.0,0.0,0.0,0.0,0.0070827613296829,0.0,0.0578462679740804,0.0033469818527467,0.19896843210057,0.441312591407241,0.0072450896178643,0.0761120818012656,0.0253759119502148,0.0131545861404692,0.0,0.0051840063816521,0.0044269163817692,0.0,0.0062633990243221,0.0052877098611177,0.894885029317696,0.0121948250651771,0.0035269212291743,0.0042515500171116,0.0,0.0,0.0327380829087903,0.0,0.0,0.0326612634034543,0.024284948573314,0.847581315207695,0.572212751980855,0.455455378634091,0.0751220606841494,0.0192831805009951,0.319462987278918,0.645774163684501,0.0,0.0,0.0,0.0,0.0177948128860796,0.0079593307670045,0.0,0.0,0.0,0.0496851375698483,0.0,0.0,0.0,0.0,0.140734443945755,0.0858845294871235,0.0,0.0040823210264033,0.305723506402141,0.036489399263721,0.0373712472993968,0.0408509063235548,0.0,0.00646456882348,0.0,0.483983088806211,0.0,0.0,0.0,0.0,0.0218715299036398,0.0053580658314831,0.0976902795476913,0.0,0.0,0.0198579595369634,1.29011705966126,1.69309224950921,1.15352645391919,0.466221295936105,0.904266879037326,1.6244608607971,0.0099787414683076,0.0341218846953571,0.0640242764957356,0.0712427436188497,0.005348108767167,0.0298242125070905,0.0,0.0,0.0,0.0042572928622423,0.0,0.0,0.0,0.0,0.0,0.0,0.0071632665635126,0.0,0.0,0.0,0.0,0.0,0.0193035428545107,0.0047055551273536,0.0,0.0,0.0,0.0,0.0,0.0,0.0,0.0,0.0,0.0,0.0,0.0,0.0,0.0,0.0034829738758737,0.0,0.0,0.0,0.0,0.0,0.0,0.012006775173083,0.0,0.0,0.0038783866483083,0.192532686555304,0.0,0.0,0.0,0.0,0.0,0.0,0.0,0.0,0.0,0.0,0.0,0.0,0.0,0.0034381608902994,0.0,0.0,0.0085685366324691,0.014384427498858,0.0106037479867608,0.0121052165752307,0.0,0.0053819049290697,0.133615605628388,0.0,0.0,0.0,0.0,0.0,0.0,0.0,0.0,0.0034984013169385,0.0,0.0,0.0061692958586419,0.0,0.0,0.0,0.0,0.004319806457632,0.0,0.0045500588511511,0.0048960738561508,0.0,0.0,0.0,0.0,0.0,0.0,0.0,0.0,0.0,0.0,0.0,0.0952991447310141,0.0070247923598162,0.0,0.0054826648408236,0.0,0.0,0.0118487081866423,0.0,0.0184460881444336,0.0659470592589985,0.0770423336244796,0.0327643634576516,0.0,0.0,0.0,0.0,0.0,0.0,0.0192954447109569,0.0,0.0,0.0119837769146856,0.0,0.0,0.0,0.0,0.0,0.0080722408426671,0.0091227663648749,0.0,0.0,0.0,0.0,0.0,0.0,0.0,0.0,0.0083237172624155,0.0,0.0142503554721447,0.0046474536012965,0.0034885137133478,0.0104865032208523,0.0099993860719047,0.0,0.0,0.0,0.0,0.0,0.0,0.0,0.004955030203184,0.0,0.0,0.0057862297659912,0.005111376748497,0.0,0.0,0.0,0.0,0.0,0.0566778345246378,0.109892714640147,0.0,0.0,0.0,0.0,0.0,0.0,0.0041208326459327,0.0,0.0,0.0,0.0,0.0,0.0,0.0,0.0,0.0,0.0,0.0,0.0,0.0,0.0,0.007498403034443,0.0,0.0074975099706516,0.0,0.0,0.0,0.0,0.0,0.0,0.0036053260014524,0.0075398502596102,0.0,0.0,0.003374364489135,0.0,0.0,0.0,0.0,0.0,0.0,0.0,0.0,0.0054237142810437,0.0,0.0,0.0,0.0041496123181593,0.0307358598782936
LPO,0.126444005766909,0.0155098818325137,0.0750601744328107,0.145595473853044,0.0,0.17811214574555,0.0077743493760327,0.0067378014997338,0.0088622633649945,0.0,0.0221562385502603,0.0226806899982109,0.0,0.0068102301265192,0.0613110627460253,0.004865772659821,0.0487893911852577,0.0,0.0,0.0,0.0,0.0726942813593183,0.0793091256201859,0.200404209467699,0.0256492411441425,0.0114462648974427,0.0098104415902779,0.053803503864245,0.0,0.0,0.0086409139270791,0.0813888364319642,0.0073255850467189,0.0581132479950628,0.0292012856434334,0.020100218205211,0.0722058603574435,0.0,0.005582454256609,0.0,0.0168914716994521,0.0563190939155092,0.0,0.15771986392885,0.0516159144600727,0.0,0.0113276901613082,0.0089260212244716,0.0323218348528688,0.0682634175221328,0.0,0.0,0.0079853303987392,0.0145714170121853,0.027195713261301,0.0294254599088941,0.0,0.0,0.0553904764903149,0.0,0.0,0.0,0.380290746932701,0.0058974310960769,0.0,0.0,0.125134025831802,0.0,0.052988737646765,0.0,0.0,0.0,0.0,0.0394296199388811,0.132682076908487,0.0,0.314630452533466,0.0033458752647888,0.235075515168849,0.154790274825816,0.133729793586503,0.082466674679019,0.0,0.0100645138175425,0.0,0.0,0.0518894981344078,0.0,0.0270807144530662,0.0131327725925231,0.0441480867404729,0.0311045431959125,0.0121606112167307,0.0,0.0037263673273685,0.21758281582565,0.250425676450764,0.0087830247193297,0.022589603851507,0.116413834624242,0.0065066188537446,0.125263364391741,0.105280874186954,0.008652253781734,0.0591730738604541,0.0,0.0052213629851534,0.0160483291853082,0.0,0.0139256920465707,0.0762429317083367,0.0224614423495705,0.0730305761105583,0.0859852103973581,0.044402681427882,0.0294653718337016,0.0047340981480542,0.0,0.0352462820844251,0.0959229278926982,0.0,0.0,0.0,0.0151222868217326,0.0,0.0043798663340616,0.0481157015305834,0.0152609617539835,0.133047098337823,0.0410933948420791,0.0,0.0189088476982551,0.13508791752213,0.0202915064955779,0.0141299234872151,0.0111604926400964,0.0,0.0276254448373111,0.0145435247966702,0.0,0.0,0.0773703187179316,0.0,0.138992364194202,0.0680260386126468,0.038718156914865,0.187019986859995,0.0,0.130751538891247,0.0541164931933472,0.0071372237375102,0.0368589065840383,0.0183779201618531,0.0,0.0072187920051238,0.0111046519792236,0.0037559172596938,0.150479229030703,0.0072361237603172,0.0,0.169835649816388,0.104557633103524,0.0,0.0051756058457663,0.0166253107798563,0.0107318751026724,0.0281810248736627,0.0049182926053853,0.0,0.0105113483609519,0.0,0.0,0.0,0.0,0.0,0.0,0.0,0.0,0.0,0.0,0.0,0.0275027719597356,0.0386926779729777,0.0076085668089855,0.003544031305221,0.0,0.0223619161247775,0.0242491106806915,0.0956388631330314,0.114885302642149,0.0792143165855074,0.0,0.0,0.0,0.0,0.0085346865790437,0.0,0.0,0.0,0.0,0.0,0.0,0.0039102529863073,0.0595189601850512,0.0,0.0,0.0,0.0670513945587684,0.0,0.0,0.0,0.0,0.0,0.0,0.0101300466243734,0.0,0.0,0.0,0.0046526690381794,0.0,0.0,0.0,0.0,0.0,0.0,0.0076987751950551,0.0,0.0,0.0,0.0,0.0039714302443059,0.004619586358073,0.0050481592897335,0.0039660569220214,0.0058826706402163,0.0045692992786527,0.0,0.0,0.0,0.0,0.0269756159819197,0.0,0.0,0.0,0.0,0.0560762519438483,0.0,0.0071400578138417,0.0,0.0037176467945578,0.0060686041858251,0.0,0.0,0.0102113030388079,0.0,0.0,0.0,0.0,0.0035516297479512,0.0,0.0,0.0,0.0,0.0,0.0,0.0,0.0,0.0,0.0,0.0,0.0,0.0149345086821855,0.0,0.0038338879922633,0.0,0.0492347256205181,0.0,0.0,0.0,0.0,0.0,0.0,0.0093418789987425,0.0055259824445035,0.0,0.0152760644366643,0.0056370785433076,0.0357399683589155,0.0071455444660934,0.0,0.0,0.0,0.0,0.0,0.0,0.0,0.0,0.0,0.0,0.0105722514676178,0.0033687331045656,0.0,0.0,0.0,0.0146937000975004,0.0156437838257702,0.0,0.0060885693079095,0.0460920729311579,0.0,0.0053449404547861,0.0166754776643583,0.004241458340332,0.0,0.0,0.0,0.0044887868687022,0.0,0.0,0.0,0.0,0.0,0.0050979895117578,0.0,0.0086866172044156,0.0,0.0,0.0083075442481538,0.0107875457659054,0.0,0.0,0.0,0.0096542065846957,0.0,0.0062552860616758,0.0039947895861287,0.0,0.0,0.0053399209612268,0.0,0.0,0.0076026781574329,0.0,0.0034004502401511,0.0,0.0,0.0177074688948996,0.0097719019215911,0.0,0.0,0.0,0.0,0.0102455555762462,0.0061412695652039,0.0071335136172093,0.0141040613675937,0.0,0.007419662882201,0.035289867968612,0.0,0.0100502994815953,0.0042264881412045,0.0,0.0,0.0,0.0,0.0101366040151591,0.0,0.0,0.0334154033428604,0.0,0.0,0.0,0.0038603122482618,0.0,0.0254219429900888,0.0,0.0,0.0,0.0,0.0,0.0,0.0,0.0,0.0,0.0,0.0,0.0,0.0,0.0,0.0,0.0033241726121567,0.0,0.0,0.0,0.0,0.0171086643643831,0.023871314657847,0.0,0.0079240547793101,0.0,0.0,0.0,0.0,0.0,0.0,0.0,0.0,0.0,0.0,0.0,0.0,0.0064645139787874,0.0,0.0,0.0,0.0181919646419447,0.0
LRN,0.0,0.0,0.0,0.0,0.0,0.0,0.0,0.0,0.0,0.150614998727414,0.0,0.0,0.0,0.0,0.0,0.0,0.0,0.0,0.0,0.0,0.0,0.0,0.0,0.0,0.0,0.0,0.0,0.0,0.003792236904738,0.0,0.0,0.0038855691654762,0.0,0.0,0.0,0.0,0.0057882410485132,0.0058755112380165,0.0,0.0196677029140102,0.0,0.0,0.0055254880886623,0.0,0.0,0.0,0.0,0.0,0.0,0.0,0.0,0.0174971272218445,0.0,0.0,0.0,0.0,0.0957317697207752,0.0,0.0,0.0,0.004025917217506,0.0,0.0,0.0,0.22560165141377,0.0063868189151625,0.0,0.078766147495984,0.0,0.0156327246886207,0.0,0.0,0.0,0.0,0.0,0.0,0.0,0.184085342600721,0.0,0.0,0.0,0.0,0.133187550987212,0.0,0.091495156134584,0.138952600679223,0.0,0.0,0.0,0.0,0.0,0.0,0.0,0.0042096658323998,0.0,0.0,0.0,0.0,0.0041441766502972,0.0,0.0174476012449844,0.0,0.0,0.0165157264518825,0.0,0.0420854112206742,0.0,0.0,0.0464064288399405,0.0,0.0,0.0,0.0,0.0,0.0,0.0063848915709957,0.0,0.0534916414973456,0.0112085383564676,0.0,0.0,0.0,0.0,0.0,0.0242861200876938,0.175936954646863,0.0,0.0,0.0,0.0,0.0,0.0,0.0,0.0,0.0,0.0,0.0,0.019821073353059,0.0182779981370946,0.0185639651245482,0.0303131791089429,0.0,0.0,0.0,0.0,0.0,0.0,0.0,0.0,0.0,0.0,0.0058471414093556,0.003605747646369,0.0,0.0,0.0,0.0,0.0,0.0,0.0,0.0,0.0,0.0,0.0,0.0,0.0,0.0109464545295958,0.0,0.0,0.0,0.0165916431610837,0.0513244504181216,0.0534974669948034,0.0203949136535076,0.0,0.0062257862012715,0.0,0.0,0.0,0.0,0.0,0.0037617305192678,0.0,0.0163761403534516,0.0166622637135812,0.0,0.0,0.0,0.0,0.0,0.0,0.025357546643412,0.0,0.0137649753002784,0.0632188907484112,0.0,0.0,0.0,0.0,0.0,0.0,0.0,0.0,0.0,0.0034839952751559,0.0034886325307742,0.0,0.0042608444618593,0.040415359226355,0.0,0.0,0.0,0.0,0.0,0.0,0.0,0.0,0.0,0.0374304645625528,0.0,0.0,0.0,0.0,0.0,0.0035204389982988,0.0,0.0,0.0,0.0,0.0,0.0,0.0,0.0043128107385821,0.0,0.0,0.0,0.0,0.0064572793495132,0.0,0.0,0.0156129882424819,0.0,0.0,0.0,0.0,0.0,0.0074030558875272,0.0,0.0331242942895045,0.0,0.0,0.008486194825031,0.0,0.0,0.0,0.0,0.0,0.0,0.0,0.0,0.0455135223437066,0.0,0.0,0.0,0.0,0.0284205126151059,0.0,0.0,0.0,0.0,0.0,0.0,0.0,0.0492974292348097,0.0070280072242862,0.0069280416954771,0.0206451872561991,0.0,0.0395461298898381,0.0,0.0,0.0,0.0,0.0,0.0,0.0,0.0448350424521428,0.0,0.0,0.0,0.0,0.0390245841307409,0.0,0.0319134512916883,0.0312166273960876,0.0,0.0,0.0,0.0,0.0,0.0,0.0,0.0049961372278383,0.003894020375237,0.0,0.0,0.0,0.0114420031414794,0.0,0.0186057607767529,0.0,0.0,0.0043669860738647,0.0,0.0873349304873651,0.0,0.0,0.017462857110005,0.0,0.0,0.0,0.0,0.0,0.0,0.0041975676152504,0.0,0.0169601046633067,0.005106484575088,0.0,0.0,0.0,0.0,0.0,0.0225121951193591,0.0382654555275025,0.0,0.0,0.0,0.0,0.0,0.0,0.0,0.0,0.0035494746901909,0.0,0.0,0.0124472592561721,0.0067281239128677,0.0276508313786942,0.011445898520845,0.0,0.0,0.0,0.0,0.0,0.0,0.0,0.0,0.0,0.0,0.0317507996749016,0.0199967548649027,0.0,0.0,0.0,0.0,0.0,0.0,0.0,0.0,0.0,0.0,0.0,0.0155596180557949,0.0066787272570625,0.0085942912141972,0.0,0.0,0.0,0.0235661246417596,0.0167118062892688,0.0120891112148675,0.0081096947177929,0.0,0.0039908652127391,0.0,0.0,0.0,0.0,0.0,0.0,0.0,0.0063501157972752,0.0375257026615296,0.0,0.0,0.0,0.0,0.0,0.0,0.009679785205215,0.0,0.0091731448171195,0.0163764793857958,0.0,0.0,0.0,0.0,0.0,0.0,0.0,0.0,0.0,0.0,0.0,0.0,0.0335666927457719,0.0133469430440199
LSc,0.0,0.0,0.0,0.0,0.0,0.0442959262333251,0.0,0.0,0.0,0.0,0.0,0.0,0.0,0.0,0.0,0.0,0.0066666353629524,0.0,0.0,0.0,0.0,0.0107113189683243,0.0093481346026977,0.005370929417342,0.356162309186994,1.11357544614859,0.931063577628475,0.0,0.0,0.0,0.0,0.0085336243924651,0.0,0.0,0.0043572624740343,0.0,0.0127118189372478,0.0,0.0,0.0,0.303736460830336,0.0145304901139195,0.0,0.0123393805087067,0.004360356457347,0.0,0.0082654850312821,0.0115370138442949,0.0048123192760175,0.0094424554648462,0.0,0.0,0.0,0.0,0.0,0.0,0.0,0.0,0.0,0.0,0.0,0.0,0.0047744637531643,0.0,0.0,0.0,0.0329911603454388,0.0,0.0094954238012258,0.0,0.0,0.0,0.0,0.0,0.0423171861117036,0.0,0.0643938726149599,0.0,0.59162506759123,0.211049802830228,0.0327542416336574,0.0,0.0,0.0,0.0,0.0,0.0,0.0,0.0,0.0,0.0,0.0039287949299663,0.0,0.0,0.0,0.0381781618922478,0.0449045388901308,0.0,0.0,0.0519680824888605,0.0,0.006019667871313,0.0062049073316933,0.0,0.0,0.0,0.0,0.0,0.0,0.0,0.0,0.0,0.0,0.0139005901742885,0.0,0.0,0.0206176936847231,0.0,0.0046569559582249,0.0070465258429606,0.0,0.0,0.0,0.0,0.0,0.0,0.0069632920237724,0.0,0.0,0.0049850871727926,0.0,0.0,0.114040402251988,0.0,0.0,0.0611371273870459,0.0,0.0,0.0,0.0,0.0,0.0115951134666973,0.0,0.0308744574696108,0.0055583261067649,0.0,0.0293602180864014,0.0,0.0340822502833627,0.007377708443121,0.0,0.0,0.0,0.0,0.0,0.0,0.0,0.0305201465590938,0.0,0.0,0.370132755334324,0.0,0.0,0.0,0.0,0.0,0.0,0.0,0.0,0.0,0.0,0.0,0.0,0.0,0.0,0.0,0.0,0.0,0.0,0.0,0.0,0.0034917762903326,0.005259126822979,0.0,0.0,0.0,0.0,0.0,0.0267843062001859,0.0049757389368841,0.0299040185637889,0.0,0.0,0.0,0.0,0.0,0.0,0.0,0.0,0.0,0.0,0.0,0.0,0.016978576577443,0.0,0.0,0.0,0.0075584697645883,0.0,0.0,0.0,0.0,0.0,0.0,0.0040550824154539,0.0038489935052764,0.0,0.0047296144285915,0.0,0.0,0.0,0.0,0.0,0.0,0.0,0.0,0.0,0.0,0.0,0.0,0.0,0.0,0.0,0.319237409422224,1.0298571837199,0.857986506598694,0.0,0.0,0.0,0.0,0.0033888747143766,0.0,0.0,0.0,0.0,0.0164354280425139,0.0,0.0,0.0,0.288288184393739,0.0,0.0,0.0221921318578185,0.0,0.0,0.0054622469092447,0.0066955703731329,0.0,0.0,0.0,0.0,0.0,0.0,0.0,0.0,0.0,0.0053700714866214,0.0,0.0,0.0,0.0,0.0,0.0,0.0,0.0,0.010416785539438,0.0,0.0,0.0,0.0035173288489201,0.0,0.0,0.0,0.003344981472197,0.0,0.0080317251287561,0.0,0.0271195809641323,0.0049696884437834,0.0,0.0,0.0,0.0,0.0,0.0,0.0,0.0,0.0,0.0,0.0,0.0,0.0,0.003663824506877,0.0,0.003830487291672,0.0049650684507058,0.0,0.0,0.0274453852144943,0.0,0.0,0.006931650203944,0.0,0.0,0.0,0.0,0.0,0.0,0.0,0.0,0.0,0.0,0.0,0.0,0.0,0.0153480202958216,0.0,0.0,0.0045570308374793,0.0,0.0,0.0,0.0,0.0,0.0,0.0,0.0,0.0,0.0,0.0,0.0,0.0424824618727579,0.0,0.0,0.0540350292260518,0.0,0.0,0.0,0.0,0.0,0.0,0.0,0.0,0.0,0.0,0.0,0.0,0.0,0.0045977684085703,0.0,0.0,0.0,0.0,0.0,0.0,0.0,0.0,0.0,0.0,0.0239713943908281,0.0,0.0,0.0,0.0,0.0,0.0,0.0,0.0,0.0,0.0,0.0,0.0,0.0,0.0,0.0,0.0104328748724273,0.0,0.0,0.0,0.0,0.0,0.0,0.0,0.0,0.0,0.0,0.0,0.0138230501297173,0.0084489280873754,0.0,0.0,0.0,0.0,0.0,0.0,0.0,0.0,0.0,0.0,0.0,0.0,0.0,0.0,0.0,0.0,0.0,0.0,0.0
LSr,0.0461286274293018,0.0357301599083272,0.186895574510559,0.139345401919218,0.0059718868824693,0.257586189091629,0.0,0.0,0.0,0.0,0.121296153362894,0.118485257480041,0.0,0.0144472848783506,0.130285671949994,0.0,0.116575846666105,0.0,0.0,0.0,0.0060812793108137,0.124213846071677,0.117349814008049,0.0979102581907751,0.791841719340609,0.955839574823189,0.939865185729256,0.0187849647769085,0.0,0.0,0.0064759435336779,0.0961296239333645,0.0353098775278642,0.045399161467349,0.162493535641342,0.0353663968650641,0.110728746465416,0.0,0.0,0.0,0.514737904825538,0.132927034615978,0.0,0.377291439592821,0.0934452511301951,0.0038661107156802,0.250391802393305,0.445168942267383,0.0462600566807018,0.108602856094295,0.0,0.0,0.0090647998496196,0.0035987331774835,0.0106519627400843,0.0045772009602822,0.0,0.0,0.0298599687193083,0.0,0.0,0.0,0.858404027907401,0.0140272030170456,0.0037498939551892,0.0,0.245840783760395,0.0,0.0953749474573863,0.0,0.0,0.0,0.0,0.0581504833154245,0.226943652834142,0.0,0.336711982059775,0.0,1.39418130949212,1.13622316660324,0.79287399651621,0.0094553177211308,0.0,0.0283435049521305,0.0,0.0,0.02223127689669,0.0,0.0188108723154863,0.0093958744781513,0.0680473301197108,0.052948736107179,0.0241514614834169,0.0,0.0056795782476061,0.256326243346731,0.277606406358536,0.0079149312577533,0.0202037729025512,0.646580954945009,0.0059990689850754,0.0932376452434559,0.0604729712809354,0.0058936994577314,0.0376060423005266,0.0,0.0036209591471735,0.0146516298510159,0.0,0.0116622919311215,0.133374519988072,0.0393012343561295,0.0313906480485424,0.179467538229278,0.0720780339750158,0.0211578277126687,0.277749881388708,0.0,0.0207530885185657,0.0553797073336949,0.0039571681092632,0.0,0.0,0.0066166952830868,0.0,0.0050326229788324,0.0947728997957124,0.0425991675453318,0.145058605406173,0.0821927130796411,0.0,0.0130784187361829,1.16439304857267,0.0142692151116935,0.0179844590888893,0.424129685063405,0.0,0.0086665544894414,0.0165919208787203,0.0,0.0,0.361071154816845,0.0,0.218182620990141,0.273409925529942,0.0942906029797777,0.215613789486208,0.0,0.202096108984529,0.155518345834144,0.0257665363645931,0.024239421848288,0.0122179965713626,0.0052543369537639,0.004923842363339,0.0259880695659695,0.0073619000610055,0.201361530649972,0.0,0.0,1.33100781310614,0.0146844199303624,0.0,0.0100199877434981,0.0119667391392144,0.0081867835547787,0.0055275591924656,0.0079324372445367,0.0,0.007377490858373,0.0,0.0,0.0,0.0,0.0,0.0,0.0,0.0,0.0,0.0,0.0,0.0208058985848797,0.0621608134114083,0.0051877097016639,0.0,0.0108018855448707,0.103051713315222,0.01196690347567,0.369083517705584,0.261909870305785,0.246488352611446,0.0,0.0052458666663464,0.0,0.0,0.0,0.0,0.0076666518999359,0.007167072499464,0.0,0.0107060928597808,0.0072413789708626,0.0,0.151126002377562,0.0,0.0,0.0,0.0647749036750435,0.0,0.0039678709323524,0.009849274703133,0.0512722415122044,0.0,0.0,0.0287927453227977,0.0,0.0,0.0,0.0,0.0,0.0,0.0,0.0053894726202553,0.0463522489709103,0.0,0.0083799921387927,0.0,0.0,0.0,0.0,0.0050003425982085,0.0050478957743544,0.0164868109680276,0.207957268293554,0.466749528886919,0.435001561670827,0.0,0.0,0.0,0.0,0.0396173063446736,0.0,0.0192263450110692,0.004798559821296,0.0,0.115783665562779,0.0,0.0,0.0,0.190682885918352,0.0111259311129361,0.0,0.170273122642161,0.0108667444320231,0.0,0.0313479896212865,0.0253430568720187,0.0,0.0045199217640154,0.0,0.0,0.0036802827845935,0.0,0.0,0.0,0.0,0.0,0.0,0.0,0.0,0.0,0.238095775017166,0.0,0.0033533187600406,0.0,0.118545373505076,0.0,0.0040875629388323,0.0,0.0,0.0,0.0,0.0075778095094001,0.0182602955315812,0.0,0.04989234634429,0.0,0.118204967210944,0.0255192193088385,0.0059760106345922,0.0,0.0,0.0,0.0,0.0,0.0,0.0,0.0,0.0,0.0087943794428382,0.0062908973559797,0.0078285010055032,0.0,0.0,0.0331481136822496,0.0383673886277601,0.0,0.0050158654929533,0.630979951737581,0.0,0.0683817967745081,0.0426678980499758,0.0,0.0210499964498961,0.0,0.0,0.0036818907698217,0.0,0.0041934647918879,0.0438379796821955,0.0124174136244193,0.0,0.0059301908636026,0.0133772098345794,0.0056366267717378,0.0242749507255659,0.0,0.0047891577863586,0.0298765998919179,0.0,0.0,0.0,0.0067522019510778,0.0,0.0046715903001695,0.0082196931714166,0.0087078371799532,0.0410235213259014,0.0090529619306452,0.0,0.0,0.214991466334543,0.0,0.0,0.0655044920590554,0.0,0.0086044498092674,0.0170761320888056,0.0,0.0,0.020215551733036,0.0,0.022591908637555,0.0174774596643715,0.0087718332121199,0.0273231037383789,0.0,0.0206592389075677,0.0861652307059428,0.0073668818333017,0.009920951075086,0.0047823569205017,0.0,0.0,0.0230638023935325,0.0,0.0230248750958007,0.0,0.0,0.110683406154565,0.0,0.0,0.0067670158303231,0.0051593249823485,0.003695652169959,0.0074083223167682,0.0,0.0,0.0,0.0,0.0,0.0,0.0,0.0,0.0,0.0,0.0,0.0,0.0,0.0,0.0,0.0068241914813397,0.0,0.0,0.0,0.0,0.0127109655919834,0.318914973777102,0.10359191634813,0.0142592699532258,0.0,0.0,0.0,0.0,0.0,0.0,0.0,0.0,0.0,0.0,0.0,0.0,0.0101261018123444,0.0,0.0,0.0,0.0289223056981425,0.0
LSv,0.0405863286889479,0.0,0.0318312586370045,0.170598236579348,0.0,0.0868876342369803,0.0,0.0,0.0,0.0,0.0551943851973523,0.0544265985708973,0.0,0.0039275542531738,0.0265853023541574,0.0,0.0835082119270319,0.0,0.0,0.0,0.0,0.153846651146949,0.148734609105173,0.164718701543944,0.0611988644413301,0.0530237822244483,0.068990299550968,0.0162060188271553,0.0,0.0,0.0049433384442654,0.0039933741330139,0.0211812213036833,0.0282100874898463,0.163111696453169,0.0183009757408465,0.0088135951761109,0.0,0.0,0.0,0.0350992651631586,0.0615467064470431,0.0,0.0472905058131324,0.0036444558173427,0.0,0.0196896669868332,0.0276756619285349,0.0508715530530511,0.133345150826756,0.0,0.0,0.0,0.0,0.0056819967813329,0.0,0.0,0.0,0.0301907109244679,0.0,0.0,0.0,0.181080894054792,0.009748388275015,0.0,0.0,0.0044105017216035,0.0,0.108972809930819,0.0,0.0,0.0,0.0,0.0468801444667962,0.0648957202182335,0.0,0.0941369145058594,0.0,0.039177125263759,0.299650803000855,0.491886351452549,0.0,0.0,0.019768401491706,0.0,0.0,0.0372711528007554,0.0,0.0180310536024146,0.0087038427053976,0.0550217693067569,0.0329785297058294,0.006629652976719,0.0,0.0,0.120687890809877,0.110658756363641,0.0041546607445109,0.0,0.321622626854684,0.0,0.0351046062447267,0.0,0.0,0.016900918408603,0.0,0.0,0.0058241776124923,0.0,0.0,0.0169589923832734,0.0,0.0368291321893403,0.23928339037944,0.0593989056762596,0.0,0.0145282065586448,0.0,0.0084573419955967,0.0072512657648764,0.0,0.0,0.0,0.0,0.0,0.0,0.0406987684376385,0.0139778797911861,0.0269442651996696,0.0511598339316161,0.0,0.0125773944126381,0.0259504660100937,0.0134818958611335,0.0,0.0210018639480847,0.0,0.0,0.0,0.0,0.0,0.248928989704733,0.0,0.105604201425131,0.206674370289528,0.074506352690651,0.128354184134149,0.0,0.0661549157891302,0.0801026262738408,0.0119249726267897,0.0,0.0,0.0,0.0,0.0,0.0039145859154659,0.0937148685487958,0.0,0.0,0.124127095448777,0.0,0.0,0.0040234274223152,0.0,0.0,0.0,0.0052882493798713,0.0,0.0070045990530317,0.0,0.0,0.0,0.0,0.0,0.0,0.0,0.0,0.0,0.0,0.0,0.0062285806772876,0.033678018960459,0.0,0.0,0.0,0.102100381920136,0.0,0.275446934272093,0.0388955466355273,0.112487167481275,0.0,0.0,0.0,0.0,0.0,0.0,0.0,0.0,0.0,0.0,0.0,0.0,0.0752370192732621,0.0,0.0,0.0,0.0,0.0,0.0,0.0,0.0,0.0,0.0,0.0105721684287054,0.0,0.0,0.0,0.0,0.0,0.0,0.0,0.0,0.0,0.0,0.0215702541552892,0.0,0.0,0.0,0.0,0.0,0.0,0.0072210197485702,0.0,0.0,0.0,0.0,0.0,0.0,0.0,0.0,0.0,0.0,0.0,0.0,0.0086432343059118,0.0,0.0,0.0,0.0,0.0141000770816474,0.0,0.0039699542319648,0.0,0.0,0.0,0.0,0.0,0.0,0.0,0.0,0.0,0.0,0.0,0.0,0.0,0.0,0.0,0.0,0.0,0.0,0.017342871528341,0.0,0.0,0.0,0.0069600299858355,0.0,0.0,0.0,0.0,0.0,0.0,0.0067908496295731,0.0074497291435743,0.0,0.0117390979339633,0.0,0.0037345589911637,0.0040676891728835,0.003971255371459,0.0,0.0,0.0,0.0,0.0,0.0,0.0,0.0,0.0,0.0079047442541623,0.0076328848780841,0.0,0.0,0.0,0.0170582557642905,0.0155324292595809,0.0,0.0,0.172428217956888,0.0,0.0182894360878066,0.0,0.0,0.0,0.0,0.0,0.0,0.0,0.0,0.0,0.0,0.0,0.0,0.0,0.0,0.0,0.0,0.0,0.0,0.0,0.0,0.0,0.0,0.0,0.0,0.0081362724610869,0.0,0.0,0.0133399951619197,0.0,0.0,0.0087792090685708,0.0,0.0,0.0,0.0,0.0,0.0,0.0,0.0,0.0248514623361596,0.0,0.0153126564058135,0.0220122892822233,0.0206801757736238,0.01865763725546,0.0,0.0081175310522504,0.0364464468273777,0.0,0.0,0.0,0.0,0.0,0.0,0.0,0.0126230347751452,0.0,0.0,0.0052860668914541,0.0,0.0,0.0,0.0,0.0,0.0,0.0,0.0,0.0,0.0,0.0,0.0,0.0,0.0,0.0,0.0,0.0,0.0,0.0,0.0,0.0,0.0068995153575721,0.0,0.0,0.0,0.0,0.0,0.0897908127106973,0.0039770874749101,0.0220024033690219,0.0,0.0,0.0,0.0,0.0,0.0,0.0,0.0,0.0,0.0,0.0,0.0,0.0160572226291582,0.0,0.0,0.0,0.0,0.0
MA,0.0566794633059034,0.0,0.0033679248896684,0.0099405122279593,0.0,0.0076532404335492,0.0277946436045168,0.0033438494887089,0.0277547983922095,0.0,0.0,0.0,0.0,0.011368915922631,0.0988147831854833,0.0,0.0,0.0,0.0,0.0,0.0,0.0741502301346526,0.0738020937612344,0.0112874495866619,0.0083846765301764,0.0039000232999622,0.0,0.0299692651147642,0.0,0.0,0.0165563952645428,0.0136159162496474,0.0,0.202757673845559,0.0381963879380343,0.0072485952926233,0.0072258161182671,0.0,0.0,0.0,0.0,0.0033283397803254,0.0,0.152750259865877,0.0059512648807892,0.0,0.0512063821534684,0.0170978959302069,0.0431739121751148,0.0707188358777925,0.0,0.0,0.0146004854343214,0.0616382135444453,0.0340520132682719,0.0898693227632668,0.0,0.0,0.0344371008187783,0.0,0.0,0.0,0.0223404547484534,0.0,0.0,0.0,0.0104019730680009,0.0,0.0672831637655498,0.0,0.0,0.0,0.0,0.0033474933164552,0.0203628660793994,0.0,0.0155620200290752,0.0,0.0160225377862999,0.0,0.0,0.294372576010788,0.0,0.0,0.0,0.0,0.0216448383918898,0.0,0.0039857392114912,0.0,0.0039791135066374,0.0,0.0160567173897663,0.0,0.0,0.0075528363399259,0.0092629318234184,0.0,0.0065360320390187,0.0303958919042958,0.0,0.229053330926743,0.0188791086423866,0.0,0.221263485159817,0.0,0.0,0.0,0.0,0.0716682051235974,0.0165953048259241,0.0330853829616767,0.0312933988850429,0.0701272730155873,0.147342575457805,0.0,0.0,0.0,0.0057710744896428,0.0147250708684562,0.0,0.0,0.0,0.0,0.0,0.0,0.0043497611245389,0.132719769549382,0.0110873962625825,0.0037881355608199,0.0,0.0,0.0041766453598521,0.0034256636788683,0.005564729130776,0.0,0.0,0.0,0.0,0.0,0.0,0.0063337705026751,0.0,0.005376530877483,0.0076771073259231,0.0,0.0056352312182885,0.0,0.0049915544504686,0.0099008959171699,0.0,0.0148557438561668,0.0096117791620555,0.0,0.0,0.0,0.0,0.0054859322311727,0.0,0.0,0.0147699042585924,0.198604398284567,0.0,0.0,0.0063546221963811,0.0036845562881229,0.0,0.0036856572132506,0.0,0.0,0.0,0.0,0.0,0.0,0.0,0.0,0.0,0.0,0.0,0.0,0.0,0.0080386594657796,0.0043300145366555,0.0,0.0,0.0,0.0378576081001245,0.0,0.0184930602054987,0.161814919148727,0.0,0.0,0.0,0.0,0.0,0.0043596644983504,0.0,0.0,0.0,0.0,0.0,0.0,0.0,0.0,0.0,0.0,0.0,0.0213523765074019,0.0,0.0,0.0,0.0,0.0,0.0,0.0,0.0,0.0,0.0,0.0,0.0,0.0,0.0,0.0,0.0,0.0,0.0,0.0,0.0,0.0,0.0,0.0,0.0,0.0,0.0,0.0,0.0,0.0,0.0,0.0,0.0,0.0051741269911103,0.0,0.0,0.0,0.0,0.008142098368939,0.0,0.0,0.0,0.0,0.0,0.0,0.0,0.0,0.0,0.0,0.0,0.0,0.0,0.0,0.0,0.0,0.0,0.0,0.0,0.0,0.0,0.0,0.0,0.0,0.0,0.0,0.0,0.0,0.0,0.0047241102711591,0.0,0.0,0.0,0.0,0.0,0.0,0.0,0.0,0.0,0.0,0.0,0.0204331388966227,0.0033701100942551,0.0,0.0204012464796887,0.0,0.0,0.0,0.0,0.0,0.0,0.0,0.0,0.0,0.0,0.0,0.0,0.0,0.0,0.0,0.0,0.0,0.0159458567162068,0.0,0.0144775312264581,0.0,0.0,0.0,0.0,0.0,0.0,0.0,0.0,0.0,0.0,0.0,0.0,0.0,0.0,0.0,0.0,0.0,0.0,0.0,0.0,0.0,0.0,0.0,0.0,0.0,0.0,0.0,0.0,0.0,0.0,0.0,0.0,0.0,0.0,0.0,0.0,0.0,0.0,0.0,0.0,0.0,0.0,0.0,0.0,0.0,0.0,0.0,0.0077950388384801,0.0,0.0046467170790028,0.0,0.0,0.0,0.0,0.0,0.0,0.0,0.0,0.0188464260613352,0.0073362951958169,0.0,0.0,0.0,0.0,0.0,0.0,0.0,0.0,0.0,0.0,0.0,0.0,0.0,0.0,0.0,0.0,0.0,0.0,0.0,0.0,0.0,0.0,0.0,0.0,0.0,0.0,0.0081241677632806,0.0,0.0,0.0,0.0,0.0,0.0,0.0,0.0,0.0,0.0,0.0,0.0,0.0,0.0,0.0,0.0,0.0,0.0,0.0068885980548293,0.0
MARN,0.0,0.0233826730254668,0.0047868416917437,0.0,0.0,0.0034092395889959,0.0063441797693239,0.0056388838542785,0.0,0.144064805451419,0.0,0.0,0.0,0.0,0.0,0.0322339680264907,0.0,0.0038886493836727,0.0,0.0,0.0,0.0,0.0,0.0042759270311686,0.0,0.0,0.0,0.0046056825060585,0.0033386764378117,0.0,0.0,0.0255029604049126,0.0,0.0,0.0,0.0,0.0248926697300985,0.0035249989885211,0.059222678935407,0.0392897598823728,0.0,0.0,0.0,0.0,0.0229012118466315,0.0,0.0,0.0,0.0,0.0,0.0,0.0257184572220788,0.0040327713427925,0.0,0.009140925936389,0.0045486438336249,0.297960493445379,0.0087417412919137,0.00568989828482,0.0337366677090161,0.0466480632751073,0.0220706293358949,0.0056482668532221,0.0,0.302159739438396,0.0,0.0075109580946985,0.0989191719755623,0.0,0.0250122136886244,0.0,0.0,0.0,0.0,0.0060055222662888,0.0,0.005955105690068,0.112357718205185,0.0,0.0,0.0,0.0,0.442315870750172,0.0,0.0267748244327636,0.0907284447305321,0.0,0.0,0.0,0.0,0.0,0.0,0.0,0.0656016713653527,0.0467009039506869,0.0050036210857652,0.0054538456184675,0.0051978497165565,0.0531573611489062,0.0,0.0257693430162956,0.0,0.0100815997066113,0.0262922597025556,0.0,0.0451883001971268,0.0115407105987944,0.0127629836496512,0.0288686427958859,0.0113348891480522,0.003816505852963,0.0066109925394073,0.0,0.0,0.0,0.067977006640506,0.0,0.0510834843088536,0.016569053393778,0.0059584970086813,0.0,0.0,0.0,0.0277608531831823,0.0427699099980341,0.254898969388503,0.0,0.0,0.0161089927265833,0.0,0.0,0.0,0.0,0.0,0.0496638986532931,0.0,0.0,0.113137857361479,0.0596497005647559,0.0165684207113626,0.0326487589398736,0.0,0.0083611880566454,0.0,0.0,0.0,0.0043468704872375,0.0,0.0,0.0,0.0,0.0539322173184991,0.047167823272171,0.0058087926908985,0.0,0.0,0.0,0.0,0.0376622762530309,0.0111614713507593,0.0,0.0,0.0,0.0140419160630398,0.0213362661059758,0.0122323599456773,0.115732784355027,0.0,0.0,0.0,0.0270652193828943,0.0152435816431201,0.0516606277157712,0.0494881735284736,0.0329082223176541,0.0373623876198596,0.028632510828095,0.0171303282470331,0.0260767474994174,0.0293312180797461,0.0266558099387438,0.041672379379934,0.0,0.0264711067976329,0.0252760812582584,0.0,0.0,0.0438184948939862,0.0,0.0,0.0,0.0340705361009451,0.0081168843615483,0.035199167942971,0.123234658960251,0.0059343717351456,0.0072898558474396,0.0069891763752887,0.0,0.0,0.0,0.0,0.0305720418270571,0.0,0.0,0.0,0.0077102083395438,0.0356447848653731,0.0169258809035931,0.0,0.0160653214570485,0.0,0.0,0.0,0.0,0.0064379960750926,0.0054564857681529,0.0,0.0654726671861571,0.0,0.0,0.0,0.0,0.0,0.0099573345906469,0.0,0.0,0.0,0.0,0.0,0.0,0.0,0.0,0.0,0.0,0.0,0.0,0.011595901167656,0.0,0.0,0.010604352228886,0.0,0.0,0.0,0.0,0.0176603258263,0.0118768237135479,0.0488784828254389,0.0517980822920146,0.0,0.0,0.0531880817046081,0.0,0.0131082308288672,0.0,0.0,0.0,0.0,0.0,0.0,0.0616377893997227,0.0050705568251705,0.0,0.0,0.0,0.0894749443485551,0.0083298413556311,0.0,0.0192770489220797,0.0206511523534084,0.0124108215243011,0.0,0.0,0.103465647552775,0.0553968971641552,0.0,0.0414570301649034,0.0,0.0286961258849114,0.0,0.0,0.0,0.0,0.0,0.0,0.0,0.0527016878054926,0.0,0.0,0.0,0.0,0.132423192034699,0.0,0.0651946160821042,0.0497061152238275,0.0,0.0,0.0,0.0,0.0,0.0,0.0,0.0532691605243658,0.0345476359407515,0.0,0.0,0.0,0.0197734161242786,0.0,0.0266522919356888,0.0,0.0053816039166905,0.0303281642668725,0.0,0.126594403197884,0.0091030966365535,0.0037409596510054,0.0731436607593901,0.0103649322191158,0.0,0.0059823518848216,0.0,0.0,0.0,0.0349966036838603,0.0,0.0431849662651117,0.0185505663058352,0.0,0.0,0.0,0.0,0.014253951127942,0.0246846417704757,0.0862171586245318,0.0,0.0,0.0091632675495924,0.0,0.0,0.0,0.0,0.0,0.0261938360440487,0.0,0.0058221272242949,0.0701450551713896,0.0453270364002205,0.019342408350412,0.0447072552137006,0.0,0.0044048942171643,0.0,0.0,0.0,0.0,0.0,0.0,0.0,0.0,0.0116943428335849,0.0119909580422444,0.0,0.0,0.0,0.0,0.0,0.0220747979860904,0.0062580719747795,0.0,0.0,0.0,0.0,0.0036929548239381,0.0,0.0603089160975108,0.0,0.0,0.0,0.0404812650840696,0.0513575600163424,0.0795345991962761,0.0540676639901599,0.0367275697471187,0.0166080252500745,0.0315421083214515,0.0181809063432879,0.0119840325085281,0.0154938809669533,0.022400753587746,0.0035956414614109,0.0,0.0309714489681381,0.0287169842307293,0.0,0.0,0.0238541604968721,0.0,0.0,0.0,0.0419283063692661,0.0,0.0289622573528169,0.0376966575302893,0.0060229885141759,0.0040446064142271,0.0,0.0,0.0,0.0,0.0,0.0,0.0,0.0,0.0,0.0,0.0047231656305845,0.0465824836169109
MD,0.0125648396311222,0.44213845545445,0.335431809120982,0.0115773924141485,0.0849611554255248,0.0380298159065365,0.351524768816352,0.0677893236942246,0.363351340358624,0.0070401238097322,0.289351687681081,0.348476977170625,0.0,0.0,0.0067323098506516,0.0721586461630267,0.0093480906190706,0.0,0.0,0.0,0.100784734730754,0.022061231654246,0.0213270450329823,0.0910494147367413,0.0041358529633476,0.0,0.0,0.0254033271460089,0.0,0.144387730018319,0.0076244356923148,0.051174452810901,0.531785953783174,0.0249388483886846,0.0107045866792086,0.0103242225197424,0.0929410207096548,0.0,0.0421294711217682,0.0,0.0,0.020813640309012,0.0103760778279664,0.0140160769622057,0.0511414521435014,0.0047327784520244,0.0145001166624791,0.0037220551550065,0.0135771333078457,0.0208002608665593,0.0,0.0047614684680738,0.40236400122737,0.0409525011214885,0.769110202556801,0.369539235156392,0.0111618703024826,0.146007460015067,0.0198597807442745,0.0169391104966878,0.0152512640184311,0.0163135461712067,0.656124716519015,1.21141555672327,0.0070838173806047,0.0075263066302602,0.0314271670053781,0.0061866385860887,0.0188900577545915,0.0,0.0085324374339173,0.0,0.0,0.598259944067242,0.098115992288828,0.0077826132108927,0.0594652276260963,0.0064904203460058,0.0140445751275459,0.0054703841300564,0.0101649117896399,0.191808271800807,0.0115225248653177,1.08138916274084,0.0,0.0039915170831997,0.0067704927535928,0.0,0.004027475196729,0.0,0.690597068798446,0.008608864723127,0.0,0.141260141488127,0.367217104463336,0.0361117981228307,0.0410156287585832,0.0432515673693003,0.0971309626947506,0.0173562595904788,0.0150823166899747,0.196990247328206,0.184390836786729,0.0169736754733685,0.0261718787971656,0.0058080510422612,0.0598391226348804,0.0778648637233185,0.0040813447162451,0.71319497434994,0.535115580676926,0.758004750139985,0.0173541720266639,0.0272668728589645,0.0237709571639543,0.0671883642887601,0.0,0.0057254802503951,0.0542561188892748,0.145620356951513,0.0050946270671127,0.262849395258996,0.0,0.0255634601877576,0.0071880442623602,0.0082133670205929,0.0291220191610289,0.0513759506699613,0.630156763832717,0.0133570035298423,0.0295459161150848,0.0116605025881288,0.0085804493594004,0.0,0.132294545801582,0.0,0.0,0.0537096431075191,0.0339844100999646,0.0051720237368503,0.0073724408460424,0.206784942151864,0.0503087386667782,0.0331395862157079,0.569971456545104,0.0078443840952813,0.0291711178760739,0.0,0.0250614958433182,0.069773207081214,0.408130418427422,0.0903038995173342,0.186676573066789,0.0403938749381665,0.022174326839063,0.0276767985523456,0.697236673697993,0.028256913044248,0.0672280965145747,0.0347951939641833,0.0121256338586493,0.165315878522767,0.0,0.178376576164162,0.239593413699469,0.271294974952167,0.0395560579977373,0.529182098298948,0.213307283891965,0.0694932510716522,0.0,0.0,0.0,0.00489555829735,0.0297716862292899,0.0388216014976846,0.0375157554891244,0.0152587462038337,0.0571380022338369,0.033806656304262,0.040701786120203,0.0817861595054825,0.0144354672166665,0.0184429272355645,0.0070207572819983,0.0038554847835752,0.0097138386708786,0.031378479039522,0.0526744500496527,0.010241403926328,0.0206897389934544,0.0095233736054192,0.517869835438325,0.0062727586366142,0.0049060812229193,0.0814760523706748,0.0068086136178721,0.100860736127571,0.0,0.0,0.0,0.0458540090295667,0.358564522935248,0.0143969230483065,0.198224234751507,0.0523236376120536,0.175878490685235,0.0858337995287561,0.0,0.0043330827116586,0.0271112558226792,0.0349776643955596,0.0,0.0,0.0174050802483425,0.253766351028219,0.0470256516181361,0.279186453172178,0.0090991868881365,0.0050171456979965,0.0230642352098456,0.0,0.0,0.0033936308278073,0.0209003798869252,0.0042603785011849,0.0,0.0,0.0,0.0,0.0,0.0,0.0182372657123664,0.0,0.0,0.0,0.0055114088472763,0.0037293623137064,0.0045906157324756,0.0,0.0192984960316171,0.0552287417303859,0.0,0.0,0.0,0.0539929145320244,0.0039483746037037,0.0104456427141516,0.0076329312881957,0.0,0.0086242672276956,0.092646873286334,0.0062973254974405,0.0118628844035901,0.0,0.0,0.0,0.0,0.0,0.0,0.022763488532971,0.149096015892064,0.0,0.074935267734401,0.0469006268137984,0.0061347556194404,0.11570610129128,0.0064728491130756,0.0,0.0,0.0035621691068909,0.262896378587237,0.0483339763141768,0.0077640154437864,0.0730239835606437,0.0250778463523974,0.0049774710244275,0.0,0.0075713975502956,0.0,0.0,0.0,0.0784319839496394,0.0347897264774573,0.0,0.0237263119002841,0.0107431962321499,0.0035733870204591,0.0,0.0,0.0363899242800545,0.0074405672920646,0.0224539859137468,0.0074270562489833,0.0073917857701634,0.0,0.0,0.0,0.0,0.0877009421944209,0.0043684947086493,0.0,0.0482401722347563,0.0721727363145931,0.0181467127891003,0.0189571343928855,0.011038852473418,0.0352014371058995,0.0115985806785949,0.0077950158528543,0.0360777890844548,0.0872906783515045,0.0103077601765758,0.0,0.0166942984925203,0.0166669732889789,0.0192335941823301,0.012720897099449,0.316539870230368,0.168070153081338,0.262971458288404,0.0,0.0,0.0,0.0158159785397921,0.0,0.0049390178896517,0.0270113907590783,0.0699526036178794,0.0,0.0033556491769105,0.0,0.0115073215178407,0.0046193674452971,0.0101331486025907,0.0073154597522038,0.0,0.22559372705322,0.0063884311724571,0.0,0.0,0.0,0.0,0.0535744389410915,0.0,0.0077849292606538,0.0272462831903027,0.0118612241299112,0.0044275002830293,0.0093434947528577,0.0065334111729495,0.0,0.0172831265389856,0.0400816069508906,0.0037403202043289,0.016202361099722,0.0,0.0108647903530881,0.0230486038827856,0.0478523204247246,0.0305589200061085,0.068696519425292,0.0,0.0,0.0,0.0977994534245234,0.0146322192948937,0.0159452409704913,0.0,0.0033938954840789,0.0293754167483699,0.0,0.0186240146679989,0.0772210964919225,0.0893473329607206,0.0280821771355863,0.0604494374623453,0.0429185787591458,0.0,0.0039836471680253,0.0040466553042442,0.0048100682314511,0.004195644170874,0.0,0.0,0.0092934830697703,0.0,0.0,0.0,0.0086752377212994,0.0206662481812969,0.0061266000309866,0.0120742933110491,0.0077493418951551,0.0,0.0,0.0179983623442175,0.0150789283336465,0.0042662803739598,0.0077950912254817,0.009688795063621,0.0548342194171159,0.003555928300287,0.0044248897240675,0.0530468979213344,0.0,0.0,0.0,0.0,0.0,0.0,0.0485272427211314,0.0062850488175407,0.0230882742709998,0.0039826278683692,0.0137608091227616,0.0270779525702321,0.0119949056240383
MDRNd,0.0074179721942153,0.0039141077225578,0.0,0.0,0.0,0.0,0.0,0.0,0.0,0.271823448535413,0.0,0.0,0.0033093334364641,0.0,0.0,0.0057326844788186,0.0,0.0,0.0,0.0,0.0,0.0,0.0,0.0,0.0,0.0,0.0,0.0102530396519531,0.0242744922107106,0.0,0.0,0.0061251732803497,0.0,0.0,0.0,0.0,0.0,0.0208819596701304,0.0047245878668584,0.197442233838937,0.0,0.0,0.0824574964999403,0.0,0.0,0.0,0.0,0.0,0.0,0.0,0.0,0.0204832494064873,0.0,0.0,0.0,0.0033521726766942,0.185027205081548,0.0,0.0143240964853215,0.0,0.0,0.0,0.0035440703230374,0.0,0.181247057246933,0.175804421195917,0.0,0.325882436889164,0.0,0.111745759111542,0.0,0.0,0.0,0.0,0.0,0.0,0.0,0.362037947943397,0.0,0.0,0.0,0.0,0.171778640458552,0.0,1.32841128146736,0.673934732004113,0.0042391271772509,0.0,0.0,0.0,0.0,0.0,0.0,0.0132415498092707,0.0089472174588761,0.0,0.0,0.0,0.0098785840594284,0.0,0.0948563574318097,0.0,0.0,0.100219590414998,0.0,0.0325301326149183,0.0,0.0050580674353783,0.614929481678871,0.0,0.0,0.0,0.0,0.0,0.0,0.0105111596173152,0.0,0.284690097109666,0.0308651496940629,0.0059337057944347,0.0,0.0,0.0,0.0039141883546422,0.074774872632732,0.197058530511871,0.0,0.0,0.0077272843678843,0.0,0.0,0.0,0.0,0.0,0.005759626805088,0.0,0.0165071636604092,0.0364355373884825,0.0171697830424807,0.040731857175716,0.132293639360346,0.0,0.0,0.0,0.0,0.0,0.0,0.0,0.0,0.0,0.0,0.0123149199593191,0.0068278134472121,0.0,0.0,0.0,0.0,0.0,0.0048818452122199,0.0,0.0,0.0,0.0086733781494045,0.0,0.0034247646023113,0.0,0.0399929924566554,0.0,0.0,0.0,0.238074997150207,1.4232016609357,0.534011776267613,0.252906906805784,0.0,0.0,0.0,0.0,0.0,0.0,0.0,0.0110197535949913,0.0,0.0651711028854057,0.0827956785129314,0.0,0.0,0.0074341683736393,0.0,0.0,0.0,0.099195731556541,0.0,0.222053210711292,0.1478765537523,0.0,0.0,0.0,0.0,0.0,0.0,0.0,0.0,0.0,0.0,0.0,0.0,0.0052387760326153,0.31316293684202,0.0,0.0192911665829655,0.0,0.0,0.0,0.0,0.0239397028354005,0.0207729222105286,0.0207633026321482,0.0896592094232904,0.0,0.0,0.0,0.0,0.0,0.014253720930158,0.0,0.0,0.0,0.0,0.0,0.0,0.0,0.0,0.0,0.0,0.0,0.0,0.0059720188240413,0.0,0.0,0.0393319290120209,0.0,0.0,0.0,0.0,0.0,0.0059398384212627,0.0,0.0372192880497587,0.0,0.0,0.0,0.0,0.0053414290092745,0.0,0.0,0.0,0.0,0.0,0.0,0.0653391436234947,0.0081976565044816,0.0,0.0,0.0,0.106957092927888,0.0179465936007626,0.0,0.0,0.0,0.0,0.0061210799136639,0.0,0.0966106984564511,0.0045590326865955,0.0128666920529404,0.100378845562073,0.0,0.0285842948825303,0.0,0.0,0.0,0.0,0.0,0.0,0.0,0.0977542757516052,0.0,0.0,0.0,0.0,0.104842006060196,0.0,0.164005360808816,0.0867222745370808,0.0,0.0,0.0,0.0,0.0,0.0,0.0,0.117651205438579,0.0551450608957601,0.0,0.0,0.0,0.0300803901866962,0.0,0.0393989305581315,0.0,0.0,0.0232777716814096,0.0,0.0312411787592921,0.0102757240527016,0.010508997445907,0.144824889647984,0.0275984782751591,0.0062436257333237,0.0181510631109336,0.0,0.0,0.0,0.0154973954569669,0.0,0.0928362167387211,0.0099626515920286,0.0,0.0,0.0,0.0,0.0,0.0531674026295213,0.0896763927179251,0.0,0.0,0.0130196914111342,0.0,0.0,0.0,0.0,0.0,0.0075104870278184,0.0,0.0,0.0150567134931056,0.0063032454925581,0.0278350637036799,0.0303176657007729,0.0,0.0147957865578755,0.0,0.0,0.0,0.0,0.0,0.0,0.0,0.0,0.0675504382711751,0.0341204509025443,0.0,0.0,0.0,0.0,0.0,0.0099877431908812,0.0,0.0,0.0,0.0,0.0,0.0219913259276953,0.009142455050372,0.0154540267919713,0.0,0.0,0.0,0.0522981857841567,0.20562113908509,0.0848113275580201,0.0819986317457001,0.0768986043885602,0.0179616019287929,0.0614944724623143,0.0333842050313556,0.0253639192567628,0.0485271222511272,0.058706253811117,0.0,0.0,0.0195130482371905,0.0224648622911752,0.0,0.0,0.0040941020694919,0.0,0.0,0.0,0.0248794968419997,0.0,0.0703059244296121,0.0842042655996893,0.0279243923484246,0.0042865070153579,0.0083674798250864,0.0,0.0,0.0,0.0,0.0,0.0,0.0,0.0,0.0,0.0540674085928998,0.0819164924072588
MDRNv,0.0,0.0057411835911353,0.0,0.0,0.0,0.0,0.0,0.0,0.0,0.218537354726489,0.0,0.0,0.0,0.0,0.0,0.0077706792159868,0.0,0.0,0.0,0.0,0.0,0.0,0.0,0.0,0.0,0.0,0.0,0.0,0.0059886855412986,0.0,0.0,0.0133607924583,0.0,0.0,0.0,0.0,0.0191509613241486,0.006677078413038,0.0034576086827618,0.128154697249413,0.0,0.0,0.0089672547346518,0.0,0.0037838796431014,0.0,0.0,0.0,0.0,0.0,0.0,0.058095898594173,0.0,0.0,0.0,0.0,0.296812708443999,0.0,0.0,0.0,0.0053480395051723,0.0,0.0,0.0,0.253150725255589,0.009195361335256,0.0,0.282043059653574,0.0,0.117109902360732,0.0,0.0,0.0,0.0,0.0,0.0,0.0,0.276273088847913,0.0,0.0,0.0,0.0,0.261102168975931,0.0,0.467617905097971,0.360916574682909,0.0,0.0,0.0,0.0,0.0,0.0,0.0,0.0189189322128392,0.0128186023483451,0.0,0.0,0.0,0.0158164786897261,0.0,0.0881944531214524,0.0,0.0036417293577862,0.0398198675043629,0.0,0.061248035772662,0.0,0.0097680288441732,0.266380170573138,0.0,0.0,0.0,0.0,0.0,0.0,0.0174156768935379,0.0,0.215495195304469,0.030957911256172,0.0,0.0,0.0,0.0,0.0,0.118175691801038,0.207747679344411,0.0,0.0,0.0,0.0,0.0,0.0,0.0,0.0,0.0056998044198094,0.0,0.0,0.0700887298082718,0.0517319943059638,0.0443286092155607,0.0852534372423698,0.0,0.0,0.0,0.0,0.0,0.0,0.0,0.0,0.0,0.0,0.024812321840415,0.0085770181916402,0.0,0.0,0.0,0.0,0.0,0.0059182273504228,0.0,0.0,0.0,0.0,0.0,0.0,0.0,0.0480813173437464,0.0,0.0,0.0,0.0948262370881833,0.336250600410378,0.150580866279742,0.176648124894623,0.0,0.0,0.0,0.0,0.0,0.0,0.0,0.0110854643430245,0.0,0.0498646943735093,0.093045257212668,0.0,0.0,0.0082468627057379,0.0,0.0,0.0,0.0757245304019426,0.0,0.208736931090831,0.206602659489152,0.0,0.0,0.0,0.0,0.0,0.0,0.0,0.0,0.0,0.0,0.0,0.0,0.0084081102346025,0.292991367033582,0.0,0.0199616050463038,0.0,0.0,0.0,0.0,0.0072951396871769,0.0,0.0,0.0992362436154818,0.0,0.0,0.0,0.0,0.0,0.009678418507012,0.0,0.0,0.0,0.0,0.0,0.0,0.0,0.0,0.0,0.0,0.0,0.0,0.0261772516070613,0.0,0.0,0.0137236366996356,0.0,0.0,0.0,0.0,0.0099183343789641,0.031279234390608,0.0,0.140837452742536,0.0,0.0,0.0162814469178579,0.0,0.0,0.0,0.0,0.0,0.0,0.0,0.0,0.311305237594007,0.0042447274178978,0.0,0.0,0.0,0.14294448835489,0.0,0.0,0.0,0.0,0.0,0.0,0.0,0.132443371772108,0.0224743444365037,0.003728346355699,0.129656532993862,0.0,0.145739548971222,0.0,0.0,0.0,0.0,0.0,0.0,0.0,0.106468842938149,0.0,0.0,0.0,0.0,0.126227091763267,0.0,0.168184264684958,0.141562986636388,0.0,0.0,0.0,0.0,0.0,0.0,0.0,0.065597598440826,0.040702847945262,0.0,0.0,0.0,0.0128210726709135,0.0,0.0626767273533615,0.0,0.0,0.0143586720566828,0.0,0.235305450644442,0.0112261188811088,0.0052142055487968,0.111212264099256,0.0119794362053672,0.0,0.008133760169312,0.0,0.0,0.0,0.008161557849781,0.0,0.103501418447666,0.0069589799439614,0.0,0.0,0.0,0.0,0.0,0.0886375175480969,0.092499654062077,0.0,0.0,0.0079588564766001,0.0,0.0,0.0,0.0,0.0,0.0050722499439535,0.0,0.0043745489237019,0.0370436615902299,0.0236067584557812,0.0608585565140273,0.0222092600606215,0.0,0.0033526831274406,0.0,0.0,0.0,0.0,0.0042785874669803,0.0,0.0,0.0,0.0186008624556464,0.0075547149301323,0.0,0.0,0.0,0.0,0.0,0.0110108209145897,0.0,0.0,0.0,0.0,0.0,0.0,0.0,0.0276854750917832,0.0,0.0,0.0,0.0892272688155007,0.1011062138035,0.063822668927079,0.0838472164737836,0.0124020742966984,0.018310499898898,0.0130228637826521,0.0085782913425101,0.0077566270896415,0.0225754231811799,0.0057654808769981,0.0,0.0,0.0142712892799151,0.127438360469305,0.0,0.0,0.0057309126394766,0.0,0.0,0.0,0.0198393872003081,0.0,0.0802984657856493,0.0780794692598621,0.0,0.0,0.0,0.0,0.0,0.0,0.0,0.0,0.0,0.0,0.0,0.0,0.0090352500104898,0.10780710317751
MEA,2.3570024198571,0.0,0.0631006130095159,0.010638906969246,0.0,0.0770621463519726,0.0221605520700424,0.0588078970829735,0.0257178607324077,0.0,0.0560854349837651,0.0540101938208756,0.0,0.0451362559894228,0.184718586208439,0.0037815475086228,0.105792286651863,0.0,0.005294921716258,0.0156074510848941,0.0,1.33087546080144,1.47721684725653,0.252133926740115,0.0638201841680342,0.0396562745551532,0.0435113381855106,0.5996482293576,0.0,0.0,0.0965393653852868,0.0050471142318689,0.0199501112912342,1.40763118497309,2.23920912896428,0.0191221995808245,0.0047999628264132,0.0,0.0,0.0,0.0303779673332275,0.0781396299990428,0.0,0.568271180855121,0.0,0.0234189628333181,0.172196669455965,0.0490508117144609,0.45152886692321,1.19479193996703,0.0,0.0,0.009544595324003,0.0790243788286047,0.0592613492494637,0.135159354634289,0.0,0.0098031851797636,1.25821548585379,0.0,0.0,0.0,0.374528934782906,0.0135030795879355,0.0,0.0,0.0045706333385067,0.0,0.827376804898636,0.0,0.0,0.0,0.0351310640905167,0.0759807291023623,0.104311192389587,0.0,0.0730153808303661,0.0,0.0245169886131542,0.0077058107781144,0.0033343624025572,0.154767268588398,0.0,0.0176746676428688,0.0,0.0,1.83724169582392,0.0369928068516986,0.340371067591395,0.184927305572233,0.0887808858787808,0.0444719011603992,0.0439912414217578,0.0,0.0,0.0668327541824742,0.0598276127247318,0.0095926003814162,0.0044483141008173,0.19804938658488,0.0,0.152652532776646,0.0041606164385939,0.0042722780065013,1.31910325329195,0.0,0.0045529545470757,0.0161429354355576,0.0,0.0262571765283808,0.0626370462293185,0.0205525912209914,0.467462072582022,1.91375855119985,1.53384641826878,0.0,0.0125201697381882,0.0,0.0121276485692719,0.005056595768487,0.0235838123350356,0.0035641139096965,0.0,0.0,0.0,0.0,0.0456675898710263,0.59818317762281,0.0851774737479935,0.0680119826938041,0.0,0.236236014139206,0.0816797587021144,0.268685163737954,0.0079377121715113,0.0190673468451971,0.0,0.0,0.0,0.0,0.0,0.275137852119271,0.0,0.0782104653339556,0.204440007361172,0.0928991754691291,0.0567617155933124,0.0,0.0671028793587044,0.176055971320744,0.021662076878299,0.00566823643086,0.0082306608001558,0.0,0.0,0.0,0.0066971184766034,0.0718955090494029,0.0,0.0,0.0235603552603036,0.12746068550122,0.0,0.0128799876266385,0.0039413357338896,0.0036253338305621,0.0,0.0131331728090681,0.0037250782975135,0.131332262024006,0.0,0.0,0.0,0.0,0.0,0.0,0.0,0.0,0.0,0.0,0.0064828004268181,0.03057121262708,0.0420511834727703,0.0034634620037171,0.0,0.0178608656909068,1.31131083661417,0.0,0.333530399708017,0.373390332504382,0.114548276028076,0.0,0.0,0.0,0.0,0.0739154687264702,0.0,0.0,0.0,0.0,0.0,0.0,0.0,0.0912967209142246,0.0,0.0,0.0,0.0057117600489583,0.0,0.0035992668366826,0.0,0.0,0.0,0.0,0.0035628567297559,0.0,0.0,0.0,0.0,0.0,0.0,0.0,0.0048727377576852,0.0052854683511634,0.0,0.0169426546504683,0.0,0.0,0.0,0.0,0.0200366249137159,0.0250195399157913,0.0051817417787738,0.007429863433396,0.0054715931803981,0.0043351070326052,0.0043999010560092,0.0,0.0056274797926236,0.0037917734882155,0.0046195400750793,0.0040980858770021,0.0081363348248756,0.0795183442032955,0.0,0.0060124552927889,0.0035062314010217,0.0,0.0055566260603697,0.0057610427881796,0.0102504270573407,0.0039038811290962,0.0114858644635085,0.0045658314851662,0.0103872422009759,0.0,0.0061208517594773,0.0069417825820043,0.0179949809489239,0.0,0.0,0.0041822583515752,0.0,0.0,0.0,0.0,0.0,0.0,0.0051503060102017,0.0038560186954023,0.0061949868254711,0.0119724228969695,0.0045422308833763,0.005152035295014,0.0033731429604493,0.0034612014026029,0.0,0.0106250892381711,0.0060793881811172,0.0091060692160148,0.0,0.0083170411933182,0.0183729705046871,0.004813291039608,0.0,0.0,0.0,0.0116666408113021,0.0,0.0,0.0,0.0047630174702154,0.0040131022673824,0.0,0.0,0.0,0.010824898750752,0.0221117960687283,0.0162750468364279,0.0207385154117535,0.0178630110061238,0.0,0.0,0.0,0.0,0.0,0.0059818048395901,0.0,0.0389113558403779,0.0,0.0064021490262995,0.0,0.0047030711993181,0.0,0.0,0.0049290963279001,0.0056150174287515,0.0041532432237381,0.0,0.0,0.0,0.0,0.0268590811192668,0.0253093385650851,0.0,0.0153669610160946,0.0,0.0068062474595707,0.0052922755636233,0.0103895437078715,0.0063342236035156,0.0,0.0,0.0,0.0049497382716059,0.0055091472530592,0.0046302011677191,0.004307317295766,0.0161057627593364,0.0106022141794402,0.0108493862125545,0.0166087953587717,0.0174832188595559,0.0,0.012094911265569,0.0,0.0,0.0035138966081689,0.0,0.0073796941114105,0.0065336092403431,0.0,0.0,0.0148833410677428,0.0273082756126715,0.0,0.0,0.0059196228551268,0.0978349249976648,0.0112103861433209,0.0,0.0,0.0,0.0,0.0,0.0044239881622364,0.0037000946527668,0.0053162005752339,0.010084623402012,0.0097312709525157,0.0,0.0,0.0099213043214068,0.0,0.0,0.0,0.005918778843288,0.0033549670501501,0.0274906825011279,0.0042985465756194,0.0033158989802118,0.0,0.0,0.0,0.0,0.0,0.0,0.0,0.0,0.0,0.0085178771723765,0.0096487881881285,0.0056411843022953,0.0056115761886666,0.0072535490622524,0.02826601374592,0.0,0.0215135233670884,0.0084312716590116,0.0138231453808208,0.0070941563817086,0.0,0.0,0.0,0.0,0.0047980308205544,0.0,0.0,0.0,0.0,0.0,0.0,0.0123698899331354,0.006398795302247,0.0085193762959393,0.0036189122974971,0.004899867221677,0.0035189142415364
MGd,0.0,0.0,0.0,0.0,0.0,0.0,0.0,0.0,0.0,0.0,0.0,0.0,0.0,0.0,0.0,0.0,0.0037608400039029,0.0971725436868012,0.295403787507539,0.353117022123638,0.0,0.0,0.0,0.0,0.0063828442279181,0.0042550193499163,0.0072312211401211,0.0,0.0,0.0,0.0,0.0,0.0,0.0,0.0,0.0,0.0,0.0,0.0136992030065624,0.0,0.012155472530848,0.0,0.0,0.0,0.0,0.131972350523443,0.003556196898877,0.0,0.0,0.0,0.0,0.0,0.0,0.0,0.0,0.0,0.0,0.0,0.0,0.0822354090506951,0.0630651895962431,0.0965450006120752,0.0,0.0,0.0,0.0,0.0,0.0,0.0,0.0,0.0,0.0066690149894861,0.0100010261677689,0.0,0.0,0.0148332644113972,0.0,0.0,0.0,0.0,0.0,0.0,0.0,0.0,0.0,0.0,0.0,0.0495597403344974,0.0173027372808255,0.0233530916371142,0.0,0.0,0.0,0.0,0.0,0.0,0.0,0.0,0.0,0.0,0.0,0.0,0.0,0.0,0.0,0.0,0.0038762137315623,0.0,0.0,0.0,0.0,0.0,0.0,0.0,0.0,0.0054429340868051,0.0040850718892256,0.0,0.0,0.0,0.129366576332828,0.0,0.0,0.0,0.0,0.0,0.0,0.0,0.0,0.0,0.0,0.0393406121204489,0.0036861773350472,0.0208136532333563,0.0,0.0096497637532054,0.0,0.0,0.0,0.0,0.0,0.0,0.0157684610599824,0.0,0.0,0.0,0.0,0.0,0.0039002031563588,0.0,0.0,0.0,0.0,0.0092168382068255,0.0052107610117425,0.0033933963680792,0.0,0.0,0.0266551872137829,0.0399916833892717,0.0,0.0,0.0,0.0,0.0,0.0,0.0,0.0,0.0,0.0038540639700741,0.0,0.0,0.0,0.0,0.0056903083396755,0.0,0.0,0.0,0.0048835136240337,0.0,0.0109450134276526,0.0,0.0,0.0,0.0,0.180161726774547,0.0,0.0,0.0,0.0,0.0,0.0,0.0,0.0,0.0,0.0,0.0957603788424615,0.0190948813065203,0.0343306080861522,0.0084322739847973,0.0183104534086448,0.0148964428681539,0.0,0.0039483113637999,0.0,0.0,0.0,0.0,0.0,0.0,0.0,0.0,0.0,0.0,0.0,0.0,0.0,0.0,0.0,0.0,0.0,0.0,0.0,0.0,0.0,0.0,0.0,0.0,0.0,0.0,0.0,0.0,0.0,0.0,0.0,0.0,0.0,0.0,0.0,0.0,0.0,0.0,0.0,0.0,0.0,0.0,0.0,0.0,0.0,0.0,0.0,0.0,0.0,0.0,0.0,0.0,0.0,0.0,0.0,0.0,0.0,0.0,0.0,0.0,0.0,0.0,0.0,0.0,0.016067646162775,0.0105493806550663,0.0159123863423702,0.0,0.0,0.0,0.0,0.0,0.0,0.0,0.0,0.0,0.0,0.0,0.0,0.0,0.0,0.0,0.0,0.0,0.0,0.0,0.0,0.0,0.0,0.0,0.0,0.0,0.0,0.0,0.0,0.0,0.0,0.0,0.0,0.0,0.0,0.0,0.0,0.0,0.0,0.0,0.0,0.0,0.0,0.0,0.0,0.0,0.0,0.0,0.0,0.0,0.0,0.0,0.0,0.0,0.0,0.0,0.0,0.0,0.0,0.0,0.0,0.0,0.0,0.0,0.0,0.0,0.0,0.0,0.0,0.0,0.0,0.0,0.0,0.0,0.0,0.0,0.0,0.0,0.0,0.0,0.0,0.0,0.0,0.0,0.0,0.0,0.0,0.0,0.0,0.0,0.0,0.0,0.0,0.0,0.0,0.0,0.0,0.0,0.0043683967218241,0.0,0.0,0.0,0.0,0.0,0.0,0.0,0.0,0.0,0.0,0.0,0.0,0.0,0.0,0.0,0.0,0.0,0.0,0.0,0.0,0.0,0.0,0.0,0.0,0.0,0.0,0.0,0.0,0.0,0.0,0.0,0.0,0.0,0.0,0.0,0.0,0.0,0.0,0.0,0.0,0.0,0.0,0.0,0.0,0.0,0.0,0.0,0.0,0.0
MGm,0.0,0.0304067941547593,0.0282338123766773,0.0,0.0,0.00386088734814,0.0,0.0076837638809037,0.0,0.0,0.0,0.0,0.0,0.0,0.0,0.0238546362601703,0.0067032995368377,0.137964750256599,0.209591070244864,0.238161246734607,0.0,0.0,0.0,0.0,0.0,0.0,0.0,0.0033497812840778,0.0,0.0,0.0,0.0,0.0,0.0,0.0,0.0,0.0,0.0,0.0420502350388822,0.0,0.0,0.0040592934099214,0.0,0.0,0.0,0.077196741743281,0.0,0.0,0.0,0.0,0.0,0.0,0.0,0.0,0.0,0.0,0.0,0.0,0.0,0.157350883601956,0.135163774071627,0.195467611950564,0.0096052202825435,0.0,0.0,0.0,0.0,0.0,0.0,0.0,0.0,0.027732178052809,0.287431359114324,0.0,0.0034611173502741,0.0223980456289292,0.0,0.0,0.0,0.0,0.0,0.0,0.0,0.0,0.0,0.0,0.0,0.501257555297467,0.297869256837735,0.593081255599573,0.0,0.0,0.0,0.006366607183025,0.011016985841715,0.0,0.0,0.0074317573767236,0.0149935047249009,0.0,0.0,0.0,0.0,0.0121916557450629,0.0,0.0,0.0159333535656372,0.0076657960191235,0.0,0.0,0.0,0.0,0.0,0.0,0.0,0.017694134871537,0.0,0.0,0.0060715446063677,0.0,0.0757578110435706,0.0,0.0,0.0,0.0,0.0,0.0,0.0,0.0047199066871802,0.0,0.0,0.196564367939325,0.0,0.537351085440363,0.0141679642042837,0.0,0.0,0.0,0.0,0.0,0.0085940050340677,0.0,0.0490359205929702,0.0,0.0,0.0,0.0,0.0,0.0069537841058963,0.0,0.0,0.0066982830903212,0.0077687373023197,0.042656947803603,0.0350062941503601,0.0384183106774764,0.0,0.0041710774525501,0.0526468014136447,0.0488102400771291,0.0,0.0,0.0,0.0,0.0077510806805327,0.0074021213606991,0.0,0.0,0.0,0.0502291688268675,0.0,0.0,0.0,0.0,0.059237860696238,0.0304958572339409,0.0,0.0192669378445707,0.0601922755212642,0.0197834517714244,0.0773591649468352,0.0145266894559663,0.0,0.0083805350323256,0.0,0.105344496294077,0.0,0.0,0.0,0.0,0.0049931883868557,0.0071775784921706,0.0,0.0,0.0,0.0142277966310857,0.117447400467533,0.0686406157828464,0.031895810152,0.0082274865030824,0.0102955139735728,0.0384970463665226,0.0,0.0073425353959656,0.0,0.0,0.0,0.0052472919240668,0.0,0.0,0.0,0.0,0.0,0.0,0.0,0.0,0.0,0.0,0.0050313650861335,0.0,0.0,0.0,0.0,0.0,0.0,0.0,0.0,0.0,0.0,0.0,0.0,0.0,0.0,0.0,0.0,0.0,0.0,0.0,0.0,0.0,0.0,0.0,0.0,0.0,0.0,0.0,0.0,0.0078103640822851,0.0100879869678081,0.0,0.0,0.0108838298780994,0.0,0.0,0.0,0.0,0.0,0.0,0.0,0.0,0.0,0.0,0.0,0.0,0.0,0.0,0.0,0.0,0.016801266507634,0.0131789304382222,0.0180831456654175,0.0,0.0,0.0033056145526673,0.0076364600091659,0.0,0.0,0.0,0.0,0.0,0.0,0.0,0.0,0.0,0.0,0.0,0.0048202690235528,0.0,0.0,0.0,0.0,0.0,0.0,0.0074265319681965,0.0037125615498977,0.0,0.0,0.0,0.0,0.0,0.0,0.0,0.0,0.0,0.0,0.0,0.0,0.0,0.0,0.0,0.0,0.0,0.0133125735016075,0.0,0.0,0.0,0.0,0.0206692209983782,0.0,0.0,0.0,0.0,0.0,0.0,0.0,0.0,0.0039327300482416,0.0037359471400925,0.0,0.0,0.0,0.0,0.0,0.0,0.0057688416755416,0.0,0.0,0.0,0.0,0.0,0.0,0.0,0.0,0.0,0.0,0.0,0.0,0.0,0.0,0.0159690613431679,0.0,0.0,0.0,0.0,0.0,0.0,0.0,0.0,0.0,0.0,0.0,0.0,0.0,0.0,0.0,0.0,0.0,0.0062068718986915,0.0067461883388541,0.0,0.0,0.0,0.0,0.0,0.0,0.0,0.0,0.0,0.0,0.0052422297342307,0.0125142220406703,0.0216894207451312,0.0060436036060806,0.0,0.0,0.0,0.0,0.0,0.0,0.0,0.0,0.0,0.0089087971127141,0.0,0.0,0.0,0.0,0.0,0.0,0.0,0.0123528859588045,0.0,0.0,0.0,0.0,0.0,0.0,0.0,0.0,0.0,0.0,0.0,0.0,0.0,0.0,0.0,0.0,0.0161391299472659
MGv,0.0,0.0,0.0,0.0,0.0,0.0043909884758293,0.0,0.0,0.0,0.0,0.0,0.0,0.0,0.0,0.0,0.0,0.0085254100870261,0.250505493835435,0.49962062744681,0.587063738946895,0.0,0.0,0.0,0.0,0.0054258902391261,0.004106614905196,0.0089583661477995,0.0,0.0,0.0,0.0,0.0,0.0,0.0,0.0,0.0,0.0,0.0,0.041714229350087,0.0,0.0112310588263242,0.0047603679325927,0.0,0.0,0.0,0.185514748349862,0.0040134554713117,0.0034526964376619,0.0,0.0,0.0,0.0,0.0,0.0,0.0,0.0,0.0,0.0,0.0,0.199485804252354,0.149444807020844,0.226477287915468,0.0038527899171777,0.0,0.0,0.0,0.0,0.0,0.0,0.0,0.0055527934962444,0.0377854824613314,0.482522173351142,0.0,0.0,0.0138506861483758,0.0,0.0,0.0,0.0,0.0,0.0,0.0,0.0,0.0,0.0,0.0,0.800691391051849,0.340753727950206,0.937114230101892,0.0,0.0,0.0,0.0,0.0,0.0,0.0,0.006111463329418,0.0065043288491746,0.0,0.0,0.0,0.0,0.0051159039440134,0.0,0.0,0.0091407068299973,0.0,0.0,0.0,0.0,0.0,0.0,0.0,0.0,0.0153490236620428,0.0052532700712435,0.0,0.0,0.0,0.181725992430567,0.0,0.0,0.0,0.0,0.0,0.0,0.0,0.0,0.0,0.0,0.172519800118938,0.0,0.801631252783877,0.008994527151289,0.010865606362718,0.0,0.0,0.0,0.0,0.0038055493175058,0.0,0.0328310625162556,0.0,0.0,0.0,0.0,0.0,0.0087822353330915,0.0,0.0,0.0,0.0,0.0196386960079793,0.0110524983185051,0.0075102027182369,0.0,0.0050704582599681,0.0581694476894428,0.0744832228925386,0.0,0.0,0.0,0.0,0.0,0.0,0.0,0.0,0.0,0.0117183361084043,0.0,0.0,0.0,0.0,0.0206133201553315,0.0064495249423846,0.0,0.0045035668206502,0.021114098927036,0.0,0.0405765501359833,0.0037008267483491,0.0,0.0033807146007991,0.0,0.2490345404061,0.0,0.0,0.0,0.0,0.0058605109275979,0.0,0.0,0.0,0.0,0.0,0.196030464961702,0.0386539382344565,0.0516069081537314,0.0125563429746473,0.0247199620841983,0.0283451775147075,0.0,0.0090484424642458,0.0,0.0,0.0,0.0,0.0,0.0,0.0,0.0,0.0,0.0,0.0,0.0,0.0,0.0,0.0,0.0,0.0,0.0,0.0,0.0,0.0,0.0,0.0,0.0,0.0,0.0,0.0,0.0,0.0,0.0,0.0,0.0,0.0,0.0,0.0,0.0,0.0,0.0,0.0,0.0,0.0,0.0,0.0,0.0056999732239327,0.0,0.0,0.0,0.0,0.0,0.0,0.0,0.0,0.0,0.0,0.0,0.0,0.0,0.0,0.0,0.0,0.0,0.0,0.0,0.0,0.0322078076312197,0.0197096661079419,0.0297793411381271,0.0,0.0,0.0,0.0,0.0,0.0,0.0,0.0,0.0,0.0,0.0,0.0,0.0,0.0,0.0,0.0,0.0,0.0,0.0,0.0,0.0,0.0,0.0,0.0,0.0,0.0,0.0,0.0,0.0,0.0,0.0,0.0,0.0,0.0,0.0,0.0,0.0,0.0,0.0,0.0,0.0,0.0,0.0,0.0,0.0,0.0,0.0037817517201483,0.0,0.0,0.0,0.0,0.0,0.0,0.0,0.0,0.0,0.0,0.0,0.0,0.0,0.0,0.0,0.0,0.0,0.0,0.0,0.0,0.0,0.0,0.0,0.0,0.0,0.0,0.0,0.0,0.0,0.0,0.0,0.0,0.0,0.0,0.0,0.0,0.0,0.0,0.0,0.0,0.0,0.0,0.0,0.0,0.0,0.0,0.0,0.0,0.0,0.0066610471439716,0.0088103102569511,0.0,0.0,0.0,0.0,0.0,0.0,0.0,0.0,0.0,0.0,0.0,0.0,0.0,0.0,0.0,0.0,0.0,0.0,0.0,0.0,0.0,0.0,0.0,0.0,0.0,0.0,0.0,0.0,0.0,0.0,0.0,0.0,0.0,0.0,0.0,0.0,0.0,0.0,0.0,0.0,0.0,0.0,0.0,0.0,0.0,0.0,0.0,0.0,0.0034731389585774
MH,0.0,0.0,0.0183731372174594,0.0,0.0058960299604423,0.0313317797021332,0.0,0.0,0.0,0.0,0.0133748949011953,0.0128000651995204,0.0,0.0,0.0,0.005577691235622,0.0062256733635582,0.0,0.0,0.0,0.0,0.0,0.0,0.0473068232709202,0.0,0.0,0.0,0.0,0.0,0.0151144795461213,0.0,0.0086489278094428,0.005338321388771,0.0,0.0,0.0,0.0114975984255741,0.0,0.0,0.0,0.0,0.0114696735039895,0.0,0.0,0.0,0.0,0.0,0.0,0.0,0.0,0.0,0.0,0.0,0.0,0.0038698548644604,0.0,0.0,0.0,0.0,0.0,0.0,0.0,0.0807953810778329,0.0263045279651878,0.0,0.0,0.0153137222202672,0.0,0.0,0.0,0.0,0.0,0.0,0.211843750726609,0.0281780925498375,0.0,0.0446260660508593,0.0,0.0580244323517983,0.0117930604281594,0.0082462904927696,0.0241815202968958,0.0,0.0445438390758193,0.0,0.0,0.0,0.0,0.0,0.0,0.236315181760145,0.0,0.0,0.0,0.0,0.030389029127816,0.0342571330949136,0.0249295636958008,0.0,0.0858103232260366,0.0,0.028033848309194,0.0082001564342002,0.0,0.0,0.0,0.0135169004667965,0.0310022484740262,0.0,0.0,0.0116664380362209,0.0,0.0,0.0,0.0,0.0056667796212852,0.0,0.0,0.0,0.0061172816267794,0.0,0.0,0.0,0.0,0.0,0.0,0.0052406840553661,0.0,0.020398660034816,0.0048887811215784,0.0,0.0,0.0,0.0,0.0,0.0,0.0,0.0,0.0,0.0,0.0,0.0445829926747002,0.0,0.0277935483913875,0.115220090519774,0.0049192358556049,0.0243405654717374,0.0,0.0208970816448561,0.011533849495615,0.0,0.0,0.0,0.0,0.0,0.0065768390020603,0.0,0.0237392277400227,0.0,0.0,0.0542181542214172,0.0120632796365582,0.0,0.0,0.0,0.0,0.0,0.0160994392529361,0.0,0.0,0.0,0.0,0.0,0.0,0.0,0.0,0.0,0.0,0.0,0.0,0.0,0.0056737395618039,0.0,0.0,0.0,0.0,0.0,0.0,0.0785417208067428,0.0,0.0141181934234099,0.0,0.0,0.0,0.0,0.0,0.0,0.0,0.0,0.0,0.0,0.0,0.0,0.0107699986811997,0.0,0.0,0.0,0.0066664703423873,0.0,0.0,0.0,0.0,0.0,0.0,0.0037934749745827,0.0,0.0,0.0,0.0,0.0,0.0,0.0,0.0,0.0,0.0,0.0,0.0,0.0,0.0,0.0,0.0,0.0,0.0035270578289939,0.0,0.0,0.0,0.0,0.0,0.0,0.0,0.0,0.0,0.0,0.0,0.0,0.0,0.0,0.0,0.0,0.0,0.0,0.0,0.0,0.0,0.0,0.0,0.0,0.0,0.0,0.0,0.0,0.0,0.0,0.0,0.0,0.0,0.0,0.0,0.0,0.0,0.0,0.0157574479044714,0.0,0.0,0.0,0.0,0.0,0.0,0.0,0.0,0.0,0.0,0.0117501869025233,0.0034198029576624,0.0,0.0048905091940144,0.0,0.0188599299122263,0.0,0.0,0.0,0.0,0.0,0.0,0.0,0.0,0.0,0.0,0.0,0.0135646010821845,0.0,0.0,0.0,0.0,0.0035685565096889,0.003823804967125,0.0,0.0,0.0636823589636526,0.0,0.0078010398048386,0.0,0.0,0.0,0.0,0.0,0.0,0.0,0.0,0.0,0.0,0.0,0.0,0.0,0.0,0.0,0.0,0.0,0.0,0.0,0.0,0.0,0.0,0.0,0.0,0.0,0.0,0.0035668834762766,0.0,0.0,0.0,0.0,0.0,0.0,0.0,0.0,0.0,0.0,0.0,0.0,0.0,0.0,0.0037306658825008,0.0077956291526108,0.0,0.0,0.0,0.0,0.0035796970741085,0.0,0.0,0.0,0.0,0.0,0.0,0.0,0.0,0.0,0.0,0.0173467240821054,0.0,0.0,0.0,0.0,0.0,0.0,0.0,0.0,0.0,0.0,0.0,0.0,0.0,0.0,0.0,0.0,0.0,0.0,0.0,0.0,0.0,0.0,0.0,0.0,0.0,0.0,0.0,0.0341018294316887,0.0,0.0,0.0,0.0,0.0,0.0,0.0,0.0,0.0,0.0,0.0,0.0,0.0,0.0,0.0,0.0,0.0,0.0,0.0,0.0
MM,0.0078708898673479,0.0116551473421695,0.0303101499813421,0.0,0.0189066220763503,0.0276249887587712,0.0,0.0,0.0,0.0,0.0187256140571215,0.0196025244110726,0.0,0.0,0.0081540676397033,0.0,0.0746312315017687,0.0,0.0,0.0,0.0152325913498032,0.003667787158887,0.0036083924818165,0.0136529390208546,0.154297401306875,0.0195408158220835,0.0170366987286922,0.0033447572732832,0.0,0.0052990286069611,0.0,0.0430687544161669,0.0,0.0,0.0,0.0,0.100367405867018,0.0,0.0038040392456922,0.0,0.0873703290452445,0.12224986067743,0.0,0.0304032988753537,0.217826784842943,0.0,0.0496830463649396,0.144985367049731,0.0,0.0,0.0,0.0,0.0,0.0,0.0,0.0,0.0,0.0,0.0044805404489091,0.0,0.0,0.0,0.0869765597596653,0.0,0.0,0.0,0.0058965481902868,0.0,0.0,0.0,0.0,0.0,0.0,0.0089090023098647,0.0434343080926428,0.0,0.0322728368570156,0.0,0.0167305014628113,0.005660257454735,0.0,0.0,0.0,0.0,0.0,0.0,0.0033737917802035,0.0,0.0,0.0,0.0095384483745076,0.370777721306634,0.0,0.0,0.0,0.0261172788296113,0.02701941469992,0.0,0.0315120263768023,0.0788900477023833,0.0,0.010713272518224,0.31712167535741,0.0,0.0,0.0,0.0,0.0,0.0,0.0,0.0091334284020749,0.0,0.0,0.0054490252501581,0.0,0.0213980108026547,0.115981011672125,0.0,0.0035429886188984,0.202199640352957,0.0,0.0,0.0,0.0,0.0,0.0,0.132427710156676,0.0,0.0162971682333254,0.299673041678882,0.0041801657820781,0.0,0.720363660849743,0.0,0.0494392261485906,0.148003915373177,0.0,0.025146003742168,0.0157712350232751,0.0,0.0,0.0130351449571919,0.0,0.0264440986229767,0.0065965072913276,0.377591410686239,0.0233733749320024,0.0,0.0209293460109535,0.0,0.0,0.0041714093998841,0.0,0.0,0.0,0.0186670947545117,0.0,0.0236320470559914,0.0,0.0,0.0153030801083922,0.0,0.0,0.0,0.0,0.0,0.0,0.0,0.0,0.0,0.0,0.0,0.0,0.0,0.0,0.0,0.0,0.0,0.0,0.0,0.0,0.0058463824594569,0.237576132020949,0.0,0.0,0.0,0.0,0.0,0.0515166787678815,0.0162194313130876,0.0342265088789328,0.0,0.0,0.0,0.0,0.0,0.0,0.0,0.0,0.0,0.0,0.0,0.0,0.0432726509445393,0.0,0.0,0.0,0.0,0.0,0.0,0.0053841784107471,0.0141626463153342,0.0,0.0,0.0072338349268794,0.0,0.0,0.0,0.0,0.0,0.0,0.0,0.0,0.0045439693759675,0.0,0.011197942559722,0.0,0.0,0.0,0.0,0.0,0.0,0.0,0.100316916409573,0.0126493630604578,0.0108800878518709,0.0,0.0,0.0,0.0,0.0066190649672445,0.0,0.0,0.0,0.0,0.0301064667062491,0.0,0.0,0.0,0.055708811539663,0.0212479026029557,0.0,0.0203750099541986,0.0278708681042977,0.0,0.0297468592039091,0.0782064651243381,0.0,0.0,0.0,0.0,0.0,0.0,0.0,0.0,0.0,0.0,0.0,0.0,0.0,0.0,0.040026258728283,0.0,0.0,0.0,0.0,0.0,0.0,0.0,0.0,0.0,0.0,0.0074753214679998,0.0100299048175967,0.0,0.0090223469149515,0.0,0.0040325918587946,0.0,0.0,0.0,0.0,0.0,0.0,0.0,0.0,0.0,0.0,0.0,0.0080330330210373,0.0536905488835334,0.0,0.0,0.0,0.0056580186313199,0.0063830981962279,0.0,0.0042696670528731,0.0563056409059653,0.0,0.0078540019468903,0.0549808937984526,0.0,0.0,0.0,0.0,0.0,0.0,0.0,0.0037920521626366,0.0,0.0,0.0,0.0,0.0,0.0597738214087665,0.0,0.0,0.0378482798361542,0.0,0.0,0.0,0.0,0.0,0.0,0.0263036620669813,0.0,0.0071583076648538,0.0435963663568366,0.0,0.0,0.470245540589376,0.0,0.0063766239416402,0.085565105023944,0.0,0.0048080976635481,0.0045920393361658,0.0,0.0,0.0,0.0,0.0062315891857437,0.0039448963821296,0.0463656218424333,0.0047951109623842,0.0,0.0056478305473059,0.0,0.0,0.0,0.0,0.0,0.0,0.0069412923431557,0.0,0.0052338733119978,0.0,0.0,0.0033889223318363,0.0,0.0,0.0,0.0,0.0,0.0,0.0,0.0,0.0,0.0,0.0,0.0,0.0,0.0,0.0,0.0,0.0,0.0,0.0,0.0,0.0,0.0417178936626401,0.0,0.0,0.0,0.0,0.0,0.0294251468404444,0.009710056460487,0.0086792598643218,0.0,0.0,0.0,0.0,0.0,0.0,0.0,0.0,0.0,0.0,0.0,0.0,0.0085202549930803,0.0,0.0,0.0,0.0,0.0
MOB,0.0135464040708371,0.0066346909005783,0.0101995555754982,0.0883292199629075,0.006690984351529,0.0,0.0155510460803428,0.0057804803081339,0.0118397764581889,0.0,0.0858215677696595,0.0569061143844685,0.0,3.24334987309025,7.10782468290361,0.0,0.0103733209246073,0.0,0.0049612366689789,0.0040606207823054,0.011897592669309,0.0185903644081398,0.0166387596675544,0.0085690754227452,0.089150707243871,0.0683435369566937,0.0335471073774992,0.0097052655477048,0.0114078943056076,0.0204400278812354,0.0426582140682467,0.0,0.018774588569768,0.613898001105176,0.160408592044874,0.0289875342049659,0.005383404811625,0.0045088857492588,0.0039719608916188,0.0,0.0286180627045594,0.0173721904026737,0.0,3.12426065194725,0.0,0.0070853479660633,0.226047371813005,0.0223822966356828,0.0291017686517807,0.0178165335349398,0.0,0.0125944116442418,0.064274788951706,0.0557958483652833,0.0318546616440383,0.0973939748249932,0.0,0.0047913860134743,0.0144724232134124,0.0059094055285516,0.0068743810328487,0.006017298799786,0.0365644076443328,0.0083908950707704,0.0,0.0,0.0,0.0,0.0248007564737972,0.0,0.0099732423238862,0.0,0.006531415985138,0.0064717102781564,0.0082820946709114,0.0,0.0055469688058327,0.0,0.0153584937564724,0.0495222905893241,0.057161673019997,1.43457217752068,0.0,0.0177363393351997,0.0047791809859794,0.0085182911304721,0.0282318939602494,0.0113686768202367,0.0162214100780995,0.0103741682811418,0.0070542394964053,0.0567241381073866,4.23966380295867,0.0,0.0147164427864983,0.0,0.0034757118414671,0.0,0.0,0.0098055781997305,0.0,1.03935440798629,0.0,0.0,0.680019851690807,0.0058766592053242,0.0,0.0,0.0084117464352264,0.0531723033502559,0.0263624396278407,0.0456047080977491,0.0392676478630964,0.0150691152323428,0.556909585108246,0.0048225060510519,0.0064280945422229,0.0,0.0054289850530817,0.0081669661631504,0.0070963985798621,0.0175861037182702,0.0,0.0,0.0,0.0,0.018046625879135,2.24876050639433,0.0149395252547307,0.0456571350613989,0.0391531737354348,0.0050067347778807,0.0110230962802396,0.0088339329995311,0.0,0.0066658379718172,0.0,0.0,0.0,0.0,0.0,0.0428502394693523,0.004965009997276,0.0,0.0184755915967321,0.0582656989557611,0.0,0.0,0.0,0.0969710121941757,0.0205441072015127,0.0,0.0041136287281769,0.0055934682631878,0.0050280812851044,0.0,0.0046476227033421,0.0,0.0,0.0,0.0038628547986943,0.646770211989336,0.0055359175338521,0.0319462359822245,0.0076022988219098,0.0086243951398899,0.0,0.0076263133805769,0.0133129052532897,0.0389075323187239,0.0,0.0053895630485625,0.0,0.0,0.0049226505596257,0.0,0.003343808514814,0.0,0.0049804522260799,0.0,0.0,0.0233739199797672,0.0344330280644181,0.0,0.0,0.0059615725454386,0.165428701658469,0.0,0.0053219183522206,4.86147693036265,0.0,0.0,0.0155898002612155,0.0,0.0,0.0057657304156908,0.0084657453915466,0.0041368600225763,0.0057278190194172,0.0042438878700017,0.0043345362236109,0.0094767478659787,0.0326081428915651,0.0052425445099884,0.0071067435142939,0.0125517041334028,0.0162837895671029,0.0036658510691366,0.0090388785850127,0.0,0.0,0.0035765978260229,0.003798149272574,0.0,0.0,0.0041929183172776,0.0,0.00342832562055,0.0,0.0,0.0,0.0,0.506096651847547,2.19421855085024,0.0,0.0058610055916999,0.0,0.0034635699355344,0.0,0.0,0.0039629089392569,0.0,0.0033336611076129,0.0351701169983318,0.0226824759244161,0.0104983337772285,0.0043791183908695,0.008849505851378,0.0190888371666393,0.0432478711188153,0.0,0.0,0.0,0.0,0.0037404438572923,0.0,0.0043163872629755,0.0,0.0156869173045606,0.0131393226931686,0.0076299596902914,0.0,0.526346859055958,0.0039149106739443,0.0042647838084755,0.0056756181305938,0.0052250167828542,0.0227327915694965,0.0042551709241282,0.0,0.0060270274119917,0.0242216188503985,0.0039018873587967,0.0,0.0,0.0033661995785484,0.0043341288549883,0.0,0.0062522938375757,0.0056994584665311,0.0068081780301461,0.0124533739118077,0.0,0.0037318844840788,0.0,0.0,0.0,0.0123443794274078,0.0170029115285449,0.0088199516566839,0.0,0.0075978450769781,0.0033160173906419,0.0041468994019247,0.0037562816111349,0.0,0.0,0.0038542624259478,0.0,0.0,0.0044806528927374,0.0037595866872045,0.0039935699107348,0.00384768643143,0.0081799689843147,0.0,0.0123476822568992,0.0077387385906789,0.010681129516263,0.0,0.0236878601443124,0.389069521460544,0.0040223425579086,0.0067862618315148,0.0,0.0,0.0,0.0,0.0045792875332831,0.0033576534378195,0.0045500124239415,0.0,0.0,0.0,0.0079052800056217,0.0,0.0,0.0060149289023674,0.0105975214892556,0.0102583550488865,0.0088906700208971,0.0037288577882084,0.0,0.0,0.0036457603881888,0.0077368830368495,0.0,0.0,0.0037203184586575,0.0042656706464179,0.0149500119184171,0.0,0.0,0.0,0.0,0.0071380452081193,0.245435883629752,0.0072980638133508,0.0190434814253255,0.0340630285404537,0.0050177957742674,0.0088461966523137,0.0088940801676476,0.0,0.006749862952356,0.0,0.0,0.0,0.0,0.0043008997769551,0.0,0.0048114917178471,0.0,0.0044908438490851,0.0258546979763114,0.0,0.0,0.0,0.0254687685546811,0.0040618373487144,0.0,0.0044096896499389,0.0059902475692932,0.0075625810030133,0.0063811088154998,0.0047488703704181,0.0,0.0,0.0,0.0,0.0,0.0038207753180488,0.0061655589246852,0.0090161847365666,0.0104545877249608,0.0,0.0041868617819673,0.0039608584015077,0.013924797965214,0.0072919078932632,0.0035903590751078,0.0,0.0,0.0052048277831173,0.0,0.0,0.0,0.0057445962790192,0.0,0.0,0.0162198766301531,0.0134253036231771,0.0,0.0151441554562201,0.0037702422911324,0.0,0.0,0.0034162041083263,1.20907708431322,0.0,0.0033289658762418,0.0,0.0034472978372637,0.0,0.0,0.0078573244508306,0.0,0.0059621847244543,0.0054304838915228,0.003735148441099,0.0087030600678499,0.0068343523498428,0.0035232933789094,0.0056493737197354,0.007788794142469,0.0056730306914128,0.0041804063725198,0.0059189901968502
MOp,0.0093384450152833,0.806559240441498,0.150385560280483,0.0139577960703677,0.147870443151669,0.0045509987666552,1.4764138700582,0.958647751476971,1.37709986492325,0.0,0.0493853336787119,0.291196212794073,0.0,0.0075117661797674,0.0,0.004775810677433,0.0,0.16619059250863,0.0810764354948958,0.096571400756759,0.793740290415315,0.138414862035651,0.0814053809238972,0.0101833988276643,0.0344456435093646,0.0088697219164195,0.0037394142860954,0.0487336477573802,0.0,0.717066525982082,0.454264044653888,0.0,0.359246111933679,0.0061986163297354,0.0,0.107003338988708,0.0110867637631302,0.0,0.0,0.0,0.0062338894336956,0.0,0.0,0.0044542749626741,0.0,0.075721338568454,0.14861112196066,0.11906160061052,0.307473962004385,0.136866513600957,0.0,0.0,2.18617766404738,0.132356625307531,0.0995092965371242,0.0787375699924195,0.0,1.5180928969056,0.0156809743229734,0.0,0.0,0.0,0.114296884262456,0.416183024409081,0.0,0.0,0.0,0.0,0.263881692233797,0.0,0.360659078371373,0.0079664586053209,0.0525294928879002,0.0954457638253576,0.017117795290324,0.382606302503441,0.0100853287060308,0.0,0.0063619474390089,0.0,0.0,0.018183190313007,0.0,0.304803656264773,0.0,0.0,0.0,0.0047406066132651,0.0115901932331494,0.0051293510519963,0.0,0.0059656219703158,0.0036941403786888,5.60358445846081,2.99933881107537,0.0062871998964794,0.007718602734044,0.0,0.0036051320576055,0.0,0.0,0.0,0.0,0.0,0.0068819586559233,0.0,0.005146719307269,0.0,0.0,0.669979897996584,0.152724681846386,0.501307282895769,0.0384447053895745,0.0510142432542183,0.0056360100539137,0.0,0.0156310511376239,0.0,0.0034059128410442,0.0,0.080170028579009,0.418804388220316,0.0,0.0106283410829993,0.0,0.0,0.0075560160960394,0.0187911967656214,0.588048140448212,0.0052519432844468,1.70436139075423,0.153333331896748,0.0059496853936856,0.0046841988544954,0.0,0.0097301825286188,0.0,0.0,0.0037445933703719,0.0,0.0,0.010379435779042,0.356783505015362,0.0,0.0439765378511825,0.0046597672265325,0.0053049267941854,0.0,0.0033351679348252,0.208366652183474,0.547743383574398,0.0040726140242432,0.0090613563034949,0.269976062382684,0.159695460140159,0.177620120522025,0.931978613213946,0.0037174786199813,0.0036379218878807,0.0,0.0052280875858037,0.0196559337513145,0.0,1.34316637017016,0.0213764925697272,0.0253987222699767,0.0049334782845202,0.420381734290646,0.481996183261667,0.157613436224595,0.0,0.0,0.0,0.0,1.11283425736165,2.42440891126768,4.44737857562637,2.86878840785684,1.42137037557465,3.90265012136394,2.06568799133098,0.104672298992319,0.0060087235775764,0.0,0.0,0.0620443877239887,0.0062015280136013,0.0097787265226313,0.0,0.0,0.0,0.0,2.94706757606141,0.0,0.0,1.18651424114329,0.188392541014018,0.367772126938899,0.0568103400544357,0.0132159629947583,0.0264121602090581,0.161838339915231,1.909475729344,0.0,1.16124968979896,0.957059427033603,0.978293460093057,0.0071464573682084,0.0,0.0041671728664663,0.315268008100478,0.0505296381241447,0.0070431597312809,0.0,0.0,0.718704791453216,0.278124006176064,0.631960960309841,0.0,0.0,0.0,0.0,0.0,0.0,0.0,0.0,0.0063943112224114,0.0032892608667315,0.00548102978006,0.0,0.0203000565643818,0.0116217564379607,0.0,0.0092844765013667,0.0042334431592093,0.0,0.0,0.0,0.0,0.0776797373615367,0.0,0.0403378019672211,0.0,0.0,0.0095562135306181,0.0240194196273015,0.0,0.0,0.0,0.0,0.0,0.0,0.0,0.0,0.015710838676219,0.0427568664694001,0.0197510929591014,0.0502796769567018,0.0201819672532762,0.0,0.0,1.08285201722668,0.0508967756640036,0.0,0.0,0.0,0.280097967072145,0.0,0.0,0.0,0.0,0.0111858035024418,0.0499509502897625,0.0,0.0,0.0,0.0,0.0406926706519813,0.0,0.0,0.0,0.0,0.0,0.0,0.0,0.0,0.0,0.0041114638936105,0.0,0.0,0.0,0.0,0.0072153440008268,0.0,0.0,0.0,0.0,0.0,0.0,0.0,0.0,0.0,2.7353828940238,1.63670618444979,0.0,0.0,0.0,0.0,0.0,0.0,0.0,0.0056484768496757,0.0,0.0,0.0,0.0,0.0,0.0,0.311328556770785,0.0319368656499101,0.17289428314773,0.0197213975046231,0.007143082297219,0.0,0.0,0.0,0.0,0.0,0.0,0.0166874929265602,0.0045031716327606,0.0,0.0,0.0,0.0,0.0,0.0,0.228764681976752,0.0,0.0,0.0,0.0,0.0,0.0,0.0,0.0,0.0,0.0035890789277957,0.0043488599748935,0.0,0.0043271928809327,0.040764746170747,0.0,0.0075235868998619,0.0,0.0,0.0,0.0,0.0225723994384411,0.028178633322188,0.0,0.0,0.0495202284199494,0.0179634590189271,0.0161417196213874,0.0,0.0,0.0,0.0,0.003709748446075,0.0,0.0,0.0244825402785678,0.0,0.0,0.0,0.100509699380633,0.0814320290783458,0.0,0.0,0.0,0.0,0.0,0.128278178924585,0.562680993236497,1.04469343973754,0.272661599750743,0.245021897442889,0.779086638628369,0.191429964066942,0.0188174911489282,0.0,0.0,0.0,0.0097149609471185,0.0,0.0,0.0,0.0,0.0,0.0,0.0033389859990729,0.0,0.0,0.295910571934302,0.0089941063140535,0.032577917645793,0.0047837725638012,0.0,0.004396785205189,0.0100992420669144,0.0093926600619591,0.0,0.0,0.0,0.0275262239461784,0.0,0.0
MOs,0.0061969381435092,3.84270846452728,1.68082893960153,0.0352035472270486,0.486390505198061,0.0121869366399793,1.78053752858897,0.799951846322972,1.48766613370377,0.0,0.421752549209896,0.581524759403419,0.0,0.0118354888401883,0.0213580378208849,0.0,0.0,0.305197509325241,0.161717858960713,0.125707855229982,1.91280863691491,0.530451082112094,0.32923665334718,0.0279177976467373,0.0824888582427456,0.019132014197773,0.0069905659718021,0.0250918208148422,0.0,1.11363686814546,0.892030243352613,0.0039660914954595,0.51429242256421,0.0,0.0,0.0837433885357753,0.0183850273615025,0.0,0.0,0.0,0.0131362913089828,0.0046487627586971,0.0,0.113394321820135,0.0,0.11615465139204,0.420599785752561,0.297317750290701,0.784386571927553,0.516190935649187,0.0,0.0,7.02076006280439,0.0878396033160632,0.262575894759618,0.166089665769612,0.0,0.891420618436793,0.0085888662096604,0.0,0.0,0.0,0.837001488731923,1.71444325059276,0.0,0.0,0.0046461302660639,0.0,0.867771960709505,0.0,0.439985841389534,0.0039572716654347,0.004020977808978,0.299357258909897,0.0144104963105982,0.784699965543407,0.0292479382618018,0.0,0.0463893476577364,0.013392837987276,0.0,0.0327338360247435,0.0,1.43467555697696,0.0,0.0,0.0,0.0,0.0,0.0,0.0103078900896559,0.0072524591668253,0.0077206052245549,3.64828622661369,5.72295082470442,0.0182857365618008,0.0228717768609587,0.0,0.0,0.0044542044338082,0.0,0.0040869468716303,0.0108217647472885,0.0,0.0,0.0,0.0,0.0,0.0,3.00691516404223,0.869947149415096,2.34705955200551,0.0493645481705132,0.212224168439234,0.0,0.0,0.0329145365472207,0.0,0.0,0.0067299171795945,0.12111637503387,0.260522369826249,0.0,0.0080038217500522,0.0,0.0,0.0135628763745538,0.0109380573929447,2.2122468841994,0.006430195526011,0.632572099227119,0.129408528482829,0.0175347691400668,0.0,0.0,0.019701734095037,0.0,0.0,0.0041691730465314,0.0,0.0,0.182367390081975,0.890046038071719,0.0087101537233736,0.273974259379782,0.0052556413177213,0.0157586534718282,0.0,0.0088287865810396,0.250197252281103,0.546886888435371,0.0049391829716019,0.0060028387817223,0.468450658734643,0.967200058585048,1.34483038042975,0.744178783218851,0.0099898256044732,0.0,0.0,0.0251275625401275,0.0377894140441254,0.0,1.75578298444205,0.0132257431396763,0.0148928785092922,0.0038559700363944,0.803780306732683,0.47208201888364,0.0228855665717884,0.0,0.0,0.0,0.0,2.03557589081037,0.76721084462422,3.2501566431873,4.14355495417776,0.991789280722361,1.87420119078587,1.51555707398936,0.0569615093181129,0.0079930460634185,0.0,0.0,0.114391533575159,0.0033474686729498,0.0067700155455297,0.0040704196654118,0.0454022826026841,0.0,0.0,2.3453149560504,0.0,0.0,1.15549756837811,0.605300494490694,1.40342924812528,0.293898944437678,0.0756056959348366,0.149360844385066,0.646700961201933,2.73878914458142,0.0,0.669221147487592,0.369889582170579,0.883222131094633,0.0101206822828205,0.0,0.0,1.74357333023091,0.726572033427012,0.004880187568494,0.0,0.0,0.778334889350578,0.202252081004642,0.658109490340659,0.0,0.0036541281777881,0.0035150932660827,0.0,0.0089252729151629,0.0,0.0,0.0,0.0108015736138197,0.0049923869209806,0.0052325982282116,0.0,0.0556344348934545,0.0332053585637497,0.0,0.0260816983771848,0.0120092584619959,0.0039355990203011,0.0,0.0,0.0,0.169564561626338,0.0,0.0342593551401278,0.0,0.0,0.0105496287316185,0.0389521124284538,0.0,0.0,0.0,0.0049752271105506,0.0,0.0,0.0,0.0,0.0147781240516682,0.120339729310071,0.0487134927582391,0.117335511359223,0.0548305143653768,0.0,0.0,3.45384876708294,0.0335593357345007,0.0,0.0040300129799324,0.0,0.130690208328394,0.0,0.0,0.0,0.0,0.0370019531554628,0.0418652463634051,0.0,0.0,0.0047269511750168,0.0,0.103539069644136,0.0,0.0,0.0,0.0,0.0,0.0038484420246373,0.0,0.0,0.0,0.0051986285269198,0.0,0.0,0.0,0.0,0.0079662953578853,0.0,0.0,0.0,0.0,0.0,0.0,0.0,0.0038951913623293,0.0042909433373796,1.25721464729761,2.76280885460477,0.0,0.0,0.0,0.0,0.0093811766731612,0.0,0.0,0.0066398644141546,0.0,0.0,0.0,0.0,0.0,0.0,1.29736515191901,0.163234176189429,0.70417520305049,0.0130063170525636,0.0211163350752368,0.0,0.0,0.0077970091887698,0.0,0.0,0.0043025200244783,0.0156715740741943,0.0077743151708262,0.0,0.0,0.0,0.0,0.0,0.0,0.931292291801068,0.0,0.0,0.0,0.0048611495496712,0.0,0.0,0.0053561095347681,0.0,0.0,0.005797803194074,0.0,0.0,0.0061075420849036,0.0455143319544195,0.0,0.0090008268116058,0.0,0.0,0.0,0.0,0.0836366939721938,0.0291266718612464,0.0,0.0,0.0240024166033786,0.126887249069692,0.206871401632154,0.0,0.0,0.0,0.0,0.0048507475793398,0.0,0.0,0.0310113310119709,0.0,0.0,0.0,0.083083189157774,0.0664320830419635,0.0,0.0,0.0,0.0,0.0,0.154547792813594,0.0500830973857462,0.624097279088496,0.484619117953206,0.0699828164624851,0.229490528586893,0.102347825419268,0.0226375733226754,0.0035085374761401,0.0,0.0,0.010567387619222,0.0,0.0,0.0051181492444191,0.0,0.0,0.0,0.0059300812310475,0.0,0.0,0.24096134889577,0.0207418505826933,0.0712512436967409,0.020129003518128,0.0037968901059112,0.0226139209327408,0.0276460156829176,0.0187803175370988,0.0,0.0,0.0,0.0248009839695973,0.0,0.0
MPN,0.108019278309056,0.0,0.0290340814789247,0.0094863912200571,0.0,0.207683417471946,0.0,0.0,0.0,0.0,0.0062371252619645,0.0056570119368417,0.0,0.0,0.0128630918305967,0.0,0.174415408358848,0.0,0.0,0.0,0.0,0.149650242163002,0.148122830848881,0.194571197691636,0.007054062727733,0.0037910200557133,0.0045432742755508,0.0271006271056357,0.0,0.0,0.0,0.0,0.0034935109168101,0.0239662966446091,0.0680108603237296,0.0,0.0,0.0,0.0,0.0,0.0043065421834915,0.0840664021484434,0.0,0.0198102473523951,0.0,0.0,0.0,0.0038686970270149,0.0449228228883944,0.128699237991506,0.0,0.0,0.0,0.0035444489752215,0.0040339638654094,0.0,0.0,0.0,0.0602038558031535,0.0,0.0,0.0,0.16897837977636,0.0,0.0,0.0,0.0,0.0,0.100125461117828,0.0,0.0,0.0,0.0,0.0084352669678963,0.0807355080354898,0.0,0.232096944441203,0.0,0.0090674604664883,0.0649227908681311,0.0753092772342091,0.0,0.0,0.0,0.0,0.0,0.0852546622200858,0.0,0.0479260683999068,0.022976390264684,0.0098234412797942,0.0282115720166632,0.0,0.0,0.0,0.368748237561296,0.320547245552094,0.0050787791599382,0.0,0.122469441033897,0.0,0.0127595367851915,0.0,0.0,0.0177455221230602,0.0,0.0,0.0084971993951502,0.0,0.0,0.0151170417842675,0.0,0.0228024332231661,0.240152723186581,0.0321479818038665,0.0,0.0,0.0,0.005598497126441,0.0040167351140313,0.0,0.0,0.0,0.0,0.0,0.0,0.0354407938523676,0.0070993926287127,0.0283492316882053,0.0552013218799036,0.0,0.0334403922595545,0.011196618140923,0.0357226022960736,0.0,0.0046325610033838,0.0,0.0038723358922055,0.0,0.0,0.0,0.0616674995567885,0.0,0.281067232292888,0.043151958787932,0.125085994837444,0.435995115992574,0.0,0.150653781917326,0.0309059062698644,0.0,0.0,0.0,0.0,0.0,0.0,0.0,0.28404798353454,0.0,0.0,0.0398017654629924,0.0,0.0,0.0,0.0,0.0,0.0063185271698766,0.0,0.0,0.0186463882721857,0.0,0.0,0.0,0.0,0.0,0.0,0.0,0.0,0.0,0.0,0.0,0.0051529462681872,0.0241673853127524,0.0,0.0,0.0,0.0397004215739795,0.0,0.304205461438234,0.0172419255408633,0.180580311658825,0.0,0.0,0.0,0.0,0.0,0.0,0.0,0.0,0.0,0.0,0.0,0.0,0.140581753953277,0.0,0.0,0.0,0.0,0.0,0.0,0.0,0.0037250688081725,0.0,0.0,0.0082581237136427,0.0,0.0,0.0,0.0,0.0,0.0,0.0,0.0,0.0,0.0,0.0315243894234292,0.0,0.0,0.0,0.0,0.0,0.0,0.0051823192693879,0.0,0.0,0.0,0.0,0.0,0.0,0.0,0.0,0.0,0.0,0.0,0.0,0.0,0.0,0.0,0.0,0.0,0.0151023417357696,0.0,0.0,0.0,0.0,0.0,0.0,0.0,0.0,0.0,0.0,0.0,0.0,0.0,0.0,0.0,0.0,0.0,0.0,0.0,0.0,0.0214241443785646,0.0,0.0,0.0,0.0,0.0,0.0,0.0,0.0,0.0,0.0,0.0,0.0058724190551933,0.0,0.0076447255544531,0.0,0.0,0.0,0.0,0.0,0.0,0.0,0.0,0.0,0.0,0.0,0.0073910569345684,0.0035433690483583,0.0,0.0067295892425888,0.0,0.0,0.0,0.0176004921138007,0.0151504883471067,0.0,0.0,0.0162320309092833,0.0,0.0,0.0,0.0,0.0,0.0,0.0,0.0,0.0,0.0,0.0,0.0,0.0,0.0,0.0,0.0,0.0,0.0,0.0,0.0,0.0,0.0,0.0,0.0,0.0,0.0,0.0065320720981925,0.0,0.0,0.0128874613829428,0.0,0.0051568452584526,0.0,0.0055090621998517,0.0,0.0,0.0,0.0,0.0,0.0,0.0,0.0043929349660132,0.0,0.0147503001240269,0.0035226703788967,0.0269294763951507,0.0228138126272003,0.0,0.0080498759513472,0.0129981783453404,0.0,0.0,0.0,0.0,0.0,0.0,0.0,0.0126383653242015,0.0,0.0,0.0,0.0,0.0,0.0,0.0,0.0,0.0,0.0,0.0,0.0,0.0,0.0,0.0,0.0,0.0,0.0,0.0,0.0,0.0,0.0,0.0,0.0,0.0053347294593546,0.0,0.0,0.0,0.0,0.0,0.0137448481922641,0.0,0.0311644795292282,0.0,0.0,0.0,0.0,0.0,0.0,0.0,0.0,0.0,0.0,0.0,0.0,0.0222493592839204,0.0,0.0,0.0,0.0,0.0
MPO,0.142084160284687,0.0033171762856832,0.0690074163834067,0.107085439551001,0.0,0.352399325582475,0.0,0.0,0.0,0.0,0.0123128304680902,0.0122668849914747,0.0,0.0037097327349079,0.0307599622852908,0.0050345082122245,0.165786005601845,0.0,0.0,0.0,0.0,0.126974298972233,0.133057614511262,0.176031129620202,0.0276231894181479,0.0098064593244385,0.0106677998720112,0.0350267548692614,0.0,0.0,0.0036696571905379,0.0237392110186961,0.0047388342053328,0.0345450078493134,0.049910666557367,0.0130674676357854,0.0433851712212495,0.0,0.0048673276344399,0.0,0.0174505201871588,0.108111010179816,0.0,0.0496726365701121,0.0137485492573563,0.0,0.0096204100960922,0.0130997762202886,0.0397059788034621,0.111708602077857,0.0,0.0,0.0,0.0056292626860265,0.0089789748329145,0.0039218597841606,0.0,0.0,0.060035150943394,0.0,0.0,0.0,0.400235992070073,0.0,0.0,0.0,0.0455350207042851,0.0,0.0817141954498073,0.0,0.0,0.0,0.0,0.0209159743082618,0.180724730505404,0.0,0.543498674158386,0.0,0.147863342642195,0.196346847980678,0.218411686333716,0.0048908262888728,0.0,0.0046121300163175,0.0,0.0,0.0744162581407524,0.0,0.0423291743627896,0.0207651675818388,0.0236268877438469,0.0403761584241105,0.0073335640685984,0.0,0.0,0.538736181488077,0.56344252573846,0.0171740870652421,0.0063779609865431,0.223518569773633,0.00370830111716,0.0314185603878742,0.0389537537789671,0.0071082380167601,0.0303310429728614,0.0,0.0079210568910759,0.0304153832363887,0.0,0.0,0.0477775733973888,0.008370656437414,0.0445676644720541,0.194134700942569,0.0345958939737869,0.0149860343890104,0.0094264573303302,0.0,0.0262887795822339,0.0364799695903133,0.0,0.0,0.0,0.0088754009427392,0.0,0.003326211234327,0.06029898464988,0.0092889020743569,0.099752510169216,0.0676052479244395,0.0,0.0294776284304436,0.115260476368385,0.0318863985289419,0.0038421808523723,0.0173449544309668,0.0,0.0247918512582783,0.0082267836483725,0.0,0.0,0.0880348479751498,0.0,0.361839104456497,0.0607057369139152,0.114573362153502,0.546443242512958,0.0,0.256441440291163,0.0422106397169698,0.0046331276562219,0.0093002930952413,0.0046235983127307,0.0,0.0,0.0,0.0,0.369324406261,0.004745089279785,0.0,0.15951344320291,0.0086099675842377,0.0,0.0,0.0042074257871446,0.0,0.036641721584994,0.0,0.0,0.0164059306543889,0.0,0.0,0.0,0.0,0.0,0.0,0.0,0.0,0.0,0.0,0.0,0.015857198309843,0.043282763814355,0.0062413433971617,0.0,0.0,0.0290430360669481,0.0179054010585524,0.255293385483397,0.0449683657139787,0.206266926980872,0.0,0.0,0.0,0.0,0.0,0.0,0.0,0.0,0.0,0.0,0.0,0.0,0.158200100717227,0.0,0.0,0.0,0.0179210523049999,0.0,0.0,0.0,0.0072234377546001,0.0,0.0,0.0213598020676069,0.0,0.0,0.0,0.003313742943849,0.0,0.0,0.0,0.0,0.0052362530503709,0.0,0.031850876790387,0.0,0.0,0.0,0.0,0.0042257274001302,0.0050862599579027,0.0074697363714255,0.0,0.0,0.0,0.0,0.0,0.0,0.0,0.005302310931147,0.0,0.0,0.0,0.0,0.0181223806495783,0.0,0.0,0.0,0.0,0.0172297180069869,0.0,0.007172888658966,0.0,0.0,0.0,0.0,0.0,0.0037458396231708,0.0,0.0,0.0,0.0,0.0,0.0,0.0,0.0,0.0,0.0,0.0,0.0,0.0411425908261723,0.0,0.0,0.0,0.0102880099469998,0.0,0.0,0.0,0.0,0.0,0.0,0.0038412107244052,0.0115152377752501,0.0,0.0309841410390277,0.003979313301164,0.0122112546009346,0.0065902840741114,0.0039106260068925,0.0,0.0,0.0,0.0,0.0,0.0,0.0,0.0096899094803819,0.004647725633127,0.004400350794205,0.0083267930300621,0.0,0.0,0.0,0.0433579868497793,0.0438067164063889,0.0,0.0,0.0673385406190404,0.0,0.0072518911552727,0.0,0.0,0.0,0.0,0.0,0.0051336093451858,0.0,0.0,0.0034599204436246,0.0,0.0,0.0060140279133854,0.0,0.0,0.0,0.0,0.0052580529903377,0.0,0.0,0.0,0.0,0.0055660419084582,0.0,0.0046792711609095,0.0086746532446248,0.0,0.0056588966719663,0.0149328477394891,0.0,0.0067604032330608,0.0136934444880201,0.0072240247724708,0.0,0.0,0.0,0.0150242599982,0.0036481963346644,0.0,0.0,0.0071819600754754,0.0,0.0283944988349653,0.0058301882168228,0.0274117719849601,0.0520503578548268,0.0,0.0163834928381053,0.0213312813950974,0.0,0.0,0.0,0.0,0.0,0.0,0.0,0.0274445467824657,0.0,0.0,0.0134419205134539,0.0,0.0,0.0,0.0,0.0,0.0252880386832191,0.0,0.0,0.0037805972115517,0.0,0.0,0.0,0.0,0.0,0.0,0.0,0.0,0.0,0.0,0.0,0.0,0.0074382516071457,0.0,0.0,0.0,0.0,0.0112774426297027,0.0363871791298157,0.0067673538526016,0.0318421272056322,0.0,0.0,0.0,0.0,0.0,0.0,0.0,0.0,0.0,0.0,0.0,0.0,0.0234909552030545,0.0,0.0,0.0,0.0,0.0
MPT,0.0,0.0113225202674991,0.0157365544470269,0.0,0.0,0.0,0.0,0.0,0.0,0.0,0.0,0.0,0.0,0.0,0.0,0.0276846591130364,0.0,0.0082186960396211,0.0047220445943764,0.0,0.0,0.0,0.0,0.0,0.0,0.0,0.0,0.0,0.0,0.0,0.0,0.0,0.0,0.0,0.0,0.0,0.0,0.0,0.0,0.0,0.0,0.0,0.0,0.0,0.0,0.0,0.0,0.0,0.0,0.0,0.0,0.0,0.0,0.0,0.0,0.0,0.0,0.0,0.0,0.0,0.0,0.0,0.0089388904843546,0.0,0.0,0.0,0.0,0.0,0.0,0.0,0.0,0.0,0.0,0.0,0.0,0.0,0.0,0.0,0.0,0.0,0.0,0.0,0.0,0.0,0.0,0.0,0.0,0.0,0.0,0.0,0.0,0.0,0.0,0.0,0.0,0.0,0.0,0.194937408360711,0.0,0.0,0.0,0.0,0.0,0.0,0.0,0.0,0.135352918931618,0.0904700931000562,0.0,0.0,0.0,0.0,0.0,0.0,0.0,0.0098393134569596,0.0,0.0,0.0,0.0,0.0,0.0,0.0,0.0,0.0,0.0,0.0,0.0,0.0,0.0,0.0,0.0,0.0,0.0,0.0,0.0,0.0,0.0,0.0,0.0,0.0,0.0,0.0266270312370391,0.0,0.0,0.0,0.0,0.0,0.0,0.0,0.0,0.0,0.0,0.0416634262880679,0.0307669903142642,0.0226212133531306,0.0,0.0,0.0280295835022786,0.0451745718431938,0.0,0.0,0.0,0.0,0.0,0.0,0.0,0.0,0.0,0.0,0.0,0.0,0.0,0.0,0.0,0.0,0.0,0.0,0.0111331022954564,0.0,0.0,0.0,0.0,0.0,0.0,0.0056920662458341,0.0,0.0,0.0,0.0,0.0,0.0,0.0,0.0,0.0,0.0,0.0423950003116083,0.0544117567175127,0.0442945895525105,0.0234063364426896,0.0655066341205054,0.0610512175488066,0.0,0.0,0.0,0.0,0.0,0.0,0.0,0.0,0.0,0.0,0.0,0.0,0.0,0.0,0.0,0.0,0.0,0.0,0.0,0.0,0.0,0.0,0.0,0.0,0.0,0.0,0.0,0.0,0.0,0.0,0.0,0.0,0.0,0.0,0.0,0.0,0.0,0.0,0.0,0.0,0.0,0.0,0.0,0.0,0.0,0.0,0.0,0.0,0.0,0.0097458365447368,0.0,0.0,0.0,0.0,0.0,0.0,0.0,0.0,0.0,0.0,0.0,0.0,0.0,0.0,0.0,0.0,0.0,0.0,0.0,0.0032996752855634,0.0,0.0,0.0066938137244375,0.0,0.0,0.0,0.0,0.0,0.0,0.0,0.0,0.0,0.0,0.0,0.0,0.0,0.0,0.0,0.0,0.0,0.0,0.0,0.0,0.0,0.0,0.0,0.0,0.0,0.0,0.0,0.0,0.0,0.0,0.0,0.0073904855056649,0.0,0.0,0.0,0.0,0.0,0.0,0.0,0.0,0.0050514013827816,0.004681274656673,0.0,0.0,0.0,0.0,0.0,0.0,0.0,0.0,0.0,0.0,0.0,0.0,0.0,0.0,0.0,0.0,0.0,0.0,0.0,0.0,0.0,0.0,0.0,0.0,0.0,0.0,0.0,0.0,0.0,0.0,0.0,0.0,0.0,0.0,0.0,0.0,0.0,0.0,0.0,0.0,0.0,0.0,0.0,0.0,0.0,0.0,0.0,0.0,0.0,0.0,0.0,0.0,0.0,0.0,0.0,0.0,0.0,0.0,0.0,0.0,0.0,0.0,0.0,0.0,0.0,0.0,0.0,0.0,0.0,0.0,0.0,0.0,0.0,0.0,0.0,0.0,0.0,0.0,0.0,0.0,0.0,0.0,0.0,0.0,0.0,0.0,0.0,0.0,0.0,0.0,0.0,0.0,0.0,0.0,0.0,0.0,0.0,0.0,0.0,0.0,0.0
MRN,0.0978702238175792,1.03045823181791,0.667812916063182,0.0730694312134479,0.0,0.175520142419309,0.302568784149119,0.187288959101105,0.242049504530637,0.144531784281599,0.0046310379293075,0.0218785467927552,0.004448111058989,0.0,0.0041533960523195,1.34894800701448,0.108210800730501,0.514856131272763,0.312144511972106,0.221965172164906,0.0064677670814276,0.0196735067096878,0.0252045261561263,0.251093995608899,0.0,0.0,0.0,0.353776713190239,0.0182072518871321,0.0258882846373033,0.0196535834678363,0.785348160090389,0.0063581787006063,0.0091551488204817,0.0,0.0815705346421099,0.401257487787617,0.0165820637486157,0.999118366971081,0.150244976977394,0.0,0.135428616995803,0.231906522396288,0.0045097499290033,0.856234907422874,0.0503769289211554,0.0,0.0,0.021280956166699,0.023368126911662,0.0,0.02388431888255,0.507316003643205,0.189956546406378,0.305750343453218,0.263321138239063,0.237069267588177,0.148230529892953,0.214119468289843,0.537691666919551,0.569987490511397,0.691235591161724,0.847487343551923,0.0152696962520646,0.213504575656176,0.234405559936678,0.245684118604083,0.132825284510439,0.0163374142182031,0.167212223169502,0.0,0.0085087311142774,0.0717018533622237,0.0973614130137448,0.275393542751562,0.0539100068559671,0.195639770762026,0.129479727631541,0.0041053893751912,0.0,0.0,0.0970852284126789,0.304716948357672,0.0278165778056775,0.0354633661698824,0.0778967948286551,0.0706232179232507,0.0955608555034593,0.595619642616691,0.341153480704386,0.101560433962361,0.0471791466004197,0.0,0.698552538824998,0.902630707323173,0.146983673662877,0.157088877994558,0.244675368654956,1.55969666336467,0.0194500306509636,0.172173221936022,0.0447235083365265,0.588773898225383,0.489410980694657,0.0102213983844429,0.0429129067703064,0.689527379862127,0.549134285797042,0.0625765703139628,0.651232432824371,0.26897562571893,0.437909708046426,0.0835730669799995,0.0132512916449513,0.005514334490377,1.01544754089599,0.0,0.13395285465479,0.544099053331639,0.488162967036819,0.0510343517680174,0.133230178389959,0.0038454722110416,0.211960131295013,0.101533016181414,0.212508938433175,0.139549665851731,0.0,0.787699654594713,0.0751551605104421,0.0378099249071417,0.503929476833088,0.0033168622885066,0.482019887139928,1.62858803484491,0.0,0.0238086166390734,0.582024368679849,0.561024206074446,0.0763908791599481,0.506289848436887,0.0044174910617053,0.288976509964228,0.155777684677148,0.0411525038011248,0.064389887272741,0.118724550035262,0.0,0.153841559065645,0.0090016091875387,0.0,1.35912204103088,1.95190083503597,0.187933317796741,0.219427105384877,0.289600722118902,0.051322359167674,0.148097065981342,1.03101880489257,0.562715664060843,0.0038532960472098,0.107335736124758,0.0084020124767194,0.191631860526983,2.35675755418212,2.5817117458259,0.461192790518815,0.0504743181126512,0.0260057004943055,0.231754696067252,0.0786555512137525,0.016834508476219,0.0372380452738828,0.149248457234751,0.744585352603445,0.531559247431076,0.335689067531748,0.426240307914683,0.737975237814115,0.474002455378361,0.520830880291472,0.870963752350192,0.0644632626652853,0.456244130213613,0.185709196555688,0.0787976354439303,0.0,0.272445297247188,0.0891097478367085,0.0073365994070661,0.122962221699204,0.47013488664602,0.12110245169872,0.249302517782592,0.160224500358377,0.245734403913343,0.458827221658829,0.290675663495199,0.0485702957328191,0.0,0.0182118500918674,0.0600834837997205,0.417908712840213,0.133717466140427,0.0201729650584116,0.0083920242177915,0.112280324845675,1.0769976198356,0.0305695852826684,0.0072537192743759,0.0576075191644888,0.0379036240754536,0.0,0.0,0.0212740041591668,0.045665272603577,0.0068952591048023,0.0313376908630678,0.222574920026165,0.0,0.0,0.019327016055726,0.0,0.0,0.12536736117885,0.0149099997753921,0.0,0.0,0.0,0.0,0.0,0.0,0.0160160652407424,0.0,0.0,0.0,0.0053917719705171,0.116117045797169,0.0051901542375182,0.0,0.2730113975866,0.0,0.0,0.0,0.0,0.200364303269069,0.107614972089832,0.239676046141456,0.295533771940697,0.0,0.0195872965064269,1.54624103571739,0.0,0.200285188109775,0.0,0.0,0.0,0.0,0.0,0.0038024725688099,0.220885803817117,0.0630295385799138,0.0,0.0,0.0,0.189824462150149,0.0042733996886607,0.0065729182436975,0.0826407044832543,0.0796677421818546,0.0841842680368858,0.0812623470228075,0.0063734665002138,0.217762911281534,1.56032565196165,0.0997065786936874,0.134631179258856,0.0,0.196658638739944,0.0,0.0,0.0,0.0607352611240091,0.026678769041998,0.0,0.0188355794721083,0.211580499645682,0.0,0.0,0.0,0.0093763976349017,0.248383736321294,0.0111143446600876,0.190668549364262,0.150721258115786,0.0,0.0,0.0070706367471365,0.0035745044836851,0.0650881019099864,0.0075110238747226,0.0,0.0274693706347103,0.0623605710284841,0.0151045478492538,0.0152264877652743,0.0378645671283734,0.249950404050727,0.0048187928676661,0.200824662575946,0.0119352641675695,0.235820553523729,0.404053975261741,0.0,0.27417468154919,0.118607609929942,0.0941002464147268,0.348375523941078,0.193599510726985,0.0593689126921768,0.146650715518591,0.0,0.0,0.0,0.240233855365634,0.0,0.167927464947383,0.190376464282508,0.182992741699095,0.0,0.0,0.0228157745390093,0.121840835752853,0.190218531341811,0.259201857319691,0.0193178725108095,0.0,0.0658155071922403,0.0119595064829858,0.0,0.00497586060714,0.0,0.0053851747038261,0.210708836287695,0.0,0.158582358567388,0.290563247698764,0.198986440566042,0.20862073354292,0.560483774198079,0.0,0.0089677149231232,0.0194374977667309,0.0218421966074093,0.008626920912251,0.012082249496851,0.0,0.0196246102261347,0.0044712902062805,0.0,0.285294943111229,0.197554549189763,0.0060847141720612,0.0051382069517743,0.0060877534776876,0.003874611342389,0.0183615681714345,0.17065671343623,0.058005768183349,0.0,0.0101207978008261,0.0420372936400886,0.0080109466924072,0.146323243950869,0.125172086277392,0.276127494475622,0.0067076549724798,0.0,0.0,0.172986541783079,0.192663965115639,0.341534602231349,0.208307166399909,0.0198517617638664,0.0130654335012044,0.0,0.0035362463410038,0.0206703818323997,0.0060087282345572,0.0129821030758738,0.129864454326417,0.010466054587383,0.340451407551922,0.178275459122465,0.0,0.0,0.172760624229839,0.0097394779427762,0.0,0.0149107298658641,0.469260088366393,0.0064582470659646,0.20422129410502,0.111683291774649,0.0089079916360363,0.0056896398877722,0.0103105070354577,0.0,0.0,0.0,0.0,0.0173006721530839,0.0185014347841697,0.0,0.0,0.0043699534721538,0.191951774251748,0.253104627751807
MS,0.0192369195947376,0.0,0.0311079648011614,0.0200118647022413,0.0,0.0810089090663276,0.0,0.0,0.0,0.0,0.0072155002281008,0.007127713912536,0.0,0.0,0.0297244250873312,0.0,0.0244054038168533,0.0,0.0,0.0,0.0,0.0065797258034665,0.0071423027221658,0.0476417845607537,0.106848114836742,0.100827321425502,0.103946189097596,0.0056693349210295,0.0,0.0,0.0,0.0361591484591265,0.0,0.0114505522870878,0.0064584140580519,0.0036044637768768,0.0725670133946634,0.0,0.0,0.0,0.113327632744342,0.0325852809086056,0.0,0.0542682449517951,0.0137155633838857,0.0,0.0430657744293834,0.0669662198254175,0.0,0.0058414117053732,0.0,0.0,0.0,0.0,0.0,0.0,0.0,0.0,0.0093238525574932,0.0,0.0,0.0,0.16594898654295,0.0,0.0,0.0,0.0953766056267908,0.0,0.004309100368436,0.0,0.0,0.0,0.0,0.0,0.0568354618081615,0.0,0.124891152971303,0.0,0.324247210829957,0.170181468073971,0.163916485178239,0.0039015182930923,0.0,0.0,0.0,0.0,0.0087140343359633,0.0,0.0,0.0,0.0,0.0179877107789622,0.0052021496646294,0.0,0.0,0.104143297586321,0.115153380061705,0.0,0.0060339524737909,0.741209960232478,0.0041585222684247,0.0946086784140286,0.0985774720767304,0.0,0.0121416986219354,0.0,0.0,0.0060844198042116,0.0,0.0,0.0239461477419348,0.0059547498514696,0.00903153845473,0.0094507171316987,0.008882824262773,0.0081677355759409,0.0502985016358124,0.0,0.0061716218704484,0.0792137322240243,0.0,0.0,0.0,0.0048752250639458,0.0,0.0,0.0252015365848576,0.0056209812296435,0.0264781658539264,0.0238596683297315,0.0,0.0,0.18324207422212,0.0,0.0,0.0795517499722317,0.0,0.011625382959719,0.0115077789237746,0.0,0.0,0.0587402185630096,0.0,0.0770290792218328,0.0279268769735111,0.0221955718820415,0.0990399713360912,0.0,0.0591705111701645,0.0301673873142582,0.0,0.0111120401062063,0.0044946453101428,0.0,0.0,0.0165397857540238,0.0,0.0706149698566937,0.0,0.0,0.311236372913386,0.0080843670104801,0.0,0.0,0.0050345362921382,0.0,0.0061843927275605,0.0,0.0,0.0,0.0,0.0,0.0,0.0,0.0,0.0,0.0,0.0,0.0,0.0,0.0,0.0044286161153459,0.0213722515239801,0.0,0.0,0.0,0.0038709748755993,0.0091024449157687,0.393480152592991,0.0564197594187667,0.0514945817143306,0.0,0.0,0.0,0.0,0.0,0.0,0.0,0.0,0.0,0.0,0.0,0.0,0.0331104882896922,0.0,0.0,0.0,0.030640775256547,0.0,0.0040346751516234,0.0,0.0095999059978829,0.0,0.0,0.0250033284312714,0.0,0.0,0.0,0.0,0.0,0.0,0.0,0.0,0.0070867958922854,0.0,0.0063641873776782,0.0,0.0,0.0,0.0,0.0,0.0,0.0146260492087092,0.0351475730704367,0.0420564258612587,0.0406197619129065,0.0,0.0,0.0,0.0,0.0171860345056272,0.0,0.0,0.0,0.0,0.0380589275726875,0.0,0.0,0.0,0.043140992779115,0.0077625542750496,0.0,0.0096184433860316,0.0062604371012075,0.0,0.0049721878308958,0.0076468769912027,0.0,0.0,0.0,0.0,0.0,0.0,0.0,0.0,0.0,0.0,0.0,0.0,0.0,0.0,0.0477439218783512,0.0,0.0,0.0,0.0427817932987824,0.0,0.0,0.0,0.0,0.0,0.0,0.0,0.0161144463180394,0.0,0.0431098562360732,0.0,0.0819337692936305,0.0342263620929469,0.0278254327883538,0.0,0.0,0.0,0.0,0.0,0.0,0.0,0.0,0.0,0.0,0.0035510226215978,0.0,0.0,0.0,0.0324393432670544,0.0369810433990569,0.0,0.0,0.40786372954451,0.0,0.045162657895249,0.0444363810279699,0.0,0.0034120472698983,0.0,0.0,0.0,0.0,0.0,0.0048770076467312,0.0,0.0,0.0,0.0,0.0038087498197404,0.00722819741398,0.0,0.0,0.0346352035556254,0.0,0.0,0.0,0.0,0.0,0.0,0.0046991908294581,0.0,0.0069212875604144,0.0055019516720057,0.0,0.0,0.0505113710288888,0.0,0.0,0.0205492753825624,0.0,0.0061921584360937,0.0058823602592102,0.0,0.0,0.0153563753506367,0.0,0.0214451663577858,0.007713205089829,0.0056114669743537,0.0300347795327634,0.0,0.0181125655444122,0.0124059478042147,0.0,0.0049715771274693,0.0,0.0,0.0,0.0,0.0,0.0215467614959916,0.0,0.0,0.0837573318975449,0.0,0.0,0.0,0.0,0.0,0.004375460841117,0.0,0.0,0.0,0.0,0.0,0.0,0.0,0.0,0.0,0.0,0.0,0.0,0.0,0.0,0.0,0.0038872462564627,0.0,0.0,0.0,0.0,0.0050011177989844,0.209008947477412,0.0119023715071864,0.0120807014217007,0.0,0.0,0.0,0.0,0.0,0.0,0.0,0.0,0.0,0.0,0.0,0.0,0.0081805770343372,0.0,0.0,0.0,0.0116879495353584,0.0
MV,0.0,0.0061356195401504,0.0,0.0,0.0,0.0,0.0,0.0,0.0,0.0443442556157199,0.0,0.0,0.0,0.0,0.0,0.0,0.0,0.0,0.0,0.0,0.0,0.0,0.0,0.0,0.0,0.0,0.0,0.0041189699599157,0.0412953117349144,0.0,0.0,0.0066010051066266,0.0,0.0,0.0,0.0,0.0102844700617853,0.0472623038921981,0.0,1.88258131267882,0.0,0.0,0.0050345762831769,0.0,0.0053326153139118,0.0,0.0,0.0,0.0,0.0,0.0,0.423869313662878,0.0,0.0,0.0,0.0,0.136252797258117,0.0,0.0040481772167815,0.0,0.0,0.0,0.0,0.0,0.0425666459520475,0.0360789399082242,0.0,0.118580311124803,0.0,2.42960822520367,0.0,0.0,0.0,0.0,0.0,0.0,0.0,0.0314698770112201,0.0,0.0,0.0,0.0,0.0796698391279232,0.0,0.0307775204937694,0.0210907535340232,0.0,0.0,0.0,0.0,0.0,0.0,0.0,0.0098320166016081,0.0081766807920803,0.0,0.0,0.0,0.0064734667303683,0.0,1.55047036028043,0.0,0.0139766765875698,0.063632569402383,0.0,0.360366934139915,0.0,0.0,0.3794819136562,0.0,0.0,0.0,0.0,0.0,0.0,0.0061498370467297,0.0,0.165924473041586,0.185026012209551,0.0169106675740727,0.0,0.0,0.0,0.0,0.944371791618606,0.0518156473282806,0.0,0.0,0.0,0.0,0.0,0.0,0.0,0.0,0.0037388133158901,0.0,0.0065280455551737,0.0677388045673532,0.0236111103909106,1.09465846605344,0.431281347353045,0.0,0.0,0.0,0.0,0.0,0.0,0.0061575719597212,0.0,0.0,0.0,0.0090426576394512,0.0052042343108939,0.0,0.0,0.0,0.0,0.0,0.0,0.0,0.0,0.0,0.0036967457045304,0.0,0.0036898960786101,0.0,0.0463021031661802,0.0,0.0,0.0,1.66336364305758,0.0459071370560089,0.0635465513099873,0.222254924616307,0.0156823379179494,0.0152092393277927,0.0,0.0,0.0073295473021239,0.007079951349461,0.0044846301880285,0.0072290509252414,0.0,0.143542789492416,2.36111540253837,0.0,0.0,0.003939211808045,0.0,0.0,0.0,0.317844851794319,0.0,0.412293719897062,0.0559515289391787,0.0,0.0033447180432306,0.0,0.0,0.0,0.0,0.0,0.0,0.0,0.0,0.0,0.0,0.0041184661398651,0.123276142037176,0.0,0.007682888670715,0.0,0.0,0.0,0.0,0.0,0.0,0.0,0.043226103456157,0.0,0.0,0.0,0.0,0.0,0.0,0.0,0.0,0.0,0.0,0.0,0.0,0.0,0.0,0.0,0.0,0.0,0.0,0.0674180571618005,0.0,0.0,0.0097184001695105,0.0,0.0,0.0,0.0,0.0046152320977172,0.0767909619577823,0.0,0.3729725262873,0.0,0.0,0.0,0.0,0.0053543998299377,0.0,0.0,0.0,0.0,0.0,0.0,0.673045244065199,0.0,0.0,0.0,0.0,0.121524903928468,0.0,0.0,0.0,0.0,0.0,0.0,0.0,0.0688633275319499,0.0227253594119796,0.003776163741546,0.0737278964960822,0.0,0.548618927965677,0.0,0.0,0.0,0.0,0.0,0.0,0.0,0.0390609714021192,0.0,0.0,0.0,0.0,0.0769329799053177,0.0,0.0228078587653123,0.028924780275165,0.0,0.0,0.0,0.0,0.0,0.0,0.0,0.0140527221180809,0.0098949368235316,0.0,0.0,0.0,0.0062270501790572,0.0,0.77184122439643,0.0,0.0092575880382633,0.0784825273022036,0.0,0.764001456833834,0.0,0.0,0.202858244392344,0.0,0.0,0.0,0.0,0.0,0.0,0.0042833386002942,0.0,0.0597345881241316,0.142620059160125,0.0060841707585013,0.0,0.0,0.0,0.0,0.847636951204597,0.055208874699455,0.0,0.0,0.0048228270905873,0.0,0.0,0.0,0.0,0.0,0.0,0.0,0.0062700647979678,0.0394080576885972,0.0124697170962682,1.06178348570401,0.369762434804123,0.0,0.0,0.0,0.0,0.0,0.0,0.0092530934081299,0.0,0.0,0.0,0.0132880543030837,0.0075640113341659,0.0,0.0,0.0,0.0,0.0,0.0,0.0,0.0,0.0,0.0,0.0,0.0056216437549743,0.0,0.0318121192845243,0.0,0.0,0.0,0.46034050995667,0.0184722965400476,0.0262204897738869,0.0594206405517356,0.0180075869969453,0.0171224213134001,0.0,0.0037353428595527,0.0127542834353783,0.0092623007980627,0.0060419641398486,0.0,0.0,0.131452155094926,0.565668713698496,0.0,0.0,0.0033607347608186,0.0,0.0,0.0,0.275996425023963,0.0,0.100658650322011,0.0514528741150901,0.0,0.0051054798902146,0.0,0.0,0.0,0.0,0.0,0.0,0.0,0.0,0.0,0.0,0.0124608193115148,0.133390202338122
NDB,0.119512011937146,0.0260492279829057,0.102584271687564,0.0139817065708644,0.0,0.117507281878129,0.0134159179037957,0.0038463336679496,0.0131071982160115,0.0059136429158216,0.00713065725426,0.0075490065841972,0.0,0.0189087442948696,0.162384010339334,0.0077738563813572,0.0286553140612367,0.0,0.0,0.0040389789231252,0.0,0.0746981304862415,0.0837652968633435,0.0549439056283148,0.112579468415487,0.127913436799939,0.117964983313292,0.0365212687893886,0.0037481187066216,0.005824443211009,0.0078053751914386,0.114856788821346,0.004958222957924,0.15790866096125,0.0481467705612378,0.0056731541452531,0.13173486018406,0.0039439060749359,0.004520074773101,0.0071741981572939,0.123592046479435,0.0431229262963074,0.0065296507412874,0.367186467299469,0.0949534273785221,0.0149998162935784,0.0623159141509614,0.0386152385431575,0.030807795557391,0.0697383063508542,0.0,0.0,0.0142970106631825,0.0227932756178867,0.0167706775585719,0.0340505664568304,0.0035678581948697,0.0,0.0588099655395459,0.0038005948639591,0.0,0.0042929145617839,0.455876410478924,0.0043137418576261,0.0092943431768495,0.0048016195974249,0.134097706679184,0.0,0.0506437913083299,0.0086161969529102,0.0110814267255403,0.0,0.0069539616366956,0.0106549964328322,0.0995806799150697,0.0039366485116018,0.214806583327202,0.0056747475818014,0.577003237371501,0.157295009419711,0.0404034426556961,0.175254015825778,0.0053028072948715,0.0045281551008064,0.0,0.0,0.0599697116010864,0.0104774267753718,0.0201188324274192,0.0171440182768365,0.0114899993713437,0.0346993780443238,0.0305086758145359,0.0,0.0061471940498706,0.13102089339267,0.156267439118041,0.01330759396693,0.0348818009773893,0.467063367998227,0.0124671099939697,0.281606604942503,0.371490582171861,0.0067498546722987,0.168551417229296,0.0,0.0089097097124073,0.0224345493135823,0.0,0.0424539139590263,0.102656551769234,0.0488195748888166,0.0324142352532471,0.0926265009242215,0.119466493531751,0.0422365261598432,0.0375388786605751,0.0,0.0200233103976795,0.289601435061814,0.014996618166575,0.0058716081213696,0.0,0.0131762858366625,0.0033154425112722,0.0103764249549787,0.0433997209752758,0.102371131960842,0.103702950837773,0.0382602925966595,0.0072799448698413,0.0118452788742076,0.167357665326578,0.0189634422942889,0.0226556843140771,0.0657451137559525,0.0,0.042793752106502,0.0255942714519418,0.0,0.0,0.0273466387323402,0.0,0.08423455966778,0.0199495985142036,0.0299392846459261,0.110104296415869,0.0,0.0884019849851871,0.05468599027729,0.0080117138491966,0.0493028572341824,0.0204667521326574,0.0040291428036932,0.021547637782384,0.0318135500921696,0.0033669312634254,0.0924941172054423,0.0108066848276449,0.0,0.471872209531175,0.145093002738656,0.0,0.0065546617174128,0.0162417335927135,0.0092775800050255,0.0143886827518309,0.0051841861732975,0.0035274883939369,0.0162491930018182,0.0046087874324579,0.0038711109288547,0.0,0.0,0.0,0.0,0.0,0.0,0.0,0.0,0.0,0.0219706998681708,0.0412386857422659,0.0084789584132473,0.0106540977594565,0.0095189053361721,0.0311649000847247,0.0205378237212938,0.257314500635211,0.304736778931362,0.0535039086679132,0.0,0.0,0.0,0.0040753142869074,0.0050170824443855,0.0043243597155861,0.0,0.0,0.0,0.0,0.0,0.003505548549042,0.0388830800345437,0.0,0.0034760688176936,0.0038603553675077,0.0686771658292166,0.0,0.0045397699696534,0.0,0.0141961861071729,0.0,0.0,0.0233705914157807,0.0,0.0,0.0,0.0059923716176554,0.0,0.0,0.0,0.0082905097852917,0.0187716876429607,0.0037969427492574,0.0102990867641767,0.0,0.0045746357538637,0.0066723758458229,0.0,0.0040582026997701,0.0044728171232632,0.0149615876270628,0.0624110510411683,0.0751206842381565,0.0684494394462842,0.0080575720992517,0.0045843297473053,0.0082906487380114,0.0,0.0365726794351405,0.0076987593117377,0.0140035719806255,0.0,0.0038605927665485,0.0741482254378061,0.0050213684243283,0.0,0.0,0.0756174094436046,0.0114898686497764,0.0050991042887993,0.0343346394517536,0.0141123657967301,0.0167701206299198,0.0084097550856319,0.0113346333974726,0.0,0.0037152038252738,0.0050857607983732,0.0044783676573147,0.0033765427095307,0.0044880879429071,0.0082096894957625,0.003869881243232,0.0036319702221057,0.0,0.0060419003692078,0.0042431994151565,0.0,0.0044768218716621,0.0692390221148785,0.0043184184255738,0.0083649348653492,0.0049831437838177,0.0851527812181735,0.0,0.0,0.0,0.0088070517240288,0.0,0.0066395671994074,0.0039655923704023,0.0172175721203161,0.0,0.0397321658202171,0.0062006660387511,0.167019095843774,0.0382178629361093,0.0103621310461664,0.0079848413313664,0.0057769587196912,0.0038263870670848,0.0037402791252857,0.0034591409186841,0.0,0.0089639395008317,0.009403073675387,0.0111943778250314,0.0038321247370407,0.0132180225253736,0.0066881233077896,0.0,0.0,0.0324003442066509,0.0360138440197021,0.0044501937895821,0.0086016313345069,0.269836040805258,0.0035696002492241,0.0361210862886172,0.0610024968809796,0.0048515242946137,0.015329594379733,0.0135726216880034,0.0,0.0076307545888203,0.0045203640893445,0.0,0.0113262513439655,0.0047811048810041,0.0,0.0051995024169176,0.0097935223741791,0.0096946509821714,0.018722553684382,0.0,0.0105221146914317,0.0484255329072062,0.0167466011697617,0.0071237464909142,0.0041851080414797,0.0107038683876661,0.0,0.0097574909823335,0.0091860639501367,0.0067682644178626,0.0130374359639675,0.013927425159224,0.0149047367649148,0.0037200136247247,0.0658543103172405,0.0102760210734266,0.004446677108853,0.0354676563279684,0.0,0.0134541475387084,0.0145484223386191,0.0,0.0033882104663497,0.0078604615179898,0.0033311788786672,0.0207815066953828,0.0066120865023646,0.0158058922310526,0.0321853428909264,0.0,0.0173751317091245,0.0323133925773131,0.0104652467173022,0.0148358412995497,0.0077023051881085,0.003379735808122,0.004048813013213,0.0046319809703244,0.0043332023723611,0.0222683560083204,0.0035403555852475,0.0037441938680443,0.153754422321867,0.006105124836456,0.0036034578587824,0.0069889229672306,0.0082399564364542,0.0062854462415566,0.0112883689235565,0.0040034480194359,0.0059378007080314,0.013457838051065,0.0,0.0039470477604523,0.0,0.0,0.0,0.0,0.0,0.0,0.0,0.0,0.0,0.0204382455048309,0.0106853343391258,0.0043742181173143,0.0,0.0110012712323612,0.0,0.0161476359940029,0.139346316303645,0.0330295466269672,0.0115973777037766,0.0,0.0,0.0,0.0040977187505743,0.0,0.0044513425430012,0.0,0.0,0.0038717671074053,0.0,0.0057810098486228,0.0,0.0099705912140972,0.0046631437700576,0.0053099458926656,0.0047837425071394,0.0300843509826402,0.0
NI,0.0,0.0431442286738668,0.0463094322780473,0.0,0.0,0.0042473173046696,0.0,0.0,0.0,0.0,0.0,0.0,0.0,0.0,0.0,0.0,0.0,0.0,0.0,0.0,0.0,0.0,0.0,0.0,0.0,0.0,0.0,0.0,0.0,0.0035819284185932,0.0,0.0345059565424152,0.0,0.0,0.0,0.0,0.0627838254076263,0.0,0.0037772522608821,0.0,0.0,0.0,0.0,0.0,0.0387178807157003,0.0,0.0,0.0,0.0,0.0,0.0,0.0,0.0,0.0,0.0,0.0,0.0,0.0,0.0,0.0,0.0,0.0,0.0194418203681054,0.0041140987222313,0.0,0.0,0.0710209651072665,0.0,0.0,0.0037111714486734,0.0,0.0,0.0,0.0522508922764793,0.0049891676745177,0.0,0.0052874593665238,0.0,0.0,0.0,0.0,0.0,0.0,0.007921879702631,0.0,0.0,0.0,0.0,0.0,0.0,0.0570790576489362,0.0,0.0,0.0,0.0091934890819011,0.0,0.0037817863922284,0.0,0.010480450290113,0.0075137928555316,0.0140544039334051,0.0,0.269088856097864,0.0076151858826591,0.0,0.0,0.0,0.0065464145759465,0.0033593203642267,0.0106693872028324,0.0131774595662406,0.0177069296854551,0.0,0.0,0.0,0.0131073003358438,0.0,0.0,0.0115015917856184,0.214321893725396,0.0,0.0,0.0,0.0082380272205678,0.016219074544452,0.0,0.0,0.0,0.0130673060682588,0.0,0.0,0.0,0.0,0.0,0.0092367837897475,0.0,0.0,0.0470965330590746,0.0237283631256563,0.0223040588488869,0.0172688876712906,0.0,0.0057342001853726,0.0,0.0208649232609667,0.0,0.0,0.0,0.0,0.0,0.0,0.0107140611384435,0.0051869297098835,0.0093920008739087,0.0187174823547572,0.0239600466078418,0.0,0.0,0.0,0.0,0.0,0.0,0.0,0.0,0.0041307484387749,0.0,0.024132623775634,0.0036035077283531,0.0,0.0,0.0033349072578566,0.0,0.0,0.0,0.0,0.005006054111305,0.0,0.0,0.0075451849800844,0.0,0.0,0.0079818526063724,0.0,0.0117977223124156,0.0061775413157941,0.0,0.0,0.0131918286377402,0.0037861348890902,0.0,0.0035501566491623,0.014656478022242,0.0,0.0034525569167004,0.0,0.0,0.0,0.0102337839464994,0.0,0.0,0.0,0.0,0.0,0.0,0.0,0.0,0.0,0.0189338393184535,0.0,0.0,0.0248643466739969,0.0267017242018931,0.0,0.0,0.0,0.0,0.0,0.0,0.0,0.0,0.0,0.0,0.0,0.0,0.0,0.0,0.0,0.0,0.0,0.0,0.0,0.0,0.0,0.0,0.0,0.0,0.0,0.0,0.0,0.0,0.0175398952229987,0.0,0.0,0.0,0.0,0.0491668285769345,0.0,0.0,0.0033298937609575,0.0,0.0,0.0,0.0,0.0114206676744859,0.0,0.0,0.0,0.0,0.0,0.0,0.0,0.0,0.0,0.0,0.0,0.0,0.0,0.0,0.0,0.0,0.0,0.0137987728043756,0.0033269890967665,0.0,0.0,0.0539744126385469,0.0,0.0,0.0044914024325982,0.0,0.0,0.0,0.0425562257933467,0.0,0.0,0.0,0.0,0.0,0.0,0.0,0.0,0.0,0.0063898162169153,0.0,0.0,0.0,0.0,0.0,0.0,0.0465046544487562,0.0,0.0,0.0,0.0058088238717439,0.0,0.0,0.0,0.0,0.0084511353553469,0.0072555128479596,0.0,0.11644975905099,0.0,0.0,0.0,0.0,0.0,0.0,0.0110387428562378,0.0131392090254771,0.0194257532217659,0.0,0.0,0.0,0.0039455923101482,0.0,0.0,0.0054598907139473,0.0935606432167615,0.0,0.0,0.0,0.0070111839883051,0.0110555024208453,0.0,0.0,0.0,0.0102772501488957,0.0,0.0,0.0,0.0,0.0,0.0,0.0,0.0,0.0209944043785818,0.0101048480119718,0.015083742321654,0.0067401316581997,0.0,0.0,0.0,0.016970765336927,0.0,0.0,0.0,0.0,0.0,0.0,0.0035139733983782,0.0,0.0036837488535693,0.0094512017349735,0.0150561545228481,0.0,0.0,0.0,0.0,0.0,0.0,0.0,0.0,0.0,0.0,0.0159833117412026,0.0,0.0,0.0,0.0,0.0,0.0,0.0,0.0,0.0,0.0,0.0,0.0,0.0,0.0,0.0,0.0,0.0045258284628386,0.0049171236143748,0.0,0.0,0.0120263891705533,0.0042532734021966,0.0,0.0,0.0054513787891399,0.0,0.0,0.0,0.0,0.0,0.0035338805578307,0.0,0.0,0.0,0.0,0.0,0.0,0.0,0.0,0.0,0.011435752520276,0.0
NLL,0.0,0.0,0.0,0.0,0.0,0.0,0.0,0.0,0.0,0.0062830228874863,0.0,0.0,0.0,0.0,0.0,0.0,0.0,0.016459813004443,0.0152992327460072,0.0093061017578979,0.0,0.0,0.0,0.0,0.0,0.0,0.0,0.0,0.0,0.0,0.0,0.0,0.0,0.0,0.0,0.0,0.0,0.0,0.0465167207941248,0.0043752646783965,0.0,0.0,0.0,0.0,0.0,0.0,0.0,0.0,0.0,0.0,0.0,0.0,0.0,0.0,0.0,0.0,0.0,0.0,0.0,0.25945814769343,0.173377337244765,0.281311494085154,0.0,0.0,0.0057806119485219,0.0,0.0,0.0,0.0,0.0,0.0,0.0,0.0,0.0,0.0,0.0,0.0,0.0066786693230632,0.0,0.0,0.0,0.0,0.003453914657625,0.0,0.0044615610151069,0.0035044284876418,0.0,0.0,0.0034610833644974,0.0,0.0,0.0,0.0,0.0,0.0,0.0,0.0,0.0,0.0062875180623559,0.0,0.0,0.0,0.0,0.201118147140556,0.0,0.0,0.0,0.0,0.0127359114966562,0.0,0.0,0.0,0.0,0.0,0.0,0.0184560839192554,0.0,0.0044951929992659,0.0283429163503255,0.0,0.0,0.0,0.0,0.0164228926159879,0.0,0.008575226930312,0.0,0.0,0.0,0.0,0.0,0.0,0.0,0.0,0.0071141464686389,0.0,0.0,0.0093963703414607,0.0312262146409332,0.0,0.204059482636323,0.0,0.0,0.0,0.0,0.0,0.0,0.0,0.0,0.0,0.0,0.0,0.0,0.0,0.0,0.0,0.0,0.0,0.040892180252024,0.0259855733248515,0.0,0.0,0.0,0.0,0.0,0.0,0.0283115239505351,0.0,0.0,0.0,0.0,0.0049024131202456,0.0062483668487248,0.0067383728782126,0.0,0.0,0.0,0.0,0.0,0.0,0.0,0.0,0.0,0.116398656481226,0.0,0.0,0.0,0.0175375444473586,0.0,0.0,0.0,0.149153938320081,0.0,0.0056727765001481,0.0034877586972754,0.0,0.0115241201826714,0.0,0.0,0.0,0.0,0.0,0.0,0.0,0.0,0.0,0.0,0.0,0.0103044051006618,0.0,0.0,0.0,0.0,0.0,0.0,0.0,0.0,0.0,0.0175065397025229,0.0,0.0,0.0,0.0,0.0,0.0,0.0,0.0,0.0,0.0,0.0,0.0,0.0,0.0,0.0,0.0,0.0,0.0,0.0,0.0,0.0,0.004612497839909,0.0,0.0,0.0,0.0,0.0,0.0,0.0074821855389059,0.0276579646828305,0.0,0.0,0.0,0.0,0.0,0.0,0.0,0.0,0.0,0.0,0.0,0.0,0.0,0.0,0.0,0.0,0.0034756506524407,0.0,0.0,0.0094290121836168,0.0061440355920025,0.0102493057750564,0.0,0.0,0.011611395043615,0.0,0.0,0.0092102948094411,0.0,0.0105232928550244,0.0,0.0,0.0,0.0,0.0,0.0,0.0,0.0156118459719915,0.0,0.0,0.0,0.0,0.0051541055358429,0.0,0.0169972723404213,0.0107071372757973,0.0,0.0,0.0,0.0,0.0,0.0,0.0,0.0,0.0,0.0,0.0,0.0,0.0044210636366137,0.0,0.00574238096163,0.0,0.0,0.0162101160033251,0.0,0.0,0.0,0.0,0.0690330756363904,0.0,0.0,0.0,0.0,0.0,0.0,0.0035240440800724,0.0,0.0164401692081124,0.0650376553999928,0.0,0.0,0.0,0.0,0.0111898991188623,0.0,0.0201973850107505,0.0,0.0,0.0,0.0,0.0,0.0,0.0,0.0,0.0039417385378301,0.0,0.0,0.0,0.0037291018256456,0.0,0.143897511420088,0.0,0.0,0.0,0.0,0.0,0.0,0.0,0.0,0.0,0.0,0.0077717283337124,0.0048589054915536,0.0,0.0,0.0,0.0,0.0,0.0,0.0,0.0,0.0,0.0,0.0,0.0038695366081952,0.0,0.0074409964897824,0.0,0.0,0.0,0.0142891070497905,0.025794159820974,0.0424569143335325,0.0307238151862826,0.0,0.0,0.0,0.0,0.0,0.0,0.0,0.0,0.0,0.0494293580433438,0.0076080860027017,0.0,0.0,0.0095088404469326,0.0,0.0,0.0,0.107050894427775,0.0,0.0172285279897676,0.0075770441895478,0.0,0.0,0.0,0.0,0.0,0.0,0.0,0.0,0.0,0.0,0.0,0.0,0.0077497605552904,0.0549204772175534
NLOT,0.205658572565238,0.0,0.0053953312145494,0.0,0.0,0.0,0.0108336938439226,0.0085748873088824,0.0123182280625349,0.0,0.0,0.0,0.0,0.019002567502238,0.116818061093026,0.0,0.0,0.0,0.0,0.0,0.0,0.115256028535742,0.0990717320678996,0.0033899044551234,0.0122685304057148,0.0051171010693951,0.0,0.0449977081869804,0.0,0.0,0.072846527710169,0.0,0.0,0.424473367492734,0.0930777149073983,0.0,0.0,0.0,0.0,0.0,0.0034602144874796,0.0,0.0,0.209351776683227,0.0,0.0035799893259554,0.0670775007158129,0.0241361165603544,0.0977430904463667,0.110226528124434,0.0,0.0,0.0,0.0127853910335343,0.0693442044734826,0.222662472902329,0.0,0.0,0.0740060536267733,0.0,0.0,0.0,0.0319467125439754,0.0,0.0,0.0,0.0,0.0,0.131043667803533,0.0,0.0,0.0,0.0,0.0048936655945785,0.0047540578547928,0.0,0.0,0.0,0.0,0.0,0.0,0.146270587384135,0.0,0.0,0.0,0.0,0.0853615486487663,0.0,0.0058374421829715,0.0039259994510696,0.0056324708793807,0.0,0.0222893764701285,0.0,0.0,0.0,0.0,0.0,0.0,0.0073619772779231,0.0,0.0604148870761462,0.0,0.0,0.466484380627329,0.0,0.0,0.0,0.0,0.0128462216752243,0.0084941385971041,0.0045908610971186,0.0418607648915637,0.0924258699936976,0.315605093025698,0.0,0.0055181114971481,0.0,0.0,0.0,0.0036166517499265,0.0,0.0,0.0,0.0,0.0,0.0,0.285257098056327,0.0078219935396985,0.0,0.0,0.0038489390733222,0.0114604670732655,0.0050648681916532,0.0,0.0055138997634313,0.0,0.0,0.0,0.0,0.0,0.0056729631250344,0.0,0.0,0.0061539712999991,0.0036947311239369,0.0,0.0,0.0,0.0128945056055442,0.0,0.0,0.0,0.0,0.0,0.0,0.0,0.0,0.0,0.0,0.0,0.124994430774523,0.0,0.0,0.0,0.0,0.0,0.0,0.0,0.0,0.0,0.0,0.0,0.0,0.0,0.0,0.0,0.0,0.0,0.0,0.0,0.0,0.0,0.0,0.0,0.0,0.114591434032846,0.0,0.0048463506849548,0.175269908235191,0.0,0.0,0.0,0.0,0.0,0.0113262282963449,0.0,0.0,0.0,0.0,0.0,0.0,0.0,0.0,0.0,0.0,0.0,0.0,0.0,0.0,0.0,0.0,0.0,0.0,0.0,0.0,0.0,0.0,0.0,0.0,0.0,0.0,0.0,0.00378444237963,0.0,0.0,0.0,0.0,0.0,0.0,0.0239250035447373,0.015858308134625,0.0,0.0,0.0,0.0,0.0,0.0,0.0,0.0193743589316214,0.0,0.0,0.0,0.0,0.0,0.0,0.0,0.0,0.0,0.0,0.0,0.0,0.0075248491502506,0.0,0.0,0.0,0.0,0.0253567077492242,0.0230587810439598,0.0,0.0,0.0,0.0,0.0,0.0,0.0,0.0,0.0,0.0,0.0,0.0,0.0,0.0,0.0,0.0,0.0,0.0,0.0348159783285229,0.0,0.0,0.0,0.0,0.0,0.0,0.0,0.0,0.0,0.0,0.0,0.0,0.0,0.0,0.0,0.0,0.0,0.0,0.0,0.0,0.0,0.0,0.0039263027914424,0.0,0.0,0.0,0.0,0.0,0.0,0.0,0.0045991040216551,0.0,0.0,0.0,0.0,0.0,0.0,0.0,0.0,0.0,0.0,0.0,0.0,0.0,0.0108296062515595,0.0,0.0,0.0,0.0,0.0,0.0,0.0,0.0,0.0,0.0,0.0,0.0,0.0,0.0,0.0,0.0,0.0,0.0,0.0,0.0,0.0,0.0,0.0,0.0,0.0,0.0,0.0,0.0,0.0,0.0,0.0,0.0044074103932657,0.0,0.0,0.0,0.0089070513998431,0.0,0.0,0.0,0.0,0.0,0.0,0.0,0.0,0.0,0.0,0.0,0.0,0.0,0.0,0.0,0.0,0.0,0.0,0.0,0.0,0.0,0.0,0.0,0.0,0.0,0.0,0.0,0.0,0.0,0.0,0.0,0.0,0.0,0.0,0.0,0.0,0.0,0.0,0.0,0.0060990163300986,0.0,0.0,0.0,0.0,0.0,0.0,0.0,0.0,0.0,0.0,0.0,0.0,0.0,0.0,0.0,0.0,0.0,0.0,0.0
NOD,0.0,0.0,0.0,0.0,0.0,0.0,0.0,0.0,0.0,0.0,0.0,0.0,0.0,0.0,0.0,0.0,0.0,0.0,0.0,0.0,0.0,0.0,0.0,0.0,0.0,0.0,0.0,0.0,0.0676574894064835,0.0,0.0,0.0,0.0,0.0,0.0,0.0,0.0,0.0678168021795629,0.0,0.0108950820443574,0.0,0.0,0.0167613658930073,0.0,0.0,0.0,0.0,0.0,0.0,0.0,0.0074323120938897,0.295486284818149,0.0,0.0,0.0,0.0,0.0073697125885409,0.0,0.0,0.0,0.0,0.0,0.0,0.0,0.0,0.0114881015207681,0.0,0.0047338548394621,0.0,0.0188287543374675,0.0,0.0,0.0,0.0,0.0,0.0,0.0,0.0,0.0,0.0,0.0,0.0,0.0036591354804814,0.0,0.0,0.0,0.0,0.0,0.0,0.0,0.0,0.0,0.0,0.0,0.0,0.0,0.0,0.0,0.0,0.0,0.0422367755274268,0.0,0.0,0.0069551472929268,0.0,1.24717186328405,0.0,0.0,0.0162953166192716,0.0,0.0,0.0,0.0,0.0,0.0,0.0,0.0,0.0049427609532473,0.0118323006171572,0.0,0.0,0.0,0.0079721740303078,0.0066838708688247,0.0544480489291047,0.0033685980140022,0.0,0.0,0.0,0.0,0.0,0.0,0.0,0.0,0.0,0.0,0.0,0.0,0.0,0.0709987446054213,0.0291934122140818,0.0,0.0,0.0,0.0,0.0,0.0,0.0041740896730449,0.0,0.0,0.0,0.0,0.0,0.0,0.0,0.0,0.0,0.0,0.0,0.0,0.0,0.0,0.0,0.0,0.0,0.0,0.0034717103766296,0.0,0.0,0.0,0.028827790152799,0.0,0.0,0.0053938704176241,0.0,0.0,0.0,0.0,0.0,0.0,0.0,0.0,0.0,0.009954562424465,0.0207891950969449,0.0,0.0,0.0067255518229941,0.0,0.0,0.0,0.0214383568393186,0.0,0.009114144241876,0.0,0.0,0.0,0.0,0.0,0.0,0.0,0.0,0.0,0.0,0.0,0.0,0.0,0.0,0.011159392493212,0.0,0.0,0.0,0.0,0.0,0.0,0.0,0.0,0.0,0.0,0.0,0.0,0.0,0.0,0.0,0.0,0.0,0.0,0.0,0.0,0.0,0.0,0.0,0.0,0.0,0.0,0.0,0.0,0.0297607215889423,0.0,0.0,0.0,0.0,0.0,0.0,0.0,0.0,0.0297002979222189,0.0,0.0,0.0,0.0,0.0,0.0,0.0,0.0,0.0,0.0,0.0,0.0,0.0,0.127481715796414,0.0,0.0,0.0,0.0,0.004823385674759,0.0,0.0,0.0,0.0,0.0,0.0,0.0,0.0,0.0,0.0,0.0,0.0,0.0055494803265333,0.0,0.0,0.0,0.0,0.0,0.0,0.0,0.0,0.0,0.0,0.0,0.0,0.0,0.0,0.0,0.0,0.0,0.0,0.0,0.0,0.0,0.0,0.0,0.0,0.0,0.0,0.0,0.0,0.0,0.0,0.0254765883075719,0.0,0.0,0.0,0.0,0.553714341980062,0.0,0.0,0.009386585462099,0.0,0.0,0.0,0.0,0.0,0.0,0.0,0.0,0.0,0.0037560791805292,0.0,0.0,0.0,0.0,0.0069452914616668,0.040091434021247,0.0,0.0,0.0,0.0,0.0,0.0,0.0,0.0,0.0,0.0,0.0,0.0,0.0,0.0,0.0529411395108828,0.0086912429617249,0.0,0.0,0.0,0.0,0.0,0.0,0.0,0.0,0.0,0.0,0.0,0.0,0.0,0.0,0.0,0.0,0.0,0.0,0.0,0.0,0.0,0.0,0.0,0.0,0.0,0.0,0.0,0.0,0.0,0.0091875079232209,0.0,0.0,0.0038925074814693,0.0,0.0,0.0,0.0,0.0,0.0,0.0,0.0,0.0,0.0,0.0060302439683509,0.0,0.0,0.0069122759909634,0.0,0.0,0.0,0.0065268106185092,0.0,0.0072267755342002,0.0,0.0,0.0,0.0,0.0,0.0,0.0,0.0,0.0,0.0,0.0,0.0,0.0,0.0,0.0079351657017202
NOT,0.0,0.0120458987977783,0.0124871965986914,0.0,0.0,0.0,0.0,0.0,0.0,0.0,0.0,0.0,0.0,0.0,0.0,0.0292823412818027,0.0,0.020601545936125,0.0218703886068596,0.0069866079755588,0.0,0.0,0.0,0.0,0.0,0.0,0.0,0.0,0.0,0.0,0.0,0.005368245223669,0.0,0.0,0.0,0.0,0.0,0.0,0.0068738937897159,0.0,0.0,0.0,0.0,0.0,0.0063148509650601,0.0076018434466407,0.0,0.0,0.0,0.0,0.0,0.0,0.0038323190627499,0.0,0.0,0.0,0.0,0.0,0.0,0.0052932525175521,0.0093936186721973,0.0096387182573715,0.0058759861011889,0.0,0.0,0.0,0.0,0.0,0.0,0.0,0.0,0.0079441754255062,0.0,0.0,0.0,0.0052851544118452,0.0,0.0,0.0,0.0,0.0,0.0,0.0,0.0,0.0,0.0,0.0,0.0054623359912494,0.0035935185764941,0.0,0.0,0.0,0.0,0.0,0.0041990533677853,0.0,0.0,0.187120931838456,0.007331344223119,0.0,0.0,0.0,0.0,0.0,0.0,0.0,0.136545908389036,0.0910544470778866,0.0,0.0,0.0,0.0,0.0,0.0,0.0,0.0173655038845746,0.0,0.0,0.0,0.0,0.0078599929178234,0.0,0.0,0.0,0.0,0.0,0.0,0.0,0.0,0.0,0.0,0.0075333308364129,0.0,0.0,0.0067456594836997,0.0,0.0,0.0,0.0,0.0,0.0,0.0,0.0672413987132742,0.0,0.0,0.0,0.0,0.0,0.0,0.0,0.0,0.0084631410072161,0.0065639597797023,0.0614398033098954,0.0363208027219373,0.0178247127092864,0.0,0.0,0.0876346925425487,0.190785786843322,0.0,0.0,0.0,0.0,0.0048005032806,0.0,0.0,0.0,0.0,0.0,0.0,0.0,0.0,0.0,0.0043612576155301,0.0,0.0,0.0,0.011973538306596,0.0,0.0,0.0042822400706703,0.0,0.0,0.0,0.0288298744483582,0.0,0.0,0.0,0.0,0.0,0.0,0.0,0.0,0.0,0.0,0.159227686695057,0.135984321439769,0.166799699601228,0.0884509224330221,0.13436400850299,0.144047829040745,0.0,0.0,0.0,0.0,0.0,0.0076580394776769,0.0,0.0,0.0,0.0,0.0,0.0,0.0,0.0,0.0,0.0,0.0,0.0,0.0,0.0,0.0,0.0,0.0,0.0,0.0,0.0,0.0,0.0,0.0,0.0,0.0,0.0,0.0,0.0,0.0,0.0,0.0,0.0,0.0,0.0,0.0,0.0,0.0,0.0,0.0,0.0036886619315647,0.0,0.0,0.0,0.0157415350321886,0.0,0.0,0.0,0.0,0.0,0.0,0.0,0.0,0.0,0.0042468542128502,0.0,0.0,0.0,0.0,0.0,0.0,0.0,0.0,0.0,0.0,0.0,0.0,0.0107366885345708,0.0,0.0,0.0,0.0,0.0,0.0,0.0,0.0,0.0,0.0,0.0,0.0,0.0,0.0,0.0,0.0,0.0,0.0,0.0,0.0,0.0,0.0,0.0,0.0,0.0,0.0,0.0,0.0,0.0,0.0,0.0,0.0162895515706262,0.0,0.0,0.0,0.0,0.0,0.0,0.0,0.0,0.0115440048603998,0.0124390942716838,0.0,0.0,0.0,0.0,0.0,0.0,0.0,0.0,0.0,0.0,0.0,0.0,0.0,0.0,0.0,0.0,0.0,0.0,0.0,0.0,0.0,0.0,0.0,0.0,0.0,0.0,0.0035336040413912,0.0,0.0,0.0,0.0,0.0,0.0,0.0,0.0,0.0,0.0,0.0,0.0,0.0,0.0,0.0,0.0,0.0,0.0,0.0,0.0,0.0,0.0,0.0,0.0093743755708739,0.0179169803283203,0.0,0.0,0.0,0.0,0.0,0.0,0.0,0.0,0.0,0.0,0.0,0.0,0.0,0.0,0.0,0.0,0.0,0.0,0.0,0.0,0.0,0.0,0.0,0.0,0.0,0.0,0.0,0.0,0.0,0.0,0.0,0.0,0.0,0.0,0.0,0.0,0.0,0.0,0.0,0.0,0.0,0.0,0.0,0.0,0.0,0.0,0.0,0.0,0.0
NPC,0.0,0.159464038409316,0.19265067189,0.0,0.0,0.0227235636679947,0.0,0.0,0.0,0.0063036814283106,0.0,0.0,0.0,0.0,0.0,0.133038526077533,0.0310081126807097,0.0143939083283319,0.0040553739947576,0.0,0.0,0.0,0.0,0.0042633293157996,0.0,0.0,0.0,0.0,0.0,0.0,0.0,0.0330492970568008,0.0,0.0,0.0,0.0,0.0157920819837322,0.0,0.0475612430197569,0.0,0.0,0.0233416930468987,0.0,0.0,0.0203271887022585,0.0,0.0,0.0,0.0,0.0,0.0,0.0,0.0037604466855553,0.0,0.0106845388274612,0.0052910551195196,0.0054837272007222,0.0,0.0,0.0257843226776224,0.0322603999385144,0.0261139277562805,0.171969576182102,0.0,0.0056291147633448,0.0,0.0107771711689908,0.0,0.0,0.0035527086025438,0.0,0.0,0.0,0.0172523210006287,0.0180500637076143,0.0038620410230505,0.0122180913947601,0.0056154627326498,0.0,0.0,0.0,0.0,0.0075885979564361,0.0,0.0,0.0,0.0,0.0,0.0062980010108382,0.0,0.0192548118237157,0.0050968264710095,0.0,0.0063392818863807,0.0445323300454918,0.0105022092802355,0.0102268764806044,0.353204942623257,0.0569817686288933,0.0,0.0047997279453887,0.0,0.0167188062977046,0.012506987514544,0.0,0.0,0.243628744896731,0.305526188915211,0.0,0.0076835676021089,0.0188548241941694,0.00685221040028,0.0,0.0,0.0,0.081072510598396,0.0,0.0,0.0151833383920109,0.0120889232860273,0.0,0.0042483332049629,0.0,0.0116538609681524,0.0,0.0084004481865047,0.0154733976378164,0.0,0.0560160378509051,0.009138878098937,0.0,0.0110947102570232,0.0049887085302375,0.0047374785251365,0.0381759415675562,0.0,0.0,0.0265977423871021,0.024192241339259,0.0,0.0134342602252701,0.0050416985115983,0.0485961407163926,0.0190105075187493,0.0103443400819383,0.0097135294361438,0.0090313426226834,0.0,0.0320211223677992,0.0036616336354645,0.0,0.0613816358365712,0.0428987578338311,0.071760535416476,0.0553433365937002,0.0698079245485249,0.0048629894245236,0.0228372824081631,0.070156006650101,0.0454290831652181,0.0,0.0,0.0,0.0066583438764841,0.0250986971065182,0.0139285670242485,0.023648548507088,0.0,0.0,0.0,0.0,0.0,0.0,0.0,0.0251884661295886,0.019720187528694,0.0,0.0,0.0422388883866669,0.0090498354128403,0.0048770944163287,0.0438559353464785,0.0072339426306332,0.0134921370611422,0.0044344847091021,0.0040844086381902,0.0,0.0143961310151712,0.0,0.0,0.0240093038959909,0.0140289279524007,0.006345919093958,0.0034494512442676,0.0042134515282304,0.0,0.0440855094423084,0.096465466896235,0.0083354139992284,0.0,0.0063717472952161,0.0467814283865449,0.0150580812903494,0.0328962132114162,0.0,0.0,0.003784477315259,0.0454282565347336,0.0,0.0,0.0100945904156167,0.024959582351059,0.0,0.0,0.0063891203248805,0.0,0.0,0.0,0.0103182000623382,0.0,0.0,0.0,0.0,0.0,0.0463582014239455,0.0096759536409852,0.0,0.0,0.0,0.0,0.0,0.0,0.0,0.0,0.0,0.0,0.0,0.0,0.0,0.0,0.0238840332141002,0.0,0.0,0.0,0.0,0.0071867073659964,0.0,0.0217335418242001,0.0,0.0,0.0070656815621207,0.111868682435468,0.0,0.0111728465084208,0.0,0.0,0.0,0.0,0.0,0.0,0.0,0.0,0.0,0.0,0.0,0.0066389188507006,0.0,0.0,0.0089208759687751,0.0102509937427521,0.0081477306410787,0.0852763184626483,0.0,0.0095433349408743,0.0799769039689719,0.0088077273617313,0.0042687108526612,0.0,0.0,0.0,0.0,0.0,0.0057893012100145,0.0046002117166579,0.0,0.0,0.0096655604136062,0.0,0.0,0.0,0.0,0.009138571670963,0.0,0.003559466020356,0.0055159888034342,0.0,0.0,0.0,0.0,0.0065360534296464,0.0,0.0,0.0,0.0,0.0,0.0,0.118285864492983,0.0328109280379427,0.0,0.0053227359958511,0.0,0.0,0.0158905745672551,0.0,0.0111032656231985,0.0779786737914102,0.116358483947217,0.0077931269539899,0.0,0.0076800706247677,0.0,0.0,0.0,0.0,0.0390355243787017,0.0,0.0035611928778108,0.0065981685984154,0.0,0.0,0.0,0.0,0.0098395240386132,0.0045247001021531,0.0128054032915376,0.0039359895931917,0.0,0.0141541809574925,0.0,0.0,0.0,0.0,0.0,0.0209589695857901,0.0,0.0085797533149216,0.0182223527423187,0.009583078192221,0.0043939913932529,0.0190350661501626,0.0,0.0,0.0056820562179577,0.0035192926920919,0.0035385421655485,0.0,0.0,0.0091555985829284,0.0,0.0,0.0450655985933734,0.0280523576690884,0.0,0.0,0.0062181180212099,0.0,0.0065659564223264,0.021567731403339,0.0090372754399451,0.0,0.0,0.0,0.0,0.0166891903869683,0.0093222009103717,0.0193804916737917,0.0,0.0,0.0,0.0,0.0,0.0,0.0,0.0,0.0,0.0,0.0,0.0,0.0,0.0,0.0104715071442123,0.0,0.011161197600658,0.0,0.0,0.0,0.011854747297429,0.0,0.0,0.0074452682804982,0.0152423086306109,0.0,0.0040349282709688,0.0048660873732779,0.0,0.0,0.0,0.0,0.0,0.0,0.0,0.0,0.0100988308210677,0.0,0.0,0.0,0.0328822993177,0.007051528946674
NTS,0.0119707315644294,0.0,0.0,0.0,0.0,0.0,0.0117852700408913,0.0114298071593942,0.013452744138457,0.0926721700640199,0.0,0.0,0.0,0.0,0.0,0.0,0.0,0.0,0.0,0.0,0.0,0.0049155906374756,0.0070854600428833,0.0079046772561489,0.0,0.0,0.0,0.0331899573654007,0.0034409518030983,0.0,0.0,0.0,0.0,0.0,0.0,0.0036088325461393,0.0,0.0033207640824088,0.0,0.18188254161319,0.0,0.0,0.0,0.0,0.0,0.0,0.0,0.0,0.0033676462417801,0.0059938305553128,0.0,0.0144896351008408,0.0,0.004045746464701,0.0050186725334768,0.0124333009346247,0.0867470689103382,0.0098057192908915,0.0274219076678883,0.0,0.0,0.0,0.0079811431793142,0.0,0.0528596808003153,0.0108249308394194,0.0,0.145638839231821,0.0,0.110732104568117,0.0,0.0,0.0,0.0,0.0037832033105042,0.0,0.0,0.0804601028923865,0.0,0.0,0.0,0.0044693272712794,0.070065075699468,0.0,0.291429085748711,0.136064569527981,0.0084184948980823,0.0,0.0,0.0,0.0,0.0,0.0,0.0093315984886768,0.0049493711980716,0.0,0.0,0.0,0.0037965828937796,0.0,0.0973881752879603,0.0,0.0,0.0259117910296582,0.0,0.0248969049054726,0.0,0.0,0.585285843365999,0.0,0.0050924505954868,0.0,0.0,0.0037438892347811,0.0,0.0,0.0,0.192902292199431,0.0331706712432646,0.0079946990124504,0.0,0.0,0.0,0.0,0.141657794609951,0.0772111862745705,0.0,0.0,0.0170982925336588,0.0,0.0,0.0,0.0,0.0,0.0060389416097568,0.0,0.0,0.014971540658916,0.0040209587936746,0.145263219370981,0.0594645276110292,0.0,0.0,0.0,0.0,0.0,0.0,0.0,0.0,0.0,0.0,0.0043118504191503,0.0084331661079295,0.0,0.0,0.0,0.0,0.0,0.0,0.0,0.0,0.0049944031430565,0.0,0.0,0.0089879040918794,0.0098888992918234,0.0209065720405051,0.0,0.0,0.0,0.1771518802204,0.415852224783627,0.262320747689476,0.236063127248716,0.0,0.0054426230876884,0.0109144076859831,0.0,0.0063109586481831,0.0,0.0073961415080827,0.0097375561535395,0.0,0.0359795358101412,0.0821737284709804,0.0,0.0,0.0058265615098556,0.0,0.0,0.0,0.0515834192832736,0.0,0.193981553758905,0.057507879619756,0.0106750014130991,0.0,0.0,0.0,0.0,0.0,0.0,0.0,0.0,0.0,0.0,0.0,0.0036712883173357,0.42184411660178,0.0,0.0036306958570341,0.0,0.0,0.0,0.0,0.0202757625500117,0.0199345900276814,0.0223849260860999,0.0457139397151055,0.0,0.0,0.0,0.0,0.0,0.0,0.0,0.0,0.0,0.0,0.0,0.0,0.0,0.0,0.0,0.0,0.0,0.0,0.0052693073092052,0.0,0.0,0.0050715808555982,0.0,0.0,0.0,0.0,0.0,0.0045909020331859,0.0,0.0267039597450693,0.0,0.0,0.0,0.0,0.0,0.0,0.0,0.0,0.0,0.0,0.0,0.0387998181846172,0.0,0.0,0.0,0.0,0.0498370476989962,0.0208433668234362,0.0,0.0,0.0,0.0,0.0101062337007147,0.0,0.03891645007621,0.0,0.0,0.0567521518171071,0.0,0.0228790647984448,0.0,0.0,0.0,0.0,0.0,0.0,0.0,0.0423201368196951,0.0,0.0,0.0,0.0,0.0453860742075374,0.0,0.064777565572145,0.0526260275311257,0.0,0.0,0.0,0.0,0.0,0.0,0.0,0.0310111751505742,0.0122062087481262,0.0,0.0,0.0,0.0,0.0,0.0450779773565607,0.0,0.0,0.0118630569553395,0.0,0.0487164927852909,0.0033806269464467,0.0,0.185643217921825,0.0058693914170703,0.0065762897503953,0.0048154067032665,0.0,0.0,0.0,0.0,0.0,0.0554344792472551,0.0109932099638898,0.0,0.0,0.0,0.0,0.0,0.086873545744097,0.0493478956719483,0.0,0.0,0.0215087526390231,0.0,0.0,0.0,0.0,0.0,0.0,0.0,0.0,0.0101929648430293,0.0,0.10096183013474,0.0251156699857982,0.0,0.0041171558561639,0.0,0.0,0.0,0.0,0.0,0.0,0.0,0.0,0.0071962681250451,0.0039964456815288,0.0043085742120519,0.0,0.0,0.0,0.0,0.0,0.0,0.0,0.0,0.0,0.0,0.0,0.0,0.015119260333166,0.0,0.0,0.0,0.0469403137419095,0.0556140274783175,0.0387519585132341,0.0534753800881762,0.0058429425512063,0.0164601813801914,0.0442847184083888,0.0056474316589515,0.0200434514404155,0.0069903907635428,0.0258588058389304,0.0,0.0,0.0153997776313981,0.0193318383237629,0.0,0.0,0.0047936518414367,0.0,0.0,0.0,0.0218414357241642,0.0,0.049352630349206,0.0400892932398348,0.0212531181033444,0.0038098184756016,0.0035812945015625,0.0,0.0,0.0,0.0,0.0,0.0,0.0,0.0,0.0,0.0069835907949098,0.171948448815903
ORBl,0.004557785306777,0.380569515487603,0.144876471944677,0.0,0.0219389151197188,0.0,0.778262106277718,0.115365956739166,0.655460363210985,0.0,0.086595825470133,0.0658806699972426,0.0,0.0481219703241475,0.226808292637645,0.0,0.0,0.0307267731431248,0.0253696120731043,0.0363721441271194,0.0196389941391063,0.208597609280157,0.135664120872442,0.0048899750512167,0.0279001102992962,0.0095105343932761,0.0033822880800932,0.0,0.0,0.0506226165630143,0.147699784484696,0.0,0.424504849378705,0.0358025624134754,0.0061423241992158,0.0049183540095169,0.0045511292243006,0.0,0.0,0.0,0.0033867036583192,0.0,0.0,0.285931486940236,0.0,0.0946082445382207,0.16044093755552,0.0860145468359286,0.212813323529084,0.200837513830842,0.0,0.0,1.32343076032592,0.0161509734335418,0.0743723475610025,0.112249999963008,0.0,0.0699112740249289,0.0,0.0,0.0,0.0,0.433490127840062,0.732452540249047,0.0,0.0,0.0,0.0,0.304043276947,0.0,0.0,0.0,0.0,0.24030095270498,0.0,0.0,0.0,0.0,0.0,0.0,0.0,0.0494482357813197,0.0,0.631808276085138,0.0,0.0,0.0,0.0,0.0,0.0,0.272732055149428,0.0,0.0358832480813575,0.090859686715935,0.513779341477456,0.0,0.0,0.0,0.0,0.0,0.0,0.0206242143041466,0.0,0.0,0.0407020748708957,0.0,0.0,0.0,0.0,2.74097218730625,0.769205621098406,1.92374042464619,0.0068806296086653,0.0906944375378663,0.0305623737681793,0.0,0.009350587275397,0.0,0.0,0.0,0.0952851457283866,0.0294616076940844,0.0,0.0,0.0,0.0,0.0045533773929873,0.370948240947038,0.419533807870679,0.0,0.0062907829280436,0.0,0.0047861367905819,0.0,0.0,0.0059678463985977,0.0,0.0,0.0,0.0,0.0,0.0614200218410198,0.108465502766033,0.0,0.228283925949476,0.0,0.0,0.0,0.0,0.26707169511207,0.561694050349076,0.0,0.0,0.0598190919413222,0.0278663694391841,0.0206400634123184,0.0173630081203231,0.0,0.0,0.0,0.0,0.043247016488108,0.0,0.569938225136912,0.0,0.0,0.0,0.279016763453562,0.242846132736558,0.0,0.0,0.0,0.0,0.0,0.178818044055172,0.0350013459259232,0.0354021665454824,0.113915240802441,0.0782859777545779,0.0363172848510928,0.136676037520872,0.0109099153469055,0.0,0.0,0.0,0.0700743499758312,0.0120836514171054,0.0,0.0,0.205768651889961,0.0,0.0,0.101860710009097,0.0,0.0,0.176044285084285,0.093268151757631,0.194008878584601,0.0458622140997046,0.005786152997502,0.028698918841817,0.0672200727326161,0.311917823419129,0.0,0.0095348125903667,0.0051421461809218,0.194755140207103,0.0,0.0,0.0,0.272944894867588,0.077669822396591,0.0,0.0,0.0,0.344330405533385,0.0084474571178391,0.284337100462748,0.0,0.0,0.0,0.0,0.0,0.0129723386818281,0.0,0.0,0.005510507012232,0.0,0.0,0.0,0.0278923842800985,0.0180711250531506,0.0,0.0,0.0,0.0,0.0,0.0,0.0,0.020110030334515,0.0,0.0149804216004117,0.0,0.0,0.0,0.0073922815383823,0.0,0.0,0.0,0.0,0.0,0.0,0.0052521954618255,0.0,0.0,0.0106507108705376,0.0053250787948543,0.0286671192680993,0.0268609567246539,0.0,0.0,0.597324273378669,0.0,0.0,0.0,0.0,0.0053801574608809,0.0,0.0,0.0,0.0,0.290446004807254,0.0163628311081647,0.0,0.0,0.0,0.0,0.0408261702463264,0.0,0.0,0.0,0.0,0.0043815792792985,0.0,0.0,0.0,0.0,0.0,0.0,0.0,0.0,0.0,0.0,0.0,0.0,0.0,0.0,0.0,0.0,0.0050296353465846,0.0,0.0,0.0476398471177788,0.329711958837982,0.0,0.0,0.0,0.0,0.0,0.0,0.0,0.0,0.0,0.0,0.0,0.0,0.0,0.0,1.48245590817316,0.613598289462383,1.26444386378189,0.0,0.011969889709564,0.0,0.0,0.0,0.0,0.0,0.0,0.0,0.0,0.0,0.0,0.0,0.0,0.0,0.0,0.306505192393067,0.0,0.0,0.0,0.0,0.0,0.0,0.0,0.0,0.0,0.0,0.0,0.0,0.0,0.0200318701264884,0.0,0.0039098269072383,0.0,0.0,0.0,0.0,0.105463701159221,0.0193484519484388,0.0,0.0,0.0068640108045937,0.0,0.0040637336868556,0.0,0.0,0.0,0.0,0.0,0.0,0.0,0.0161725808971978,0.0,0.0,0.0,0.0312363744244948,0.0253086544923918,0.0,0.0,0.0,0.0,0.0,0.0566427859032267,0.0069485907589434,0.0046533400572579,0.022649561359285,0.0099205754004961,0.0063092540921278,0.0203578743476778,0.0035021317580559,0.0,0.0,0.0,0.0036348685197011,0.0,0.0,0.0,0.0155978994088164,0.0,0.0,0.0,0.0,0.0,0.0106607008583353,0.0138273560261595,0.0333667405709273,0.0124429142810751,0.0,0.0068900939613841,0.0078645597832648,0.0,0.0,0.0,0.0,0.0079783649334064,0.0,0.0
ORBm,0.0150156737759913,0.467015300033781,0.664863588759221,0.0136752987314896,0.0279805181010207,0.0,0.0964201914617864,0.0203266862539728,0.101804363011198,0.0,0.476284227291185,0.401042437698154,0.0,0.0457368905600026,0.291353474400532,0.0,0.0,0.0089166200592395,0.0151005044576575,0.02192315764638,0.0360312386261349,0.193881569894992,0.145735565093695,0.0037270235992243,0.0443794619736872,0.0161396168287264,0.010722730413232,0.0042926923891785,0.0,0.0243781189654007,0.0495594118369313,0.0,0.176370918241638,0.107227703922582,0.0352559031337588,0.0055509919825755,0.0060925859256969,0.0,0.0,0.0,0.0107535873253774,0.0,0.0,1.02629755707315,0.0,0.0166598320348908,0.201511355970192,0.103242218466536,0.140142106072098,0.182322875100775,0.0,0.0,0.201195619101733,0.0085264126361036,0.0759007932812185,0.15660020060107,0.0,0.0102161194967056,0.0064526683429242,0.0,0.0,0.0,0.853362239396544,0.206982721512383,0.0,0.0,0.0,0.0,0.238112842164744,0.0,0.0,0.0,0.0,0.157410512891191,0.0,0.0,0.0080405116150869,0.0,0.0082348431526109,0.0,0.0,0.0648104132131246,0.0,0.268415554201569,0.0,0.0,0.00500016890474,0.0,0.0,0.0,0.212192599506399,0.0,0.0517201068334479,0.0064131283391418,0.086804622558494,0.0033456550377482,0.0046673954340581,0.0,0.0,0.0157424314374483,0.0,0.0201190024915631,0.0,0.0,0.114385645154136,0.0,0.0,0.0,0.0,0.255875932765186,1.69889225397023,0.773207446089372,0.0166194623968549,0.127138722623713,0.0883707952064425,0.0,0.0167695418132458,0.0,0.0,0.0,0.0166604631835989,0.0047121192873281,0.0,0.0,0.0,0.0,0.004060401214418,0.165396896445863,1.02651456470034,0.0,0.0,0.0,0.0427652691575084,0.0,0.0,0.0152264326126234,0.0,0.0,0.0,0.0,0.0,0.399029631387238,0.0732823674472033,0.0,0.299995095036495,0.0,0.0,0.0,0.0,0.335904183799704,0.117651495067185,0.0,0.0,0.0709169262137414,0.0292895361452669,0.0392670015566534,0.0124427807092539,0.0,0.0,0.0,0.007562151326195,0.0587329022548538,0.0,0.0622764557636049,0.0,0.0,0.0,0.0383952436064564,0.0154975151727483,0.0,0.0,0.0,0.0,0.0,0.0128974429053992,0.0081004275488996,0.0,0.0,0.0261679967663021,0.0,0.00893627051559,0.0,0.0,0.0,0.0,0.0224368644936929,0.0269377753713733,0.0,0.0083094348051244,0.562069467774219,0.0,0.0,0.0435828068105029,0.0,0.0,0.0235260880804241,0.0276669090856199,0.17197890718889,0.0299592419362947,0.0053906470762485,0.0264371375560849,0.0974718382461486,0.0392491489711976,0.0,0.0,0.0,0.0135832794248348,0.0,0.0,0.0,0.0949673718480105,0.106303903438245,0.0,0.0,0.0,0.0414251743907892,0.0,0.0439119749340755,0.0,0.0069743438277562,0.0070823393149981,0.0,0.0,0.0214821487377629,0.0,0.0,0.0,0.0,0.0,0.0,0.0298326306464222,0.0233426561912009,0.0,0.0063953380225315,0.0,0.0,0.0037693944760177,0.0,0.0,0.0063015408669322,0.0,0.0080484417009599,0.0051062785727214,0.0,0.0,0.0091416901990117,0.0,0.0,0.0,0.0,0.0,0.0,0.0420876155546573,0.0,0.0,0.0267937151338689,0.0111050692878208,0.0206322979322799,0.0280889383079092,0.0,0.0,0.0978009566852458,0.0039855538989293,0.0,0.0060522708638007,0.0,0.0,0.0,0.0,0.0,0.0,0.169181105873746,0.0064250833261493,0.0,0.0,0.0,0.0,0.0356576973560692,0.0,0.0,0.0,0.0,0.0062649201978586,0.0,0.0,0.0,0.0,0.0037813807182535,0.0,0.0,0.0035532309156012,0.0,0.003395579627353,0.0,0.0,0.0,0.0,0.0,0.0,0.0070112312424638,0.0,0.00492641235956,0.0,0.0233338173464682,0.0,0.0,0.0,0.0,0.0065578801269497,0.0,0.0,0.0,0.0,0.0048313309096391,0.0,0.0,0.0,0.0,0.0940330590390482,0.832538543675366,0.341661246433325,0.0,0.0194889530351272,0.0043017289285367,0.0,0.0,0.0,0.0,0.0,0.0,0.0,0.0,0.0,0.0,0.0,0.0,0.006943634433577,0.33927367839782,0.0,0.0,0.0,0.0065501978922614,0.0,0.0,0.0,0.0,0.0,0.0,0.0,0.0,0.01278053698853,0.0037954987731807,0.0,0.0113519447460916,0.0,0.0,0.0,0.0,0.232197526582868,0.0236238087747104,0.0,0.0,0.0,0.0,0.0042643499568937,0.0,0.0,0.0,0.0,0.0035587235836357,0.0,0.0,0.0204992271075857,0.0,0.0,0.0,0.0083600053596548,0.0060872136613582,0.0,0.0,0.0,0.0,0.0,0.0,0.0,0.0,0.0,0.0,0.0,0.0,0.0,0.0,0.0,0.0,0.0,0.0,0.0,0.0039851767946344,0.0362591489849993,0.0,0.0,0.0,0.0,0.0,0.0,0.0036491171227866,0.0059547233951504,0.0,0.0,0.0,0.0,0.0,0.0,0.0,0.0,0.0,0.0,0.0
ORBvl,0.0046728398986849,0.594576985708274,0.586362748183404,0.0,0.0159479794750381,0.0,0.242098557367138,0.0219918772417783,0.215511670995293,0.0,0.195249274299966,0.162292159045989,0.0,0.0362242000863988,0.209689074980472,0.0,0.0,0.0652863715833248,0.0565853742280197,0.0314227569776099,0.054937958476868,0.0775226898621811,0.0519289523713086,0.0034349977132856,0.0269417252348094,0.0116847344710235,0.0077667712256035,0.0,0.0,0.0161403746301696,0.0345982332641181,0.0,0.181382050488996,0.0655340973975655,0.0208044472919635,0.0044448368258211,0.0067166621175591,0.0,0.0,0.0,0.0066557137266457,0.0,0.0,0.383989976293731,0.0,0.0340451819495228,0.137373432354304,0.0822953790166171,0.0687986459005641,0.0743106971196767,0.0,0.0,0.39545249916148,0.0105847346767665,0.0569837315561776,0.0761460290674328,0.0,0.010658155507128,0.0,0.0,0.0,0.0,0.961591771952915,0.162595794433297,0.0,0.0,0.0,0.0,0.107772231912324,0.0,0.0037810150203705,0.0,0.0,0.0672283063190058,0.0,0.0,0.0034380459403364,0.0,0.0,0.0,0.0,0.0337910993753136,0.0,0.15958509186609,0.0,0.0,0.0,0.0,0.0,0.0,0.0732681346759682,0.0,0.0441915309596114,0.0181867799943077,0.230567077225682,0.0,0.0,0.0,0.0,0.0057941733825664,0.0,0.0149348981077832,0.0041969077973873,0.0,0.0716595654755723,0.0,0.0,0.0,0.0,1.79308435099933,1.94787907450835,3.15253388645105,0.0058031070791443,0.0365158763813325,0.058353861236392,0.0,0.0133764638998465,0.0,0.0,0.0,0.0342369065270232,0.0057423647111325,0.0,0.0,0.0,0.0,0.0,0.174981343617465,0.570353621963998,0.0,0.0,0.0,0.003584629579409,0.0,0.0,0.0102523075995904,0.0,0.0,0.0,0.0,0.0,0.141838525784945,0.355280388445482,0.0,0.0905217149857913,0.0,0.0,0.0,0.0,0.202025454069396,0.14600831119882,0.0,0.0,0.349829053013867,0.132488872741978,0.0695706454746349,0.0143260532210695,0.0,0.0,0.0,0.0,0.0285555143059433,0.0,0.0755595374940544,0.0,0.0,0.0,0.0387121848785544,0.0142282618159289,0.0,0.0,0.0,0.0,0.0,0.098380813651548,0.0288393608524074,0.0,0.0109204711420964,0.107539333878352,0.0160952480022443,0.030046708108964,0.0,0.0,0.0,0.0,0.0606484541102015,0.0278836084981682,0.0,0.0,0.267730126434968,0.0,0.0,0.0405649888935535,0.0,0.0,0.0312107732223719,0.261572439707854,0.867553088148584,0.157817604279761,0.0387021724900948,0.129272861168651,0.565274822108984,0.0584270397952962,0.0,0.0045789459806812,0.0,0.0192234841514324,0.0,0.0,0.0,0.180213331120483,0.127898894522786,0.0,0.0,0.0,0.116810025498934,0.0,0.114017298835697,0.0,0.0,0.0,0.0,0.0,0.0063017349311037,0.0,0.0,0.0065328980125171,0.0,0.0,0.0,0.0105342750424822,0.0070596586952738,0.0,0.0,0.0,0.0,0.0,0.0,0.0,0.0071071848091182,0.0,0.0064964264402151,0.0,0.0,0.0,0.0111496112531909,0.0,0.0,0.0,0.0,0.0,0.0,0.0043170104065122,0.0,0.0,0.0136728207797548,0.0076379549231977,0.0104380281027166,0.0101201130246581,0.0,0.0,0.128475463147422,0.0,0.0,0.0,0.0,0.0,0.0,0.0,0.0,0.0,0.2732527766836,0.0043249343694274,0.0,0.0,0.0,0.0,0.0150240691831347,0.0,0.0,0.0,0.0,0.0033843243277523,0.0,0.0,0.0,0.0,0.0,0.0,0.0,0.0039899336980682,0.0,0.0,0.0,0.0,0.0,0.0,0.0,0.0,0.0038643663743612,0.0,0.0,0.0062474906672914,0.0844323698534141,0.0,0.0,0.0,0.0,0.0053427497666939,0.0,0.0,0.0,0.0,0.0,0.0,0.0,0.0,0.0,0.645994078526269,0.873994921233784,1.18201432698436,0.0,0.0048572348531266,0.0,0.0,0.0,0.0,0.0,0.0,0.0,0.0,0.0,0.0,0.0,0.0,0.0,0.0,0.246654107766867,0.0,0.0,0.0,0.0,0.0,0.0,0.0,0.0,0.0,0.0,0.0,0.0,0.0,0.0320400976971211,0.0,0.0043992471984563,0.0,0.0,0.0,0.0,0.15071372813163,0.0165623234230341,0.0,0.0,0.0174887174780842,0.0067963680211509,0.0123175291008051,0.0,0.0,0.0,0.0,0.0,0.0,0.0,0.0135276321201448,0.0,0.0,0.0,0.005488872765746,0.0039761739707741,0.0,0.0,0.0,0.0,0.0,0.007840226523874,0.0,0.0,0.0,0.0094661917447613,0.0,0.0,0.0,0.0,0.0,0.0,0.0063425260753968,0.0,0.0,0.0,0.0082045415616335,0.0,0.0,0.0,0.0,0.0,0.0,0.0240970444372018,0.0745569514208123,0.0269503830776984,0.0043164243256753,0.0233774342141347,0.0319014421430912,0.0,0.0,0.0,0.0,0.0,0.0,0.0
OT,0.113387240938193,0.0141387442615838,0.0161061480316504,0.0425647604009771,0.0139836632724679,0.0060661098978288,0.146595428012909,0.0646746651067788,0.172029876428192,0.0033001380984726,0.158085776145284,0.123576541360068,0.0,0.164388019208977,1.00119071274962,0.0066094297403096,0.0098281899195782,0.0044213495438797,0.0052155036779001,0.019761611321787,0.0116446202796583,1.16899789836628,0.956272230420275,0.0359732668680085,0.175777642381213,0.0796958357995474,0.0419738249459896,0.0689839261999523,0.0067017216254477,0.0282208500646661,0.577783388304562,0.076626013596372,0.143472993728887,1.39833889838971,0.320000736550609,0.0238526445417721,0.0054565647324059,0.0045573846192486,0.0,0.0207992163542744,0.041514178674058,0.0138039964118112,0.0070925288474712,1.6250723209049,0.0083116733142514,0.106951968349897,0.929088512606222,0.428098522931204,0.92911516954618,1.10044454660547,0.0042776467354131,0.0048207106768512,0.0612553542884163,0.211319717939102,0.10400745870852,0.317151492605293,0.005578726718441,0.0265141315940134,0.0984140484952893,0.0083623637040606,0.006127301479944,0.0093679692135969,0.0986636923466376,0.10423750022239,0.0071228447247651,0.0037197198664323,0.0809739339602582,0.0037303839788531,1.38379349474949,0.0228832267497173,0.0206096710604067,0.0,0.015604345638756,0.166766437145773,0.0178748164225928,0.004809870190157,0.0088701224859938,0.0,0.0103605917450671,0.0058841971322046,0.0044516292980683,0.924784863339122,0.0081100434369029,0.0928014249416028,0.0066429915139961,0.0047720504259476,0.0453120528563341,0.0219590272038791,0.0203517750626128,0.0252384629604739,0.195990556661904,0.0387228247370517,0.166162495269849,0.014645113462765,0.0164462036989935,0.0063759090504947,0.0071109956570728,0.0095781969196446,0.0201914502332241,0.0298553282963352,0.006593940132504,0.953864793653013,0.0060678006041635,0.003988608826377,1.5196946458249,0.0078835358419685,0.0073790109220135,0.0085847381904181,0.0106422157385885,0.148599613510405,0.237403016651004,0.116692685153739,0.10042886843493,0.84213514300481,1.17596298349099,0.0128470974205127,0.0653348281803564,0.0,0.0096730602480122,0.014417025313721,0.107086962786796,0.031956650275693,0.0035548467339173,0.0,0.0,0.0057509425986645,0.0127536499561371,2.20629444579,0.116124796629152,0.0325778081320287,0.0330302120616378,0.0070723845839502,0.0927584638786117,0.0220820437227153,0.0071662131492854,0.0519445426500325,0.0,0.0,0.004275080576068,0.0,0.0045508448156724,0.170857215647904,0.006679295439032,0.0047326692742376,0.213716408334071,0.0426646618614698,0.0058838245900759,0.0,0.0054332616796096,0.104650745310671,0.109227252123813,0.0649808862351453,0.0250523359185196,0.0052549280888637,0.0048248375260119,0.0,0.0091649790147085,0.0054884612845687,0.0040231042312959,0.0051781147815442,0.007170918894688,0.793935614792272,0.0037175130728666,0.0374287459530685,0.0188128217462653,0.0121959506958871,0.0,0.0930863457081054,0.0595550975502061,0.0344591847519958,0.0143617265502406,0.0077695215367627,0.0,0.0,0.0044207618406832,0.0,0.0034083248211708,0.0,0.0,0.0,0.0105123566161307,0.0233363837639737,0.0229305055795533,0.0035296659573695,0.021171984547352,0.0636040374509268,0.586290475671151,0.0,0.0161038468137483,1.40029276582937,0.0052050634635945,0.0039170688543361,0.0144808348170596,0.0045797314112546,0.0,0.071030090198776,0.0113907868295403,0.0046570784381863,0.0059662831199256,0.0058549424573136,0.0041647757793995,0.0083026796613613,0.0108753127636847,0.0065157006132512,0.0099836039803399,0.0132300815250776,0.0238999585649907,0.103642286542237,0.0068975326509679,0.0042129763220782,0.0065419404080238,0.0036395977392659,0.0056483219137539,0.0047184803437844,0.0,0.024490417651768,0.0236853712367621,0.0313497077252656,0.0,0.0063307252061459,0.0049871007496753,0.0,0.0207188302116579,0.0456637987479771,0.0053271240869087,0.0083915269220044,0.0035704840962431,0.0044551734586045,0.0135939103682541,0.0,0.355680729740383,0.296136518205076,0.0081036947247166,0.0485314454501551,0.0225865268806187,0.0116604326466025,0.0078322699245101,0.0040212600718196,0.0167945097214052,0.200840631550912,0.0070974258789668,0.0374748690199083,0.0124609247390852,0.024017300477452,0.0056494598804973,0.004869267067227,0.0039841483881672,0.0,0.0109555131261136,0.0152596118916682,0.0091465161608263,0.0061661877078364,0.0536679321746137,0.0088478260909697,0.0625513458804436,0.177897160267988,0.0612699763954402,0.293504485611709,0.335466900209547,0.0,0.0043094576336881,0.0227028308424214,0.0040272485272981,0.0073760589659426,0.0163015369010136,0.0065664989337256,0.00909199158593,0.0051218052841616,0.0046261129279491,0.0037905748178265,0.0049310657521497,0.0189120324071777,0.0299643685750507,0.0066153900036218,0.0038474962048849,0.0054095551639761,0.0036714810045169,0.424305101333008,0.0126296403094255,0.0101454708221211,0.0,0.0166749621525243,0.0222705703880216,0.0064580872754242,0.0051704700137015,0.0,0.0,0.0089090214238852,0.0043671810486355,0.0033186496198598,0.0085397129324593,0.0094793439794029,0.0118020823880791,0.0041749675789209,0.0036153043272928,0.0,0.024505950014666,0.0196209375722088,0.0270991673183916,0.0240638372643252,0.0273426381043309,0.0123389917642049,0.005790842102339,0.009803500106473,0.0,0.0,0.006980654817379,0.0044128792457148,0.0063029634520116,0.0045704252267147,0.0039341067868568,0.0037901919292613,0.0041355554806027,0.0065200771034508,0.0039521056365321,0.0053889775797673,0.0082388606587657,0.0078601438533593,0.0068606102145295,0.0660970330593324,0.0236029019090884,0.0039938075530383,0.243281640844408,0.0165957625961631,0.0045892933393398,0.0171471055378466,0.0,0.0054391432334534,0.0080672207916651,0.0625740473379517,0.0158019830417583,0.0,0.0,0.0,0.0052347338698736,0.0066617069897838,0.0145837244753585,0.0315860331521254,0.0222018612027625,0.0262209744440121,0.0066222497043716,0.0276594950925062,0.023062557758154,0.0037727114372989,0.0150383452661731,0.0,0.0,0.0037159387781059,0.0,0.0055794529025206,0.005684092289481,0.0060830759940025,0.0,0.0164026960268644,0.0320806997244809,0.0,0.0,0.0038832720253657,0.115036304210437,0.0412687455580573,0.0058440329236743,0.0038493454764785,0.0042314862170452,0.0036158636124821,0.0,0.0058822500117639,0.0,0.0041490097441771,0.0065478179544264,0.0063603652950477,0.008519620250742,0.0032944509325324,0.0219243626681234,0.0052431257846236,0.0053339234357633,0.0,0.0445592370036582,0.0339036154457434,0.0330685299861225,0.00846639400037,0.004111628188982,0.0,0.0,0.0054312883343098,0.0,0.0,0.0,0.0,0.0,0.0043609409522055,0.0251230300079445,0.0140615818437096,0.0037041293529694,0.0117859514315377,0.0379381039541028,0.0084339327931015,0.0,0.0054224448497525,0.0392494492135684,0.0038372558198971,0.0047919840563077,0.0,0.0,0.0043521303721939,0.0289903220508939,0.0122564156944983,0.0,0.0050519143524761,0.005723079944955,0.0033201073626514,0.0055504469052946,0.0,0.0055026144641271,0.0085933429660623,0.0123399246525907,0.0147442917646481,0.009514414917437,0.0070243046834543
PA,0.36316448308156,0.0,0.0,0.0060409533694147,0.0,0.0209131629707067,0.0,0.0038717734499849,0.0,0.0,0.0189921087288541,0.01765884021484,0.0,0.0041758627462538,0.0170945436614622,0.0,0.051080226355787,0.0,0.0,0.0,0.0,0.583413201978285,0.606051170504732,0.0481242335829416,0.109095503480177,0.0813491635342288,0.101214615774416,0.0955534056424092,0.0,0.0,0.0401023693315279,0.0,0.0104342370547315,0.366565666732622,1.21369908407527,0.0061351492140408,0.0,0.0,0.0,0.0,0.0519674644991849,0.0433286211998173,0.0,0.0423130037863025,0.0,0.0,0.209603560579565,0.120352771927363,0.196298367125906,0.512252941679984,0.0,0.0,0.0,0.0112267459627357,0.0,0.0,0.0,0.0,0.177909698482622,0.0,0.0,0.0,0.0171415434808705,0.0,0.0,0.0,0.0,0.0,0.383630773892454,0.0,0.0,0.0,0.0,0.0098767857153338,0.0245457390926461,0.0,0.0188296953795382,0.0,0.0,0.0,0.0055526309033028,0.0060766240445055,0.0,0.0070416204460248,0.0,0.0,0.279944868250474,0.0,0.0159576659639589,0.0081466789432084,0.0115618578958572,0.0406631757164407,0.0046459684974224,0.0,0.0,0.0202349816480117,0.0180376201355042,0.0,0.0,0.211151404335062,0.0,0.0316461341516856,0.0,0.0,0.264134436505574,0.0,0.0,0.0,0.0,0.0,0.0,0.0,0.0760390880632922,0.888205590512827,0.611415171980315,0.0,0.0308294707113431,0.0,0.0,0.0,0.0,0.0,0.0,0.0,0.0,0.0,0.0337528088361802,0.206390280135459,0.0035298278037515,0.0510259596879686,0.0,0.011077852782765,0.0089262740430451,0.0122446894906648,0.0,0.035353289863906,0.0,0.0,0.0,0.0,0.0,0.164070021100214,0.0,0.0230336168918743,0.112550741707495,0.0614079762487216,0.0178081281674335,0.0,0.0183429128525583,0.0641708657228573,0.0070766750181044,0.0,0.0,0.0,0.0,0.0,0.0,0.0193572437868174,0.0,0.0,0.0,0.0059975146659937,0.0,0.0,0.0,0.0,0.0,0.0,0.0,0.0061479932994102,0.0,0.0,0.0,0.0,0.0,0.0,0.0,0.0,0.0,0.0,0.0,0.0043565678781668,0.0380900562589157,0.0,0.0,0.0,0.79877250326514,0.0,0.140681655767205,0.028850998039095,0.0536827469814265,0.0,0.0,0.0,0.0,0.0075564460953351,0.0,0.0,0.0,0.0,0.0,0.0,0.0,0.0398236524701517,0.0,0.0,0.0,0.0,0.0,0.0,0.0,0.0,0.0,0.0,0.0,0.0,0.0,0.0,0.0,0.0,0.0,0.0,0.0,0.0,0.0,0.0061797634778874,0.0,0.0,0.0,0.0,0.0124567482764713,0.0165467737644696,0.0,0.0,0.0,0.0,0.0,0.0,0.0,0.0,0.0,0.0,0.0061544482620497,0.0411853324341707,0.0,0.0,0.0,0.0,0.0,0.0,0.0034881765673481,0.0,0.0,0.0,0.0,0.0040821118959981,0.0,0.0,0.0109894731257062,0.0,0.0,0.0,0.0,0.0,0.0,0.0,0.0,0.0,0.0,0.0,0.0,0.0,0.0,0.0,0.0,0.0034015629656672,0.0,0.0051931297789863,0.0,0.0,0.0,0.0,0.0,0.0,0.0,0.0,0.0,0.0,0.0,0.0,0.0,0.0,0.0,0.0,0.0,0.0,0.0,0.0,0.0,0.0,0.0047194553401112,0.0,0.0,0.0,0.0,0.0,0.0,0.0,0.0912355670169605,0.0,0.0097594290242357,0.0,0.0,0.0,0.0,0.0,0.0,0.0,0.0,0.0,0.0,0.0,0.017171095983503,0.0147290733963871,0.0,0.0,0.0,0.0,0.0,0.0,0.0,0.0,0.0,0.0,0.0,0.0,0.0,0.0,0.0048418126834606,0.0,0.0,0.0,0.0,0.0,0.0,0.0,0.0,0.0,0.0,0.0,0.0046203374800114,0.0,0.0,0.0037435016678121,0.0082033791881724,0.0,0.0,0.0,0.0264364459163188,0.0,0.0,0.0,0.0,0.0,0.0,0.0,0.0,0.0,0.0,0.0,0.0,0.0,0.0,0.0,0.0,0.0,0.0,0.0,0.0,0.0,0.0,0.0,0.0,0.0,0.0,0.0,0.0,0.0,0.0,0.0,0.0,0.0,0.0,0.0,0.0,0.0130552268093002,0.0,0.0461017269448599,0.0,0.0058784549385334,0.0,0.0,0.0,0.0,0.0,0.0,0.0,0.0,0.0,0.0,0.0,0.0,0.0042543680846486,0.0,0.0,0.0,0.0,0.0
PAA,0.114810868548683,0.0,0.0,0.0079364144991188,0.0,0.0049461996392453,0.0156709865494009,0.062538461276397,0.0191277343121192,0.0,0.0,0.0,0.0,0.0214185900820198,0.105988098374468,0.0,0.0161995655695197,0.0,0.0,0.0,0.0,0.272168266889546,0.292461202480361,0.0041607625725183,0.0490277526549444,0.0195146750055078,0.0075349618950191,0.0450517010849832,0.0,0.0,0.17875813796225,0.0038379062036712,0.003541736390801,1.61180795316859,0.510052179795382,0.0073008304566848,0.0,0.0,0.0,0.0,0.006374928179358,0.0141052850060555,0.0,0.231093199959747,0.0,0.0065432006939032,0.31775111116923,0.106807109498802,0.218645935822667,0.269118552089716,0.0,0.0,0.0,0.0376295774132974,0.0256254165953965,0.0464061303442729,0.0,0.0132871307535572,0.0709965855017605,0.0,0.0,0.0,0.0062891567138021,0.0,0.0,0.0,0.0,0.0,0.227111642440429,0.0,0.0,0.0,0.005603989982099,0.0,0.007923836370681,0.0,0.0,0.0,0.0,0.0,0.0,0.0834374668593661,0.0,0.0,0.0,0.0,0.0750150045482038,0.0084973094340409,0.007334819776618,0.0111207676004719,0.0,0.0345465051784939,0.0224431872100009,0.0,0.0,0.0,0.0,0.0,0.0,0.0,0.0,0.0631454103807041,0.0,0.0,1.75475440281688,0.0,0.0,0.0,0.0,0.0095682073752969,0.0,0.0,0.0338584521264988,0.312919990968848,1.28474483752857,0.0,0.0141012328984855,0.0,0.0,0.0038530180468428,0.0066746719923072,0.0,0.0,0.0,0.0,0.0,0.0080807777527365,1.12949722161042,0.0,0.0283356472334549,0.0033147376561012,0.0038050096448577,0.0,0.0104289983328107,0.0,0.0101980332043448,0.0,0.0,0.0,0.0,0.0,0.0,0.0,0.0034508078747421,0.0,0.0422824697800615,0.0,0.0,0.0093447690402819,0.0599575322746527,0.0078960037053211,0.0033318877219431,0.0,0.0,0.0,0.0,0.0,0.0055513694463379,0.0,0.0,0.0,0.0586413139576983,0.0,0.0066922951507197,0.0,0.0,0.0,0.004822492458087,0.0041290614719633,0.0044937413636148,0.0,0.0,0.0,0.0,0.0,0.0,0.0,0.0,0.0,0.0,0.005131273451603,0.0040271616287098,0.0172118415883372,0.0,0.0,0.004296576684501,0.511229852094368,0.0,0.0,0.190155969699036,0.0086824723073335,0.0,0.0,0.0,0.0,0.0489951202633173,0.0,0.0,0.0,0.0,0.0,0.0,0.0,0.0124399303109075,0.0,0.0,0.0,0.0052534741507996,0.0,0.0,0.0,0.0,0.0,0.0,0.0,0.0,0.0054807551927873,0.0,0.0,0.0,0.0,0.0,0.0078833811988577,0.0,0.0,0.0057818293000912,0.0,0.0,0.0,0.0,0.0175202645064169,0.0212987745423861,0.0,0.0064308443126998,0.0,0.0,0.0,0.0,0.0075995239012553,0.0037815016319465,0.0,0.0,0.0,0.0063673375940892,0.0,0.0,0.0,0.0,0.0,0.0,0.0068701983245178,0.0,0.0,0.0,0.0,0.0246570637009546,0.0083715688630239,0.0068199934671019,0.0157802378194633,0.0,0.0,0.0,0.0,0.0,0.0,0.0,0.0,0.0,0.0,0.0,0.0,0.0,0.0,0.0,0.0,0.0,0.0,0.0107583014785584,0.0,0.0,0.0,0.0037920988047557,0.0,0.0,0.0,0.0,0.0,0.0,0.0,0.0,0.0,0.0,0.0,0.0,0.0,0.0,0.0064841826359806,0.0051030424883035,0.0069674038558464,0.0,0.0238310593991702,0.0039232025128692,0.0,0.0,0.0,0.0,0.0,0.0,0.0,0.0,0.0,0.0,0.0,0.0,0.0,0.0,0.0,0.0,0.0,0.0,0.0,0.0,0.0215992392193101,0.0,0.0,0.0,0.0,0.0,0.0,0.0,0.0048771781707462,0.0,0.0,0.0,0.0,0.0050250798971402,0.0069419181214379,0.0,0.0192173066427416,0.0150462430537406,0.0,0.0055908701299538,0.0059454913827444,0.0,0.0,0.0,0.0,0.0,0.0,0.0,0.0,0.0,0.0,0.0,0.0286852023145965,0.0,0.0,0.0,0.043670068613486,0.0051974093269121,0.0,0.0,0.0,0.0,0.0,0.0,0.0,0.0,0.0,0.0,0.0,0.0,0.0042910002257342,0.0,0.0,0.0,0.0,0.0,0.0084625445285539,0.0,0.0,0.0,0.0,0.0034115377857642,0.0,0.0,0.0,0.0,0.0,0.0,0.0048003008919521,0.0116475834498922,0.0,0.0,0.0,0.0,0.0,0.0,0.0,0.0,0.0,0.0,0.0,0.0,0.0046562340040912,0.0,0.0,0.0,0.0,0.0,0.0,0.0,0.0,0.0,0.0,0.0,0.0,0.0
PAG,0.117911292979818,1.13551672703881,1.4023683260604,0.0288436786071038,0.0061300376240307,0.465018273245444,0.0843053678972934,0.0857680105627746,0.0834574223300837,0.151082744877637,0.0080438249353464,0.0138752040342959,0.0,0.0,0.0095839764284263,0.575890488265817,0.475647812789159,0.177244476238068,0.124517229102486,0.105734626931986,0.008963793100377,0.0118438650202395,0.0149625705055572,0.192068548482861,0.0281611555815185,0.0,0.0,0.116536867138208,0.0082751781649683,0.019585585209501,0.0070664909760153,0.894815907118443,0.0101778888917361,0.006136857961064,0.0,0.0142082920725897,0.341937850302294,0.0,1.75882197525362,0.0626408756695928,0.0158285130207886,0.419449027671466,0.0439099521615819,0.0170272573440039,1.10826237422062,0.0649279864573229,0.0067202816628081,0.0119915417747711,0.0091469477196796,0.0129486336722118,0.0,0.0101927796395046,0.10841537312708,0.0172049474766484,0.064782634565332,0.0603880937016102,0.134405933527669,0.0197893838402323,0.113971649761922,1.01465277695521,1.2178327446085,0.873662362379297,2.12625704443357,0.028729298031125,0.153522614393909,0.0353729588599228,0.255031038169381,0.0850974961018966,0.0082002373960675,0.0704889504415423,0.0,0.0094843171446061,0.0560172982414345,0.219154289547143,0.434606197122145,0.0228251623196832,0.424423854606871,0.14152255228781,0.0702165306867579,0.0134333794822132,0.0,0.0430202141211041,0.181551775073498,0.0378147093044467,0.0427973895745994,0.0781006074415464,0.0668780775194983,0.0887201781693652,0.503903749068322,0.281534734080511,0.2393291140527,0.148876282026931,0.0,0.101808525644128,0.385109647076794,0.384967928809076,0.393369654841739,0.839645171175771,0.948469893213938,0.038995106408368,0.117377851950264,0.0423630407519477,0.663836169529423,0.389006433722718,0.0067206807500744,0.0306496999488166,0.67767081259757,1.1662264545821,0.058287231713122,0.266694803182942,0.428484697210065,0.320284469140208,0.0416233432551974,0.0118145464773049,0.0038922194913513,1.75166262145801,0.0083735741239746,0.0841773844891298,0.525902332443558,0.610211335415729,0.0651923268046827,0.0324108901026176,0.0,0.266902439557389,0.0615283629101534,0.200689978287175,0.299770532958,0.0,0.924811454580219,0.24200217422871,0.0102287103441014,0.389279245206897,0.173836077198055,0.401542961167261,1.04346937779582,0.0161446096728334,0.00385863780613,0.60157986912144,0.282461354426944,0.0528140816068361,0.397516012157198,0.0299252126267525,0.28870220941,0.425528135656985,0.105353778544902,0.247073773588345,0.34201536402529,0.0,0.501497148365903,0.025259182066728,0.0053935977941994,0.707754975489239,0.601382082096323,0.496684311744491,0.359117741447143,0.521100186138943,0.0145489992158606,0.444691486468751,1.11045532283203,0.619305265027771,0.065423681789861,0.0468878842832811,0.0,0.0805682923287208,0.389358237934356,0.33792733552437,0.768794228183856,0.0442228495170564,0.0210114887551767,0.191220434836821,0.0342658775489903,0.0258221439420126,0.0287397778424076,0.0810940625797134,0.194944955444582,0.270466225729454,0.0088030960219576,0.0295239742291337,0.490095043193656,0.113086554570001,0.0998869347901097,0.438065378024291,0.182045889783659,0.364376730987239,0.0902713416733915,0.0799998205001068,0.0,0.36312340195199,0.087472240148797,0.017870309872619,0.457810364527927,0.346304277992812,0.0496979193673689,0.134848007455425,0.0958759728010304,0.131175770091827,0.263445888536688,0.542431578808876,0.0401187865444408,0.0045768201980787,0.0284414980533323,0.139966212337384,0.16595819328859,0.506573308512132,0.0056088861383345,0.0,0.0456381911745924,0.4911858708214,0.038518060360684,0.0436906798222743,0.185839050836831,0.290601225213272,0.0,0.0039459503090833,0.137976095831597,0.0588808774132691,0.0254464457836972,0.0585488524922513,0.19270379733535,0.0,0.0,0.0,0.0,0.0062517001311819,0.165284683819867,0.146325640388012,0.0115707005716013,0.0063567392791213,0.0091883360451847,0.0,0.0,0.0,0.0399751266640437,0.0111684270890086,0.0,0.0,0.0165065046482774,0.013946096956491,0.0134774211270696,0.0040717438946248,0.376116660530622,0.0,0.0,0.0,0.0,0.247850619940754,0.0123150307914749,0.662582718138594,0.181334425852066,0.0062973773577706,0.123866064817244,0.59229132079691,0.0113901654822642,0.372884928162456,0.009241274491415,0.0,0.0,0.0,0.0,0.0,0.0580382044691939,0.0661848915752458,0.0,0.0047366121787935,0.0075980142952631,0.109973974064942,0.0091206551786203,0.021480542648385,0.303623687351873,0.357768403693325,0.252870993960454,1.00295688709441,0.0131330378926179,0.165244590586625,0.418529801969377,0.194273559577147,0.0835224252481594,0.0,0.222101055443547,0.0,0.0,0.0054959560898411,0.139515214050345,0.10582883872934,0.0,0.125699966642638,0.190229981619353,0.0245831426600123,0.0043520114142141,0.0,0.0200741461976947,0.147065277100042,0.0239102604778968,0.0627207208055856,0.10323982360905,0.0155553030973285,0.0054031247627314,0.060738493138775,0.0317593770689135,0.151045259954333,0.047007137529281,0.0,0.0226664635642197,0.0909580170910081,0.119943352728336,0.118380010545111,0.317113845697387,0.299733305813439,0.0208774708329684,0.20011568234923,0.0266631640326153,0.316124294882274,0.256588387734223,0.0,0.101660657611728,0.198331325991976,0.536454135754022,0.166070975282849,0.214420411824719,0.264798555878313,0.2659320306599,0.0089408577512634,0.0,0.0,0.558624286479962,0.0,0.0769254406504046,0.187437262889823,0.243748768259918,0.0093282892134267,0.0040724427080115,0.0088416721271328,0.153514138208792,0.129010945605127,0.233853799050459,0.0778661900666409,0.0,0.400023280850578,0.0773417931209277,0.0052869068671994,0.0429511461442712,0.0812036231264962,0.0470903685904106,0.353097512761128,0.0052316844923233,0.0451912281927564,0.406904141024438,0.121290047293675,0.134305110862858,0.326363691045719,0.0085343252390979,0.0275821422092416,0.131173239754786,0.0578962581794797,0.0888392516135512,0.106551412969054,0.0,0.140126754039641,0.0190884264634714,0.0,0.239057654860294,0.187110814322996,0.0360424267917293,0.0323734401669982,0.0435393750627969,0.0,0.134568429447648,0.286274434121336,0.123003203702248,0.0228837549368669,0.0217682030347064,0.0035595515789043,0.0082016654623272,0.117546043586651,0.0985402138522585,0.568144952746419,0.0134632682967183,0.0033650416076768,0.0236468632466141,0.1272843253029,0.0289824223823643,0.0472391232009563,0.0612998120339945,0.0250000338346435,0.0418393016384325,0.0,0.0041356132742287,0.0628663872025714,0.0100734217910544,0.0144933004154114,0.0909718438632494,0.0515944064933742,0.210236020881062,0.214599364770295,0.0073383852468412,0.0,0.247743707521984,0.0343824233640734,0.010155402786484,0.135477456518206,0.263234535212696,0.0042165206115828,0.100430144194766,0.091118097302755,0.0344311306031357,0.019345111678376,0.0381982513107278,0.0,0.0,0.0,0.0071118048363259,0.013655628264603,0.147826191410279,0.0,0.0,0.0041203262427526,0.177493393129546,0.137713253622794
PAR,0.0,0.0115173448664896,0.0060736640602513,0.0,0.0556704937303105,0.0,0.0,0.0,0.0,0.0,0.0194482206171257,0.0179337751222617,0.0,0.0,0.0,0.0,0.0,0.0,0.0050899550434173,0.0041045565594122,0.0380000781227839,0.0310088490667284,0.0233235354593959,0.0,0.151318287189709,0.0483862390195383,0.0577381067476899,0.0,0.0,0.0224577766825503,0.006999464084279,0.0,0.0,0.0113130342369438,0.0087720018811629,0.0,0.0036639467072192,0.0,0.0,0.0,0.17380323747919,0.0,0.0,0.0,0.0,0.004985827491798,0.224001595425433,0.694712910437131,0.0222275245297185,0.0293772499592325,0.0,0.0,0.0,0.0,0.0,0.0,0.0,0.0,0.0,0.0,0.0,0.0,0.0,0.0,0.0,0.0,0.0,0.0,0.0377730555933267,0.0,0.0590816694560385,0.0,0.0,0.0,0.0,0.0074465059635029,0.0057759798835522,0.0,0.0033808059223325,0.0,0.0,0.0,0.0,0.0063449416605231,0.0,0.0,0.0,0.0,0.0,0.0,0.0,0.0,0.0,0.0,0.0055630318815522,0.0,0.0,0.0,0.0,0.162171511130542,0.0,0.017699835210845,0.0,0.0,0.0105484674115425,0.0,0.0,0.0,0.0,0.0,0.0,0.0,0.0,0.0208764732523653,0.0112591548784462,0.0,1.72842896873031,0.0,0.0,0.0,0.0050536297975502,0.0,0.0,0.0,0.0,0.0,0.0,0.0098232311953583,0.0,0.0,0.0043839799891347,0.0,0.950525051786265,0.0,0.0,1.31220327109286,0.0,0.0,0.0,0.0,0.0,0.0144463410758808,0.0137420016777423,0.0,0.0048196139955045,0.0,0.0,0.0,0.0,0.0723094694026433,0.008104435043221,0.0,0.0,0.0231101330975088,0.0271031734237766,0.11489182664072,0.0121081956285729,0.0,0.0,0.0,0.0,0.0,0.0,0.0065574541197634,0.0,0.0,0.0,0.0,0.0,0.0,0.0,0.0,0.0,0.0,0.0,0.0,0.0,0.0,0.0,0.0,0.0,0.0,0.0,0.0,0.0,0.0131955715145612,0.0085334451076632,0.0,0.0818172452768348,0.0,0.0,0.0,0.0048918680132278,0.0,0.0,0.0,0.0322263915834477,0.0176572733762594,0.0501277557609387,0.0176278696466498,0.0687550622857069,0.0238487861478191,0.0,0.0,0.0099213084538308,0.0,0.0,0.0,0.0,0.0,0.0,0.0,0.0,0.0,0.0,0.0,0.0,0.0,0.0,0.0,0.0,0.0,0.0,0.0,0.0,0.0,0.0,0.0,0.0,0.0,0.0,0.0,0.0,0.0058428240185789,0.0,0.0050181126169095,0.0,0.0,0.0,0.0,0.0,0.0,0.0,0.0,0.0,0.0038952045571812,0.0,0.0,0.0,0.0183450352164487,0.0,0.0,0.0,0.0,0.0,0.0136289644464908,0.039657542786707,0.0,0.0,0.0,0.0,0.0,0.0,0.0,0.0,0.0,0.0,0.0,0.0,0.0,0.0,0.0,0.0,0.0,0.0,0.0,0.0,0.0,0.0,0.0,0.0,0.0,0.0,0.0,0.0,0.0,0.0,0.0,0.0,0.0,0.0,0.0,0.0,0.0,0.0,0.0,0.0,0.0,0.0,0.0,0.0095026335561535,0.0,0.0,0.0,0.0,0.0,0.0,0.0,0.105314390921704,0.0,0.0115058980824094,0.0,0.0,0.0,0.0,0.0,0.0,0.0,0.0,0.0,0.0,0.0,0.0,0.0,0.0,0.12139010518991,0.0,0.0,0.0,0.0,0.0,0.0,0.0,0.0,0.0,0.0033208610772128,0.0,0.0,0.0075720880686374,0.0,0.0,0.0220369718810965,0.0,0.0,0.115761771432207,0.0,0.0,0.0,0.0,0.0,0.0,0.0,0.0,0.0,0.0092393217869182,0.0,0.0,0.0,0.0681938008755962,0.00627840551918,0.0,0.0,0.0039246957497903,0.0109924939407848,0.0246785398971952,0.0,0.0,0.0,0.0,0.0,0.0,0.0,0.0068626977796509,0.0,0.0,0.0,0.0,0.0,0.0,0.0,0.0,0.0,0.0,0.0,0.0,0.0,0.0,0.0,0.0,0.0,0.0,0.0061279518072698,0.0,0.0,0.0,0.0,0.0,0.0533669975218377,0.0,0.0,0.0,0.0,0.0,0.0,0.0,0.0,0.0,0.0,0.0,0.0040929679664499,0.0038181017674345,0.0,0.0,0.0,0.0,0.0,0.0,0.0
PARN,0.0383989944049114,0.0068510244569254,0.0,0.0,0.0,0.0,0.033235442907966,0.0262520392843854,0.0238923548540475,0.49223827912931,0.0,0.0,0.014519157872847,0.0,0.0,0.0212865309323008,0.0,0.0,0.0,0.0,0.0,0.003542697297203,0.0051218665155967,0.0175443614285557,0.0,0.0,0.0,0.0611947440448489,0.104805468290854,0.0,0.0,0.012967238051103,0.0,0.0,0.0,0.0041640450193535,0.0052333096897704,0.0915690121073345,0.0259760896315561,0.914781294263423,0.0,0.0,0.301571719198083,0.0,0.0079005494745373,0.0,0.0,0.0,0.0,0.0043750133694129,0.0,0.106313671751983,0.0080795365767051,0.0136316670065088,0.0181937842228565,0.0353849385916798,0.351152301259792,0.0312039388559792,0.0759896213338621,0.0105516946061989,0.0070078121589822,0.00656257299224,0.0062464544130262,0.0,0.202544719770381,0.727954248138702,0.0,0.656045193297566,0.0,0.553305994979042,0.0,0.0,0.0,0.0,0.0110313001736886,0.0,0.0045694238526517,0.371470915990777,0.0,0.0,0.0,0.011909045992653,0.285949193474442,0.0,1.13560061200022,0.382782724080457,0.0220576970124724,0.0,0.0,0.0,0.0,0.0,0.0,0.0633284140440171,0.0444789190894492,0.0034086024467424,0.0037643535613615,0.0,0.0407109472314613,0.0,0.352461895751499,0.0,0.0043118175791198,0.212861386913614,0.0,0.138674418921297,0.0145443577026586,0.0085660102857452,1.07023674038277,0.02539397893018,0.0046340785679748,0.0131722900935624,0.0,0.0,0.0,0.0298920047504812,0.0,1.06909342490772,0.171789287875072,0.0482379997710314,0.0,0.0,0.0041672809789294,0.0041361051321502,0.265286224926511,0.308263267996536,0.0,0.0,0.0138123646748913,0.0,0.0,0.0,0.0,0.0,0.0443116669980131,0.0,0.0679971252416641,0.0542609570563859,0.0329858988558596,0.167779413397534,0.378458354300386,0.0,0.0,0.0,0.0,0.0,0.0,0.0,0.0,0.0,0.0,0.0371691094698312,0.0800862892491065,0.0,0.0,0.0,0.0,0.0,0.0215358334430073,0.0,0.0,0.0122091967325595,0.0366938640832,0.0040701085231205,0.140014006348124,0.165123483496422,0.0525554327023471,0.0,0.0,0.0,0.654046632688886,1.63501794056855,1.17860169336781,1.44266217566681,0.0130402231748733,0.0035732149523974,0.0293073211227365,0.0046520678847839,0.0038434657643476,0.0043493103010614,0.0308554341422423,0.0544816231342986,0.0,0.207185710618426,0.352782916015545,0.0,0.0,0.0074963210111772,0.0061159095581529,0.0,0.0,0.307984621576315,0.0,1.37783966893399,0.639784686482628,0.0259192979459605,0.0,0.0,0.0,0.0,0.0,0.0,0.0089074331109854,0.0,0.0,0.0,0.0,0.0358056401108847,0.293985266273322,0.0,0.0204252242395494,0.0,0.0,0.0,0.0,0.0789070092147118,0.0532904588601695,0.0645295597715899,0.178636662794532,0.0,0.0,0.0,0.0,0.0,0.0327082846664955,0.0,0.0,0.0,0.0,0.0,0.0,0.0,0.0,0.0,0.0,0.0,0.0,0.0209711598711694,0.0,0.0,0.0718923691434138,0.0,0.0,0.0,0.0,0.0049859782157195,0.0221343892569386,0.0057262167245832,0.212911863992584,0.0,0.0,0.0088705075428757,0.0,0.010171538432026,0.0,0.0,0.0,0.0,0.0,0.0,0.236568445105609,0.0188993978723422,0.0,0.0,0.0,0.215213563702051,0.0731058002808887,0.0,0.0,0.0,0.0069047649519807,0.0051425693992657,0.0,0.162980647567861,0.0155343456981572,0.0234733267092997,0.256587574058861,0.0,0.183466811690365,0.0,0.0,0.0,0.0,0.0,0.0,0.0,0.144448078989934,0.0,0.0,0.0,0.0,0.179873345110258,0.0,0.153804695562663,0.128344417855195,0.0,0.0,0.0,0.0,0.0,0.0,0.0,0.254418420821524,0.11929462250242,0.0,0.0,0.0,0.053714109071955,0.0,0.183869215983922,0.0,0.0036216567612601,0.0536433933318221,0.0,0.129156851521599,0.0425018327260942,0.0176247756054334,0.26147978462817,0.0522690634812578,0.0051932775857826,0.0267869952014231,0.0,0.0,0.0,0.0273269222877334,0.0,0.294825963401879,0.0599354655890886,0.0,0.0,0.0,0.0,0.0033982204383789,0.202445787496007,0.162528888034589,0.0,0.0,0.0135995087078552,0.0,0.0,0.0,0.0,0.0,0.0143429386695033,0.0,0.0,0.0386982715333936,0.0147290948861313,0.138305075545275,0.131699070395254,0.0,0.007715185821279,0.0,0.0,0.0,0.0,0.0033978187077122,0.0,0.0,0.0,0.105696528007342,0.0501268993971637,0.0,0.0,0.0,0.0,0.0,0.0369963822737682,0.0056708133746779,0.0,0.0,0.0,0.0,0.0328805348405814,0.0184511822082424,0.0347948054101742,0.0,0.0,0.0,0.186228106547153,0.109541591290878,0.176467827944633,0.323030008625086,0.0687351265589059,0.0091113222005604,0.154777790737022,0.0646794865639077,0.0142943716709246,0.0319440299405017,0.124045801663872,0.0047194425750075,0.0,0.0805549248438219,0.149943883663329,0.0,0.0,0.0069302672760893,0.0,0.0,0.0,0.116977487416624,0.0,0.297824878925154,0.194874134501248,0.0591125798196508,0.0,0.0,0.0,0.0,0.0,0.0,0.0,0.0,0.0,0.0,0.0,0.0805027990813837,0.109848291691033
PB,0.0197913967599739,0.0149591274658687,0.0043817190606657,0.0,0.0,0.0120118171246151,0.0441349449786429,0.0549885063772817,0.0488598077525697,0.0996566758647337,0.0,0.0,0.0066155374633774,0.0,0.0,0.029462774472892,0.0,0.0054497891439631,0.0,0.004307874195993,0.0,0.0060152554534482,0.008408690736728,0.0293086965757363,0.0,0.0,0.0,0.185011890636553,0.0356484352870494,0.0,0.0,0.0213247686756852,0.0,0.0,0.0,0.0319217074888656,0.0153626424254951,0.0327909810046686,0.0632157320767445,0.186309019565236,0.0,0.006797310843681,0.187614798561644,0.0,0.0231556268361826,0.0044278294824645,0.0,0.0,0.0047566894169542,0.0073412318848307,0.0055186681377692,0.0681231432654698,0.0144040574223268,0.020596306822551,0.0184064688269468,0.0405578438544153,0.114284563325648,0.0295549476364729,0.0746424474008075,0.0324337849866897,0.0281803941089638,0.0293401616431025,0.036629531948476,0.0,0.0658892467394365,0.273561538060638,0.0050057361578125,0.136047582196801,0.0037230732127888,0.127805894707905,0.0,0.0,0.0,0.0,0.0178315061317408,0.0,0.0196752265923022,0.0874985269064091,0.0,0.0,0.0,0.0143357414080294,0.118997462197573,0.0,0.178363249598403,0.0693070584818139,0.026267101256664,0.0,0.0249083354912735,0.0119640584224361,0.0,0.0044757119788472,0.0,0.0242518692007032,0.0265854096754657,0.0171262536094262,0.0183795164822264,0.0104866482282593,0.0596794535119405,0.0,0.14574206378134,0.0,0.0363449225869419,0.281048931312645,0.0,0.0844033440654207,0.0198786094942151,0.0132231268548878,0.242768625994533,0.0392959398440323,0.0272454082567436,0.0450848071730585,0.0039688542084453,0.00432280400779,0.0,0.0549726524185075,0.0,0.207850005139854,0.686236994505828,0.204735434561035,0.004734855834109,0.0,0.0058674250786161,0.0210060242014826,0.0836159790151483,0.0957426758357342,0.0066323953972856,0.0,0.0403691656383492,0.0069289125227919,0.0,0.0175107777893555,0.0,0.0185794827455642,0.0853147825660541,0.0,0.0271988898501111,0.0737096508534382,0.0370979848915336,0.0598637663623698,0.573681715167947,0.0,0.0034506240020139,0.0108255396892143,0.0,0.0045512850151763,0.0151734605551915,0.0,0.0074268645268747,0.0,0.0,0.0422455640367924,0.0903682950734577,0.0035039476861375,0.0,0.0,0.0,0.0114088205361917,0.0392051640064549,0.008659408402643,0.0,0.0157688540004048,0.0145176382447673,0.0066437834932518,0.0999649862917998,0.115280530575076,0.108259699743745,0.0,0.0,0.0097114022477875,0.154073354340304,0.293055956068277,0.225480007456223,0.287547975343697,0.0137246750883234,0.0122021159962269,0.012292389729148,0.0075821245778562,0.0149990463090706,0.0088993532298766,0.0333752651987328,0.038833544801396,0.0053400863153352,0.44623689009435,0.122173717748893,0.0036397739339858,0.0,0.0356170677303788,0.0150465329293862,0.0036256381984883,0.0037348722757077,0.524709775139042,0.0039517704184612,0.303653033664224,0.114839088926579,0.0753009915409249,0.0082899126298678,0.0,0.0,0.0,0.0,0.0,0.0138334716461328,0.0036205620071943,0.0,0.0,0.0036293140537376,0.0302308118261629,0.0974428147584242,0.0,0.0042718053705458,0.0,0.0,0.0,0.0,0.0152597380687111,0.0112379897768496,0.0137266643452493,0.0447256214112194,0.0,0.0,0.0,0.0,0.0,0.0091639510306844,0.0,0.0,0.0,0.0,0.0,0.0,0.0,0.0,0.0,0.0,0.0,0.0,0.0148491130487808,0.0,0.0,0.0294291560405037,0.0,0.0,0.0,0.0,0.0128282218983787,0.0154423156760569,0.0134021270661139,0.0448965751303328,0.0,0.0,0.0138788568213906,0.0,0.0125697102881557,0.0,0.0,0.0,0.0,0.0,0.0,0.14839670527433,0.0101286491655676,0.0,0.0,0.0,0.0387442728684956,0.0101051985957902,0.0,0.0042887376981459,0.0,0.0047188128898062,0.0200097384331615,0.0,0.0305014981814844,0.0162093247195431,0.0090863739041621,0.0598104924308656,0.0,0.0296834982362566,0.0,0.0,0.0,0.0,0.0,0.0,0.0,0.0445531139882854,0.0,0.0,0.0,0.0,0.032880566742301,0.0,0.0422469579138329,0.0340931499029478,0.0,0.0,0.0,0.0,0.0,0.0,0.0,0.0219010529977532,0.0144947952430241,0.0,0.0,0.0,0.0186780397473522,0.0,0.0513931574500473,0.0,0.012673030559561,0.0501111858427779,0.0,0.113989697256621,0.0135540545472272,0.0060677247330884,0.0808076390697033,0.0359620156543369,0.0269765987186443,0.0517594130557399,0.0,0.0,0.0,0.0154751114054138,0.0,0.0787889737084171,0.0513547274468939,0.0097111462670097,0.0,0.0,0.0,0.0219292743542609,0.0571323988369157,0.0418485206982449,0.0,0.0,0.0159963683021606,0.0,0.0,0.0,0.0,0.0,0.0107490065566183,0.0,0.0,0.0529406968560242,0.012892633298757,0.0509496272316365,0.0995046271173826,0.0,0.0,0.0,0.0,0.0,0.0,0.0,0.0,0.0,0.0,0.0304292844342732,0.0171264253871905,0.0,0.0,0.0,0.0,0.0,0.0138734746700383,0.0,0.0,0.0,0.0,0.0,0.0136875662908053,0.0104590526626371,0.0836097106258719,0.0,0.0,0.0,0.0360353624070549,0.023078478597581,0.0439367925366456,0.0961474329714784,0.0085682195636819,0.0,0.0120184196351065,0.0039831804271406,0.0,0.0,0.0193995963203857,0.0,0.0,0.0615955892277716,0.0211178529108739,0.0,0.0,0.0355851942160475,0.0,0.0,0.0,0.085975046920478,0.0,0.0991555568949966,0.0501595289932226,0.0142882106931455,0.0,0.0,0.0,0.0,0.0,0.0,0.0,0.0,0.0,0.0,0.0,0.0250134294983666,0.0443827845371609
PCG,0.0,0.0987570231047627,0.119677815269551,0.0,0.0,0.0270236304383679,0.0033602722759067,0.0,0.0,0.0115102212464248,0.0,0.0,0.0,0.0,0.0,0.0116531234529746,0.0089548940016046,0.0,0.0,0.0,0.0,0.0,0.0,0.0068296740818972,0.0,0.0,0.0,0.0044007640521915,0.0036155742372745,0.0086248442160121,0.0,0.106139539895643,0.0,0.0,0.0,0.0,0.170019864981143,0.0,0.0244379989901338,0.018850703727629,0.0,0.0171410361169947,0.0050271975981241,0.0,0.126965996952448,0.0,0.0,0.0,0.0,0.0,0.0,0.0,0.0080486981706471,0.0,0.0,0.0,0.0185425578186568,0.0,0.0,0.0103722512334756,0.0103296066901272,0.0077177012464955,0.0987355209085532,0.010743700806247,0.0154444387281952,0.0043193214645746,0.208953696523734,0.0091223387006168,0.0,0.0285686494616059,0.0,0.0,0.0,0.134321102735655,0.0247637077049776,0.0,0.0360168842160902,0.0103706596301218,0.0,0.0,0.0,0.0,0.0192256328371482,0.0195542693897274,0.0,0.0058929933401654,0.0,0.0,0.0043232644071105,0.0,0.147432460742691,0.0085510346408122,0.0,0.0037856341664911,0.0199518834884097,0.0284136520837967,0.0306375722682071,0.0128667613191865,0.0398739964807263,0.0134457695555255,0.0656440881179994,0.004881033886529,0.787947066331632,0.0272346510596197,0.0,0.0058969213732838,0.0096939412937178,0.0245313345362236,0.014988414951743,0.0346951641056771,0.0508446733912044,0.0650664239417574,0.0,0.0,0.0,0.0525997594631516,0.0,0.0086944993784894,0.104470909117052,0.723416839317247,0.0,0.0,0.0,0.0286396630665883,0.0483896184606042,0.0167902626584446,0.0137549793692609,0.0,0.0548954972458101,0.0135795106086593,0.0,0.0036468973758761,0.0,0.0,0.0408462405647268,0.0,0.0,0.139453153968296,0.0619902908782913,0.0609215870790535,0.0469197122870028,0.0,0.01692040025644,0.0240547342744348,0.0553752416145015,0.010238472273642,0.0239855277493768,0.0,0.0190435319183081,0.0,0.0,0.0347216087159166,0.0222863795866097,0.0199305890907958,0.0166936786382606,0.0172650230563054,0.0,0.0219701393366854,0.0180271283632733,0.0040107821661804,0.0,0.003677099304005,0.0,0.0,0.0135790028583537,0.0092620514244845,0.0891908416752994,0.0097701564740034,0.0,0.0,0.0197778544533129,0.0,0.0,0.0084523724254782,0.004791401167022,0.0120660029559452,0.0,0.0,0.0196149144425163,0.0,0.0,0.0219094773766158,0.0099170143232311,0.0427781388266549,0.0424767543377686,0.0,0.0,0.0458689351037029,0.0092257224389955,0.0,0.0179841744893496,0.0416936290495565,0.0,0.0148483194793135,0.0085614152122183,0.0034289451011361,0.0078545914153462,0.0296413725579089,0.0,0.0,0.0,0.0,0.0058436127493917,0.0129002837356045,0.0,0.0,0.0,0.0557114301548507,0.0115406207104537,0.0,0.0502695900485083,0.0612566177790903,0.0,0.0,0.0064743287314886,0.0,0.0,0.0,0.0060279238891477,0.0,0.0,0.0,0.0,0.0,0.0,0.0,0.0,0.0,0.0,0.0,0.0,0.0,0.0,0.0,0.0,0.0,0.0,0.0,0.0081829931193941,0.0,0.0619381135749875,0.0,0.0,0.0,0.0,0.135995435157588,0.0,0.0094411072989048,0.0052221891348722,0.0,0.0044635843032115,0.0044667077988372,0.0,0.0452907782142378,0.0,0.0,0.0,0.0,0.0,0.0,0.0102867821636175,0.0075798402091103,0.0,0.0,0.0,0.0074756088829512,0.0,0.0,0.0,0.0,0.0,0.0572145507227287,0.0098452321276578,0.0068596559738155,0.003331713175343,0.204319287800904,0.0034284740395108,0.0,0.0081773300533055,0.0,0.0,0.0,0.124644324812036,0.0051914793971537,0.0,0.0085948361307713,0.0067485973819591,0.0,0.0,0.0,0.0,0.0076654884247298,0.0184087054907027,0.0,0.0034555999657631,0.0,0.0,0.0,0.0,0.136517437049419,0.0,0.0,0.0,0.0100323173292389,0.0065889023159253,0.0070173253538535,0.0,0.0122082925391225,0.0193324980974124,0.0197836952971548,0.0038887246093528,0.334759117921709,0.0110197770676557,0.0,0.0156989006311123,0.0,0.0054171851498825,0.0082569273534,0.0355097528466185,0.0467164685703312,0.0698928444528269,0.0,0.0,0.0,0.0153867605988465,0.0,0.0,0.0131398557228644,0.261097100746867,0.0,0.0,0.0,0.0230636571356111,0.0253105888420908,0.0077388288856423,0.0,0.0,0.0329395583510811,0.0040065080474579,0.0,0.0,0.0,0.0,0.0124668900255219,0.0,0.0,0.0723514567404953,0.0292893662433549,0.0335670489267982,0.0140597720569278,0.0,0.0053233539510789,0.0057704164338231,0.0504065023944422,0.0,0.0054463720230043,0.0,0.0042217768240943,0.0,0.0,0.0130156997426068,0.0083559205289701,0.0074871377713691,0.0077783042975666,0.0102596287999489,0.0,0.005278186035824,0.0058004896361175,0.0039378719677399,0.0,0.0,0.0,0.0,0.0082359843745987,0.0062127801795879,0.064972619274842,0.0088376196156577,0.0,0.0,0.0055319466171623,0.0,0.0,0.0,0.0,0.0042183754974074,0.0,0.0,0.007064874764967,0.0,0.0,0.0,0.0,0.0127794994683853,0.0101991030842978,0.0,0.0,0.0402059177331646,0.0100309453309292,0.0,0.003335786840975,0.0121872969437482,0.0,0.0,0.0036025557941086,0.0,0.0,0.0096518279426135,0.0,0.0,0.0,0.0,0.0,0.0,0.0,0.0,0.0,0.0441539874868427,0.0079050224452435
PERI,0.0035677414738872,0.0151372030636815,0.0078851907611618,0.0,0.0,0.0,0.0563812428085695,0.122400412708391,0.0622958840244651,0.0,0.0127733568291033,0.0117219037023815,0.0,0.0044719571468203,0.0218985775938779,0.0,0.0,0.034469854828562,0.0192064371421383,0.0274378878202314,0.0,0.0465604932655551,0.0445921346626262,0.0,0.141768658531665,0.0623336126723268,0.0174667950878205,0.0041224842300059,0.0,0.0,0.0491310235271346,0.0,0.0354289661019842,0.186847988337884,0.0501906245591798,0.0,0.0042983183518103,0.0,0.0,0.0,0.0216882520856416,0.0,0.0,0.0871972329136703,0.0,0.0872476418954047,0.800583278124718,0.256868283299643,0.0531340551465334,0.0483802431261992,0.0,0.0,0.0334254958467319,0.0096941805841531,0.0069559255027164,0.0139043676841549,0.0,0.0388061595111732,0.0038468061733829,0.0,0.0,0.0,0.0053445498344301,0.0175593854787047,0.0,0.0,0.0080795199499028,0.0,0.0503517247273584,0.0,0.0,0.0,0.0,0.0,0.0,0.0,0.0,0.0,0.0,0.0,0.0,0.0081156683763841,0.0,0.0049311987253066,0.0,0.0,0.0,0.0053595044494928,0.0,0.0043089367671065,0.0,0.005706729834055,0.0044450033261931,0.0119801875762132,0.0175674095424439,0.0,0.0,0.0,0.0,0.0057820209166709,0.0,0.004551437528705,0.0,0.0,0.203871807402432,0.0,0.0,0.0,0.0,0.0450232508383946,0.0236244637715732,0.0242525392854804,0.0042026749449543,0.0422612841665099,0.169903836687928,0.0,0.0313741468054704,0.0,0.0,0.0,0.0878121614837096,0.0,0.0,0.0,0.0,0.0,0.0,0.342179891917006,0.0088515523602141,0.0046915411507379,0.0,0.0041204218549395,0.0599301525797999,0.0036241185651777,0.0,0.0242477223435872,0.0,0.0,0.0,0.0,0.0,0.008459523263466,0.0117829451220348,0.0,0.0053290248491014,0.0062010754916011,0.0,0.0,0.0,0.170729641255205,0.0658792441305388,0.0,0.0,0.0,0.0,0.0,0.0,0.0,0.0,0.0,0.0,0.0066376164333588,0.0,0.0611315815906963,0.0,0.0,0.0,0.0341848587387524,0.0478321912234333,0.0,0.0,0.0,0.0,0.0,0.0506181252736193,0.0068411386024757,0.0105731617189867,0.0287725851253158,0.0056215016479329,0.0091083011349757,0.0604371330515086,0.0,0.0033171386761658,0.0,0.0,0.0612673126299968,0.14279744781018,0.0,0.0,0.0486896217942114,0.0,0.0,0.0,0.0,0.0,0.156414712236531,0.0298083258208571,0.0044987934519544,0.0399986829703855,0.0044872412091452,0.0622480307070759,0.0,0.0,0.0,0.0,0.0,0.0197802564118056,0.0,0.0,0.0,0.0260248987020566,0.0102949522622596,0.0,0.0,0.0,0.0038284765712953,0.0284497123614156,0.004309856246213,0.0,0.0,0.0,0.0,0.0,0.0,0.0,0.0,0.0,0.0,0.0,0.0,0.0060112801047378,0.0057420283544516,0.0,0.0085054928703492,0.0,0.0,0.0,0.0,0.0,0.0,0.0,0.0075074092815133,0.0,0.0,0.0,0.0045478641586338,0.0,0.0,0.0,0.0,0.0,0.0,0.0,0.0,0.003769422466746,0.0512880651359955,0.0176225602933928,0.0038043341338186,0.0055881828441996,0.0,0.0,0.0062644720049431,0.0,0.0,0.0,0.0,0.0051431789550492,0.0,0.0,0.0,0.0,0.0050383469485111,0.0078620849521157,0.0,0.0,0.0,0.0,0.0059804964615382,0.0,0.0,0.0,0.0,0.0,0.0,0.0,0.0,0.0,0.0,0.0,0.0,0.0,0.0,0.0,0.0,0.0,0.0,0.0,0.0,0.0,0.0,0.0,0.0,0.0163081852443344,0.0277771836185241,0.0,0.0,0.0,0.0,0.0074949572039134,0.0,0.0,0.0,0.0,0.0,0.0,0.0,0.0,0.0,0.0049261231785546,0.0081165463106105,0.0065537300142941,0.0,0.0050375485374354,0.0,0.0,0.0,0.0,0.0,0.0,0.0038834365772781,0.0,0.0,0.0,0.0,0.0,0.0,0.0,0.0091112426169499,0.0,0.0,0.0,0.0,0.0,0.0,0.0,0.0,0.0,0.0,0.0,0.0,0.0,0.0058984996920265,0.0,0.0,0.0,0.0,0.0,0.0,0.117507185928071,0.0153981443475905,0.0,0.0,0.0,0.0,0.0,0.0,0.0,0.0,0.0,0.0,0.0,0.0,0.0140990719974321,0.0,0.0,0.0,0.0159498206130168,0.0135739050160478,0.0,0.0,0.0,0.0,0.0,0.0706937113794072,0.0065326598156139,0.0223176357421622,0.0726845578742488,0.0097709588805968,0.0242796899497486,0.0446832854951834,0.0,0.0,0.0,0.0,0.003722786872242,0.0,0.0,0.0038420883920829,0.0,0.0,0.0,0.0,0.0,0.0,0.0310618179870667,0.0039848087101754,0.0,0.0064951531119419,0.0,0.0084872365671002,0.0,0.0,0.0,0.0,0.0,0.004241249205956,0.0,0.0
PF,0.0034921487836648,0.150534951637564,0.124326276458614,0.0,0.0,0.0078470439069636,0.064312068449207,0.0492409058793575,0.0550627108511806,0.0053202570585893,0.0,0.0711044120830352,0.0,0.0,0.0,0.12401590906432,0.0051776433023132,0.0160117904128887,0.0,0.0,0.0074236616673649,0.0,0.0,0.0423001058364134,0.0,0.0,0.0,0.0058703027688232,0.0,0.136778802271258,0.0,0.0346724976602133,0.0093380977897464,0.0,0.0,0.0,0.0303372946076786,0.0,0.0315958412148623,0.0254480351095299,0.0,0.0072712017311557,0.0,0.0,0.0288568177240857,0.0064425166022388,0.0,0.0,0.0,0.0,0.0,0.0,0.0946510742366966,0.0123426203952268,0.51273445430182,0.211802976580656,0.0220767929179706,0.0566738355116113,0.0053012904823672,0.0145051609210025,0.0149701601715976,0.0220281616653923,0.0501212813070703,0.0434335321032072,0.0073065631346381,0.0,0.0091581812281632,0.0089154733910869,0.0,0.0298329895200629,0.0,0.0,0.0,0.121492143688943,0.0375903870498713,0.0290813011884495,0.0100160357725775,0.004037329794436,0.0,0.0,0.0,0.0039946618971361,0.0263776922577687,0.154299476920271,0.0,0.0,0.0,0.0108529747640473,0.0217586970475345,0.0113773844371295,0.104159736845162,0.0,0.0,0.179041144779117,0.150636278861994,0.0051989966327245,0.0057441078464802,0.0328684183427033,0.0892560928408107,0.0,0.0152209572002611,0.0,0.051774943931221,0.0161755327867727,0.0,0.0,0.0749525865934821,0.0731623629410934,0.0056860073889221,0.0756133864015408,0.0271443479479515,0.0507044522813046,0.0048968668495999,0.0,0.0,0.0500005038414229,0.0,0.0069519958304034,0.0492799981839896,0.0455591038662041,0.0067043623088947,0.922772039899741,0.0,0.0145013884605692,0.0086895409670912,0.0085445126573786,0.0090013625797026,0.0,0.063891155069118,0.0045745865175708,0.0613297300923959,0.0631688628600022,0.0,0.0160835591340171,0.0889613199560964,0.0,0.0,0.0299406523358825,0.0314833673158463,0.0048225760420457,0.0147031959105078,0.0,0.0620886093490418,0.0069961192838596,0.0594122340953287,0.0032985096821974,0.0041520649846874,0.0,0.006731467107344,0.0,0.0047861996494165,0.0780906310010566,0.136712713139595,0.0488218692745236,0.0402527102933466,0.051791637628379,0.401739496480734,0.0059595833578418,0.067075178145205,0.0328144932388861,0.0,0.0087094045667779,0.0,0.0175458673142685,0.193693863706581,0.219395850310485,0.020956726151222,0.341851982757301,0.0925942717090191,0.189156439409703,0.0135558740677288,0.0,0.0,0.0067471546578724,0.115023810505684,0.100193470344013,0.0901095334192771,0.0744452682996069,0.126076243314909,0.118320741467536,0.0877044657335769,0.0525168141903385,0.0045965209164123,0.0234430974421724,0.0300520033250392,0.0051410617139493,0.0,0.0162884598179048,0.0053802248587438,0.0,0.0064907196136288,0.0175607993619404,0.243099814413792,0.0107887395046146,0.0070147931232095,0.0635425955445755,0.0457951896787562,0.0819965414997007,0.0047604339637316,0.0,0.0,0.026810143849182,0.171974359544655,0.0062028140380851,0.165990517069717,0.0407259252222164,0.212008527451593,0.0678988344962673,0.0,0.0,0.0107484443629265,0.0113291228323348,0.0,0.0,0.003736216103417,0.044542209594792,0.0136885551408279,0.0446197643134486,0.0144664996435283,0.0,0.0093136376084466,0.0,0.0,0.0,0.0132825986114509,0.0,0.0,0.0,0.0,0.0,0.0,0.0,0.0070512810001217,0.0,0.0,0.0,0.0,0.0071280930245625,0.0,0.0,0.012752081799475,0.0049764598312748,0.0,0.0,0.0,0.0139350768937063,0.0068536065531896,0.0069682339523407,0.0098114083288576,0.0,0.0,0.135081352634983,0.0,0.0093341811966482,0.0,0.0,0.0,0.0,0.0,0.0,0.0223219868623745,0.0471008803818464,0.0,0.0542221597658152,0.02339779634925,0.0213387181988316,0.0189589092047861,0.0,0.0,0.0,0.0,0.0275039891896875,0.0082653723682051,0.0143560729422367,0.11925333784994,0.003875802457635,0.0100072355106304,0.0,0.0038829108034229,0.0,0.0,0.0,0.0052491209848487,0.0077218861909625,0.0,0.0049786480196465,0.0144556445709688,0.0,0.0,0.0,0.0,0.027845673520424,0.0,0.0116170558017611,0.011809391122982,0.0,0.0,0.0,0.0,0.0057983598143108,0.0,0.0,0.0164637138453291,0.0252920334232994,0.0034736671138672,0.0036800687663706,0.0089787190612761,0.0185651973425389,0.0,0.0086922176261582,0.0,0.0175864207874719,0.0181840967270475,0.0,0.021980353588268,0.0120803139642552,0.0166407538858626,0.0234586735003639,0.0514222926412722,0.0191573301007448,0.0276674588806887,0.0,0.0,0.0,0.012129318978276,0.0,0.0096699974695903,0.0232850306728514,0.0144640053326734,0.0,0.0,0.0,0.0091007038086228,0.0144231078048499,0.0181330136802535,0.0,0.0,0.024706550849195,0.0,0.0,0.0,0.0046216318769797,0.0,0.0186819760196253,0.0,0.0124276969251863,0.0177376144951377,0.0083974053334449,0.0160926963336131,0.0345534396285128,0.0,0.0,0.0034378964493751,0.0,0.0,0.0,0.0,0.0,0.0,0.0,0.0187832100568944,0.0219225662879402,0.0,0.0,0.0,0.050008083424839,0.0,0.0105647362236355,0.0,0.0,0.0,0.0,0.0,0.0203245199660794,0.0218886104130091,0.0183573677888261,0.0168934698282193,0.0121566736531599,0.0,0.0052015542294238,0.0079594499385018,0.0151737401595876,0.0116072823427457,0.0,0.0,0.003906260517469,0.0,0.0,0.0,0.0063575894918529,0.0082568679597207,0.0,0.0268442905319047,0.0,0.0,0.0,0.0116976764247948,0.0,0.0,0.0,0.0337504222530895,0.0253157282681668,0.0116758952194527,0.0086964614155351,0.0169257979481322,0.0,0.0,0.0,0.0,0.0,0.0,0.0208772944916866,0.0,0.0155544128639063,0.0,0.0035692199601576,0.0110182422894044,0.0219636034616326
PFL,0.0,0.0,0.0,0.0,0.0,0.0,0.0,0.0035589550943451,0.0,0.0065855690512008,0.0,0.0,0.260040040536727,0.0,0.0,0.0,0.0,0.0,0.0,0.0,0.0108888774425396,0.0,0.0,0.0066757184885327,0.0044927452037247,0.0,0.0,0.0,0.0257350148226596,0.0,0.0,0.0067779135416724,0.0,0.0,0.0,0.0,0.0390745947849665,0.274001028608617,0.0,0.0118366533672328,0.0036734417531286,0.0,1.78151080805885,0.0,0.0052465539074821,0.0,0.0,0.0,0.0,0.0,3.28046056160239,0.0045550792031372,0.0046548356184448,0.0,0.014385609880972,0.0059499671445475,0.0081083864471883,0.0127283445914488,0.0,0.0055860276496031,0.0056151296018038,0.006290243650307,0.0033865593604833,0.0,0.0083493870045708,0.519448067057364,0.0049937723609088,0.0055185372108234,0.0,0.0065261821796313,0.0127062312211372,0.0,0.0037874779024803,0.0,0.0,0.0,0.0,0.0034009277804514,0.0,0.0,0.0,0.0,0.0091982509623081,0.0,0.0062624065642367,0.0038424170387255,0.0,0.0,0.0,0.0,0.0,0.003643105669143,0.0,0.0,0.0,0.0,0.0,0.0,0.0,0.0,0.010624864799534,0.0,0.0,0.0967753188204926,0.0,0.072707137294509,0.0,0.0,0.0427118252264786,0.0,0.0,0.0,0.0,0.0,0.0,0.0,0.0038971306822774,0.0067864905461409,0.030632633949461,0.0,0.0,0.0,3.24315719205459,0.209733020580394,0.0331486950123,0.008335105364471,0.0,0.0,0.0,0.0,0.0,0.0,0.0099013279977873,0.0,0.0,0.0036040327486221,0.556033816242909,0.0379167988257373,0.0458616418766617,0.0487622236639517,0.13433578150816,0.0,0.007125532164738,0.0,0.0,0.0044198426267374,0.0,0.0,0.0,0.0,0.0,0.0037779323610466,0.0034012307196055,0.0072205892369421,0.0104984103716773,0.0070613153579238,0.0080529269280572,0.0,0.0,0.0,0.0,0.0,0.469258322437871,0.0,0.004746235619283,0.0047279799587029,0.0859221017152597,0.0,0.0,0.0,0.0099232913430894,0.0113092912147339,0.0180984211006031,0.0090607251995992,0.0095009975851916,0.0,0.0,0.0,0.0053178834510164,0.0,0.0072676579231296,0.0,0.0,0.0572215261972766,0.0058095673917582,0.0,0.0,0.237683820520705,0.0,0.0,0.0,0.101050729204861,0.0033188880024835,0.0105714528646255,0.0,0.0,0.0214066139179501,0.0,0.0072023310920016,0.0056558668480817,0.0,0.0058757613040991,0.0034307250055771,0.0,0.0070744407651718,0.0051420060532939,0.0,0.0084819662734521,0.0376111366327592,0.0035327993012472,0.0,0.0097330771197102,0.0,0.0034815057869448,0.0,0.0,0.0,0.0,0.0061193954551951,0.0,0.0,0.0,0.0,0.0,0.0,0.0042993692231708,0.0,0.0034756388512533,0.0,0.0160692064254555,0.0,0.0,0.0081082766444704,0.0041196429508895,0.0,0.0,0.0,0.0107243608202774,0.0,0.0,0.0050946933204803,0.0,0.0,0.0,0.0,0.139443899114912,0.0052177640327949,0.0,0.0045871016444177,0.0,0.0046508971062575,0.0,0.0,0.0129016575194428,0.0,0.0,0.0,0.0,0.0,0.0,0.0,0.0035691105891258,0.0,0.0286789694556442,0.011677413169081,0.0071196301862178,0.0112956611602397,0.0,0.0,0.0,0.0,0.0417482216559387,0.0,0.0076369550929629,0.0,0.0037826178890804,0.0048176407211861,0.0,0.0056129774027946,0.0045627500881468,0.0,0.0,0.0,0.0,0.0,0.0,0.0092449178162371,0.0,0.0,0.0,0.0,0.006118311844543,0.0,0.0057518005535864,0.0101419951515331,0.0,0.0,0.0,0.0,0.0,0.014504494831409,0.0,0.0,0.0,0.0,0.0,0.0,0.0,0.0,0.0092488036211623,0.0,0.0036359508885394,0.153204885917646,0.0,0.0,0.0,0.0,0.0435133850560021,0.0,0.0036876531223253,0.0,0.0,0.0,0.0,0.0,0.0,0.0,0.0105753223042244,0.0,0.0,0.0,0.0,1.19248694110262,0.0341492659325563,0.0060051720073841,0.0,0.0,0.0066747613110279,0.0116785704845097,0.0,0.0,0.0191424330023583,0.0,0.0036619620035685,0.0,0.0,0.145744016072745,0.183474910686077,0.0503126382489583,0.0242633190664399,0.0,0.016695332921383,0.0,0.0,0.017560799425034,0.0,0.0,0.0,0.0,0.0,0.0,0.0,0.0066197890893198,0.0090640618650829,0.0078163527096848,0.0041956261085376,0.0,0.0,0.0,0.0,0.0,0.0112357584490499,0.0,0.0,0.0,0.459504694328592,0.0,0.0,0.0,0.0070817668269295,0.0,0.0,0.0,0.0136315931530558,0.0,0.0038148302716957,0.0,0.0,0.0,0.0071918147855268,0.0,0.0069517046377006,0.0081669022974335,0.0058674754620678,0.0,0.0,1.09548087895229,0.0,0.0,0.0,0.0179428572959366,0.00384625767623,0.0,0.0,0.0,0.0466662909631302,0.0056099306997196,0.0193447909110984,0.0076072618096493,0.0,0.0069490053855259,0.0040564953616175,0.0,0.0,0.0,0.0,0.0033684934315519,0.0416263157164279
PG,0.0,0.214042948425424,0.127855405342467,0.0,0.0,0.0,0.0581486507614366,0.0440813029717128,0.046799295343224,0.0062412289309902,0.0,0.0,0.0303764479844508,0.0069228346173542,0.0,0.0501745943416123,0.0,0.0771377373217141,0.0383469760595749,0.0240421230744266,0.0,0.0,0.0,0.0,0.0079357794367228,0.0049171546053689,0.0,0.0,0.0,0.0,0.0,0.0115044395970295,0.0,0.0,0.0,0.0,0.095601905495421,0.0295830441555374,0.0196270820825517,0.0,0.0,0.0,0.074289828232841,0.0146943030625703,0.006504382743036,0.0102100847066874,0.0,0.0033840595409029,0.0,0.0,0.0669843760288702,0.0071910817021344,0.0688524157486482,0.0,0.0051922092310292,0.0048217356384771,0.0080060785786316,0.0585022685012315,0.0,0.0706574698291737,0.0536495347550549,0.0883099604754755,0.105767521848831,0.0,0.0078679737223949,0.005070228689923,0.0058397555962689,0.0,0.0,0.0,0.0,0.0,0.005412056296937,0.0,0.0,0.0,0.0,0.0049841853716213,0.0,0.0,0.0,0.0,0.0110213727649395,0.0,0.0,0.0,0.0,0.0082580847468206,0.0088484652201233,0.0117027015668439,0.0,0.0058805039945674,0.0055538184069234,0.26372056349937,0.224605769811959,0.0,0.0,0.0207057120133517,0.0315739357654531,0.0,0.00409261711813,0.0,0.0053056704843973,0.128197924802261,0.0,0.0,0.0297236414418548,0.014429652444861,0.0,0.0796560720016705,0.0281155380582231,0.054384088101612,0.0,0.0,0.0,0.0159804215007419,0.0115943188226807,0.0,0.0098304088551444,0.0041443504321912,0.010359593262975,0.0,0.0313579303156602,0.891359736642887,0.0,0.0088532862908288,0.0,0.0,0.086499488285174,0.0048042058474104,0.0,0.0061220561414621,0.0069028539214345,0.0117614263064306,0.0195015058232549,0.0080000871534139,0.0082912748014144,0.110320056873615,0.143428486223874,0.0,0.0277746591697887,0.0,0.156002382510832,0.0,0.0,0.0070076167644492,0.0,0.0,0.0,0.0,0.0,0.0431447072598722,0.0386785762034242,0.124310076628754,0.155155222980396,0.194182796784497,0.0,0.0,0.0331222125457727,0.0226723849013483,0.0,0.0,0.0500302804830636,0.0,0.0319975551500118,0.020280237828102,0.349495922626974,0.0,0.0,0.0,0.0,0.0,0.0,0.0,0.147690571276793,0.165171075040433,0.215602762353211,0.208321391784277,0.21152370637126,0.199361094029817,0.139648466792909,0.0216155971639617,0.0,0.014363603331891,0.0,0.0142351825610339,0.0,0.788902586865526,0.0,0.0052649493078013,0.0,0.022140657428947,0.0,0.0,0.0036381619255571,0.0448560237988822,0.157238540727252,0.210078821544823,0.070278436685455,0.0424106809273179,0.0295981888576936,0.141356176714727,0.0,0.0,0.0,0.0,0.0,0.0420643885166537,0.0,0.0,0.0433108425988233,0.0340245210078585,0.0,0.0,0.0,0.0175860364436681,0.012274520004632,0.0129336909989239,0.0079177006108479,0.0,0.0,0.0668873038437307,0.0052041942865632,0.0,0.0,0.0033906086766389,0.0,0.0,0.0,0.0,0.0,0.0,0.0,0.0076280330701674,0.0047441264610436,0.0,0.0,0.0037922032243343,0.0,0.0,0.0,0.0,0.0,0.0,0.0,0.0957982783347062,0.0697232839056306,0.0,0.0159671042063403,0.0,0.0045247802585076,0.244623377090113,0.0090381900881217,0.0,0.0,0.0,0.0,0.0,0.0,0.154052352528062,0.0035302035330819,0.0182187280401113,0.0,0.0,0.0,0.0070449232021733,0.010803032588227,0.0,0.0061550000204153,0.0043794895690607,0.0067345891505078,0.0875489392985868,0.0,0.0050912194751583,0.064469707329949,0.0,0.005586914720648,0.0,0.0085617767070361,0.0,0.0,0.0,0.0,0.0,0.0,0.0,0.0049809999899253,0.0,0.0,0.0,0.0,0.0093883201802002,0.0,0.0127360455605941,0.0074533245526638,0.0,0.0,0.0,0.0040624180468347,0.0,0.0161611055701894,0.0,0.0290751698442873,0.0494256170723802,0.0,0.0,0.0,0.004005042391178,0.0,0.0047524356832657,0.0,0.0,0.130358254462527,0.0,0.0101810738580973,0.0,0.0,0.0228831861165174,0.0309181609890494,0.0163737114789182,0.0236780335444848,0.0,0.0,0.0,0.0,0.0,0.0091423480390314,0.0042389307573894,0.0,0.0,0.0,0.0737200925062183,0.959273479484067,0.0035535941825517,0.0069873768840214,0.003553565233362,0.0,0.0343777322286076,0.013086742606489,0.0,0.0,0.0,0.0038710816405342,0.0,0.0,0.0165976079118994,0.107752567263955,0.142699255039233,0.0034955080061369,0.0123039399037302,0.0,0.0,0.0,0.0,0.0192307070059202,0.0,0.0053493225571443,0.0,0.0,0.0,0.0078042229150703,0.0071924395297964,0.0,0.004684604329161,0.0084139716822174,0.0,0.0,0.0,0.0,0.0,0.0,0.115145073917538,0.0,0.0073678438316983,0.0054583314504209,0.372015329006416,0.0,0.0,0.0,0.0086954830697795,0.0085253355533403,0.0210589778624316,0.0139145596862564,0.0066357648101111,0.0083294624098131,0.0083984875947892,0.0083344079362957,0.0094403962143411,0.0034832186854345,0.0254499235238617,0.0062919692298761,0.007982146133225,0.0055991542769354,0.0078858874666287,0.0,0.0,0.834300067381645,0.0,0.0,0.0,0.0096259333266296,0.0,0.0065453379194467,0.004214075987415,0.0141888858608797,0.0,0.0,0.0,0.0,0.0,0.0,0.0,0.0,0.0,0.0,0.0,0.0086284511259606,0.0175434559977058
PGRNd,0.0,0.0,0.0,0.0,0.0,0.0,0.0,0.0,0.0,0.0232067851550457,0.0,0.0,0.0,0.0,0.0,0.0,0.0,0.0,0.0,0.0,0.0,0.0,0.0,0.0,0.0,0.0,0.0,0.0,0.0073106128460083,0.0,0.0,0.0037511694329344,0.0,0.0,0.0,0.0,0.0090197666280748,0.0083909275329921,0.0,0.11182956254764,0.0,0.0,0.0,0.0,0.0,0.0,0.0,0.0,0.0,0.0,0.0,0.072992308288728,0.0,0.0,0.0,0.0,0.0707616121714654,0.0,0.0,0.0,0.0,0.0,0.0,0.0,0.0301150653687125,0.005737399952477,0.0,0.0371696581264151,0.0,0.140800401541267,0.0,0.0,0.0,0.0,0.0,0.0,0.0,0.0163246474419678,0.0,0.0,0.0,0.0,0.0729691181688549,0.0,0.0124904039369948,0.0139962302786931,0.0,0.0,0.0,0.0,0.0,0.0,0.0,0.0053785300811315,0.0,0.0,0.0,0.0,0.0033437690710486,0.0,0.114800931289512,0.0,0.0035503993996064,0.0075861383808729,0.0,0.0753838151350293,0.0,0.0,0.0436885669786131,0.0,0.0,0.0,0.0,0.0,0.0,0.0,0.0,0.0356726579930736,0.0185299034550032,0.0,0.0,0.0,0.0,0.0,0.120891532297982,0.0297109653290327,0.0,0.0,0.0,0.0,0.0,0.0,0.0,0.0,0.0,0.0,0.0,0.0255558933076607,0.0222150568175054,0.140312031807433,0.0431387600076514,0.0,0.0,0.0,0.0,0.0,0.0,0.0,0.0,0.0,0.0,0.0061702933035207,0.0,0.0,0.0,0.0,0.0,0.0,0.0,0.0,0.0,0.0,0.0,0.0,0.0,0.0,0.0139633079555001,0.0,0.0,0.0,0.0995713000780795,0.0094281363793523,0.0198148507517842,0.0419494867883875,0.0067702820791745,0.0051563566856641,0.0,0.0,0.0,0.0042693237095191,0.0,0.0,0.0,0.0187574877235403,0.135603504321601,0.0,0.0,0.0,0.0,0.0,0.0,0.0359189269128922,0.0,0.0541128977311158,0.034224332423869,0.0,0.0,0.0,0.0,0.0,0.0,0.0,0.0,0.0,0.0,0.0,0.0,0.0037103809132492,0.0241043160126292,0.0,0.0,0.0,0.0,0.0,0.0,0.0,0.0,0.0,0.0213281042795918,0.0,0.0,0.0,0.0,0.0,0.0,0.0,0.0,0.0,0.0,0.0,0.0,0.0,0.0,0.0,0.0,0.0,0.0,0.0121675324892672,0.0,0.0,0.0,0.0,0.0,0.0,0.0,0.0043663980785859,0.0136609065604842,0.0,0.14130444532575,0.0,0.0,0.0,0.0,0.0,0.0,0.0,0.0,0.0,0.0,0.0,0.104939729933715,0.0,0.0,0.0,0.0,0.0610252011689284,0.0,0.0,0.0,0.0,0.0,0.0,0.0,0.0399574432174257,0.0041310593263371,0.0,0.0295081871566031,0.0,0.170332351790556,0.0,0.0,0.0,0.0,0.0,0.0,0.0,0.0177892230916784,0.0,0.0,0.0,0.0,0.0596375319786043,0.0,0.0150966446259446,0.0183260017740261,0.0,0.0,0.0,0.0,0.0,0.0,0.0,0.0056900611588111,0.0,0.0,0.0,0.0,0.0,0.0,0.0963590948759304,0.0,0.0,0.0,0.0,0.16481794816883,0.0,0.0,0.0446752596227709,0.0,0.0,0.0,0.0,0.0,0.0,0.0,0.0,0.0200487896610854,0.0049723244075631,0.0,0.0,0.0,0.0,0.0,0.132262662473682,0.028853726768493,0.0,0.0,0.0,0.0,0.0,0.0,0.0,0.0,0.0,0.0,0.0,0.0160218017691226,0.0082649601928212,0.165956627781531,0.0125961096033464,0.0,0.0,0.0,0.0,0.0,0.0,0.0,0.0,0.0,0.0,0.0,0.0,0.0,0.0,0.0,0.0,0.0,0.0,0.0,0.0,0.0,0.0,0.0,0.0,0.0,0.0107422291433569,0.0,0.0,0.0,0.101495304147595,0.0072154046396279,0.0120959199909036,0.018111420370969,0.0069290720313941,0.0049226615828899,0.0,0.0,0.0045746124569222,0.0,0.0,0.0,0.0,0.0054964951756829,0.160784672696584,0.0,0.0,0.0,0.0,0.0,0.0,0.0103385122838107,0.0,0.0222744382454688,0.0188782327902015,0.0,0.0,0.0,0.0,0.0,0.0,0.0,0.0,0.0,0.0,0.0,0.0,0.0,0.031035524319884
PGRNl,0.0,0.0053196945577499,0.0,0.0,0.0,0.0,0.0,0.0,0.0,0.417962014709324,0.0,0.0,0.0,0.0,0.0,0.0069689622490093,0.0,0.0,0.0,0.0,0.0,0.0,0.0,0.003415265880073,0.0,0.0,0.0,0.0,0.0,0.0,0.0,0.0099357368780493,0.0,0.0,0.0,0.0,0.0076120609795188,0.0,0.0079168841013265,0.0434445330477451,0.0,0.0,0.0048010373536386,0.0,0.007883570674443,0.0,0.0,0.0,0.0,0.0,0.0,0.0139940149670109,0.0,0.0,0.0,0.0,0.251185242976136,0.0,0.0,0.0056082950527159,0.0069347734271239,0.005321144246551,0.0,0.0,0.472659219473601,0.0044589646407133,0.0,0.211958750671949,0.0,0.0313541778932286,0.0,0.0,0.0,0.0,0.0,0.0,0.0,0.372942472509124,0.0,0.0,0.0,0.0,0.390799134070048,0.0,0.193582620749113,0.263461312890351,0.0,0.0,0.0,0.0,0.0,0.0,0.0,0.0091082511554315,0.0081329489683689,0.0,0.0,0.0,0.0130585998449501,0.0,0.0456372714434032,0.0,0.0,0.0811110185670163,0.0,0.029269526366542,0.0,0.0043648644874195,0.105905440208123,0.0046894009627654,0.0,0.0,0.0,0.0,0.0,0.0143841200880223,0.0,0.150443841658174,0.0266083564897773,0.0033172144640231,0.0,0.0,0.0,0.0,0.0545465240043158,0.521360360240945,0.0,0.0,0.0068439095936522,0.0,0.0,0.0,0.0,0.0,0.0095691408898409,0.0,0.0,0.0339402029654611,0.0270944823240107,0.0313821542148656,0.103515549155742,0.0,0.0,0.0,0.0,0.0,0.0,0.0,0.0,0.0,0.0,0.0131019004084582,0.0089622056580747,0.0,0.0,0.0,0.0,0.0,0.0083073246392251,0.0,0.0,0.0,0.0,0.0041100330525037,0.0047235902755307,0.0036744998237398,0.0259121525934739,0.0,0.0,0.0,0.0594720779753475,0.12841585960873,0.128191238581792,0.0863723968098445,0.0065587512837839,0.0098046164955076,0.0,0.0,0.0050387461233623,0.0,0.0,0.0128673638437397,0.0,0.0535595142350687,0.0338687514521203,0.0,0.0,0.0048599060482532,0.0,0.0,0.0,0.0780329290177797,0.0,0.0452638274226054,0.231243351642523,0.0,0.0,0.0,0.0,0.0,0.0,0.0,0.0088509262368114,0.0,0.0,0.0,0.0,0.0072506825696828,0.0838528345160059,0.0,0.0102340869437692,0.0,0.0,0.0,0.0,0.0,0.0,0.0,0.112923964452599,0.0,0.0,0.0,0.0,0.0,0.007549878296418,0.0,0.0,0.0,0.0,0.0,0.0,0.0,0.0,0.0,0.0,0.0,0.0,0.0052814494581485,0.0,0.0,0.0399682787945351,0.0,0.0,0.0,0.0,0.0050012034731574,0.0055322732805285,0.0103586230278447,0.0480123620430331,0.0,0.0,0.0068296098315583,0.0,0.0133585381426542,0.0,0.0,0.0,0.0,0.0,0.0,0.0338104628565785,0.0,0.0,0.0,0.0,0.0725600515692532,0.003320425480266,0.0,0.0039237032952705,0.0036846690415355,0.0,0.0,0.0,0.118973476018573,0.0054690677838456,0.0091731203547806,0.0663809992372318,0.0,0.050775494341319,0.0,0.0,0.0,0.0,0.0,0.0,0.0,0.116552018109886,0.0,0.0,0.0,0.0,0.0956170593117106,0.0,0.0782672952544892,0.0771707531426463,0.0,0.0,0.0,0.0,0.0,0.0,0.0,0.0235783126700397,0.0168270441271925,0.0,0.0,0.0,0.0212438817401098,0.0,0.0403267802437044,0.0,0.0,0.0225050872277225,0.0,0.0795977962855138,0.0035242878446171,0.0056341294577324,0.0569016775522996,0.0040224154645897,0.0,0.0,0.0,0.0,0.0,0.0178970784197462,0.0,0.0650859326985836,0.014104941922108,0.0,0.0,0.0,0.0,0.0034498795492751,0.0292098421775021,0.110046837147998,0.0,0.0,0.0045190616503197,0.0,0.0,0.0,0.0,0.0,0.0109842334630265,0.0,0.0,0.030796902713489,0.0139253782214415,0.0230635199535609,0.0382923811645033,0.0,0.0,0.0,0.0,0.0,0.0,0.0,0.0,0.0,0.0,0.0393027301693169,0.0203812614872326,0.0,0.0,0.0,0.0,0.0,0.0072494599027505,0.0,0.0,0.0,0.0,0.0,0.0124078258177137,0.0058192448227861,0.0233577910825146,0.0,0.0,0.0,0.0549276801522982,0.0368515349368239,0.0472234337950578,0.049456090171355,0.0290130345371886,0.0120286649083563,0.0072732944387471,0.0045216947836011,0.0056840536724659,0.0067407121231535,0.0078713240419944,0.0,0.0,0.0212225409551276,0.0498794372252402,0.0,0.0,0.0063033066440937,0.0,0.0,0.0,0.0306449003519011,0.0,0.0337643931492543,0.0662627232604362,0.0,0.0033019587141482,0.0,0.0,0.0,0.0,0.0,0.0,0.0,0.0,0.0,0.0,0.0313317258478364,0.0389680520257826
PH,0.0844834581434866,0.189217530547623,0.296198677866673,0.0168899663290022,0.0040112927957435,0.175534730846843,0.0123562559602626,0.0094326315815008,0.0120813689978991,0.0106636649568176,0.0059996137093489,0.0067452332931772,0.0,0.0039919514076897,0.0274881707508526,0.0548598545980411,0.167856626965142,0.0034155614668121,0.0,0.0,0.0,0.0196548847722396,0.0227620859653404,0.0721149386991769,0.057990649620634,0.006196889811471,0.0060045474218031,0.0264025537325457,0.0,0.012043345644302,0.0,0.0796562274183843,0.003313419365622,0.0135383617492289,0.0043983037990647,0.0035742423804142,0.101284201679735,0.0,0.0389814255494406,0.0,0.0331926765413726,0.271274383015351,0.0039534042822933,0.0989907665696551,0.0596274310200224,0.0106567353295116,0.0136360160946774,0.027970699929014,0.0075990928193031,0.0182853416356595,0.0,0.0,0.0157105822937849,0.0057284290551905,0.0182215186104197,0.0122060759989605,0.0035717006912232,0.0,0.0369390982557485,0.0175442224434101,0.0136813743871677,0.0183556392627142,0.583197951540961,0.01269589509871,0.0086744713639376,0.0,0.0584927417695671,0.0,0.0119658474487869,0.0,0.0,0.0,0.0036514665702413,0.137622507852765,0.201441450288367,0.0,0.194567335284628,0.0102169219793388,0.0930075044651747,0.0430842581839005,0.0257476550310639,0.0135449787516988,0.0048982583506751,0.0251902300814109,0.0,0.0046761850376614,0.0343189088072212,0.0,0.0428140028674924,0.0220256484111236,0.147806656998123,0.33243497543415,0.0055916700418627,0.0073971961238394,0.0526846306969423,0.180684720662306,0.184947303920306,0.111919459008398,0.0552724629781005,0.107398030598741,0.0103242657453924,0.0232235283817571,0.18609416700212,0.0223448593474844,0.0143902854187409,0.0,0.0729015444807596,0.152485788059908,0.0043207296199516,0.0451238803066595,0.0932631477234513,0.0523231121207242,0.020219081552509,0.0271369427019602,0.0093135235403234,0.0821805382246762,0.0206085931973969,0.0,0.0506115196863131,0.147921986306586,0.0106965859043879,0.0033017037058429,0.0,0.0287944131144318,0.0033129986964383,0.0144614327923446,0.398065452964537,0.0,0.180900188061548,0.330078832976667,0.0,0.0326932863233882,0.335861308498673,0.0329638780022868,0.0391664984053098,0.0376555125099903,0.0,0.0826448162451249,0.02604029955628,0.0034511817558105,0.0122128733186555,0.0263239348944843,0.0173374699107766,0.180343659054372,0.0655797766899504,0.25291624458481,0.171483253970545,0.0,0.146977046488861,0.0240368002987491,0.0,0.0663474170689202,0.0449549471410968,0.0242629997269537,0.0344668399578047,0.0650344432631506,0.0,0.161952356745753,0.0444078615723388,0.0121874826439771,0.0855273746915187,0.0126359401498243,0.0,0.0147811227095976,0.0343068441520967,0.0217276370512333,0.105657597759888,0.0120885357471053,0.0051926014748387,0.0165278980344827,0.0,0.0,0.0,0.0,0.0099372676921766,0.0116806829960178,0.0,0.0,0.0186254883902575,0.0044215426620798,0.0045644754918087,0.103230563967579,0.375393966537645,0.0199570881124157,0.0055905028997212,0.0061953012729226,0.0,0.0499882065548188,0.0960613680411715,0.0566117237919087,0.174310210302854,0.0114141140629165,0.0067324393525918,0.0,0.0052275773576294,0.0130903126641504,0.0099423238639931,0.0310276232365525,0.0,0.0,0.0,0.0103862676535378,0.0284064242507041,0.165795649365483,0.0,0.0,0.0090072384575876,0.0777758953662977,0.0052689854504285,0.0104330762482888,0.0610563463363432,0.132745686516415,0.0,0.0,0.0549589661402749,0.0034153531398256,0.0039206649857895,0.0,0.0138535311691756,0.0,0.0,0.0,0.0,0.0094654326779983,0.0183121015868391,0.0423594714091125,0.0,0.0,0.0,0.0,0.0,0.0033719375442519,0.0140487244929484,0.0291159725284127,0.0032889816479825,0.0,0.0056392043005781,0.0,0.0064022212076223,0.0,0.0214385519098065,0.0,0.0,0.0,0.0,0.0622982174988511,0.0,0.0095952279755892,0.0116985422644151,0.0170852495843557,0.0626106648839769,0.0298144137280269,0.0329297180982927,0.0134585720294729,0.0,0.0070615418808572,0.0138126292332683,0.0,0.0,0.0,0.0,0.0051987193256358,0.0,0.0,0.0,0.0,0.0,0.0080973210949848,0.0045067392521268,0.0035968020954643,0.0041528689486369,0.38158425868787,0.0068901677995887,0.0104843642916441,0.0202901235634114,0.0181466372451592,0.0040486134497125,0.0,0.0137988567823098,0.0,0.0,0.0,0.0780482502677525,0.0498044725788156,0.0,0.0669523966861287,0.0143591683882001,0.0295989174741032,0.0080879089618756,0.0,0.0037746768626581,0.0044737846833317,0.0135007025084139,0.0037998720918641,0.0063213593699797,0.0045265851769892,0.0,0.0082882260159588,0.0040088502139179,0.0840517572044177,0.0789493501204413,0.0,0.0,0.0146467464029366,0.0619266550536363,0.0623552770973655,0.0522943403935957,0.0147573493429047,0.0613378436333534,0.0099590342820943,0.0095347505745422,0.0694620158579658,0.031139295309053,0.0,0.0036122539693527,0.0279042388366975,0.0803952811962543,0.0061356605111936,0.0150150893596217,0.0464699728394288,0.0176394426040002,0.0,0.00442861376068,0.0,0.0277573969213571,0.0108375237768709,0.0033842671709634,0.0195499958962277,0.053744189740817,0.0,0.0,0.0,0.0174428975219784,0.0050188442251975,0.017440154738735,0.0925225981450319,0.0,0.0865259959657332,0.0756845208302039,0.0,0.0060485139515921,0.162025795765963,0.0061768173023363,0.0081485707387281,0.0202198739374533,0.0,0.0520472865974786,0.016509764500015,0.0053561723702019,0.0392706157993333,0.0085219164084814,0.0,0.0591860079193209,0.0335474873670125,0.0570024911446679,0.057125935237151,0.0,0.0380947786737443,0.0188326758389551,0.0,0.0214516762118002,0.0134458582934045,0.0,0.0057833718032531,0.016010158028526,0.0,0.0504156658197612,0.0122085047412601,0.0,0.0278823537330329,0.0,0.0,0.0,0.0112657991236196,0.0064335769800876,0.0782080074932766,0.0066707823177533,0.0,0.0033736282486411,0.0066877122112444,0.0,0.0,0.0,0.0,0.0,0.0,0.0,0.0,0.0,0.0,0.0312829469569956,0.0960693860694447,0.0236058739879168,0.013464411822243,0.0,0.0,0.0328661039425992,0.0397709905131884,0.0183209548157092,0.0467852173215636,0.031146696914124,0.0,0.0,0.0060277539272807,0.0048968333749628,0.0,0.0,0.0,0.0,0.0,0.0,0.0,0.0398071581474687,0.0,0.0,0.0,0.0256839926834806,0.0056953971551989
PIR,0.213512326267918,0.044927500882374,0.0181179607555935,0.137257433465903,0.0049786630441582,0.0049556305437501,0.148850146756418,0.476201301210344,0.157973923208341,0.0,0.0122745043586009,0.0113432155459352,0.0,0.700801878883092,2.93206524764839,0.0055859230674793,0.013533152518643,0.0058392811002933,0.0102090119772463,0.0230778370815676,0.0034493723481887,0.751262616176652,0.665091601815013,0.0153871369725912,0.392610028985159,0.211711613183453,0.104773113752435,0.118096380446852,0.0086149935157302,0.0220580002649829,1.27383359027101,0.0152607078934936,0.0436340013498204,6.04090211862407,1.54886070926081,0.118177547338375,0.0166307705138019,0.0046398183808814,0.0,0.0132801756475305,0.0686295544225684,0.0154481927329212,0.0061653464926124,2.44335365600342,0.0104335383169199,0.0829896677592337,2.51532199413416,0.866534560366353,1.24121123037805,0.854689004869739,0.0034892293033133,0.0057703283753307,0.0703257591452366,0.85873206382178,0.104055811177665,0.313189329565385,0.0053326812579414,0.0945796535007429,0.16982181827109,0.0080611200392909,0.0062019253551948,0.0087534189635127,0.0824384104157114,0.0222097906750247,0.0064472425344224,0.0044999071901476,0.0101785952680046,0.0036008337503756,0.95737106422631,0.0146416605038791,0.0173581491408036,0.0,0.0197699341240781,0.0301961536863114,0.0142424303024206,0.0053615530631823,0.005150210618946,0.0,0.0057631609678138,0.0,0.0033469836110834,0.507447959565206,0.0075291128976683,0.0170806862256367,0.0055292853882886,0.0051889853830823,0.120052985206636,0.0291977618342272,0.026126453006758,0.0338690954754744,0.0343301574891248,0.0429140466220759,0.600077582882465,0.0130925361035684,0.0482556890951014,0.0,0.0034291776488327,0.0089964195578942,0.0068134098367409,0.0121997226836294,0.0056246864660901,0.34263225633113,0.0045361192909471,0.0032968229955068,6.63048197951586,0.0074680131764792,0.006818024487279,0.0082896753839145,0.0122063315144687,0.32057689788962,0.163714834893505,0.237465644308173,0.360354031553097,0.607538863943427,5.48031138570113,0.0064327138889486,0.133653799140616,0.0,0.013323790085466,0.0171563334373865,0.084292937791023,0.0195567910580311,0.0,0.0,0.0,0.0053097330161988,0.0124303172429089,12.2224241382975,0.066076382536503,0.0355480406574521,0.0376084095703968,0.0101788269134728,0.026146174627053,0.0299456231397645,0.0054569237319319,0.0952694036922966,0.0,0.0,0.0051792085205343,0.0,0.0063028190419392,0.0302136432725657,0.0089488029100867,0.0036313828694418,0.0457335598665985,0.048942486256948,0.0,0.0,0.0066343264555786,0.816864106748692,0.124078253645846,0.0114560601757653,0.0081794575170766,0.0068035222024866,0.0052270115982052,0.0,0.0097366692158835,0.0047697900128762,0.0041966063759038,0.0051488645600623,0.0036998611430979,0.341485351607999,0.0040274132748744,0.119757521053685,0.0098030682833824,0.0097389067068306,0.0,0.0315999619310847,0.0412085217980482,0.0377337002591487,0.0100574422889253,0.0053060548266557,0.0,0.0,0.0282528864532041,0.0042877739040381,0.0041208707763375,0.0090850126015624,0.005220350702616,0.0044748997706337,0.055391612861328,0.0182539314213962,0.0239123540792747,0.0047415574660227,0.0138558135419157,0.0526840770505314,2.49625117879602,0.0,0.0088064914530973,3.02691677112535,0.006862837905197,0.0056889105151422,0.0044071729085812,0.003639328352906,0.0,0.44560320816634,0.0196380980568263,0.007312980010147,0.0124816360354374,0.0071342494142631,0.0118361171217586,0.0076006380278334,0.0185877219217312,0.0092914232440622,0.01020475242333,0.0143401842323959,0.0248082722821805,0.0167492533124525,0.0100247902026524,0.0,0.0387751205305856,0.009186732052155,0.0061867313465394,0.0,0.0,0.0089582355350631,0.0852916579396414,0.0076674664253211,0.0,0.0,0.0,0.0,0.088772947917531,0.406915024693646,0.0,0.0037679216702066,0.0,0.0,0.0045065947520113,0.0,0.0540137062392934,0.0484820181033968,0.004927391756326,0.0317101959162635,0.014984830201627,0.0075250287503842,0.0038655926692435,0.0052202475612348,0.0127696665875796,0.0236036257169196,0.0052757390954035,0.0090584643113616,0.0073337058954398,0.01679327514603,0.0,0.0194604810242443,0.0,0.0,0.0086362267369605,0.0076565066259879,0.0045525761045389,0.0,0.119533791227016,0.0,0.0162929805266382,0.129379890478356,0.0502731964261342,0.0390521584793165,0.0506110636375982,0.0,0.0,0.0265219545013103,0.0050536829178531,0.0054810723980282,0.0122195874007419,0.0,0.0167471813552205,0.0,0.0,0.0,0.0,0.0325605878973532,0.006263962752658,0.0,0.0,0.004563038378823,0.0,0.0586377774443295,0.0097808613703939,0.0073719336879899,0.0,0.0068406691842964,0.0132816183231448,0.0035447528781388,0.0,0.0,0.0,0.0037263853395856,0.0,0.0,0.0056783073252516,0.0,0.0038948420926514,0.0,0.0,0.0,0.0116545198732981,0.0133647295330579,0.0118280044009927,0.0149191066867517,0.0141791874141119,0.0849938021657049,0.0102137363571926,0.0460585293940702,0.0,0.0,0.0050054117683069,0.0,0.0069193429407852,0.0,0.0,0.0,0.0,0.0058395806228909,0.0042192642872134,0.0035270262280451,0.0046367606123495,0.0049090182103276,0.0679269671149103,0.0625947998495814,0.0927209472192727,0.0064852521961591,0.0414640324358957,0.0156396885164025,0.0,0.0187015179179575,0.0,0.0043697664456098,0.0060926577139665,0.0164334740790208,0.0097619237090107,0.0,0.0,0.0,0.0,0.0033895084170502,0.173652585929893,0.0329112795218771,0.0114601885426316,0.0260098784246939,0.004768114697176,0.0117089215497328,0.0102908571222452,0.0,0.0139072006717103,0.0,0.0,0.0038058862619775,0.0,0.0033904240707167,0.0056069062112109,0.0036180898934518,0.0,0.0172919227600091,0.0166653370168934,0.0,0.0,0.0,0.660048003737939,0.0590546104571062,0.0034668026367677,0.0,0.0,0.0,0.0,0.004208095408343,0.0,0.0,0.0,0.0,0.0052834335558307,0.0,0.0592355627760743,0.0039700371154803,0.004344863527475,0.0,0.0104700057097011,0.0082359505073495,0.026622069511043,0.0057556416138208,0.0,0.0,0.0,0.0453532916756017,0.0,0.0034915813090199,0.0201961033003015,0.0,0.0055714399321426,0.0172553602417079,0.014677743449084,0.0072279433567804,0.0,0.009000962253738,0.0113613459973506,0.0208834515427075,0.0,0.0044214232305571,0.266883214950734,0.0,0.0,0.0,0.0,0.0,0.0652523787218495,0.0048415330175617,0.0,0.0,0.0,0.0,0.0,0.0075298167666543,0.0,0.0048734406377695,0.0086724074676339,0.0058283191474802,0.0039536749252955,0.0037083171070612
PL,0.0137966607140577,1.00316655659393,1.17888336221089,0.0056294418865685,0.174142777556346,0.0063993016559975,0.241313839003852,0.0776376931217824,0.261623376660359,0.0,1.16325785354455,0.961254154249852,0.0,0.0218349220910158,0.11643288025803,0.0,0.0,0.0110171753108461,0.014275996881257,0.017129290890455,0.303415781675919,0.579642333948547,0.385402865034943,0.0164981643485187,0.0512424370200196,0.0190596409543186,0.017473973941199,0.0,0.0,0.110479420133975,0.220723216008698,0.0033023748370049,0.632688597578819,0.0162806010595787,0.0189031420196091,0.0127149840959033,0.0098937509205428,0.0,0.0,0.0,0.0150760050388853,0.0,0.0,0.522962644745396,0.0,0.0242270954022199,0.194958497459653,0.115020967021462,0.49592392600543,0.554050260900231,0.0,0.0,0.48028600170522,0.0063941636275338,0.219922530296494,0.197727093828302,0.0,0.0782012059404672,0.0,0.0,0.0,0.0,2.10459093808766,0.489192172481139,0.0,0.0,0.003485068147116,0.0,0.801552813371002,0.0,0.0261247332488737,0.0,0.0,0.212821957232717,0.0058029259386701,0.0112063911830282,0.0167413426711849,0.0,0.0089130711176492,0.0,0.0,0.0480009475247079,0.0,0.53230889618792,0.0,0.0,0.0039273712108377,0.0,0.0,0.0,0.265852238809708,0.0,0.0235734911723985,0.0393566002929464,0.328442524230891,0.0081074649699974,0.0108279160156281,0.0,0.0,0.0050710781129546,0.0,0.0091897149852004,0.0045564900335683,0.0,0.0133953398161566,0.0,0.0,0.0,0.0,0.482839878452336,1.94453773373982,1.04035041516153,0.0087171113415539,0.277557005813838,0.0162489818924801,0.0,0.0176657580698204,0.0,0.0,0.0035334920744289,0.0245390954614916,0.0141986373232162,0.0,0.0,0.0,0.0,0.0064155227728742,0.0242791848002074,2.10928972877729,0.0,0.0147896152393762,0.0037382430345515,0.0530499222779138,0.0,0.0,0.0174837689395249,0.0,0.0,0.0,0.0,0.0,0.744766184996987,0.0953587812709917,0.0,0.411278908624416,0.0,0.0062610863938674,0.0,0.0047379090315885,0.394213582187981,0.515137865730319,0.0,0.0,0.0892166106866657,0.0413830333694259,0.0518916317141355,0.0881290634480282,0.0046046349219049,0.0,0.0,0.0042294226839118,0.0489463788751539,0.0,0.28374179307427,0.0,0.0,0.0,0.116804609277452,0.0652239665831779,0.0,0.0,0.0,0.0,0.0,0.0409941471374639,0.0373335455862491,0.0066545552546306,0.0149193148233309,0.0623406519738154,0.0173147221400047,0.0387258465223161,0.0074562316800132,0.0,0.0,0.0,0.0236568320527759,0.0075885682579966,0.0,0.0040187015082906,0.225695659813566,0.0,0.0,0.251549609442473,0.0,0.0,0.0967135954621903,0.0273955457842973,0.225920679206723,0.0295019254420807,0.0058028713447226,0.026976751400312,0.108855017977814,0.294407127381384,0.0,0.0413896808744109,0.0149028015260378,0.0906529560874489,0.0055786538575342,0.0,0.0,0.298339968895107,0.289578965148686,0.0,0.0,0.0,0.0960705428651881,0.0097245455524303,0.104141520751757,0.0,0.0121517004561199,0.0094943753948324,0.0,0.0,0.0059433023874501,0.0,0.0,0.0,0.0,0.0,0.0,0.0446480085261216,0.0303200970609137,0.0,0.0053922784999754,0.0,0.0,0.0,0.0,0.0,0.0215566903493269,0.0,0.0333278035073765,0.0,0.0,0.0,0.0149832948714215,0.0,0.0,0.0,0.0,0.0,0.0,0.0138246145725935,0.0,0.0,0.0245101846126937,0.0104019016185248,0.0400423919358273,0.042745172480493,0.0,0.0,0.168304927618446,0.0,0.0040523613300101,0.0132324948278254,0.0,0.0087290727455206,0.0,0.0,0.0,0.0,0.295678912669588,0.0170444791893055,0.0,0.0,0.0,0.0,0.0618824537554548,0.0,0.0,0.0,0.0,0.0053939024122462,0.0,0.0,0.0,0.0,0.0,0.0,0.0,0.0048837505465171,0.0,0.0083843989458621,0.0,0.0,0.0,0.0,0.0,0.0,0.006306343900177,0.0,0.0,0.0092553569665207,0.0968515443634866,0.0,0.0,0.0,0.0,0.0035753037942093,0.0,0.0,0.0,0.0,0.0,0.0,0.0,0.0,0.0,0.14139323004501,0.744745151322698,0.280743158272974,0.0,0.0212474694795582,0.0,0.0,0.0033204907705879,0.0,0.0,0.0,0.0,0.0,0.0,0.0,0.0,0.0,0.0,0.0,0.597014388806516,0.0,0.0,0.0,0.0052345217187352,0.0,0.0,0.0,0.0,0.0,0.0,0.0,0.0,0.009640287062761,0.0047043999792342,0.0,0.0088131026983137,0.0,0.0,0.0,0.0,0.231337311172969,0.0468981409825391,0.0,0.0,0.0034080946177234,0.0,0.0,0.0,0.0,0.0,0.0,0.0,0.0046352682287013,0.0,0.0267287847372689,0.0,0.0,0.0,0.0136300990869546,0.010795244826325,0.0,0.0,0.0,0.0,0.0,0.0,0.0,0.0,0.0,0.0,0.0,0.0,0.006024598787149,0.0,0.0,0.0,0.0,0.0,0.0,0.0,0.0091319443933464,0.0,0.0,0.0,0.0,0.0,0.0087701940308966,0.0,0.0092874680372149,0.0,0.0,0.0,0.0038339534529702,0.0,0.0,0.0,0.0,0.0037314301597181,0.0,0.0
PMd,0.0364379393058676,0.008485475231643,0.0239705167850911,0.0,0.0,0.0382017175910055,0.0,0.0,0.0,0.0,0.0,0.0,0.0,0.0,0.0036679187743918,0.0,0.0775693146714004,0.0,0.0,0.0,0.0,0.0064018534187043,0.0070517142377405,0.0122117965268391,0.014960425977966,0.0,0.0,0.0051496250965132,0.0,0.0,0.0,0.0064364571832911,0.0,0.0,0.0,0.0,0.0249837644906818,0.0,0.0,0.0,0.0081257685348513,0.109769882655714,0.0,0.0127248722617716,0.025029327730079,0.0,0.0049969223567072,0.0123331729154878,0.0,0.0056296457037518,0.0,0.0,0.0,0.0,0.0,0.0,0.0,0.0,0.0095504568713613,0.0,0.0,0.0,0.0755956935652538,0.0,0.0,0.0,0.0,0.0,0.0038773241930485,0.0,0.0,0.0,0.0,0.0073717369451706,0.0535289362683878,0.0,0.0245624708093884,0.0,0.006132779676226,0.0041354644875583,0.0035777089950305,0.0,0.0,0.0,0.0,0.0,0.0140449628860333,0.0,0.0033202891480988,0.0,0.0080470586924545,0.223464330857588,0.0,0.0,0.0,0.0238177497424235,0.0219509096187003,0.0,0.0041694020462722,0.038962359500281,0.0,0.0050540257599612,0.102252751072112,0.0,0.0,0.0,0.0,0.0052623901913611,0.0,0.0,0.0088499376751899,0.0,0.0079169029698776,0.0096553194656897,0.0,0.003752036834479,0.0091123672275631,0.0,0.0,0.0708009528762909,0.0,0.0,0.0,0.0,0.0,0.0,0.101913230190681,0.0,0.0147894395293736,0.197160335621026,0.0,0.0,0.070420749646532,0.0,0.0060235067519191,0.0125174866789137,0.0,0.0087416378442845,0.0041353283723153,0.0,0.0,0.0043629603396459,0.0,0.0375385117793626,0.0048499732185451,0.228877345466804,0.021553393005369,0.0,0.0378387663398487,0.0041588759545165,0.0,0.0,0.0,0.0,0.0,0.0044747552384501,0.0,0.033000287792231,0.0,0.0,0.006112946688394,0.0,0.0,0.0,0.0,0.0,0.0,0.0,0.0,0.0,0.0,0.0,0.0,0.0,0.0,0.0,0.0,0.0,0.0,0.0,0.0,0.0080683155143591,0.156672578132322,0.0,0.0,0.0,0.0,0.0,0.0306840574820032,0.0070802225869868,0.0602084789685639,0.0,0.0,0.0,0.0,0.0,0.0,0.0,0.0,0.0,0.0,0.0,0.0,0.0624861952901298,0.0,0.0,0.0,0.0,0.0,0.0066057094192329,0.0047708290639674,0.016123143221597,0.0,0.0,0.0151329979671964,0.0,0.0,0.0,0.0,0.0,0.0,0.0,0.0,0.0,0.0,0.0145754804018732,0.0,0.0,0.0,0.0,0.0,0.0,0.0043193250014377,0.0066165058786168,0.0,0.0,0.0,0.0,0.0,0.0,0.0,0.0,0.0,0.0,0.0,0.0099550082749353,0.0,0.0,0.0,0.0035636848448251,0.0188911405498497,0.0,0.0103339949229657,0.0,0.0,0.0,0.0053682603610869,0.0,0.0,0.0,0.0,0.0,0.0,0.0,0.0,0.0,0.0,0.0,0.0,0.0,0.0,0.0559917801812383,0.0,0.0,0.0,0.0,0.0,0.0,0.0,0.0,0.0,0.0,0.0084365003671329,0.0161585019827595,0.0,0.0091318284211654,0.0,0.0,0.0,0.0,0.0,0.0,0.0,0.0,0.0,0.0,0.0,0.0,0.0,0.0092169545005514,0.0230169218965184,0.0,0.0,0.0,0.0092230114161443,0.0081762083795937,0.0,0.0,0.0311553469877206,0.0,0.0034055114994855,0.0325020301291247,0.0,0.0,0.0,0.0,0.003485023956245,0.0,0.0,0.0058080694686884,0.0,0.0,0.0,0.0,0.0,0.0035157030057648,0.0,0.0,0.0237618625407366,0.0,0.0,0.0,0.0,0.0,0.0,0.0164012484692642,0.0,0.0097825165484,0.0210866220177912,0.0,0.0,0.0276222936274111,0.0,0.0,0.0054532671985327,0.0,0.0041199115691002,0.0,0.0,0.0,0.0,0.0,0.0155923145626853,0.0040407162316974,0.0209106134651078,0.0082122905583674,0.0,0.0130388399082082,0.0,0.0,0.0,0.0,0.0,0.0,0.0,0.0,0.0120055589651934,0.0,0.0,0.0,0.0,0.0,0.0,0.0,0.0,0.0,0.0,0.0,0.0,0.0,0.0,0.0,0.0,0.0,0.0,0.0,0.0,0.0,0.0,0.0,0.0,0.0210031730460988,0.0,0.0,0.0,0.0,0.0,0.0215113883341381,0.0049029051111256,0.0198804008910972,0.0,0.0,0.0,0.0,0.0,0.0,0.0,0.0,0.0,0.0,0.0,0.0,0.0157828055806291,0.0,0.0,0.0,0.0,0.0
PO,0.0,0.104129744195157,0.0328368192543627,0.0,0.0,0.0,0.0907966598631162,0.175610010292619,0.0747914711152183,0.0,0.0,0.0427788656845556,0.0,0.0,0.0,0.266464414960867,0.0,0.042158793650388,0.0163392583412046,0.0282212866840313,0.0263245042827115,0.0,0.0,0.0048682833920969,0.0,0.0,0.0,0.0,0.0,0.488290972112336,0.0053689738969581,0.0036377138842158,0.0058964833839504,0.0,0.0,0.0076877619775813,0.0,0.0,0.0141906168217466,0.0145790015736861,0.0,0.0,0.0,0.0,0.0,0.0671009514483668,0.0042714454324972,0.0045604734190848,0.0,0.0,0.0,0.0,0.100920809384585,0.0,0.0630929655158216,0.026087529229098,0.0,0.155193148995964,0.0,0.0113857595203029,0.0084450998904654,0.0223104612288433,0.012186291534569,0.0131886161002258,0.0,0.0,0.0,0.0,0.0,0.0177702290405575,0.0371117952079072,0.0187583668336829,0.0240856120728094,0.0436975361290627,0.0592390387203046,0.220361759790338,0.0055676225546392,0.0,0.0,0.0,0.0,0.0,0.0,0.057114238729423,0.0,0.0,0.0,0.0498440617521468,0.141461179303525,0.0221316988600462,0.0,0.0,0.0,0.487233029978065,0.252902787707276,0.0,0.0,0.0137662544329836,0.0589029385100849,0.0,0.0079680301101434,0.0,0.0,0.0039571718721398,0.0,0.0,0.0981579433952257,0.0403078544058579,0.0,0.101901119188611,0.0160505213183977,0.0695691773685592,0.0,0.0,0.0,0.0139890613051011,0.0,0.0,0.0111987432474035,0.0,0.0683600681464326,0.405191668391983,0.0,0.0,0.0,0.0,0.0038761003316395,0.0,0.0253513222374751,0.0,1.10186879639805,0.190450518943119,0.0,0.0292917732587435,0.0222627961287049,0.0,0.0,0.0,0.0,0.0,0.0050430653993503,0.0,0.212006531672479,0.0,0.0046878843442135,0.0,0.0,0.0,0.0,0.0036648935620127,0.007586502888445,0.0331300820830928,0.0342788979645497,0.109866381094346,0.076782690575566,0.0715281546916031,0.39470823371916,0.0,0.0593243917557859,0.0261851266930852,0.0,0.0,0.0,0.0114731978633886,0.0458655232307426,0.050164670999722,0.0,0.0618399398216379,0.023489555820275,0.392671502446012,0.0086293926589246,0.0,0.0,0.0,0.443452023276841,0.251661518306945,0.597002420537309,0.705998325550621,0.342976917884123,0.502163312657145,0.402852221867615,0.126978542400635,0.0,0.0074720853070317,0.0170007906927391,0.0464093370150769,0.0,0.0,0.0,0.0,0.0,0.006170717661317,0.422327839645231,0.003818946420225,0.0,0.285552004522048,0.122217065440358,0.247184659903971,0.03570313491107,0.0188830026047417,0.0076041036056017,0.0784594508238129,0.0932364856639811,0.0,0.398550576722614,0.332477267197998,0.166586328933453,0.0177515644023808,0.0,0.0,0.0,0.0,0.0,0.0,0.0,0.0301389545922532,0.0106170217690679,0.0255737763910475,0.0081994347669466,0.0,0.0,0.0,0.0,0.0,0.0043954280638238,0.0,0.0,0.0,0.0,0.0,0.0,0.0,0.0,0.0,0.0,0.0,0.0,0.0039336884956088,0.0,0.0,0.0,0.0,0.0,0.0,0.0,0.0,0.0040850847629303,0.0,0.0465267133424799,0.0,0.0,0.105421951927898,0.0,0.0,0.0,0.0,0.0,0.0,0.0,0.0,0.0193543443603532,0.016224527188757,0.0,0.0,0.0,0.0041126187037938,0.0161679939537867,0.0,0.0,0.0,0.0,0.0,0.0,0.003477332287233,0.083582928608579,0.0,0.0076375437224485,0.0,0.0058386671504866,0.0,0.0,0.0,0.0,0.0,0.0,0.0,0.0058016669136882,0.0,0.0,0.0,0.0,0.0047059181588348,0.0,0.0240009765812178,0.0067838320046931,0.0,0.0,0.0,0.0,0.0,0.0,0.0,0.0301539545048582,0.0203012977933542,0.0,0.0,0.0038421081226203,0.0,0.0,0.0046883419941449,0.0,0.0,0.0341984808183544,0.0,0.0164215158197219,0.0047841151205353,0.0044837754707947,0.0406390244320039,0.0274732728949507,0.0,0.0142126928977294,0.0,0.0,0.0,0.0,0.0,0.0207683140210796,0.0264271829111113,0.0,0.0,0.0,0.0,0.0,0.0,0.0067256855769079,0.0,0.0,0.0,0.0,0.0,0.0,0.0,0.0,0.0,0.0,0.0088882476831184,0.0,0.0,0.0,0.0708200650347295,0.0,0.0,0.0,0.0,0.0,0.0,0.0,0.0,0.0,0.0,0.0,0.0042897351519401,0.0,0.0,0.0,0.0073601295299747,0.0,0.0,0.0,0.0,0.0,0.0,0.0,0.0059561113448742,0.0066934678985375,0.0,0.0045050611107976,0.0034931614962501,0.0,0.0195818045780548,0.0527484088878675,0.0874346994535589,0.0408692536557233,0.0,0.0,0.0113376326037052,0.0,0.0,0.0,0.004797294840015,0.0057485245050001,0.0,0.0463925448157587,0.0,0.0,0.0,0.0,0.0,0.0,0.0,0.0657687183731184,0.0038370624982159,0.0233748979552076,0.0,0.0137537777572236,0.0,0.0,0.0,0.0,0.0,0.0,0.0,0.0,0.0,0.0,0.0,0.0,0.0201477110079872
POL,0.0,0.0242729236546569,0.0195937442678848,0.0,0.0,0.0048590310920193,0.0,0.0085239669103038,0.0,0.0,0.0,0.0,0.0,0.0,0.0,0.029397914748034,0.0084421724837933,0.118141700845419,0.101961682265296,0.0982861909910339,0.0,0.0,0.0,0.0,0.0,0.0,0.0,0.0,0.0,0.0,0.0,0.0,0.0,0.0,0.0,0.0,0.0,0.0,0.0421527969106634,0.0,0.0,0.0050548799994526,0.0,0.0,0.0,0.032039102061726,0.0,0.0,0.0,0.0,0.0,0.0,0.004157760103816,0.0,0.0034705281874881,0.0,0.0,0.0,0.0,0.0805930568912503,0.0843492976365732,0.110490116773859,0.0098713187332453,0.0,0.0,0.0,0.0,0.0,0.0,0.0,0.0,0.008998539353738,0.0141154117492815,0.0,0.0,0.0254412145873658,0.0,0.0,0.0,0.0,0.0,0.0,0.0,0.0,0.0,0.0,0.0,0.0610099244139406,0.123971829433736,0.0702471709760559,0.0,0.0,0.0,0.008104886058227,0.012563845418428,0.0,0.0,0.0211672992676064,0.0238160397963628,0.0,0.0,0.0,0.0,0.0196605084256097,0.0,0.0,0.0299672912754898,0.0160349823150157,0.0,0.0,0.0,0.0,0.0,0.0,0.0,0.0211401040435347,0.0,0.0,0.0085760778026181,0.0,0.0317469308848416,0.0053873714586244,0.0,0.0,0.0,0.0,0.0,0.0,0.0068337044209195,0.0,0.0044754423847355,0.134193797334785,0.0,0.0964545485060243,0.0255058621538302,0.0,0.0,0.0,0.0040591440110178,0.0,0.0161825541634718,0.0,0.0593045420705551,0.003471634019094,0.0,0.0,0.0,0.0,0.0089780300143253,0.0,0.0,0.0123250666317843,0.020387007180166,0.0540274772611779,0.0357391062449951,0.0263678957659315,0.0033818013180004,0.005360776638201,0.0615878973540692,0.0668792854761275,0.0,0.0,0.0,0.0,0.0229211950561283,0.0244383568920355,0.0,0.0,0.0,0.0447823383903998,0.0,0.0,0.0,0.0,0.0419705939655201,0.0226077798611055,0.0098133992435724,0.0201404765014707,0.051731416331847,0.0174017822912349,0.031454020239407,0.012348163601387,0.0,0.0119262164899503,0.0,0.0552715708046996,0.0,0.0,0.0,0.0,0.0060645241831833,0.0122760489097276,0.0034176067550964,0.0,0.0,0.0131270623385458,0.142168263009623,0.0891482101095427,0.0431588264913364,0.017130108432165,0.0217481212178867,0.0584960666923363,0.0,0.0093035640706479,0.0,0.0,0.0,0.0103368551113391,0.0,0.0,0.0,0.0,0.0,0.0,0.0,0.0,0.0,0.0,0.0067972893286566,0.0,0.0,0.0,0.0,0.0,0.0,0.0,0.0,0.0,0.0,0.0,0.0,0.0,0.0,0.0,0.0,0.0,0.0,0.0,0.0,0.0,0.0,0.0,0.0,0.0,0.0,0.0,0.0,0.0046994109219593,0.0080608739180656,0.0,0.0,0.0293313697858666,0.0,0.0,0.0,0.0,0.0,0.0,0.0,0.0,0.0,0.0,0.0,0.0,0.0,0.0036811357337977,0.0,0.0,0.0,0.0,0.003544318027045,0.0,0.0,0.0046079672251821,0.0223394893086982,0.0,0.0,0.0,0.0,0.0,0.0,0.0,0.0,0.0,0.0,0.0,0.0058666769718666,0.0,0.0,0.0,0.0,0.0052024191681396,0.0,0.0071917448238815,0.0041842633569893,0.0,0.0,0.0,0.0,0.0,0.0,0.0,0.0,0.0,0.0,0.0,0.0033584599719709,0.0,0.0,0.0,0.0,0.0,0.0062460809771101,0.0,0.0,0.0033549785348261,0.0,0.0220646365705783,0.0,0.0,0.0,0.0,0.0,0.0,0.0036854711289936,0.0,0.0037744930839098,0.0,0.0,0.0,0.0,0.0,0.0,0.0038710517574232,0.0081106101677583,0.0,0.0,0.0,0.0,0.0,0.0,0.0,0.0,0.0,0.0,0.0,0.0,0.0,0.0053163217099161,0.0072812529715355,0.0,0.0,0.0,0.0,0.0,0.0,0.0,0.0,0.0,0.0,0.0,0.0,0.0,0.0,0.0,0.0,0.0,0.0045024215395233,0.003807424319147,0.0,0.0,0.0,0.0,0.0,0.0,0.0,0.0,0.0,0.0,0.0047920457996987,0.0113516890568983,0.0173722822975649,0.0050134933716736,0.0,0.0,0.0,0.0,0.0,0.0,0.0,0.0,0.0,0.0042636759054522,0.0,0.0,0.0,0.0,0.0,0.0,0.0,0.0056389035328125,0.0,0.0,0.0,0.0,0.0,0.0,0.0,0.0,0.0,0.0,0.0,0.0,0.0,0.0,0.0,0.0,0.017968932907087
POST,0.0,0.0691003666198077,0.0368447350181706,0.0,1.12726759545432,0.0,0.0,0.0,0.0,0.0,0.106950106368097,0.105275989588586,0.0,0.0,0.0,0.0,0.0,0.0225153350931895,0.0183175468825723,0.0096224178544699,0.857418354757275,0.0153355175862804,0.0099615394559795,0.0,0.223216634274295,0.0407810545693508,0.0297693627697061,0.0,0.0,0.286087782798578,0.0067760362640475,0.0,0.0052888486148684,0.0,0.0,0.0,0.0033195058890189,0.0,0.0,0.0,0.130664437003188,0.0,0.0,0.0,0.0,0.0109514131886261,0.158747669574192,0.274052577791773,0.0138358844196238,0.0147518410426255,0.0,0.0,0.0,0.0,0.0,0.0,0.0,0.0,0.0,0.0,0.0,0.0,0.0047617890148215,0.0,0.0,0.0,0.0,0.0,0.0217158382102216,0.0,1.51077711970793,0.0259168121078643,0.0106540465182036,0.0094232522560109,0.0,0.11998462607585,0.0058418054202876,0.0,0.016781351720663,0.0,0.0,0.0,0.0,0.0486476174473249,0.0,0.0,0.0,0.0,0.0,0.0,0.0,0.004459711730581,0.0,0.0,0.0230392455302518,0.0,0.0037953687391349,0.0,0.0,0.0727564751569851,0.0,0.0080166056644933,0.0,0.0,0.0,0.0,0.0,0.0,0.0,0.0,0.0050208665398149,0.0055423234008165,0.0,0.0068345044347385,0.0,0.0,0.296218206380687,0.0,0.0,0.0,0.0111011321637898,0.0039312972006752,0.0,0.0,0.0,0.0,0.0,0.0,0.0036824917477603,0.0035591109182121,0.0809560486323401,0.0,0.853424152723237,0.0,0.0,0.30936805785082,0.0,0.0,0.0,0.0,0.0,0.0352227210300212,0.144539462441541,0.0,0.010466818695669,0.0039221615681605,0.0,0.0,0.0,0.150979931940945,0.0173786342317631,0.0,0.0,0.145591093040191,0.288913940663908,0.613959553213369,0.196804171117334,0.0,0.0,0.0,0.0154686736357317,0.0,0.0,0.014036081205353,0.0,0.0,0.0,0.0,0.0,0.0,0.0,0.0,0.0,0.0,0.0089456397861575,0.0,0.0,0.0,0.0254998698473809,0.0,0.0,0.003355710800314,0.0,0.0,0.0,0.0285411673021318,0.005409155760191,0.0,0.0377485730429575,0.0,0.0,0.0,0.133649686565064,0.0,0.0,0.0,0.116163401056384,0.30167917476921,0.100611929222514,0.0552851760626319,0.112994205778141,0.187827648721707,0.0034455925825338,0.0,0.143519773998814,0.0084860873880779,0.0,0.0,0.0,0.0,0.0098860205824138,0.0049063139957961,0.0,0.0,0.0,0.0,0.0,0.0,0.004250073529553,0.0,0.0,0.0,0.0083093885355438,0.0,0.0039042675362652,0.003581881230134,0.0032937119243796,0.0039961695800144,0.0,0.0,0.0,0.0,0.003710844750687,0.0070237992248764,0.0051205737961996,0.0033636944164393,0.0047105031034099,0.0,0.0074691227725005,0.0041361528159164,0.0035058037696175,0.0036168614357036,0.0,0.0,0.0,0.0,0.0,0.0,0.0110976308481662,0.0041798872581858,0.005217339537722,0.0099769088553008,0.0,0.0,0.0,0.0033155023847228,0.0053208044554737,0.0033756678736079,0.0,0.0,0.0,0.0036066486873813,0.004517073107384,0.0,0.0,0.0041520716755582,0.0,0.0,0.0060031399486779,0.0058652631225649,0.0073118340017315,0.0043482227646065,0.0,0.0077323770741716,0.0071598764917337,0.0,0.0,0.0,0.0090163961757431,0.0061105086464117,0.0,0.0040976384152923,0.0,0.0,0.0,0.0,0.0,0.0087845439860103,0.0,0.0,0.0,0.0071795774098061,0.0038331279845714,0.0,0.0042475589908083,0.0,0.0054807272574936,0.0046387728820046,0.0048281527001071,0.0,0.0158627251954577,0.0043134977201647,0.0,0.0055578024794877,0.0,0.0,0.0,0.0036398633804802,0.0621013043387101,0.0,0.0075362316956423,0.0,0.0,0.0,0.0041663618942695,0.0,0.0036053770139271,0.0053135561651741,0.0,0.0,0.0,0.0,0.0,0.0,0.0,0.0124167702553578,0.0,0.0,0.0034817421354966,0.0,0.0095038923461671,0.0,0.0,0.0,0.0072728402733413,0.0051180913334168,0.0,0.0,0.0126925940651565,0.0108437985596874,0.0,0.0097330013040702,0.0041783939625162,0.0043203102949445,0.0095279553089054,0.0050818374974509,0.0,0.0,0.0,0.0,0.0,0.0170498470130234,0.0,0.0,0.0165085205575688,0.0,0.0,0.0,0.0812960326057022,0.0099345037475093,0.0,0.0,0.018365219803466,0.0700062433832613,0.123398713707709,0.004084183681858,0.0,0.0035463879555821,0.003413557924509,0.0079086872552162,0.0,0.0,0.0107909272095483,0.0,0.0,0.0,0.0042920505136578,0.004062196858547,0.0094747794323428,0.0061564649663827,0.0046170169226222,0.0066655523330866,0.0,0.0,0.0,0.0,0.0,0.0049560427960159,0.0,0.0,0.011802138092542,0.0095205213345394,0.0,0.0078595902624377,0.0036370858248943,0.0,0.0,0.0333020621670453,0.0,0.0,0.0,0.0,0.0035085871579885,0.0,0.0,0.0109850088765246,0.0280017576470573,0.0108463376067747,0.012378968920149,0.0156322031357232,0.0228965097850892,0.0059560007142155,0.0,0.0044912357489302,0.0051792843038795,0.0055383513720605,0.0,0.0036123427695068
PP,0.0,0.0,0.0,0.0,0.0,0.0,0.0,0.0,0.0,0.0,0.0,0.0,0.0,0.0,0.0,0.0,0.0,0.0520932277719613,0.041480124470047,0.0381262610835885,0.0,0.0,0.0,0.0,0.0,0.0,0.0042234309621353,0.0103572213458728,0.0,0.0,0.0,0.0,0.0,0.0,0.0,0.0,0.0,0.0,0.0079781491530981,0.0,0.0047821864832679,0.0,0.0,0.0,0.0,0.0131680064337965,0.0,0.0,0.0,0.0,0.0,0.0,0.0,0.0,0.0047142818268138,0.0,0.0,0.0,0.0,0.00866053521305,0.0126433916913186,0.0120187756500834,0.0045383717674109,0.0,0.0,0.0,0.0,0.0,0.0,0.0,0.0,0.0,0.0232105377708878,0.0,0.0,0.0,0.0,0.0,0.0,0.0,0.0,0.0,0.0,0.0,0.0,0.0,0.0,0.039560666913619,0.0488401105595876,0.0571950792506498,0.0,0.0,0.0,0.0,0.0,0.0,0.0,0.0,0.0034619427022274,0.0,0.0,0.0,0.0,0.0,0.0,0.0,0.0040382669965178,0.0,0.0,0.0,0.0,0.0,0.0,0.0,0.0,0.0047934677869955,0.0,0.0,0.0,0.0,0.0130982337384781,0.0,0.0,0.0,0.0,0.0,0.0,0.0,0.0,0.0,0.0,0.034085057622816,0.0,0.0600571006047115,0.0044768513688925,0.0,0.0,0.0,0.0,0.0,0.0,0.0,0.0117628334877207,0.0,0.0,0.0,0.0,0.0,0.0,0.0,0.0,0.0,0.0,0.0067034800103858,0.0033480181621165,0.0060845752831984,0.0,0.0,0.0133677921131905,0.0204301963718713,0.0,0.0,0.0,0.0,0.0045132074987659,0.0049856734897784,0.0,0.0,0.0,0.013552467504707,0.0,0.0,0.0,0.0,0.0087762808195645,0.0,0.0,0.0,0.0053800194080097,0.0,0.0113196915448288,0.0,0.0,0.0,0.0,0.0198469193615372,0.0,0.0,0.0,0.0,0.0,0.0,0.0,0.0,0.0,0.0038246509319938,0.0459014192053796,0.0129257396376623,0.0205222866962472,0.004614629787923,0.0129043982661712,0.0113259628015497,0.0,0.0,0.0,0.0,0.0,0.0,0.0,0.0,0.0,0.0,0.0,0.0,0.0,0.0,0.0,0.0,0.0,0.0,0.0,0.0,0.0,0.0,0.0,0.0,0.0,0.0,0.0,0.0,0.0,0.0,0.0,0.0,0.0,0.0,0.0,0.0,0.0,0.0,0.0,0.0,0.0,0.0,0.0,0.0,0.0,0.0036029240367899,0.0,0.0,0.0,0.0,0.0,0.0,0.0,0.0,0.0,0.0,0.0,0.0,0.0,0.0,0.0,0.0,0.0,0.0,0.0,0.0,0.0,0.0,0.0,0.0,0.0,0.0,0.0,0.0,0.0,0.0,0.0,0.0,0.0,0.0,0.0,0.0,0.0,0.0,0.0,0.0,0.0,0.0,0.0,0.0,0.0,0.0,0.0,0.0,0.0,0.0,0.0,0.0,0.0,0.0,0.0,0.0,0.0,0.0,0.0,0.0,0.0,0.0,0.0,0.0,0.0,0.0,0.0,0.0,0.0,0.0,0.0,0.0,0.0,0.0,0.0,0.0,0.0,0.0,0.0,0.0,0.0,0.0,0.0,0.0,0.0,0.0,0.0,0.0,0.0,0.0,0.0,0.0,0.0,0.0,0.0,0.0,0.0,0.0,0.0,0.0,0.0,0.0,0.0,0.0,0.0,0.0,0.0,0.0,0.0,0.0,0.0,0.0,0.0,0.0,0.0,0.0,0.0,0.0,0.0,0.0,0.004398799137696,0.0,0.0,0.0,0.0,0.0,0.0,0.0,0.0,0.0,0.0,0.0,0.0,0.0,0.0,0.0,0.0,0.0,0.0,0.0,0.0,0.0,0.0,0.0,0.0,0.0,0.0,0.0,0.0,0.0,0.0,0.0,0.0,0.0,0.0,0.0,0.0,0.0,0.0,0.0,0.0,0.0,0.0,0.0,0.0,0.0,0.0,0.0,0.0,0.0
PPN,0.0131142425569857,0.075720797946487,0.0543072905751529,0.003348461249672,0.0,0.0171907552021049,0.0188747544954259,0.0200907179245551,0.0165552633966129,0.0438490698430824,0.0,0.0,0.0065926107969304,0.0,0.0,0.0813319593011512,0.0,0.0402810621485874,0.0225077245970847,0.017576744253511,0.0,0.0,0.0037595839733805,0.0249061789794452,0.0,0.0,0.0,0.0463584276714587,0.0251454911583971,0.0,0.0,0.0485533067041006,0.0,0.0,0.0,0.0080834525005289,0.061926986133047,0.024780483118601,0.242470879397525,0.0449613430337675,0.0,0.0071844309673882,0.125187165423102,0.0,0.0836783564422057,0.0046410977660995,0.0,0.0,0.0,0.0,0.0063622870719329,0.0182032421719514,0.0200556659569433,0.0138620244503572,0.0210923358106075,0.0238573420928038,0.0551599357994372,0.0089364495033332,0.0299900998826054,0.147373804335255,0.16255402087667,0.146986080698584,0.0583414177373796,0.0,0.0617005523396693,0.207427139630413,0.0086671264581937,0.0364033220366023,0.0,0.0462993560882126,0.0,0.0,0.0091859591857669,0.0,0.0224279231993166,0.0,0.0267426299672791,0.0382179605902312,0.0,0.0,0.0,0.0085391110325894,0.0730471309962342,0.0,0.0130941934314207,0.0233670451365095,0.010032067183139,0.0088400604500033,0.118081435707103,0.0593212785920993,0.0,0.0,0.0,0.0280650919764652,0.0476960654918737,0.0205073468972651,0.0226083975820943,0.025953347077233,0.153547508556955,0.0,0.0409966105483022,0.0,0.0815281578921904,0.19534354805208,0.0,0.0300807044919482,0.057298808565128,0.0305232278064871,0.0198647936203304,0.0503832324551202,0.0383385201354361,0.0570565612581656,0.0041581887217255,0.0,0.0,0.18799256204619,0.0,0.0390750927357187,0.229031072789232,0.0839431554612703,0.0047265892725605,0.0,0.0039175857992895,0.0394213454663058,0.0240459866475131,0.0612370150045536,0.0084719226684892,0.0,0.0798437350217491,0.0046472664742218,0.0,0.0848513102537976,0.0,0.0898173552049513,0.188657393649907,0.0,0.0199691670177471,0.130327046183843,0.108571324293283,0.0190740752646727,0.167249790467733,0.0,0.0221700254148821,0.0146487377922616,0.0,0.0,0.0169012326790505,0.0,0.0110662761870823,0.0,0.0,0.0968383253063747,0.169454127100808,0.015922313252132,0.005386845764818,0.0,0.0,0.0146064041251261,0.163423061048774,0.0949230393573649,0.0,0.0089494924315393,0.0143856033905214,0.0143676199178945,0.202596301525449,0.229210062712509,0.125274499120544,0.0,0.0,0.0454808965910726,0.0222773511606792,0.0082248288990302,0.0163739728380444,0.0446447886100826,0.0253807265610565,0.0302438725642143,0.0060505651847865,0.0063861326848667,0.0473012716794289,0.0167027579141842,0.0256486161658665,0.0644351149854873,0.0039252063201975,0.154205458629088,0.0513399318322761,0.0077802588516945,0.0,0.0570309765775525,0.0104903348184942,0.0,0.0051522102829909,0.144035133417383,0.0085399711071535,0.0637822727277875,0.0445856456420462,0.0290769280272486,0.0515356755415551,0.026163811833829,0.0045611992191744,0.0,0.0,0.0045145066199224,0.0307557111930777,0.0048705044082937,0.0,0.0,0.0077727130579972,0.0683814559323785,0.0085309447525587,0.0,0.0098362209444758,0.0070048088218107,0.0,0.0,0.0,0.006413325822197,0.0,0.0034747573830966,0.0427754727087245,0.0,0.0,0.0,0.0,0.0,0.0117672869316823,0.0,0.0,0.0,0.0,0.0,0.0,0.0,0.0,0.0,0.0,0.0,0.0,0.0,0.0,0.0,0.0259310652590648,0.0,0.0,0.0,0.0,0.0423186333031696,0.0,0.0750002889511337,0.0236006939612828,0.0,0.0,0.0342741632295847,0.0,0.0186014591543055,0.0,0.0,0.0,0.0,0.0,0.0,0.0091862967057648,0.0140249573376203,0.0,0.0,0.0,0.0333182368700737,0.0,0.0,0.0232604165453947,0.0188332081731749,0.0232110443150637,0.0216620690669782,0.0,0.0395977205436907,0.0266052653725444,0.0069545497941264,0.0215566752730593,0.0,0.0054922707648745,0.0,0.0,0.0,0.0,0.0,0.0,0.0,0.0407205910480491,0.0,0.0,0.0,0.0,0.043385609252427,0.0,0.0250094137779798,0.0231597252147738,0.0,0.0,0.0,0.0,0.0,0.0,0.0,0.0042910561110921,0.0102070581319856,0.0,0.0,0.0,0.0307112157442738,0.0,0.0137235821314925,0.0,0.029025712200823,0.0583972775136822,0.0,0.0083404120325777,0.0132471672224126,0.0073936465080179,0.0346271886455707,0.0416141632738721,0.0258518930696856,0.0521833356788842,0.0,0.0,0.0,0.0336802863067285,0.0,0.0231146978690648,0.0284637787429835,0.018639416435361,0.0,0.0,0.0,0.0185699919093093,0.027651365688402,0.0494344387434798,0.0,0.0,0.0183351185976335,0.0,0.0,0.0,0.0,0.0,0.0398904080245715,0.0,0.0,0.0497079654524115,0.0350777193184867,0.0333919479711512,0.0632707267655472,0.0,0.0,0.0,0.0,0.0,0.0,0.0,0.0,0.0,0.0,0.0263172282227845,0.0224653919312373,0.0,0.0,0.0,0.0,0.0,0.025895439175941,0.0097683155836478,0.0,0.0,0.0,0.0,0.0206606654467154,0.0204701669659831,0.0440472223065129,0.0,0.0,0.0,0.0117620755534928,0.0321565435839617,0.0514081586892055,0.0235680267738026,0.0,0.0,0.0,0.0,0.0043709877354086,0.0,0.0,0.0,0.0,0.0470510065936588,0.0063287271659415,0.0,0.0,0.0286969779230891,0.0,0.0,0.0,0.0544923429344024,0.0,0.0156547495758263,0.0203922245759968,0.0,0.0,0.0,0.0,0.0,0.0,0.0,0.0,0.0,0.0,0.0,0.0,0.0179423257865482,0.0220577467042107
PRE,0.0,0.0069868688929257,0.0062364549173148,0.0,0.86159429628391,0.0,0.0,0.0,0.0,0.0,0.0522589662184086,0.0509876386248194,0.0,0.0,0.0,0.0,0.0,0.0,0.0,0.0,0.487217402096405,0.0117795786825334,0.0090443707912573,0.0,0.234943737338546,0.0759871213752993,0.0911073719598242,0.0,0.0,0.0843840846187022,0.0,0.0,0.0,0.0046592905997938,0.0050627990806117,0.0,0.0,0.0,0.0,0.0,0.231982175823666,0.0,0.0,0.0,0.0,0.0,0.209895048586776,0.601648447044455,0.0077989464009365,0.0109507418907027,0.0,0.0,0.0,0.0,0.0,0.0,0.0,0.0,0.0,0.0,0.0,0.0,0.0,0.0,0.0,0.0,0.0,0.0,0.0136277714202239,0.0,0.913444936885773,0.0203817474590099,0.008423196078384,0.0,0.0,0.0226987057220269,0.0056853111815213,0.0,0.0061522325340357,0.0,0.0,0.0,0.0,0.0133733417215121,0.0,0.0,0.0,0.0,0.0,0.0,0.0,0.0,0.0,0.0,0.0,0.0,0.0,0.0,0.0,0.144323731600459,0.0,0.0155047247922241,0.0,0.0,0.0041627118561252,0.0,0.0,0.0,0.0,0.0,0.0,0.0,0.0,0.0095121054997191,0.0053322191166891,0.0,1.14982163343268,0.0,0.0,0.0,0.0,0.0,0.0,0.0,0.0,0.0,0.0,0.0048166994982676,0.0,0.0,0.027236167068469,0.0,0.475481473961692,0.0,0.0,1.04578055227759,0.0,0.0,0.0,0.0,0.0,0.0267136970705976,0.0164618092665509,0.0,0.0079712022967092,0.0,0.0,0.0,0.0,0.081783611406957,0.0096060796007601,0.0,0.0,0.0556091739995011,0.0430243827153578,0.215309841881353,0.13605658887495,0.0,0.0,0.0,0.0056592133869799,0.0,0.0,0.0067121353500466,0.0,0.0,0.0,0.0,0.0,0.0,0.0,0.0,0.0,0.0,0.0,0.0,0.0,0.0,0.0,0.0,0.0,0.0,0.0,0.0,0.0,0.007213383493865,0.0053124127842201,0.0,0.0733355495902968,0.0,0.0,0.0,0.0306100640789981,0.0,0.0,0.0,0.0165082835418079,0.0509739494285354,0.0274530805054907,0.0265805696716237,0.0509821224484537,0.0582773473800522,0.0,0.0,0.109904265839546,0.0,0.0,0.0,0.0,0.0,0.0,0.0,0.0,0.0,0.0,0.0,0.0,0.0,0.0,0.0,0.0,0.0,0.0,0.0,0.0,0.0,0.0,0.0,0.0,0.0,0.0,0.0,0.0,0.0049420141982774,0.0036863955988001,0.0053340747443715,0.0,0.0,0.0,0.0,0.0,0.0,0.0,0.0,0.0,0.0,0.0,0.0,0.0,0.0167801153550566,0.0,0.0,0.0,0.0,0.0,0.0063715031591843,0.0264496466748834,0.0,0.0,0.0,0.0,0.0,0.0,0.0,0.0,0.0,0.0,0.0,0.0,0.0,0.0,0.0,0.0,0.0,0.0,0.0,0.0,0.0,0.0,0.0047174501934958,0.0,0.0,0.0,0.0,0.0,0.0,0.0,0.003630074119639,0.0,0.0,0.0,0.0,0.0,0.0,0.0,0.0,0.0,0.0,0.0,0.0,0.0048014331858194,0.0,0.0,0.0,0.0,0.0,0.0,0.0,0.127725580237413,0.0,0.0137394740334125,0.0,0.0,0.0,0.0,0.0,0.0,0.0,0.0,0.0,0.0,0.0,0.0,0.0,0.0,0.0847183212689209,0.0,0.0,0.0,0.0,0.0,0.0,0.0,0.0,0.0,0.0,0.0,0.0,0.0038512425789045,0.0,0.0,0.0071631597802573,0.0,0.0,0.0856696299446244,0.0,0.0,0.0,0.0,0.0,0.0,0.0,0.0,0.0,0.0050165683190757,0.0,0.0,0.0,0.0651794446461071,0.0057832926328797,0.0,0.0,0.0,0.0,0.0156014778377512,0.0,0.0,0.0,0.0,0.0,0.0,0.0,0.0060869966728197,0.0,0.0,0.0,0.0,0.0,0.0048668575345164,0.0,0.0,0.0,0.0,0.0,0.0,0.0,0.0,0.0,0.0,0.0,0.0,0.0,0.0,0.0,0.0,0.0,0.0,0.0647258035369173,0.0,0.0,0.0,0.0,0.0,0.0,0.0,0.0,0.0050733491367208,0.0,0.0,0.0,0.0042063268048571,0.0,0.0,0.0,0.0,0.0,0.0,0.0
PRM,0.0,0.0,0.0,0.0,0.0,0.0,0.0,0.0,0.0,0.0301391787322784,0.0,0.0,0.0633160382528554,0.0,0.0,0.0,0.0,0.0,0.0,0.0,0.0,0.0,0.0,0.0,0.0,0.0,0.0,0.0038769869164652,0.0224885853190144,0.0,0.0,0.0039024690128076,0.0,0.0,0.0,0.0,0.0375524661890163,0.0483301674431932,0.0,0.134006677603021,0.0,0.0,0.137847060100044,0.0,0.0054124467901529,0.0,0.0,0.0047423401912662,0.0,0.0,0.105736580361735,0.0585185580246355,0.0,0.0039151157845908,0.0049798553926829,0.0,0.0084965991771319,0.0040307038177118,0.0,0.0,0.0,0.0,0.0,0.0,0.0082385062726698,0.12642093938269,0.0,0.0236305115617903,0.0,0.0177523429190762,0.0,0.0,0.0,0.0,0.0,0.0,0.0,0.0231613732784368,0.0,0.0,0.0,0.0,0.006889794954143,0.0,0.0177686888870465,0.0076705831931614,0.0,0.0,0.0,0.0,0.0,0.0,0.0,0.0,0.0,0.0,0.0,0.0038849656055035,0.0,0.0,0.0087229874566678,0.0,0.0,0.11490917677169,0.0,0.0415111853887181,0.0,0.0,0.0591956263768459,0.0,0.0,0.0,0.0,0.0,0.0,0.0,0.009543496381926,0.0743960594866937,0.106311399519979,0.0,0.0,0.0040622962883457,0.0966479537244421,0.403955459320407,0.0094317499980879,0.014169602323689,0.0,0.0,0.0,0.0,0.0,0.0,0.0090903934965821,0.0,0.0,0.0075723164106491,0.962831386243863,0.0434441740589363,0.0632105402339821,0.0073454037445535,0.231412984710699,0.0,0.0033782777847836,0.0,0.0,0.0,0.0,0.0058270343153253,0.0,0.0,0.0,0.0,0.0,0.0035655909900027,0.0049336900505742,0.0,0.0,0.0,0.0,0.0,0.0,0.0,0.0589336203924551,0.0,0.0,0.0,0.157592711645847,0.0,0.0,0.0,0.0528128773222861,0.0462698052618064,0.218922593348753,0.15231905778044,0.0,0.0,0.0,0.0,0.0,0.0,0.0,0.0,0.0,0.172255904880566,0.0046102900201329,0.0,0.0,0.345038223130976,0.0,0.0,0.0,0.239867702663126,0.0,0.0697195669961636,0.0054038068317487,0.0,0.0081708124560511,0.0,0.0033866095593401,0.0,0.0,0.0,0.0,0.0,0.0,0.0,0.0042598798611806,0.0048600041400087,0.0077170337914471,0.0,0.0,0.0,0.0,0.0,0.0,0.0,0.0,0.0,0.0136440313073464,0.0,0.0,0.0,0.0,0.0,0.0,0.0,0.0,0.0,0.0,0.0,0.0,0.0,0.0,0.0,0.0,0.0,0.0,0.0105529364502359,0.0,0.0,0.0,0.0,0.0,0.0,0.0,0.116670021246828,0.0079531020593514,0.0,0.0182159395572311,0.0,0.0,0.0,0.0,0.0,0.0,0.0,0.0,0.0,0.0,0.0,0.0528115200679057,0.0,0.0,0.0,0.0,0.0048479664973004,0.0,0.0,0.0,0.0046091664260868,0.0,0.0,0.0,0.0116940333319786,0.0033396221246979,0.0,0.0079357981753101,0.0,0.004381114053945,0.004042482063865,0.0,0.0,0.0,0.0,0.0,0.0,0.0097274430924895,0.0,0.0,0.0,0.0,0.0052155673678262,0.0,0.0041942504353558,0.0059830088363991,0.0,0.0,0.0,0.0,0.0,0.0,0.0,0.0,0.0,0.0,0.0,0.0,0.0,0.0,0.0,0.0,0.0,0.166709578155164,0.0,0.0174553127322583,0.0,0.0,0.0109205828554008,0.0,0.0,0.0,0.0,0.0,0.0,0.0,0.0075900158755413,0.0192431779740474,0.0265308667255873,0.0,0.0,0.0,0.0,1.18889775448724,0.0055182704921358,0.0082851437387189,0.0,0.0,0.0,0.0,0.0,0.0,0.006769050870327,0.0,0.0,0.0061216880307159,0.0069906251008533,0.132839245897356,0.176920347680691,0.0060896659582339,0.0530680900762674,0.0,0.0,0.0,0.0,0.0,0.0,0.0170038738249283,0.0,0.0,0.0,0.0,0.0,0.0,0.0,0.0,0.0,0.0,0.0,0.0,0.0,0.0,0.0034048096125534,0.0,0.0,0.0,0.459851272656977,0.0,0.0,0.0,0.0087297314967896,0.0047170161407347,0.0282851923448452,0.0341233246379615,0.0,0.0,0.0,0.0,0.0,0.0,0.0,0.0,0.0,0.0424852911057617,0.0,0.0,0.0,1.04080586214933,0.0,0.0,0.0,0.0575386648070484,0.0,0.0148782378441775,0.0,0.0,0.0054030302638131,0.0,0.0,0.0,0.0,0.0,0.0,0.0,0.0,0.0,0.0,0.0,0.0
PRNc,0.0112050418448795,0.06487914128631,0.0238141165498212,0.0,0.0,0.0122567125267855,0.0097965294438482,0.0075697739953791,0.0,0.214262296105182,0.0,0.0033910938057154,0.0,0.0,0.0,0.147443617268941,0.0,0.0281404997222297,0.0145064632081414,0.0106343682366846,0.0,0.0,0.0,0.0167921436778218,0.0,0.0,0.0,0.0170138664744812,0.0108555974578462,0.0,0.0,0.154725234195432,0.0,0.0,0.0,0.0,0.254262662945718,0.0120923614077875,0.265911189440225,0.248268959723248,0.0,0.0041944823929094,0.0123014202437014,0.0,0.161356716502785,0.0,0.0,0.0,0.0,0.0,0.0,0.0884050942271898,0.0087662812823673,0.0038839083309729,0.0193823398256541,0.0110029399561392,0.343763519742565,0.0070011010150358,0.0221303799105502,0.164644700389234,0.204067447116219,0.137634771150091,0.0090732489628068,0.0,0.351928091324853,0.0133144067989022,0.028849846453186,0.20717787503606,0.0,0.277887942038998,0.0,0.0,0.0,0.0,0.0237250079539756,0.0,0.0209960321554641,0.169213868423614,0.0,0.0,0.0,0.0043749738315989,0.45021198924241,0.0,0.0651502929601841,0.113317599572918,0.0077025947358297,0.0,0.0401346744834513,0.0193503973708211,0.0,0.0,0.0,0.0459700739296488,0.0704940427941947,0.0163246224630462,0.0181379180932999,0.0232250640791095,0.247475620827267,0.0,0.18214509416041,0.0,0.191034917545457,0.236553599395417,0.0,0.144588950407446,0.0619123400490091,0.0613878105095248,0.0869425392122246,0.0273963289055725,0.0056856189502958,0.0148552209877864,0.0,0.0,0.0,0.285228980356749,0.0,0.180944575096407,0.183092946682189,0.141324838537163,0.0,0.0,0.0,0.260511309107393,0.175308106666823,0.318802543246838,0.0110538544984827,0.0,0.0307015269276067,0.0,0.0,0.0313582809798172,0.0,0.0299905258920934,0.238685842710765,0.0,0.0,0.880943856561063,0.545736895611304,0.166546857422613,0.376381440232254,0.0,0.0165035558122253,0.0100372564241172,0.0,0.0,0.0138223501972515,0.0,0.0074953102065363,0.0,0.0,0.227583562018779,0.213444796793062,0.0111107494121265,0.0078418667320684,0.0092002847328828,0.0055678638798391,0.0107117222455254,0.178209130847683,0.0782693336435801,0.0,0.0058521964677941,0.0,0.0501820485136437,0.139728481931952,0.124716923125976,0.817626761103349,0.0,0.0039826252250014,0.0156308077947511,0.140173710974812,0.0455209344730681,0.0618823031342905,0.190364002477402,0.0458089443871761,0.0492989020641214,0.0077986679409643,0.0102773501682019,0.0486933191765884,0.0230269896887592,0.0240682412952739,0.168056506232952,0.0043651531671818,0.26882955758259,0.268163235124225,0.0,0.0,0.355501272118775,0.0040139887461729,0.0,0.0,0.372166038440658,0.0276524043364288,0.260488255835541,0.330819773518804,0.0086174618627135,0.0270574403616539,0.0148123809960961,0.0,0.0,0.0,0.0,0.107138588089975,0.0,0.0,0.0,0.0271383949085784,0.131649631314179,0.0514562929761985,0.0,0.054428500450243,0.0158740286549268,0.0,0.0,0.0,0.0236011014310954,0.0191398332399674,0.0065950605638524,0.1872215065288,0.0,0.0,0.0,0.0,0.0,0.0474045121868114,0.0,0.0098794334456904,0.0,0.0,0.0,0.0,0.0,0.0,0.0,0.0,0.0,0.0,0.0406393126686422,0.0,0.0,0.064492570529475,0.0,0.0,0.0,0.0,0.160920166598145,0.0439915984902544,0.143475538052193,0.233370416397694,0.0,0.0,0.21056606580853,0.0,0.0540033141331881,0.0,0.0,0.0,0.0,0.0,0.0,0.296929472488483,0.0183043243022409,0.0,0.0,0.0,0.20979896334771,0.028253456387701,0.0,0.0497982594076157,0.0467589115161342,0.0425314781168411,0.0114197691040977,0.0,0.224590632834508,0.200330026828,0.0107860978696268,0.152778401054844,0.0,0.185101164649943,0.0,0.0,0.0,0.0,0.0,0.0,0.0,0.147895351671217,0.0,0.0,0.0,0.0041724434249071,0.262672165304841,0.0,0.147891479485327,0.127609523831302,0.0,0.0,0.0,0.0,0.0,0.0,0.0,0.118312765511404,0.095849055157588,0.0,0.0,0.0060244278470584,0.0840718398905642,0.0,0.14904795502155,0.0,0.119949275953384,0.138796549132859,0.0,0.400846989049616,0.0472926517193398,0.0166597649020736,0.179938904044455,0.0500875703073594,0.0087710902564426,0.0287630094822636,0.0,0.0,0.0,0.0912888808746347,0.0,0.178156761424803,0.11888208527177,0.0689193170449421,0.0,0.0,0.0,0.100380390909676,0.167579188825765,0.218166397382866,0.0,0.0,0.0297328085243339,0.0,0.0,0.0,0.0,0.0,0.0890956572152011,0.0,0.0220556775921766,0.442800425425805,0.304587280182046,0.189663278786361,0.286103181441097,0.0,0.0096405671323676,0.0,0.0,0.0,0.0,0.0039108459151523,0.0,0.0,0.0,0.0668512337546186,0.0492604910410577,0.0034360469996526,0.0036499473561767,0.0049998838757676,0.0,0.0,0.0792856388401006,0.0305667493370744,0.0,0.0040306833751193,0.0050019192316776,0.0,0.0236185325183396,0.0196190902342516,0.437007322921812,0.0,0.0,0.0,0.141680067577499,0.104975483839729,0.194122021698575,0.23368370684628,0.0822054391124575,0.024721964982875,0.0937407424353946,0.070708299991217,0.0254128827308841,0.0396204097934921,0.0828942467415305,0.009740256966647,0.0,0.181694337352652,0.166591233251477,0.0,0.0,0.178118745210595,0.0,0.0,0.0,0.2653656477081,0.0,0.235865426177995,0.192520062037989,0.0230105236098974,0.0125512071299275,0.0049137383087488,0.0,0.0,0.0,0.0,0.0036088392875028,0.0,0.0,0.0,0.0,0.0328330493230232,0.121828105618982
PRNr,0.00666298901198,0.395449974362528,0.273755637772119,0.0,0.0,0.0231048373759731,0.0207747301404497,0.0154176189879471,0.0117836568827772,0.106412307590353,0.0,0.0050384481406555,0.0,0.0,0.0,0.411013419925507,0.0039705895529468,0.0601584380218819,0.0287574544702087,0.0164422957804593,0.0,0.0,0.0,0.0237620473994914,0.0,0.0,0.0,0.0100188986881508,0.0037496186696314,0.0066783981497911,0.0,0.184987117913596,0.0,0.0,0.0,0.0,0.513239726037353,0.0042018908584658,0.378444603881098,0.107342371910078,0.0,0.0122677086090326,0.0292882794412839,0.0,0.231105147782747,0.0,0.0,0.0,0.0,0.0,0.0,0.0086348785291522,0.0364220752936228,0.0,0.0115530946112036,0.0065916302382768,0.154339142922396,0.0095773003187199,0.0132049508202367,0.261670883355464,0.358680314301221,0.211897449270344,0.0783265744168305,0.0,0.164237146879988,0.0320204559628245,0.147008857317871,0.0735155971573433,0.0,0.127625359671886,0.0,0.0,0.004836505198639,0.0148043759767998,0.0440945642612582,0.030508346821958,0.0382811343700717,0.0948180273031314,0.0,0.0,0.0,0.0079630959819217,0.206216740997257,0.0034917612295998,0.0273561298520589,0.058379794451134,0.00493524383815,0.0,0.0693894812825792,0.0336935923634089,0.0153871088034024,0.0051413680516959,0.0,0.0988179707135353,0.21740045536471,0.0276131025594866,0.0311279836915014,0.0665651348406528,0.352291079997439,0.0,0.101504030747217,0.0071867811877219,0.512845104179923,0.478397921590576,0.0,0.0220705828769249,0.157483512290488,0.180109085738721,0.038564694153991,0.071853925161942,0.0421503902647809,0.0674749989759358,0.0,0.0,0.0,0.45406633909482,0.0,0.0621421459219762,0.212315467092772,0.38107586218933,0.0,0.0274266908453297,0.0,0.293782483571328,0.105057214938089,0.154090339379698,0.0320231473854041,0.0,0.15234426988961,0.0080459839579861,0.023543466927501,0.101516699547141,0.0,0.0519951336868481,0.315709817493312,0.0,0.0,0.7012681420859,0.945808896287306,0.120128357889123,0.572987017108195,0.0,0.0997104545956112,0.0201228370309404,0.0056621479592189,0.0044799239007765,0.0226859862486714,0.0,0.0145365141209102,0.0,0.0,0.314733890240998,0.291851967959643,0.112403021585972,0.113977405796253,0.128187844006977,0.004560251503766,0.0189595815380254,0.327112378650264,0.203963244829314,0.0,0.0073056843294411,0.0,0.100953302124739,0.185633298301286,0.146500109850478,0.583332590018662,0.0,0.0116776769411736,0.0271889700745186,0.0622121855189969,0.0149855543512496,0.0212740270061223,0.0621541275115727,0.110227277655599,0.164871545222675,0.012749720664657,0.0217219127398923,0.238497270943647,0.0716626111200185,0.0475191349875828,0.324551510656285,0.0117147572480836,0.518209634509538,0.133054404546981,0.0075188092926603,0.0,0.366827255670099,0.0076144151703394,0.0,0.0076626107975009,0.620400216786018,0.0492555460091207,0.0937963790009538,0.0995762608925488,0.019138206211556,0.100436043967215,0.138327734835731,0.0066460181986364,0.0,0.0,0.0252528392838512,0.213927235705302,0.0058068769916589,0.0,0.0,0.0589915537935367,0.225362455341674,0.0270419789047561,0.0,0.0632975968829,0.0512646892864812,0.0,0.0,0.0,0.0050782958354166,0.0,0.0,0.117699700719571,0.0,0.0,0.006570569781467,0.0,0.0,0.037945756957323,0.0,0.0,0.0,0.0,0.0,0.0,0.0,0.0,0.0,0.0,0.0,0.0,0.0388629227397988,0.0,0.0,0.0973360644471132,0.0,0.0,0.0,0.0,0.271003127755804,0.036760758661642,0.208834925262874,0.0681115760663767,0.0,0.0,0.450316202575455,0.0,0.0577932724612278,0.0,0.0,0.0,0.0,0.0,0.0,0.0793459832394676,0.0089257125536873,0.0,0.0,0.0,0.114768279097133,0.0,0.0,0.0630574178708275,0.0544186172771192,0.0498375204930582,0.0199328254473996,0.0,0.137563291364386,0.462906817476379,0.029938444255671,0.0615784497998613,0.0,0.0369184506342435,0.0,0.0,0.0,0.013624656760613,0.0,0.0,0.0,0.100623283494238,0.0,0.0,0.0,0.0038159180615485,0.155962394551494,0.0,0.0633212343405645,0.0660186252513324,0.0,0.0,0.0,0.0,0.014143707023265,0.0,0.0,0.0101623378333163,0.0333415115100459,0.0,0.0,0.0066497676728057,0.0922420524839183,0.0,0.058155948714186,0.0,0.175332043158329,0.272335054111956,0.0,0.146208174433713,0.0466170821305269,0.0149662747599949,0.0839904753067988,0.0279846265599356,0.0085130077906478,0.0204644618532538,0.0,0.0,0.0,0.111097804783645,0.0,0.0716006432721595,0.110308553132308,0.109173032280646,0.0,0.0,0.0074323064234586,0.103898083699344,0.0789751506743409,0.143304219231517,0.0,0.0,0.0243754852950228,0.0,0.0047059554507856,0.0,0.0,0.0,0.0972164706997806,0.0,0.0470035012995148,0.38101393806018,0.334263593589561,0.0964239548285318,0.375000747332835,0.0,0.006306611924496,0.0,0.003893163981987,0.0,0.0,0.0,0.0,0.0,0.0,0.0979313662838198,0.0597459924820741,0.0042365543792387,0.0,0.0,0.0,0.0,0.0881553184925691,0.0449646626785093,0.0,0.0034712427557044,0.0136611665539674,0.0,0.0328295936509277,0.0173510677119498,0.345104016529085,0.0,0.0,0.0,0.0388713968077311,0.0577109549350018,0.103294625050841,0.0951435969006915,0.0071949263013923,0.0094140367259175,0.0,0.0,0.0117177443371149,0.0,0.0037678623312006,0.0173269425811801,0.0,0.247089519788345,0.0447065347504937,0.0,0.0,0.169304120397196,0.0,0.0,0.0,0.337339385846908,0.0052234162617784,0.0725365930095138,0.0634839511488882,0.0,0.0041135396556752,0.0082224436925724,0.0,0.0,0.0,0.0,0.0043671450788319,0.0,0.0,0.0069703978272862,0.0067662850478148,0.0723228001302361,0.0592124043191675
PRP,0.0,0.0,0.0,0.0,0.0,0.0,0.0,0.0,0.0,0.0114960147787961,0.0,0.0,0.0,0.0,0.0,0.0,0.0,0.0,0.0,0.0,0.0,0.0,0.0,0.0,0.0,0.0,0.0,0.0,0.0,0.0,0.0,0.0,0.0,0.0,0.0,0.0,0.0092928323325018,0.0038593917005633,0.0,0.0668601222332571,0.0,0.0,0.0,0.0,0.0,0.0,0.0,0.0,0.0,0.0,0.0,0.0288273672427324,0.0,0.0,0.0,0.0,0.0385360756962939,0.0,0.0,0.0,0.0,0.0,0.0,0.0,0.0129864467829262,0.0,0.0,0.018321734013099,0.0,0.0978141510180192,0.0,0.0,0.0,0.0,0.0,0.0,0.0,0.0086855446325004,0.0,0.0,0.0,0.0,0.02478834354718,0.0,0.0062951657564446,0.0060603148235409,0.0,0.0,0.0,0.0,0.0,0.0,0.0,0.0,0.0,0.0,0.0,0.0,0.0,0.0,0.144516503886673,0.0,0.0106264029554525,0.0040602180410576,0.0,0.0326912434733346,0.0,0.0,0.0618021688072291,0.0,0.0,0.0,0.0,0.0,0.0,0.0,0.0,0.0135177683494593,0.0130047149952453,0.0072841054436901,0.0,0.0,0.0,0.0,0.250049118316611,0.0144045326689858,0.0,0.0,0.0,0.0,0.0,0.0,0.0,0.0,0.0,0.0,0.0,0.0255481671412357,0.013394604703989,0.337688684394479,0.0296850475349959,0.0,0.0,0.0,0.0,0.0,0.0,0.0,0.0,0.0,0.0,0.0,0.0,0.0,0.0,0.0,0.0,0.0,0.0,0.0,0.0,0.0,0.0,0.0,0.0,0.0,0.0154234892349284,0.0,0.0,0.0,0.0790468599572293,0.0069073720783901,0.0063444516637155,0.0128621201034797,0.0042032572160237,0.0048124979607913,0.0,0.0,0.004271611479919,0.0,0.0,0.0,0.0,0.0108680660963454,0.0997858835332076,0.0,0.0,0.0,0.0,0.0,0.0,0.0230082515163455,0.0,0.0201501637534276,0.0079492195270436,0.0,0.0038956130100405,0.0,0.0,0.0,0.0,0.0,0.0,0.0,0.0,0.0,0.0,0.0,0.0513170415195402,0.0,0.0,0.0,0.0,0.0,0.0,0.0,0.0,0.0,0.0063946840547058,0.0,0.0,0.0,0.0,0.0,0.0,0.0,0.0,0.0,0.0,0.0,0.0,0.0,0.0,0.0,0.0,0.0,0.0,0.0054501975908218,0.0,0.0,0.0,0.0,0.0,0.0,0.0,0.0,0.0063165171185816,0.0,0.0934335947674372,0.0,0.0,0.0,0.0,0.0,0.0,0.0,0.0,0.0,0.0,0.0,0.0423510260347882,0.0,0.0,0.0,0.0,0.0332727801585817,0.0,0.0,0.0,0.0,0.0,0.0,0.0,0.0147367387625707,0.0,0.0,0.0114383908741519,0.0,0.115034850027091,0.0,0.0,0.0,0.0,0.0,0.0,0.0,0.0065505835882484,0.0,0.0,0.0,0.0,0.0223763047050785,0.0,0.0,0.0057744858400753,0.0,0.0,0.0,0.0,0.0,0.0,0.0,0.0,0.0,0.0,0.0,0.0,0.0,0.0,0.0894705574705058,0.0,0.0033592767561084,0.0,0.0,0.0775051161725953,0.0,0.0,0.0517489899539305,0.0,0.0,0.0,0.0,0.0,0.0,0.0,0.0,0.0058993991837788,0.0051193219710915,0.0,0.0,0.0,0.0,0.0,0.220768696010512,0.0088780375280905,0.0,0.0,0.0,0.0,0.0,0.0,0.0,0.0,0.0,0.0,0.0,0.0094781665926646,0.0,0.314777462090806,0.0118047027055023,0.0,0.0,0.0,0.0,0.0,0.0,0.0,0.0,0.0,0.0,0.0,0.0,0.0,0.0,0.0,0.0,0.0,0.0,0.0,0.0,0.0,0.0,0.0,0.0,0.0,0.0065923354582979,0.0,0.0,0.0,0.0641793331700303,0.0,0.0,0.0053714091882199,0.0,0.0034372777068682,0.0,0.0,0.0033982879154103,0.0,0.0,0.0,0.0,0.0041803229945741,0.108649045883129,0.0,0.0,0.0,0.0,0.0,0.0,0.0089696146787551,0.0,0.0106292237858148,0.00431176849656,0.0,0.0,0.0,0.0,0.0,0.0,0.0,0.0,0.0,0.0,0.0,0.0,0.0,0.0501891266633633
PSV,0.0,0.0,0.0,0.0,0.0,0.0,0.0,0.0,0.0,0.0463061950921924,0.0,0.0,0.0,0.0,0.0,0.0,0.0,0.0,0.0,0.0,0.0,0.0,0.0,0.0,0.0,0.0,0.0,0.0,0.0120051487855357,0.0,0.0,0.0,0.0,0.0,0.0,0.0,0.0,0.0110040910686993,0.0,0.192531448118747,0.0,0.0,0.021052947556166,0.0,0.0,0.0,0.0,0.0,0.0,0.0,0.0,0.009323757715398,0.0,0.0,0.0,0.0,0.0168292599979177,0.0,0.0,0.0,0.0,0.0,0.0,0.0,0.015556282173605,0.0748395145975619,0.0,0.0711233173747449,0.0,0.0541885057223065,0.0,0.0,0.0,0.0,0.0,0.0,0.0,0.07912053808039,0.0,0.0,0.0,0.0,0.0111044696532654,0.0,0.389172208013466,0.088842561592931,0.0,0.0,0.0,0.0,0.0,0.0,0.0,0.0051768709451851,0.0037176725042275,0.0,0.0,0.0,0.0,0.0,0.0343604213842557,0.0,0.0,0.355094622697311,0.0,0.0127559979202019,0.0,0.0,0.212444145071105,0.0,0.0,0.0,0.0,0.0,0.0,0.0,0.0,0.139527779504378,0.196381127344283,0.0,0.0,0.0,0.0,0.0236218727531679,0.0169921322501803,0.0253726005396421,0.0,0.0,0.0,0.0,0.0,0.0,0.0,0.0,0.0,0.0,0.0069334862119009,0.0058278363781494,0.0396689667136172,0.0125869914167357,0.690248131202184,0.0,0.0,0.0,0.0,0.0,0.0,0.0,0.0,0.0,0.0,0.0,0.0,0.0,0.0,0.0,0.0,0.0,0.0,0.0,0.0,0.0,0.0052686193158244,0.0,0.0047400178929543,0.0056678158365704,0.0331385656042801,0.0,0.0,0.0,0.124725196906679,0.69724141548158,0.393061503559754,0.225210827578749,0.0110472450907346,0.0,0.0073313533316268,0.0,0.0036614191377189,0.0,0.0042349232773071,0.0,0.0,0.366561091163119,0.0282384199053292,0.0,0.0,0.0191293310634621,0.0,0.0,0.0,0.575711287437483,0.0,0.15806112568541,0.0252188279803849,0.0,0.0,0.0,0.0,0.0,0.0,0.0,0.0,0.0,0.0,0.0,0.0,0.0,0.043915501333526,0.0,0.0,0.0,0.0,0.0,0.0,0.0,0.0051952944962137,0.0,0.0137444743424018,0.0,0.0,0.0,0.0,0.0,0.0,0.0,0.0,0.0,0.0,0.0,0.0,0.0,0.0,0.0,0.0,0.0,0.0,0.0,0.0,0.0,0.0086583426236365,0.0,0.0,0.0,0.0,0.0073780779229582,0.0,0.0,0.0326240376499792,0.0,0.0,0.0,0.0,0.0,0.0,0.0,0.0,0.0,0.0,0.0,0.0182853523245501,0.0,0.0,0.0,0.0,0.0141043608732192,0.0144662855308858,0.0,0.0,0.0,0.0,0.0,0.0,0.008151867513099,0.0,0.0035514071856329,0.0222361070805659,0.0,0.0121688658100993,0.0,0.0,0.0,0.0,0.0,0.0,0.0,0.007832413446914,0.0,0.0,0.0,0.0,0.0122133080187632,0.0,0.0319410783323539,0.0205065380861999,0.0,0.0,0.0,0.0,0.0,0.0,0.0,0.0526482802211339,0.0172518116319375,0.0,0.0,0.0,0.0070876692271646,0.0,0.0230944029774685,0.0,0.0,0.0284270003223934,0.0,0.0058899929634266,0.0,0.0,0.0366224428939222,0.0,0.0,0.0,0.0,0.0,0.0,0.0,0.0,0.0367195797783895,0.0231243857592893,0.0,0.0,0.0,0.0,0.0709935683751874,0.0191090225214167,0.0106389557837531,0.0,0.0,0.0,0.0,0.003323266942762,0.0,0.0,0.0,0.0,0.0,0.0,0.0105891030839464,0.0145891422494309,0.0139877560170977,0.0573090172164653,0.0,0.0069557555839268,0.0,0.0,0.0,0.0,0.0,0.0,0.0,0.0,0.0181560056780338,0.0098132010363603,0.0,0.0,0.0,0.0,0.0,0.0,0.0,0.0,0.0,0.0,0.0,0.0075854704639804,0.0034952667815316,0.0304834557611686,0.0,0.0,0.0,0.0203698528304905,0.015874678372853,0.0384237956506663,0.0647374322003875,0.0868271067603908,0.0034076637836278,0.0924789096353009,0.0801315854087524,0.016855316362004,0.0284612526743931,0.0396834223679728,0.0,0.0,0.0281039313817408,0.0072001190948668,0.0,0.0,0.0612060335720858,0.0,0.0,0.0,0.047186580325282,0.0,0.0398581166301401,0.0068914353461399,0.0057204501279561,0.0036013677391638,0.0,0.0,0.0,0.0,0.0,0.0,0.0,0.0035016977680687,0.0064755525248684,0.0042962027663823,0.0165744654337309,0.0257702276628535
PT,0.0100005183356497,0.0190743980973326,0.0674944522032174,0.0143835262707434,0.0086661003428108,0.0353485276419217,0.0,0.0,0.0,0.0,0.26546919823345,0.261933690223913,0.0,0.0,0.0038101493367974,0.0069314471324149,0.0201025344561138,0.0,0.0,0.0,0.0137276900803806,0.0103598877290977,0.0104544212370244,0.0491343951893683,0.031699842138375,0.0073724760418676,0.0079846432902549,0.0056965231272469,0.0,0.0048234430693799,0.0,0.0048439511704837,0.0507369415901634,0.007362751563137,0.0041948744813894,0.0,0.0190074959089841,0.0,0.0,0.0,0.0179314730551364,0.0229018854034295,0.0,0.0078223562227588,0.0034930257720319,0.0,0.0216273227944942,0.0406197039320938,0.0033860947037406,0.0090324479961777,0.0,0.0,0.0093841110495207,0.0,0.0060095242907115,0.0035777846199997,0.0,0.0,0.0084681393463,0.0,0.0,0.0,0.306608273816583,0.0211923671936337,0.0,0.0,0.0062658142563047,0.0,0.0070429083450917,0.0,0.0,0.0,0.0,0.052504527530873,0.0331140824164693,0.0,0.0427243435871818,0.0,0.0272622185550651,0.0273620845853318,0.06858892470873,0.0238224915761256,0.0,0.0475241071154409,0.0,0.0,0.0053274105940277,0.0,0.0,0.0,0.060360555221851,0.0202766415414241,0.0,0.0,0.0037706026529278,0.0345206884081639,0.0357746964263152,0.031833002022994,0.0,0.0410313637672165,0.0,0.037689751964755,0.0192530624729476,0.0,0.0073795560935632,0.0,0.0172526124744554,0.0398014343747608,0.0,0.0151434311725781,0.0951879283191977,0.0427006751121842,0.0075863202433169,0.01583649448141,0.0060995807679827,0.0086858441218328,0.0308432442867489,0.0,0.0,0.0162971622361549,0.0,0.0,0.0,0.0,0.0,0.0,0.0169932888141853,0.0046524915326682,0.139982539981476,0.0221013908206881,0.0,0.0,0.0778921262228003,0.0,0.0,0.0373724861436245,0.0,0.0,0.0,0.0,0.0,0.362199921664938,0.0,0.032992456561118,0.211658394698889,0.0233271185130644,0.0295237814291077,0.0,0.0276413756589979,0.0621386938170911,0.0302224767072174,0.0,0.0,0.0055616550358176,0.0044482664295184,0.0191525070438182,0.0079369099949955,0.0306761030963319,0.0045622110976946,0.0,0.0282321176971367,0.0217900078612934,0.0,0.0048954163753119,0.0,0.0,0.0,0.0,0.0,0.0,0.0,0.0,0.0,0.0,0.0,0.0,0.0,0.0,0.0,0.0,0.0,0.0058046890890945,0.0180177763756379,0.0,0.0,0.0,0.0,0.0,0.0924718058747603,0.0050256536630409,0.0260606507773521,0.0,0.0129090216366967,0.0,0.0,0.0,0.0,0.0121387108443166,0.0,0.0,0.0,0.017815012378323,0.0053869037242159,0.0216561050999912,0.0,0.0,0.0,0.0034279618335267,0.0,0.0,0.0,0.0307543141826727,0.0,0.0,0.0125429322934184,0.0,0.0,0.0,0.0,0.0,0.0,0.0,0.0,0.0,0.0,0.0052315590429235,0.0,0.0,0.0,0.0,0.0,0.0,0.0039821157058872,0.0038764521008754,0.0,0.0,0.0,0.0,0.0,0.0,0.0,0.0,0.0,0.0,0.0,0.0096430816847783,0.0,0.0,0.0,0.0,0.0064626835671989,0.0,0.0067845217213516,0.0,0.0,0.0,0.0,0.0,0.0,0.0,0.0,0.0048593450802086,0.0,0.0,0.0,0.0,0.0,0.0,0.0,0.0,0.0,0.188393417090404,0.0,0.0,0.0,0.0,0.0,0.0,0.0,0.0,0.0,0.0,0.0095272185009843,0.0090217452437428,0.0,0.0143245935391916,0.0,0.0048407074449727,0.0040964146547222,0.0126885983331081,0.0,0.0,0.0,0.0,0.0,0.0,0.0,0.0,0.0,0.0105699513487862,0.0,0.0,0.0,0.0,0.0121968410257747,0.0120859204069123,0.0120504966306368,0.0,0.0193777843700228,0.0,0.003537103138983,0.005926987060452,0.0,0.0,0.0,0.0061422877978353,0.0171435441289207,0.0,0.0067260383931023,0.0520761658345535,0.0200224787078753,0.0,0.0,0.0,0.0036250226056297,0.0,0.0,0.0,0.0051799733383963,0.0,0.0,0.0,0.0,0.0,0.0,0.0041702376125545,0.0,0.080293225358227,0.0046606977069224,0.0,0.0,0.0156824467854147,0.0,0.0,0.0,0.0,0.0,0.0,0.0,0.0,0.0091412524370457,0.0,0.0128655382914262,0.0092902727843063,0.0047358087740057,0.0102631134649415,0.0,0.0082945384635011,0.0168873154024277,0.0,0.0,0.0,0.0,0.0,0.0,0.0,0.0109838723118903,0.0,0.0,0.0050665018173683,0.0,0.0,0.0,0.0,0.0,0.0,0.0,0.0,0.0,0.0,0.0,0.0,0.0,0.0,0.0,0.0,0.0,0.0,0.0,0.0,0.0,0.0033147390654326,0.0,0.0,0.0,0.0,0.0,0.0145389174461157,0.0,0.0065183230443837,0.0,0.0,0.0,0.0,0.0,0.0,0.0,0.0,0.0,0.0,0.0,0.0,0.0058294368874972,0.0,0.0,0.0,0.0,0.0
PTLp,0.0,0.540141947624253,0.292922545112662,0.0,0.0964414263778024,0.0,0.0038076186812962,0.0050948819638509,0.0,0.0,0.0400541547657079,0.0709804795434988,0.0,0.0,0.0,0.0,0.0,1.15157294651183,0.538768673279575,0.324190158603771,0.430401789395385,0.0165093603192788,0.0106815223346861,0.0,0.0569470685836145,0.0140990534015923,0.0044133335241422,0.0,0.0,0.306109500417816,0.0064287711307689,0.0,0.0,0.0,0.0209862866280734,0.0,0.0067552185966138,0.0,0.0,0.0,0.0090324172558428,0.0,0.0,0.0,0.0,0.116675279284633,0.192853751037005,0.159286115442766,0.0145203784111837,0.0158622054964474,0.0,0.0,0.0204223012973577,0.0,0.0099125233920542,0.0046609646979684,0.0,0.0,0.0,0.0,0.0,0.0,0.143438513785409,0.0,0.0,0.0,0.0,0.0,0.0233989321150559,0.0,0.338694276315105,0.988745606635455,0.270400700286392,0.0961818481767335,0.0,0.659518442903403,0.0,0.0,0.0,0.0,0.0,0.0,0.0,0.0210992447983091,0.0,0.0,0.0,0.080212250979593,0.0221619454166367,0.0181817591278038,0.0,0.0,0.0,0.0506644076687248,0.295066762625214,0.0,0.0,0.0,0.0,0.0,0.0,0.0,0.0,0.0,0.0,0.0,0.0,0.0,0.0,0.154157050618626,0.194967656139178,0.351653941810984,0.0,0.0070285437005744,0.0060679558930033,0.0,0.0183597831572213,0.0,0.0,0.0,0.11633099240966,0.0377699428798847,0.0,0.0,0.0,0.0,0.0,0.0,0.0854378644461993,0.0,0.154660073958485,0.114943997861204,0.0039651229813743,0.0,0.0,0.0109130646040193,0.0,0.0,0.0,0.0,0.0,0.0143675359165546,2.16428952487455,0.0,0.0,0.0,0.0,0.0,0.0,0.0105340261726169,0.0034732011803921,0.0,0.0,0.899454651427909,0.775078965502022,0.809084308229748,0.13997220516927,0.0,0.0,0.0,0.0,0.0,0.0,0.0042781179854445,0.0,0.0,0.0,0.0,0.0,0.040775204803393,0.0,0.0,0.0,0.0,0.902808951200035,0.252595774106483,0.0,0.0212046054531088,1.02876140079116,0.159819501459245,0.187993205940722,0.0150595529818966,0.0,0.0,0.0,0.268451940582955,0.0146987562335046,0.0,0.0,0.0,0.0,0.0,0.217544800043509,0.0,0.0,0.0104100118352079,1.96626892275174,3.46281400769906,0.81860031938171,0.400872186539259,0.477348592015458,1.47073736153114,0.0085184468571741,0.0,0.107607751974345,0.0837693767426019,0.0,0.0,0.0,0.0,0.0322675664056721,0.0136538651469624,0.0,0.0,0.0,0.0,0.0,0.0,0.0,0.0,0.0,0.0,0.0,0.0,0.0,0.0,0.181854121444341,0.0689175803161759,0.0327281316487473,0.0,0.0,0.0,0.0,0.0096058833881136,0.0033493923721975,0.0,0.0,0.0,0.0,0.0,0.0,0.0,0.0,0.0,0.0,0.0124351583341267,0.0,0.0,0.0,0.0,0.0,0.0,0.0,0.0,0.0078034560436391,0.0488516094868788,0.0207491506775582,0.0,0.0,0.0,0.0,0.0,0.0,0.0,0.0,0.0,0.0,0.0,0.0,0.0,0.0,0.0042380581331254,0.0,0.0,0.0,0.0,0.0,0.0047277349751791,0.0,0.0,0.0,0.0,0.0,0.0,0.0,0.0,0.0,0.0,0.0,0.0,0.0,0.0,0.0,0.0,0.0,0.0,0.0,0.0,0.0,0.0,0.0,0.0,0.0049622531948065,0.0217987250912215,0.0,0.0,0.0,0.0,0.0,0.0,0.0,0.0,0.0,0.0,0.0,0.0,0.0,0.0,0.0110205379331804,0.0077731497840425,0.0166898703417957,0.0,0.0,0.0,0.0,0.0,0.0,0.0,0.0,0.0078762881515888,0.0,0.0,0.0,0.0,0.0,0.0,0.0,0.0037724711637155,0.0,0.0,0.0,0.0,0.0,0.0,0.0,0.0,0.0,0.0,0.0,0.0,0.0,0.254308290630257,0.0,0.0,0.0,0.0,0.0,0.0,0.0101722089068875,0.0,0.0,0.0,0.0792644343465586,0.0378163790222757,0.0366336754044141,0.0,0.0,0.0,0.0,0.0,0.0,0.0,0.0,0.0,0.0,0.0,0.0,0.0,0.0,0.0,0.0,0.0,0.0,0.135801187099541,0.0324405540617007,0.0,0.0050732273067579,0.128748078645499,0.0200217660856957,0.0302277322372496,0.0117201888974671,0.0,0.0,0.0,0.0244860641284936,0.0,0.0,0.0,0.0,0.0,0.0,0.0,0.0,0.0,0.0,0.325790363871198,0.386014281574385,0.0895341299931366,0.026025017237135,0.0387304648461628,0.11920484925535,0.0,0.0,0.0,0.0,0.0,0.0,0.0
PVH,0.0655947289388666,0.0,0.015724152865189,0.0073261769262925,0.0,0.0497495283175969,0.0,0.0,0.0,0.0035114770990993,0.0035612879247317,0.0,0.0,0.0,0.00443633142894,0.0040975463055469,0.0579668197372623,0.0,0.0,0.0,0.0,0.0139870408842162,0.0157700071296259,0.0350144599801124,0.0059996084943624,0.0,0.0036764350476082,0.0104101461436431,0.0,0.0,0.0,0.0,0.0,0.0046660853764527,0.0065303447432707,0.0,0.0050698436361858,0.0,0.0,0.0,0.0033845488899355,0.0350709587428813,0.0,0.006737295980642,0.0,0.0,0.0,0.0038168694202773,0.004367236948117,0.0125649045861449,0.0,0.0,0.0,0.0,0.0,0.0,0.0,0.0,0.0199282173172131,0.0,0.0,0.0,0.0869471804758894,0.0,0.0,0.0,0.0,0.0,0.0083496020391287,0.0,0.0,0.0,0.0,0.0092622673075098,0.0286771682896838,0.0,0.0425174642129676,0.0043657006687956,0.0,0.0166561941704771,0.0190318292749208,0.0,0.0,0.0,0.0,0.0,0.0309282119479659,0.0,0.0219246870826312,0.0106099224255299,0.0106549719176587,0.0098840478961562,0.0,0.0,0.0,0.0611856481813736,0.0546613299312221,0.0159842367351866,0.0,0.0360656297578706,0.0,0.0039124337057725,0.0072312047888206,0.003421649131674,0.0040597557383515,0.0,0.0079968386134526,0.0236125743455668,0.0034232553371454,0.0,0.0077212862876877,0.0,0.0143395912501757,0.0204838397564426,0.0046116379571726,0.0057215038994232,0.0,0.0,0.0158066958493104,0.0125452171819928,0.0,0.0,0.0,0.0,0.0,0.0046129074612004,0.0172476106033294,0.0,0.0136756231894396,0.0186629408813245,0.0,0.0152867508262413,0.0097287002052173,0.0164123129687129,0.0,0.0039689909458981,0.0,0.0071468415889113,0.0,0.0,0.0,0.0326227962338803,0.0,0.0571167696034512,0.0270949442442499,0.0328290549633923,0.0700250496482972,0.0,0.0499509392434895,0.0416466543867275,0.0036947562773545,0.0,0.0,0.0,0.0,0.0,0.0,0.0596365267027676,0.0,0.0,0.0086396434076353,0.0,0.0,0.0,0.0,0.0,0.0111702033221554,0.0,0.0,0.008513175995278,0.0,0.0,0.0,0.0,0.0,0.0,0.0,0.0,0.0,0.0,0.0,0.0040321173997407,0.0098395958808303,0.0037341792815376,0.0,0.0,0.0,0.0046683813899325,0.0541530907698857,0.0058842182756056,0.0562391938074628,0.0,0.0,0.0,0.0,0.0,0.0,0.0,0.0,0.0,0.0,0.0,0.0,0.0530634086937887,0.0,0.0,0.0,0.0,0.0050023453076112,0.0,0.0,0.0063308440506085,0.0,0.0,0.0072170653930776,0.0,0.0,0.0,0.0,0.0,0.0,0.0,0.0,0.0,0.0,0.0119022774935736,0.0,0.0,0.0,0.0,0.0,0.0,0.0042016260093013,0.0,0.0,0.0,0.0,0.0,0.0,0.0,0.0,0.0,0.0,0.0,0.0,0.0,0.0,0.0,0.0,0.0,0.0065189346880611,0.0,0.0,0.0,0.0,0.0,0.0,0.0,0.0,0.0,0.0,0.0,0.0,0.0,0.0,0.0,0.0,0.0,0.0,0.0,0.0,0.0365361595732233,0.0,0.0,0.0,0.0,0.0,0.0,0.0,0.0,0.0,0.0,0.0,0.0037394164469376,0.0,0.0075037301265739,0.0,0.0,0.0,0.0,0.0,0.0,0.0,0.0,0.0,0.0,0.0,0.0,0.0,0.0,0.0,0.0,0.0,0.0,0.0150611696182228,0.0130971355817239,0.0034693527372862,0.0,0.004420996682135,0.0,0.0,0.0,0.0,0.0,0.0,0.0,0.0063118146487983,0.0,0.0,0.0,0.0,0.0,0.0,0.0,0.0,0.0,0.0,0.0,0.0,0.0,0.0,0.0,0.0,0.0,0.0,0.0,0.0,0.0055624850249592,0.0054550707883896,0.0,0.0,0.0,0.0,0.0,0.0,0.0,0.0,0.0,0.0,0.0,0.0043057047439986,0.0,0.0113334498499002,0.0040333662495444,0.0101059792145301,0.0195682226396961,0.0,0.0055023336760297,0.0300158455449346,0.0,0.0,0.0,0.0,0.0,0.0,0.0,0.0109271077277517,0.0,0.0,0.0,0.0,0.0,0.0,0.0,0.0,0.0036780400747935,0.0,0.0,0.0,0.0,0.0,0.0,0.0,0.0,0.0,0.0,0.0,0.0,0.0,0.0,0.0,0.0,0.0,0.0,0.0,0.0,0.0,0.0054489975481159,0.0,0.0118095297853766,0.0,0.0,0.0,0.0,0.0,0.0,0.0,0.0,0.0,0.0,0.0,0.0,0.008820440002435,0.0,0.0,0.0,0.0,0.0
PVT,0.0228785224789962,0.0228080612243538,0.0847128741474025,0.0175788215359813,0.0168939935180328,0.0717012136426136,0.02473017642355,0.0215488060595691,0.0289606676816098,0.0042075750754566,0.113929795005717,0.104392234937684,0.0,0.0,0.010313271649305,0.021486733247121,0.0457029915908473,0.0,0.0,0.0,0.0053378442008618,0.0144764764438417,0.0154660903394766,0.0762225844757106,0.0184052927100354,0.0053346281003481,0.0057702946916106,0.0183392357510933,0.0,0.023333199445508,0.0,0.008626651257836,0.0583173836478849,0.0211306442662442,0.0066563853807596,0.0,0.0214223095475646,0.0,0.0130110138202965,0.0,0.0099082346739493,0.0422312019527103,0.0,0.0149101412325114,0.0084533868891424,0.004136608134259,0.0111580496508274,0.0171060719707314,0.0054594519191467,0.0132776428801816,0.0,0.0,0.0201893465466993,0.0044148288772699,0.0200127587327462,0.0145992414338422,0.0,0.0162132060758553,0.0237976417798254,0.0057965252207644,0.0049530277064112,0.0045445086101159,0.495486587616979,0.126042113975052,0.0,0.0,0.0052779243416698,0.0,0.0096710877158808,0.0,0.0,0.0,0.0,0.479898836589675,0.072455232416652,0.0,0.0885241604939048,0.0052749158490514,0.0190121506784394,0.0190126400406249,0.0397853551736388,0.0291411190212503,0.0,0.162755007995838,0.0,0.003751807918308,0.0123210808966546,0.0,0.0060100913722803,0.0,0.572930319227983,0.0167434991569839,0.0,0.0,0.007337068026643,0.0826739145678725,0.084734889166711,0.0700861864831622,0.0115735702378495,0.0429247492024194,0.0054680112208701,0.038420535794832,0.0391814513538612,0.0122476482750321,0.0225658100015417,0.0,0.0362133992590241,0.110274947579743,0.0078649454978463,0.0253828707543277,0.159670386093845,0.0596328307365331,0.0129160337561929,0.0204042016972053,0.0151070448750112,0.030612573235266,0.0108498454815781,0.0,0.0390056637879052,0.0470977062522026,0.0042900049299285,0.0071152899035534,0.0,0.0119498725514162,0.0,0.0053618256368014,0.0243188596266451,0.0069381395404403,0.322397628526799,0.028240726710025,0.0,0.0045204843699936,0.0385990320048105,0.004521433808516,0.0139242817257653,0.0160361845432158,0.0,0.0286584714094168,0.0069029862094098,0.0,0.004667807697234,0.274678344289031,0.0,0.0714028794753649,0.515881382374519,0.0327062516623338,0.080817664503229,0.0,0.0563601793745487,0.0678502010981287,0.0197436113673114,0.0094971658276209,0.0116559600793814,0.0,0.0,0.0110113042120207,0.0155593373238418,0.0688000248894333,0.0159507165389268,0.0057242648007043,0.0204185009585303,0.0251935333395855,0.0,0.0071517882273295,0.0055147922892489,0.0047307853735384,0.0415085073112943,0.0705940770196461,0.0203349547042627,0.0,0.0,0.0,0.0,0.0,0.0,0.0,0.0,0.0,0.0,0.0,0.0039583256423009,0.0173793848151454,0.0180417093303406,0.0117847770715788,0.0,0.0,0.0,0.0194608537771058,0.107102173408932,0.0115011630730264,0.0527513413437866,0.0050693925254795,0.0127765553504861,0.0,0.0,0.0340023072181954,0.0,0.0037778206823272,0.0,0.0,0.0,0.0045372249047708,0.0095323606978276,0.0468971987357131,0.0033700676985106,0.0,0.0064199637095108,0.0070838672782599,0.0116136664703204,0.0064212241930603,0.0047849152625017,0.0401632532410666,0.0,0.0,0.0267473314356501,0.0104757025324789,0.0140681020500665,0.0122870078324148,0.0,0.006743160989725,0.0064830702440097,0.0,0.0,0.0060687336644794,0.0078133911673688,0.0151127773664728,0.0,0.0,0.0,0.0,0.0,0.0,0.0219231367192619,0.0067983599221313,0.0,0.0,0.0060574888643903,0.0,0.0,0.0,0.0033714561277863,0.0052528599597028,0.0120071394016509,0.0,0.0,0.0102689700723144,0.0,0.0052158647404363,0.0,0.0037391149728658,0.0163259048098854,0.0,0.0088766827415189,0.0,0.0,0.0,0.0061065401556843,0.0,0.0,0.0,0.0,0.0073970931175225,0.0,0.0046310434124521,0.0,0.0,0.0075278749820487,0.0079228802334036,0.0,0.0,0.0,0.247380776466498,0.0193870551400407,0.0,0.0,0.0,0.0,0.0,0.0,0.0,0.0,0.0,0.128818567244881,0.0253566538798429,0.0,0.0313302752944345,0.0036372215059253,0.0048189976032631,0.0,0.0052210056568116,0.0,0.0,0.019973793318665,0.0,0.0,0.0035589652318468,0.0,0.0034084388085367,0.0,0.151590136307594,0.00726147107613,0.0,0.0,0.0,0.0315072892836216,0.0313197044985605,0.0263515333882872,0.0045970878188002,0.0134127431490752,0.0,0.0,0.0185395519209832,0.006591448501317,0.0133122049742024,0.0,0.013739497370925,0.0404245905112442,0.0,0.0092697773289552,0.0541960018140309,0.0188927989448119,0.0,0.0033121502206851,0.0076708187676711,0.0118252525328043,0.0042115771225732,0.0,0.0165537548548905,0.0214193165649864,0.0,0.0,0.0,0.0058611049534183,0.0,0.0037296884612883,0.0098780114602985,0.0,0.109686515283306,0.0121024437650714,0.0,0.0,0.0173299437788082,0.0,0.0063362034269833,0.0065756693651396,0.0,0.0168096663886478,0.0,0.0,0.0043270371115156,0.0337678531953276,0.0,0.0289179707620449,0.100202748647775,0.0128690557484802,0.0311403127599968,0.0,0.019135785410639,0.0344604431971069,0.0043728695009433,0.0040017973738742,0.0052257703530269,0.0,0.0,0.0,0.0,0.026121287404936,0.00623071420992,0.0,0.0047144442231058,0.0,0.0,0.0035340585222969,0.0,0.0,0.0262460163907036,0.0166516275732275,0.0,0.0,0.0,0.0,0.0,0.0,0.0,0.0,0.0,0.0,0.0,0.0,0.0,0.0066293617560717,0.0073575782282582,0.005999155138199,0.0,0.0,0.0,0.011082811663496,0.0257821953697571,0.0063063774247304,0.0166222995678517,0.0039371346646381,0.0,0.0,0.0,0.0226901469583765,0.0,0.0,0.0,0.0,0.0,0.0,0.0,0.0155112775478409,0.0,0.0,0.0,0.0,0.0039897616933949
PVp,0.0169267134511688,0.0,0.0,0.0,0.0,0.0076495100407317,0.0,0.0,0.0,0.0,0.0,0.0,0.0,0.0,0.0,0.0,0.0352460591404801,0.0,0.0,0.0,0.0,0.0,0.0033439590721626,0.0116282415069489,0.0,0.0,0.0,0.0038441817560848,0.0,0.0,0.0,0.0,0.0,0.0,0.0,0.0,0.0,0.0,0.0,0.0,0.0,0.0220272639402777,0.0,0.0,0.0,0.0,0.0,0.0,0.0,0.0,0.0,0.0,0.0,0.0,0.0,0.0,0.0,0.0,0.0067426575542492,0.0,0.0,0.0,0.0092215712283521,0.0,0.0,0.0,0.0,0.0,0.0,0.0,0.0,0.0,0.0,0.0,0.0076486719568332,0.0,0.0064124743340342,0.0,0.0,0.0,0.0,0.0,0.0,0.0,0.0,0.0,0.0100554682195161,0.0,0.0,0.0,0.0,0.0406557649813284,0.0,0.0,0.0,0.0112511515008659,0.0092012644918377,0.0,0.0,0.0202939782445616,0.0,0.0,0.0,0.0,0.0,0.0,0.0,0.0,0.0,0.0,0.0,0.0,0.0034107898619101,0.0044651650382456,0.0,0.0,0.0,0.0,0.0,0.0,0.0,0.0,0.0,0.0,0.0,0.0,0.012036322759497,0.0,0.0,0.038468610320738,0.0,0.0,0.0,0.0,0.0,0.0,0.0,0.0,0.0,0.0,0.0,0.0,0.0,0.0101364406158164,0.0,0.0655045290376901,0.0133159096356058,0.0,0.0082076907625998,0.0,0.0,0.0,0.0,0.0,0.0,0.0,0.0,0.009874704373517,0.0,0.0,0.0,0.0,0.0,0.0,0.0,0.0,0.0,0.0,0.0,0.0,0.0,0.0,0.0,0.0,0.0,0.0,0.0,0.0,0.0,0.0,0.0,0.0,0.0208388056319,0.0,0.0,0.0,0.0,0.0,0.0276689431474182,0.0,0.029850261572157,0.0,0.0,0.0,0.0,0.0,0.0,0.0,0.0,0.0,0.0,0.0,0.0,0.0231051252972358,0.0,0.0,0.0,0.0,0.0,0.0,0.0,0.0,0.0,0.0,0.0,0.0,0.0,0.0,0.0,0.0,0.0,0.0,0.0,0.0,0.0,0.0065543216658838,0.0,0.0,0.0,0.0,0.0,0.0,0.0,0.0,0.0,0.0,0.0,0.0,0.0,0.0,0.0,0.0,0.0,0.0,0.0,0.0,0.0,0.0,0.0,0.0,0.0047996624321733,0.0,0.0,0.0,0.0,0.0,0.0,0.0,0.0,0.0,0.0,0.0,0.0,0.0,0.0,0.0,0.0,0.0,0.0,0.0,0.0,0.0,0.0,0.0,0.0,0.0,0.0,0.0,0.0,0.0,0.0,0.0,0.0,0.0,0.0,0.0,0.0,0.0,0.0,0.0,0.0,0.0,0.0,0.0,0.0,0.0,0.0,0.0,0.0,0.0,0.007427700977021,0.0,0.0,0.0,0.0,0.0,0.0,0.0,0.0037469713883991,0.0,0.0,0.0,0.0,0.0,0.0,0.0,0.0,0.0,0.0,0.0,0.0,0.0,0.0,0.0,0.0,0.0,0.0,0.0,0.0,0.0,0.0,0.0,0.0,0.0,0.0,0.0,0.0,0.0,0.0076478902181145,0.0,0.0,0.0,0.0,0.0,0.0,0.0,0.0,0.0,0.0,0.0,0.0,0.0,0.0,0.0,0.0118596247687256,0.0,0.0,0.0,0.0,0.0,0.0,0.0,0.0,0.0,0.0,0.0,0.0,0.0,0.0,0.0,0.0,0.0,0.0,0.0,0.0,0.0,0.0,0.0,0.0,0.0,0.0,0.0,0.0,0.0,0.0,0.0,0.0,0.0,0.0,0.0,0.0,0.0042256646946322,0.0,0.0,0.0,0.0,0.0,0.0064223196612292,0.0,0.0056233995793162,0.0,0.0,0.0,0.0,0.0,0.0,0.0,0.0,0.0,0.0,0.0,0.0,0.004394459558558,0.0,0.0,0.0,0.0,0.0
PVpo,0.0175268219902391,0.0,0.0,0.0,0.0,0.0252086897494921,0.0,0.0,0.0,0.0,0.0,0.0,0.0,0.0,0.0059799218781935,0.0,0.0161813895819688,0.0,0.0,0.0,0.0,0.0069140924449511,0.007221749363586,0.0255042116808217,0.0,0.0,0.0,0.0,0.0,0.0,0.0,0.0,0.0,0.0,0.0,0.0,0.0,0.0,0.0,0.0,0.0,0.0099817716268957,0.0,0.0088427789124013,0.0,0.0,0.0,0.0,0.0,0.0060533404503188,0.0,0.0,0.0,0.0,0.0,0.0,0.0,0.0,0.0054174446849942,0.0,0.0,0.0,0.0167537691781947,0.0,0.0,0.0,0.0,0.0,0.0044264941321546,0.0,0.0,0.0,0.0,0.0047657648408845,0.0072731696863888,0.0,0.0248775520403984,0.0,0.0,0.0039857432403584,0.0035912475019476,0.0,0.0,0.0,0.0,0.0,0.0079997005233231,0.0,0.0,0.0,0.0055498231313624,0.0042215135537864,0.0,0.0,0.0,0.0535405659095511,0.044606528000878,0.0,0.0,0.0256893435596024,0.0,0.0,0.0,0.0,0.0,0.0,0.0,0.0,0.0,0.0,0.0,0.0,0.0035741382047962,0.010711693768983,0.0,0.0,0.0,0.0,0.0,0.0,0.0,0.0,0.0,0.0,0.0,0.0,0.0043485395893054,0.0,0.0,0.0073285394296368,0.0,0.0,0.0,0.0,0.0,0.0,0.0,0.0,0.0,0.0,0.0,0.0176573748784634,0.0,0.0386791986108574,0.0187074847692589,0.0120540995931964,0.0713536792119089,0.0,0.0180511849806273,0.0051728202123763,0.0,0.0,0.0,0.0,0.0,0.0,0.0,0.0409750741402929,0.0,0.0,0.0,0.0,0.0,0.0,0.0,0.0,0.0,0.0,0.0,0.0,0.0,0.0,0.0,0.0,0.0,0.0,0.0,0.0,0.0,0.0,0.0,0.0,0.0033938826330797,0.0,0.0,0.0,0.0,0.0,0.0468538120915691,0.0076437889239537,0.0148431967253741,0.0,0.0,0.0,0.0,0.0,0.0,0.0,0.0,0.0,0.0,0.0,0.0,0.0138201936497909,0.0,0.0,0.0,0.0,0.0,0.0,0.0,0.0,0.0,0.0,0.0,0.0,0.0,0.0,0.0,0.0,0.0,0.0,0.0,0.0,0.0,0.0066457093871589,0.0,0.0,0.0,0.0,0.0,0.0,0.0,0.0,0.0,0.0,0.0,0.0,0.0,0.0,0.0,0.0,0.0,0.0,0.0,0.0,0.0,0.0,0.0,0.0,0.0,0.0,0.0,0.0,0.0,0.0,0.0,0.0,0.0,0.0,0.0,0.0,0.0,0.0,0.0,0.0,0.0,0.0,0.0,0.0,0.0,0.0,0.0,0.0,0.0,0.0,0.0,0.0,0.0,0.0,0.0,0.0,0.0,0.0,0.0,0.0,0.0,0.0,0.0,0.0,0.0,0.0,0.0,0.0,0.0,0.0,0.0,0.0,0.0,0.0,0.0,0.0,0.0,0.0,0.0060881289667397,0.0052944746977144,0.0,0.0,0.0,0.0,0.0,0.0,0.0,0.0,0.0,0.0,0.0,0.0,0.0,0.0,0.0,0.0,0.0,0.0,0.0,0.0,0.0,0.0,0.0,0.0,0.0,0.0,0.0,0.0,0.0,0.0,0.0,0.0,0.0,0.0,0.0,0.0,0.0,0.0,0.0,0.0,0.0,0.0,0.0,0.0,0.0,0.0,0.0047916590659239,0.0,0.0052285356440949,0.0081245918386822,0.0,0.0,0.0,0.0,0.0,0.0,0.0,0.0,0.0,0.0,0.0044760438821026,0.0,0.0,0.0,0.0,0.0,0.0,0.0,0.0,0.0,0.0,0.0,0.0,0.0,0.0,0.0,0.0,0.0,0.0,0.0,0.0,0.0,0.0,0.0,0.0,0.0,0.0,0.0,0.0,0.0,0.0,0.0,0.0,0.0063816190885855,0.0,0.0,0.0,0.0,0.0,0.0,0.0,0.0,0.0,0.0,0.0,0.0,0.0048908678799337,0.0,0.0,0.0,0.0,0.0
PYR,0.0,0.0,0.0,0.0,0.0,0.0,0.0,0.0,0.0,0.0062199065792646,0.0,0.0,0.0451832941857205,0.0,0.0,0.0,0.0,0.0,0.0,0.0,0.0,0.0,0.0,0.0,0.0,0.0,0.0,0.0,0.0107350881421647,0.0,0.0,0.0,0.0,0.0,0.0,0.0,0.0093485546119774,0.0757873620412974,0.0,0.0056493920624835,0.0,0.0,0.0,0.0,0.0,0.0,0.0,0.0,0.0,0.0,0.0,0.0870808235095372,0.0,0.0,0.0,0.0,0.0,0.0,0.0,0.0,0.0,0.0,0.0,0.0,0.0096073747456562,0.0069196602860859,0.0,0.0,0.0,0.0068077183756906,0.0,0.0,0.0,0.0,0.0,0.0,0.0,0.0082938374506719,0.0,0.0,0.0,0.0,0.0,0.0,0.0,0.0050096777454427,0.0,0.0,0.0,0.0,0.0,0.0,0.0,0.0,0.0,0.0,0.0,0.0,0.0,0.0,0.0076982683951685,0.0,0.0,0.0173681895687088,0.0,0.104136786712858,0.0,0.0,0.0050902534479761,0.0,0.0,0.0,0.0,0.0,0.0,0.0,0.0,0.0,0.0144647832066788,0.0,0.0,0.0,0.0,0.0750024931650189,0.0169722936686403,0.0073693833275565,0.0,0.0,0.0,0.0,0.0,0.0,0.0,0.0,0.0,0.0,0.3108247335458,0.0099440975492935,0.01256927742763,0.0246226086528579,0.0374698237387839,0.0,0.0,0.0,0.0,0.003398581812402,0.0,2.59207953093179,0.0,0.0,0.0,0.0,0.0,0.0,0.0,0.0,0.0,0.0,0.0,0.0,0.0,0.0,0.0,0.0,0.0,0.0,0.0291907100220805,0.0,0.0,0.0,0.0077025292091998,0.0,0.0,0.0033329544302913,0.0,0.0,0.0,0.0,0.0,0.0,0.0,0.0,0.0,0.0145008174745328,0.0068681952574184,0.0,0.0,0.0723709960459659,0.0,0.0,0.0,0.0288298433447502,0.0,0.0,0.0,0.0,0.0,0.0,0.0,0.0,0.0,0.0,0.0,0.0,0.0,0.0,0.0,0.0,0.0038521515964514,0.0,0.0,0.0,0.0,0.0,0.0,0.0,0.0,0.0,0.0047129425141324,0.0,0.0,0.0169991936499496,0.0,0.0,0.0,0.0,0.0,0.0,0.0,0.0,0.0,0.0,0.0,0.0,0.0,0.0,0.0,0.008136568104029,0.0,0.0,0.0,0.0,0.0,0.0,0.0,0.0287083524988173,0.0331324121505087,0.0,0.0102131929631692,0.0,0.0,0.0,0.0,0.0,0.0,0.0,0.0,0.0,0.0,0.0,0.0797767486431916,0.0,0.0,0.0,0.0,0.0037266703694285,0.0,0.0,0.0,0.0,0.0,0.0,0.0,0.0117750028507726,0.0,0.0,0.0,0.0,0.0118051117340574,0.0,0.0,0.0,0.0,0.0,0.0,0.0,0.006779587358496,0.0,0.0,0.0,0.0,0.0035021755586583,0.0,0.0,0.0055531824505554,0.0,0.0,0.0,0.0,0.0,0.0,0.0,0.0,0.0,0.0,0.0,0.0,0.0,0.0,0.0078268428194265,0.0,0.0,0.0368581003539041,0.0,0.0885664085389568,0.0,0.0,0.0052152727581456,0.0,0.0,0.0,0.0,0.0,0.0,0.0,0.0,0.0,0.0068861629490063,0.0,0.0,0.0,0.0,0.256500292007933,0.0190916310098581,0.0063383342780263,0.0,0.0,0.0,0.0,0.0,0.0,0.0,0.0,0.0,0.0,0.123581343685915,0.0314500320403904,0.0396195975661374,0.0278642355871522,0.0189171117961331,0.0,0.0,0.0,0.0,0.0,0.0,0.968917728357272,0.0,0.0,0.0,0.0,0.0,0.0,0.0,0.0,0.0,0.0,0.0,0.0,0.0,0.0,0.0,0.0,0.0,0.0,0.0989585647505304,0.0,0.0,0.0,0.0080434295459924,0.0,0.0,0.0,0.0,0.0,0.0,0.0,0.0,0.0,0.0,0.0,0.0,0.0069631877790767,0.0111461223329769,0.0,0.0,0.237070499901221,0.0,0.0,0.0,0.0141950017364086,0.0,0.0,0.0,0.0,0.0,0.0,0.0,0.0,0.0,0.0,0.0,0.0,0.0,0.0,0.0,0.0,0.0044657809698776
RCH,0.0410798950359145,0.0,0.0081368610931003,0.0,0.0,0.0535386978002933,0.0,0.0,0.0,0.0,0.0,0.0,0.0,0.0,0.0038697124754924,0.0,0.0811363486956662,0.0,0.0,0.0,0.0,0.0198010457431937,0.0205945407562635,0.0274099132402887,0.0105086183602008,0.0,0.0,0.0078252962048177,0.0,0.0,0.0,0.0,0.0,0.0104706329565564,0.0077233881585575,0.0,0.0059211042177899,0.0,0.005507095544627,0.0,0.0056995614101493,0.0419793911218991,0.0,0.0059403168411642,0.0,0.0,0.0,0.0055960034500055,0.0064391129984165,0.0175626488560471,0.0,0.0,0.0,0.0,0.0,0.0,0.0,0.0,0.0141233704228177,0.0,0.0,0.0,0.046819969767852,0.0,0.0,0.0,0.0056487090856809,0.0,0.0128657772145143,0.0,0.0,0.0,0.0084931517268954,0.0,0.028066731963556,0.0,0.0324148156629527,0.0,0.0,0.0086053746524441,0.0084212146880771,0.0,0.0,0.0,0.0,0.0,0.0198281444860861,0.0119087783152633,0.0301873033716399,0.0254423935211662,0.0,0.0083804841809895,0.0,0.0,0.0,0.0453057025622343,0.0407263943123946,0.0,0.0,0.0209596111142586,0.0,0.0,0.0,0.0048239315218807,0.0107843175450741,0.0,0.0,0.0,0.0,0.0,0.0039659078993335,0.0,0.0083501636522216,0.0302864575387598,0.0083765926962245,0.0,0.0036947917886852,0.0,0.0136450328981299,0.0,0.0,0.0,0.0,0.0,0.0,0.0,0.012193646605736,0.0,0.0067727621150848,0.0151846164113862,0.0,0.0197502938002399,0.0485779507011831,0.030295704304377,0.0040854402553439,0.0064985026955141,0.0,0.0,0.0,0.0,0.0,0.0143729829266686,0.0,0.0499238311895049,0.010676222350839,0.0289310903758375,0.052309912824578,0.0,0.0769638659341774,0.0088982986587952,0.0,0.0,0.0,0.0,0.0,0.0,0.0,0.0653800208622416,0.0,0.0034456782332526,0.0053302191771033,0.0,0.0,0.0,0.0,0.0,0.0,0.0,0.0,0.0101004055744997,0.0,0.0,0.0,0.0,0.0,0.0,0.0,0.0,0.0,0.0,0.0,0.0043255438610307,0.0075951339228745,0.0040036697946782,0.0,0.0,0.0064730877766829,0.0,0.0405067503500075,0.0055342023793885,0.0641282352920668,0.0,0.0,0.0,0.0,0.0,0.0,0.0,0.0,0.0,0.0,0.0,0.0,0.0767845893213015,0.0,0.0,0.0,0.0,0.0,0.0178311765026694,0.0,0.0,0.0,0.0,0.0205579876329383,0.0,0.0,0.0,0.0,0.0,0.0,0.0,0.0,0.0,0.0,0.0379421506106839,0.0,0.0,0.0,0.0,0.0041776729507143,0.0048048929305182,0.0066674101471488,0.003452387125782,0.0,0.0,0.0044097492882701,0.0,0.0,0.0,0.0,0.0,0.0,0.0,0.0,0.0035410952634981,0.0,0.0042504721729099,0.0,0.0,0.0218466515817987,0.0,0.0,0.0,0.0,0.0,0.0,0.0,0.0038420235783439,0.0,0.0,0.0,0.0,0.0,0.0,0.0,0.0,0.0071560622313504,0.0,0.0,0.0,0.0150712667807382,0.0,0.0,0.0,0.0050490445219151,0.0,0.0,0.0,0.0,0.0,0.0,0.0,0.0122681160116199,0.0,0.0088864679614082,0.0,0.0,0.0,0.0,0.0,0.0,0.0,0.0,0.0,0.0079783092852959,0.0033031410785566,0.0208032130586213,0.0124991288352726,0.0,0.0052673704770653,0.0,0.0,0.0,0.0125887492824749,0.0110276603836802,0.0,0.0,0.0039080252058847,0.0,0.0,0.0,0.003467243473746,0.0,0.0,0.0,0.0,0.0,0.0,0.0,0.0,0.0035159388364256,0.0058684859751232,0.0,0.0,0.0,0.0,0.0084575596567046,0.0,0.0,0.0,0.0,0.0,0.0,0.0,0.0069395979391615,0.0,0.0,0.0092147689399795,0.0,0.0142017665319651,0.0183296437905498,0.0172904993450368,0.0,0.0,0.0,0.0,0.0,0.0,0.0,0.005404463058516,0.0,0.0182911998779962,0.0038839847129787,0.0155724952842187,0.0141193088314153,0.0,0.0319559072824031,0.0061151959030034,0.0,0.0,0.0,0.0,0.0,0.0,0.0,0.0236576542284256,0.0,0.0,0.0,0.0,0.0,0.0,0.0,0.0,0.0,0.0,0.0,0.0077871323863644,0.0,0.0,0.0,0.0,0.0,0.0,0.0,0.0,0.0,0.0,0.0,0.0,0.0048447929198454,0.0,0.0,0.0,0.0,0.0,0.0100375925572355,0.0,0.0310281000257143,0.0,0.0,0.0,0.0,0.0,0.0,0.0,0.0,0.0,0.0,0.0,0.0,0.0366810094286868,0.0,0.0,0.0,0.0,0.0
RE,0.0299323476003931,0.10495841188784,0.176076656456213,0.0042382355133177,0.0,0.0587327693379278,0.0099303165980745,0.0080558789448458,0.0098687272077065,0.0,0.0568368272379881,0.063191506549543,0.0,0.0,0.0149239335819477,0.0326161188137329,0.0418123306699724,0.0053130298864479,0.0,0.0,0.0,0.0052594090865183,0.0065134526969013,0.0409195200249707,0.0591266831219233,0.0085734819550254,0.0080688511256406,0.0113874407743733,0.0,0.0,0.0,0.0149284291403482,0.0389783910964941,0.0114092367152888,0.0,0.0,0.0272154967835656,0.0,0.0132813288493079,0.0,0.0310264595398273,0.0466852088287893,0.0,0.050020076224468,0.0205142850217504,0.0059423109537727,0.0334874842568502,0.0622049115129887,0.0,0.0049325182703727,0.0,0.0,0.0188194520765314,0.0,0.0065944563327118,0.0041875738381085,0.0,0.0,0.0171202971055928,0.0080069084660661,0.0080379075412156,0.0108793643522905,0.505981789635716,0.0137745576293347,0.0,0.0,0.0091486529723863,0.0,0.0,0.0,0.0,0.0,0.0,0.0408926890430726,0.0590568204920173,0.0,0.059534331692133,0.0,0.0270357144616412,0.0137799246791951,0.0139913826277632,0.0106211714720173,0.0,0.0131687224949032,0.0,0.0,0.0144018593260349,0.0,0.0259395826199798,0.0124543269929904,0.0485681038199499,0.0217182499668358,0.0,0.0,0.0318338199520426,0.0539737690115183,0.0528415623754008,0.135977663551192,0.0180721194493546,0.0400598825708678,0.0,0.0180499171097591,0.039922918495978,0.0070287136073538,0.0125371304598381,0.0,0.0862939176721451,0.126202969412885,0.0,0.0554550991494406,0.136620098517801,0.103774540732787,0.0069702098833359,0.0068746769014043,0.0075155557387379,0.0328615081479396,0.0383509950016853,0.0,0.0163958491081368,0.0316325236830962,0.0059890569261818,0.0,0.0,0.0,0.0,0.0,0.0494118547585729,0.0,0.214036053595096,0.0326707692375864,0.0,0.0183734103432498,0.197669268144023,0.019344265589697,0.0129566785109998,0.0539031404818695,0.0,0.0070815004442182,0.0050862244633855,0.0,0.0,0.105936218016998,0.0232983985342465,0.0609525413270612,0.0806668800022622,0.0311799051835787,0.0485494925610204,0.0,0.0480167541817246,0.636240605912819,0.106354632981128,0.019256073387024,0.0147452437421881,0.0246591525687629,0.0124231768515651,0.0315418270036247,0.0063350569577494,0.0536734551675511,0.0246710509415051,0.0096523096595676,0.027333884427425,0.0099936769895781,0.0,0.10248208336706,0.0112926028247116,0.0059224683437521,0.0067157104305761,0.0167534668362897,0.0406171275010118,0.0100917743581071,0.0,0.0,0.0,0.0,0.007893880408042,0.0063357305391472,0.0,0.0,0.0159960472395789,0.0,0.004374176861609,0.0353777382884565,0.0278316959401867,0.0070199484231818,0.0,0.0047426670318877,0.0,0.0045416000543553,0.0573921470587109,0.030265128839242,0.047847369785829,0.0036062420909775,0.0067437386585849,0.0,0.0,0.0125995741022536,0.0103773441727402,0.0635189574354761,0.0,0.0,0.0,0.0464126614663167,0.0102914238368219,0.0442733285713405,0.0,0.0,0.020148704558463,0.0211027179200261,0.0,0.0074284114885341,0.059079596204914,0.106376459276755,0.0,0.0,0.024068327618994,0.0056231312596315,0.0079710156955287,0.0057664724640438,0.0,0.0057622288235759,0.0062868645700821,0.0,0.0,0.0091392033530067,0.0198626826128228,0.0143475795860571,0.0,0.0,0.0,0.0,0.0,0.0,0.0155960542165127,0.0227904423334737,0.0,0.0,0.0059644722292867,0.0,0.0,0.0,0.0055732743647356,0.0095898003804437,0.0037861866225247,0.0,0.0,0.0184037551578754,0.0,0.0075412356906914,0.0,0.0123878627685308,0.0220209056012955,0.0,0.0350264999178366,0.0079906532758199,0.0053770757029672,0.0110901847337016,0.0205944301217723,0.0,0.0,0.0,0.0,0.0101578271785125,0.0,0.0,0.0,0.0,0.0,0.0087196784245915,0.0043271420257272,0.0040200143185334,0.0062779762788707,0.354471028412923,0.0047318102846723,0.0,0.0,0.0038896959886374,0.0,0.0,0.0,0.0,0.0,0.0,0.0197718961860194,0.0302045715123979,0.0,0.0244926708652074,0.0,0.0095620395016138,0.0,0.0,0.0,0.0,0.0,0.0,0.0,0.0041877430471655,0.0,0.0092679838431303,0.0046293490313044,0.0226300614853363,0.011822144513332,0.0,0.0,0.021206957598363,0.0233825803137857,0.0222730264066853,0.0724304016089247,0.0107490991889042,0.0133954885960392,0.0,0.0,0.0201336691179107,0.0044096577413203,0.0041766655031533,0.0,0.0467453359568501,0.072486710171759,0.0,0.0229108343769859,0.0706299910240818,0.0395614115569181,0.0,0.0,0.0,0.0177189066290568,0.0131261290081498,0.0,0.0072634981385316,0.01485444297981,0.0054070459859515,0.0,0.0,0.0,0.0,0.0034351566518044,0.027774782043326,0.0,0.115673737608152,0.0182862000092212,0.0,0.0066429006266891,0.0872942808677662,0.0070403927185743,0.0072612589527774,0.0197007467077788,0.0,0.0050638604582167,0.0033908871825921,0.0,0.0038062441527856,0.0140597720115164,0.0080429214621416,0.0279006935104273,0.021264374558455,0.0151969829832587,0.0210906470804434,0.0,0.0150361569573921,0.486038419625959,0.0500955607297056,0.0107487241936341,0.0087208975722866,0.0081796095285717,0.0048281888920639,0.012194535963306,0.0,0.0211486421481112,0.014417326182715,0.0045229308846989,0.0091676050445897,0.0,0.0,0.0500398311982928,0.0065666239114529,0.0035729614910924,0.0059107706382036,0.0066441281986853,0.0075132136507164,0.0035763537795968,0.0,0.0,0.0,0.0,0.004676219642238,0.0037199613518157,0.0,0.0,0.007199884152422,0.0,0.0040967253992223,0.023619322287295,0.0160291386071108,0.0044767823755308,0.0,0.0038242336535126,0.0,0.0033499881065466,0.0179276552788464,0.0180287287070331,0.0182584392273954,0.0036545163057236,0.0,0.0,0.0,0.0111029317308056,0.0,0.020603576906139,0.0,0.0,0.0,0.011799094608975,0.0061014730965145,0.0150096960660822,0.0,0.0,0.0043296538150345,0.0109032851017832,0.0
RH,0.0,0.0265834459512285,0.0256628656114099,0.0,0.0,0.0,0.0169267171837969,0.0086795921046974,0.017307706323236,0.0,0.0163038024662476,0.0191226473877779,0.0,0.0,0.0,0.0056207653272251,0.0,0.0,0.0,0.0,0.0,0.0,0.0,0.0,0.0056822782203025,0.0,0.0,0.0,0.0,0.0,0.0,0.0,0.0863425228688417,0.0,0.0,0.0,0.0045016509536811,0.0,0.0,0.0,0.0,0.0034381391777329,0.0066053365493398,0.0,0.0034813191893103,0.0,0.0,0.0050276662197667,0.0,0.0,0.0,0.0050640309212597,0.0257285745954464,0.0,0.0107060276113356,0.005837451127221,0.0,0.0074570733064566,0.0,0.0,0.0,0.0,0.0651225609807293,0.0271393559599271,0.0,0.0051009558340158,0.0,0.0,0.0,0.0,0.0,0.0,0.0,0.0048094653703626,0.006685605348123,0.0,0.0038658639903303,0.0,0.0,0.0,0.0,0.0047730029133552,0.0,0.0097441110852016,0.0,0.0,0.0,0.0,0.0,0.0,0.0057158519524423,0.0047853937088266,0.0,0.0079071624113724,0.0186649621947703,0.0,0.0,0.0148148403617921,0.0046828287530036,0.0,0.0,0.0043654180784671,0.0114799875046191,0.0,0.0,0.0,0.0107508618101793,0.0154113276502425,0.0,0.060707533562744,0.0453877542847293,0.0762060984208994,0.0,0.0,0.0,0.0052706540601821,0.0036225260209716,0.0,0.0075759152694869,0.0091739300236538,0.0,0.0,0.0,0.0,0.0,0.0,0.0044208947887311,0.0,0.0384026490570191,0.0046021457418398,0.0,0.0,0.025205338998386,0.0,0.0044085884281372,0.0049664268885242,0.0,0.0,0.0,0.0,0.0042808929766887,0.010761418618512,0.010817181721693,0.0,0.0060587250008313,0.0041321207724653,0.0,0.0,0.0,0.0529491674195251,0.127611194645253,0.0042995994995018,0.0055768226168926,0.0090251515858749,0.003843269525537,0.0050552158848491,0.0145887344939762,0.0,0.0044001158314775,0.0,0.0,0.0037412733093103,0.0,0.112973558954525,0.0058435858298194,0.005944690835073,0.0,0.0374283702771675,0.10506489450771,0.0,0.0,0.0,0.0,0.0,0.0086459336940234,0.0,0.0035933324578356,0.0055978557406887,0.0080919777484751,0.0038307884286309,0.0078843582924204,0.0072228470470456,0.0043961734375109,0.0048979673175291,0.0,0.0,0.0,0.0,0.0,0.0,0.0,0.0046400224050412,0.0142537632287177,0.0,0.0,0.0131799267185914,0.0,0.0284651026250763,0.0,0.0,0.0,0.0190366078022887,0.0121741653759978,0.0,0.0058261360076462,0.0,0.0472969905678196,0.0037404194672154,0.0,0.0,0.0150995864838468,0.0150120095893803,0.0,0.0,0.0,0.0091830846380549,0.0055063066491026,0.009527553120036,0.0,0.0,0.0,0.0,0.0,0.0,0.0,0.0,0.0,0.0,0.0,0.0,0.0,0.0,0.0,0.003386348519341,0.0,0.0,0.0,0.0,0.0,0.0,0.0,0.0201260271976335,0.0,0.0,0.0,0.0,0.0,0.0,0.0,0.0,0.0,0.0054385652149749,0.0,0.0,0.0,0.0,0.0,0.0,0.0,0.0,0.0,0.0150943259088806,0.0,0.0057198365543706,0.0,0.0,0.0043046315490719,0.0,0.0,0.0,0.0,0.0386043595198981,0.0115439814815259,0.0,0.0038041498112346,0.0,0.0,0.0,0.0,0.0,0.0,0.0,0.0038027803007284,0.0042388821481078,0.0,0.0,0.0,0.0,0.0,0.0,0.0,0.0,0.0,0.0,0.0,0.0,0.0,0.0,0.0,0.0042185068380833,0.0,0.0,0.0044696008910906,0.0111487268108256,0.0,0.0,0.007231270385427,0.0033612430360287,0.0,0.0,0.0,0.0094443429989347,0.0,0.0,0.0,0.006027492023175,0.0065876423054772,0.0,0.0271667807867495,0.0194129911108782,0.0287749153139056,0.0,0.0,0.0,0.0,0.0,0.0,0.0046448249671864,0.0071106600281372,0.0,0.0,0.0,0.0,0.0,0.0,0.0,0.0,0.0231073096126845,0.0,0.0,0.0,0.0175625656541744,0.0,0.0034381403423086,0.0,0.0,0.0,0.0,0.0,0.0,0.0,0.0033236720684257,0.0,0.0,0.0,0.0,0.0,0.0,0.0168042292742445,0.02782105154889,0.0,0.0041164551000008,0.0036611464789711,0.0,0.0,0.0080285390974195,0.0,0.0,0.0,0.0,0.0,0.0,0.0222134362408281,0.0034493036881637,0.0,0.0,0.0200206748621199,0.0229334753273402,0.0,0.0,0.0,0.0,0.0,0.0034987300017821,0.0,0.0,0.0033112019021347,0.0035694978133616,0.0,0.0048218607518464,0.0075944470726309,0.0,0.0,0.0,0.0,0.0,0.0,0.0,0.0,0.0,0.0,0.0079444952919314,0.0,0.0,0.0081410867739128,0.0,0.008675028653556,0.0,0.0,0.0,0.0054205584245199,0.0047659857077642,0.0,0.0035175607152178,0.0,0.0090975153353315,0.0,0.0
RN,0.0047325435257229,0.0952509276155114,0.0576995960993777,0.0056337106326444,0.0,0.0130111146658303,0.0100791793542964,0.0,0.00569622393372,0.0284744660536608,0.0,0.0,0.0,0.0,0.0,0.437136231513521,0.0046153291008301,0.007168045796197,0.0,0.0,0.0,0.0,0.0,0.0202198958009601,0.0,0.0,0.0,0.0062896196762396,0.0,0.0033445624100582,0.0,0.161584758524256,0.0,0.0,0.0,0.0,0.0634672615535843,0.0,0.0559328412112708,0.008743821721904,0.0,0.0119596734699704,0.0038298893511874,0.0,0.0896494090370833,0.0,0.0,0.0,0.0,0.0,0.0,0.0,0.0140210344639375,0.0,0.0088283335902649,0.0098786159546092,0.0396641770489343,0.003352196533401,0.0062047037150424,0.027043271342768,0.0321918788285626,0.0237980481632578,0.0629737386768191,0.0,0.0560578115863365,0.0036770235767375,0.0514311747357942,0.0178076658771713,0.0,0.0121679857231344,0.0,0.0,0.0,0.0058772690167826,0.03547109636865,0.0167343867197669,0.0180468529345527,0.0254948883182797,0.0,0.0,0.0,0.0116865277311414,0.0586954583676605,0.0,0.0044623004636896,0.0161013192024883,0.0038637465261747,0.0,0.0112919428551977,0.0078354693369609,0.0062174939601411,0.0059219710138476,0.0,0.0577513104476803,0.0729474935897547,0.0141235435538947,0.01521892693545,0.0321339122281003,0.227209400660784,0.0,0.020454121022749,0.0095960290160455,0.0384194412786776,0.0306049483913999,0.0,0.0,0.131424762689143,0.147688143185782,0.0051975731115228,0.0359289879994451,0.015116539283398,0.0234491888376454,0.0054504024669581,0.0,0.0,0.135497035228482,0.0,0.0137479480362436,0.0531265290275983,0.0423143724658788,0.0,0.0154927430455698,0.0,0.0514228455275267,0.0128446059472902,0.0466473551358726,0.0244164700572594,0.0,0.0471132809464339,0.0092872585574588,0.0126249265934752,0.0366661921055004,0.0,0.0101008963625141,0.107168174807223,0.0,0.0,0.109062636526616,0.116137080716225,0.010640106983811,0.038732011187518,0.0,0.0496985048900467,0.0139040694821241,0.0,0.0059570958654567,0.011687067371496,0.0,0.0080199695983944,0.0,0.0,0.331948864581416,0.261948786050363,0.0278096530418913,0.0410491205872746,0.0571338265293736,0.0,0.0108104520570495,0.0953322896052028,0.0354955416773096,0.0,0.0100613782139416,0.0,0.0487067537650624,0.26059748873207,0.208459217765464,0.0938876450233811,0.0,0.0065578979516256,0.0042756361657942,0.0063356829848575,0.0,0.0,0.0133437510630777,0.0768797322205876,0.0816872373570899,0.0070874241109323,0.0107617733905248,0.137824515738515,0.0499044917456081,0.013590111541802,0.261718072298016,0.0101888303643353,0.0406978233156759,0.0158207212382242,0.0,0.0,0.0620339192741499,0.0097733558274369,0.0,0.0061626487696534,0.046475834692365,0.0220266469852258,0.0247585892829755,0.0248412328111366,0.0044341688136619,0.0191141876488476,0.0519614979114323,0.0,0.0,0.0,0.0085284497546106,0.103269270011097,0.0056928669100679,0.0,0.0,0.029282610526031,0.284676885402127,0.0034951711588622,0.0,0.0,0.0,0.0,0.0,0.0,0.0,0.0,0.0,0.0302416287327803,0.0,0.0,0.0211010591653779,0.0,0.0,0.0124237941848119,0.0,0.0,0.0,0.0,0.0,0.0,0.0,0.0,0.0,0.0,0.0,0.0,0.142971222918084,0.0,0.0,0.0491872596861595,0.0,0.0,0.0,0.0,0.0252258141459346,0.125038754374624,0.0176479531643511,0.0422437869116948,0.0,0.0,0.394351627335384,0.0,0.0309327330251799,0.0,0.0,0.0,0.0,0.0,0.0,0.101683763793851,0.0,0.0,0.0,0.0,0.0421903806240091,0.0,0.0,0.0061230830428549,0.0051139497524218,0.0049117724191786,0.0035690658001645,0.0,0.0337198579653908,1.00316097972893,0.0070483008385193,0.0220798392415888,0.0,0.0251440298577303,0.0,0.0,0.0,0.0,0.0034205102389265,0.0,0.0,0.0249021284279214,0.0,0.0,0.0,0.0,0.0571316303784296,0.0,0.0218895548246221,0.0186314830652409,0.0,0.0,0.0,0.0,0.0,0.0,0.0,0.0047078800573439,0.005250162419426,0.0,0.0,0.0,0.0306776231827751,0.0,0.0293502649767108,0.0,0.0066564048710811,0.102469113428955,0.0,0.143635990329153,0.0084335231434696,0.0105146263650815,0.0354935688209186,0.0088621436522948,0.0,0.0049501426657296,0.0,0.0,0.0,0.0288201767776363,0.0,0.0293052370871822,0.0350734003990403,0.0063539566209527,0.0,0.0,0.0063941260501312,0.0267659402660951,0.0291546373528316,0.0388944101571138,0.0,0.0,0.0038797490479477,0.0,0.0,0.0,0.0,0.0,0.0155007434652001,0.0,0.0931981122896948,0.057333510073655,0.0446873212303682,0.0308450533932455,0.141069521184782,0.0,0.0,0.0,0.0,0.0,0.0,0.0,0.0,0.0,0.0,0.0487098593734958,0.0243152706778439,0.0,0.0,0.0,0.0,0.0,0.0129645141842912,0.0041091281436448,0.0,0.0,0.0551580016948281,0.0,0.0171200010638899,0.0105447368273463,0.0620105208215704,0.0,0.0,0.0,0.0225049543781113,0.0189857241851322,0.0505906241293421,0.04008974894594,0.0,0.0,0.0,0.0,0.0,0.0,0.0,0.036286276407677,0.0,0.0765597795282581,0.0213271241748265,0.0,0.0,0.0362277390544228,0.0,0.0,0.0,0.113908024699684,0.0,0.0490753426029339,0.0201245336329019,0.0,0.0,0.0,0.0,0.0,0.0,0.0,0.0,0.0,0.0,0.0,0.0,0.0307400245086043,0.0230832802176781
RR,0.005599046691024,0.0157422246092147,0.0127969898257656,0.0272256991465799,0.0,0.0113156577466113,0.009196660294454,0.0051436331674894,0.0093469777127949,0.0033358245262841,0.0,0.0,0.0,0.0,0.0,0.0350240731289824,0.0,0.0,0.0,0.0,0.0,0.0,0.0,0.0239305822269022,0.0,0.0,0.0,0.0249585021496339,0.0,0.0,0.0,0.0151884554638379,0.0,0.0,0.0,0.0089007888652736,0.0156922598067481,0.0,0.0212854193489541,0.0,0.0,0.0037501344634635,0.0044861633461761,0.0,0.0140368152570013,0.0,0.0,0.0,0.0,0.0,0.0,0.0,0.0090441018064753,0.0200204997049356,0.033468428976573,0.0291363974662934,0.0040416845368772,0.0,0.0114666305185344,0.0098578105724583,0.0133797978525198,0.007974337043698,0.02313686097762,0.0,0.0047247667371903,0.0,0.0071953898926208,0.0,0.0,0.0,0.0,0.0,0.0,0.0038966559116426,0.0131441382802126,0.0,0.0188289161646078,0.0036215365231462,0.0,0.0,0.0,0.0120380179788601,0.0055782666547744,0.0,0.0,0.0,0.0039066172171195,0.0,0.0102700244641391,0.0049483553614052,0.0042938282314948,0.0,0.0,0.0036209473403253,0.010569719195606,0.014956412109407,0.0163106874804539,0.00581933377801,0.0294050896782505,0.0,0.0,0.0065348088502847,0.0106695552450311,0.0091940879646566,0.0,0.0,0.0144123060816405,0.0162694528785636,0.0,0.0169451884887352,0.010778164582946,0.014673705252675,0.025679339662696,0.0,0.0,0.0224930617104173,0.0,0.0,0.020082191104453,0.0113539456458605,0.0,0.0037112049454136,0.0,0.0139629811809993,0.0,0.0048316535336988,0.0042278095831273,0.0,0.0221537649058883,0.0,0.0,0.0118417179039147,0.0,0.0076622785179802,0.0357805911564671,0.0,0.0,0.0220343506765627,0.0146206096886225,0.0,0.0,0.0,0.0,0.0108638905304632,0.0,0.0,0.0128217240816911,0.0,0.0068497728842222,0.0,0.0,0.0268364774633172,0.0508144027855531,0.0,0.0,0.0,0.0,0.0101085998514734,0.0169789642336391,0.0062260581796862,0.0,0.0130532990261819,0.0,0.0070443934634749,0.0659964236062004,0.0734659749364055,0.0271067972800557,0.0,0.0,0.0041502728450546,0.0,0.0,0.0,0.0,0.0063982733968646,0.0033891154919362,0.0,0.0,0.005203265428213,0.0,0.0040838242314964,0.0191093322417293,0.0,0.0080763908548993,0.0,0.0,0.0,0.0175218880203297,0.0075096172267728,0.0,0.0,0.0040567702521677,0.0048722742480569,0.0,0.0,0.0077931404133496,0.0,0.0,0.0,0.0,0.0,0.0,0.0156135710003238,0.0,0.0,0.0,0.0038634182170392,0.0258832352232166,0.0,0.0,0.0,0.0,0.0,0.0,0.0,0.0,0.0,0.0,0.0045377167363046,0.0,0.0,0.0,0.0,0.0,0.0,0.0,0.0,0.0,0.0,0.0,0.0,0.0,0.0,0.0,0.0,0.0,0.0,0.0,0.0,0.0,0.0081364286736507,0.0,0.0,0.0,0.0,0.0072205672009655,0.0,0.0139667205292525,0.0,0.0,0.0,0.0053185553303232,0.0,0.005326823864998,0.0,0.0,0.0,0.0,0.0,0.0,0.0,0.0,0.0,0.0,0.0,0.0,0.0,0.0,0.0040086588681723,0.0,0.0,0.0,0.0,0.0042971230803677,0.0037905439930858,0.0,0.0,0.0,0.0,0.0,0.0,0.0,0.0,0.0,0.0,0.0,0.0050400220727183,0.0,0.0,0.0,0.0,0.0036895511576759,0.0,0.0043917901843605,0.0036633219112208,0.0,0.0,0.0,0.0,0.0,0.0,0.0,0.0,0.0,0.0,0.0,0.0,0.0082980335958011,0.0,0.0,0.0,0.0041108856336119,0.0159917567037416,0.0,0.0,0.0,0.0,0.0071062457744524,0.0,0.0,0.0,0.0,0.0,0.0,0.0078587662052105,0.0,0.0,0.0073625508932692,0.0038438830473815,0.0,0.0,0.0,0.004583449340275,0.0,0.0051423277414636,0.0,0.0,0.0,0.0,0.0,0.0,0.0,0.0,0.0074300948117307,0.0,0.0,0.0099759251005472,0.0051629682350475,0.0,0.0206898186755295,0.0,0.0,0.0,0.0,0.0,0.0,0.0,0.0,0.0,0.0,0.0135285131152685,0.0098943896512801,0.0,0.0,0.0,0.0,0.0,0.0034766915059347,0.0,0.0,0.0,0.0,0.0,0.0080408202536575,0.0046923025963863,0.0126737108169615,0.0,0.0,0.0,0.0,0.0,0.0050914435829827,0.0045055865607293,0.0,0.0,0.0,0.0,0.0,0.0,0.0,0.0,0.0,0.0123583873847279,0.0,0.0,0.0,0.0072861944977511,0.0,0.0,0.0,0.0167122795957182,0.0,0.0,0.0,0.0,0.0,0.0,0.0,0.0,0.0,0.0,0.0,0.0,0.0,0.0,0.0,0.0125325517459414,0.0056935004679815
RSPagl,0.0,0.709799512396575,0.838176824285865,0.0,0.197909283869771,0.0035469500211158,0.0,0.0,0.0,0.0,0.238974578902134,0.283971865878653,0.0,0.0,0.0,0.0058395651128725,0.0,0.311223076292208,0.240759650481019,0.183152391723987,0.395882315653729,0.005628337596155,0.0037528110556405,0.0,0.0360413184330454,0.006098833738914,0.0,0.0,0.0,0.206963718411085,0.0,0.0036228832650143,0.0195242443389429,0.0,0.0,0.0,0.0098076742347075,0.0,0.0,0.0,0.0087289379874255,0.0,0.0,0.0,0.0,0.114373619199452,0.158110249048153,0.169190354340125,0.0053561488623013,0.0054503557966802,0.0,0.0,0.0340601623301347,0.0,0.0102646975117648,0.0042777094869441,0.0,0.0,0.0,0.0,0.0,0.0,0.374766674107783,0.0,0.0,0.0,0.0,0.0,0.0079679289016875,0.0,0.698602025258205,0.0235362016073173,0.0086478425703962,0.051997882541076,0.0,0.16666052148563,0.0088769169505165,0.0,0.0053104990308349,0.0,0.0,0.0,0.0,0.0191912205225138,0.0,0.0,0.0,0.0037463512766204,0.0,0.0,0.0,0.0046034500168859,0.0,0.0284106937186467,0.132741995090866,0.0047907809792588,0.0061544127586369,0.0,0.0098390483077448,0.0130765983492438,0.0,0.0,0.0,0.0,0.0,0.0,0.0,0.0,0.0,0.193674203308101,0.492305426319574,0.589180151426477,0.0,0.0,0.0,0.0,0.0562050463532578,0.0,0.0,0.0,0.114932838981585,0.0154293108604396,0.0,0.0,0.0,0.0,0.0,0.0,0.178688270732419,0.0036811305892881,0.101053146762411,0.0120642623527681,0.0229020871186764,0.0,0.0,0.0376358763926365,0.0,0.0,0.0,0.0,0.0,0.14613207312237,0.953624279903606,0.0,0.026096836466365,0.0047205654491536,0.0038442077147326,0.0,0.0,0.089249577056369,0.0304979279601291,0.023101732302427,0.0174733873110862,2.27635475376042,1.85808293372579,1.36055334233798,0.160241861860616,0.0,0.0069883943256382,0.0083544172808115,0.0047990791776399,0.0,0.0,0.0113111709161889,0.0148670939574991,0.0066332687888458,0.0,0.0,0.0,0.0,0.0,0.0,0.0,0.0,0.0649029725644733,0.167285821428647,0.0,0.0,0.460004880396878,0.0309084573531735,0.0336223460126829,0.0,0.0,0.0,0.0,0.287865578367472,0.0,0.0,0.0067281568409604,0.0,0.0,0.0,0.166082240213335,0.0,0.0,0.0,0.641447546703145,2.74823000862006,0.760081227209737,0.396051218032134,0.933466056557434,2.65616320197367,0.011258335067004,0.0,0.123752920628236,0.0243688728899116,0.0,0.0246198516324706,0.0,0.0,0.0632457772965327,0.0498571594492332,0.0,0.0,0.0,0.0,0.0,0.0,0.0,0.0,0.0,0.0,0.0043154714360209,0.0,0.0,0.0,0.0361413090293772,0.0230868702951442,0.0076232247226227,0.0,0.0,0.0,0.0,0.005252315579727,0.0,0.0,0.0,0.0,0.0,0.0,0.0,0.0,0.0,0.0,0.0,0.0104775087867109,0.0,0.0,0.0,0.0,0.0,0.0,0.0,0.0,0.0040630144035649,0.0193543162899754,0.0108466689913288,0.0,0.0,0.0,0.0,0.0,0.0,0.0,0.0,0.0,0.0,0.0,0.0,0.0,0.0,0.0035649978382736,0.0,0.0,0.0,0.0,0.0,0.0,0.0,0.0,0.0,0.0,0.0,0.0,0.0,0.0,0.0,0.0,0.0,0.0,0.0,0.0,0.0,0.0,0.0,0.0,0.0,0.0,0.0,0.0,0.0085918729136395,0.0,0.0074184388281172,0.0166982006713924,0.0,0.0,0.0,0.0,0.0140353365153907,0.0,0.0,0.0,0.0,0.0,0.0,0.0,0.0,0.0,0.0036345309111292,0.0049791877359644,0.008068242436977,0.0,0.0,0.0,0.0,0.0,0.0,0.0,0.0,0.0041351923015825,0.0,0.0,0.0,0.0,0.0,0.0,0.0,0.0049810953304503,0.0068593753369078,0.0,0.0,0.0,0.0,0.0,0.0,0.0,0.0,0.0,0.0,0.0,0.0,0.195631584551541,0.0,0.0,0.0087311101206303,0.0,0.0,0.0,0.0595148481317965,0.0053321638537882,0.0,0.0,0.243180726403121,0.180881679807263,0.184922791351838,0.0,0.0,0.0,0.0,0.0,0.0,0.0,0.005266782872024,0.0,0.0,0.0,0.0,0.0,0.0,0.0,0.0,0.0,0.0,0.0203489322079219,0.0372104226559709,0.0,0.0,0.106520041086275,0.0096872649728954,0.0037987154593065,0.01410149053213,0.005267791297101,0.0,0.0,0.0162425580087366,0.0,0.0,0.0071470598080986,0.0,0.0,0.0,0.0,0.0,0.0,0.0,0.0966164578921636,0.556249271723775,0.0946044550924122,0.0467684376977376,0.139938903074094,0.407661606436238,0.0,0.0,0.0,0.0,0.0,0.0,0.0
RSPd,0.0,1.38530150515649,1.41127352318085,0.0,0.740060335340912,0.0079513518566479,0.0035618664007114,0.0,0.0,0.0,0.294074236413672,0.341440241628483,0.0,0.0080650831755497,0.0,0.0,0.0,0.105392960141033,0.108922118357411,0.145506853021693,0.951674564774144,0.0099931594507203,0.0064694549699459,0.0,0.0501477502027785,0.0082075129144151,0.0060299194013895,0.0,0.0,0.433266440021356,0.0057929541406234,0.0,0.0249464207863664,0.0,0.0,0.003330418313003,0.0060806752624238,0.0,0.0,0.0,0.0165053441806477,0.0,0.0,0.0051608568361234,0.0,0.112292373255299,0.206698101910449,0.247721462555063,0.0097837178290701,0.0096954384039216,0.0,0.0,0.025582932833379,0.0,0.0058781174064983,0.0,0.0,0.0,0.0,0.0,0.0,0.0,0.187988986847711,0.018202346268185,0.0,0.0,0.0,0.0,0.0144254799069438,0.0,2.49924412165214,0.0623097841410779,0.0237276682631297,0.0850575115269574,0.0046809646570269,0.324730027811139,0.0214988363483317,0.0,0.0140592316435289,0.0,0.0,0.0,0.0,0.0717180769940548,0.0,0.0,0.0,0.0,0.0,0.0,0.0086669566745911,0.0048733512147481,0.0038897927884514,0.0164045706612664,0.27955814935093,0.0100226911799241,0.0135571079931596,0.0,0.0053116829368785,0.030314552770914,0.0,0.0038930282459472,0.0115675011359991,0.0,0.0,0.0,0.0037095291511673,0.0,0.0,0.122877740716657,0.329886376607001,0.378984252794217,0.0,0.0042877150102254,0.0,0.0,0.103091149627888,0.0,0.0,0.0082868389456307,0.113016761921155,0.212690019433033,0.0,0.0,0.0,0.0,0.0,0.0,0.123196019588817,0.0039613234289726,0.18940429583041,0.0061070493622041,0.0496797307741136,0.0,0.0,0.0725403801538115,0.0,0.0,0.0,0.0,0.0,0.162837181786092,1.21209932703734,0.0,0.0381441633025191,0.0051384328726823,0.0076700512040659,0.0,0.0061092788114362,0.101206591787673,0.0338645864913039,0.0133071600116085,0.0093820689399727,2.28836904489468,4.92731191473374,5.14198525798676,0.423832962539643,0.0057111037602802,0.0082756356730886,0.016487826773247,0.012875312803798,0.0,0.0,0.026623619423628,0.0083359952706169,0.0038086855545982,0.0,0.080752394867574,0.0,0.0192802151129152,0.0,0.0,0.0,0.0,0.10775411272486,0.0504166383985499,0.0,0.0,0.312307465940739,0.027702609114138,0.0101514443342581,0.0051986301262443,0.0,0.0,0.0,0.263827549705454,0.0,0.0,0.0155532633166804,0.0,0.0,0.0,0.239289902885213,0.0,0.0,0.0,0.783366006478071,3.04845691970264,0.910883087854335,0.454375479720314,0.88863795248465,2.98257268992078,0.0390145350440091,0.0,0.328938375259889,0.0204098983494085,0.011650884422021,0.0152753132873699,0.0,0.0,0.1583605668246,0.0903966772311673,0.0,0.0,0.0,0.0,0.0,0.0,0.0,0.0,0.0,0.0,0.0072852726218636,0.0,0.0,0.0,0.0062926521157572,0.0037985825995627,0.0,0.0,0.0,0.0,0.0,0.0087149636494735,0.0042264232378196,0.0,0.0,0.0,0.0047190042158178,0.0066927223994472,0.0,0.0,0.0,0.0,0.0,0.011047440964282,0.0,0.0,0.0,0.0,0.0040220628317005,0.0,0.0,0.0,0.0048749074112946,0.0146473772981628,0.0121680286569446,0.0040025193430337,0.0,0.0,0.0,0.0,0.0,0.0,0.0,0.0,0.0,0.0,0.0,0.0,0.0,0.0049725425507518,0.0,0.0034146335390052,0.0,0.0,0.0,0.0,0.0,0.0047836006262921,0.0,0.0,0.0,0.0,0.0,0.0,0.0,0.0049893464879777,0.0,0.0,0.0,0.0,0.0,0.0,0.0039782347262337,0.0,0.0039865294945093,0.0,0.0033189559881588,0.0,0.0124279473294386,0.0036924957525783,0.0034481222147403,0.0494926654027248,0.0,0.0,0.0,0.0,0.0320942776508339,0.0,0.0035794546946169,0.0,0.0,0.0,0.0,0.0,0.0,0.004726747423653,0.0,0.0,0.0,0.0,0.0,0.0,0.0,0.0034420939754424,0.0,0.0,0.0,0.0049423825702566,0.0065346142138214,0.0,0.0,0.0,0.0,0.0041697704753622,0.0,0.0044242629380983,0.0099177024370437,0.0059205094141255,0.0,0.0040413619747301,0.0,0.0,0.0,0.0,0.0,0.0,0.0,0.0,0.0,0.204592051659497,0.0,0.0,0.0124910701650854,0.0,0.0,0.0,0.0933281425639144,0.0087392999298222,0.0,0.0,0.247223114639636,0.583249303735381,0.734149103119663,0.0,0.0,0.0,0.0,0.0045271506293378,0.0,0.0,0.0090186514127848,0.0,0.0,0.0,0.0,0.0,0.0041836045958813,0.0,0.0,0.0,0.0,0.0169686816602637,0.0067528630175105,0.0,0.0,0.0541259303692331,0.0045904625442561,0.0,0.0132125432461026,0.0077479157163623,0.0,0.0,0.0106699032344397,0.0,0.0,0.0174081510737329,0.0,0.0,0.0,0.0,0.0,0.0,0.0,0.0817354450906766,0.575783470754689,0.0892461060159258,0.0473616992294554,0.0916449550742421,0.558024577067939,0.0,0.0,0.0,0.0,0.0,0.0,0.0042168832664551
RSPv,0.0,0.905837826352862,0.81267754765191,0.0,4.42026182522886,0.023822145575823,0.0,0.0,0.0,0.0,0.873350230709997,0.754557387283745,0.0,0.0,0.0,0.0108290373371445,0.004565900044886,0.0124951382347061,0.0085109872820135,0.0104123286800294,3.93824131237306,0.0069869586836019,0.0044458721393763,0.0,0.388112855447234,0.062776531646233,0.0399747562127794,0.0,0.0,0.970727556006506,0.006160614467383,0.008539870121588,0.0654289322045145,0.0,0.0,0.0041905301245468,0.0115428106576757,0.0,0.0,0.0,0.202304966464408,0.0033394977656338,0.0,0.0059715710127708,0.0,0.0107403545522233,0.183584926170826,0.319472115149789,0.0078928988939276,0.0068259133068655,0.0,0.0,0.006132633263028,0.0,0.0038024618687076,0.0,0.0,0.0,0.0,0.0,0.0,0.0037912234227799,0.10764843638604,0.0240434334461704,0.004867823993426,0.0,0.0107198599847069,0.0,0.0104728662903577,0.0,1.72622475603343,0.0367505621526761,0.0154986550472047,0.033828957293901,0.0121708890809594,0.103487629915979,0.0629054802684376,0.0,0.0253998150177775,0.0044793988097123,0.0,0.0,0.0,0.330688751636116,0.0,0.0,0.0,0.0,0.0,0.0,0.0092776492727808,0.0059042903251592,0.0,0.0123822550030141,0.219505173496919,0.0302447396407363,0.0404931583220566,0.0260629902730875,0.0113235903546122,0.106599023962571,0.0,0.0136948441507544,0.0169992498337038,0.0,0.0,0.0,0.0243236099734686,0.0152572695123095,0.0,0.0194634399300839,0.0509793580699308,0.0526209516300346,0.0,0.0,0.0,0.0094854538059023,0.204084149685023,0.0,0.0,0.0130563955074882,0.0108585654998309,0.0738526832904987,0.0,0.0,0.0,0.0049373656772252,0.0050268655907512,0.0,0.0473813502797908,0.0049630361132265,0.0997067443319729,0.0,1.77657545013829,0.0,0.0055278565989636,0.27402548317233,0.0,0.0,0.0,0.0,0.0,0.321961792799673,0.652123748968894,0.0095787740852666,0.0701705315694061,0.0062740748341698,0.0234500491518057,0.0,0.0186429632158315,0.400505518602015,0.0802126237237874,0.0145182206071045,0.0059824405164018,1.5758024610059,4.61532454204398,6.914159700199,0.394363064077163,0.0173174166889418,0.0372662458167079,0.0958667539681734,0.0231327911790466,0.0,0.0,0.0449827854170152,0.0,0.0,0.0,0.0374623103360466,0.0089831300145889,0.0091767251660135,0.0,0.0,0.0,0.0,0.0542408469971826,0.0325206988922841,0.0,0.0,0.185107335801361,0.0140245265744323,0.0,0.0068505678197623,0.0056032583124025,0.0,0.0,0.0282847095004446,0.0,0.0,0.0541791498603095,0.0037445674039599,0.0050430468406415,0.0,0.483878352411074,0.0,0.0,0.0,0.203833719163053,1.72700997496491,0.226563715080309,0.132391406790359,0.134749956983001,1.93012212629109,0.0213731935584484,0.0037540387432301,0.216148486855966,0.009890345824468,0.0068474994614176,0.0097051840076293,0.0,0.0,0.171804123954054,0.0979404765877613,0.0,0.0260736748559886,0.004006512932744,0.0,0.0,0.0,0.0,0.0040042496256865,0.0036130287645241,0.0,0.0044164413242175,0.0,0.0,0.0,0.0,0.0,0.0,0.0226953980774963,0.0,0.0,0.0,0.0165030019260914,0.0068667695242125,0.0,0.0,0.0,0.0071734808046626,0.0048691147239476,0.0035447782796808,0.0,0.0,0.0,0.0,0.0071197388811128,0.0,0.008200014100324,0.0,0.0049640976357135,0.0037025147172773,0.0,0.0,0.0,0.0,0.0076612421460803,0.0079228865491244,0.0,0.0,0.0,0.0,0.0034443235672745,0.0,0.0,0.0,0.0,0.0,0.0,0.0,0.0,0.0055130031043047,0.0045115360193416,0.0,0.0039424115434312,0.0,0.0054322260042289,0.0,0.0,0.0,0.0144782543542801,0.0,0.0037862074164138,0.0,0.0055014729616845,0.0,0.0078649150051804,0.0,0.0091484955024213,0.0,0.0,0.0,0.0035963532596489,0.0,0.0,0.0,0.0,0.0059045231128676,0.0,0.0056128265332996,0.0,0.0101888987378601,0.0,0.0042044506668809,0.052807645050243,0.0046266471141983,0.0057863480033671,0.0042775329905244,0.0035907054670003,0.0792615962071593,0.0,0.0089511731316853,0.0036940134280494,0.0,0.0,0.0,0.0,0.0048256340509529,0.005235533930616,0.0,0.0,0.0,0.0,0.0,0.0,0.0,0.0058996402102227,0.0,0.0,0.0044345664716249,0.0,0.0066032773139057,0.0,0.0,0.0,0.0034554556596512,0.0033507465798402,0.0,0.0044493204622643,0.0082068445252298,0.0052547965814727,0.0,0.013670821464563,0.0047303853951208,0.0075452978006872,0.0049938833610655,0.0,0.0,0.0,0.0,0.0,0.0,0.117471159382074,0.0,0.0042363329917726,0.0107064458070486,0.0039653509335379,0.0,0.0039279039225184,0.232476004253726,0.0208306098672225,0.0,0.0,0.171803395854018,0.805205594264413,1.27108360746611,0.0054286488780131,0.0034543952424865,0.0,0.0,0.0082982688508305,0.0,0.0,0.020527075657414,0.0,0.0,0.0,0.0034594803760283,0.0,0.0041249539519577,0.0,0.0,0.0,0.0,0.0134223327611376,0.0140318370905409,0.0,0.0,0.0547396142046843,0.0069636945708658,0.0,0.0236453296280114,0.0061259011120473,0.0,0.0,0.0,0.0,0.0,0.0408046139730907,0.0,0.0,0.0,0.0,0.0,0.0,0.0,0.0189606794312038,0.365099617458832,0.0178955018692297,0.0172047162625843,0.0080147800440944,0.340077106032117,0.0,0.0,0.0037490512679467,0.0,0.0,0.0041416390029467,0.0049378645402675
RT,0.0637911423962053,0.417528172128837,0.355687501259749,0.0093829101558201,0.322769872493737,0.0278491608451439,0.0867915754693362,0.0371758317935865,0.0774289148594893,0.0,0.228636256510225,0.295106102751018,0.0,0.0,0.0038459437401042,0.0131238107416162,0.0150712374748935,0.141579702146278,0.186701065009728,0.202945080731755,0.472531669525755,0.0178446116785501,0.0211713294969479,0.114530188366169,0.0134072824187066,0.0,0.0,0.137140663324357,0.0,0.290554058350154,0.0037599559838187,0.0112213655433014,0.385730891272114,0.0108628251039322,0.0100926916146483,0.0626004700581416,0.0073479670981018,0.0,0.0065756612861584,0.0,0.0071599551821858,0.0182877879740107,0.0,0.0161093351360122,0.0092269435932587,0.0785962599460066,0.0128573500430131,0.0244895214671759,0.0087080711872326,0.0175095502706819,0.0,0.0,0.130929874690722,0.0739644955873371,0.828533059672181,0.387271502175459,0.0,0.0648350391377229,0.0666319076646445,0.0044211769917545,0.0,0.0071694146914333,0.274709362164724,0.38889879666572,0.0,0.0,0.0087078157029012,0.0,0.0115995784545304,0.0,0.373507958981552,0.579825828570386,0.434582027962798,0.191286188851503,0.0789679397993981,0.409300306939064,0.0404097092671825,0.0,0.0165236080366731,0.0077779178135481,0.0049341337466758,0.0552941616907024,0.0,0.337975242578783,0.0,0.0,0.0381595217575487,0.353786021126971,0.258853657073042,0.297323362672503,0.188334858012501,0.0055582423518656,0.0,0.186123380119923,0.252965002628924,0.0217677693812348,0.02532575002576,0.0426858568929815,0.0175029999036144,0.0106701352267835,0.003293141332898,0.0328455010540381,0.0605996477464599,0.0,0.0111128058954666,0.0,0.0300432059965624,0.0305657070273742,0.0,0.224918389315958,0.191495646640696,0.249805993908773,0.0172093578927738,0.021168209268097,0.0094755991728992,0.0129056396876861,0.0296430599592607,0.0,0.0066459936050965,0.0539154799194062,0.0780162007589477,0.17576839287474,0.0,0.0,0.0,0.0,0.0215074069493587,0.0047337095363647,0.25272782880561,0.00839432942844,0.371272899836079,0.284448238181669,0.0453965101675361,0.267302997397888,0.0207733736646033,0.0253930736089174,0.0,0.0060378825462863,0.0,0.0,0.0,0.156040610915277,0.378477352968363,0.0227378512344958,0.207769635189904,0.0080037817899307,0.0171840691420383,0.0,0.0241873521042508,0.262724764604993,0.396936102636037,0.0180635766645682,0.0392443196661166,0.408731376434786,0.397714383532929,0.437661698032483,0.779667922896706,0.021378597594154,0.0109295199246832,0.0084645428115048,0.0128302109116556,0.0570217932861099,0.0,0.356315521291682,0.0694753934838935,0.0802402217134357,0.0,0.215490381766054,0.202857201290747,0.299073049665704,0.0,0.0,0.0,0.0,0.27982769320822,0.229027200766719,0.19127263201974,0.222819220565147,0.398452030169146,0.229666482009139,0.118645082325848,0.0566536331589135,0.0081176892082463,0.0,0.0,0.136536593746536,0.005990973645193,0.0,0.0524733781858285,0.0089697309681309,0.0198336028722487,0.0,0.643347236475546,0.0,0.0,0.0449281145695628,0.312589299292543,0.743163780270611,0.251984043051877,0.165315863183107,0.188552355099909,0.702381166172776,0.565258584524744,0.018605368816645,0.577559243847825,0.451994768713643,0.268136895933665,0.0221167206529265,0.0,0.0,0.004348680034771,0.0118325498039405,0.0,0.0,0.0,0.0,0.0,0.0,0.0,0.0073080610930343,0.0055045653323756,0.0,0.0,0.0,0.0056889048762771,0.0,0.0,0.0,0.0,0.0,0.0,0.0,0.0,0.0,0.0,0.0,0.0,0.0,0.0,0.0,0.0,0.0513042286234446,0.0,0.0,0.0,0.004978218813661,0.0,0.0,0.0044650768844713,0.0,0.0,0.0314222532428237,0.0,0.0,0.0,0.0,0.0,0.0,0.0,0.0,0.0,0.0,0.0,0.0107207983355496,0.0045192112013667,0.0,0.0,0.0,0.0,0.0,0.0,0.0432206298986266,0.0348531947569532,0.0036903734270964,0.0310040985843958,0.0,0.0,0.0,0.0057710228650027,0.0,0.0,0.0,0.0374254820380144,0.0,0.0,0.0,0.0,0.0,0.0,0.0,0.0,0.0,0.0113771783854688,0.003352421299915,0.0,0.0,0.0,0.0,0.0,0.0436586677129706,0.0,0.0,0.0,0.0,0.0,0.0,0.0299084416514051,0.0,0.0049392437609936,0.0047043217711202,0.0,0.0071987560307164,0.0054714178297112,0.0,0.0049918859053534,0.0181799694906892,0.0268603867087787,0.0297590776367684,0.0,0.0043210886738176,0.0,0.0,0.0,0.0,0.0041417477367098,0.0,0.0,0.0,0.0060739192332877,0.0,0.0,0.0,0.0,0.0045200557709842,0.0042315604355226,0.0,0.0,0.0079068736724819,0.0,0.0,0.0,0.0057846966418833,0.0,0.0,0.0,0.0,0.0,0.0,0.0059489641116054,0.0071443213314171,0.0085892186978744,0.0,0.0,0.0288469796963415,0.0,0.0,0.0,0.0,0.169648235622429,0.0612585589690815,0.0,0.0,0.0,0.0,0.0,0.0,0.0,0.0,0.0,0.0,0.0,0.0,0.0328516218408456,0.0,0.0,0.0,0.0445273742393021,0.0351105193401586,0.0,0.0035236473727464,0.0,0.0,0.0,0.0,0.0,0.0,0.0,0.0,0.0,0.0,0.0,0.0,0.0033364329018113,0.0056309686308948,0.0,0.0,0.0,0.0,0.0,0.0,0.0052163844934116,0.0,0.0,0.0,0.0,0.0,0.0,0.0,0.0,0.0,0.0,0.0,0.0,0.0,0.0,0.0112619115477455,0.0,0.0277692954776419
SBPV,0.0233729407359488,0.0,0.0098618217387842,0.0,0.0,0.0436709853788601,0.0,0.0,0.0,0.0,0.0043222991169282,0.0037864885915783,0.0,0.0,0.0,0.0035737297068907,0.0609185839450252,0.0,0.0,0.0,0.0,0.0127922533598579,0.0133130085973642,0.0200345596546743,0.0063080329144572,0.0,0.0,0.0054924215956934,0.0,0.0,0.0,0.0,0.0035697607009976,0.0039316219015141,0.0090668951280779,0.0,0.0,0.0,0.0,0.0,0.0033583715638822,0.0331746766581623,0.0,0.0,0.0,0.0,0.0033635638294331,0.0063513989631389,0.0037555270507986,0.0110838970095196,0.0,0.0,0.0,0.0,0.0,0.0,0.0,0.0,0.0110816198875263,0.0,0.0,0.0,0.0563506321319866,0.0,0.0,0.0,0.0,0.0,0.0081795850696413,0.0,0.0,0.0,0.0,0.0120828218967255,0.0197494356920709,0.0,0.0263432924302035,0.0,0.0,0.016327370158146,0.0164082823332088,0.0,0.0,0.0036244362710895,0.0,0.0,0.0167289000693555,0.0,0.0112086491474878,0.0055433097750491,0.0140481032684195,0.0104465250613948,0.0,0.0,0.0,0.0406737647942574,0.033016675147268,0.0152734766004521,0.0,0.0366686918816593,0.0,0.0038635960851359,0.0058463899779966,0.0,0.0,0.0,0.0079589253822513,0.0204744746783059,0.0,0.0,0.0045676286086162,0.0,0.0047866004486844,0.020028270281091,0.0046851257297195,0.0035155362106078,0.0042846271183113,0.0,0.0041585127738642,0.0055572505496241,0.0,0.0,0.0,0.0,0.0,0.0,0.0136387869644613,0.0,0.0076912356891112,0.0165294748007736,0.0,0.007800262932044,0.007119072635343,0.0084753078352027,0.0,0.0063487005822405,0.0,0.0,0.0,0.0,0.0,0.0406520213216438,0.0,0.0473952219991241,0.0398624184575833,0.0296392264139218,0.0447856207364164,0.0,0.0542379319242793,0.0199795039209053,0.0,0.0,0.0,0.0,0.0,0.0,0.0,0.0539597747420631,0.0,0.0,0.0095305586160387,0.0,0.0,0.0,0.0,0.0,0.0,0.0,0.0,0.0043412322314243,0.0,0.0,0.0,0.0,0.0,0.0,0.0,0.0,0.0,0.0,0.0,0.0,0.0088039647383886,0.0,0.0,0.0,0.0047683526870557,0.0,0.0430614923800643,0.0,0.0497822604101636,0.0,0.0,0.0,0.0,0.0,0.0,0.0,0.0,0.0,0.0,0.0,0.0,0.0555741109739705,0.0,0.0,0.0,0.0,0.0,0.0,0.0,0.0,0.0,0.0,0.0,0.0,0.0,0.0,0.0,0.0,0.0,0.0,0.0,0.0,0.0,0.0057654744121597,0.0,0.0,0.0,0.0,0.0,0.0,0.0,0.0,0.0,0.0,0.0,0.0,0.0,0.0,0.0,0.0,0.0,0.0,0.0,0.0,0.0,0.0,0.0,0.0,0.0,0.0,0.0,0.0,0.0,0.0,0.0,0.0,0.0,0.0,0.0,0.0,0.0,0.0,0.0,0.0,0.0,0.0,0.0,0.0,0.0,0.0045647297215279,0.0,0.0,0.0,0.0,0.0,0.0,0.0,0.0,0.0,0.0,0.0,0.0,0.0,0.0,0.0,0.0,0.0,0.0,0.0,0.0,0.0,0.0,0.0,0.0,0.0,0.0,0.0,0.0,0.0,0.0,0.0,0.0,0.004423476626905,0.0036798134245642,0.0,0.0,0.0041151828359383,0.0,0.0,0.0,0.0,0.0,0.0,0.0,0.004140851321628,0.0,0.0,0.0,0.0,0.0,0.0,0.0,0.0,0.0,0.0,0.0,0.0,0.0,0.0,0.0,0.0,0.0,0.0,0.0,0.0,0.0,0.0,0.0,0.0,0.0,0.0,0.0,0.0,0.0,0.0,0.0,0.0,0.0,0.0043014379862754,0.0,0.0038584822379557,0.0045166758710201,0.0049611239136012,0.0055281349922552,0.0,0.0,0.0037260450101738,0.0,0.0,0.0,0.0,0.0,0.0,0.0,0.0034517337146281,0.0,0.0,0.0,0.0,0.0,0.0,0.0,0.0,0.0,0.0,0.0,0.0,0.0,0.0,0.0,0.0,0.0,0.0,0.0,0.0,0.0,0.0,0.0,0.0,0.0,0.0,0.0,0.0,0.0,0.0,0.0,0.0,0.0056686790581464,0.0,0.0,0.0,0.0,0.0,0.0,0.0,0.0,0.0,0.0,0.0,0.0,0.0042433624842431,0.0,0.0,0.0,0.0,0.0
SCm,0.0120339865403231,1.75735786008382,1.65596397869508,0.0,0.0,0.08364658832129,0.106570792770603,0.0561136754546051,0.0585137921825912,0.0526301020633361,0.0,0.0035745951655285,0.0,0.0,0.0,1.18995106672514,0.131047529222475,1.41941627057272,0.910044271162836,0.459696386789664,0.0088504564628058,0.0,0.0,0.010909715117209,0.0035353284037027,0.0,0.0,0.0181156102795766,0.0,0.0070667677651074,0.0204231868640876,0.192638464511557,0.0041747736311813,0.0,0.0,0.0,0.0557646364152127,0.0,1.95402674599788,0.008497578742249,0.0037166278700096,0.101024133062014,0.0120828849929229,0.0,0.244180393453264,0.11726125114747,0.0,0.0,0.0113231437506474,0.0,0.0,0.0,0.413556165688182,0.0053906017733392,0.0109097971065314,0.0082687119947294,0.0555415408208881,0.0539347124460798,0.0210100309413879,1.35305649768902,1.48348764462081,1.91983584028345,0.824607486705771,0.0061218181412684,0.043178952599244,0.008458164811135,0.032858792533854,0.033704690023435,0.0063476300939878,0.0057002939356756,0.0,0.0257265011194097,0.0532699387942821,0.0113273789155254,0.132464301847995,0.0540560641158045,0.0196124337637256,0.0411979155327852,0.0038577946130908,0.0,0.0,0.0,0.0655074409406845,0.0047314591637757,0.0124383869196649,0.0200885405713303,0.0135906430697121,0.153733887333483,0.388365802864175,0.231523522145408,0.0117485236982272,0.0180802234547737,0.0,0.364064865027502,0.880261245186712,0.019458297819133,0.0160959042516809,1.03438109102635,1.161344644811,0.0,0.0125859759440067,0.0,0.0241033184435256,0.378894435382876,0.0,0.0,1.37688851249218,0.876634575380384,0.0261962903019088,0.31138786048999,0.0909145734452016,0.175216664552423,0.0,0.0,0.0,1.19100925767653,0.0,0.02060937048006,0.162941795513968,0.0219588141861935,0.118020583627205,0.0163594583480264,0.0,0.0717253348118619,0.019768065609979,0.0723352820054505,0.063043718714146,0.0,0.412731863805938,0.0330481393676953,0.013599623757627,0.363900959277362,0.0108281417154358,0.313985535641349,1.46696017882335,0.0,0.0,0.148625227942,0.146073809657946,0.0074680776599569,0.290771271196952,0.0,1.33298502609941,0.0639656670341921,0.0064249259736973,0.033255567863814,0.0177631789678204,0.0,0.136065682176011,0.0,0.0,0.653292165706701,1.01401590760456,1.53234155559266,1.24631783090396,1.36373173367162,0.0039219664516512,0.0843054551498954,2.31596654913538,2.58098533149468,0.0035086734821597,0.0,0.0,0.0339288249257364,1.01742049268375,1.12688519096189,0.175919120479775,0.0094031260283665,0.0059742250898023,0.142120643992786,0.0048924562945946,0.0066471637494327,0.0134336310453795,0.0129757781918395,1.05364496172297,0.588023218876438,0.245416558978492,0.439853642979683,1.34553086790562,0.448567498573648,0.402344367077598,0.881743959780308,0.0286500097889899,0.257611052687551,0.0085913003778932,0.359100698485126,0.0,0.0876658528009129,0.0,0.0,0.106522385717556,0.241037278981496,0.0213939810386513,0.0125884437736399,0.0398893605013875,0.0821284729919096,2.18690936813737,2.30130035057104,0.790566477511505,0.251262750610307,0.536844076265514,1.34288134890683,0.0687102634279562,0.149232571742825,0.0,0.0,0.0182640856624966,0.38076530008805,0.0205845479160845,0.0079878343748679,0.0471435477242198,0.0752774170674904,0.0,0.0,0.0261007692714386,0.0145302885004777,0.0,0.0076103477289293,0.172828099490243,0.0,0.0,0.0055464661191449,0.0,0.0,0.304389338889338,0.0463322291151965,0.0270307734235721,0.0217458112051473,0.0212754547747458,0.0,0.0,0.0,0.0,0.0,0.0,0.0,0.0,0.0223937311079836,0.0,0.0055785901453991,0.0809026107645602,0.0,0.0,0.0,0.0,0.0270895843658611,0.0221062106375795,0.779723935224836,0.123181756532802,0.0,0.0300756579064743,1.36548514198833,0.0,0.102003043268958,0.0071539908520743,0.0,0.0,0.0,0.0,0.0,0.0304405535775091,0.0500811896054373,0.0,0.0,0.0,0.0736902243519586,0.0,0.0038966238400046,0.360099010202084,0.369937937038312,0.447594535843786,0.226630826942272,0.0,0.104909871013529,0.995976116257636,0.0098193992359149,0.0641958949018477,0.0,0.0132703295645321,0.0,0.0,0.0,0.0040729833893269,0.0211856892981682,0.0,0.0038203145056737,0.131248248447821,0.0,0.0,0.0,0.0,0.103048921229073,0.0,0.0809390448553199,0.0639352754924955,0.0,0.0059674950971955,0.0267385246891598,0.014040851255436,0.0045783616405618,0.0033368895350239,0.0,0.0062490828197922,0.0398656818250312,0.0046499655159991,0.0,0.341950427749751,0.454556606446152,0.0,0.0226910796672617,0.0,0.0153157039249949,0.30210873810848,0.0,0.140476027491809,0.289972213759401,0.459034984556,0.195209824996342,0.069090824160785,0.0229948175877101,0.0364806307958761,0.0,0.0,0.0,0.440394872127863,0.0,0.0757639313869015,0.0854180196793425,0.016173634227746,0.0071617438606884,0.0,0.0185827274007727,0.0486189514662183,0.0539748926284438,0.202792056432545,0.0108032703332076,0.0,0.0427497451078263,0.0069170833836378,0.0,0.0220480867058191,0.0,0.0204833234276886,0.649056267653671,0.0,0.105528532896692,0.0986089066974239,0.063716464168445,0.0675193741572944,0.332252727740235,0.0,0.0099804704614797,0.0192161155053882,0.0,0.0094552934333548,0.0044001387690089,0.0,0.04638781715427,0.0,0.0,0.263430337249262,0.446102695874045,0.0193687405209249,0.0078094514587964,0.0321545782171098,0.0,0.0281069142082436,0.407915267619805,0.250837427034182,0.0,0.0,0.0090343938594924,0.0038771502945611,0.376567623719353,0.422666818946863,0.14416204985074,0.0,0.0,0.0102361253203416,0.0446459901991111,0.135877526824583,0.270746460733551,0.0895257266706887,0.0050126919634152,0.0135742680042064,0.0,0.0,0.0369948170595907,0.0,0.0069829339043274,0.0943918376827964,0.0047497331807736,0.19714063172342,0.0055335301817208,0.0134343901269812,0.0,0.069166511070136,0.0,0.0,0.0338867284685645,0.257537620027154,0.0,0.0617060794929845,0.0813806593638459,0.0,0.0241720227971822,0.0125058192016301,0.0135039173458512,0.0,0.0145678354974163,0.0105601741234396,0.0077285253938903,0.0512126749954246,0.0,0.0,0.0,0.121962611048221,0.147814416775146
SCs,0.0,0.0798751253050012,0.0968456786676164,0.0,0.0059034191652359,0.0,0.0,0.0,0.0,0.0038562828817069,0.0,0.0,0.0,0.0044126623778483,0.0,0.137435297126959,0.0,0.133431063231824,0.116328471843541,0.0813259712996701,0.0062724945529221,0.0,0.0,0.0,0.0,0.0,0.0,0.0,0.0,0.0,0.0,0.055584257049418,0.0,0.0,0.0,0.0,0.0063761007161447,0.0,0.338860105724569,0.0,0.0,0.0,0.0,0.0,0.0800150766692772,0.0581827460030752,0.0,0.0,0.0,0.0,0.0,0.0,0.0102170922258109,0.0,0.0,0.0,0.0,0.0,0.0,0.169821838655749,0.200758215826,0.328779193272172,0.14873297181126,0.0,0.0,0.0,0.0,0.0,0.0,0.0,0.0064324554179088,0.0163604757255658,0.0066961520299667,0.0,0.0043462116437685,0.0224146182027381,0.0,0.0,0.0,0.0,0.0,0.0,0.0,0.0,0.0,0.0,0.0,0.047061819652141,0.0267018534891301,0.016138566651233,0.0,0.0,0.0,0.0,0.0265308068256947,0.0,0.0,0.918110294841157,0.116286925720014,0.0,0.0,0.0,0.0,0.0175017829582757,0.0,0.0,0.700397189369076,0.463800603454088,0.0,0.0,0.0128972040774156,0.0,0.0,0.0,0.0,0.181296663355733,0.0,0.0,0.0051579336439661,0.0038018137274732,0.0594341657680576,0.003298232013184,0.0,0.0147634778150228,0.0,0.0051967453887472,0.0,0.0,0.0273282218468805,0.0,0.0042722688288893,0.0535163673764043,0.0036940065248841,0.0181255655000236,0.259872223673752,0.0,0.0,0.0054010471910513,0.0135287946514064,0.0,0.0134992436619405,0.0,0.279521271859839,0.0,0.0,0.0,0.0,0.0,0.0,0.0,0.0,0.0327813131046113,0.0371893909555564,0.334265369791953,0.261984377375096,0.159136704095563,0.0,0.0,0.950984443983484,2.16333344084828,0.0,0.0,0.0,0.0,0.012231497075227,0.0078409122164725,0.0084609459884981,0.0,0.0,0.0131294412118729,0.0,0.0,0.0,0.0,0.0222151884389441,0.0117115332055356,0.0,0.0,0.047892779758206,0.0053890173526672,0.0170587219168595,0.0319180707735,0.0,0.0099977192144002,0.0,0.184118708406908,0.0,0.0121270512813382,0.0,0.0,0.0,0.0109539803379617,0.0,0.0,0.0,0.0,0.589750978913785,0.546141474579258,0.854413400216232,0.416334534238428,0.926308419367774,0.648794083572867,0.0,0.0,0.0,0.0,0.0,0.0169659543301124,0.0,0.0,0.0,0.0071584349854141,0.0,0.0,0.0,0.0,0.0,0.0,0.0075334235608154,0.0,0.0,0.0,0.0,0.0,0.0403848202392272,0.0,0.0,0.0039220738140675,0.0045408022646529,0.0,0.0,0.0,0.0,0.0,0.0,0.0,0.0,0.0,0.0,0.0,0.0,0.0,0.0,0.0,0.0,0.0,0.0,0.103949516733798,0.0,0.0,0.0,0.074948926056159,0.0,0.0,0.0,0.0,0.0,0.0,0.0,0.0,0.0,0.0094300236530226,0.0,0.0,0.0,0.0,0.0,0.0,0.0316027168749482,0.0274466558228351,0.0658859851724686,0.0310342602163922,0.0,0.0047289382404898,0.0511691605786414,0.0,0.0,0.0,0.0,0.0,0.0,0.0,0.0,0.0,0.0,0.0,0.0054259148834204,0.0,0.0,0.0,0.0,0.0,0.0,0.0,0.0,0.0,0.0,0.0047278550000877,0.0,0.0,0.0,0.0,0.0,0.0,0.0,0.0,0.21188126216326,0.0324484177649321,0.0,0.0,0.0,0.0,0.008107347396467,0.0,0.0071540739222384,0.138775813223424,0.161960208803476,0.0063164305082994,0.0,0.0,0.0,0.0,0.0,0.0,0.0311237502450323,0.0,0.0,0.0,0.0,0.0,0.0,0.0,0.0,0.0,0.0093097611712965,0.0,0.0,0.0048609637876216,0.0,0.0,0.0051542503020181,0.0,0.0033514255374248,0.0800584433486453,0.0,0.0061336232904115,0.0,0.0,0.0045706830732362,0.007859757523788,0.0,0.0,0.0,0.0,0.0,0.0,0.0,0.0,0.0,0.0,0.0093843358456666,0.0134737761820689,0.0041329053708993,0.0,0.0,0.0,0.0,0.062833968087186,0.0870268344322577,0.0,0.0,0.0,0.0,0.0050373110273313,0.0,0.0,0.0,0.0,0.0,0.0,0.0,0.0,0.0,0.0,0.0,0.0,0.0,0.0034025013400798,0.0,0.0,0.0033522522170591,0.0,0.0045129507611167,0.0,0.0045250545102036,0.0,0.0,0.0,0.0,0.0,0.0057122143934107,0.0,0.0,0.0034645372470712,0.0,0.0,0.0,0.0106244302868552,0.0,0.0170475241497813,0.0,0.0,0.0,0.0,0.0,0.0,0.0069187892075069,0.0059549989716614
SF,0.0,0.0,0.0057783216599575,0.0058341264518198,0.0,0.0246442119313821,0.0,0.0,0.0,0.0,0.0055288760103767,0.0058462926437628,0.0,0.0,0.0097286350073913,0.0,0.0060555754225688,0.0,0.0,0.0,0.0042752919012513,0.0,0.0,0.0161129111909795,0.217199629176323,0.275183860702743,0.257086304393701,0.0,0.0,0.0,0.0,0.0332330991685513,0.0,0.0,0.0033655667742543,0.0,0.0332963019009527,0.0,0.0,0.0,0.179479654715447,0.0099798158901822,0.0,0.0248482796326924,0.0137553423325258,0.0,0.0672807437379278,0.120566072231542,0.0,0.0,0.0,0.0,0.0,0.0,0.0,0.0,0.0,0.0,0.0,0.0,0.0,0.0,0.0232854416667712,0.0,0.0,0.0,0.129599803327432,0.0,0.0,0.0,0.0,0.0,0.0,0.0,0.0164300276386479,0.0,0.0411577029879253,0.0,0.291259209156908,0.099950066453891,0.0650565538435032,0.0,0.0,0.0,0.0,0.0,0.0,0.0,0.0,0.0,0.0,0.0099210718952857,0.0,0.0,0.0,0.0296885110467354,0.0334610392117807,0.0,0.0038680234862718,0.391189803656777,0.0,0.0475944414636062,0.0124502968279488,0.0,0.0,0.0,0.0,0.0,0.0,0.0,0.0069024036626053,0.0,0.0,0.004640315430521,0.0,0.0035538912160932,0.128295489863087,0.0,0.0,0.0091203621611937,0.0,0.0,0.0,0.0051381259796737,0.0,0.0,0.0107223876112864,0.0,0.0045096920922187,0.0099406320459721,0.0,0.0,0.464657630057342,0.0,0.0,0.154502562597902,0.0,0.0,0.0053064788407504,0.0,0.0,0.0317765180327985,0.0,0.0211734276620924,0.0148692319497935,0.0079042617678918,0.0259041430436892,0.0,0.01735855057644,0.0206190635462785,0.0,0.0064986976807595,0.0040232577391434,0.0,0.0042687412537434,0.04181966057438,0.0039245059103003,0.0205495624800065,0.0,0.0,0.271153741277183,0.0,0.0,0.0,0.0049940415124006,0.0038089880620356,0.0,0.0,0.0,0.0,0.0,0.0,0.0,0.0,0.0,0.0,0.0,0.0,0.0,0.0,0.0,0.0,0.0117089968891618,0.0,0.0,0.0,0.0,0.0078358396264161,0.205785113261063,0.0200803062934988,0.0110584798686178,0.0,0.0,0.0,0.0,0.0,0.0,0.0,0.0,0.0,0.0,0.0055876451072988,0.0,0.0079148096095881,0.0042985621928347,0.0043975087382752,0.0,0.0288441808282133,0.0,0.0,0.0,0.0034520298700178,0.0,0.0,0.0066909282390791,0.0,0.0,0.0,0.0,0.0,0.0,0.0,0.0,0.0,0.0,0.0,0.0,0.0,0.0,0.0,0.0,0.0,0.0054446941715238,0.0801653860695299,0.175927199982119,0.162134169093624,0.0,0.0,0.0,0.0,0.0169070000930634,0.0,0.0,0.0,0.0,0.0253989759961602,0.0,0.0,0.0,0.0874411972039825,0.0,0.0,0.0083601748293409,0.0046075390813596,0.0,0.0167289825514813,0.0226767245749825,0.0,0.0,0.0,0.0,0.0,0.0,0.0,0.0,0.0,0.0,0.0,0.0,0.0,0.0,0.0128364899097434,0.0,0.0,0.0,0.0569993949282772,0.0,0.0,0.0,0.0,0.0,0.0,0.0,0.0039950380616245,0.0,0.0133654784140958,0.0,0.0923637710565724,0.020005574243214,0.0055697589342994,0.0,0.0,0.0,0.0,0.0,0.0,0.0,0.0,0.0,0.0,0.0,0.0,0.0,0.0,0.0083554365664477,0.0101241984274762,0.0,0.0,0.248642326894422,0.0,0.0270044242756914,0.005523215758715,0.0,0.0,0.0,0.0,0.0,0.0,0.0,0.0,0.0,0.0,0.0,0.0,0.0,0.0314982261821195,0.0,0.0,0.0038558999434898,0.0,0.0,0.0,0.0,0.0,0.0,0.0,0.0,0.0,0.0,0.0,0.0,0.0641235005064372,0.0,0.0,0.0448579935571833,0.0,0.0,0.0037207929563849,0.0,0.0,0.0053065123939204,0.0,0.0048086810063684,0.0,0.0,0.0070915197915444,0.0,0.0047742125287388,0.0120104649401924,0.0,0.0035474031606757,0.0,0.0,0.0,0.0,0.0,0.0052869517048268,0.0,0.0,0.0859721080259595,0.0,0.0,0.0,0.0,0.0,0.0,0.0,0.0,0.0,0.0,0.0,0.0,0.0,0.0,0.0,0.0,0.0,0.0,0.0,0.0,0.0,0.0,0.0,0.0,0.0,0.0,0.0034656136804109,0.12565759493935,0.0059303053849285,0.0,0.0,0.0,0.0,0.0,0.0,0.0,0.0,0.0,0.0,0.0,0.0,0.0,0.0,0.0,0.0,0.0,0.0127710870632197,0.0
SI,0.652339966073373,0.0394909888800526,0.117375653049239,0.638062084461535,0.0152437865896364,0.14871622232438,0.271844761182023,0.154627355980153,0.305165422209917,0.0062987936816592,0.257176320955187,0.224488011269046,0.0,0.0841982178006941,0.689761319219863,0.012424810882498,0.0727371743011558,0.0,0.0083747674937381,0.0256722249688258,0.0137010758638524,1.03931485157106,0.968562098092572,0.477034455666589,0.119436756551177,0.0444413909294906,0.031396038461855,0.799485252403451,0.0,0.0203990583206139,0.401814030016221,0.130022143288701,0.191011133099352,0.977252511872266,0.275290069343506,0.244665306772855,0.0701533518286362,0.0,0.0152764970714002,0.0,0.0406009130120871,0.0811629618127269,0.0,1.47234120018838,0.0448273759115157,0.0652808358570694,0.48738552033372,0.228343823533574,0.717940169856322,0.991519628394672,0.0,0.0,0.160804629175518,0.741538273806625,0.626321212243981,1.08675523927516,0.0,0.0583854988649097,0.496725657664288,0.0044322926691815,0.0,0.0066671210145361,0.667739475155836,0.165715057669348,0.0074708511122238,0.0,0.119452168050706,0.0,1.05583406778491,0.0,0.0,0.0092937113506543,0.0383884144863393,0.250201328528144,0.30316814725564,0.0063080251749728,0.226285216811666,0.006014995053745,0.135443885471113,0.17887985107524,0.205717013261904,1.89414404264264,0.0040665844313073,0.151233522695622,0.0,0.0,0.295458288457133,0.0611168067466567,0.12881825673626,0.109597154234312,0.295260501999831,0.0460362953897348,0.117314927373691,0.0276956641568263,0.0466093067335634,0.158253823561465,0.172711534764248,0.0100027608898854,0.052997193972871,0.173126145530063,0.0099172793423146,1.71955187763247,0.0674419012316376,0.0251808636555531,1.04785851432346,0.0,0.0099373679331398,0.0186646531158301,0.0,0.385756028446477,0.333962974680833,0.245496752176669,0.646202233621769,0.898494644004442,0.756811499434934,0.035902017845892,0.0367594496201915,0.0,0.0924354534443141,0.0679150659570579,0.0657490456448773,0.0316408491660667,0.0,0.0136240330114252,0.0,0.0101445247862048,0.0706350262064697,0.740452029352501,0.368846469265092,0.0651126669972939,0.0085694928388082,0.0914698754375857,0.175699842193457,0.128713961117987,0.0474297907448357,0.041333637404366,0.0,0.0366984741266453,0.0161835975849017,0.0,0.0071068082360535,0.359868713686054,0.0,0.12951291693656,0.389735454318089,0.0511996271406657,0.132509382652384,0.0,0.114467570539729,0.272945853325307,0.163706621566911,0.110456041196541,0.0781976468195537,0.0,0.0104256797322596,0.0147600132098191,0.0549799702343073,0.126463745795923,0.0131345829461933,0.0054596964375807,0.107763098201869,1.68678096257937,0.0,0.0880510729481578,0.073059348254545,0.0646666466911509,0.0450873555912544,0.142733543914709,0.102666945648266,0.0513260819071114,0.0,0.0,0.0,0.0,0.0,0.0,0.0039119208368085,0.0033941655403723,0.0,0.0,0.0249660850378252,0.191360180679466,0.0627082990967779,0.0270135813582784,0.0071425255330993,0.0431410454567779,0.342815918311474,0.0243242944320184,0.16964231338793,1.20042531045599,0.100894942810622,0.0102138184595817,0.0434486835708163,0.0,0.0036628268359027,0.174975035906777,0.0036846248975168,0.0,0.0,0.0,0.0,0.0,0.0368749386186803,0.0818169983254085,0.0230872389537731,0.0052036114051371,0.0436425109219998,0.171636860166946,0.0,0.0045539401501454,0.0,0.0,0.0,0.0,0.0103591064883895,0.0088995206374718,0.0128977791041698,0.0109816099115373,0.0061035207372869,0.0,0.0,0.0,0.0,0.0167399086457217,0.0,0.0134782141688544,0.0,0.0,0.0,0.0,0.128366661183882,0.107364201239803,0.0069567993865341,0.0167300981721946,0.0088964433953656,0.0067935477003736,0.0,0.0,0.0,0.0437058142377334,0.038093674506805,0.0253180961847194,0.0071345157824877,0.0112200056909517,0.0,0.056543061302597,0.0,0.0062273232693834,0.0,0.0109824202473666,0.0083324931539648,0.0,0.0281909741723654,0.0120757840153687,0.0110301668874313,0.0617910508859383,0.0184037596240441,0.0921223406930423,0.120545293609862,0.0,0.0,0.0095155090572118,0.0,0.0,0.0078676515578952,0.0,0.0,0.0041875912580979,0.0,0.0,0.0,0.0143141366350991,0.0313221740892354,0.0047511616223656,0.0,0.0461144712480513,0.0,0.147823426100879,0.0,0.0,0.0,0.0,0.0542648277141205,0.0071893030439482,0.0,0.0091427787845675,0.0067539538079616,0.0455536367211543,0.0080525445899465,0.0,0.0126409487683116,0.0,0.0087793212075612,0.0,0.0,0.0,0.0,0.0059404537534389,0.0042257671609984,0.0628915360148869,0.0,0.0038997479617673,0.0043563882726324,0.0057851101050277,0.0088416449680022,0.0088125376042745,0.0,0.0111989906384446,0.0475466653561813,0.0,0.0114106474989878,0.0222896456300407,0.0096030961614548,0.0044807634340923,0.0,0.0,0.004697685325508,0.0,0.0040993145938571,0.0293673542017332,0.0107192580976348,0.0,0.0899033358153849,0.008243907562725,0.0100773577839061,0.0,0.0,0.0139612005301021,0.0146183410194544,0.0110748846879599,0.0,0.0,0.0100848959438184,0.0,0.0080919845817834,0.0,0.0034781694460255,0.0130897540568438,0.0038579764486889,0.0,0.0039785497951529,0.0156169968980002,0.0053997364073744,0.0049932528080778,0.0049441355211789,0.0,0.0213480625116824,0.0106250184118869,0.0,0.0095663467342427,0.0060793874535771,0.0,0.0091631751797094,0.0366399145426367,0.0065635307883775,0.0080513212358362,0.0,0.0120448969550784,0.222006384489998,0.0342414002316957,0.0274708005144263,0.0109249588637903,0.0,0.0,0.0,0.0,0.0102960779156288,0.0,0.0033481206864776,0.0424285500173209,0.0068815355394047,0.0,0.026156754628216,0.0098095946709515,0.006438618865485,0.029439526612194,0.0542938941640103,0.0383669151093933,0.0,0.0,0.0,0.0,0.0,0.0,0.0,0.0,0.0,0.0,0.0,0.0,0.0036012812986219,0.0,0.0087258122726715,0.0,0.0064076913115477,0.0,0.0176622049797585,0.0256461846690201,0.0232689837120076,0.0133650200099127,0.0088624703055723,0.0,0.0,0.0,0.0149437130030055,0.0,0.0,0.0,0.0,0.0,0.0,0.0,0.0134702311249256,0.0,0.0,0.0112455517940972,0.04357026513966,0.0
SIM,0.0,0.0,0.0,0.0,0.0,0.0,0.0,0.0,0.0,0.08067741163876,0.0,0.0,0.348875905531582,0.0,0.0,0.0,0.0,0.004564413590295,0.0068465299945308,0.005469338448738,0.0,0.0,0.0,0.0,0.0,0.0,0.0,0.0,0.0734814831293949,0.0,0.0,0.0,0.0,0.0,0.0,0.0,0.074324742619037,0.632784261363342,0.0,0.0760445529682359,0.0,0.0,0.632845619691203,0.0,0.0,0.0,0.0,0.0,0.0,0.0,0.43519146744684,0.0590103381170474,0.0,0.0,0.0063043117841321,0.0,0.0336845521823245,0.0,0.0,0.0,0.0,0.0,0.0,0.0,0.0298433186068548,0.292021065256561,0.0,0.056159796772302,0.0,0.0134434006167134,0.0,0.0,0.0,0.0,0.0,0.0,0.0,0.051056426045074,0.0,0.0,0.0,0.0,0.015378502656197,0.0,0.0330820682897954,0.0296309006525269,0.0,0.0,0.0,0.0,0.0,0.0,0.0,0.0,0.0,0.0,0.0,0.0,0.0,0.0,0.0079024637571196,0.0,0.0,0.148113133585919,0.0,0.0499364221709139,0.0,0.0,0.0552880401394107,0.0,0.0,0.0,0.0,0.0,0.0,0.0,0.0,0.0973026685986395,0.0631188418434077,0.0,0.0,0.0,0.173433644924536,0.766559783225452,0.0305864229854831,0.0361354855239506,0.0,0.0,0.0,0.0,0.0,0.0,0.0,0.0,0.0,0.0,0.0455478267475207,0.08004315977138,0.115820458680709,0.0125308603491008,0.152543946017181,0.0,0.0,0.0,0.0,0.0,0.0,0.0,0.0,0.0,0.0,0.0,0.0,0.0,0.0,0.0,0.0,0.0,0.0,0.0,0.0,0.0,1.77727968535565,0.0,0.0,0.0,0.297995463247974,0.0,0.0,0.0,0.0317340845945669,0.0291173112123648,0.159039234212347,0.132547192605447,0.0,0.0,0.0,0.0,0.0,0.0,0.0,0.0,0.0,0.0969895219380602,0.004660708446701,0.0,0.0,0.649594494115081,0.0,0.0,0.0,0.14449173804729,0.0,0.0472885141858041,0.011951133630921,0.0,0.0037437894200092,0.0,0.0,0.0,0.0,0.0,0.0,0.0,0.0,0.0,0.0,0.0,0.0213852639471985,0.0,0.0,0.0,0.0,0.0034936606105227,0.0,0.0,0.0,0.0,0.0377246332965225,0.0,0.0,0.0,0.0,0.0,0.0,0.0,0.0,0.0,0.0,0.0,0.0,0.0,0.0,0.0,0.0,0.0,0.0,0.0085836677821152,0.0,0.0,0.0,0.0,0.0,0.0,0.0,0.10129730322668,0.0067759012915021,0.0,0.0151667445820408,0.0,0.0,0.0,0.0,0.0,0.0,0.0,0.0,0.0,0.0,0.0,0.0198408274822521,0.0,0.0,0.0124470825827613,0.0050469815186904,0.0125723020839123,0.0,0.0,0.0,0.0035907356719127,0.0,0.0,0.0,0.0261263774899069,0.0,0.0,0.0199903684140105,0.0,0.0037245474762432,0.0,0.0,0.0,0.0,0.0,0.0,0.0,0.0263233951852145,0.0,0.0,0.0,0.0,0.0093745236761334,0.0,0.0139293878235723,0.0174206849900491,0.0,0.0,0.0,0.0,0.0,0.0052359077049875,0.0,0.0,0.0,0.0,0.0,0.0,0.0,0.0,0.003712130394995,0.0,0.0,0.170397501548793,0.0,0.0071244120438987,0.0,0.0,0.0163577196939612,0.0,0.0,0.0,0.0,0.0,0.0,0.0,0.0,0.0363473594158287,0.0169568927986084,0.0,0.0,0.0,0.0,1.16352899022799,0.0131237845383301,0.0197490903098876,0.0,0.0,0.0,0.004225609857938,0.0,0.0,0.0,0.0,0.0,0.0,0.0,0.115531637236349,0.168198413470357,0.0122149641587772,0.0406909476856706,0.0,0.0,0.0,0.0,0.0062487440269824,0.0,0.0,0.0,0.0,0.0,0.0,0.0,0.0,0.0,0.0,0.0,0.0,0.0,0.0,0.0,0.0,0.0037040961881387,0.0,0.0,0.0,0.448377774230863,0.0,0.0,0.0,0.0071936550400678,0.0066781783407872,0.0380708544227297,0.0483786706343399,0.0,0.0,0.0,0.0,0.0,0.0,0.0,0.0,0.0,0.028716610170973,0.0,0.0,0.0,0.967553048308922,0.0,0.0,0.0,0.0405622203483201,0.0,0.0160988706089996,0.0060187124263817,0.0,0.0,0.0,0.0,0.0,0.0,0.0,0.0,0.0,0.0,0.0,0.0,0.0,0.0087875570426248
SMT,0.0043523907914078,0.0692152140566637,0.044793345411423,0.0,0.0,0.0053488063544893,0.0545848957533861,0.0145091690834651,0.0525209730092481,0.0,0.0,0.0102009108398728,0.0,0.0049752627644326,0.0307243057949589,0.0047840624973569,0.0059480410382394,0.0,0.0,0.0,0.0,0.0,0.0,0.0043871939195936,0.0082479058772264,0.0,0.0,0.0,0.0,0.0,0.0,0.0054211597977671,0.128401522442341,0.0036183547266223,0.0,0.0,0.0108250177490178,0.0,0.0,0.0,0.0045320465186577,0.0149200514052095,0.0,0.172022159610889,0.0076081365276672,0.0035012275720588,0.0038705718134899,0.0066942674488544,0.0,0.0,0.0,0.0041778205039111,0.0761139899401779,0.0,0.0211156051732072,0.0147524403145299,0.0,0.014872134126047,0.0,0.0,0.0,0.0,0.171414646978851,0.0534986893787456,0.0,0.0,0.0,0.0,0.0,0.0,0.0,0.0,0.0,0.0170868713712192,0.017631193668721,0.0,0.0065879006556906,0.0,0.0,0.0,0.0,0.0193170730316091,0.0,0.0301720511206634,0.0,0.0,0.0,0.0,0.0,0.0,0.0185206933708716,0.0268898290401831,0.0057381574578733,0.0159854095892343,0.0608180832544512,0.0039090344088272,0.0042289127974222,0.0056190189401712,0.0072073726630284,0.0,0.0,0.0140031826735215,0.0246033366424856,0.0,0.0040333961358051,0.0,0.0050962604496656,0.0090063415046254,0.0,0.242768848945133,0.16829078870446,0.299654808070669,0.0,0.0,0.0,0.0052150933041102,0.0038204274724658,0.0,0.0062333570472757,0.0173218455138484,0.0036079513787467,0.0060095395929249,0.0,0.0,0.0,0.0,0.0307776441633235,0.0,0.115339819159414,0.0244092620661461,0.0,0.0,0.0420893865747849,0.0,0.0071742122354105,0.0058776361659045,0.0,0.0,0.0,0.0,0.0,0.0,0.0249144543198377,0.006621336742759,0.0105650272424431,0.0251068212338619,0.0,0.0,0.0,0.126123838209282,0.212072249705106,0.0063034715953253,0.0086093041155949,0.0137773155430074,0.0043724154876899,0.004315976195466,0.0257423075674034,0.003710988881377,0.0045918992297684,0.0,0.0,0.0121233754071162,0.0,0.290748542647584,0.0102665111097861,0.0107702050274419,0.0,0.0712558378118399,0.221998953412091,0.0,0.0,0.0,0.0,0.0,0.0297977606622505,0.0107261820321033,0.0048691016134122,0.0084002261680075,0.0240947097681529,0.0079595403250706,0.0141150281807905,0.0180928992512925,0.0234149356135198,0.0,0.0,0.0,0.0,0.0,0.0,0.0746718581047957,0.0047167064037207,0.0,0.0510947065928084,0.0,0.0,0.0225816222438559,0.0075308948819447,0.0458098086814554,0.0,0.0,0.0,0.0167117247058766,0.16734896822307,0.0046455620189689,0.0094721336406793,0.0039750990567303,0.140551729689923,0.0059623276416567,0.0,0.0,0.033581168086832,0.0307464906400767,0.0,0.0,0.0,0.0215607979843738,0.0103106998233667,0.0192819873080472,0.0,0.0,0.0,0.0,0.0,0.0056589693219129,0.0036251587864053,0.0,0.0,0.0,0.0,0.0,0.0,0.0,0.0,0.0033690915887288,0.0,0.0,0.0,0.0,0.0,0.0,0.0,0.0189601753155044,0.0,0.0,0.0,0.0079465453632215,0.0,0.0,0.0,0.0,0.0,0.0124123785814682,0.0289419909248892,0.0,0.0,0.0,0.0,0.0,0.0,0.0,0.010154818137604,0.0345268741244983,0.0,0.0039699944495388,0.0,0.0,0.0047792035122233,0.0,0.0,0.0,0.0,0.114339359576923,0.0151406511603781,0.0,0.0095033004770796,0.0044253934394073,0.0,0.0,0.0,0.0,0.0,0.0,0.0054833242019711,0.0053356154314654,0.0,0.0,0.0,0.0,0.0,0.0,0.0,0.0,0.0,0.0,0.0,0.0,0.0,0.0034504270138313,0.0,0.0058190438232031,0.0,0.0,0.0062802399429987,0.0261030351250723,0.0,0.0,0.0046357109818566,0.0049600036311499,0.0,0.0,0.0,0.0134839040318243,0.0034426931527625,0.0,0.0051719040649187,0.0043688965654299,0.0059155256241211,0.0,0.130805245814007,0.0814288062205671,0.149553907729529,0.0,0.0,0.0,0.0033040520774785,0.0,0.0,0.0053744196761353,0.0093767001606434,0.0,0.0,0.0,0.0,0.0,0.0,0.0060518105915662,0.0,0.0518320028959413,0.0033843147124648,0.0,0.0,0.0175138236110786,0.0,0.0038182302380507,0.0,0.0,0.0,0.0,0.0,0.0040091255648762,0.0,0.0056613111172713,0.0,0.0,0.0,0.0,0.0,0.0,0.0483905392881915,0.0256928441632091,0.0053267969351217,0.0049795137910682,0.0050951293035403,0.0,0.0,0.0052373707512143,0.0,0.0036374150012124,0.0,0.0,0.0,0.0,0.0222869341425999,0.0042693809818123,0.0032951988982858,0.0,0.0292758046067797,0.0288084021033039,0.0,0.0,0.0059784818650523,0.0,0.0,0.0080096068591564,0.0037914891103096,0.0,0.0043494392566046,0.0084127951826586,0.0,0.0077266179106413,0.007718289710494,0.0042333110777217,0.0036547226985491,0.0,0.0,0.0,0.0,0.0,0.0127308556548829,0.0,0.0037104887963957,0.0055534700892593,0.0,0.0,0.0168918435106324,0.0,0.0118441573435926,0.0,0.0,0.0,0.0050232537783282,0.004221873190215,0.0,0.0,0.0,0.0104672484388294,0.0052491344447279,0.0
SNc,0.0202779494386841,0.0144377729622838,0.0091819654595863,0.0747362856115643,0.0,0.0,0.0228870996696236,0.0068741432794866,0.0205186727575322,0.0,0.0,0.0,0.0,0.0,0.0,0.0088707587750525,0.0,0.0,0.0,0.0,0.0,0.0,0.0,0.0225863204416643,0.0,0.0,0.0,0.125217529019159,0.0,0.0,0.019706830521603,0.012456099495409,0.0,0.0,0.0,0.122063696282367,0.0094405243159869,0.0,0.0048034249289982,0.0,0.0,0.0,0.0,0.0,0.0099821610250662,0.0,0.0,0.0,0.010504756833334,0.0,0.0,0.0,0.0308292702852302,0.273287204918333,0.175264920326747,0.087190425728581,0.0,0.0088264262611041,0.0414357677850475,0.0,0.0,0.0,0.0224168992829931,0.0,0.0,0.0,0.0054699489919743,0.0,0.0057536992233778,0.0,0.0,0.0,0.0,0.0,0.0432734884440645,0.0,0.0,0.0,0.0231761794416926,0.0114851356203957,0.0034011396053078,0.0126301667362466,0.0,0.0,0.0,0.0,0.0036263435418407,0.0,0.0,0.0,0.0,0.0,0.0,0.0161349673027265,0.0249435630657345,0.0,0.0,0.0,0.0211427455190734,0.0,0.0,0.0,0.0110889612791876,0.0,0.0,0.0,0.0080704851138743,0.0039160984453183,0.0,0.0344046844334479,0.0144243808892789,0.0287461618129889,0.1144601192341,0.0,0.0,0.0066186125590023,0.0,0.0,0.0081595145981252,0.00876593412841,0.0,0.0,0.0,0.0,0.0,0.0,0.0049436057323874,0.0,0.0199169756763201,0.0,0.0,0.0,0.0,0.0,0.0289475320738803,0.0,0.0,0.0,0.0058397002893256,0.0,0.0,0.0,0.0,0.0,0.0,0.0,0.0,0.0,0.0,0.0,0.0,0.0226272828918769,0.0708488045428113,0.0,0.0,0.0,0.0170501212369943,0.0,0.0078347331460194,0.0,0.0238306741379024,0.0162768244593876,0.0,0.0,0.144257506119024,0.17001730065121,0.0,0.0,0.0,0.0,0.0,0.0,0.0,0.0,0.0,0.0,0.0078935949924733,0.0043079896795845,0.0,0.0,0.0068534695176245,0.250639267939351,0.003646107387361,0.0,0.0,0.0,0.0,0.0,0.0,0.0,0.0,0.0,0.0091580052407803,0.0,0.0,0.0084865137693949,0.0,0.0,0.0,0.0,0.0,0.0,0.0102344329209534,0.0,0.0103919847585621,0.0,0.0,0.0380138159977659,0.0,0.0,0.0,0.0,0.0,0.0,0.0,0.0,0.0,0.0,0.0,0.0,0.0,0.0,0.0,0.0,0.0,0.0,0.0,0.0,0.0,0.0,0.0,0.0,0.0,0.0,0.0,0.0,0.0,0.0,0.0,0.0,0.0083357966813917,0.0,0.0,0.0,0.0,0.0077415126433178,0.0,0.0,0.0,0.0,0.0,0.0,0.0,0.0071405896408895,0.0,0.0,0.0,0.0,0.0,0.0,0.0,0.0,0.0,0.0,0.0,0.0,0.0,0.0,0.0,0.0,0.0,0.0,0.0,0.0,0.0,0.0,0.0,0.0,0.0,0.0,0.0,0.0,0.0,0.0,0.0,0.0,0.0,0.0,0.0,0.0,0.0,0.0,0.0,0.0034346313023588,0.0,0.0,0.0,0.0,0.0,0.0,0.0,0.0,0.0,0.0,0.0,0.0,0.0,0.0,0.0,0.0,0.0,0.0,0.0,0.0,0.0,0.0,0.0,0.0052944805012579,0.0,0.0,0.0,0.0,0.0,0.0,0.0,0.0,0.0,0.0,0.0,0.0,0.0,0.0,0.0036136417560352,0.0,0.0,0.0,0.0,0.0,0.0,0.0,0.0,0.0,0.0,0.0,0.0,0.0,0.0040301121877774,0.0,0.0,0.0,0.0,0.0,0.0,0.0,0.0,0.0,0.0,0.0,0.0,0.0,0.0,0.0,0.0,0.0,0.0,0.0,0.0,0.0,0.0,0.0,0.0,0.0,0.0,0.0,0.0,0.0058246886854921,0.0,0.0,0.0,0.0,0.0,0.0,0.0,0.0,0.0,0.0,0.0,0.0,0.0,0.0,0.0,0.0,0.0,0.0,0.0,0.0,0.0056969499002267,0.0,0.0,0.0,0.0,0.0,0.0,0.0,0.0,0.0,0.0,0.0,0.0,0.0,0.0,0.0,0.0,0.0,0.0,0.0,0.0,0.0046358472504293
SNr,0.074100574253136,0.189276562408012,0.101251552203965,0.155863959204415,0.0,0.0038267830773679,0.101213979358917,0.0849021853943876,0.0871655136794417,0.0,0.0073963450417824,0.0118727636809592,0.0,0.0,0.0,0.028502839486564,0.0,0.151679062229348,0.112193044881388,0.101023803029021,0.0,0.0074936635220729,0.0040509576746615,0.0562356330877815,0.0049348372203906,0.0049687847641098,0.0049197880899259,0.685636199388979,0.0,0.0067191038673433,0.0642573549550776,0.0377984746145659,0.0034765945076813,0.0,0.0,0.979323521461643,0.0133672493618965,0.0,0.019814467281252,0.0067809774794939,0.0034676649880001,0.0129409619193386,0.0,0.0057169855112377,0.0227111077069961,0.0412488211738305,0.0,0.0038500121592391,0.0350764753468605,0.0080164707421209,0.0,0.0,0.123630059938505,1.14220672237418,0.655166884411476,0.284118272306451,0.0,0.0896267943583611,0.201827215545723,0.012559597800833,0.0110780425402597,0.0175084003681762,0.0652836898691206,0.0040179190844699,0.0,0.0,0.0176557500520567,0.0,0.0204838809554853,0.0075696106051571,0.0128236801913602,0.0,0.0046234481574696,0.0,0.279006761820521,0.0,0.0039349871107033,0.0,0.124000688516628,0.0552552016778419,0.0117286768266105,0.0132535812036913,0.0,0.0049417302269645,0.0,0.0,0.0096398096123213,0.0039366375675588,0.0284897006854241,0.0157215858457304,0.0,0.0123646984045388,0.0,0.253753436209969,0.225461421763946,0.0,0.0,0.0044906620581797,0.108043298185984,0.0,0.0,0.0033194604441638,0.0168675718937261,0.0110320108073443,0.0,0.0,0.0226677671344162,0.0067921408031763,0.0,0.120248464192481,0.0538629354859989,0.101138261447981,0.310169096443678,0.0,0.0,0.0176483791764969,0.0119554676334082,0.0,0.0233066224872443,0.0136486674017264,0.0414386098159301,0.010946835901989,0.0,0.0,0.0,0.0,0.0263149165866805,0.0,0.112518954866014,0.0156020961139454,0.0108715897409886,0.0204285250113681,0.0081085426956817,0.0223661389362595,0.171691989630244,0.0090020132363426,0.0040749619265989,0.0065331493304012,0.0143764496876278,0.0,0.0052167712164045,0.0047097934176551,0.156528919807609,0.0,0.0,0.006684982172002,0.0,0.0,0.0,0.0,0.0,0.113383899700636,0.498338890510717,0.116980715835096,0.0998425523275158,0.121441523747338,0.0648320171740814,0.0,0.0269594350631254,0.0137326360184935,0.11778634963517,0.0219433255267677,0.0,0.0104234835667799,1.0749979517945,1.27369817818182,0.0,0.0052806485363277,0.0033472430452838,0.0144677187732432,0.0043744683230435,0.0,0.0,0.0,0.227216651033984,0.194335559619243,0.234270892411275,0.242327328199519,0.2951589068213,0.209161526476055,0.178711320889988,1.81679885939255,0.0193297815552482,0.0090798898083965,0.0072883102296027,0.044120169867241,0.0,0.0036194146252352,0.006028825690082,0.0,0.0119086910857861,0.005447272895599,0.0329958888249101,0.0,0.0,0.103830789128515,0.166783114526907,0.191145415516667,0.0714548194040297,0.0364411058722416,0.0400857032252464,0.117910432577997,0.0289949148508241,0.0,0.0467627901287882,0.0102626084596867,0.0074320008623609,0.249579964801839,0.0,0.0,0.0,0.0,0.0,0.0,0.0,0.0034603387399743,0.0,0.0,0.0043894547443934,0.0,0.0,0.0,0.0,0.0,0.0,0.0,0.0,0.0,0.0,0.0,0.0,0.0,0.0,0.0,0.0,0.0,0.0,0.0,0.0,0.0033940483284461,0.0179424140401549,0.0,0.0,0.0,0.0,0.008277043730826,0.0,0.003859850635862,0.0055377721068691,0.0,0.0042754952377689,0.0,0.0,0.0126556957687969,0.0,0.0,0.0,0.0,0.0,0.0,0.0,0.0053937211611662,0.0,0.0,0.0,0.0,0.0,0.0,0.0,0.0,0.0,0.0,0.0,0.0044559700152042,0.0,0.0,0.0,0.0,0.0,0.0,0.0,0.0,0.0,0.0062269830076666,0.0,0.0,0.0043030095254618,0.0,0.0,0.0,0.0,0.0,0.0,0.0101080637171785,0.0054873113481859,0.0,0.0,0.0,0.0033412179612428,0.0,0.0060455910469178,0.0,0.0,0.0045088147279153,0.0,0.0,0.0,0.0059373283831492,0.0,0.0,0.0,0.0,0.0032903935022713,0.0,0.0,0.0046472310073817,0.0,0.0149550468236679,0.0052087205960509,0.0,0.0,0.0,0.0,0.0,0.0060015641645318,0.0,0.0037811202100849,0.0073319011052877,0.0,0.0,0.0,0.0,0.003954441386534,0.0,0.0045642457317847,0.0080829735026895,0.0,0.0038994158837885,0.0076257447634535,0.0,0.0,0.0,0.0,0.0033689574515842,0.0,0.0,0.0046827696271181,0.0,0.0,0.0,0.0,0.0,0.0,0.0,0.0,0.0,0.0,0.0,0.0,0.0,0.008697624344243,0.0036223264878307,0.0,0.0,0.0,0.0,0.0,0.0047663195627735,0.0,0.0,0.0,0.0,0.0,0.0,0.0,0.0065109042490795,0.0,0.0,0.0,0.0036563030579966,0.0092998396846751,0.0118770650597025,0.0046719572104002,0.0,0.0,0.0,0.0,0.0,0.0,0.0,0.0068733494449696,0.0090572355007959,0.0034877752815834,0.0,0.0,0.0,0.006100750850441,0.0,0.0,0.0,0.0,0.0,0.0,0.0,0.0,0.0,0.0,0.0,0.0,0.0,0.0,0.0,0.0,0.0,0.0,0.0,0.0064837853312143,0.0120471402456332
SOC,0.0,0.0,0.0,0.0,0.0,0.0,0.0,0.0,0.0,0.0292044223870227,0.0,0.0,0.0,0.0,0.0,0.0,0.0,0.0084771527994719,0.0082763043236396,0.0069230838049299,0.0,0.0,0.0,0.0,0.0,0.0,0.0,0.0,0.0,0.0,0.0,0.0,0.0,0.0,0.0,0.0,0.0,0.0,0.0252131389202987,0.0145736594254466,0.0,0.0,0.0,0.0,0.0,0.0,0.0,0.0,0.0,0.0,0.0,0.0,0.0,0.0,0.0,0.0,0.0146899391569193,0.0,0.0,0.185372371594349,0.11441593110937,0.204558864643807,0.0,0.0,0.0211769444374729,0.0,0.0,0.0164296487582627,0.0,0.0126477333180959,0.0,0.0,0.0,0.0,0.0,0.0,0.0,0.0266648386968002,0.0,0.0,0.0,0.0,0.0179474582361436,0.0,0.0171241679251499,0.0146528225133818,0.0,0.0,0.0,0.0,0.0,0.0,0.0,0.0,0.0,0.0,0.0,0.0,0.0045699560822423,0.0,0.0065612181702942,0.0,0.0,0.0504710711598007,0.0,0.0,0.0,0.0,0.0113040580783584,0.0,0.0,0.0,0.0,0.0,0.0,0.00997996987525,0.0,0.0159525474989001,0.055374767704102,0.0,0.0,0.0,0.0,0.0107974537905007,0.0048139840794876,0.0325400842810308,0.0,0.0,0.0,0.0,0.0,0.0,0.0,0.0,0.0035089451339841,0.0,0.0,0.0398353006104889,0.0095234829701881,0.0,0.152875882478215,0.0,0.0,0.0,0.0,0.0,0.0,0.0,0.0,0.0,0.0,0.0,0.0,0.0,0.0,0.0,0.0,0.0,0.0256755334179005,0.0166058347814394,0.0,0.0,0.0,0.0,0.0,0.0,0.0698975883749709,0.0,0.0,0.0,0.008769056203904,0.014566970896423,0.0140926191728604,0.014155331753085,0.0070558828360966,0.0,0.0,0.0,0.0079336185645215,0.0,0.0,0.0,0.0,0.0572457808803258,0.0118358927050911,0.0,0.0,0.0231507304811895,0.0,0.0,0.0,0.111290614642766,0.0,0.0099481105484084,0.0231420058044613,0.0,0.0055011153279623,0.0,0.0,0.0,0.0,0.0,0.0,0.0,0.0,0.0,0.0,0.0,0.0063617212379705,0.0,0.0,0.0,0.0,0.0,0.0,0.0,0.0038823953022697,0.0,0.023632659440848,0.0,0.0,0.0,0.0,0.0,0.0,0.0,0.003306792963358,0.0,0.0,0.0,0.0,0.0,0.0,0.0,0.0,0.0,0.0,0.0,0.0,0.0,0.0104755511921768,0.0,0.0,0.0,0.0,0.0,0.0,0.0054557745264826,0.035115808655543,0.0,0.0,0.0,0.0,0.0,0.0,0.0,0.0,0.0,0.0,0.0,0.0,0.0,0.0,0.0,0.0,0.0074787795449666,0.0061635700663057,0.0,0.0469070205709971,0.0287593523845592,0.0499208524059426,0.0,0.0,0.0181294784199783,0.0,0.0038736201593332,0.0105610499295954,0.0,0.0270060500693224,0.0,0.0,0.0,0.0,0.0,0.0,0.0,0.0197151454839777,0.0,0.0,0.0,0.0,0.0111426972105623,0.0,0.0147456749379733,0.0110089848674218,0.0,0.0,0.0,0.0,0.0,0.0,0.0,0.0079410801699688,0.0040223053428541,0.0,0.0,0.0,0.0083679433632923,0.0,0.0110884515806833,0.0,0.0,0.0037893163622097,0.0,0.0,0.0,0.0,0.0330906368777382,0.0,0.0,0.0,0.0,0.0,0.0,0.004814825139295,0.0,0.0146362728059159,0.0345443819861062,0.0,0.0,0.0,0.0,0.0,0.0042749777373576,0.0288964956839529,0.0,0.0,0.0,0.0,0.0,0.0,0.0,0.0,0.0036085921468489,0.0,0.0,0.0055996855450256,0.0,0.0035095329329481,0.0744395727021407,0.0,0.0,0.0,0.0,0.0,0.0,0.0,0.0,0.0,0.0,0.0202841315808298,0.0142060221726686,0.0,0.0,0.0,0.0,0.0,0.0061341326727146,0.0042952767744813,0.0,0.0,0.0,0.0,0.0122393340525994,0.0065568447259737,0.0072227713046784,0.0,0.0,0.0,0.0205975730370981,0.015852355042204,0.0253662013457285,0.0220345830442762,0.0238012939970712,0.0,0.014179649943005,0.0149187520681179,0.0078471713151288,0.0053146005460751,0.024024317030426,0.0,0.0,0.0233302754145616,0.0237205932423065,0.0,0.0,0.0,0.0,0.0,0.0,0.0545720702691962,0.0,0.0140919936085194,0.0114061439965994,0.0042791571520762,0.0,0.0,0.0,0.0,0.0,0.0,0.0,0.0,0.0,0.0,0.0,0.0215522226531341,0.0228098864963511
SPA,0.0299912423791053,0.0465910500034174,0.0683260915291497,0.0,0.0,0.0302064572965448,0.017595407094971,0.0163293807636639,0.0203133218125711,0.0,0.0,0.0,0.0,0.0,0.0,0.0221996028677629,0.0332854300840654,0.0,0.0,0.0,0.0,0.0,0.0,0.0179838885909429,0.0087553397127228,0.0,0.0,0.0085698553655256,0.0,0.0,0.0,0.0149859126689117,0.0122627051061599,0.0,0.0,0.0,0.0109871130271743,0.0,0.030129487774142,0.0,0.0050302163678697,0.0261303332227089,0.0,0.0139704678947426,0.0175341654150406,0.0061005960232187,0.0,0.0,0.0,0.0,0.0,0.0,0.0162081430616219,0.0,0.0111478983963626,0.0071850325860313,0.0,0.0063919978525613,0.0107803157769981,0.0171002397653469,0.0249641365523304,0.0188049141529645,0.133006019237872,0.0195671503826654,0.0,0.0,0.0033451483043723,0.0,0.0,0.0,0.0,0.0,0.0,0.0252434094842135,0.0334710428580828,0.0,0.0276331313078331,0.0,0.0083155826231975,0.0,0.0,0.0,0.0,0.0063661865928083,0.0,0.0,0.0104821008284322,0.0,0.0219675040173372,0.0121095195881453,0.0275882959625637,0.0091999768003457,0.0,0.0,0.0140671641895417,0.0247340378600762,0.0246573634732315,0.0453011318412491,0.0245582305018287,0.0043308931317816,0.0,0.0,0.0339018783855144,0.0122658819456141,0.0,0.0,0.0350927297643224,0.0539437035256007,0.0,0.0204651330584843,0.04826185740372,0.0228149678559109,0.0067663804803514,0.0,0.0,0.0352198881069721,0.0,0.0,0.0215115729661185,0.0297890493692619,0.0061809080982965,0.0080457394294358,0.0,0.0074703285529601,0.0,0.0034824235953602,0.0194938026072722,0.0,0.0724987153160842,0.0145895826654361,0.0,0.0163662992205308,0.0589877345189268,0.01748574606962,0.0290215908522416,0.0048480195199143,0.0,0.0153732439983629,0.0055574885976764,0.0,0.0096718937742643,0.0045248394398602,0.0040525868471086,0.0284506568797526,0.0130399119508464,0.0173147897112955,0.022534433986554,0.0,0.0325160485862379,0.0070902453989767,0.0061560910872721,0.0175855899632008,0.0227897460173349,0.0095446648853343,0.007024523788784,0.0190119970650394,0.0088831296640664,0.0291193063950684,0.0308746700203545,0.0169231595979968,0.0081638843509471,0.0,0.0,0.0064858465726424,0.0156869303095913,0.0149746691021229,0.0197732348718117,0.0393994310064643,0.0277925555737417,0.0091647061135854,0.0,0.0,0.0,0.0,0.0,0.0,0.0,0.0,0.0050683502098688,0.0,0.0052801793851274,0.0191043913952081,0.0115869730248136,0.0123815664431459,0.0,0.0041411049653407,0.0,0.0099463093370113,0.0160597313115023,0.0060084937330884,0.0326080251269946,0.0094615851111979,0.0059180437961601,0.0,0.0,0.0218311669991665,0.0,0.0095072784865274,0.0,0.0,0.0,0.0053909648747226,0.0090063222374455,0.0333630409050407,0.0,0.0,0.00977366142543,0.0118674949967422,0.0,0.0050733541507157,0.0121046698221145,0.0249744553404624,0.0,0.0,0.0079499720286063,0.0108618607351342,0.0072188864700695,0.0128784527573413,0.0038935067253316,0.0,0.0,0.0,0.0,0.0,0.0060329239249014,0.0080128807014805,0.0,0.0,0.0,0.0,0.0,0.0,0.0067671322603931,0.0040058824693033,0.0,0.0,0.0,0.0,0.0,0.0,0.0037126418082012,0.0066658113370755,0.0,0.0,0.0,0.004592448679606,0.0,0.0084264696165045,0.0,0.0,0.0065533462568362,0.0057683319875829,0.0091589232175601,0.0039320294047015,0.0,0.0,0.0,0.0,0.0,0.0,0.0,0.0091575055089696,0.0,0.0,0.0,0.0,0.0,0.003495633240116,0.0041206062441108,0.0046523006490061,0.0046801268942978,0.084752634572721,0.0107373620350253,0.0,0.0039966796727208,0.0,0.0,0.0,0.0,0.0,0.0,0.0,0.0075994667100532,0.0098219125692875,0.0,0.0086612427563501,0.00433385149883,0.0,0.0,0.0,0.0,0.0,0.0,0.0,0.0,0.0,0.0,0.0064839502671931,0.0,0.0085860359322546,0.0,0.0,0.0,0.0042848978535354,0.0079400333043588,0.0077834018981771,0.0170068978065069,0.0056077804922481,0.0,0.0,0.0,0.0067160367255366,0.0081070848163104,0.0,0.0,0.011561409810337,0.0220846833568496,0.0,0.0107243998841789,0.0285177950298208,0.0115601485491405,0.0,0.0,0.0,0.0095786852215191,0.0,0.0,0.0068061668181471,0.0053471241146619,0.0,0.0,0.0,0.0,0.0,0.0045683904649884,0.0048940758517538,0.0,0.0389428407775201,0.0046081259248417,0.0,0.0046450649917941,0.0293887954062379,0.0048394111084716,0.0063481158567838,0.0,0.0,0.0064999292140179,0.0,0.0,0.011277046922541,0.0,0.0,0.0082990630228832,0.0046777375296515,0.0064184800468177,0.0071115326149128,0.0,0.0060536666657728,0.0,0.0,0.0038670297534753,0.0045450198066218,0.0,0.0,0.0,0.0,0.0071883473378598,0.0074452224343391,0.0,0.0,0.0,0.0,0.0,0.0033153503418641,0.0,0.0100681720136454,0.0212690947582361,0.0154791922343214,0.0,0.0,0.0,0.0,0.0,0.0,0.0,0.0,0.0,0.0,0.0,0.0,0.0050380362166009,0.0,0.0074013336784272,0.0,0.0,0.0,0.0042686505011401,0.0066569547997011,0.0033687095028217,0.0090427948281651,0.0093827094961566,0.0,0.0,0.0,0.0094552309199762,0.0,0.0,0.0,0.0,0.0,0.0,0.0,0.0071988664681105,0.0,0.0,0.004377086367363,0.0,0.0
SPFm,0.0051197619261865,0.0295845421498373,0.0395361252898863,0.0,0.0,0.0095450722710769,0.0,0.0032986753939804,0.0,0.0,0.0,0.0,0.0,0.0,0.0,0.008538274100997,0.011135688840666,0.0044379347495332,0.0,0.0036356449530366,0.0,0.0,0.0,0.0,0.0035373611405962,0.0,0.0,0.0038287393439478,0.0,0.0,0.0,0.0056616535318054,0.0044859586314581,0.0,0.0,0.0,0.0,0.0,0.0154579445283413,0.0,0.0,0.0109965926186082,0.0,0.0,0.0061347590465312,0.0,0.0,0.0,0.0,0.0,0.0,0.0,0.0038710737658536,0.0,0.0,0.0,0.0,0.0,0.0,0.0088237925027165,0.0102325162833426,0.0099679689440846,0.0556208186033072,0.0052242568572147,0.0,0.0,0.0,0.0,0.0,0.0,0.0,0.0,0.0053476318768065,0.0036402242467854,0.0106476088481824,0.0,0.006963317609064,0.0,0.0,0.0,0.0,0.0,0.0,0.0,0.0,0.0,0.0,0.0082674668522178,0.0138777943114044,0.0139722559105188,0.0039015161747437,0.0045809701028712,0.0,0.0,0.0099106015616452,0.0060609090116706,0.0059818822705501,0.0138795182058657,0.0097149956685536,0.0,0.0,0.0,0.0089171044762203,0.0062721880595436,0.0,0.0,0.0111017542261624,0.0172228349918105,0.0,0.0077964898868069,0.0110136439201124,0.0082616991995578,0.0,0.0,0.0,0.0149069779024081,0.0,0.0,0.0055651397488571,0.0072481734277877,0.0,0.0,0.0,0.0,0.0,0.0,0.013443816275063,0.0,0.019459377723882,0.0066850964028625,0.0,0.0097667478449504,0.0199672495617245,0.0154993984822856,0.009400046493661,0.0,0.0,0.0,0.0,0.0,0.0060585708279043,0.0,0.0064948787806395,0.0093415528162086,0.0,0.0064682159953063,0.0051544308072432,0.0,0.0107532118377883,0.0,0.0034038568965963,0.0073947503566859,0.0075834801935353,0.0084195556363781,0.0085445165154887,0.0190233384627636,0.0,0.0087434685417995,0.0126036326832156,0.0074118558843563,0.0,0.0,0.0,0.0056223099316909,0.0076644783498594,0.0071536896241854,0.0,0.0112052508063183,0.0108305511294555,0.0044989988001651,0.0,0.0,0.0,0.0,0.0047656346770219,0.0047839550784161,0.0,0.0,0.0077874671545159,0.0,0.0039400143289686,0.0095756598109881,0.0063150421402234,0.0049063592760876,0.0,0.0,0.0,0.0,0.0,0.0,0.0109531319559801,0.004940328507121,0.0,0.0,0.0,0.004423371440983,0.0065180547075435,0.0118982695757903,0.0,0.0,0.0,0.006094802662752,0.0050919798981389,0.011543679916738,0.0,0.0,0.00481298581466,0.0064254480445422,0.0,0.0,0.0066078102332126,0.0150376267932715,0.0,0.0,0.0,0.0,0.0,0.0,0.0,0.0,0.0,0.0,0.0,0.0,0.0,0.0,0.0,0.0,0.0,0.0,0.0,0.0,0.0,0.0,0.0,0.0,0.0,0.0,0.0,0.0,0.0,0.0,0.0,0.0,0.0,0.0,0.0,0.0049221773105645,0.0112543013802253,0.0,0.0,0.007880754324364,0.0,0.0,0.0,0.0,0.0,0.0,0.0,0.0,0.0,0.0,0.0,0.0,0.0,0.0,0.0,0.0,0.0,0.0,0.0,0.0470899126520119,0.0,0.0,0.0054509249514334,0.0,0.0,0.0,0.0129026807009351,0.0,0.0,0.0,0.0,0.0,0.0,0.0,0.0,0.0,0.0,0.0,0.0,0.0,0.0,0.0,0.0,0.0,0.0,0.003642547595405,0.0,0.0,0.0,0.0,0.0,0.0,0.0,0.0,0.0075256035819769,0.0,0.0,0.0037192769156362,0.0,0.0,0.0055844111507184,0.0,0.0,0.0045862013012875,0.0095628228559318,0.0,0.0,0.0065078272984149,0.0,0.0,0.0,0.0,0.0037962037686661,0.0,0.0,0.0,0.0,0.0,0.0,0.0,0.0,0.0,0.0,0.0,0.0,0.0098861015832845,0.0,0.0,0.0,0.008941564509578,0.0,0.0,0.0,0.0,0.0,0.0,0.0,0.008591354963651,0.0,0.0,0.0,0.0,0.0,0.0,0.0,0.0,0.0,0.0,0.0,0.0,0.0,0.0,0.0,0.0,0.0,0.0,0.0,0.0,0.0,0.0,0.0,0.0,0.0,0.0,0.005501031245391,0.0040789515302416,0.0,0.0058478714887348,0.0,0.0,0.0,0.0,0.0,0.0,0.0,0.0,0.0,0.0,0.0,0.0,0.0052972232295655,0.0117705207415226,0.0,0.0,0.0,0.0,0.0,0.0,0.0071701855261906,0.0,0.0,0.0,0.0,0.0,0.0,0.0,0.0,0.0,0.0,0.0,0.0,0.0,0.0,0.0,0.0,0.0
SPFp,0.0051350016177019,0.0720264016273877,0.0622214929530594,0.0,0.0,0.003745588952799,0.0096969549407841,0.0209156555321805,0.0094760911352302,0.0,0.0,0.0,0.0,0.0,0.0,0.0639993586434685,0.0042010355936033,0.0222390719723484,0.0105067559165595,0.0116530683397639,0.0,0.0,0.0,0.0,0.0,0.0,0.0,0.0115684196404424,0.0,0.0,0.0,0.007399155390714,0.0,0.0,0.0,0.0,0.0037818392337906,0.0,0.0216489316105874,0.0,0.0,0.0046893603710532,0.0,0.0,0.0041284599968988,0.0066599436757757,0.0,0.0,0.0,0.0,0.0,0.0,0.0120393122940684,0.0,0.00955552717949,0.0054454240980863,0.0,0.0105739118941674,0.0072328134253172,0.0209550228419832,0.0301044821338403,0.0296192290874636,0.0424887208234601,0.0,0.0,0.0,0.0,0.0,0.0,0.0041219147992598,0.0,0.0,0.0407479238636804,0.0,0.0094099961049963,0.0,0.0,0.0,0.0,0.0,0.0,0.0,0.0,0.0,0.0,0.0,0.0036573949167977,0.0616835009395731,0.104741510877532,0.107235309593589,0.0,0.0,0.0,0.0285044792753756,0.0392913290465497,0.0,0.0,0.0050929715729097,0.0358773512345529,0.0,0.0034552103589404,0.0,0.0053610164978909,0.0112556471593778,0.0,0.0,0.0272807310260785,0.016406678035788,0.0,0.0110158534381826,0.0080605552598975,0.006952817541163,0.0,0.0,0.0,0.0192315631123399,0.0,0.0,0.0137767184466504,0.0058651178313366,0.0067009821276888,0.0229929560628758,0.0,0.0033107035301642,0.0,0.0,0.0065373459790472,0.0,0.0302079769958535,0.0,0.0,0.0713902334560152,0.0,0.118462784153875,0.0308207796660906,0.0,0.0,0.0075197658859828,0.007542224662094,0.0,0.0109312601588113,0.0,0.0331937650952336,0.0035911364997193,0.0,0.0,0.0,0.0,0.0041494381377843,0.0,0.0,0.0307125420704037,0.048109685321734,0.0266712835101296,0.0303304171665076,0.0394025734774639,0.007679935431511,0.0,0.0339326328874952,0.0207021146964486,0.0,0.0,0.0,0.0073580781348619,0.0672964774175266,0.0728239894110524,0.0061119790169059,0.0104055368369275,0.0,0.034336068605185,0.0,0.0,0.0,0.0,0.0609484859175735,0.0509736420887137,0.0246956283375553,0.0452699713280581,0.0805883559783081,0.0499033939499666,0.0358311041073643,0.0513254315393945,0.0,0.010012630988745,0.0047670756891744,0.0066327210495228,0.0,0.0038968879271203,0.0,0.0,0.0048931958794944,0.0096104565675353,0.00811606363023,0.0,0.0,0.0248866306492858,0.0291334099760748,0.0401909086953178,0.0,0.0,0.0,0.014698715643428,0.0185658814608062,0.004817289440167,0.0,0.0,0.0067896014892216,0.028993031552579,0.0,0.0,0.0,0.0,0.0,0.0,0.0,0.0,0.0,0.0,0.006427479644865,0.0,0.0,0.0,0.0,0.0,0.0,0.0,0.0,0.0,0.0,0.0,0.0,0.0,0.0,0.0,0.0,0.0,0.0,0.0,0.0,0.0,0.0,0.0,0.0,0.0,0.0,0.0,0.0,0.0057996169817963,0.0122800019932094,0.0,0.0,0.0624112905246465,0.0,0.0,0.0,0.0,0.0,0.0,0.0,0.0,0.0,0.0,0.0,0.0,0.0,0.0,0.0,0.0,0.0,0.0,0.0,0.0038154433801511,0.0,0.0045167252909757,0.0562274147584496,0.0,0.0041181498914342,0.0,0.0,0.0,0.0,0.0,0.0,0.0,0.0,0.0,0.0063072693974541,0.0,0.0,0.0,0.0,0.0037372441183737,0.0,0.0082678687349512,0.0051640551796916,0.0,0.0,0.0,0.0,0.0,0.0,0.0,0.0,0.0,0.0,0.0,0.0,0.0039202712536315,0.0,0.0,0.0,0.0,0.0169280720823962,0.0,0.0078875251545377,0.0,0.0,0.0221964173525357,0.0043012425367664,0.0,0.0,0.0,0.0,0.0,0.0,0.0,0.0073147055731349,0.0112416415569501,0.0,0.0,0.0,0.0,0.0,0.0,0.0065605826375542,0.0,0.0,0.0,0.0,0.0,0.0,0.0,0.0,0.0039575493543318,0.0,0.0057615815899597,0.0036963158426286,0.0,0.0,0.0314260404189526,0.0,0.0,0.0,0.0,0.0,0.0,0.0,0.0,0.0,0.0,0.0037871547879286,0.0034192558373971,0.0,0.0,0.0,0.0,0.0,0.0037469197317645,0.0,0.0,0.0,0.0,0.0,0.0,0.0,0.0043665786716334,0.0,0.0,0.0,0.0051366229797249,0.0098562421331825,0.0210272123354551,0.011913747254247,0.0,0.0,0.0,0.0,0.0,0.0,0.0,0.0044266549328154,0.0,0.0201334542680434,0.0,0.0,0.0,0.0,0.0,0.0,0.0,0.0281801116378754,0.0,0.008741960234845,0.0,0.0,0.0,0.0,0.0,0.0,0.0,0.0,0.0,0.0,0.0,0.0,0.0,0.0,0.0168212249480205
SPIV,0.0,0.0,0.0,0.0,0.0,0.0,0.0,0.0,0.0,0.0336212441524227,0.0,0.0,0.0,0.0,0.0,0.0,0.0,0.0,0.0,0.0,0.0,0.0,0.0,0.0,0.0,0.0,0.0,0.0,0.0194695582627361,0.0,0.0,0.0,0.0,0.0,0.0,0.0,0.0,0.0208700276757156,0.0,1.52875938384236,0.0,0.0,0.0048281207440438,0.0,0.0,0.0,0.0,0.0,0.0,0.0,0.0,0.175294768461284,0.0,0.0,0.0,0.0,0.0387035628926486,0.0,0.0,0.0,0.0,0.0,0.0,0.0,0.0292877300812275,0.0230072515979464,0.0,0.0552938231546169,0.0,1.84768365174025,0.0,0.0,0.0,0.0,0.0,0.0,0.0,0.0223908364134759,0.0,0.0,0.0,0.0,0.0273894283243836,0.0,0.0455868022280472,0.0264012794533771,0.0,0.0,0.0,0.0,0.0,0.0,0.0,0.0,0.0,0.0,0.0,0.0,0.0,0.0,0.712409207482371,0.0,0.0,0.0214765306230783,0.0,0.150544861082194,0.0,0.0,0.271340862302966,0.0,0.0,0.0,0.0,0.0,0.0,0.0,0.0,0.0968127179667356,0.0727850375396184,0.0,0.0,0.0,0.0,0.0,0.252224038284908,0.0362400827947479,0.0,0.0,0.0,0.0,0.0,0.0,0.0,0.0,0.0,0.0,0.0033592723605764,0.0082623548408656,0.0,0.298266081297531,0.173783964732741,0.0,0.0,0.0,0.0,0.0,0.0,0.0,0.0,0.0,0.0,0.0,0.0,0.0,0.0,0.0,0.0,0.0,0.0,0.0,0.0,0.0,0.0,0.0,0.0,0.0,0.0068818931132173,0.0,0.0,0.0,1.26400956100256,0.0451955427814265,0.0688331748365722,0.144996602218473,0.0,0.0,0.0,0.0,0.0,0.0,0.0,0.0,0.0,0.0543471816376607,1.75085676754319,0.0,0.0,0.0,0.0,0.0,0.0,0.12612340960706,0.0,0.238402628979447,0.0184320151935898,0.0,0.0,0.0,0.0,0.0,0.0,0.0,0.0,0.0,0.0,0.0,0.0,0.0,0.0740940334190342,0.0,0.0,0.0,0.0,0.0,0.0,0.0,0.0,0.0,0.0169745924066511,0.0,0.0,0.0,0.0,0.0,0.0,0.0,0.0,0.0,0.0,0.0,0.0,0.0,0.0,0.0,0.0,0.0,0.0,0.0367229249355599,0.0,0.0,0.0,0.0,0.0,0.0,0.0,0.0,0.0413752449886931,0.0,0.0543880908874835,0.0,0.0,0.0,0.0,0.0,0.0,0.0,0.0,0.0,0.0,0.0,0.338546909859517,0.0,0.0,0.0,0.0,0.0310715070603669,0.0,0.0,0.0,0.0,0.0,0.0,0.0,0.0261347437783157,0.0130009718936932,0.0,0.0229882733668272,0.0,0.119857458275954,0.0,0.0,0.0,0.0,0.0,0.0,0.0,0.0150223686183245,0.0,0.0,0.0,0.0,0.0206303741084512,0.0,0.00767363952974,0.0110553164576602,0.0,0.0,0.0,0.0,0.0,0.0,0.0,0.0057638588467354,0.0,0.0,0.0,0.0,0.0,0.0,0.231517225522743,0.0,0.0,0.0309295896182853,0.0,0.449204792542154,0.0,0.0,0.0783759361820729,0.0,0.0,0.0,0.0,0.0,0.0,0.0,0.0,0.0213118462281086,0.0664670938087919,0.0,0.0,0.0,0.0,0.0,0.207093456288954,0.0227386576547409,0.0,0.0,0.0,0.0,0.0,0.0,0.0,0.0,0.0,0.0,0.0,0.0068093672763515,0.0036273889013244,0.261005199246519,0.170982147438269,0.0,0.0,0.0,0.0,0.0,0.0,0.0047395863674751,0.0,0.0,0.0,0.0085578519589715,0.0059607271373691,0.0,0.0,0.0,0.0,0.0,0.0,0.0,0.0,0.0,0.0,0.0,0.0050175679091855,0.0,0.0065604045451707,0.0,0.0,0.0,0.215793738117551,0.0047483521706454,0.0081572742550306,0.022356582975147,0.0062974147312387,0.010239816865883,0.0,0.0,0.0068418599085379,0.0,0.0,0.0,0.0,0.0546026762849131,0.144614746708908,0.0,0.0,0.0,0.0,0.0,0.0,0.123745989027314,0.0,0.0343496947225741,0.0144092468301948,0.0,0.0,0.0,0.0,0.0,0.0,0.0,0.0,0.0,0.0,0.0,0.0,0.009416911635995,0.0391338050243779
SPVC,0.0,0.0,0.0,0.0,0.0,0.0,0.0,0.0,0.0,0.165557702062996,0.0,0.0,0.0,0.0,0.0,0.0,0.0,0.0,0.0,0.0,0.0,0.0,0.0,0.0,0.0,0.0,0.0,0.0,0.0,0.0,0.0,0.0,0.0,0.0,0.0,0.0,0.0,0.0,0.0,0.308319426965881,0.0,0.0,0.0,0.0,0.0,0.0,0.0,0.0,0.0,0.0,0.0,0.0,0.0,0.0,0.0,0.0,0.0590600742180609,0.0,0.0,0.0,0.0,0.0,0.0,0.0,0.0661099119092194,0.0050487177251556,0.0,0.181555492636128,0.0,0.192095765621581,0.0,0.0,0.0,0.0,0.0,0.0,0.0,0.284354432471916,0.0,0.0,0.0,0.0,0.050087328527401,0.0,1.26956177841292,0.388075633412364,0.0,0.0,0.0,0.0,0.0,0.0,0.0,0.0,0.0,0.0,0.0,0.0,0.0,0.0,0.100542712677548,0.0,0.0,0.0559316975296686,0.0,0.0,0.0,0.0,0.492207866621248,0.0,0.0,0.0,0.0,0.0,0.0,0.0,0.0,0.208636980390447,0.0315231147303794,0.0,0.0,0.0,0.0,0.0,0.0437656245584385,0.0995607156290675,0.0,0.0,0.0,0.0,0.0,0.0,0.0,0.0,0.0,0.0,0.0,0.0067464575296187,0.0065524796991422,0.0332745257085391,0.119323499445273,0.0,0.0,0.0,0.0,0.0,0.0,0.0,0.0,0.0,0.0,0.0,0.0,0.0,0.0,0.0,0.0,0.0,0.0,0.0,0.0,0.0,0.0,0.0,0.0,0.0,0.012126291785136,0.0,0.0,0.0,0.288884380267126,2.02613588588657,0.783563100588385,0.184561473687507,0.0074525020784456,0.0,0.0058636836258041,0.0,0.0,0.0,0.0,0.0,0.0,0.0459038892888256,0.169491732222919,0.0,0.0,0.0,0.0,0.0,0.0,0.087207455961919,0.0,0.101739225762317,0.0470821424003736,0.0,0.0,0.0,0.0,0.0,0.0,0.0,0.0,0.0,0.0,0.0,0.0,0.0,0.123252094010638,0.0,0.0063679919907851,0.0,0.0,0.0,0.0,0.0044030112436107,0.0078466066899481,0.0,0.0317579778245773,0.0,0.0,0.0,0.0,0.0,0.0,0.0,0.0,0.0,0.0,0.0,0.0,0.0,0.0,0.0,0.0,0.0,0.0,0.0,0.0,0.0,0.0099505433575608,0.0,0.0,0.0,0.0,0.0,0.0,0.0,0.0435166430116165,0.0,0.0,0.0,0.0,0.0,0.0,0.0,0.0,0.0,0.0,0.0,0.0,0.0,0.0,0.0,0.0,0.03210896517519,0.0209852502389584,0.0,0.0,0.0,0.0,0.0,0.0,0.0277380217605456,0.0,0.0034290204968058,0.0339007853896267,0.0,0.016096827567816,0.0,0.0,0.0,0.0,0.0,0.0,0.0,0.0312593784183444,0.0,0.0,0.0,0.0,0.0317461712175139,0.0,0.0611187723129755,0.0301515767840943,0.0,0.0,0.0,0.0,0.0,0.0,0.0,0.110025855363001,0.0268817861352518,0.0,0.0,0.0,0.0076677222462283,0.0,0.0342357432129471,0.0,0.0,0.006683633199103,0.0,0.0,0.0,0.0040045527682834,0.0503914821725632,0.0,0.0,0.0,0.0,0.0,0.0,0.0042901151348343,0.0,0.0458517535119504,0.0,0.0,0.0,0.0,0.0,0.0,0.0304631985218156,0.0325872495762029,0.0,0.0,0.0043735076922054,0.0,0.0,0.0,0.0,0.0,0.0,0.0,0.0,0.0063345240141698,0.0,0.022428181177796,0.0111762432846577,0.0,0.0252960935968569,0.0,0.0,0.0,0.0,0.0,0.0,0.0,0.0,0.0188204584898214,0.0075974112623422,0.0,0.0,0.0,0.0,0.0,0.0,0.0,0.0,0.0,0.0,0.0,0.0046350180810301,0.0,0.009457340984843,0.0,0.0,0.0,0.0353283114244606,0.0763458652741161,0.0728085374684887,0.0744746669196428,0.191728814333838,0.0134668807616492,0.294540915533483,0.201750937360955,0.0606817345270254,0.128256879784273,0.0777098154761087,0.0,0.0,0.0053783120437232,0.0119254590549426,0.0,0.0,0.0,0.0,0.0,0.0,0.0085631317957393,0.0,0.0372022395172961,0.0159080990237178,0.0111183512576146,0.0043684305345852,0.0064702450986237,0.0,0.0,0.0,0.0,0.0,0.0,0.0,0.0,0.0,0.0130615307821534,0.0207716997283599
SPVI,0.0,0.0,0.0,0.0,0.0,0.0,0.0,0.0,0.0,0.14901212458798,0.0,0.0,0.0,0.0,0.0,0.0,0.0,0.0,0.0,0.0,0.0,0.0,0.0,0.0,0.0,0.0,0.0,0.0,0.0086332715256296,0.0,0.0,0.0,0.0,0.0,0.0,0.0,0.0,0.0078994518243829,0.0,0.653329415920945,0.0,0.0,0.0183453692804212,0.0,0.0,0.0,0.0,0.0,0.0,0.0,0.0,0.0059666716219915,0.0,0.0,0.0,0.0,0.0501023395802481,0.0,0.0,0.0,0.0,0.0,0.0,0.0,0.04853445501344,0.0549125794285648,0.0,0.162223192329263,0.0,0.333509842901384,0.0,0.0,0.0,0.0,0.0,0.0,0.0,0.185365543419377,0.0,0.0,0.0,0.0,0.0379677865124961,0.0,0.827853436049328,0.250411468202758,0.0,0.0,0.0,0.0,0.0,0.0,0.0,0.0069631344635513,0.0041083968115453,0.0,0.0,0.0,0.0,0.0,0.129210352455631,0.0,0.0,0.0661730538671458,0.0,0.0078739389002525,0.0,0.0,0.480464259294305,0.0,0.0,0.0,0.0,0.0,0.0,0.0,0.0,0.273640310108051,0.0451728281459171,0.0,0.0,0.0,0.0,0.0,0.0840305453401342,0.0808297653888007,0.0,0.0,0.0,0.0,0.0,0.0,0.0,0.0,0.0,0.0,0.0053798200038897,0.0032878881351141,0.0073127384909111,0.085748914828667,0.15309617990717,0.0,0.0,0.0,0.0,0.0,0.0,0.0,0.0,0.0,0.0,0.0,0.0,0.0,0.0,0.0,0.0,0.0,0.0,0.0,0.0,0.0,0.0039167396677397,0.0,0.0,0.0,0.0079015258183342,0.0,0.0,0.0,0.378740760698871,1.36402031909256,1.08872881291415,0.369767703483305,0.0072481748090736,0.0,0.010133617969564,0.0,0.0,0.0,0.0034439005812673,0.0,0.0,0.0657286615049703,0.279898746010033,0.0,0.0,0.0,0.0,0.0,0.0,0.117888190599102,0.0,0.215209003287325,0.0438526841426738,0.0,0.0,0.0,0.0,0.0,0.0,0.0,0.0,0.0,0.0,0.0,0.0,0.0,0.15855499043807,0.0,0.0048641203542563,0.0,0.0,0.0,0.0,0.0105718167974511,0.0110781715482142,0.0069568597823638,0.037069447523311,0.0,0.0,0.0,0.0,0.0,0.0,0.0,0.0,0.0,0.0,0.0,0.0,0.0,0.0,0.0,0.0,0.0,0.0,0.0,0.0,0.0,0.0120056646552389,0.0,0.0,0.0,0.0,0.0,0.0,0.0,0.0518511324029195,0.0,0.0,0.0,0.0,0.0,0.0,0.0,0.0,0.0,0.0,0.0,0.0075839367619517,0.0,0.0,0.0,0.0,0.0394149628144915,0.0255291151130463,0.0,0.0,0.0,0.0,0.0,0.0,0.0403757785372379,0.0,0.0050725087264366,0.0439026376604437,0.0,0.0206458938162623,0.0,0.0,0.0,0.0,0.0,0.0,0.0,0.0270100399331535,0.0,0.0,0.0,0.0,0.0365970574821565,0.0,0.0500123174912019,0.0373981148446145,0.0,0.0,0.0,0.0,0.0,0.0,0.0,0.104201560690769,0.0313519701122027,0.0,0.0,0.0,0.0076901857293333,0.0,0.0479570529854616,0.0,0.0,0.009182637923475,0.0,0.0,0.0,0.0,0.0622900923818076,0.0073210729037484,0.0,0.0034989672216459,0.0,0.0,0.0,0.0,0.0,0.0566517640127312,0.0072770193339883,0.0,0.0,0.0,0.0,0.0,0.0586610091519032,0.0382866508784766,0.0,0.0,0.0,0.0,0.0,0.0,0.0,0.0,0.0,0.0,0.0,0.0037669850178359,0.0,0.0587453812052668,0.0222261709559744,0.0,0.025485994713686,0.0,0.0,0.0,0.0,0.0,0.0,0.0,0.0,0.0213536410904855,0.0105143979268981,0.0,0.0,0.0,0.0,0.0,0.0,0.0,0.0,0.0,0.0,0.0,0.0073912189194009,0.0,0.0048534014403986,0.0,0.0,0.0,0.0474028565714321,0.0407830473022484,0.0789578509729812,0.0864245745181415,0.144026288344426,0.0160250443017527,0.17645480054612,0.101910167038719,0.0621641004221275,0.0786467311612853,0.0642711649198288,0.0,0.0,0.0095588571045945,0.0165526442480115,0.0,0.0,0.0,0.0,0.0,0.0,0.0171073537676675,0.0,0.0480728511536989,0.0224982896808029,0.0126924304111542,0.0079810084423026,0.0068812967823434,0.0,0.0,0.0,0.0,0.0,0.0,0.0,0.0,0.0,0.0194297659260441,0.0384479861984434
SPVO,0.0,0.0,0.0,0.0,0.0,0.0,0.0,0.0035080271869095,0.0,0.0985973536133148,0.0,0.0,0.0,0.0,0.0,0.0,0.0,0.0,0.0,0.0,0.0,0.0,0.0,0.0,0.0,0.0,0.0,0.0,0.0144779367776584,0.0,0.0,0.0,0.0,0.0,0.0,0.0,0.0,0.0125591230321142,0.0,0.593923128710437,0.0,0.0,0.0264298949512157,0.0,0.0,0.0,0.0,0.0,0.0,0.0,0.0,0.0122941143255747,0.0,0.0,0.0,0.0,0.0495222950463534,0.0086238866235118,0.0040583548621805,0.0,0.0,0.0,0.0,0.0,0.037749898292451,0.0916116040439001,0.0,0.161253786753914,0.0,0.450016622993109,0.0,0.0,0.0,0.0,0.0,0.0,0.0,0.108980678714659,0.0,0.0,0.0,0.0,0.0347355654676771,0.0,0.577768407974833,0.16531902934293,0.0,0.0,0.0,0.0,0.0,0.0,0.0,0.0115853609876097,0.0060190162662326,0.0,0.0,0.0,0.0,0.0,0.162515469430347,0.0,0.0,0.0452932744456913,0.0,0.0159450636271501,0.0,0.0,0.366734503811653,0.0,0.0,0.0,0.0,0.0,0.0,0.0,0.0,0.304292988042334,0.0501237523270274,0.0,0.0,0.0,0.0,0.0,0.0648140590717948,0.0603573726247867,0.0,0.0,0.0,0.0,0.0,0.0,0.0,0.0,0.0,0.0,0.0084377270042814,0.0053553016439367,0.0049704135746844,0.0551263739890709,0.129852193710348,0.0,0.0,0.0,0.0,0.0,0.0,0.0,0.0,0.0,0.0,0.0,0.003290003338099,0.0,0.0,0.0,0.0,0.0,0.0,0.0,0.0,0.0,0.0052184314997149,0.0,0.0062590572880565,0.0073379712375426,0.0082523881621914,0.0,0.0,0.0,0.360657974185273,0.869204041976597,0.503081740048241,0.493615995518595,0.0052927029031194,0.0,0.0132439864354597,0.0,0.0,0.0,0.0072099815016034,0.0,0.0,0.0607513027116788,0.355315894959565,0.0,0.0,0.0,0.0,0.0,0.0,0.104755705267349,0.0,0.448962114674393,0.0971632279239454,0.0,0.0,0.0,0.0,0.0,0.0,0.0,0.0,0.0,0.0,0.0,0.0,0.0,0.092306843673871,0.0,0.0036073259976241,0.0,0.0,0.0,0.0,0.0104280883932077,0.0188088901162156,0.0051672296487105,0.0298040398149069,0.0,0.0,0.0,0.0,0.0,0.0051734000890765,0.0,0.0,0.0,0.0,0.0,0.0,0.0,0.0,0.0,0.0,0.0,0.0,0.0,0.0,0.0,0.0127493374158944,0.0,0.0,0.0,0.0,0.0,0.0,0.0,0.0585442818375076,0.0,0.0,0.0,0.0,0.0,0.0,0.0,0.0,0.0,0.0,0.0,0.0251138463621068,0.0,0.0,0.0,0.0,0.0357557009953908,0.048163590630572,0.0,0.0,0.0,0.0,0.0,0.0,0.029528649403385,0.0,0.0052833010113956,0.0427783512719898,0.0,0.0443308509319353,0.0,0.0,0.0,0.0,0.0,0.0,0.0,0.0203313391639183,0.0,0.0,0.0,0.0,0.0278011190207702,0.0,0.036784689397535,0.0274949049931811,0.0,0.0,0.0,0.0,0.0,0.0,0.0,0.0995844359114093,0.0348030539607291,0.0,0.0,0.0,0.010563692917582,0.0,0.068052068348679,0.0,0.0,0.0150244727431814,0.0,0.0073649387020853,0.0061199602820618,0.0034021148421742,0.0571352822555885,0.0054630313468226,0.0,0.0,0.0,0.0,0.0,0.0044760216438396,0.0,0.0588825990618736,0.0152245894681077,0.0,0.0,0.0,0.0,0.0,0.0511705617293723,0.0282292884286533,0.0,0.0,0.0,0.0,0.0,0.0,0.0,0.0,0.0,0.0,0.0,0.0075960595670741,0.0043755977559438,0.0403837152400762,0.0384647900447392,0.0,0.0059715860705088,0.0,0.0,0.0,0.0,0.0,0.0,0.0,0.0,0.0256621085637119,0.0135284068460223,0.0,0.0,0.0,0.0,0.0,0.0051628366665178,0.0,0.0,0.0,0.0,0.0,0.0106819945999277,0.0055902429142902,0.0077000990288373,0.0,0.0,0.0,0.0604948284269413,0.0282062353195827,0.0558515825271152,0.0935311575534947,0.0588156392072623,0.0042453512571029,0.145578005138169,0.0560942510909461,0.0107688698704039,0.0269718112555528,0.0708507985888106,0.0,0.0,0.0223979910419612,0.04002147199807,0.0,0.0,0.0,0.0,0.0,0.0,0.0340564459455289,0.0,0.0602454615444629,0.018795431165537,0.0176578192521839,0.0,0.0,0.0,0.0,0.0,0.0,0.0,0.0,0.0,0.0,0.0,0.0227888713236667,0.0295950125815935
SSp-bfd,0.0,0.430801999748587,0.0721252100021052,0.0,0.0476728358521838,0.0,0.0154179975737577,0.110037284361322,0.0058972366939425,0.0,0.0143721149739212,0.0555902109393572,0.0,0.0048248305668215,0.0,0.0033412678037413,0.0,0.874897299014026,0.346508503921551,0.274672314338339,0.293363640519027,0.063379350960929,0.041401987373966,0.0033108930635461,0.0571052128602958,0.0120314679363178,0.0052116948315703,0.0095163993360877,0.0,0.122052868017372,0.100943340650488,0.0,0.008902413795876,0.0076898895084507,0.0706589811974954,0.0058183942945202,0.0,0.0,0.0,0.0,0.0065879476640683,0.0,0.0,0.0,0.0,0.166014953228905,0.271196356760528,0.211273136118663,0.0880637491776058,0.0607995342270138,0.0,0.0,0.0620150719262306,0.0046931385003504,0.0347789754087046,0.0157854690141352,0.0,0.0055557318156502,0.0,0.0,0.0,0.0,0.0830597660802177,0.0,0.0,0.0,0.0,0.0,0.0977760682234843,0.0,0.215842436389128,0.147568799397371,0.615442034612696,0.0267411296212291,0.0,0.209090860806416,0.0,0.0,0.0,0.0,0.0,0.0,0.0,0.0094760072119495,0.0,0.0,0.0,0.0253715953729251,0.0288054886088227,0.0118079856274383,0.0,0.0038011304854058,0.0,0.195554446508719,0.456733736567751,0.0,0.0,0.0,0.0,0.0,0.0,0.0,0.0,0.0,0.0,0.0,0.0,0.0,0.0037983354939525,0.204722859372603,0.117433703085508,0.258033488665044,0.0,0.035155110344433,0.0292315193096445,0.0,0.0264166839173773,0.0,0.0,0.0,0.16631661465155,0.0940883983334822,0.0,0.0049576233212679,0.0,0.0,0.0,0.0074615285807571,0.105622642566,0.0,0.33083343934778,0.155524401367843,0.003734930336387,0.0100797209013225,0.0,0.0159030498904284,0.0,0.0,0.0,0.0,0.0,0.0,1.37237558587588,0.0,0.0,0.0,0.0,0.0,0.0,0.0104225976297107,0.0151197935741785,0.0,0.0,0.23328905841113,0.275133434197287,0.354234591691686,0.742396595652927,0.0,0.0,0.0,0.0,0.0,0.0,0.0581592458247842,0.0,0.0,0.0,0.0081319945800424,0.011389544893395,0.0085074531921501,0.0,0.0,0.0,0.0,6.12274714905238,0.562355872280459,0.042823565073028,0.928579709928009,2.13153344041833,0.815391554965564,1.52247565247623,0.0111216486222461,0.0,0.0,0.0,0.17638270967219,0.0437666200683932,0.0042894765527312,0.0,0.0,0.0,0.0,0.410169080578895,0.0,0.0,0.225827490911875,0.984368510186278,0.899082304987022,0.303586920749087,0.115251679855291,0.223820338731789,0.350032620003475,0.096734309357553,0.0,1.01610792410226,0.962520354434967,0.0274789027031677,0.0,0.0033938215140388,0.0,0.0496191565085602,0.0043110685470268,0.0,0.0,0.0,0.0034534808999368,0.0243766699900945,0.0,0.0,0.0,0.0,0.0,0.0036379792441066,0.0,0.0,0.0,0.11804172773027,0.0629720447030784,0.0751278358417072,0.0,0.01275499594361,0.0081765828253755,0.0,0.0132190834435462,0.0057590867808718,0.0,0.0,0.0,0.0,0.0087018648238451,0.0,0.0,0.0,0.0,0.0,0.0045366981267013,0.0,0.0,0.0,0.0,0.0,0.0,0.0,0.0,0.113827455480546,0.0753448818387592,0.0246942551045671,0.0129417366423005,0.0122868123646481,0.0,0.0,0.0128685664039777,0.0,0.0,0.0,0.0,0.0,0.0,0.0,0.0,0.0,0.0047442274927552,0.0,0.0,0.0,0.0,0.0,0.0186977393377548,0.0,0.0,0.0,0.0,0.0,0.0,0.0,0.0,0.0,0.0,0.0,0.0,0.0,0.0,0.0,0.0066372533901506,0.0,0.0,0.0,0.0,0.0,0.0,0.0,0.0,0.0322849149554853,0.063568227678115,0.0,0.0,0.0,0.0,0.0,0.0,0.0,0.0,0.0,0.0,0.0,0.0,0.0,0.0,0.0409206463582932,0.0082579452851395,0.0296271507791316,0.0,0.0053934960355579,0.0,0.0,0.0060697388896366,0.0,0.0,0.0,0.113823701293251,0.0,0.0,0.0,0.0,0.0,0.0,0.0,0.0117261715014475,0.0,0.0041386441699239,0.0,0.0,0.0,0.0,0.0041308283011053,0.0,0.0,0.0,0.0,0.0,0.0,0.10795335261911,0.0,0.0,0.0,0.0,0.0,0.0,0.0,0.0,0.0,0.0,0.0226145397176887,0.0065159624299968,0.0055290658466452,0.0,0.0,0.0,0.0,0.0,0.0,0.0,0.0,0.0,0.0,0.0,0.0,0.0,0.0,0.0,0.0138664083059794,0.0037367000091576,0.0,0.946532109277668,0.0686897281631053,0.0055483011660657,0.122697117524724,0.26727698989649,0.0914552162192753,0.226145982774122,0.0043049038286787,0.0,0.0,0.0,0.0715554771863947,0.0,0.0,0.0,0.0,0.0,0.0,0.0,0.0,0.0,0.0433387754059686,0.163847265408762,0.0716697782356353,0.0310791401636383,0.0035912150569347,0.0177708534252482,0.0267072244380451,0.0,0.0,0.0,0.0,0.0,0.0,0.0
SSp-ll,0.0,0.222292024117865,0.048342171686943,0.0,0.104442956585093,0.0,0.0067112248676128,0.0123661440277677,0.0055942304969828,0.0,0.0202105684926429,0.0866299497526109,0.0,0.0,0.0,0.0,0.0,0.179335118312705,0.070547383434632,0.0542835960072757,0.394286191543009,0.0099468534611149,0.0063419085639683,0.0,0.0125802963090345,0.0,0.0,0.0,0.0,0.135038203438093,0.00829137587279,0.0,0.0,0.0,0.0,0.0040392379835923,0.004750350959884,0.0,0.0,0.0,0.0,0.0,0.0,0.0,0.0,0.0211431959331675,0.0604988219037282,0.0511602859233087,0.0107928406444547,0.00959573464184,0.0,0.0,0.010113221517963,0.0,0.0284441814854532,0.0246264333629462,0.0,0.0071333271135019,0.0,0.0,0.0,0.0,0.0259162578674762,0.004274681905167,0.0,0.0,0.0,0.0,0.0148452194731394,0.0,0.364288651288922,0.0093770635080993,0.0090403517925998,0.0271225410089523,0.0139442139205182,0.115814785934511,0.0038982513184265,0.0,0.0,0.0,0.0,0.0055632193052912,0.0,0.0127099968711002,0.0,0.0,0.003703431206922,0.0,0.0074786413698477,0.0036236874254886,0.0040974776474814,0.0,0.0,0.503637306755641,0.233546333489422,0.0,0.0,0.0,0.0,0.0,0.0,0.0,0.0,0.0,0.0,0.0,0.0,0.0,0.0,0.0416541819832607,0.0414556422038463,0.0734232743460345,0.0,0.0041622740629733,0.0,0.0,0.0055111670027007,0.0,0.0,0.0,0.0209811874219323,0.0412966715015717,0.0,0.0033763840563608,0.0,0.0,0.0,0.0,0.078431929191192,0.0,0.228538945249727,0.0514262307119295,0.0,0.0053721137310183,0.0,0.0,0.0,0.0,0.0,0.0,0.0,0.0,0.306170375309896,0.0,0.005802928174908,0.0,0.0,0.0,0.0,0.0060172655832583,0.0,0.0,0.0,0.450161037824808,0.162581574715064,0.151748845373223,0.308971294154766,0.0,0.0,0.0,0.0,0.0054990139423227,0.0,0.0234740670118088,0.0,0.0,0.0,0.0,0.0,0.0035387730087865,0.0,0.0,0.0,0.0,0.41431203581622,2.50765992185138,0.0,0.0495681361771315,2.05429850782813,1.30540122687829,0.161352742606055,0.0851606979807809,0.0,0.0,0.0,0.0285777148116498,0.0,0.0036428207455382,0.0,0.0,0.0,0.0,0.710858713249937,0.0,0.0,0.0232641665694163,0.138108553415377,0.255354523179527,0.0426638385164831,0.009387606128913,0.019006354857508,0.107853359290441,0.051281023934831,0.0,0.338974996953888,0.168534050438027,0.0114901537678129,0.0,0.0,0.0,0.0384009446598111,0.0068475702003481,0.0,0.0,0.0,0.0,0.0,0.0,0.0,0.0,0.0,0.0,0.0,0.0,0.0,0.0,0.0098121675028551,0.0041885648963108,0.0043284820819549,0.0,0.0,0.0,0.0,0.0038018667855323,0.0,0.0,0.0,0.0,0.0,0.0,0.0,0.0,0.0,0.0,0.0,0.0099312088800001,0.0,0.0,0.0,0.0,0.0,0.0,0.0,0.0,0.0,0.0181957993626473,0.0098850557033092,0.0,0.0,0.0,0.0,0.0,0.0,0.0,0.0,0.0,0.0,0.0,0.0,0.0,0.0,0.0,0.0,0.0,0.0,0.0,0.0,0.0,0.0,0.0,0.0,0.0,0.0,0.0,0.0,0.0,0.0,0.0,0.0,0.0,0.0,0.0,0.0,0.0,0.0,0.0,0.0,0.0,0.0,0.0,0.0,0.0,0.131220260998374,0.0509572272437738,0.0,0.0,0.0,0.0,0.0,0.0,0.0,0.0,0.0,0.0,0.0,0.0,0.0,0.0,0.0045467137609009,0.0,0.0058053383019209,0.0,0.0,0.0,0.0,0.0,0.0,0.0,0.0,0.0,0.0,0.0,0.0,0.0,0.0,0.0,0.0,0.0078022763494851,0.0,0.0,0.0,0.0,0.0,0.0,0.0,0.0,0.0,0.0,0.0,0.0,0.0,0.0491802988797132,0.0,0.0,0.0,0.0,0.0,0.0,0.0043729633970008,0.0,0.0,0.0,0.132940042591181,0.027536120692895,0.0085910127007434,0.0,0.0,0.0,0.0,0.0,0.0,0.0,0.0,0.0,0.0,0.0,0.0,0.0,0.0,0.0,0.0,0.0,0.0,0.0728316686672762,0.601634386561262,0.0,0.0091991692635446,0.466178037144019,0.228736918477968,0.0207948601995479,0.0141027033189858,0.0,0.0,0.0,0.0,0.0,0.0,0.0,0.0,0.0,0.0,0.0,0.0,0.0,0.0,0.0131925503725093,0.0245716862917938,0.0033323012036836,0.0,0.0,0.0075206235118771,0.0,0.0,0.0,0.0,0.0,0.0,0.0
SSp-m,0.0044691427017539,0.0142286748024485,0.0,0.0060599802501173,0.0,0.0,0.488542160122568,0.738416809381044,0.400438293841761,0.0,0.0,0.0201553721863544,0.0,0.0038313646066321,0.0,0.0,0.0,0.0068603750926141,0.0060937161145571,0.0236134765917926,0.0109442096676891,0.0451900993044131,0.0276447179819638,0.0082548876817953,0.0126362238044374,0.0057175468929698,0.0,0.0185309445851107,0.0,0.180310152733988,0.0994643712125617,0.0,0.148740458267908,0.0,0.0,0.0555793981297202,0.0,0.004434793061725,0.0,0.0,0.0044788715659818,0.0036625618954665,0.0037437509328401,0.0,0.0049629694259861,0.0465740608245323,0.034049649171724,0.0249704059484143,0.0776989472464186,0.0442387480812774,0.0,0.0,0.40091773616458,0.0460425393103795,0.0459268687969361,0.0289900351315079,0.0,1.32733513909928,0.0060871015555522,0.0036746562254662,0.0,0.0041343872745863,0.0077587636818977,0.0769182637064873,0.0046564932725926,0.0,0.0,0.0,0.0777803213430368,0.0,0.014127652076106,0.0,0.402420703667856,0.0,0.0142988343571821,0.0509141501933966,0.0,0.0,0.0,0.0,0.0,0.0049838823829868,0.0049971583539022,0.039881197067246,0.0,0.0,0.0,0.0105345237223678,0.0590277379435254,0.0118199478823816,0.0,0.0086312872290121,0.0,2.53430696943115,0.728894230452888,0.0,0.0,0.0048788072042956,0.0,0.0,0.0,0.0,0.0,0.0,0.0,0.0,0.0050443198478089,0.0,0.0059871926210739,0.150973645299167,0.0107096861311934,0.0786395349844519,0.0141832846980711,0.0177371174249551,0.0,0.0,0.0106278232985435,0.0,0.0035434125190491,0.0,0.0503910359174283,0.175072454793216,0.0,0.0,0.0,0.0035701585686805,0.0056126541942259,0.0070175782377585,0.0251411979811932,0.0071838899922416,1.06947098510265,0.0345833506964176,0.0101491443575159,0.0099547335493223,0.0,0.0080734169156601,0.0,0.0,0.0,0.0033623906283142,0.0,0.0,0.0057613183284267,0.0,0.0037590712155403,0.0079707136333734,0.0,0.0,0.0,0.084288842317031,0.239696613832334,0.0,0.0,0.0052723233162989,0.0,0.0,0.43980395078649,0.0,0.0,0.0,0.0,0.0063255872459612,0.0036175983486624,0.38939216264312,0.0059876808042589,0.0068889873381166,0.0,0.14747847535245,0.203014197528366,0.36531927397937,0.0,0.0034454222997084,0.0,0.0,0.164951792203783,0.0292811740240566,6.3701634703885,2.7841995844827,0.0152386287235744,1.15642595910895,1.5668331676823,0.0997595445908674,0.0067107725504095,0.0,0.0,0.0273924782578986,0.0033023266845218,0.0,0.0,0.0,0.0,0.0,0.785101048455719,0.0,0.0,0.950984454782667,0.0064663991554738,0.0056630672763293,0.0039237832460143,0.0034767841047372,0.0,0.0059453560442507,0.619339040510497,0.0,0.839970287205307,1.40786604361977,0.9704273570488,0.0034489875502002,0.0048173940418985,0.0,0.0512000129818614,0.0207537752152644,0.0,0.0,0.0,0.187722287692113,0.211922216038493,0.156325207538701,0.0,0.0,0.0,0.0,0.0034054441578905,0.0,0.0,0.0,0.0,0.0,0.0,0.0,0.0112882330903554,0.0068394961061025,0.0,0.0049835400784204,0.003651861555222,0.0,0.0,0.0,0.0052027544703513,0.0306541155486876,0.0,0.0128887099148109,0.0,0.0,0.0,0.0,0.0,0.0,0.0,0.0,0.0,0.0,0.0,0.0,0.0129728027558853,0.0088969292453823,0.0051571729418235,0.0220752913477328,0.0111036492746685,0.0,0.0,0.151925600686716,0.0042030319737841,0.0,0.0,0.0,0.352923688180593,0.0,0.0,0.0,0.0,0.0,0.0167700217495516,0.0,0.0,0.0,0.0,0.0203571208093047,0.0,0.0,0.0,0.0,0.0,0.0,0.0,0.0,0.0,0.0,0.0,0.0,0.0,0.0,0.0,0.007148111425828,0.0,0.0,0.0036235110397884,0.0,0.0039499355790652,0.0,0.0,0.0,0.995460054884269,0.368235148099802,0.0,0.0,0.0,0.0,0.0,0.0,0.0,0.0,0.0,0.0,0.0,0.0,0.0,0.0053814484157653,0.0514152356117259,0.0068759994151479,0.0281574417837988,0.0,0.0043508054391658,0.0,0.0,0.0096563763860932,0.0,0.0,0.0,0.0138508126318508,0.00363032660058,0.0,0.0,0.0036198604099283,0.0,0.0,0.0,0.0278738559782657,0.0,0.0104447478474535,0.0,0.0056999657876283,0.0033409868240384,0.0,0.006932285229792,0.0,0.0,0.0,0.0050162024978205,0.0,0.0,0.0,0.0,0.0,0.0,0.0,0.0,0.0,0.0,0.0072967114355848,0.0,0.0,0.0,0.0,0.0,0.0,0.0,0.0,0.0,0.0,0.0,0.0,0.0045455487103186,0.0,0.0,0.0,0.0334422036171168,0.026279069953509,0.0050854707105799,0.0,0.01954702335752,0.0035119220116279,0.0,0.0156643870028765,0.0255161067835492,1.64267507795854,0.223573925655423,0.0113512106935127,0.182756186235214,0.227305570503071,0.0211117885381275,0.0,0.0,0.0,0.0073134700077524,0.0,0.0,0.0,0.0,0.0,0.0,0.0,0.0,0.0,0.246894704598286,0.0,0.0,0.0,0.0,0.0,0.0,0.0,0.0,0.0,0.0,0.0083741014989509,0.0,0.0
SSp-n,0.0,0.017453062471451,0.0,0.0,0.0,0.0,0.0269595736233757,0.20909476213321,0.0149530996285164,0.0,0.0,0.0117006714764812,0.0,0.003472145892008,0.0,0.0,0.0,0.0150844055120778,0.0069569580758486,0.0399288063587929,0.0110392038739702,0.0218015233738538,0.0132352650974208,0.0,0.0087535820625308,0.0,0.0,0.0,0.0,0.0828659962270314,0.0477975743638948,0.0,0.0271123845890646,0.0,0.0,0.0819448568371615,0.0,0.0,0.0,0.0,0.0,0.0,0.0,0.0,0.0,0.0430202046898873,0.0407432736784308,0.0270505817275987,0.0374607810928039,0.0213372378191621,0.0,0.0,0.117072260391862,0.0108697699442185,0.0094495742992002,0.0062629760852444,0.0,0.0779432377706485,0.0,0.0,0.0,0.0,0.0063108340611214,0.0107274643190792,0.0,0.0,0.0,0.0,0.0376202858026901,0.0,0.0282088258568934,0.0037517601429062,1.12071127567586,0.0,0.0047457713049557,0.0531692507752287,0.0,0.0,0.0,0.0,0.0,0.0,0.0,0.0076050275296682,0.0,0.0,0.0,0.0056715051010116,0.04849035565882,0.0070175656362473,0.0,0.0,0.0,0.305440509935982,0.269646018414521,0.0,0.0,0.0,0.0,0.0,0.0,0.0,0.0,0.0,0.0,0.0,0.0,0.0,0.0033369459196572,0.0932972820626558,0.0076381646748204,0.0545896648461978,0.0040692901533322,0.0084615461603007,0.0,0.0,0.008624473418884,0.0,0.0,0.0,0.0448518098877486,0.0672476315759755,0.0,0.0,0.0,0.0,0.0,0.0,0.0120655993920824,0.0,0.510518267775281,0.0352518460042913,0.0053134465453493,0.0056320796174606,0.0,0.006265459335612,0.0,0.0,0.0,0.0,0.0,0.0,0.0124367697839485,0.0,0.0,0.0,0.0,0.0,0.0,0.016901455943682,0.0454725094339264,0.0,0.0,0.004281803786718,0.0,0.0,1.13219841433385,0.0,0.0,0.0,0.0,0.0,0.0,0.0902274522215321,0.0,0.0,0.0,0.022226400380585,0.0354128108216103,0.0532609156565499,0.0,0.0,0.0,0.0,0.676108208114352,0.0662397050331223,1.47286835526504,5.24884611625923,0.0550302181034713,1.0544838463868,1.28989544747698,0.030307828510338,0.0,0.0,0.0,0.0254876025309506,0.0,0.0,0.0,0.0,0.0,0.0,0.126568620865779,0.0,0.0,0.3812778103557,0.0065788648029899,0.0101234636912664,0.0,0.0,0.0,0.0077325812092346,0.105607127996941,0.0,1.67541193876187,1.74617095792202,0.0461975561455547,0.0,0.0,0.0,0.0093865065065553,0.0,0.0,0.0,0.0,0.0112057596407535,0.0494118758561044,0.0079457883183484,0.0,0.0,0.0,0.0,0.0,0.0,0.0,0.0,0.0,0.0,0.0081515379213805,0.0,0.0059851043766712,0.003658415469494,0.0,0.0,0.0,0.0,0.0,0.0,0.0,0.0124669987934474,0.0,0.0,0.0,0.0,0.0,0.0,0.0,0.0,0.0,0.0,0.0,0.0,0.0,0.0,0.0337997473812772,0.0163342248759701,0.0045296858986856,0.0099736661784792,0.0058508507062132,0.0,0.0,0.0268445109780188,0.0,0.0,0.0,0.0,0.0188376718096967,0.0,0.0,0.0,0.0,0.0,0.0,0.0,0.0,0.0,0.0,0.010209225722607,0.0,0.0,0.0,0.0,0.0,0.0,0.0,0.0,0.0,0.0,0.0,0.0,0.0,0.0,0.0,0.0,0.0,0.0,0.0,0.0,0.0,0.0,0.0,0.0,0.103992205665186,0.0886344662709618,0.0,0.0,0.0,0.0,0.0,0.0,0.0,0.0,0.0,0.0,0.0,0.0,0.0,0.0,0.019465279234443,0.0,0.0106816672202836,0.0,0.0,0.0,0.0,0.005393891949645,0.0,0.0,0.0,0.0340871728410778,0.0,0.0,0.0,0.0,0.0,0.0,0.0,0.0057669354115526,0.0,0.0034401144019519,0.0,0.0,0.0,0.0,0.0039540329158683,0.0,0.0,0.0,0.0,0.0,0.0,0.0050386745677189,0.0,0.0,0.0,0.0,0.0,0.0,0.0,0.0,0.0,0.0,0.004258705004333,0.0,0.0,0.0,0.0,0.0,0.0,0.0,0.0,0.0,0.0,0.0,0.0,0.0,0.0034380723576312,0.0,0.0,0.0,0.0,0.0,0.0,0.079776089874571,0.0269750895807814,0.176717423274631,0.694680837008292,0.0424787278160278,0.0586461726527933,0.154669695642401,0.0124910114105372,0.0,0.0,0.0,0.0188507815265146,0.0,0.0,0.0,0.0,0.0,0.0,0.0,0.0,0.0,0.0757973085263753,0.0,0.0,0.0,0.0,0.0,0.0,0.0,0.0,0.0,0.0,0.0,0.0,0.0
SSp-tr,0.0,0.192384407781418,0.0836649563205328,0.0,0.0735425219438068,0.0,0.0,0.0,0.0,0.0,0.0203679394552278,0.0539747226333649,0.0,0.0,0.0,0.0,0.0,0.514816760225953,0.151194325674415,0.0671286801622698,0.332170223446471,0.0058673536321759,0.0037926679007818,0.0,0.0150483350521409,0.0054147611204821,0.0,0.0,0.0,0.163559531348693,0.0034301483731861,0.0,0.0,0.0,0.0,0.0,0.0068932692645918,0.0,0.0,0.0,0.0,0.0,0.0,0.0,0.0,0.0248110673159515,0.062736723220757,0.0532053577079513,0.0056769680218184,0.0056461588807009,0.0,0.0,0.0085365563688248,0.0,0.0157403141243502,0.0067154110406826,0.0,0.0,0.0,0.0,0.0,0.0,0.0404790315872028,0.0,0.0,0.0,0.0,0.0,0.008483894624956,0.0,0.224547741603758,0.0064710510222481,0.0306153372615563,0.0222571226420767,0.0400355067600279,0.0888418802411222,0.0,0.0,0.0,0.0,0.0,0.0,0.0,0.010152362936589,0.0,0.0,0.0,0.0,0.007154159582779,0.0,0.0,0.0,0.0,0.0883030160597082,0.129583582944334,0.0,0.0,0.0,0.0,0.0,0.0,0.0,0.0,0.0,0.0,0.0,0.0,0.0,0.0,0.0510086507493466,0.0643683516528302,0.11162201083568,0.0,0.0,0.0,0.0,0.005747504307042,0.0,0.0,0.0,0.0245354024116718,0.0485818930072972,0.0,0.0,0.0,0.0,0.0,0.0,0.054944057339773,0.0,0.221047534038235,0.0284267021638937,0.0,0.0,0.0,0.0,0.0,0.0,0.0,0.0,0.0,0.004507882751533,0.586508071971766,0.0,0.0,0.0,0.0,0.0,0.0,0.0065762101198905,0.0,0.0,0.0,0.503253023391047,0.247777871044161,0.257569929193523,0.167203350659893,0.0,0.0,0.0,0.0,0.0,0.0,0.004341857849081,0.0,0.0,0.0,0.0,0.0,0.0206836655621597,0.0,0.0,0.0,0.0,0.447152203930035,0.787454021136051,0.0,0.0082181720006039,1.93407889674875,0.216259713395876,0.104732667161417,0.268905882593448,0.0,0.0,0.0,0.0462288080652867,0.0,0.0,0.0,0.0,0.0,0.0,0.301003731903507,0.0,0.0,0.005843696917784,0.432153282078966,0.689690319278456,0.0866328648238145,0.0177402637880012,0.0408944490249887,0.197108309916053,0.0102438946251584,0.0,0.175158709135149,0.114474925733648,0.0,0.0,0.0,0.0,0.0193254672824507,0.0069587657019831,0.0,0.0,0.0,0.0,0.0,0.0,0.0,0.0,0.0,0.0,0.0,0.0,0.0,0.0,0.0836556921937633,0.0186556846750778,0.0054551920861592,0.0,0.0,0.0,0.0,0.0034695966135317,0.0,0.0,0.0,0.0,0.0,0.0,0.0,0.0,0.0,0.0,0.0,0.011718168774893,0.0,0.0,0.0,0.0,0.0,0.0,0.0,0.0,0.0,0.0182865806990457,0.0099380150849425,0.0,0.0,0.0,0.0,0.0,0.0,0.0,0.0,0.0,0.0,0.0,0.0,0.0,0.0,0.0,0.0,0.0,0.0,0.0,0.0,0.0,0.0,0.0,0.0,0.0,0.0,0.0,0.0,0.0,0.0,0.0,0.0,0.0,0.0,0.0,0.0,0.0,0.0,0.0,0.0,0.0,0.0,0.0,0.0,0.0,0.0217396216122164,0.0167887350792337,0.0,0.0,0.0,0.0,0.0,0.0,0.0,0.0,0.0,0.0,0.0,0.0,0.0,0.0,0.0044593796348134,0.00431978007118,0.0079882247472631,0.0,0.0,0.0,0.0,0.0,0.0,0.0,0.0,0.0,0.0,0.0,0.0,0.0,0.0,0.0,0.0,0.0,0.0,0.0,0.0,0.0,0.0,0.0,0.0,0.0,0.0,0.0,0.0,0.0,0.0,0.092493444627325,0.0,0.0,0.0,0.0,0.0,0.0,0.0064314780369031,0.0,0.0,0.0,0.160553285897998,0.0368720049426251,0.0137502009039047,0.0,0.0,0.0,0.0,0.0,0.0,0.0,0.0,0.0,0.0,0.0,0.0,0.0,0.0,0.0,0.0,0.0,0.0,0.063446292416248,0.182944657886618,0.0,0.003375864392805,0.445114346949793,0.0350263117233726,0.0179113002971682,0.0109200546419275,0.0,0.0,0.0,0.0035690885875481,0.0,0.0,0.0,0.0,0.0,0.0,0.0,0.0,0.0,0.0,0.0787057441649715,0.101293592273037,0.0049137346408736,0.0,0.0,0.0198253130459072,0.0,0.0,0.0,0.0,0.0,0.0,0.0
SSp-ul,0.0,0.167625425581848,0.0095919727322692,0.0,0.0369353266671376,0.0,0.0332852222524652,0.107354440474278,0.0249268044496736,0.0,0.0114960985770871,0.0846243098837939,0.0,0.0,0.0,0.0,0.0,0.0925786227651077,0.0410408790069442,0.0463399174251458,0.23881389196364,0.0453609203036573,0.0227786769354938,0.0,0.0140245851756696,0.0,0.0,0.0,0.0,0.506146973056263,0.306086268832454,0.0,0.0108881415155256,0.0,0.0,0.0177942527776333,0.0,0.0,0.0,0.0,0.0,0.0,0.0,0.0,0.0,0.0416834517143934,0.0689449515984551,0.0523938506341422,0.174196368699148,0.0464568533609443,0.0,0.0,0.102608592391895,0.0052580469067903,0.0294120784107254,0.0539520611431804,0.0,0.0367566253591004,0.0118745607481668,0.0,0.0,0.0,0.0218462057004371,0.0051048174476203,0.0,0.0,0.0,0.0,0.113974126048606,0.0,0.274222551293256,0.0091992458757676,0.685345405316556,0.0168187181870418,0.0,0.166750575275451,0.0,0.0,0.0,0.0,0.0,0.0177388076261734,0.0,0.0297913516102445,0.0,0.0,0.0148862074179943,0.0,0.0216158309547827,0.0,0.0,0.0,0.0,1.16443801257233,0.415453526283794,0.0,0.0,0.0,0.0,0.0,0.0,0.0,0.0,0.0,0.0,0.0,0.0,0.0,0.0,0.091702498825125,0.0356010802986349,0.0903632023010617,0.0,0.0126481795238897,0.0,0.0,0.0060561487727142,0.0,0.0,0.0,0.0425218609545615,0.278294350862522,0.0,0.0043814683879853,0.0,0.0,0.0,0.0,0.110273362121445,0.0,1.34228620253212,0.123028716796329,0.0,0.0,0.0,0.0036981360054426,0.0,0.0,0.0,0.0,0.0,0.0,0.2102546051992,0.0,0.0,0.0,0.0,0.0,0.0,0.0106332380073526,0.0164019573694825,0.0,0.0,0.0815218346158736,0.0620165735653248,0.0773152735038376,0.987318186978561,0.0,0.0,0.0,0.0,0.016900633204075,0.0,0.0895936089843775,0.0,0.0,0.0,0.0099315672784293,0.0146424574851688,0.0293427140882996,0.0,0.0,0.0,0.0,0.935294872007916,1.80294038820597,0.264187360178741,0.696490998682484,1.16055494000246,2.69835982574159,0.778689778965811,0.0158018424233451,0.0,0.0,0.0,0.031010634479632,0.0,0.0040613902877932,0.0,0.0,0.0,0.0,0.846264786089199,0.0,0.0,0.204255715384265,0.0715622063431121,0.116298590093067,0.0136358050991962,0.0,0.0076969099390051,0.0415925292683188,0.16589681888145,0.0,1.36709604962554,1.28229024333449,0.0542365532400698,0.0,0.0,0.0,0.0298192632678699,0.0,0.0,0.0,0.0,0.0092743806518033,0.0233379559776952,0.0065988439566765,0.0,0.0,0.0,0.0,0.0,0.0,0.0,0.0,0.0039496240076332,0.0,0.0061046187159463,0.0,0.003346415215699,0.0,0.0,0.0037329002686718,0.0,0.0,0.0,0.0,0.0,0.0056919728083344,0.0,0.0,0.0,0.0,0.0,0.0042099320149976,0.0,0.0,0.0,0.0,0.0,0.0,0.0,0.0,0.0165828391533992,0.0208494295838207,0.0069326259201264,0.0049795654054635,0.0,0.0,0.0,0.0311955188959686,0.0,0.0,0.0,0.0,0.0198837007966968,0.0,0.0,0.0,0.0,0.0,0.0,0.0,0.0,0.0,0.0,0.0054893274211887,0.0,0.0,0.0,0.0,0.0,0.0,0.0,0.0,0.0,0.0,0.0,0.0,0.0,0.0,0.0,0.0,0.0,0.0,0.0,0.0,0.0,0.0,0.0,0.0,0.264446264377297,0.106268554987209,0.0,0.0,0.0,0.0,0.0,0.0,0.0,0.0,0.0,0.0,0.0,0.0,0.0,0.0,0.0204961833693954,0.0,0.0137099898743846,0.0,0.0,0.0,0.0,0.0,0.0,0.0,0.0,0.0166762888737018,0.0,0.0,0.0,0.0,0.0,0.0,0.0,0.0148108799885444,0.0,0.0,0.0,0.0,0.0,0.0,0.0,0.0,0.0,0.0,0.0,0.0,0.0,0.0252185003549349,0.0,0.0,0.0,0.0,0.0,0.0,0.0,0.0,0.0,0.0,0.014769637292121,0.0,0.0,0.0,0.0,0.0,0.0,0.0,0.0,0.0,0.0,0.0,0.0,0.0,0.0,0.0,0.0,0.0,0.0,0.0,0.0,0.111743785593326,0.253640604135312,0.0572896928522638,0.086923431287691,0.174434920283273,0.395039216254488,0.090697065500853,0.0042304099769198,0.0,0.0,0.0,0.0096769156676693,0.0,0.0,0.0,0.0,0.0,0.0,0.0,0.0,0.0,0.030978423515037,0.0049839588617092,0.014502238672135,0.0,0.0,0.0,0.0057868967410792,0.0,0.0,0.0,0.0,0.0,0.0,0.0
SSs,0.0039926728580128,0.252532208030385,0.0288315809272285,0.0061100315802293,0.0115326953637865,0.0,0.40563446095643,1.79063863185676,0.35305507506253,0.0,0.0077152326721331,0.03812703182997,0.0,0.0060639588492255,0.0,0.0039171812014882,0.003317087832893,1.53122651562667,0.701747137665524,0.743805720448878,0.0865185017132013,0.103064613415095,0.0671142301884939,0.0110653940552467,0.0653299797750429,0.0182190730254583,0.0077102763228496,0.0167964895221315,0.0044269678142811,0.261157439051555,0.171769343007075,0.0050152684971724,0.183982434258281,0.0083551186576971,0.0066208136972415,0.0366743844344981,0.0060023593325979,0.00527396263992,0.0,0.0,0.0106470009652901,0.0056304915639006,0.0053845801954777,0.0,0.0075991615353016,0.778044753521869,0.318574113635848,0.206489382114672,0.149580186480358,0.100083535859549,0.0,0.0,0.457269093832351,0.038123022467365,0.0868961554571895,0.0526084999023227,0.0036246627411434,2.01470034215894,0.0058125265643286,0.0068592333449446,0.0046358843516807,0.0091975361012631,0.0696970253634624,0.0948274088244935,0.0069608038424278,0.0036902898351204,0.0,0.0,0.164073529963852,0.0,0.0580940209084452,0.0903380479074305,1.30184771616446,0.013985574191737,0.018053369715228,0.310858305503979,0.0,0.0,0.0,0.0,0.0,0.0079432191431012,0.0065305642844158,0.0375697359112019,0.0040051002437855,0.0037742749455724,0.0,0.221432943944812,2.36730634011079,0.252162407913982,0.0082071375770672,0.0125877050529247,0.0,1.57360711360146,0.781678231265519,0.0,0.0,0.005171236700055,0.0045362216516855,0.0,0.0,0.0,0.0,0.0,0.0087376446987447,0.0,0.0056705033537765,0.0033022837156311,0.0128410883561953,0.229302769100882,0.0899441290768947,0.223184125914732,0.012336896180728,0.0457723144697094,0.0115108389472613,0.0,0.0369068193737787,0.0,0.0045173578551858,0.0,0.783292956809703,0.396084003068384,0.0,0.0,0.0,0.0049341898350521,0.0099841284322045,0.0315840240381752,0.114597565152848,0.0104699652274241,2.36306890722271,0.622444936130392,0.0160904250619776,0.28712118346021,0.0044112342602092,0.0251304685641996,0.0,0.0,0.0036897273004786,0.0,0.0038059712785512,0.0034912539187477,0.549635814801888,0.0,0.0065906946866407,0.0102192330773782,0.0,0.0,0.0,0.10210270423382,0.288088909664426,0.0035544378309269,0.0053368033659842,0.145699184494137,0.0639320884960696,0.0595200875458292,1.28189427332889,0.0,0.0050996171386769,0.0061713910949265,0.0,0.0095751752038673,0.0037963919024655,0.399937201071241,0.0100023389953517,0.0114431385619145,0.0,0.187346071271847,0.249089280127778,6.34533830859115,0.0,0.0034905867426845,0.0,0.0,3.21669268556758,1.0494476713469,2.13688176508515,2.87613653189846,1.16489636549612,1.63819461638532,5.73937166712418,0.198873970717833,0.011166557297729,0.0,0.0,0.563171515509392,0.021727029490968,0.0,0.0,0.0,0.0,0.0034782140050197,0.524436620720645,0.0,0.0,2.33246816633156,1.00293723482419,0.316298031861887,0.13314501899,0.0179045860728614,0.115092369137412,0.0775013114590156,0.392255022903233,0.0,2.5693097392363,3.61765993227745,0.546594188374415,0.0065504453770534,0.011112903838177,0.0,0.0760250063809061,0.0145080168332485,0.0,0.0,0.0,0.14930081442156,0.505041454207095,0.128190195356446,0.0,0.0,0.0,0.0,0.0049486404382372,0.0,0.0,0.0,0.176944091651402,0.0765237203123149,0.137573480285358,0.0,0.0462956108440083,0.0295685202984632,0.0,0.0167076754737282,0.0084355521690368,0.0,0.0,0.0,0.0039629360791029,0.0741015818363902,0.0,0.0174465060350573,0.0,0.0,0.0,0.0075598791784519,0.0,0.0,0.0,0.0036437055661261,0.0,0.0,0.0,0.0,0.365774845437911,0.0826921372660275,0.0323879394841625,0.0662391365117127,0.0449845208350848,0.0,0.0,0.126402419560364,0.0,0.0,0.0,0.0,0.643951577027798,0.0,0.0,0.0,0.0,0.0090874702978542,0.024240729449994,0.0,0.0,0.0,0.0,0.0741044259692933,0.0,0.0,0.0,0.003918442705009,0.0,0.0,0.0,0.0,0.0,0.0,0.0,0.0,0.0,0.0,0.0036615809052392,0.0,0.0,0.0,0.0064254356967694,0.0056226184449815,0.0068425052537645,0.0,0.0032996662682145,0.0,0.657082165121332,0.31732824617276,0.0,0.0,0.0,0.0,0.0,0.0,0.0,0.0,0.0,0.0,0.0,0.0,0.0,0.0,0.0640586553706032,0.0171420751210915,0.0485085661821908,0.0,0.0195864363945806,0.0,0.0,0.0396304736679254,0.0,0.0,0.0,0.366900728794746,0.0042668226984135,0.0,0.0,0.0,0.0,0.0,0.0,0.0282813844352568,0.0,0.0074039238290726,0.0,0.0209740087178648,0.0057929191386456,0.0,0.027956493693226,0.0,0.0,0.0,0.0,0.0,0.0,0.0690444402575581,0.0,0.0,0.0033051715797265,0.0,0.0,0.0,0.0,0.0092712434609194,0.0,0.0,0.0380141273248815,0.0083229051585344,0.0036759943280816,0.0,0.0,0.0,0.0,0.0,0.0,0.0,0.0068162777935224,0.0,0.0,0.0,0.0490779870883431,0.0385211118029257,0.0103446504874595,0.0,0.005904866077352,0.0,0.0,0.584092818672011,0.204636576559123,0.640582581481168,0.581980279068311,0.194432845069505,0.308551375148954,1.40687177788893,0.0156211674580258,0.0,0.0,0.0,0.212888741700455,0.0,0.0,0.0,0.0,0.0,0.0,0.0,0.0,0.0,0.552483867229411,0.246634147529129,0.039156669443771,0.0220204534512128,0.0,0.0109890651204319,0.0123928194211988,0.0,0.0,0.0,0.0,0.0125788894083199,0.0,0.0
STN,0.0121587681589691,0.0599210280805419,0.0344627201437621,0.0175882085075725,0.0,0.0,0.0130624860953262,0.0,0.0080074558547978,0.0,0.0,0.0,0.0,0.0,0.0,0.0035787677536542,0.0,0.0,0.0,0.0,0.0,0.0,0.0,0.0253973553238606,0.0,0.0,0.0,0.0917929909555617,0.0,0.0,0.0052414222999229,0.0,0.0,0.0,0.0,0.0643738123977039,0.0,0.0,0.0,0.0,0.0,0.0036249700380019,0.0,0.0,0.0,0.0,0.0,0.0,0.0034114521028372,0.0,0.0,0.0,0.0241947679912103,0.159975952635646,0.306235206972172,0.136706730453099,0.0,0.0093444955570329,0.0300520427575656,0.0,0.0,0.0,0.0107799916111436,0.0,0.0,0.0,0.0,0.0,0.0,0.0,0.0,0.0,0.0,0.0,0.113121861948512,0.0,0.0,0.0,0.0058314568953152,0.0,0.0,0.00636124048973,0.0,0.0,0.0,0.0,0.0057409888369785,0.0,0.00360773857547,0.0,0.0,0.0,0.0,0.0680595978965828,0.067521996982034,0.0,0.0,0.0,0.0094140820453248,0.0,0.0,0.0,0.0,0.0,0.0,0.0,0.0,0.0,0.0,0.0197133842243364,0.011031243824647,0.0169621637873872,0.04397526191979,0.0,0.0,0.0,0.0,0.0,0.0060010023013204,0.0,0.0,0.0,0.0,0.0,0.0,0.0,0.0074551822439502,0.0,0.0278414898696887,0.0,0.0,0.0,0.0,0.0,0.0162378745466977,0.0,0.0,0.0,0.0,0.0,0.0,0.0,0.0064731182122863,0.0,0.0,0.0,0.0,0.0,0.0,0.0,0.0,0.0086159702716756,0.0333870186231202,0.0053789051773588,0.007018477972522,0.0102433973917168,0.0148165618831277,0.0,0.0035353195731851,0.0,0.0041721363515442,0.0096226067179758,0.0,0.0,0.0630072048050845,0.0747488875104594,0.0,0.0,0.0,0.0,0.0,0.0,0.0,0.0,0.0097965848275839,0.021895637257864,0.0261179300760408,0.0187812642524678,0.0170957694879254,0.0286115928108933,0.0048412069414261,0.753108409915538,0.0036567637389996,0.0,0.0,0.0,0.0,0.0,0.0,0.0,0.0050372178841693,0.0,0.0066654245648238,0.0,0.0,0.0,0.0,0.0073161727560183,0.0,0.0,0.0,0.0057373239162029,0.0039245608761519,0.0,0.0091989285730867,0.0,0.0,0.0142070967107335,0.0,0.0,0.0,0.0,0.0,0.0,0.0,0.0,0.0,0.0,0.0,0.0,0.0,0.0,0.0,0.0,0.0,0.0,0.0,0.0,0.0,0.0,0.0,0.0,0.0,0.0,0.0,0.0,0.0,0.0,0.0,0.0,0.0,0.0,0.0,0.0,0.0,0.0,0.0,0.0,0.0,0.0,0.0,0.0,0.0,0.0,0.0,0.0,0.0,0.0,0.0,0.0,0.0,0.0,0.0,0.0,0.0,0.0,0.0,0.0,0.0,0.0,0.0,0.0,0.0,0.0,0.0,0.0,0.0,0.0,0.0,0.0,0.0,0.0,0.0,0.0,0.0,0.0,0.0,0.0,0.0,0.0,0.0,0.0,0.0,0.0,0.0,0.0,0.0,0.0,0.0,0.0,0.0,0.0,0.0,0.0,0.0,0.0,0.0,0.0,0.0,0.0,0.0,0.0,0.0,0.0,0.0,0.0,0.0,0.0,0.0,0.0,0.0,0.0,0.0,0.0,0.0,0.0,0.0,0.0,0.0,0.0,0.0,0.0,0.0,0.0,0.0,0.0,0.0,0.0,0.0,0.0,0.0,0.0,0.0,0.0,0.0,0.0,0.0,0.0,0.0,0.0,0.0,0.0,0.0,0.0,0.0,0.0,0.0,0.0,0.0,0.0,0.0,0.0,0.0,0.0,0.0,0.0,0.0,0.0,0.0,0.0,0.0,0.0,0.0,0.0,0.0,0.0,0.0,0.0,0.0,0.0,0.0,0.0,0.0,0.0,0.0,0.0,0.0,0.0,0.0,0.0,0.0,0.0,0.0,0.0,0.0,0.0,0.0,0.0,0.0,0.0,0.0,0.0,0.0,0.0,0.0,0.0,0.0,0.0,0.0,0.0,0.0,0.0,0.0,0.0,0.0,0.0,0.0,0.0
SUM,0.0212788466471684,0.0515250303552926,0.0915817267664539,0.0044918110324157,0.0,0.0512538420377707,0.0,0.0,0.0,0.0,0.0,0.0,0.0,0.0044391849867244,0.0198506388086335,0.0037591058524422,0.0513475129686989,0.0,0.0,0.0,0.0,0.0086501564763212,0.0101334285437498,0.035562552005275,0.0193278890958424,0.0070461295631952,0.0061605102333414,0.0103778977770175,0.0,0.0078156182509784,0.0,0.0427100544592427,0.0,0.0043179196964881,0.0,0.0,0.0562278073389382,0.0,0.0,0.0,0.0123446583532719,0.126370087013947,0.0,0.078565780861551,0.0766359634886752,0.0,0.0061953566489771,0.0118142876609119,0.003449402399467,0.0081014177671444,0.0,0.0,0.0,0.0,0.0033156695579041,0.0033308117242188,0.0,0.0,0.0140653489832307,0.0,0.0,0.0,0.17091505270949,0.0073228724773864,0.0,0.0,0.0560367269879124,0.0,0.0052645107018304,0.0,0.0,0.0,0.0,0.0861246104272837,0.0683056514444833,0.0,0.0647486473498271,0.0,0.0940685174322175,0.0308945417511873,0.0081739098335648,0.0145109622520455,0.0,0.0134211278350853,0.0,0.0,0.0095514914017935,0.0,0.0049987581551856,0.0,0.0942539370095724,0.300415185536897,0.0044912270988595,0.0,0.0084655915345156,0.0551136467819657,0.0573293093454927,0.0100083202372731,0.0162129431059027,0.0726063767194419,0.0034521974370672,0.0243143126178442,0.1306631421165,0.0,0.0046761878410336,0.0,0.0051939941211148,0.0180340979314662,0.0,0.006142304736093,0.0293502293077401,0.0104509187229126,0.0058439355477354,0.0116589846426734,0.0,0.0166460469666846,0.0112174859303036,0.0,0.0068273604937266,0.0980458132983241,0.0,0.0041944516226921,0.0,0.0063324461611119,0.0,0.0,0.240046819475079,0.0,0.0502490166832036,0.233571205890845,0.0,0.0034169098807555,0.0932852333506759,0.0039797107221363,0.017957072596142,0.0154544922757228,0.0,0.0159737777598027,0.0102903979551871,0.0,0.0,0.0063832393119351,0.0,0.0505604743040709,0.0377518425770295,0.165708172918863,0.0494987486784918,0.0,0.0373149764374623,0.006377756881608,0.0,0.0131054526332965,0.0062382410091185,0.0,0.0075309872719855,0.0168859263009951,0.0,0.044525265508387,0.0,0.0,0.068223162523609,0.0117872418682734,0.0,0.0,0.0052216757826314,0.0,0.0086889268953383,0.0073468005349019,0.0,0.0,0.0,0.0,0.0,0.0,0.0,0.0,0.0,0.0,0.0,0.0,0.0,0.0163480118105618,0.328247454504373,0.0,0.0,0.0,0.0,0.0100550258991374,0.0576152953686903,0.043647939155236,0.0475699173199568,0.0,0.0,0.0,0.0,0.0,0.0,0.0,0.0,0.0,0.0,0.0,0.0,0.0458221041182946,0.0,0.0,0.0,0.0240257288223003,0.0,0.0058919744263241,0.016616819310632,0.0346975546261485,0.0,0.0,0.0181075623353114,0.0,0.0,0.0,0.0,0.0,0.0,0.0,0.0,0.0077730751590742,0.0,0.0150756388871624,0.0,0.0,0.0,0.0,0.0,0.0,0.0050698957462003,0.0116577090287124,0.0038416564579262,0.0,0.0,0.0,0.0039020708145759,0.0,0.0152557850960135,0.0,0.0,0.0,0.0,0.0275648471895867,0.0,0.0,0.0,0.0072077062720394,0.0315149666917034,0.0,0.0381199649032756,0.0120407224766678,0.0,0.0,0.0060466909118738,0.0,0.0,0.0,0.0,0.0,0.0,0.0,0.0,0.0,0.0,0.0043800822238241,0.0,0.0,0.0,0.08048535729906,0.0040297633472536,0.0,0.0,0.0267140941186843,0.0,0.0,0.0,0.0,0.0,0.0,0.0502235676522847,0.0199053341469985,0.0,0.0232870618243648,0.0,0.0291389520534419,0.0078192026823557,0.0,0.0,0.0,0.0075610574435102,0.0,0.0,0.0,0.0,0.0,0.0,0.0550187858415886,0.0614078447008091,0.0,0.0,0.0,0.019016596223393,0.0197249731287489,0.0053724833155337,0.0035903246086867,0.0503006357349861,0.0,0.0081397068405949,0.0373892702844864,0.0,0.0,0.0,0.0,0.0098066505061675,0.0,0.0,0.0102692093006734,0.0,0.0,0.0,0.0,0.0050999805320533,0.0082537100115014,0.0,0.0,0.0289170229988414,0.0,0.0,0.0,0.0,0.0,0.0,0.055625085058823,0.0,0.019598850822157,0.0499136889432718,0.0,0.0,0.0679820090742448,0.0,0.0,0.0099331890731857,0.0,0.0065718086726684,0.0046102880368695,0.0,0.0,0.0,0.0,0.0182879242960115,0.0216809188594494,0.0331741884448317,0.016902111218542,0.0,0.0124951021889447,0.0040923313551772,0.0,0.0046887699696915,0.0,0.0,0.0,0.0043225805517779,0.0,0.0154559457578376,0.0,0.0,0.024584533087639,0.0,0.0,0.0,0.0,0.0,0.0057866211774736,0.0037909497496801,0.0,0.0,0.0,0.0,0.0,0.0,0.0,0.0,0.0,0.0,0.0,0.0,0.0,0.0045614871954446,0.0715440636195363,0.0,0.0,0.0,0.0,0.0054618360049366,0.028526162776352,0.0175356783716276,0.0160847103577007,0.0,0.0,0.0,0.0,0.0,0.0,0.0,0.0,0.0,0.0,0.0,0.0,0.0141733908273836,0.0,0.0,0.0,0.0086230022694609,0.0
SUT,0.0051853409621267,0.0,0.0,0.0,0.0,0.0,0.0061133886528412,0.0,0.0050642423998029,0.0415739954504207,0.0,0.0,0.0,0.0,0.0,0.0078614734323199,0.0,0.0,0.0,0.0,0.0,0.0,0.0,0.0054690698988204,0.0,0.0,0.0,0.0099857124715219,0.0061269673031368,0.0,0.0,0.0047562419589983,0.0,0.0,0.0,0.0,0.0,0.0054255180065665,0.0151952564525588,0.0403275577064122,0.0,0.0,0.0322086369482349,0.0,0.0047708215408218,0.0,0.0,0.0,0.0,0.0,0.0,0.0065766393633432,0.0,0.0,0.0,0.0059132231209712,0.0613990737707529,0.0,0.0106674574067093,0.0060136598260696,0.0,0.0042918177381022,0.0,0.0,0.0299421764850319,0.0514076003945703,0.0,0.0674251275099258,0.0,0.0189971527070085,0.0,0.0,0.0,0.0,0.0048096291257421,0.0,0.0,0.0320930607834121,0.0,0.0,0.0,0.0,0.0555259454662593,0.0,0.0411803532691306,0.0251227101270647,0.0,0.0,0.0,0.0,0.0,0.0,0.0,0.0057165236325222,0.0073829687285852,0.0,0.0,0.0,0.0151178019063573,0.0,0.0203150823679844,0.0,0.0,0.12492990797147,0.0,0.011864192525285,0.0049502763552494,0.0,0.061154665022089,0.0088913880111371,0.0,0.0045433763741068,0.0,0.0,0.0,0.0140409940258475,0.0,0.079497096154223,0.115827827681289,0.0067804748247401,0.0,0.0,0.0,0.0,0.0280227060361559,0.0431219604855204,0.0,0.0,0.0036099691908483,0.0,0.0,0.0,0.0,0.0,0.018413833353639,0.0,0.0049440379296606,0.0159456752139401,0.0209572663945206,0.0067501078401378,0.207540821138497,0.0,0.0,0.0,0.0,0.0,0.0,0.0,0.0,0.0,0.0,0.010958096694584,0.0235027827811419,0.0,0.0,0.0,0.0,0.0,0.0089929993551218,0.0,0.0,0.0,0.0,0.0,0.0344542988801974,0.0405523562519059,0.0202378724193545,0.0,0.0,0.0,0.0222041682894862,0.0449838247993172,0.0495962705632304,0.0948725736770847,0.0,0.0,0.0,0.0,0.0,0.0,0.0,0.0122796372890484,0.0,0.167332229280413,0.0093542557467912,0.0,0.0,0.0048226032319805,0.0,0.0,0.0,0.199666026820282,0.0,0.102186350810439,0.0683803196093301,0.003747887662008,0.0,0.0,0.0,0.0,0.0,0.0,0.0,0.0,0.0,0.0,0.0,0.0088480537088082,0.022542486560135,0.0,0.0,0.0,0.0,0.0,0.0,0.0,0.0,0.0,0.0237048115469322,0.0,0.0,0.0,0.0,0.0,0.0063952571200721,0.0,0.0,0.0,0.0,0.0,0.0,0.0,0.0,0.0,0.0,0.0,0.0,0.0,0.0,0.0,0.017453703269942,0.0,0.0,0.0,0.0,0.0,0.0,0.003739368022846,0.0239879167879625,0.0,0.0,0.006167693372592,0.0,0.0062956389290246,0.0,0.0,0.0,0.0,0.0,0.0,0.0215278106648026,0.0,0.0,0.0,0.0,0.0260146051795717,0.0,0.0,0.0,0.0,0.0,0.0,0.0,0.0144768177771711,0.0051720414315229,0.0041298702068994,0.0473627708036276,0.0,0.0135913643589519,0.0,0.0,0.0,0.0,0.0,0.0,0.0,0.0217937653758808,0.0,0.0,0.0,0.0,0.0150579145809055,0.0,0.0224479631998698,0.0199463518678121,0.0,0.0,0.0,0.0,0.0,0.0,0.0,0.0079296971980194,0.0055635901556952,0.0,0.0,0.0,0.0113588686120936,0.0,0.0119117770545336,0.0,0.0,0.0221228245173407,0.0,0.0137720335210844,0.0086104544639234,0.0,0.0427486683141465,0.0046938771242301,0.0,0.0,0.0,0.0,0.0,0.0079305900555702,0.0,0.0522770106711579,0.0232375923221512,0.0,0.0,0.0,0.0,0.0,0.0211836069708026,0.0200323464279579,0.0,0.0,0.0,0.0,0.0,0.0,0.0,0.0,0.0045687373502724,0.0,0.0,0.0077577115496799,0.0046324528513647,0.0059724390191231,0.0428666958133644,0.0,0.0,0.0,0.0,0.0,0.0,0.0,0.0,0.0,0.0,0.0190805565813975,0.0092445990414704,0.0,0.0,0.0,0.0,0.0,0.0080520121913812,0.0,0.0,0.0,0.0,0.0,0.0052244402962093,0.0,0.0096912136809392,0.0,0.0,0.0,0.0130901559298089,0.0109367626729729,0.0259230697875565,0.0515633710031103,0.0,0.0,0.0,0.0,0.0,0.0,0.0,0.0,0.0,0.0299317243382731,0.0066336090201114,0.0,0.0,0.0,0.0,0.0,0.0,0.0392665566154898,0.0,0.059429396637117,0.0436751668232945,0.0,0.0,0.0,0.0,0.0,0.0,0.0,0.0,0.0,0.0,0.0,0.0,0.0138095291204302,0.0212268618025656
SUV,0.0,0.0,0.0,0.0,0.0,0.0,0.0,0.0,0.0,0.0,0.0,0.0,0.0,0.0,0.0,0.0,0.0,0.0,0.0,0.0,0.0,0.0,0.0,0.0,0.0,0.0,0.0,0.0,0.0189274074647636,0.0,0.0,0.0,0.0,0.0,0.0,0.0,0.0,0.0207807233042304,0.0,0.161751575170947,0.0,0.0,0.0091954229808402,0.0,0.0,0.0,0.0,0.0,0.0,0.0,0.0,0.114216250650069,0.0,0.0,0.0,0.0,0.0061145293908867,0.0,0.0,0.0,0.0,0.0,0.0,0.0,0.0,0.0550829993731981,0.0,0.0118621189512753,0.0,0.202130801890654,0.0,0.0,0.0,0.0,0.0,0.0,0.0,0.0,0.0,0.0,0.0,0.0,0.0,0.0,0.0,0.0,0.0,0.0,0.0,0.0,0.0,0.0,0.0,0.0,0.0,0.0,0.0,0.0,0.0,0.0,0.116958213733115,0.0,0.0,0.0070884773539723,0.0,0.092517975607036,0.0,0.0,0.0274424717107982,0.0,0.0,0.0,0.0,0.0,0.0,0.0,0.0,0.0289692450542178,0.0388560271762315,0.0,0.0,0.0,0.0,0.0,0.048108803624248,0.0,0.0,0.0,0.0,0.0,0.0,0.0,0.0,0.0,0.0,0.0,0.0058052173558477,0.0,0.0,0.0523530567122705,0.0874083459878515,0.0,0.0,0.0,0.0,0.0,0.0,0.0,0.0,0.0,0.0,0.0,0.0,0.0,0.0,0.0,0.0,0.0,0.0,0.0,0.0,0.0,0.0044642687344778,0.0,0.0,0.0,0.0,0.0,0.0,0.0,0.14249129805767,0.0,0.0036674599423551,0.0437276861803015,0.0,0.0,0.0,0.0,0.0,0.0,0.0,0.0,0.0,0.0280569511949944,0.189812120572713,0.0,0.0,0.0,0.0,0.0,0.0,0.0645899446476116,0.0,0.0927899829631682,0.0,0.0,0.0,0.0,0.0,0.0,0.0,0.0,0.0,0.0,0.0,0.0,0.0,0.0,0.0046929103397017,0.0,0.0,0.0,0.0,0.0,0.0,0.0,0.0,0.0,0.0,0.0,0.0,0.0,0.0,0.0,0.0,0.0,0.0,0.0,0.0,0.0,0.0,0.0,0.0,0.0,0.0,0.0,0.0,0.0034758527864938,0.0,0.0,0.0,0.0,0.0,0.0,0.0,0.0,0.00385951500615,0.0,0.0056322441467725,0.0,0.0,0.0,0.0,0.0,0.0,0.0,0.0,0.0,0.0,0.0,0.0349099274622442,0.0,0.0,0.0,0.0,0.0075035151732183,0.0,0.0,0.0,0.0,0.0,0.0,0.0,0.0,0.0,0.0,0.0050654424648859,0.0,0.0177100083294225,0.0,0.0,0.0,0.0,0.0,0.0,0.0,0.0,0.0,0.0,0.0,0.0,0.0043557346532526,0.0,0.0,0.0,0.0,0.0,0.0,0.0,0.0,0.0,0.0,0.0,0.0,0.0,0.0,0.0,0.0,0.0,0.0644814475095357,0.0,0.0,0.0075507984413466,0.0,0.036508523015228,0.0,0.0,0.0134017155115684,0.0,0.0,0.0,0.0,0.0,0.0,0.0,0.0,0.0037351978166309,0.0103401437536643,0.0,0.0,0.0,0.0,0.0,0.0628328654886268,0.0037739532148223,0.0,0.0,0.0,0.0,0.0,0.0,0.0,0.0,0.0,0.0,0.0,0.0044983349043342,0.0,0.0750563855551444,0.0287393922127108,0.0,0.0,0.0,0.0,0.0,0.0,0.0,0.0,0.0,0.0,0.0,0.0,0.0,0.0,0.0,0.0,0.0,0.0,0.0,0.0,0.0,0.0,0.0,0.0,0.0,0.0034205170532566,0.0,0.0,0.0,0.0287304629744825,0.0,0.0,0.0,0.0,0.0,0.0,0.0,0.0,0.0,0.0,0.0,0.0,0.0104289027720333,0.0226404195069075,0.0,0.0,0.0,0.0,0.0,0.0,0.0214413381230684,0.0,0.0053216034112797,0.0041191922895763,0.0,0.0,0.0,0.0,0.0,0.0,0.0,0.0,0.0,0.0,0.0,0.0,0.0037051271303535,0.0076342623162452
TEa,0.0184955878213747,0.114571855393607,0.0582882032640483,0.0034056697180209,0.0,0.0,0.05336877865651,0.24638081381074,0.0592528110975784,0.0,0.0495092532801251,0.0509400211510397,0.0,0.0,0.0,0.0,0.0,1.21621793298543,1.71482069221743,2.00503409150024,0.0052630144083387,0.238709210036007,0.201243987968944,0.0073856663819245,0.11813895375562,0.0305583300411686,0.0190773276141916,0.0378938454789815,0.0,0.0094958123271766,0.0599936733274047,0.0,0.0212962437196059,0.0685021747330736,0.0640136114413099,0.0102679157849309,0.0053177597308368,0.0,0.0,0.0,0.0289305678359251,0.003378272032744,0.0,0.0055189007591209,0.0,2.28554633978899,0.532447720513585,0.443000924607188,0.145473667544378,0.218070656585206,0.0,0.0,0.0438782405762162,0.0047552080178351,0.0803639572363911,0.0476096633976267,0.0,0.0256604252133451,0.0145392626402242,0.0,0.0,0.0037429994716805,0.0961368161697315,0.0104613599358316,0.0,0.0,0.0,0.0,0.247673287477462,0.0,0.0066376796333156,0.38802654782136,1.10183113600097,0.013551716512027,0.0,0.530739750272995,0.0,0.0,0.0,0.0,0.0,0.0068300787647458,0.0,0.0103604596890263,0.0,0.0,0.0100429887059114,2.74208717967855,1.2855979618892,2.28338545667606,0.0146350273150945,0.0108905905739219,0.0,0.0352582301191388,0.0803247231902233,0.0,0.0,0.0,0.0,0.0,0.0,0.0,0.0,0.0,0.0614238292219214,0.0,0.0,0.0,0.0045369601785055,0.14551718330702,0.186002254725668,0.282333253252513,0.0073422023403934,0.234577801257985,0.0755051457511814,0.0,0.112765835365885,0.0,0.0,0.0036071559519999,2.27897547905719,0.0262124274008532,0.0,0.0,0.0,0.0,0.0,0.0758638473097875,0.0666689362652538,0.0088638969405264,0.0380000085726517,1.6463911537218,0.0191225050914837,2.05691902625491,0.0,0.0814369700158066,0.0,0.0,0.0,0.0,0.0,0.0611687024595581,0.333817934622953,0.0,0.0389878144340491,0.0119907324282134,0.0,0.0,0.0,0.0382199484364959,0.0247675432489614,0.0,0.0,0.21771246011555,0.10455597148303,0.0888983186610457,0.0105295307091398,0.0,0.0,0.0,0.0,0.0072631096843074,0.0,0.0245540982039507,0.0,0.0,0.0,0.0145024292473735,0.0183396465780628,0.203887113208916,0.0,0.0,0.0,0.0,0.41389663245408,0.0882796068041321,0.0043060061484881,0.0662224158851485,0.12562880420551,0.0459782275368852,0.300647823892064,0.0084032046039778,0.0061818946658364,0.0,0.0,2.35985852197236,0.0853857719152436,0.0,0.0,0.0,0.0,0.0,0.0084631723025867,0.0,0.0,0.511713570343444,1.47051513525287,0.465044390715831,0.821667560317968,0.0909148486971073,0.743706563044209,0.257767512671987,0.0144037370656638,0.0,0.0061886380434074,0.0091614944319788,0.0105434380850312,0.0,0.0044472025951888,0.0,0.0394749769897418,0.0111256247112961,0.0,0.0,0.0,0.0081701359615491,0.0247109516979774,0.0099678925327145,0.0,0.0,0.0,0.0,0.0037879697439314,0.0,0.0,0.0,0.284493301636265,0.387711383605909,0.420992921831953,0.0,0.0801064755404618,0.0569276546377739,0.0,0.0123061948570561,0.0049037803483466,0.0,0.0,0.0,0.0,0.0326171671207985,0.0,0.0,0.0,0.0,0.0,0.0064362418009668,0.0,0.0,0.0,0.0,0.0,0.0,0.0,0.0,0.287325227964122,0.0659370850722749,0.0167149172949224,0.0674114842551605,0.0764189633582072,0.0,0.0,0.0102472058565369,0.0,0.0,0.0,0.0,0.0038659386356348,0.0,0.0,0.0,0.0,0.0253206895995581,0.0,0.0,0.0,0.0,0.0,0.106930673516631,0.0,0.0,0.0,0.0,0.0,0.0,0.0,0.0,0.0,0.0,0.0,0.0,0.0,0.0,0.0,0.0,0.0,0.0,0.0,0.0,0.0,0.0,0.0,0.0,0.0172257314411084,0.0363574130782747,0.0,0.0,0.0,0.0,0.0,0.0,0.0,0.0,0.0,0.0,0.0,0.0,0.0,0.0,0.0207686268209549,0.0466807783303628,0.0461282073263581,0.0,0.0410534884435065,0.0,0.0,0.0,0.0,0.0,0.0,0.285724609533525,0.0,0.0,0.0,0.0,0.0,0.0,0.0,0.030198913008715,0.0,0.0,0.0,0.0,0.0,0.0,0.0,0.0,0.0,0.0,0.0,0.0,0.0,0.0715498035211559,0.0,0.0,0.0,0.0,0.0,0.0,0.0161760942789261,0.0,0.0,0.0,0.0373682972734492,0.0207748278960851,0.0118564618497714,0.0,0.0,0.0,0.0,0.0,0.0,0.0,0.0,0.0,0.0,0.0,0.0037119706504667,0.0,0.0,0.0,0.0,0.0,0.0,0.211510017233564,0.0300947373778415,0.0,0.029493423679306,0.0381373563449906,0.023813455495975,0.0768412604006901,0.0,0.0,0.0,0.0,0.376991084961063,0.0,0.0,0.0,0.0,0.0,0.0,0.0,0.0,0.0,0.0396628674296607,0.277111357281422,0.106817204016324,0.194552660518718,0.0080282339051335,0.174762561607752,0.0634432989674576,0.0,0.0,0.0,0.0,0.0,0.0,0.0
TR,0.0812716356300852,0.0,0.0,0.0065627374223344,0.0,0.0,0.003808256949494,0.161049790602026,0.0049567125697964,0.0,0.0,0.0,0.0,0.0133672336281489,0.0249769984142324,0.0,0.0062882087327372,0.0,0.0,0.0,0.0,0.234707789910554,0.25272559495661,0.0126612890113561,0.1372553663631,0.0972021464778064,0.0940530942227492,0.0925900503341201,0.0,0.0,0.110270147980214,0.005045177438629,0.0046361818816019,0.642358865035107,0.653593446935101,0.0162994187629936,0.0,0.0,0.0,0.0,0.0484428828454696,0.0080715374966381,0.0,0.0453235775435651,0.0,0.0,0.571208369711391,0.204485566075623,0.168759599986775,0.235197670969009,0.0,0.0,0.0,0.0175049983823361,0.0169528444114817,0.0373230767417395,0.0,0.0300377545150066,0.0794284631329972,0.0,0.0,0.0,0.0036544463104059,0.0050241689739749,0.0,0.0,0.0,0.0,0.1908528774338,0.0,0.0,0.0,0.0,0.0,0.006596799217768,0.0,0.0,0.0,0.0,0.0,0.0,0.0307869601739512,0.0,0.0,0.0,0.0,0.0697110379013387,0.0045508937944251,0.0,0.0048385713612922,0.0,0.0191246798654756,0.0098176023869529,0.0,0.0,0.0,0.0,0.0,0.0,0.0377448277091096,0.0,0.0236993412660993,0.0,0.0,0.673303403923622,0.0,0.0,0.0,0.0,0.0,0.0,0.0,0.0200883582883732,0.263899444369449,0.755028291600167,0.0,0.0351344117899296,0.0,0.0,0.0,0.0,0.0,0.0,0.0,0.0,0.0,0.0067833762646251,0.805127169979582,0.0,0.0172874509490794,0.0,0.0,0.0308983995630655,0.0042542301576769,0.0,0.0324465412698005,0.0037674358770748,0.0,0.0,0.0,0.0,0.0083283176803928,0.0,0.0,0.0072738343396074,0.0225150158034002,0.0,0.0,0.0,0.133981162291479,0.0126210477323206,0.0,0.0,0.0,0.0,0.0,0.0,0.0,0.0,0.0,0.0,0.0240447450272304,0.0,0.0116112234998325,0.0,0.0,0.0,0.0096974367158792,0.0073726086306951,0.0,0.0,0.0,0.0,0.0,0.0,0.0,0.0,0.0,0.0,0.0,0.0130928706972163,0.0039587674459709,0.0114332766269483,0.0,0.0,0.0,1.90989887902576,0.0,0.0197935026736694,0.0429892319302166,0.0041153550369311,0.0,0.0,0.0,0.0,0.131003029556738,0.0,0.0,0.0,0.0,0.0,0.0,0.0,0.0041166170480801,0.0,0.0,0.0,0.0,0.0,0.0,0.0,0.0,0.0,0.0,0.0,0.0,0.0499200144985072,0.0,0.0,0.0,0.0,0.0,0.0060302551933744,0.0,0.0,0.0040149707188029,0.0,0.0,0.0,0.0,0.0,0.0,0.0,0.0095225770185973,0.0041904124266959,0.0,0.0,0.0,0.0,0.0,0.0,0.0,0.0,0.0,0.0,0.0,0.0,0.0,0.0,0.0,0.0050150782782272,0.0,0.0,0.0,0.0,0.028162772013524,0.0067467866784532,0.0,0.0,0.0,0.0,0.0,0.0,0.0,0.0,0.0,0.009596843709437,0.0,0.0,0.0,0.0,0.0,0.0,0.0,0.0,0.0,0.0,0.0,0.0,0.0,0.0,0.004675845449589,0.0,0.0,0.0,0.0,0.0,0.0,0.0,0.0,0.0,0.0,0.0,0.0,0.0,0.0,0.0081429943841729,0.0041216209707204,0.0088353411765464,0.0,0.0178953093419976,0.0,0.0,0.0,0.0,0.0,0.0,0.0,0.0276677938200841,0.0,0.0,0.0,0.0,0.0,0.0,0.0,0.0,0.0,0.0,0.0,0.0,0.0,0.0,0.0,0.0,0.0,0.0,0.0,0.0,0.0,0.0,0.0,0.0,0.0,0.0,0.0038055836817344,0.0046213630574672,0.0,0.0144167692055805,0.0,0.0,0.0048074324410019,0.0074560509018359,0.0,0.0,0.0,0.0,0.0,0.0,0.0,0.0,0.0,0.0,0.0,0.021389027653481,0.0,0.0,0.0,0.11048498881281,0.0097277314618516,0.0,0.0,0.0,0.0,0.0,0.0,0.0,0.0,0.0,0.0,0.0,0.0,0.0092514285093806,0.0,0.0,0.0,0.0,0.0,0.003386313746995,0.0,0.0,0.0,0.0,0.0,0.0,0.0,0.0,0.0,0.0,0.0035606528806958,0.0,0.008806622338352,0.0,0.0,0.0,0.0,0.0,0.0142198760632702,0.0,0.0,0.0,0.0,0.0,0.0,0.0332816385450059,0.0041711912941175,0.0,0.0,0.0,0.0,0.0,0.0,0.0,0.0,0.0,0.0,0.0,0.0
TRN,0.0,0.136191316908291,0.0730137148746415,0.0,0.0,0.0041573986196326,0.0196825193040928,0.0219598829664425,0.014423333153036,0.0126254324213329,0.0,0.0,0.0036167441163694,0.0,0.0,0.141547936569576,0.0,0.083568807671138,0.0455937207555828,0.0321752624145427,0.0,0.0,0.0,0.0052477071473018,0.0,0.0,0.0,0.0,0.0,0.0,0.0,0.029879647740751,0.0,0.0,0.0,0.0,0.100241035765898,0.0039477992675117,0.0364323651093716,0.0,0.0,0.0,0.0119982765121381,0.0,0.0232162083643143,0.0061004727071818,0.0,0.0,0.0,0.0,0.0084851153210063,0.0,0.0253367752819531,0.0,0.0060071040256554,0.0056368420866687,0.0183944393010007,0.0307043800720481,0.0037254447860983,0.0311534528360569,0.0402265905023847,0.0317213994376036,0.0367523766363448,0.0,0.0250452281476924,0.0,0.0134832127448817,0.0070374987150862,0.0,0.0,0.0,0.0,0.0,0.0,0.0096447926465877,0.0056284522260499,0.0072463840479981,0.0126194166279889,0.0,0.0,0.0,0.0,0.0258315449826476,0.0,0.0,0.0072363566432285,0.0,0.0,0.0159693430803312,0.008615832520871,0.0,0.0054476885492123,0.0,0.124736301695441,0.121181628082434,0.0053942266270189,0.0059770518992904,0.0140972158635119,0.069383322542169,0.0,0.0099521737420851,0.0,0.0235606290689486,0.112203292339893,0.0,0.0,0.0451924408266663,0.0418735978415686,0.0040992038496983,0.0391447207205877,0.0168766247018035,0.0308047129230748,0.0,0.0,0.0,0.0522205635674564,0.0,0.0043440383187676,0.015426738354568,0.0169567710617619,0.0061344465413822,0.0050287049492357,0.0035696244310394,0.664810944751156,0.0107535360507945,0.0198298922991064,0.0049450391096303,0.0,0.062387500552651,0.004917318305429,0.0062394555282721,0.0204575949227389,0.0,0.0125121414635509,0.0486285706287917,0.0,0.0,0.147494439477548,0.148873176258482,0.0116746701610372,0.0483618718862341,0.0,0.120897012099374,0.0034729340249972,0.0,0.0060267638437378,0.0044720751166844,0.0,0.0,0.0,0.0,0.07444546478408,0.0686994138264492,0.102618036896851,0.0908571958869416,0.0992110806541912,0.0048620434700679,0.0036036250587919,0.0480349872188618,0.0290025680945747,0.0,0.0,0.0068185210374752,0.0279883380542974,0.0530576480309518,0.0415898490583908,0.338707393867839,0.0,0.0035948703943319,0.0064027239958901,0.0,0.0,0.0,0.0,0.152730259060547,0.185363097270612,0.127993035835543,0.140401322121097,0.248680060159921,0.187255745473896,0.0844422691562289,0.0723685101492189,0.0040279598094797,0.0255101726801056,0.0048970312692271,0.0104969610134362,0.0,0.591167002792607,0.0,0.0,0.0,0.0409773782511618,0.0163368317667246,0.004044019146656,0.0097417441163392,0.0221340671977352,0.108988149209536,0.167904517268985,0.0220120783351131,0.0121873859836865,0.0121584134638667,0.0757591719511947,0.060162352246905,0.0,0.0,0.0,0.0165056841461685,0.057630633741723,0.0034236293516741,0.0,0.019379743393345,0.012170447886506,0.0,0.0,0.0,0.0,0.0,0.0,0.0217963338149237,0.0,0.0,0.0094186490354011,0.0,0.0,0.0043556586242146,0.0,0.0,0.0,0.0,0.0,0.0,0.0,0.0,0.0,0.0,0.0,0.0,0.0114331577060589,0.0,0.0,0.0128776945737775,0.0,0.0,0.0,0.0,0.0307291479537957,0.0191923218713052,0.0308702336701294,0.0337869241145982,0.0,0.0,0.185753743332709,0.0,0.0117886133403062,0.0,0.0,0.0,0.0,0.0,0.0224263338155133,0.0107922439371322,0.0052183883959275,0.0,0.0,0.0,0.0113891213649718,0.0,0.0,0.0089841975236076,0.0056389799181955,0.0070833194963834,0.0151117532190766,0.0,0.0190226994943461,0.163476581279973,0.006542176416425,0.014041054069033,0.0,0.0058932299504566,0.0,0.0,0.0,0.0,0.0,0.0,0.0,0.0175540597507231,0.0,0.0,0.0,0.0,0.0155069312857266,0.0,0.0378237813071474,0.0222682750276439,0.0,0.0,0.0,0.0,0.0,0.0,0.0,0.0075341836829126,0.0158010462100053,0.0,0.0,0.0,0.0127342603413343,0.0,0.007947765830172,0.0,0.0262119121238425,0.0248277584296074,0.0,0.0260212998514245,0.0060186017619538,0.0,0.0668457309679986,0.0179439883755918,0.0088987684574151,0.017186796384145,0.0,0.0,0.0,0.0145352747150439,0.0039870210904209,0.0218080802409289,0.0204133750842895,0.0184756701291478,0.0,0.0,0.0137122274747576,0.0324200821114233,0.007456109082014,0.0206155973909633,0.0,0.0,0.0131014946886142,0.0,0.0,0.0,0.0,0.0,0.0155555124742923,0.0,0.0182038389660297,0.0467139085095585,0.0252501533654599,0.0082312317993864,0.0492063687618255,0.0,0.0,0.0,0.0,0.0,0.0,0.0,0.0,0.0,0.0,0.0121832881427674,0.0103676898240037,0.0,0.0,0.0035858664679668,0.0,0.0,0.013423314788917,0.010777522679459,0.0,0.0,0.0194215135602559,0.0,0.0078615280482945,0.0058673659011133,0.061006978402492,0.0,0.0,0.0,0.0149445124159781,0.032724174506112,0.0701144340197315,0.0323961269049755,0.0054166321389164,0.0065486278107638,0.0,0.0,0.0055816365389444,0.0,0.0,0.0074876314012835,0.0,0.0249131748339967,0.0052570374100568,0.0,0.0,0.045115509454163,0.0,0.0,0.0,0.0397493784256185,0.0,0.0155846041720548,0.0087144963942089,0.0,0.0,0.0,0.0,0.0,0.0,0.0,0.0,0.0,0.0,0.0,0.0,0.0103346374212941,0.0522698294248634
TRS,0.0,0.0,0.0,0.0,0.0,0.0093387504433263,0.0,0.0,0.0,0.0,0.0049045732238966,0.0051999104234747,0.0,0.0062429899678079,0.0034898042243781,0.0,0.0034790164195556,0.0,0.0,0.0,0.0,0.0,0.0,0.011136725683389,0.127691429323467,0.216218402861918,0.208642342511642,0.0,0.0,0.0,0.0,0.0142763010781787,0.0,0.0,0.0,0.0,0.0132939308775529,0.0,0.0,0.0,0.118048532268353,0.0051172157640065,0.0,0.0055933411793798,0.0041872545161779,0.0,0.0354774641300001,0.0708486730476202,0.0,0.0,0.0,0.0,0.0,0.0,0.0,0.0,0.0,0.0,0.0,0.0,0.0,0.0,0.007375757517637,0.0,0.0,0.0,0.0486236283280685,0.0,0.0,0.0,0.0,0.0,0.0,0.0,0.006021832611234,0.0,0.0147315502864765,0.0,0.209984966883902,0.0606678181349259,0.0326117314619676,0.0,0.0,0.0,0.0,0.0,0.0,0.0,0.0,0.0,0.0,0.0069097580210613,0.0035725294016663,0.0,0.0,0.0125637446846186,0.0135089778130378,0.0,0.0,0.27862016626243,0.0,0.030666313374024,0.0045303323051607,0.0,0.0,0.0,0.0,0.0,0.0,0.0,0.0,0.0,0.0,0.0,0.0,0.0,0.0816591062434991,0.0,0.0,0.0034779502034236,0.0,0.0,0.0,0.0,0.0,0.0,0.0056277323998951,0.0,0.0,0.0066122304290548,0.0036298761978582,0.0,0.175106144088453,0.0,0.0,0.0958404639350134,0.0,0.0,0.0,0.0,0.0,0.0250865952534976,0.0,0.0094950557760726,0.0126304921415284,0.0063799693061923,0.0119434353865175,0.0,0.0063628938642459,0.0096383517277785,0.0,0.0,0.0,0.0,0.0,0.0060321206903204,0.0,0.0086119120936673,0.0,0.0,0.195471984276292,0.0,0.0,0.0,0.0,0.0,0.0,0.0,0.0,0.0,0.0,0.0,0.0,0.0,0.0,0.0,0.0,0.0,0.0,0.0,0.0,0.0,0.0067743158603381,0.0,0.0,0.0,0.0,0.0,0.146016821263505,0.0050326370777054,0.0047274195849208,0.0,0.0,0.0,0.0,0.0,0.0,0.0,0.0,0.0,0.0,0.0,0.0,0.0036413840722588,0.0,0.0035115896590123,0.0,0.0106784351684753,0.0,0.0,0.0,0.0,0.0,0.0,0.0,0.0,0.0,0.0,0.0,0.0,0.0,0.0,0.0060178387681685,0.0,0.0,0.0,0.0,0.0,0.0,0.0,0.0,0.0,0.0034102899736764,0.0646350760643778,0.142347726532362,0.137177309542094,0.0,0.0,0.0,0.0,0.0070278202043604,0.0,0.0,0.0,0.0,0.0083580720706825,0.0,0.0,0.0,0.070962940848709,0.0,0.0,0.0,0.0,0.0,0.0170593698891622,0.0311908249325426,0.0,0.0,0.0,0.0,0.0,0.0,0.0,0.0,0.0,0.0,0.0,0.0,0.0,0.0,0.0062864408457845,0.0,0.0,0.0,0.0187742010571966,0.0,0.0,0.0,0.0,0.0,0.0,0.0,0.0,0.0,0.0054831263019395,0.0,0.0801129878182769,0.0177195258819568,0.0043810211338185,0.0,0.0,0.0,0.0,0.0,0.0,0.0,0.0,0.0,0.0,0.0,0.0,0.0,0.0,0.0043969801007704,0.0050309802921997,0.0,0.0,0.159571493831003,0.0,0.0171728830782624,0.0,0.0,0.0,0.0,0.0,0.0,0.0,0.0,0.0,0.0,0.0,0.0,0.0,0.0,0.0422776370635813,0.0,0.0,0.0,0.0,0.0,0.0,0.0,0.0,0.0,0.0,0.0,0.0,0.0,0.0,0.0,0.0331743705479524,0.0,0.0,0.0482816046058245,0.0,0.0,0.0,0.0,0.0,0.0043641919218265,0.0,0.0,0.0,0.0,0.0043938066467354,0.0,0.0,0.0059111433720312,0.0,0.0,0.0,0.0,0.0,0.0,0.0,0.0,0.0,0.0,0.0741102627571713,0.0,0.0,0.0,0.0,0.0,0.0,0.0,0.0,0.0,0.0,0.0,0.0,0.0,0.0,0.0,0.0,0.0,0.0,0.0,0.0,0.0,0.0,0.0,0.0,0.0,0.0,0.0,0.0806095731628561,0.0,0.0,0.0,0.0,0.0,0.0,0.0,0.0,0.0,0.0,0.0,0.0,0.0,0.0,0.0,0.0,0.0,0.0,0.0042417344733455,0.0
TT,0.0230501756788763,0.0371124932162291,0.0945911484332408,0.0152382084651912,0.0,0.0120836009685408,0.0276989828020847,0.0401483190506724,0.0311885568753279,0.0,0.0418819163717019,0.0431468313935433,0.0,0.136108314273622,1.23118872695243,0.0,0.0042881523397932,0.0,0.0,0.0047698072139505,0.0,0.117257398554132,0.108710063659967,0.011765546757968,0.130904876408641,0.0662747878373089,0.0522134040666641,0.0103381976684961,0.0,0.0,0.0291636888011259,0.0081294627572797,0.0126219539534286,0.294142796767531,0.094116537554253,0.006083712106605,0.0154621631566612,0.0,0.0,0.0,0.0436182067684918,0.0071247231544693,0.0,1.74408866761845,0.0045945500291373,0.0179440047254347,0.478767110050704,0.263021914102107,0.0689405932015835,0.108046476977036,0.0,0.0,0.01986941801712,0.0305620868429022,0.0185885178826333,0.0485738411528602,0.0,0.0106574749285007,0.0158529295323865,0.0052166926565092,0.0037762323507506,0.0060090173508019,0.426180786595314,0.0098956759989098,0.0,0.0,0.0114008162264574,0.0,0.114424709923011,0.0,0.0055659867777424,0.0,0.0,0.0458143398208571,0.0128102462520604,0.0,0.0243346858540047,0.0,0.0273421820720624,0.0089645735334798,0.0037269455656616,0.247005917480752,0.0,0.0105955854002946,0.0,0.0,0.0094079593314706,0.0,0.0,0.0,0.0530361595786397,0.0099413211849945,0.225673784947691,0.0043273080733855,0.0193387188568713,0.0131519372615353,0.0162779976494385,0.0,0.0,0.0584479050676601,0.0,0.244856885186561,0.0189035107221508,0.0,0.31907451265202,0.0,0.0,0.0,0.0048484104093262,0.056054921914647,0.150282392521113,0.0856865508718087,0.0234482686600857,0.110237779449086,0.26053826612836,0.0,0.0476524935961883,0.0,0.0044703911484722,0.0164208734492282,0.0180418032452882,0.0,0.0,0.0,0.0,0.0,0.0101415911933539,0.677668337296665,0.126216171999179,0.0098376872591916,0.0,0.0,0.159664357568467,0.0,0.0,0.0412392834870276,0.0,0.0034628907763225,0.0038282141259198,0.0,0.0,0.0635424865331959,0.0082095303162773,0.0079062199780673,0.0638642096842177,0.0102876427358823,0.0102597404829076,0.0,0.0091193627960491,0.188390642785211,0.0246840253456942,0.0044681653867231,0.0,0.0062567388863386,0.0077159308223463,0.0091035512354588,0.0049853536801634,0.0091899924276203,0.0,0.0,0.0252043253732621,0.159568815157019,0.0,0.0229109293576012,0.0,0.0,0.0,0.0111206927264574,0.0078775646205964,0.0,0.0,0.0,0.0,0.0,0.0071045249116173,0.0,0.0,0.0,0.0036535444911885,0.0,0.0092733186780498,0.0072255743644037,0.0085496340038237,0.0,0.0,0.011790953827338,0.144229662087094,0.0,0.0315014719181746,1.98775332007143,0.0047035892529482,0.0,0.0,0.0,0.0,0.0379557129122893,0.0052337828039812,0.0126433729744173,0.0048552736293577,0.0,0.0056559656874512,0.0071660649990219,0.0104185808519096,0.0042745935043261,0.0,0.0,0.0067451383122256,0.0078262060508687,0.0043139963290669,0.0055132306868472,0.0145770002066778,0.0087182223930215,0.0,0.0,0.0,0.0041343022215397,0.0048926444771225,0.0050983259604014,0.0,0.0,0.0,0.0,0.0056743934992769,0.049492268329624,0.0044573156106926,0.0052940779694176,0.0,0.0038630130811658,0.0041829219582915,0.0,0.0142281776419115,0.0166755885534464,0.0080284538078129,0.0282071498974659,0.0132993168670244,0.0075999521279166,0.0070827571618569,0.0041438669429707,0.0118996530324274,0.0037603283757322,0.0064233845332952,0.0054120835479518,0.0112025875901498,0.0069868219170593,0.0048211643442417,0.0083580375846172,0.0035248397440863,0.0,0.0064475711017525,0.012194028947022,0.0060826959385056,0.0042602487263224,0.0779859677391046,0.0055429140665135,0.0062328678775377,0.097383085191498,0.0592030488128437,0.0063130487304626,0.0128917402914541,0.0,0.0051083851576677,0.0053777471382187,0.0092443435297258,0.0,0.0,0.0,0.0039411736613678,0.0,0.0118908514813186,0.0088906685576315,0.0135005446445358,0.0217192664373501,0.0046730247991274,0.0049364038124717,0.0,0.008337808002227,0.0,0.0097644302652053,0.0067716343990263,0.0138448380021582,0.0,0.0056551488257884,0.0053644822604938,0.0,0.0036767442156016,0.0,0.0,0.0089015106784032,0.0,0.0,0.0044369013585165,0.0049780355535368,0.0042609042427864,0.0042340247045092,0.0034355554925264,0.0,0.0077453542105607,0.0,0.005182257193855,0.0052273941040203,0.0189867919944546,0.0099620427863458,0.0040618343516269,0.0129807483977044,0.0,0.0,0.0077411727223497,0.0033120985699522,0.0201520284463458,0.0,0.0065610855024416,0.0,0.0,0.0106837342276491,0.0132553472013587,0.0065164996136248,0.0042681375801543,0.0057894409615841,0.0,0.0194689052480196,0.0078880699169396,0.0038198669813601,0.0165280807360782,0.0106746685088673,0.0,0.0244143997576718,0.0,0.0,0.0042828687776782,0.0062302611423536,0.0082263909637267,0.0,0.0,0.0,0.0038768557295648,0.0044105791757731,0.0176782855326973,0.0207989213440351,0.0153247761625326,0.0203588686159745,0.0042644355403324,0.0439584011000843,0.0042633014246618,0.0,0.0198936908300208,0.0,0.0,0.0,0.0,0.0033925431944999,0.0049291143547239,0.0049978895491018,0.0,0.0085161417701142,0.0224190836688742,0.0,0.0,0.0,0.148195794866779,0.0161865569269254,0.0038351681529444,0.0036540433642454,0.0047622850775183,0.0040500720073882,0.0,0.007295600221381,0.0,0.0036761039472466,0.0041693553828834,0.0078892924194174,0.0047320677242116,0.0,0.0173846501712051,0.0050703566854877,0.0052031943669951,0.0,0.0058663087866526,0.006664323978905,0.0033174872662248,0.0,0.0,0.0,0.0,0.0039786094198834,0.0,0.0,0.0,0.0,0.0,0.0,0.0087327902402596,0.0095629487579487,0.0,0.0059986247276276,0.0048992783342181,0.003667745478106,0.0,0.0120860257947941,0.0834706136206073,0.0,0.0,0.0,0.0,0.0,0.0046520899736956,0.0054118216463895,0.0040051679892298,0.0037156324098936,0.0041680268164662,0.0035708542671675,0.0068748255405626,0.0076637761969966,0.0033740760038142,0.0071657399846366,0.0060528779983379,0.0065580409637666,0.0073715700910919,0.0055713215465628
TU,0.176787562352443,0.0,0.0389620673641365,0.0190208947165991,0.0,0.162441407246761,0.0,0.0043366669401227,0.0,0.0071170879520029,0.0078597170148153,0.0070045315332788,0.0,0.0125167521334803,0.0267490967546694,0.0046459829228501,0.284966857179273,0.0,0.0,0.0,0.0,0.131101074121037,0.129238398302939,0.123920657063933,0.0381868454606342,0.0098203469706005,0.0078466700011593,0.0349245972379282,0.0055121385925546,0.0061201235291791,0.0050156190440076,0.014140874651067,0.0132906712441519,0.0429388512252057,0.063131073131757,0.0063014562719023,0.0257530292779597,0.0,0.0051697548645664,0.0074764547701791,0.0201878553356869,0.152007786181864,0.0,0.0621955151909563,0.015996002493003,0.0,0.0131512938074099,0.0202541732761319,0.0425462793436154,0.113993135677515,0.0,0.0035906384004334,0.0038350963885588,0.0108567524428315,0.0053962029281157,0.0,0.0045805249012359,0.0,0.0626998442542524,0.0064961347311739,0.0053866663151296,0.0079168729431477,0.223315042179491,0.0067396256756114,0.0090319520354334,0.0,0.0241762409234234,0.0039511339989496,0.0892011022640103,0.0081231186189844,0.0175349954286677,0.0,0.0205802593128592,0.0098023966132779,0.119516864476818,0.00381682974578,0.134852052133832,0.007498226647586,0.0308544718969347,0.0494731764648183,0.0462463984332628,0.0050431118160103,0.0061772806566692,0.0070005117077943,0.0070909890069755,0.0057748505970532,0.0896707536390508,0.0250295952775782,0.0735506585666722,0.0552320246707252,0.0105738972430041,0.0838569902267285,0.010212659745617,0.0,0.0,0.166513993473288,0.15662485546486,0.0059065453174315,0.0068181915198938,0.113958177007289,0.0050512210521929,0.0166637971102193,0.0471817441978515,0.0086322497584225,0.0414202204318823,0.0037599835328188,0.004563023137263,0.0079742598730858,0.0086538282917037,0.0,0.0247250759063908,0.0048376033693947,0.0420660981745313,0.208066475591358,0.0421217256314437,0.0076395163664658,0.0130173499465066,0.0,0.0248037596254728,0.0435404361994769,0.0,0.007467426839907,0.0,0.0045732582772431,0.0,0.010918307181042,0.0577180557592432,0.0135696534765703,0.0476926299622864,0.108592300981483,0.009539301155122,0.0466686365269033,0.152554333823658,0.067244881214977,0.007627941872343,0.0218035085775733,0.0037104977198286,0.0082483327330908,0.0076199135517776,0.0,0.0041911278604106,0.0561874530901646,0.0,0.156806930209026,0.0440195597607206,0.216319613996201,0.180782050115059,0.0,0.189729678972407,0.0243479617032454,0.0121319634112969,0.0065180279462301,0.0054613483447162,0.0,0.0,0.0,0.006252691339641,0.175365220826384,0.0060038526543516,0.0064222308410733,0.0418025506990844,0.0050879545059439,0.0,0.0048359886727096,0.0053674446002956,0.0048681640422205,0.0054976364496316,0.0051414365381086,0.0,0.0374309949758819,0.0063302503742893,0.0091931447716235,0.0,0.0,0.0,0.0,0.0,0.0,0.0,0.0,0.0,0.0356686001343602,0.0570807777534925,0.0080198684676603,0.0081631118623918,0.0,0.0597013488480657,0.0069571045046507,0.185457240665142,0.0436365721696735,0.297340236812456,0.0041728130914075,0.0,0.0,0.0048251337754684,0.0049612161178147,0.0042665844839668,0.0,0.0,0.0,0.0,0.0,0.0,0.247642977495823,0.0076839812142571,0.0083339180192795,0.0034666394133869,0.0114590686977065,0.006193396425578,0.0334663477669447,0.0,0.0058507648635261,0.0,0.0,0.0228648271501755,0.0,0.0,0.0,0.0038963101520294,0.0,0.0,0.0,0.0035258127975377,0.0,0.0,0.0492945727807119,0.0,0.0,0.0,0.0,0.0151533272020611,0.01514368268535,0.0191172952650264,0.0042969700963753,0.0,0.0,0.0089309709004751,0.0,0.0,0.0,0.0055233438824445,0.0,0.0,0.003526031309518,0.0,0.0130362332777009,0.0,0.0,0.0,0.0,0.0331948443644147,0.0,0.0043604790219983,0.004310971611037,0.0,0.0,0.0,0.0056840158672921,0.013271319038004,0.0,0.0,0.0,0.0,0.0,0.0,0.0,0.0,0.0136806191890503,0.0,0.0,0.0,0.0326464814482402,0.0,0.0040420675249552,0.0,0.0124100086975469,0.0,0.0105398433972153,0.0,0.0,0.0,0.0038632603635723,0.0041896774543526,0.0175280757912762,0.0,0.017868064425932,0.0038472522149554,0.0,0.0,0.0,0.0,0.0,0.0,0.0,0.0,0.0141389269401766,0.0048849484151163,0.0275513451966647,0.0160346541534349,0.0046435797479527,0.0298138488231268,0.0,0.0,0.0,0.02826618202075,0.0246048534833231,0.0047853534349197,0.0,0.0285717356033378,0.0,0.0,0.0034962779551194,0.0040513701395713,0.0,0.0,0.0,0.0043719940274827,0.0,0.0,0.0033704570441566,0.0,0.0067599505811989,0.02357568914069,0.0,0.0,0.0,0.0,0.0113657182269646,0.0042994129212309,0.0,0.0,0.0,0.0,0.0,0.0060081654126152,0.0177430868505285,0.0,0.0065312810454027,0.0358478383877925,0.0047832180727675,0.019349935492066,0.0148500121350828,0.0223097698255451,0.0,0.0,0.0,0.0,0.0,0.0,0.0,0.0155436803063178,0.0,0.0283767439677376,0.0121998980397938,0.0561901930770491,0.0322328796814986,0.0,0.0230542053996667,0.0172893782944238,0.0,0.0,0.0,0.0,0.0,0.0,0.0,0.0268830995901146,0.0,0.0,0.0,0.0,0.0,0.0,0.0,0.0,0.0,0.0,0.0,0.0115079204126334,0.0,0.0,0.0,0.0,0.0,0.0,0.0,0.0,0.0,0.0,0.0,0.0045044812787328,0.0202469325064195,0.0033561102843063,0.0,0.0,0.0,0.0041635473845653,0.0398257137972335,0.0,0.046621493952879,0.0,0.0,0.0,0.0,0.0,0.0,0.0,0.0,0.0,0.0,0.0,0.0,0.0391976864295561,0.0,0.0,0.0,0.0042906624004276,0.0
V,0.0,0.0,0.0,0.0,0.0,0.0,0.0,0.0,0.0,0.0267096208331731,0.0,0.0,0.0,0.0,0.0,0.0,0.0,0.0,0.0,0.0,0.0,0.0,0.0,0.0,0.0,0.0,0.0,0.0044329362953319,0.0096137547013396,0.0,0.0,0.0,0.0,0.0,0.0,0.0,0.0,0.0085069215806392,0.0166822746253414,0.0717233332347709,0.0,0.0,0.0355472514929722,0.0,0.0,0.0,0.0,0.0,0.0,0.0,0.0,0.0088628778057865,0.0,0.0,0.0,0.0,0.0394593765228005,0.0,0.0059587329749728,0.0067365334527734,0.0036149208359422,0.0,0.0,0.0,0.0141261904583865,0.0720855940779815,0.0,0.0750259800579089,0.0,0.0371505808743417,0.0,0.0,0.0,0.0,0.0,0.0,0.0,0.0161575407227374,0.0,0.0,0.0,0.0,0.0254417805171323,0.0,0.0498335325519327,0.0202456351692269,0.0,0.0,0.0,0.0,0.0,0.0,0.0,0.0,0.0,0.0,0.0,0.0,0.0050917309495923,0.0,0.0278157953489864,0.0,0.0,0.0640266149872039,0.0,0.011554607590032,0.0,0.0,0.0859361878034803,0.0,0.0,0.0,0.0,0.0,0.0,0.0128211752260657,0.0,0.110399309077441,0.0770896231618812,0.0265969368592885,0.0,0.0,0.0,0.0,0.0262188737787748,0.0232979139317395,0.0,0.0,0.0,0.0,0.0,0.0,0.0,0.0,0.0075695715631795,0.0,0.006809956653773,0.0,0.0073956560799258,0.0069931468349088,0.119115970705882,0.0,0.0,0.0,0.0,0.0,0.0,0.0,0.0,0.0,0.0,0.0,0.0082351196834242,0.0,0.0,0.0,0.0,0.0,0.0048129873216691,0.0,0.0,0.0,0.0038075127954485,0.0,0.013371499873995,0.0159118834490425,0.005315370316321,0.0,0.0,0.0,0.0400366383544782,0.0735324743198485,0.0603317876248499,0.155133910280814,0.0,0.0,0.0,0.0,0.0,0.0,0.0,0.0042700824169299,0.0,0.0759760204805559,0.0146542051916356,0.0,0.0,0.0,0.0,0.0,0.0,0.102205303117235,0.0,0.179236950905097,0.0904181679113321,0.0,0.0,0.0,0.0,0.0,0.0,0.0,0.0,0.0,0.0,0.0,0.0,0.0,0.0237701153840854,0.0,0.0,0.0,0.0,0.0,0.0,0.0,0.0,0.0,0.0151391532892957,0.0,0.0,0.0,0.0,0.0,0.0,0.0,0.0,0.0,0.0,0.0,0.0,0.0,0.0,0.0,0.0,0.0,0.0,0.0,0.0,0.0,0.0065279009091776,0.0,0.0,0.0,0.0,0.0,0.0,0.0,0.0258088744334496,0.0,0.0,0.0,0.0,0.0,0.0,0.0,0.0,0.0,0.0,0.0,0.0248519446602773,0.0,0.0,0.0,0.0,0.0331842102093361,0.0,0.0,0.0,0.0,0.0,0.0,0.0,0.0089033309576375,0.0,0.0,0.069667370861675,0.0,0.0146060964042853,0.0,0.0,0.0,0.0,0.0,0.0,0.0,0.0117832191647032,0.0,0.0,0.0,0.0,0.0108227629833718,0.0,0.0240045422481476,0.0219885907279512,0.0,0.0,0.0,0.0,0.0,0.0,0.0,0.0071991774484785,0.0035079940918,0.0,0.0,0.0,0.0033332284394246,0.0,0.0135337128706664,0.0,0.0,0.0094645765133073,0.0,0.0072580028174609,0.0,0.0,0.0614865466123206,0.0,0.0,0.0,0.0,0.0,0.0,0.0,0.0,0.0739124440670435,0.0192765415973153,0.0,0.0,0.0,0.0,0.0,0.0329783612062104,0.0119740271314335,0.0,0.0,0.0,0.0,0.0,0.0,0.0,0.0,0.0,0.0,0.0,0.0,0.0,0.006726923687308,0.0308660751599555,0.0,0.0,0.0,0.0,0.0,0.0,0.0,0.0,0.0,0.0,0.008045756453075,0.003362923173785,0.0,0.0,0.0,0.0,0.0,0.0,0.0,0.0,0.0,0.0,0.0,0.0,0.0,0.0,0.0,0.0,0.0,0.0134352129753895,0.0042670932324091,0.0191221830683202,0.0703648017745953,0.0,0.0,0.0,0.0,0.0,0.0,0.0,0.0,0.0,0.0244930530268575,0.0,0.0,0.0,0.0,0.0,0.0,0.0,0.0319037066954791,0.0,0.0937269750508873,0.058429786783295,0.0,0.0,0.0,0.0,0.0,0.0,0.0,0.0,0.0,0.0,0.0,0.0,0.0072459002587428,0.031006580029458
VAL,0.0,0.231440949056606,0.117657676185808,0.0,0.0311234431614097,0.0,0.0800899808839479,0.0201687177307402,0.0526808938473486,0.0,0.0259240944966896,0.144009541426726,0.0,0.0,0.0,0.0372246473374833,0.0,0.015494965972509,0.0,0.0,0.128542088024707,0.0,0.0,0.018689656557316,0.0,0.0,0.0,0.0,0.0,0.0857029723379093,0.0,0.0090911998078115,0.170262808106506,0.0,0.0,0.0,0.0052242770642836,0.0,0.0039919244726403,0.0109938813692235,0.0,0.0,0.0102248907042841,0.0,0.0049509560662502,0.0,0.0,0.0,0.0,0.0,0.0,0.0283702834146295,0.187295555105588,0.0,0.241448222244413,0.0997350495882651,0.0,0.0605292251027276,0.0,0.0,0.0,0.0,0.0689388049323548,0.224383762945154,0.0,0.008503997417156,0.0033520601604207,0.0,0.0,0.01229038484184,0.0199373335422244,0.0,0.0,0.0443891460008953,0.0513162710471624,0.0329949199537669,0.0053485080771825,0.0,0.0,0.0,0.0,0.0,0.0,0.186310260403084,0.0,0.0,0.0,0.0,0.0,0.0,0.0295699224702967,0.0,0.0,0.356634442598572,0.30999150089357,0.0,0.0,0.008757863126747,0.0271454116339008,0.0,0.0055398907258194,0.0,0.0053861637230072,0.0,0.0,0.0101144792158321,0.0177490879628564,0.0119678171672046,0.0033501842306203,0.197911635051971,0.0767744571081632,0.170753405670842,0.0,0.0,0.0,0.0098251412497711,0.0,0.0,0.0052993034807358,0.0034757378374447,0.0,0.168160314865255,0.0,0.0,0.0,0.0,0.0081547231997584,0.0,0.130608863623216,0.0,0.0898792191015335,0.0057662903278274,0.0,0.0,0.0269183220371986,0.0,0.0,0.0063755471877098,0.0078311817630586,0.0,0.0040850457548281,0.0071620173461763,0.112466049648504,0.0,0.038197718767922,0.0,0.0,0.0,0.0,0.0556110165134602,0.187969020703933,0.0310149080985396,0.0795274626124225,0.0764459026913725,0.0365901547103136,0.0389244667712268,0.704739579853057,0.0,0.0101369538000566,0.0,0.0,0.0040085402309662,0.0,0.174457617646625,0.161443472507881,0.187441361776223,0.0,0.140561481373488,0.0953076222907993,0.0445673021128806,0.0054213482813794,0.0,0.0,0.0033829321324344,0.135650366474479,0.129413769742325,0.169391281954032,0.0470444412752026,0.17718105174195,0.122434683285738,0.0841183318994478,0.112272535739793,0.0,0.0039857649884896,0.0112722272891351,0.0,0.0,0.0,0.0,0.0,0.0,0.0044567598701804,0.791766610310741,0.0071256625765348,0.0,0.0262225189677164,0.0522903298143485,0.199707684497498,0.0126683587920682,0.0050437397936296,0.0,0.0963193675057812,0.376694655650226,0.0,0.436770748636624,0.174167678932182,0.152403914765242,0.0452659444453092,0.0,0.0,0.012395490264145,0.0,0.0,0.0,0.0,0.0171273374241556,0.0,0.0063072681753615,0.0,0.0,0.0,0.0103414118353913,0.0,0.0,0.0033549508092212,0.0,0.0,0.0,0.0,0.0,0.0,0.0,0.0,0.0,0.0,0.0,0.0,0.0623799572146712,0.0,0.0,0.0,0.0188365833059512,0.0,0.0,0.0,0.0,0.058767160148338,0.0,0.0138039785217299,0.0,0.0,0.563745436259581,0.0,0.0,0.0,0.0,0.0,0.0,0.0,0.0,0.166612948109864,0.022122974763862,0.0,0.0,0.0,0.0036653591876881,0.003568854195409,0.0,0.0,0.0,0.0,0.0054411392868307,0.0114165902486672,0.0034226931515724,0.650270234978102,0.0037578331159324,0.0045078417404937,0.0,0.0117610748674483,0.0,0.0,0.0,0.0,0.0,0.0,0.0,0.0,0.0,0.0,0.0,0.0,0.0,0.0,0.0068650779772347,0.0045178893457022,0.0,0.0,0.0,0.0,0.0,0.0,0.0,0.0388561285778082,0.0367746530027386,0.0,0.0,0.0099606192496058,0.003394216198435,0.0,0.011707907802407,0.0,0.0,0.0033202928192238,0.0,0.136101790100164,0.007230107437648,0.0112716786296446,0.0107291735460155,0.0456898565549979,0.0053893515459854,0.027835416180068,0.0,0.0,0.0,0.0,0.0,0.0072580420619964,0.0042038189325598,0.0,0.0,0.0,0.0098002833008567,0.0,0.0082419163354014,0.003700223287956,0.0,0.0,0.0037289361970631,0.0,0.0,0.0,0.0038277918982936,0.0,0.0,0.0,0.0662091318731913,0.0,0.0,0.0082431375411391,0.0087545791933445,0.0,0.0,0.0,0.0,0.0,0.0,0.0,0.0,0.0218334390427142,0.0188345470265516,0.0049969441487217,0.0064458220316433,0.0,0.0,0.0,0.0121649605972734,0.0,0.0,0.0,0.0,0.0,0.0216004574035291,0.0069526542070584,0.0117503600077399,0.0133969376178073,0.0,0.0141356923294172,0.0113185357431597,0.0,0.0084996088843406,0.0047622669334615,0.0082570943205843,0.0113329594941923,0.0,0.0,0.0,0.0,0.0,0.0,0.0,0.0033145836132631,0.0,0.0048723477200319,0.0093461440415037,0.0,0.0,0.0,0.0,0.0,0.0,0.0075298182620063,0.010907043961049,0.0163214350119089,0.0,0.0,0.0,0.0,0.0,0.0,0.0,0.0,0.0057106374983878,0.0,0.004364195451071,0.0,0.0035163339583871,0.0048637515952084,0.0075317200733201
VCO,0.0,0.0,0.0,0.0,0.0,0.0,0.0,0.0,0.0,0.0086883087729726,0.0,0.0,0.0,0.0,0.0,0.0,0.0,0.0,0.0,0.0,0.0,0.0,0.0,0.0,0.0,0.0,0.0,0.0,0.0,0.0,0.0,0.0,0.0,0.0,0.0,0.0,0.0,0.0,0.0,0.0155730289648585,0.0,0.0,0.0040352151358516,0.0,0.0,0.0,0.0,0.0,0.0,0.0,0.0,0.0,0.0,0.0,0.0,0.0,0.0043050634211426,0.0,0.0,0.040213257807789,0.0247328940958608,0.0423973203114069,0.0,0.0,0.0076519201476197,0.0,0.0,0.0046950683581469,0.0,0.0125443318633716,0.0,0.0,0.0,0.0,0.0,0.0,0.0,0.0073834314285819,0.0,0.0,0.0,0.0,0.0053548593367873,0.0,0.0047166706524862,0.0044850589689054,0.0,0.0,0.0,0.0,0.0,0.0,0.0,0.0,0.0,0.0,0.0,0.0,0.0,0.0,0.0050912116055054,0.0,0.0,0.0170288093097098,0.0,0.0,0.0,0.0,0.0169650431326334,0.0,0.0,0.0,0.0,0.0,0.0,0.0,0.0,0.0053958299986937,0.226318732884319,0.0,0.0,0.0,0.0,0.0124070124175552,0.0035447924708162,0.0109468266499264,0.0,0.0,0.0,0.0,0.0,0.0,0.0039014390518403,0.0,0.0,0.0,0.0,0.0035094055574012,0.0035459398515498,0.0,0.484611508313138,0.0,0.0,0.0,0.0,0.0,0.0,0.0,0.0,0.0,0.0,0.0,0.0,0.0,0.0,0.0,0.0,0.0,0.0045301770374593,0.0039187435007971,0.0,0.0,0.0,0.0,0.0,0.0,0.0071103967637189,0.0,0.0,0.0,0.0083404706347438,0.0088191900631155,0.0129429342155946,0.0080910051252041,0.0,0.0,0.0,0.0,0.0,0.0,0.0,0.0,0.0,0.158231099174564,0.0115038058182911,0.0,0.0,0.0129776819949355,0.0,0.0,0.0,0.363600710239383,0.0,0.005299134318479,0.0039703948959428,0.0,0.0,0.0,0.0,0.0,0.0,0.0,0.0,0.0,0.0,0.0,0.0,0.0,0.0130351273552788,0.0,0.0,0.0,0.0,0.0,0.0,0.0,0.0,0.0,0.0091675167694311,0.0,0.0,0.0,0.0,0.0,0.0,0.0,0.0,0.0,0.0,0.0,0.0,0.0,0.0,0.0,0.0,0.0,0.0,0.0,0.0,0.0,0.0,0.0,0.0,0.0,0.0,0.0033340888422635,0.0,0.0,0.0144604312590587,0.0,0.0,0.0,0.0,0.0038801500221169,0.0,0.0,0.0,0.0,0.0,0.0,0.0,0.0,0.0,0.0,0.0,0.0037494836379676,0.0,0.0,0.0403921237436586,0.0246637939688606,0.0416664895903811,0.0,0.0,0.0104700742990297,0.0,0.0,0.0,0.0,0.0177450832072676,0.0041747107661555,0.0,0.0,0.0,0.0,0.0,0.0,0.0069021670664295,0.0,0.0,0.0,0.0,0.0055986466767387,0.0,0.0,0.0,0.0,0.0,0.0,0.0,0.0,0.0,0.0,0.0,0.0,0.0,0.0,0.0,0.0,0.0,0.0108534558078845,0.0,0.0,0.0046655940175482,0.0,0.0033625499446859,0.0,0.0,0.0055763859964297,0.0,0.0,0.0,0.0,0.0,0.0,0.0,0.0,0.0,0.0164931573251372,0.0,0.0,0.0,0.0,0.0245054264449165,0.0072395729623292,0.0134909017506568,0.0,0.0,0.0,0.0,0.0,0.0,0.0055493936079946,0.0,0.0,0.0,0.0,0.0045267687439828,0.0047406984113205,0.0085429731975698,0.0358751095236742,0.0,0.0,0.0,0.0,0.0,0.0,0.0,0.0,0.0,0.0,0.0,0.0,0.0,0.0,0.0,0.0,0.0,0.0043120063806952,0.0040477030883329,0.0,0.0,0.0,0.0,0.0,0.0,0.0106782902737274,0.0,0.0,0.0,0.0119153109770857,0.0,0.0,0.0,0.0,0.0,0.0,0.0,0.0,0.0,0.0,0.0,0.0,0.011294503136629,0.0174460524068028,0.0,0.0,0.0239670712485731,0.0,0.0,0.0,0.0265150547750589,0.0,0.0,0.0051641406195321,0.0,0.0035673452702925,0.0,0.0,0.0,0.0,0.0,0.0,0.0,0.0,0.0,0.0,0.0,0.0034181085554364
VII,0.0,0.003953359936114,0.0,0.0,0.0,0.0,0.0,0.0,0.0,0.324444168857781,0.0,0.0,0.0,0.0,0.0,0.0050596743374135,0.0,0.0,0.0,0.0,0.0,0.0,0.0,0.0071937743575947,0.0,0.0,0.0,0.0,0.0,0.0,0.0,0.0133623160303398,0.0,0.0,0.0,0.0,0.0047364704941617,0.0,0.0044215707198507,0.0907642437956039,0.0,0.0,0.0058573786905496,0.0,0.0050139221821782,0.0,0.0,0.0,0.0,0.0,0.0,0.0,0.0,0.0,0.0,0.0,0.235982221976948,0.0,0.0034761178646585,0.0040010373816032,0.0,0.003737089695649,0.0,0.0,0.21196890632708,0.0064867706244253,0.0,0.323140387154813,0.0,0.0611850291763703,0.0,0.0,0.0,0.0,0.0042899127541737,0.0,0.0,0.347909897067577,0.0,0.0,0.0,0.0,0.191888811729481,0.0,0.365876283361425,0.231394134610977,0.0,0.0,0.0,0.0,0.0,0.0,0.0,0.0041516349379204,0.0065885267218356,0.0,0.0,0.0,0.0108783255706299,0.0,0.0412659819173202,0.0,0.0,0.134851248950715,0.0,0.0,0.0,0.0058777302704809,0.144575199945394,0.0,0.0,0.0,0.0,0.0,0.0,0.0121158766695169,0.0,0.298188047905731,0.0478755692181776,0.0,0.0,0.0,0.0,0.0,0.0805782860980384,0.281760432793054,0.0,0.0,0.0,0.0,0.0,0.0,0.0,0.0,0.0045960714351231,0.0,0.0,0.0334293614806583,0.0250009217743288,0.0231721980228136,0.172568745043947,0.0,0.0,0.0,0.0,0.0,0.0,0.0,0.0,0.0,0.0,0.017591822263774,0.0070405030378089,0.0,0.0,0.0,0.0,0.0,0.0054252150074493,0.0,0.0,0.0,0.0,0.0,0.0035119532850149,0.0,0.0360934703647005,0.0,0.0,0.0,0.0590145440284844,0.374903391359463,0.225608920840884,0.243117610130638,0.0,0.0,0.0,0.0,0.0,0.0,0.0,0.0073325223814758,0.0,0.0981139325838081,0.0444780668879728,0.0,0.0,0.00542475042848,0.0092619006506082,0.0,0.0,0.135493438999538,0.0,0.187579938100684,0.467664910628048,0.0,0.0,0.0,0.0,0.0,0.0,0.0,0.0,0.0,0.0,0.0,0.0,0.0086576183027673,0.106077613323107,0.0,0.0084442428357192,0.0,0.0,0.0,0.0,0.0063401496581022,0.0033669275824269,0.0035096640702804,0.105575618512529,0.0,0.0,0.0,0.0,0.0,0.0179848798847831,0.0,0.0,0.0,0.0,0.0,0.0,0.0,0.0,0.0,0.0,0.0,0.0,0.0,0.0,0.0,0.0608872342673142,0.0,0.0,0.0,0.0,0.0049876944116428,0.0,0.0124566040369283,0.0345389673314344,0.0,0.0,0.0,0.0,0.019014485048894,0.0,0.0,0.0,0.0,0.0,0.0,0.0035318329465704,0.0,0.0,0.0,0.0,0.084580723628294,0.0074990843440028,0.0,0.0,0.0,0.004821676280586,0.0,0.0,0.0809908018573616,0.0,0.0168550578620431,0.103303590113056,0.0,0.0215465026902941,0.0,0.0,0.0,0.0,0.0,0.0,0.0,0.11090425519395,0.0,0.0,0.0,0.0,0.0793506924693941,0.0,0.0939000859350931,0.0879991996643271,0.0,0.0,0.0,0.0,0.0,0.0,0.0,0.0341962491545742,0.0220920599348646,0.0,0.0,0.0,0.0439409759592831,0.0,0.0322492300135461,0.0,0.0,0.0305604712718823,0.0,0.0058459077246741,0.009308628785094,0.0127415907199495,0.0956579406923612,0.0054943326395491,0.0,0.0,0.0,0.0,0.0,0.0251481985746313,0.0,0.102839307194596,0.012717178056072,0.0,0.0,0.0,0.0,0.0051684458077782,0.0464780110492107,0.0883007765816116,0.0,0.0,0.0,0.0,0.0,0.0,0.0,0.0,0.019422789119329,0.0,0.0,0.0400830946037182,0.0134732062524969,0.0194703259901406,0.0410631220008298,0.0,0.0,0.0,0.0,0.0,0.0,0.0,0.0,0.0,0.0,0.086749867371438,0.045433835874638,0.0,0.0,0.0,0.0,0.0,0.0119345465601883,0.0,0.0,0.0,0.0,0.0,0.0302624624882064,0.0131095604446344,0.0473492153346435,0.0,0.0,0.0,0.0344794348053066,0.0540392771207411,0.0704014033132574,0.0778924832160626,0.0267685094755465,0.0,0.0143243697285963,0.0121476796984655,0.0051390424763593,0.0060617240875226,0.0133242731396486,0.0,0.0,0.0247515943983415,0.0167183002883661,0.0,0.0,0.0116711443632569,0.0,0.0,0.0,0.0325485735376635,0.0,0.0554399080371403,0.0662417394213375,0.003447398307993,0.0,0.0,0.0,0.0,0.0,0.0,0.0,0.0,0.0,0.0,0.0,0.0707833189353297,0.071507769650259
VISC,0.0071571829198286,0.0260469411192628,0.0095642671607761,0.0069996724405469,0.0,0.0,0.483430748175259,1.57871656665978,0.564106373422195,0.0,0.0,0.0051861206718345,0.0,0.0049592734527528,0.0036396986201902,0.0,0.0,0.061238897275099,0.0493846295057041,0.165860479473223,0.0,0.0747889042404134,0.0612677412330588,0.005032819849738,0.0357990745822851,0.0124110127445951,0.0036526795482739,0.0254043532159813,0.0,0.0302984424291989,0.0824407845738518,0.0,0.256416847774855,0.0853266366048405,0.0389348418996538,0.0122287762669466,0.0,0.0,0.0,0.0,0.0040694921501698,0.0,0.0,0.012110835177744,0.0,0.711343082458105,0.22354432938858,0.0895343314062373,0.0838306062196975,0.0728974841239381,0.0,0.0,0.287177291079751,0.0521853374999833,0.0313430040346779,0.0493587810935033,0.0,0.701200414583688,0.0115116950314139,0.0,0.0,0.0,0.0171768450434383,0.156286412771524,0.0,0.0,0.0,0.0,0.0957152886617145,0.0,0.0,0.0064478704048242,0.0756720392569076,0.0087073724586239,0.0083370127209377,0.0352355586460373,0.0,0.0,0.0,0.0,0.0,0.0168743204875863,0.0,0.0337113350919112,0.0,0.0,0.0,0.0879171842160632,0.528769670576136,0.118093869580965,0.0096631143975604,0.0040926805431826,0.0,0.329331016310654,0.176320640841245,0.0,0.0,0.0,0.0,0.0,0.0,0.0,0.0,0.0,0.0927960352044922,0.0,0.0,0.0,0.0,0.141112203528641,0.0335816189709903,0.0717677872736781,0.0166042545549739,0.0519504953187463,0.0934299679428203,0.0,0.0108356091534064,0.0,0.0035493169937885,0.0,0.717292095189261,0.0634033681469612,0.0,0.0,0.0,0.0,0.0034715084547334,0.194286506493162,0.0326602700064529,0.0037055839405158,0.37033109604288,0.111617185019773,0.0089200769930592,0.122756552546284,0.0,0.007343329769573,0.0,0.0,0.0,0.0,0.0,0.0,0.0157308236827788,0.0,0.0092156251183379,0.0038492802717183,0.0,0.0,0.0,0.139559162499703,0.376538142219444,0.0,0.0,0.0037609233499841,0.0,0.0,0.034087001818442,0.0,0.0,0.0,0.0,0.0159141261010577,0.0,0.373238112779597,0.0,0.003457531518758,0.0,0.307207273066415,0.392587874323874,1.3260467846331,0.0,0.0,0.0,0.0,0.20720049185383,0.0367219870207135,0.609572277698168,0.550257410003732,0.0257559002501546,0.189341272281449,0.799802035398715,0.0715827254941218,0.0035505667778196,0.0,0.0,0.408003545037362,0.166699875757087,0.0,0.0,0.0056958173858048,0.0,0.0,0.0263778912275184,0.0,0.0,1.82592735719572,0.0275693882357341,0.0088945239931768,0.0123999427674201,0.0,0.0115144092127597,0.0,0.0701363018196978,0.0,0.180940103973587,0.36172429612375,0.200925078879031,0.0,0.0,0.0,0.0502307606687609,0.0203471951440196,0.0,0.0,0.0,0.135537618520173,0.443643821021475,0.162590461757627,0.0,0.0,0.0,0.0,0.0,0.0,0.0,0.0,0.0,0.0048677307605171,0.0303205980399251,0.0,0.0399895615975881,0.0279772560472791,0.0,0.0067652239457491,0.0,0.0,0.0,0.0,0.0,0.0512511677003882,0.0,0.0554760562386977,0.0,0.0,0.0,0.0,0.0,0.0,0.0,0.0,0.0,0.0,0.0,0.0,0.125700621513971,0.0395263296238924,0.0080012072724335,0.0497277330206585,0.0384727207020111,0.0,0.0,0.0880604154799271,0.0203258736759458,0.0,0.0070710404116091,0.0,0.200311644392134,0.0,0.0,0.0,0.0,0.0121189174279836,0.0667886018056804,0.0,0.0,0.0,0.0,0.0590021668837515,0.0,0.0,0.0,0.0,0.0,0.0,0.0,0.0,0.0,0.0,0.0,0.0,0.0,0.0,0.0076262770823627,0.0,0.0,0.0,0.0,0.0,0.0,0.0,0.0,0.0,0.261667055153584,0.134897850866987,0.0,0.0,0.0,0.0,0.0,0.0,0.0,0.0,0.0,0.0,0.0,0.0,0.0,0.0,0.0266771347431102,0.023285713028709,0.0250434584336248,0.0074677274444297,0.0200717276764446,0.0,0.0,0.0,0.0,0.0,0.0,0.12697732622603,0.0,0.0,0.0,0.0,0.0,0.0,0.0,0.0297148858980637,0.0,0.0,0.0,0.0,0.0,0.0,0.0,0.0,0.0,0.0,0.0,0.0,0.0,0.0043102324524115,0.0,0.0,0.0,0.0,0.0,0.0,0.021409745104911,0.0430662638129263,0.0,0.0,0.0,0.0,0.0,0.0,0.0,0.0,0.0,0.0,0.0,0.0,0.0331130540355889,0.0,0.0,0.0,0.135556056969341,0.11210886145246,0.0,0.0,0.0,0.0,0.0,0.111108318556006,0.0295547463330071,0.438385967578086,0.43182038303646,0.015311225691737,0.153634021805011,0.354705877392231,0.0,0.0,0.0,0.0,0.072051786062809,0.0,0.0,0.0,0.0,0.0,0.0,0.0,0.0,0.0,0.459598056729211,0.0,0.0,0.0034272722949936,0.0,0.0,0.0,0.0,0.0,0.0,0.0,0.034172712860416,0.0,0.0
VISal,0.0,0.103100231917606,0.0508309050552006,0.0,0.007576759311822,0.0,0.0,0.0,0.0,0.0,0.0109622691042211,0.0149252239717843,0.0,0.0,0.0,0.0,0.0,0.707975022257348,0.324503916657209,0.250732856189809,0.0452990645581214,0.0082290316883804,0.0053148345597527,0.0,0.0145991157182349,0.0,0.0,0.0,0.0,0.0258992808209039,0.0036079116049832,0.0,0.0,0.0,0.0,0.0,0.0,0.0,0.0,0.0,0.0,0.0,0.0,0.0,0.0,0.109563813316165,0.0688459832939743,0.0625673413999091,0.0074461503014907,0.0079215887311113,0.0,0.0,0.0041519666501728,0.0,0.0,0.0,0.0,0.0,0.0,0.0,0.0,0.0,0.0298353012859519,0.0,0.0,0.0,0.0,0.0,0.0117257131303649,0.0,0.0263310419912755,1.04821688202986,0.284268981811458,0.0083615305323186,0.0,0.451864547600593,0.0,0.0,0.0,0.0,0.0,0.0,0.0,0.0,0.0,0.0,0.0,0.109558924272791,0.0158773611838819,0.0250108049931621,0.0,0.0,0.0,0.0054427215758422,0.0547360587091892,0.0,0.0,0.0,0.0,0.0,0.0,0.0,0.0,0.0,0.0,0.0,0.0,0.0,0.0,0.0454805236242221,0.0588741104994345,0.115312715051949,0.0,0.0035156518365293,0.0,0.0,0.0091902972843631,0.0,0.0,0.0,0.109201633983492,0.0051122529431786,0.0,0.0,0.0,0.0,0.0,0.0,0.0126829922111263,0.0,0.0359310205855814,0.110460605052683,0.0,0.0055851254758411,0.0,0.0059086134902497,0.0,0.0,0.0,0.0,0.0,0.0061308122108791,0.703075379132621,0.0,0.0,0.0,0.0,0.0,0.0,0.0,0.0,0.0,0.0,0.270309696097552,0.156599570333992,0.100844036800163,0.0177530872549071,0.0,0.0,0.0,0.0,0.0,0.0,0.0,0.0,0.0,0.0,0.0,0.0,0.0,0.0,0.0,0.0,0.0,0.195077257808945,0.0171497770161193,0.0,0.0040613421375581,0.119871755248147,0.0126214006151756,0.0869369152086688,0.0,0.0,0.0,0.0,0.247290602536638,0.0,0.0,0.0,0.0,0.0,0.0,0.0136817594302574,0.0,0.0,0.0041931664331151,2.15725538580852,0.832832641119656,0.921183172236234,0.271185321787485,0.531825147198253,0.546618000919138,0.0,0.0,0.0043611319487187,0.0386184313521105,0.0,0.0,0.0,0.0,0.0049587023227388,0.0,0.0,0.0,0.0,0.0,0.0,0.0,0.0,0.0,0.0,0.0,0.0,0.0,0.0,0.0,0.114939475942518,0.0513520644176388,0.0254772119271939,0.0,0.0,0.0,0.0,0.0,0.0,0.0,0.0,0.0,0.0,0.0,0.0,0.0,0.0,0.0,0.0,0.0,0.0,0.0,0.0,0.0,0.0,0.0,0.0,0.0,0.0076066858695141,0.0153513633088379,0.0042705179196053,0.0,0.0,0.0,0.0,0.0,0.0,0.0,0.0,0.0,0.0,0.0,0.0,0.0,0.0,0.0,0.0,0.0,0.0,0.0,0.0,0.0,0.0,0.0,0.0,0.0,0.0,0.0,0.0,0.0,0.0,0.0,0.0,0.0,0.0,0.0,0.0,0.0,0.0,0.0,0.0,0.0,0.0,0.0,0.0,0.0,0.0,0.0039807651018746,0.0,0.0,0.0,0.0,0.0,0.0,0.0,0.0,0.0,0.0,0.0,0.0,0.0,0.0,0.0,0.0,0.0048461963003069,0.0,0.0,0.0,0.0,0.0,0.0,0.0,0.0,0.0076503934347471,0.0,0.0,0.0,0.0,0.0,0.0,0.0,0.0,0.0,0.0,0.0,0.0,0.0,0.0,0.0,0.0,0.0,0.0,0.0,0.0,0.0,0.0642039289736596,0.0,0.0,0.0,0.0,0.0,0.0,0.0,0.0,0.0,0.0,0.01432351428713,0.0063371965676991,0.0040074903976583,0.0,0.0,0.0,0.0,0.0,0.0,0.0,0.0,0.0,0.0,0.0,0.0,0.0,0.0,0.0,0.0,0.0,0.0,0.0410924997678591,0.0,0.0,0.0,0.0109643068306399,0.0,0.0176538628387968,0.0,0.0,0.0,0.0,0.0234328728932191,0.0,0.0,0.0,0.0,0.0,0.0,0.0,0.0,0.0,0.0,0.236331793931655,0.0723044916251186,0.101875831594854,0.0174816531113271,0.071127440086972,0.0380262869404764,0.0,0.0,0.0,0.0,0.0,0.0,0.0
VISam,0.0,0.433557472974982,0.447833863301108,0.0,0.049698002782724,0.0,0.0,0.0,0.0,0.0,0.0637618697422952,0.0757331768408299,0.0,0.0,0.0,0.0,0.0,0.399901039985125,0.211013060388564,0.114769051596916,0.133022062617977,0.0039332448570424,0.0,0.0,0.0189865543740583,0.0033627385123618,0.0,0.0,0.0,0.112735948858391,0.0,0.0,0.0053174268986782,0.0,0.0,0.0,0.0,0.0,0.0,0.0,0.0085518701120595,0.0,0.0,0.0,0.0,0.0463317763992741,0.0726729540414236,0.0631749579758139,0.0035792491874867,0.0037866808108537,0.0,0.0,0.0129392539049529,0.0,0.0033955624316199,0.0,0.0,0.0,0.0,0.0,0.0,0.0,0.162628604615934,0.0,0.0,0.0,0.0,0.0,0.0055999594500442,0.0,0.205456137692928,0.196473845611729,0.0535611032095686,0.0354918276220993,0.0,0.174211918837465,0.0,0.0,0.0,0.0,0.0,0.0,0.0,0.009274790070399,0.0,0.0,0.0,0.016604185296137,0.0,0.0035121700865393,0.0,0.0,0.0,0.0054904590312143,0.0976194278276691,0.0,0.0,0.0,0.0,0.0,0.0,0.0,0.0,0.0,0.0,0.0,0.0,0.0,0.0,0.114289498339598,0.209563086888281,0.318149781747494,0.0,0.0,0.0,0.0,0.0088409231556745,0.0,0.0,0.0,0.0464955756228418,0.011792443444497,0.0,0.0,0.0,0.0,0.0,0.0,0.0687737183957498,0.0,0.0530347600908042,0.0268219198972437,0.005318400573788,0.0,0.0,0.0054483435371318,0.0,0.0,0.0,0.0,0.0,0.0378464822475492,1.18284310384308,0.0,0.0067379289408812,0.0,0.0,0.0,0.0,0.0167052686257081,0.0073819366860636,0.0,0.0,0.9440444372645,0.627016719581754,0.404471762752537,0.0485112118323328,0.0,0.0,0.0,0.0,0.0,0.0,0.0,0.0,0.0,0.0,0.0,0.0,0.0,0.0,0.0,0.0,0.0,0.0804013865269113,0.0185394329414,0.0,0.0,0.211507834491274,0.0074678143949553,0.0449438042617206,0.0,0.0,0.0,0.0,0.133888009062851,0.0,0.0,0.0,0.0,0.0,0.0,0.0395751009358088,0.0,0.0,0.0,0.955958071976051,2.82981007167423,0.522032554816345,0.173847533635166,0.425301742470984,1.55583725621256,0.0,0.0,0.0328280236361601,0.0110094310248066,0.0,0.0,0.0,0.0,0.0220551668492157,0.0167793880172832,0.0,0.0,0.0,0.0,0.0,0.0,0.0,0.0,0.0,0.0,0.0,0.0,0.0,0.0,0.0930182956548306,0.0474609195957846,0.0151962596483554,0.0,0.0,0.0,0.0,0.0,0.0,0.0,0.0,0.0,0.0,0.0,0.0,0.0,0.0,0.0,0.0,0.0040057994359786,0.0,0.0,0.0,0.0,0.0,0.0,0.0,0.0,0.0,0.015985885798841,0.0081331547198559,0.0,0.0,0.0,0.0,0.0,0.0,0.0,0.0,0.0,0.0,0.0,0.0,0.0,0.0,0.0,0.0,0.0,0.0,0.0,0.0,0.0,0.0,0.0,0.0,0.0,0.0,0.0,0.0,0.0,0.0,0.0,0.0,0.0,0.0,0.0,0.0,0.0,0.0,0.0,0.0,0.0,0.0,0.0,0.0,0.0,0.0,0.0057436147656169,0.0,0.0,0.0,0.0,0.0,0.0,0.0,0.0,0.0,0.0,0.0,0.0,0.0,0.0,0.0037891157404221,0.0049652319052613,0.0099379573685837,0.0,0.0,0.0,0.0,0.0,0.0,0.0,0.0,0.0,0.0,0.0,0.0,0.0,0.0,0.0,0.0,0.0,0.0,0.0,0.0,0.0,0.0,0.0,0.0,0.0,0.0,0.0,0.0,0.0,0.0,0.161113668981902,0.0,0.0,0.0,0.0,0.0,0.0,0.0125314432292167,0.0,0.0,0.0,0.103709197796196,0.0484868771900579,0.0249429522858995,0.0,0.0,0.0,0.0,0.0,0.0,0.0,0.0,0.0,0.0,0.0,0.0,0.0,0.0,0.0,0.0,0.0,0.0,0.0159964248685061,0.0,0.0,0.0,0.0354844835976312,0.0,0.0087750574994621,0.0,0.0,0.0,0.0,0.0162457702257299,0.0,0.0,0.0,0.0,0.0,0.0,0.0,0.0,0.0,0.0,0.186281553443925,0.358372929898499,0.0683246185658532,0.015992436966232,0.073195326762696,0.179592779726603,0.0,0.0,0.0,0.0,0.0,0.0,0.0
VISl,0.0,0.104125781634839,0.0659449748420061,0.0,0.0066813186112647,0.0,0.0,0.0,0.0,0.0,0.0210263254568184,0.0253501726958475,0.0,0.0,0.0,0.0,0.0,0.277733512940867,0.234614827915591,0.222635892503458,0.0244890477856906,0.0092603466032797,0.0060582528356453,0.0,0.0376418062320177,0.0078936306136745,0.0050479213520034,0.0,0.0,0.0141058347702313,0.005395805042129,0.0,0.0,0.0,0.0,0.0,0.0,0.0,0.0,0.0,0.0111916549741212,0.0,0.0,0.0,0.0,0.179611196730626,0.134203664110781,0.132144282365067,0.0089249863233337,0.0089169601669648,0.0,0.0,0.0039268601303188,0.0,0.0,0.0,0.0,0.0,0.0,0.0,0.0,0.0,0.0370239945571504,0.0,0.0,0.0,0.0,0.0,0.0132834540575532,0.0,0.0441685603324578,2.14410906165126,0.581086891796464,0.0042363111616084,0.0,0.872060633713276,0.0,0.0,0.0,0.0,0.0,0.0,0.0,0.0,0.0,0.0,0.0,0.18005161000846,0.0207106236328853,0.0428281646301151,0.0,0.0035776468025816,0.0,0.0033812193476183,0.0416061735359926,0.0,0.0,0.0,0.0,0.0,0.0,0.0,0.0,0.0,0.0,0.0,0.0,0.0,0.0,0.0516339457670201,0.0693535395689949,0.137189280335434,0.0,0.0040539684446336,0.0,0.0,0.0424030252297953,0.0,0.0,0.0,0.181462646701947,0.0,0.0,0.0,0.0,0.0,0.0,0.0,0.0114715194325387,0.0,0.059498812980509,0.169583207272914,0.0198613917176268,0.0038982815347076,0.0,0.0338775702557515,0.0,0.0,0.0,0.0,0.0,0.0137142526387078,0.765341158593868,0.0,0.0,0.0037299430672291,0.0,0.0,0.0,0.005383718154963,0.0,0.0,0.0,0.444977759556466,0.294428984179603,0.156156962191761,0.0253682987416283,0.0,0.0,0.0,0.0,0.0,0.0,0.0,0.0,0.0,0.0,0.0,0.0,0.0,0.0,0.0,0.0,0.0,0.0712555547313951,0.0077822243211833,0.0,0.0,0.0672098585954279,0.0033330095519529,0.0306696733320224,0.0,0.0,0.0,0.0,0.469145247098922,0.0,0.0,0.0,0.0,0.0,0.0,0.006075163560803,0.0,0.0,0.0,2.33238756705179,0.872544084493096,2.53547925447477,0.672980813265924,2.15440620440835,0.830160860137498,0.0,0.0,0.0034471446798856,0.0764300993528068,0.0,0.0,0.0,0.0,0.0,0.0,0.0,0.0,0.0,0.0,0.0,0.0,0.0,0.0,0.0,0.0,0.0,0.0,0.0,0.0,0.043756845086963,0.0376085893686392,0.0239728834081875,0.0,0.0,0.0,0.0,0.004385213119312,0.0,0.0,0.0,0.0,0.0,0.0,0.0,0.0,0.0,0.0,0.0,0.0,0.0,0.0,0.0,0.0,0.0,0.0,0.0,0.0,0.0230914297942849,0.0209447125289216,0.0064656456366194,0.0,0.0,0.0,0.0,0.0,0.0,0.0,0.0,0.0,0.0,0.0,0.0,0.0,0.0,0.0,0.0,0.0,0.0,0.0,0.0,0.0,0.0,0.0,0.0,0.0,0.0,0.0,0.0,0.0,0.0,0.0,0.0,0.0,0.0,0.0,0.0,0.0,0.0,0.0,0.0,0.0,0.0,0.0,0.0,0.0,0.0,0.0,0.0,0.0,0.0,0.0,0.0,0.0,0.0,0.0,0.0,0.0,0.0,0.0,0.0,0.0,0.0,0.0,0.0040817190789578,0.0,0.0,0.0,0.0,0.0,0.0,0.0,0.0,0.023555318251259,0.0,0.0,0.0,0.0,0.0,0.0,0.0,0.0,0.0,0.0,0.0,0.0,0.0,0.0,0.0,0.0,0.0,0.0,0.0,0.0,0.0,0.0974079726943817,0.0,0.0,0.0,0.0,0.0,0.0,0.0,0.0,0.0,0.0,0.0300915353325364,0.019510424251347,0.0097951000804458,0.0,0.0,0.0,0.0,0.0,0.0,0.0,0.0,0.0,0.0,0.0,0.0,0.0,0.0,0.0,0.0,0.0,0.0,0.0139891319844825,0.0,0.0,0.0,0.0073101650278518,0.0,0.0058348879495578,0.0,0.0,0.0,0.0,0.0754466740987792,0.0,0.0,0.0,0.0,0.0,0.0,0.0,0.0,0.0,0.0,0.335722654654876,0.0791452928888344,0.559863677349416,0.0945368675533416,0.686428502461064,0.0591739567159219,0.0,0.0,0.0,0.0,0.0,0.0,0.0
VISp,0.0,0.496136950484988,0.280601538525675,0.0,0.0748898899889621,0.0,0.0,0.0064193506025299,0.0,0.0,0.0785581364038893,0.0936736428277793,0.0,0.0099700915177748,0.0,0.0,0.0,0.646335853749055,0.725664146932185,0.738636997592154,0.183367738375886,0.0161124023873697,0.0104068841636874,0.0,0.109926707107573,0.0172899403912111,0.0160975316961064,0.0,0.0,0.0942421087493466,0.0158751269978567,0.0,0.0081245650218457,0.0,0.0,0.0,0.0035001800754234,0.0,0.0091951014812,0.0,0.0482920032180622,0.0044318764335667,0.0,0.0,0.0,0.621734652983038,0.401704446851611,0.435271362415614,0.0186534522867088,0.0156448742281308,0.0,0.0,0.0210144301326863,0.0,0.0,0.0,0.0,0.0,0.0,0.0,0.0,0.0047087827156536,0.184489181880285,0.0,0.0,0.0,0.0,0.0,0.0242236806714904,0.0,0.755510051514793,12.4107049721752,3.37395843647738,0.0255622501743528,0.0057460313824162,5.03192256261317,0.0052065142295752,0.0,0.0,0.0,0.0,0.0,0.0,0.0131808875564528,0.0,0.0,0.0,1.02408689373125,0.11502941564753,0.25585573692889,0.0,0.0150255694160828,0.0050850127626378,0.0128153379939273,0.168613472615914,0.0,0.0037898243383705,0.0,0.0047496804546506,0.0045570526906229,0.0,0.0,0.0,0.0,0.0,0.0,0.0,0.0,0.0,0.255420985942303,0.343143291771802,0.675889199536558,0.0,0.0068886254670811,0.0,0.0,0.240133679732185,0.0,0.0,0.0,0.629538821990851,0.0099374330149848,0.0,0.0,0.0,0.0,0.0043689931920548,0.0,0.0614171813573403,0.0120658891128199,0.358909940243948,0.948100523226558,0.207832728301077,0.0287724617036216,0.0096931095577977,0.179554697722075,0.0,0.0,0.0,0.0,0.0,0.0490947869623019,3.08424600091476,0.0,0.0102839484915631,0.0161626430918178,0.0,0.0,0.0,0.0356178731269937,0.0113189892346053,0.0,0.0038546401653076,2.6336872368454,2.15307587367226,1.3796400434428,0.247406357913735,0.0,0.0066804315684135,0.0130176663517649,0.0,0.0,0.0,0.0056552194793374,0.0058596010520316,0.0065348634985319,0.0,0.0,0.0,0.0,0.0,0.0,0.0,0.0,0.18289860730572,0.0361406978058762,0.0,0.0053625572205321,0.290563466757546,0.0213221325438615,0.0641020532788917,0.026930042722583,0.0085959849719453,0.0,0.0,1.59331720988888,0.0,0.0,0.0,0.0,0.0,0.0,0.0464461844056809,0.0,0.0,0.0124126502710996,5.18839764047168,4.16050888811238,6.55476178531657,4.25953724663956,5.59938428616909,5.34724406056628,0.0061371264016227,0.0,0.110260629954099,0.444713650660088,0.0,0.0,0.0,0.0,0.018048838467445,0.007689309003281,0.0,0.0,0.0,0.0,0.0036166109279519,0.0,0.0,0.0,0.0,0.0,0.0040129671653134,0.0,0.0,0.0,0.110645185944334,0.103091511111472,0.0653593327020954,0.0,0.0,0.0,0.0,0.0111005911799557,0.0038968225182401,0.0,0.0,0.0,0.0,0.0106984571431208,0.0,0.0,0.0,0.0,0.0,0.0058474807769166,0.0,0.0,0.0,0.0,0.0,0.0,0.0,0.0,0.0645634643605943,0.0468833987942963,0.0225336709653531,0.0069674311994256,0.0,0.0,0.0,0.0,0.0,0.0,0.0,0.0,0.0,0.0,0.0,0.0,0.0,0.0047035409175587,0.0,0.0,0.0,0.0,0.0,0.0056269747767905,0.0,0.0,0.0,0.0,0.0,0.0034101266741564,0.0,0.0,0.0,0.0,0.0,0.0,0.0,0.0,0.0,0.0,0.0,0.0,0.0,0.0,0.0,0.0,0.0089576197644935,0.0,0.0,0.0086119750433673,0.0,0.0,0.0,0.0,0.0132299251480814,0.0,0.0,0.0,0.0,0.0,0.0,0.0,0.0,0.0,0.0068528717534251,0.007988791534921,0.0160281993867105,0.0,0.0,0.0,0.0,0.0,0.0,0.0,0.0,0.0658229162125402,0.0,0.0,0.0,0.0,0.0,0.0033883149077424,0.0,0.0,0.0071446184633177,0.0,0.0,0.0,0.0,0.0,0.0,0.0,0.0,0.0,0.0,0.0,0.0,0.275603296632671,0.0,0.0,0.0084006087474104,0.0,0.0,0.0,0.0202208973861404,0.0,0.0,0.0,0.207246730015876,0.118893517338348,0.0604020680843018,0.0,0.0,0.0,0.0,0.0,0.0,0.0,0.0,0.0,0.0,0.0,0.0,0.0,0.0,0.0,0.0,0.0,0.0,0.0465265253493736,0.0057512756389556,0.0,0.0,0.0452388581683347,0.0061125929524468,0.0131496440726831,0.0190392728717975,0.0060142014610921,0.0,0.0,0.200798514242438,0.0,0.0,0.0069735491269545,0.0,0.0,0.0,0.0,0.0,0.0,0.0045171878300343,0.571938768562057,0.578416094921251,1.09572328320725,0.321829349744445,1.21146327946376,0.524923535801444,0.0,0.0,0.0,0.0,0.0,0.0,0.0
VISpl,0.0,0.0461342910148006,0.0262220677812354,0.0,0.0149194250154091,0.0,0.0,0.0,0.0,0.0,0.0516685752683052,0.0587037816424761,0.0,0.0,0.0,0.0,0.0,0.0551693582504261,0.0791295447058626,0.0554558034459512,0.01608200243056,0.0094041534125693,0.0065114128263326,0.0,0.0299777680413932,0.006763669874999,0.0055143817432067,0.0,0.0,0.0141086802287765,0.0,0.0,0.0046297338063525,0.0,0.0,0.0,0.0,0.0,0.0,0.0,0.0131185997709197,0.0,0.0,0.0,0.0,0.0671333943207453,0.122223767609179,0.147508153859109,0.0072867124609335,0.0089710290745902,0.0,0.0,0.0,0.0,0.0,0.0,0.0,0.0,0.0,0.0,0.0,0.0,0.0166570247130314,0.0,0.0,0.0,0.0,0.0,0.0124724003568331,0.0,0.0541949785087167,0.0521579185159736,0.0147952820657817,0.0033473424838291,0.0,0.0292430941517945,0.0,0.0,0.0,0.0,0.0,0.0,0.0,0.0035761713881438,0.0,0.0,0.0,0.0063688569132254,0.0,0.0,0.0,0.0,0.0,0.0,0.0149746656843784,0.0,0.0,0.0,0.0,0.0092729556282066,0.0,0.0,0.0,0.0,0.0,0.0,0.0,0.0,0.0,0.0209503243567189,0.0311772646563992,0.0574654099019012,0.0,0.0048003162935413,0.0,0.0,0.0825443763885404,0.0,0.0,0.0,0.0684357522281892,0.0,0.0,0.0,0.0,0.0,0.0,0.0,0.005726733256541,0.0,0.0057947465706696,0.0068319832639152,0.0352674463047766,0.0,0.0,0.0585465814409254,0.0,0.0,0.0,0.0,0.0,0.0348596196475654,0.143866941595863,0.0,0.0066132095027688,0.0,0.0,0.0,0.0,0.0360111525657278,0.0085946849359542,0.0,0.0,0.216636736334915,0.176069243366471,0.253488546013337,0.012776832116267,0.0,0.0,0.0,0.0,0.0,0.0,0.003763692046631,0.0,0.0,0.0,0.0,0.0,0.0,0.0,0.0,0.0,0.0,0.0063769035960044,0.0,0.0,0.0,0.0097506107290344,0.0,0.0048507070168953,0.0,0.0,0.0,0.0,0.195664422600432,0.0,0.0,0.00505565691864,0.0,0.0,0.0,0.0044848667129182,0.0,0.0,0.0,0.357490568829058,0.246410855731127,0.708856505261719,0.261656120259273,0.988111373173926,0.352592963162369,0.0,0.0,0.0096952928008331,0.0,0.0,0.0,0.0,0.0,0.0,0.0,0.0,0.0,0.0,0.0,0.0,0.0,0.0,0.0,0.0,0.0,0.0,0.0,0.0,0.0,0.0042853296493376,0.0065537834417184,0.0044663926321052,0.0,0.0,0.0,0.0,0.0,0.0,0.0,0.0,0.0,0.0,0.0,0.0,0.0,0.0,0.0,0.0,0.0,0.0,0.0,0.0,0.0,0.0,0.0,0.0,0.0,0.0078113337744464,0.006580361910544,0.0,0.0,0.0,0.0,0.0,0.0,0.0,0.0,0.0,0.0,0.0,0.0,0.0,0.0,0.0,0.0,0.0,0.0,0.0,0.0,0.0,0.0,0.0,0.0,0.0,0.0,0.0,0.0,0.0,0.0,0.0,0.0,0.0,0.0,0.0,0.0,0.0,0.0,0.0,0.0,0.0,0.0,0.0,0.0,0.0,0.0,0.0,0.0,0.0,0.0,0.0,0.0,0.0194739272053282,0.0,0.0,0.0,0.0,0.0,0.0,0.0,0.0,0.0,0.0,0.0,0.0,0.0,0.0,0.0,0.0,0.0,0.0,0.0,0.0,0.0080127268939947,0.0,0.0,0.0,0.0,0.0,0.0,0.0,0.0,0.0,0.0,0.0,0.0,0.0,0.0,0.0,0.0,0.0,0.0,0.0,0.0,0.0,0.0172764855355924,0.0,0.0,0.0,0.0,0.0,0.0,0.0317288064640651,0.0,0.0,0.0,0.0332703388142678,0.0345975420713548,0.0303825257403436,0.0,0.0,0.0,0.0,0.0,0.0,0.0,0.0,0.0,0.0,0.0,0.0,0.0,0.0,0.0,0.0,0.0,0.0,0.0,0.0,0.0,0.0,0.0,0.0,0.0,0.0,0.0,0.0,0.0,0.0262751772912139,0.0,0.0,0.0098823765832335,0.0,0.0,0.0,0.0,0.0,0.0,0.0,0.0356773598352195,0.0305805668493396,0.150906516428206,0.0378631056388126,0.28513277372948,0.0418197274072553,0.0,0.0,0.0,0.0,0.0,0.0,0.0
VISpm,0.0,0.197666519268733,0.221675320845148,0.0,0.0304837829331837,0.0,0.0,0.0,0.0,0.0,0.0562688687195798,0.0671160462846389,0.0,0.0,0.0,0.0,0.0,0.295890030845462,0.218271476312878,0.151627392990523,0.0677251122637314,0.0,0.0,0.0,0.0185024809143913,0.0,0.0,0.0,0.0,0.0595427793626967,0.0,0.0,0.0044057670602945,0.0,0.0,0.0,0.0,0.0,0.0,0.0,0.0090117177952645,0.0,0.0,0.0,0.0,0.0886502849169103,0.0810142962130411,0.0853721597252261,0.0,0.0,0.0,0.0,0.0103114844905118,0.0,0.0,0.0,0.0,0.0,0.0,0.0,0.0,0.0,0.102803565043269,0.0,0.0,0.0,0.0,0.0,0.0040248650378934,0.0,0.163092195257597,0.286537106280908,0.0885694543388799,0.0190402749916052,0.0,0.171909192734925,0.0,0.0,0.0,0.0,0.0,0.0,0.0,0.0051346128689463,0.0,0.0,0.0,0.0684817998971754,0.0126810991415995,0.0287666323341941,0.0,0.0,0.0,0.0,0.0402828757314341,0.0,0.0,0.0,0.0,0.0,0.0,0.0,0.0,0.0,0.0,0.0,0.0,0.0,0.0,0.123679577602497,0.205250319290873,0.347420224794405,0.0,0.0,0.0,0.0,0.0230937533294012,0.0,0.0,0.0,0.0891499484913099,0.0055153198094646,0.0,0.0,0.0,0.0,0.0,0.0,0.0405756686505838,0.0,0.0318557824375194,0.0533475118326319,0.0179766441610341,0.0189305103296997,0.0,0.0153312647005644,0.0,0.0,0.0,0.0,0.0,0.0362147936081341,0.719996249692051,0.0,0.0063801131016827,0.0,0.0,0.0,0.0,0.0154271847474452,0.0071469317416048,0.0,0.0052362902568426,1.16841896339838,0.746177940870456,0.452998854011364,0.0376230277713208,0.0,0.0,0.0,0.0,0.0,0.0,0.0,0.0103582059596676,0.0120779814553841,0.0,0.0,0.0,0.0,0.0,0.0,0.0,0.0,0.0448172180295267,0.0082331236267416,0.0,0.0,0.114017057920301,0.0051096234131422,0.0293916079345227,0.0,0.0,0.0,0.0,0.226100999276686,0.0,0.0,0.0,0.0,0.0,0.0,0.0172101342062956,0.0,0.0,0.0,0.863928790351867,2.42432890539605,0.720688045686668,0.327756338741338,0.61497085117476,2.74497404185731,0.0,0.0,0.0262578114087779,0.0118178259614522,0.0,0.0,0.0,0.0,0.0073447393950054,0.0057814232339687,0.0,0.0,0.0,0.0,0.0,0.0,0.0,0.0,0.0,0.0,0.0,0.0,0.0,0.0,0.0510538807006048,0.0378133523189861,0.0103859662077047,0.0,0.0,0.0,0.0,0.0,0.0,0.0,0.0,0.0,0.0,0.0,0.0,0.0,0.0,0.0,0.0,0.0,0.0,0.0,0.0,0.0,0.0,0.0,0.0,0.0,0.0049985146892898,0.0123812647637137,0.0067337766987379,0.0,0.0,0.0,0.0,0.0,0.0,0.0,0.0,0.0,0.0,0.0,0.0,0.0,0.0,0.0,0.0,0.0,0.0,0.0,0.0,0.0,0.0,0.0,0.0,0.0,0.0,0.0,0.0,0.0,0.0,0.0,0.0,0.0,0.0,0.0,0.0,0.0,0.0,0.0,0.0,0.0,0.0,0.0,0.0,0.0,0.0,0.0,0.0,0.0,0.0,0.0,0.0,0.0,0.0,0.0,0.0,0.0,0.0,0.0,0.0,0.0,0.0,0.0,0.0067227631023276,0.0,0.0,0.0,0.0,0.0,0.0,0.0,0.0,0.0050835229306138,0.0,0.0,0.0,0.0,0.0,0.0,0.0,0.0,0.0,0.0,0.0,0.0,0.0,0.0,0.0,0.0,0.0,0.0,0.0,0.0,0.0,0.0902638578763645,0.0,0.0,0.0,0.0,0.0,0.0,0.0098243667436421,0.0,0.0,0.0,0.102457907911162,0.0536817584891572,0.0342242028941401,0.0,0.0,0.0,0.0,0.0,0.0,0.0,0.0,0.0,0.0,0.0,0.0,0.0,0.0,0.0,0.0,0.0,0.0,0.0062605377162566,0.0,0.0,0.0,0.0155641712849721,0.0,0.0043438268987102,0.0,0.0,0.0,0.0,0.0220756135240648,0.0,0.0,0.0,0.0,0.0,0.0,0.0,0.0,0.0,0.0,0.13794245113909,0.243776459190445,0.107501700525293,0.0315888667945915,0.105085453405705,0.278913418476396,0.0,0.0,0.0,0.0,0.0,0.0,0.0
VM,0.0037830457331046,0.467134026223748,0.380182249025824,0.0,0.0072293539818481,0.0177430829223816,0.142835725281803,0.0429096369281078,0.128111120765141,0.0050510452339832,0.0150643604055168,0.0863542504859509,0.0,0.0,0.0114844285393927,0.0665698806745481,0.022453995452653,0.01377485531156,0.0,0.0,0.0336076610020391,0.0,0.0,0.0211179760832997,0.0046313371298751,0.0,0.0,0.0113347784467746,0.0,0.0354457520106384,0.0,0.0565327606234769,0.203515668120552,0.0,0.0,0.0037122006977456,0.0471664712303642,0.0,0.0259889743326768,0.0109652149718151,0.0,0.0394702323184023,0.0041110599597744,0.076980333774411,0.0484378592376385,0.0057691902902715,0.0,0.0,0.0,0.0,0.0,0.014169048807402,0.227312663833743,0.010742668723107,0.206650196053822,0.103510683943751,0.0041947917341212,0.070896810291651,0.0066264154327895,0.0143794940005459,0.0141222291535914,0.0160747318552435,0.330659962915319,0.244768910483842,0.0071712044723678,0.0036876191047222,0.0177339021716096,0.0,0.0,0.0132534613718881,0.0,0.0,0.0,0.0800642382264352,0.0701927248645504,0.0034268782379125,0.0169402929343843,0.00434988021272,0.0036845787186783,0.0,0.0,0.0207188352901217,0.0056493366685602,0.190128121235011,0.0,0.0,0.0060132747707613,0.0,0.0102107020022681,0.0059708658366672,0.0834072957685824,0.0257169681221046,0.0,0.150532398595312,0.315997775764026,0.0106165318618832,0.0112918715076202,0.0327960128741117,0.0895345505630815,0.004462053408028,0.011333710546545,0.0107412328257117,0.0841337286685464,0.010888786190328,0.0,0.0059484854052786,0.0466933622572097,0.049660624088958,0.0059709451166127,0.352590253429351,0.191788263302299,0.319671024526807,0.0,0.0,0.0,0.0570577034281235,0.0,0.003819964976508,0.0309198207735848,0.0618733288183436,0.0060301512286277,0.137393013547897,0.0,0.0077987933756428,0.0,0.00735073515398,0.097444064682748,0.0,0.304976015462544,0.0321986807660643,0.0367997333041083,0.0128141598225843,0.0247192673410472,0.0083627908708671,0.087542427043912,0.0,0.0,0.0269359731980233,0.0280963823563871,0.0,0.0169578376969577,0.0086357216502165,0.0801811624126503,0.0233182764498227,0.0568727923283939,0.0245155878095728,0.0082151570974926,0.0,0.012976051723922,0.168515844492636,0.24804347758709,0.104153867671873,0.208481995595949,0.0764352723034317,0.0819072342538336,0.123864689215627,0.283501043861678,0.0120988597646333,0.0489297677052709,0.0233906436575186,0.0,0.0183071310924232,0.0,0.840500687807547,0.384416362804455,0.4377240985621,0.0147560312935308,0.208236136285702,0.391177881817474,0.0454801929704234,0.0052527477660968,0.0,0.0,0.004274003593745,0.0865588846710284,0.10905057014375,0.0581475485860389,0.0322235460240161,0.154421290794793,0.079885130246321,0.0547176450687002,0.214546323119343,0.0420483008613064,0.0165232034711305,0.0162137237932472,0.0048066706937194,0.0,0.0112329935075411,0.0055981608381138,0.0295634672575279,0.0266400530777725,0.0169493692540737,0.458143982399271,0.0081634608414616,0.0,0.0584420705842873,0.03018907892849,0.139263987092192,0.0036005109888467,0.0,0.0,0.0591864093236976,1.50853516525995,0.0211130452903267,0.114228574722105,0.050367516992254,0.606337933016577,0.131615431413714,0.0049276896474525,0.0,0.0405415289410124,0.0428300465459262,0.0,0.0,0.0,0.0324192106454469,0.0152082024394616,0.030402180708799,0.009340925080249,0.0,0.0,0.0062293541081819,0.0,0.0,0.0095773820685624,0.0,0.0,0.0,0.0,0.0,0.0,0.0,0.0,0.0,0.0,0.0,0.0,0.04490958856593,0.0032974873496485,0.0,0.0103404179967148,0.0380692617636943,0.0,0.0,0.0,0.0205457973968658,0.0413547016397392,0.004378134817049,0.0331519814779759,0.0,0.0,0.396237834177281,0.0090890817393828,0.0037325816027331,0.0,0.0,0.0,0.0,0.0,0.0,0.0996295824770365,0.0389255153565627,0.0,0.0034814023596559,0.0,0.003915812898548,0.0124491793698293,0.0,0.0,0.0,0.0,0.0943663286616182,0.0371602302401721,0.0073454944943444,0.468407855451343,0.0077767100698426,0.0060961263567914,0.0,0.0363128004271265,0.0,0.0,0.0,0.0318031401053105,0.0049130738722996,0.0,0.0,0.0098591290785287,0.0,0.0,0.0,0.0,0.0040146937031687,0.0114573421140523,0.0098399536428988,0.0073847660609952,0.0,0.0,0.0043241931907043,0.0,0.0334149972381091,0.0,0.0,0.0153628362055446,0.0341521067463701,0.0,0.0,0.0110175138953662,0.0137937052627451,0.0,0.0248953466080439,0.0,0.0113777913757689,0.0255100857740503,0.0,0.094220521635238,0.0147145427233947,0.0182076883090149,0.0259858335995111,0.0874196627268842,0.027107935237352,0.0639095220937536,0.0,0.0,0.0,0.009661681858116,0.0,0.0089344610065794,0.0164035137263896,0.009714712122778,0.0,0.0,0.0056391210425714,0.0054580428616573,0.0141961763741478,0.0092877081067697,0.0044547926523821,0.0,0.0330736510138706,0.0,0.0,0.0,0.0141390925418244,0.0,0.0078263355864449,0.0,0.0468389595175989,0.0125762435279791,0.0081101264169971,0.0144818792324235,0.0388210556139015,0.0,0.0,0.0,0.011404181312256,0.0,0.0,0.0,0.0,0.0825584679571641,0.0368134710148351,0.0211913165850848,0.0186000001035388,0.0,0.0,0.0,0.0035049100408154,0.0,0.0108629916447065,0.0034977867684204,0.0,0.0,0.0148002484733891,0.0231872459684254,0.0248875869681193,0.0249068665858913,0.011894226300031,0.0636332102439043,0.0510536667517213,0.0,0.0208246840698961,0.0070516334159915,0.0108116220494404,0.0110454161032839,0.0,0.0,0.0,0.0,0.0,0.0,0.0053629086899085,0.013440046219008,0.0036781031716359,0.0235415093575474,0.0333616484511647,0.0,0.0,0.0080819626959222,0.0,0.0043723577551187,0.0,0.0328271484235065,0.0035357071459701,0.0130697651429518,0.0,0.0227060746856226,0.0,0.0034437657085487,0.0,0.0,0.0,0.0033159774906113,0.0056874988792931,0.0,0.0,0.0,0.0160992067001155,0.0179171084652807,0.0202567001890185
VMH,0.674700035855608,0.0,0.0141790086700564,0.0,0.0,0.314539951318681,0.0,0.0,0.0,0.0,0.0137775572944332,0.0123305392006546,0.0,0.0,0.0,0.0,0.607208949344773,0.0,0.0,0.0,0.0,0.218716271842593,0.206410348246957,0.0716778658421158,0.0130034361006701,0.0060741028942316,0.0071069681704205,0.0724134237118343,0.0,0.0,0.0,0.0,0.0102909402438559,0.0496024478319505,0.168576381511936,0.0,0.0,0.0,0.0057197240826674,0.0,0.0072575752522746,0.302516881868817,0.0,0.0,0.0,0.0,0.004150791988338,0.006559160052272,0.0667519727713429,0.186389985687555,0.0,0.0,0.0,0.0123593767332188,0.0,0.0,0.0,0.0,0.156284838602174,0.0,0.0,0.0,0.0823514323209305,0.0,0.0,0.0,0.0,0.0,0.152623205190736,0.0,0.0,0.0,0.0262303021700854,0.0099761010887091,0.157238262136307,0.0,0.10800220579831,0.0,0.0037888452029227,0.0150473593562495,0.0130383679269692,0.0,0.0,0.0084491939854645,0.0,0.0,0.332861112201908,0.0323757020680432,0.161548271148566,0.104078770479267,0.0116614824642825,0.0412929016848082,0.0,0.0,0.0,0.13457524278815,0.10750541861096,0.0048857709677962,0.0,0.0347828036324654,0.0,0.0036451239424755,0.0178099156636225,0.007660359250616,0.0323223167040515,0.0,0.0,0.008913769329906,0.0,0.0,0.0072704821976588,0.0,0.140773353045233,0.359035332870248,0.0718188124662922,0.0034668462001966,0.0046247501845355,0.0,0.0231063015148775,0.0162497774130409,0.0,0.0,0.0,0.0,0.0,0.0,0.0631493073401264,0.0144283095380372,0.0134922528983256,0.0858758286443917,0.0,0.109574093718736,0.0297105506854855,0.139350181753212,0.0,0.0077786562317135,0.0,0.0,0.0,0.0,0.0,0.123945514289161,0.0,0.25786539800484,0.103615606520848,0.208990366360417,0.1328016531304,0.0,0.520345162215815,0.0239638521558121,0.0,0.0,0.0,0.0,0.0,0.0,0.0,0.355275144025789,0.0,0.0,0.0104904939022443,0.0,0.0,0.0,0.0,0.0,0.0,0.0,0.0,0.0587019822050979,0.0,0.0,0.0,0.0,0.0,0.0,0.0,0.0,0.0,0.0,0.0,0.0093317336148242,0.0310965929209418,0.0055425827893017,0.0,0.0,0.0909218265934293,0.0,0.100742302234318,0.0,0.490803291544598,0.0,0.0,0.0,0.0,0.0,0.0,0.0,0.0,0.0,0.0,0.0,0.0,0.579316145172416,0.0,0.0,0.0,0.0,0.0,0.0901330103960798,0.0,0.0,0.0,0.0,0.009911000232863,0.0,0.0,0.0,0.0,0.004507927822023,0.0041267188722749,0.0,0.0,0.0,0.0,0.03331590466908,0.0,0.0,0.0,0.0,0.0106712388344728,0.0100611277830804,0.006069656330758,0.0,0.0,0.0,0.0092016046038151,0.0,0.0,0.0,0.0,0.0,0.0,0.0058918864521957,0.0,0.0,0.0,0.0,0.0,0.0,0.0172342807416903,0.0,0.0,0.0,0.0,0.0,0.0,0.0,0.0090724103366109,0.0,0.0,0.0,0.0,0.0,0.0,0.0,0.0,0.0167088123378411,0.0,0.0,0.0,0.0108327036154846,0.0,0.0,0.0,0.0,0.0,0.0074625477218916,0.0,0.0,0.0,0.0276512780202735,0.0,0.007284094228017,0.0,0.0052898082619024,0.0,0.0,0.0,0.0,0.0,0.0,0.0,0.0,0.0,0.0346642715290569,0.0396377992547554,0.0866896595886076,0.0786511045250222,0.0035683743331334,0.0071797827870929,0.0,0.0,0.0,0.0094977720106027,0.0073687387645424,0.0,0.0,0.0048784988902805,0.0,0.0,0.0,0.0,0.0,0.0,0.0,0.0048306790008116,0.0,0.0,0.0,0.0,0.018697654422209,0.0175568335934953,0.0,0.0,0.0,0.0,0.0047209183949313,0.0,0.0,0.0,0.0,0.0,0.0,0.0,0.0069197957197839,0.0,0.0,0.0130918281557208,0.0,0.0560680638098892,0.0,0.0909904718702776,0.0,0.0,0.0,0.0,0.0,0.0,0.0,0.0411412817307096,0.0,0.0119129531681503,0.0295098631577641,0.0252836994439096,0.0104384694767625,0.0,0.0130411427424851,0.0116010522101768,0.0,0.0,0.0,0.0,0.0,0.0,0.0,0.0120982115943649,0.0,0.0,0.0,0.0,0.0,0.0,0.0,0.0,0.0,0.0,0.0,0.0279609481617388,0.0,0.0,0.0,0.0,0.0,0.0,0.0,0.0,0.0,0.0,0.0,0.0,0.0056235873980206,0.0,0.0,0.0,0.0,0.0,0.0114768149952858,0.0,0.03062670543995,0.0,0.0,0.0,0.0,0.0,0.0,0.0,0.0,0.0,0.0,0.0,0.0,0.0256089523994778,0.0,0.0,0.0,0.0,0.0
VPL,0.0,0.113575337054553,0.10048032636538,0.0,0.0087330689293994,0.0039679514069125,0.0107975547453224,0.0480223695518694,0.0097766545887351,0.0,0.0,0.0234745546846744,0.0,0.0,0.0,0.0858411917209331,0.003673739043145,0.093463630062405,0.0921729199426278,0.102439244410739,0.0464035476976377,0.0,0.0,0.0048840911356541,0.0,0.0,0.0,0.0038729392998829,0.0,0.104495818403298,0.0,0.0065767121342489,0.0,0.0,0.0,0.0,0.0,0.0,0.0109604389885058,0.0521295425402001,0.0,0.0055593340254085,0.0,0.0,0.0,0.0366998557690972,0.0,0.0,0.0,0.0,0.0,0.0,0.0049958249257663,0.0,0.0597769510209215,0.0279959299797701,0.0,0.06119351784046,0.0,0.0125233583566702,0.0100086911208895,0.0202253499538404,0.0445682144815076,0.004132630629848,0.0,0.0,0.0,0.0,0.0,0.0580689755115868,0.0530223802197466,0.0247799419192435,0.314921261842036,0.0196783063992401,0.0242169042981003,0.0953968900525875,0.0,0.0,0.0,0.0,0.0,0.0,0.0,0.0122764164540794,0.0,0.0,0.0,0.305350870192883,0.320839057168277,0.347621920301227,0.0,0.0,0.0,0.181071001223055,0.0848166185764477,0.0,0.0,0.0348207546222104,0.0230476462794371,0.0,0.0134642700300643,0.0,0.0,0.0,0.0,0.0,0.0427713921464757,0.0420835583553396,0.0117058454654209,0.0079708839270701,0.008979262435649,0.0098193570527875,0.0,0.0,0.0,0.0158535568926738,0.0,0.0,0.0059701770645471,0.0,0.0364458492905511,0.0788775224416951,0.0,0.0,0.0,0.0,0.0097814283183707,0.0,0.0277063613060318,0.0,0.291709537382024,0.163080232007693,0.0,0.314701956266886,0.0077899507208428,0.0,0.0,0.0035630186477905,0.0039124831899095,0.0,0.0036586360840665,0.0,0.260798638397616,0.0041392587776046,0.0,0.0,0.0,0.0,0.003940933440049,0.006705097119968,0.0,0.0246345752433704,0.0202544490927718,0.23968105988866,0.17457938919799,0.183742695889182,0.303783276902395,0.0,0.0204486214081934,0.0102549768694344,0.0,0.0,0.0,0.0189355635370359,0.0251300686034106,0.0226014066409798,0.0,0.0146594303728824,0.0078857624404915,0.474754002326046,0.0243396810638873,0.0,0.0,0.0049038312597675,0.285805370925644,0.429521819677638,0.194887828757636,0.26956763139714,0.549475907114009,0.394658207169302,0.202618137451175,0.0775029268022421,0.0035175990775664,0.0036197761598368,0.0520339810981558,0.0536956328671828,0.0,0.0,0.0,0.0,0.0039587475722423,0.0036382168597214,0.237120286303855,0.0113464389810359,0.0,0.0645603346978677,0.151635043475136,0.400556421870798,0.0496062430952109,0.0226361031916372,0.0187200730585237,0.210398658421221,0.0682794733530092,0.0044862635683688,0.415070248861797,0.422419547586855,0.0764551804530537,0.0213686539674322,0.008945676071391,0.0,0.0,0.0,0.0,0.0,0.0,0.0,0.0,0.0,0.0040817130355784,0.0,0.0,0.0044327238706037,0.0,0.0,0.0,0.0,0.0,0.0,0.0,0.0,0.0,0.0,0.0,0.0,0.0,0.0,0.0,0.0331647398006821,0.0,0.0,0.0,0.0,0.0,0.0,0.0,0.0,0.028732994108262,0.0,0.0337550307042858,0.0,0.0,0.0825993916826852,0.0,0.0,0.0,0.0,0.0,0.0,0.0,0.0,0.0270070743251233,0.0,0.0,0.0,0.0,0.0,0.0,0.0,0.0,0.0,0.0,0.0,0.0,0.0064193962340857,0.225148885946658,0.0,0.0052796703700452,0.0,0.0195606783434942,0.0,0.0,0.0,0.0,0.0,0.0,0.0,0.0036026740960196,0.0,0.0,0.0,0.0,0.0,0.0,0.0158783134167338,0.0101154663516278,0.0,0.0,0.0,0.0,0.0,0.0,0.0,0.0,0.0,0.0,0.0,0.0089755954837883,0.0,0.0,0.0145560168324121,0.0,0.0,0.0497200770640861,0.0,0.0376891421481435,0.0053662534412217,0.0091347006986953,0.0950593248927182,0.0,0.0,0.0,0.0,0.0,0.0,0.0,0.0,0.0063845956171677,0.0137398479923411,0.0,0.0,0.0,0.0,0.0,0.0090780036303949,0.0051173353690899,0.0,0.0,0.0,0.0,0.0,0.0,0.0,0.0,0.0,0.0,0.0208706828917125,0.0,0.0053365192059989,0.0108864178897442,0.0746052650643295,0.0,0.0,0.0,0.0,0.0,0.0,0.0,0.0,0.0037120488630359,0.0,0.0,0.0,0.0,0.0,0.0,0.0,0.0,0.0,0.0,0.0,0.0,0.0114693971217513,0.0,0.0,0.0,0.0043833688527729,0.0,0.0,0.0,0.0182323337503125,0.0168963066217443,0.0454373308148685,0.0096572867510564,0.0,0.0,0.0,0.0,0.0,0.0,0.0,0.0,0.0,0.031886966851611,0.0180789149617775,0.0,0.0,0.0,0.0,0.0,0.0,0.0550348577711939,0.0,0.0105119354485469,0.0,0.0,0.0,0.0,0.0,0.0,0.0,0.0,0.0,0.0,0.0,0.0,0.0,0.0,0.0833621697635152
VPM,0.0,0.0222147130514956,0.010793535994095,0.0,0.0,0.0,0.057315541068755,0.0892066052999591,0.0500129143186423,0.0,0.0,0.0207352533131667,0.0,0.0,0.0,0.0922357330386355,0.0,0.111911843633395,0.110384518004225,0.122270147081616,0.0095335002675938,0.0,0.0,0.0034254991172842,0.0,0.0,0.0,0.0,0.0,0.121954233588015,0.0,0.0,0.0,0.0,0.0,0.0067163439223641,0.0,0.0,0.0098326391411626,0.0,0.0,0.0,0.0,0.0,0.0,0.0329151581266124,0.0,0.0,0.0,0.0,0.0,0.0,0.0110709921451632,0.0,0.0442416644782535,0.0180139293119789,0.0,0.222258617663677,0.0,0.0182847482997985,0.0096290457109122,0.0320763281589487,0.0065312562315115,0.0061681901020441,0.0,0.0,0.0,0.0,0.0,0.0,0.0129446945327395,0.0700487663721013,0.571170736871058,0.0065844459051096,0.0300397557230778,0.117473867017251,0.0,0.0,0.0,0.0,0.0,0.0,0.0,0.0236568792446458,0.0,0.0,0.0,0.142153874375218,0.429460310451246,0.102193748610715,0.0,0.0,0.0,0.370971219337334,0.0985778718687393,0.0,0.0,0.0051558239633245,0.019379616304311,0.0,0.0,0.0,0.0,0.0,0.0,0.0,0.0285680516061231,0.0146261966849884,0.0,0.011253863107366,0.0,0.0072101351050768,0.0,0.0,0.0,0.0042676400504062,0.0,0.0,0.0046144638233186,0.0,0.0328280157767473,0.2099483314179,0.0,0.0,0.0,0.0,0.0,0.0,0.0065329113051813,0.0,0.649713217327866,0.210056062819192,0.0,0.103438966942402,0.0066357427721643,0.0,0.0,0.0,0.0,0.0,0.0061424486909286,0.0,0.13685994821586,0.0,0.0,0.0,0.0,0.0,0.0,0.0071046509199754,0.0035242639236591,0.0108371433554615,0.0123280554800252,0.0590181227421407,0.0381881635561345,0.0359689533087123,0.736076920064283,0.0,0.0172187830986493,0.0053937951155413,0.0,0.0,0.0,0.0135662649368725,0.0211236356770818,0.0240119232762086,0.0,0.0414016812392533,0.0144383885583854,1.06160660672605,0.0,0.0,0.0,0.0,0.579703184726504,0.160630828994507,0.772906949304556,0.845062989772049,0.33060191993228,0.454985827257459,0.582617218415948,0.0618205739517961,0.0,0.0065890835772445,0.0,0.0516570792166813,0.0,0.0,0.0,0.0,0.0,0.0070726130140539,0.280884751744096,0.0,0.0,0.100042681940428,0.150062540441515,0.112343108321478,0.063589111983237,0.0216853905680125,0.0228377635351611,0.0628332358637701,0.0973126889659886,0.0,1.0829267839251,1.21708962168862,0.203333724572034,0.0068150304467955,0.0,0.0,0.0,0.0,0.0,0.0,0.0,0.0069358612750527,0.0,0.0035748319208443,0.0,0.0,0.0,0.0,0.0,0.0,0.0,0.0,0.0,0.0,0.0,0.0,0.0,0.0,0.0,0.0,0.0,0.0,0.0,0.0103828981367297,0.0,0.0,0.0,0.0,0.0,0.0,0.0,0.0,0.0094880495915646,0.0,0.0722981837231545,0.0,0.0,0.0137094047597747,0.0,0.0,0.0,0.0,0.0,0.0,0.0,0.0,0.0210492044530249,0.0,0.0,0.0,0.0,0.0,0.0035054116899263,0.0,0.0,0.0,0.0,0.0,0.0,0.0,0.0589472839019648,0.0,0.0048916266895688,0.0,0.0072404508428924,0.0,0.0,0.0,0.0,0.0,0.0,0.0,0.0036980550561196,0.0,0.0,0.0,0.0,0.0,0.0,0.0307080771674412,0.0,0.0,0.0,0.0,0.0,0.0,0.0,0.0,0.014427483681572,0.0077940822087969,0.0,0.0,0.0,0.0,0.0,0.0041379416537526,0.0,0.0,0.151850128278731,0.0,0.012415187974287,0.0,0.0,0.0387627813918842,0.0,0.0,0.0,0.0,0.0,0.0,0.0,0.0,0.0202423784532809,0.0905384797903624,0.0,0.0,0.0,0.0,0.0,0.0,0.0,0.0,0.0,0.0,0.0,0.0,0.0,0.0,0.0,0.0,0.0,0.005456719286889,0.0,0.0140339724206877,0.0,0.299560212804016,0.0,0.0,0.0,0.0,0.0,0.0,0.0,0.0,0.0,0.0,0.0,0.0,0.0,0.0,0.0,0.0,0.0,0.0,0.0,0.0,0.0,0.0040583443718016,0.0,0.0,0.0,0.0096134144665439,0.003560962427315,0.0,0.0,0.0283593402274992,0.0972214313284735,0.147237588233825,0.0395809103444673,0.0,0.0,0.0,0.0,0.0,0.0,0.0,0.0,0.0,0.185175771793284,0.0,0.0,0.0,0.0,0.0,0.0,0.0,0.271449958861402,0.0,0.0248686099232413,0.0,0.0,0.0,0.0,0.0,0.0,0.0,0.0,0.0,0.0,0.0,0.0,0.0,0.0,0.0093363439389059
VPMpc,0.0036876504075717,0.0400102426488746,0.0383916988241391,0.0,0.0,0.0046609828946647,0.0902715340738059,0.08597448117189,0.100255022116536,0.0,0.0,0.0087153692309425,0.0,0.0,0.0,0.0161754422978326,0.0062005711901053,0.0041555690069151,0.0,0.0042360140221182,0.0,0.0,0.0,0.0044283208646276,0.0,0.0,0.0,0.0074716009814852,0.0,0.0190054517802362,0.0,0.0073633642800277,0.0686543124150984,0.0,0.0,0.0,0.0,0.0,0.0131225194522838,0.0,0.0,0.0081569861185656,0.0,0.0062375927910347,0.0059053540897452,0.0076218605625798,0.0,0.0,0.0,0.0,0.0,0.0,0.0388396317105806,0.0054093270903675,0.0292768866399222,0.0187069910837705,0.0,0.109519985396075,0.0043229155413584,0.0084946743840778,0.010178539409636,0.0131483501544923,0.0433528631197178,0.0456829904378727,0.0,0.0,0.0,0.0,0.0,0.0,0.0,0.0,0.0071107520171035,0.0060122415571493,0.0165215105079359,0.0,0.003344909562495,0.0,0.0,0.0,0.0,0.00352889886131,0.0,0.0267307992218332,0.0,0.0,0.003703236399766,0.0116292502409294,0.0219964981112559,0.0200700152959862,0.0,0.0033324422029879,0.0,0.0474020501722133,0.0387530084011538,0.0,0.0,0.0054008079052167,0.022145022292515,0.0,0.0,0.0,0.0071018960050915,0.0097064385724999,0.0,0.0,0.0160888157927548,0.0100298145525481,0.0,0.0291166179109067,0.0156676915971203,0.0215111538879169,0.0,0.0,0.0,0.0118425799170102,0.0,0.0,0.032652004144637,0.0163638535822357,0.0080311416975995,0.131899574177812,0.0,0.0,0.0,0.0,0.016301005639744,0.0,0.0303737194413732,0.0052253669873719,0.0261221984670083,0.0158860645891818,0.0,0.0230030263847738,0.0257810324985935,0.0,0.0,0.0044718910743667,0.0,0.0,0.0152254051469024,0.0,0.0076163477910456,0.0052364443288997,0.0038813386983609,0.00339447851039,0.0,0.0,0.0051792691772866,0.0354739598593466,0.0880897941263263,0.0170006434874595,0.0411805079317802,0.0064979921314852,0.008773528047849,0.0147410798685833,0.0460556583673334,0.00389480929947,0.01981661335646,0.0083568305310766,0.0,0.0034719237176841,0.0,0.12564545125969,0.0713192737347549,0.0833273667970189,0.0043851644792835,0.134379497091114,0.160702388078705,0.0416375219172198,0.0,0.0,0.0,0.0,0.0188013614705641,0.0091570572181392,0.0819193566168964,0.0347888982267166,0.0117469046282401,0.0202502291482571,0.0644924958803323,0.0234481032866969,0.0065912775066946,0.0179447667067584,0.0035934594418151,0.0049818567703678,0.0,0.0,0.0,0.0,0.0065027387632986,0.0163984390888096,0.0571819661296754,0.0037789469347144,0.0,0.103638557333639,0.004934444226565,0.0105331754228603,0.0,0.0,0.0,0.0069240085442989,0.0945016046347221,0.0063848750463049,0.0256595451157103,0.0318627387240411,0.134949095698576,0.0211540471234038,0.0,0.0,0.0043037277929742,0.0066674869482759,0.0,0.0,0.0,0.0390987373445458,0.0470282728144756,0.0448275967465764,0.003391254854145,0.0,0.0,0.0,0.0,0.0,0.0041480894707393,0.0,0.0,0.0,0.0,0.0,0.0,0.0,0.0,0.0,0.0,0.0,0.0,0.0,0.0,0.0,0.0,0.016376253219243,0.0,0.0,0.0,0.0,0.0,0.0053112218626332,0.0061984987206856,0.0,0.0,0.0195285610376233,0.0,0.0,0.0,0.0,0.0,0.0,0.0,0.0,0.0080851521978175,0.020047677609032,0.0,0.0,0.0,0.0,0.0339013641236909,0.0,0.0,0.0,0.0041829587772336,0.0230517393477423,0.0236760672861292,0.0,0.0235825486698889,0.0,0.0,0.0,0.0041925314779889,0.0,0.0,0.0,0.0,0.004119852984659,0.0,0.0,0.0036320308246048,0.0,0.0,0.0,0.0,0.0,0.0,0.0045440232252461,0.0,0.0,0.0,0.0063396243411432,0.003430476199724,0.0,0.0,0.0,0.0105924127522195,0.009548460407788,0.0,0.0,0.0,0.0059510239130755,0.0,0.0,0.0,0.0,0.0114883823572982,0.0,0.0057920898680726,0.0066965846921134,0.0037573944163759,0.0049722046580136,0.0167366751770554,0.0078020440017127,0.011007698684755,0.0,0.0,0.0,0.003384451337689,0.0,0.0041566768618661,0.0254244939650788,0.00592418169707,0.0,0.0,0.0,0.0,0.0,0.0035776179219923,0.0,0.0,0.0119343326855729,0.0,0.0,0.0043980531575226,0.0032903782366688,0.0050026932551227,0.006562905076295,0.0,0.0,0.0,0.0,0.0,0.03078186064673,0.0,0.0,0.0,0.0,0.0,0.0,0.0,0.0,0.0,0.0076194575291053,0.0042098747455006,0.006841586677741,0.0,0.0,0.0,0.0059947425274281,0.0,0.0070463458594929,0.0,0.0,0.0,0.0,0.0049611678606487,0.0090017121231132,0.010302420229427,0.0,0.0482894042668093,0.0376637480196506,0.0,0.0032963068049915,0.0084378612743389,0.0060033657820359,0.0066582989683956,0.0,0.0,0.0128114927887419,0.0053395430107068,0.0,0.0,0.0156496877122463,0.0057914423174253,0.0,0.0278043005668163,0.0,0.0,0.0,0.0,0.0,0.0,0.0,0.033357733580684,0.0,0.0056252797040476,0.0,0.0604760788660946,0.0,0.0,0.0,0.0,0.0,0.0,0.0,0.0,0.0,0.0,0.0107924711230861,0.0035759836885616,0.0
VTA,0.0216322498024036,0.0491471754175503,0.0546194137547073,0.101320105567241,0.0,0.0524800762688884,0.0377525494225328,0.0112284603121009,0.0369453364836281,0.0033817558531609,0.0,0.0,0.0,0.0,0.0115548292014218,0.0382986475881978,0.0125276238860012,0.0,0.0,0.0,0.0,0.0043834100282167,0.0058092457953457,0.0942043873521642,0.0,0.0,0.0,0.0317002147539984,0.0,0.0049913625848824,0.0,0.116804965253873,0.0,0.0091298995190396,0.0,0.0215742513909144,0.0665008551207479,0.0,0.0165827004426659,0.0,0.0,0.0238706198205529,0.0,0.0223328174892505,0.0912223358286627,0.0,0.0,0.0,0.0,0.0048731922290605,0.0,0.0,0.0447925650520339,0.0317143810002957,0.159452612967391,0.109932850666653,0.0,0.0080966046512727,0.0257633548041276,0.0068776933568693,0.006708468715436,0.0070732163847174,0.152503398298519,0.0059924011943741,0.0044436614112137,0.0,0.138611339259282,0.0,0.0,0.0,0.0,0.0,0.0,0.0713038096870415,0.0623111634931778,0.0,0.0795314711341894,0.0036110284046281,0.0089936955649865,0.0142885080976631,0.0162586930083499,0.0862458644197178,0.0044682476479584,0.0107452554751156,0.0,0.0,0.0108354661605525,0.0,0.0127548393539955,0.0065653495978963,0.0782962358088276,0.0137334946093667,0.0,0.0128007813463931,0.03324878077433,0.0602490836192471,0.0658868367961377,0.0124590651479851,0.0581538582722157,0.0144366466908866,0.0059334601253143,0.0825246808247033,0.104811308534183,0.0124100280967903,0.0101876806727562,0.0,0.0213071795503237,0.0270512283595335,0.0,0.0975702324202094,0.0679267558284355,0.0952438099519405,0.0823378552157919,0.0039098912567838,0.0055716204414595,0.0448699852715815,0.0,0.0,0.0375653073003192,0.0878964486609907,0.0,0.0,0.0,0.0187195206400103,0.0,0.0049093624612821,0.0208893413269499,0.0,0.0834618522298439,0.0194233474774174,0.0,0.0110361568920448,0.0,0.0098240858428123,0.0471126058022124,0.0,0.0,0.032691927063392,0.024515933516227,0.0,0.0,0.0,0.0,0.047457926593477,0.0299605675117507,0.012874637775222,0.0500788011732779,0.0,0.035436586198266,0.0,0.0,0.0903098724829146,0.0742019127871655,0.0,0.0042981342720873,0.0059973559915489,0.0099876220170927,0.0441487859176471,0.0212134094164389,0.006892248210416,0.0078142387301972,0.0813855374472657,0.0,0.0109128675615697,0.0909480899064307,0.0845473539455603,0.0304845946844291,0.005807711451481,0.0,0.0055115241934352,0.0,0.0,0.0,0.0,0.004806848341005,0.006502007764859,0.0037758170717272,0.0,0.0071395703441894,0.0043753384976238,0.0057353972851018,0.0522824424015602,0.0170096205281783,0.0111462217109784,0.0033785472004543,0.0,0.0,0.0287474020410668,0.0359447099910563,0.0213263566169271,0.0235662556101858,0.0037205346983802,0.0105368463395766,0.0,0.0,0.0174068366679743,0.0,0.0,0.0,0.0,0.0,0.0,0.0260035987087141,0.0185493782916455,0.0060895830750567,0.0,0.0083541357717369,0.152739297809424,0.0,0.0,0.0037277490308926,0.0049099903198028,0.0,0.0,0.0087210752237409,0.0035524017908696,0.0,0.003371150715377,0.0039854937344241,0.0,0.0,0.0,0.0,0.0,0.0041347691753955,0.0,0.0,0.0,0.0,0.0,0.0,0.0,0.0063504187839676,0.0,0.0,0.0,0.0,0.0,0.0,0.0,0.0476351029891108,0.0,0.0,0.0,0.0,0.0442716181062047,0.0,0.0071368402654429,0.0072923694330327,0.0,0.0067251839293487,0.0088861590160254,0.0,0.0342109827544538,0.0,0.0,0.0,0.0,0.0,0.0,0.0,0.0,0.0,0.0,0.0,0.0,0.0,0.0,0.0,0.0,0.0,0.0134635102259828,0.0,0.0,0.0106565920616094,0.0363845154749707,0.0,0.0,0.0,0.0,0.0,0.0,0.0234197594221572,0.0097949454466319,0.0,0.0106546055418003,0.0042009100005309,0.0,0.0,0.0,0.0067091808874281,0.0,0.004108693632969,0.0068986794287195,0.0040460305934336,0.0,0.0,0.0,0.0,0.0250526154485346,0.0045139199918888,0.0,0.0,0.0,0.0082461340989341,0.0085762391923027,0.0,0.0189545144101399,0.0060962947841325,0.0,0.0079638592307289,0.0337533505160932,0.0254324175666294,0.0,0.0,0.0,0.0042597096913797,0.0171871987195507,0.0086844109433402,0.0038427989011613,0.0053213331823126,0.0,0.0,0.0,0.0157204301891409,0.0,0.0046612214427888,0.029122533135382,0.025898389061903,0.0,0.0,0.0,0.0131743470459407,0.0,0.0038700674135229,0.0065438068617072,0.0,0.0071567614491664,0.0066857475410176,0.0,0.0,0.0,0.0,0.011409494136069,0.0,0.0,0.0208165949415372,0.0144461735816155,0.0,0.038227459274746,0.0,0.0,0.0083182470641226,0.0082803885090753,0.0034908821240696,0.0065920414848207,0.0,0.0053227366798954,0.0,0.0,0.0350910166110155,0.0210263970815076,0.0,0.0,0.0,0.0,0.0069505755984683,0.004758937678368,0.0,0.0,0.0056496145269304,0.0,0.0,0.018613393527119,0.0123286895753958,0.0280296965520917,0.0,0.0,0.0,0.0,0.0059683891302218,0.0140731273439938,0.0067647771427523,0.0,0.0,0.0,0.0,0.0,0.0,0.0,0.0089146558066702,0.0057941247936033,0.0279626841813516,0.0,0.0,0.0,0.0221064341361748,0.0044580991932811,0.0,0.0040569698229172,0.0351330263829338,0.0,0.004162437876358,0.0,0.0,0.0,0.0,0.0,0.0,0.0,0.0,0.0,0.0034837085856999,0.0,0.0,0.0,0.0392717517589679,0.0135641623278171
XII,0.0,0.0,0.0,0.0,0.0,0.0,0.0,0.0,0.0,0.0461219279968693,0.0,0.0,0.0,0.0,0.0,0.0,0.0,0.0,0.0,0.0,0.0,0.0,0.0,0.0,0.0,0.0,0.0,0.0,0.0,0.0,0.0,0.0,0.0,0.0,0.0,0.0,0.0,0.0,0.0,0.0259459936820105,0.0,0.0,0.0,0.0,0.0,0.0,0.0,0.0,0.0,0.0,0.0,0.0,0.0,0.0,0.0,0.0,0.0697852789118845,0.0,0.0,0.0,0.0,0.0,0.0,0.0,0.0398265686814289,0.0,0.0,0.0958917943515098,0.0,0.0139029339092492,0.0,0.0,0.0,0.0,0.0,0.0,0.0,0.0416416060348646,0.0,0.0,0.0,0.0,0.0454696789146933,0.0,0.144815166829519,0.109681879913257,0.0,0.0,0.0,0.0,0.0,0.0,0.0,0.0,0.0,0.0,0.0,0.0,0.0,0.0,0.0242701863720002,0.0,0.0,0.0094985037518348,0.0,0.0,0.0,0.0,0.201681253999513,0.0,0.0,0.0,0.0,0.0,0.0,0.0,0.0,0.0844661994505471,0.0177800121506346,0.0,0.0,0.0,0.0,0.0,0.0591744521387839,0.0445213493649726,0.0,0.0,0.0,0.0,0.0,0.0,0.0,0.0,0.0,0.0,0.0,0.0049047155177077,0.0,0.0388351548545951,0.0311414749831667,0.0,0.0,0.0,0.0,0.0,0.0,0.0,0.0,0.0,0.0,0.0,0.0,0.0,0.0,0.0,0.0,0.0,0.0,0.0,0.0,0.0,0.0,0.0,0.0,0.0,0.0047219733838158,0.0,0.0,0.0,0.047401278517378,0.195464751948734,0.0704721026851074,0.0634175155536865,0.0,0.0,0.0,0.0,0.0,0.0,0.0,0.0,0.0,0.0245483177103198,0.005056436660424,0.0,0.0,0.0,0.0,0.0,0.0,0.0319612082596594,0.0,0.0715623879129803,0.0653505963967077,0.0,0.0,0.0,0.0,0.0,0.0,0.0,0.0,0.0,0.0,0.0,0.0,0.0,0.259679408743697,0.0,0.0,0.0,0.0,0.0,0.0,0.0,0.0,0.0,0.0271859530199222,0.0,0.0,0.0,0.0,0.0,0.0,0.0,0.0,0.0,0.0,0.0,0.0,0.0,0.0,0.0,0.0,0.0,0.0,0.0,0.0,0.0,0.0,0.0,0.0,0.0,0.0,0.0,0.0,0.0,0.0215175425509746,0.0,0.0,0.0,0.0,0.0,0.0,0.0,0.0,0.0,0.0,0.0,0.0,0.0,0.0,0.0,0.0,0.0446842724511809,0.0,0.0,0.0,0.0,0.0,0.0,0.0,0.0237325350779853,0.0,0.0,0.0661938995968656,0.0,0.0191316662546216,0.0,0.0,0.0,0.0,0.0,0.0,0.0,0.0230707101352111,0.0,0.0,0.0,0.0,0.0287650955470823,0.0,0.0666995937351717,0.0686098608276198,0.0,0.0,0.0,0.0,0.0,0.0,0.0,0.0039102135567256,0.0,0.0,0.0,0.0,0.0,0.0,0.0154856621293168,0.0,0.0,0.0059698856366044,0.0,0.0,0.0,0.0,0.118825540042732,0.0,0.0,0.0,0.0,0.0,0.0,0.0,0.0,0.0551820143148151,0.0114903359982904,0.0,0.0,0.0,0.0,0.0,0.0412868225889802,0.028453434896278,0.0,0.0,0.0,0.0,0.0,0.0,0.0,0.0,0.0,0.0,0.0,0.0,0.0,0.0247038190529149,0.0219614706870735,0.0,0.0,0.0,0.0,0.0,0.0,0.0,0.0,0.0,0.0,0.0,0.0,0.0,0.0,0.0,0.0,0.0,0.0,0.0,0.0,0.0,0.0,0.0,0.0,0.0,0.0,0.0,0.0,0.0,0.0278555047646918,0.0821933304127663,0.0314754192210926,0.0323607962094185,0.0,0.0,0.0,0.0,0.0,0.0,0.0,0.0,0.0,0.0173293487867668,0.0131971984631824,0.0,0.0,0.0,0.0,0.0,0.0,0.0229047951199093,0.0,0.0420158081763253,0.0486024152736524,0.0,0.0,0.0,0.0,0.0,0.0,0.0,0.0,0.0,0.0,0.0,0.0,0.0,0.179262658015489
