,AAA,ACAd,ACAv,ACB,AD,AHN,AId,AIp,AIv,AMB,AMd,AMv,AN,AOB,AON,APN,ARH,AUDd,AUDp,AUDv,AV,BLA,BMA,BST,CA1,CA2,CA3,CEA,CENT,CL,CLA,CLI,CM,COAa,COAp,CP,CS,CUL,CUN,DCO,DG,DMH,DN,DP,DR,ECT,ENTl,ENTm,EPd,EPv,FL,FN,FRP,FS,GPe,GPi,GRN,GU,IA,ICc,ICd,ICe,ILA,IMD,IO,IP,IPN,IRN,LA,LAV,LD,LGd,LGv,LH,LHA,LP,LPO,LRN,LSc,LSr,LSv,MA,MARN,MD,MDRNd,MDRNv,MEA,MGd,MGm,MGv,MH,MM,MOB,MOp,MOs,MPN,MPO,MPT,MRN,MS,MV,NDB,NI,NLL,NLOT,NOD,NOT,NPC,NTS,ORBl,ORBm,ORBvl,OT,PA,PAA,PAG,PAR,PARN,PB,PCG,PERI,PF,PFL,PG,PGRNd,PGRNl,PH,PIR,PL,PMd,PO,POL,POST,PP,PPN,PRE,PRM,PRNc,PRNr,PRP,PSV,PT,PTLp,PVH,PVT,PVp,PVpo,PYR,RCH,RE,RH,RN,RR,RSPagl,RSPd,RSPv,RT,SBPV,SCm,SCs,SF,SI,SIM,SMT,SNc,SNr,SOC,SPA,SPFm,SPFp,SPIV,SPVC,SPVI,SPVO,SSp-bfd,SSp-ll,SSp-m,SSp-n,SSp-tr,SSp-ul,SSs,STN,SUM,SUT,SUV,TEa,TR,TRN,TRS,TT,TU,V,VAL,VCO,VII,VISC,VISal,VISam,VISl,VISp,VISpl,VISpm,VM,VMH,VPL,VPM,VPMpc,VTA,XII,AAA,ACAd,ACAv,ACB,AD,AHN,AId,AIp,AIv,AMB,AMd,AMv,AN,AOB,AON,APN,ARH,AUDd,AUDp,AUDv,AV,BLA,BMA,BST,CA1,CA2,CA3,CEA,CENT,CL,CLA,CLI,CM,COAa,COAp,CP,CS,CUL,CUN,DCO,DG,DMH,DN,DP,DR,ECT,ENTl,ENTm,EPd,EPv,FL,FN,FRP,FS,GPe,GPi,GRN,GU,IA,ICc,ICd,ICe,ILA,IMD,IO,IP,IPN,IRN,LA,LAV,LD,LGd,LGv,LH,LHA,LP,LPO,LRN,LSc,LSr,LSv,MA,MARN,MD,MDRNd,MDRNv,MEA,MGd,MGm,MGv,MH,MM,MOB,MOp,MOs,MPN,MPO,MPT,MRN,MS,MV,NDB,NI,NLL,NLOT,NOD,NOT,NPC,NTS,ORBl,ORBm,ORBvl,OT,PA,PAA,PAG,PAR,PARN,PB,PCG,PERI,PF,PFL,PG,PGRNd,PGRNl,PH,PIR,PL,PMd,PO,POL,POST,PP,PPN,PRE,PRM,PRNc,PRNr,PRP,PSV,PT,PTLp,PVH,PVT,PVp,PVpo,PYR,RCH,RE,RH,RN,RR,RSPagl,RSPd,RSPv,RT,SBPV,SCm,SCs,SF,SI,SIM,SMT,SNc,SNr,SOC,SPA,SPFm,SPFp,SPIV,SPVC,SPVI,SPVO,SSp-bfd,SSp-ll,SSp-m,SSp-n,SSp-tr,SSp-ul,SSs,STN,SUM,SUT,SUV,TEa,TR,TRN,TRS,TT,TU,V,VAL,VCO,VII,VISC,VISal,VISam,VISl,VISp,VISpl,VISpm,VM,VMH,VPL,VPM,VPMpc,VTA,XII
AAA,1.27189973315203,0.148629711110895,0.0,1.7608472138219,0.0,0.0,4.352474908723,1.62495104887669,2.57860154908053,0.0080597152963373,0.0,0.0,0.0,0.107401597264975,1.2053124496264,0.044795364985202,0.0,0.0,0.0,0.0,0.0019046305638863,0.0,0.0,0.0,0.0,0.0,0.0,0.0,0.0072604243496347,0.0,0.517009951256352,0.0651949561696661,0.0894180505152812,0.0,0.0,9.00615987495705,0.0328591760250105,0.0,0.0432831181700374,0.0,0.0,0.0,0.0,0.0,0.13296750866058,0.414430206627581,1.60612689679149,0.128775761576376,1.78255657973042,1.34625854830941,0.0,0.0,0.63809440455352,0.857574924076433,1.08763705715207,0.541616047425162,0.199806601982367,0.470569827479919,0.0,0.0,0.0,0.0,0.130783275883129,0.206038938517178,0.0,0.0015504817244643,0.0158974579508159,1.05531302334561,0.0,0.0,0.0027064595102674,0.0007931085253425,0.0,0.20875700165979,0.0,0.0065142914488266,0.0,0.0,0.0,0.0930337143751564,0.0488121141004093,0.0,0.116903601587054,0.0,0.317328161796735,0.0316950703095444,0.0,0.0,0.0128114006295698,0.0,0.0464193727850257,0.0,0.473919435245747,0.0204025935250369,0.546578171214825,0.0,0.0,0.0,4.99753156794087,0.0,0.0994352283571157,0.0,0.005694829460158,0.0015119054760742,0.291622049493532,0.0,0.0,0.0491723693776855,0.615729529431899,0.900825718412329,1.40292215980833,0.56801915743915,1.24343689455518,0.0,0.338512960415924,1.67196732458133,0.0,1.92919984968565,1.17475409008594,0.0569035074585491,0.0833692978205679,0.0353914905196613,0.0,0.03164338424006,0.0050905809008924,0.0653913660128207,0.0,2.93630254909377,1.2187581305323,0.0,0.0,0.030727717990007,0.0,0.009201878062844,0.669146095307188,0.0,0.0,0.464548467267204,0.273600963849202,0.0017250541372849,0.0235074715267057,0.0981988918188043,0.004642081713748,0.0,0.413332878077875,0.0,0.0,0.0,0.0,0.023782353022967,0.0012456123547751,0.192263868407827,0.238552651294313,0.0,0.0,0.0,0.397951614870513,0.0,0.302784052915434,0.0,0.007675174075442,0.0,0.0,0.0,0.135407532137503,0.315389734317575,0.0165562908321085,0.0,0.0,0.0921129422627334,0.0105056915721802,0.0066364879311859,0.0375382206408082,0.0870227885993737,0.0,0.112890918607957,0.052358347007541,0.0023502728407104,0.0,0.0,0.0,0.0985920800388829,0.0770353325864975,0.266361579262865,0.0,0.0,0.976258008713007,0.0926238685566229,0.0063703441085045,0.0,0.0,0.153405819106431,0.0,0.0,0.0649779186986439,0.477106344181537,0.0016991041970478,0.0,0.0011239856891253,0.0,0.0,0.0,0.157255233590049,0.0,0.0,0.0,0.101513075435195,0.660852426360848,0.0157430743870212,0.0129259697219161,0.0116460996886571,0.0,0.0374339040994026,0.0,0.0174361440449082,0.248781220205506,0.265229578769369,0.117449764136789,0.0,0.0028145163063982,0.0,0.0,0.0,0.0,0.0,0.0,0.0,0.0,0.0,0.0,1.65627447882877,0.0,0.2052402334411,0.0,0.0,0.0,0.0694987451766844,0.0,0.0019248734780614,0.0857336317539283,0.0106187705398129,0.126080633166804,0.0,0.0,2.79130953420117,0.0058718060288367,0.0,0.0,0.0,0.0,0.0,0.0,0.0,0.0289522778978756,0.0,0.0,0.0,0.311100696995225,0.103359916637794,0.0,0.0,0.091864558797637,0.136717890388145,0.0,0.0,0.0152897001338622,0.0536626034372389,0.0152819017493237,0.0,0.0,0.0,0.0,0.196705186617069,0.0,0.0,0.0,0.0172033028200141,0.183221697708543,0.0,0.0,0.0008470766312024,0.0019891485032596,0.0,0.102185234013023,0.0011224859666512,0.0158665610514584,0.0,0.0,0.0213506272006698,0.00124270565763,0.0,0.0103895688415515,0.139657476945066,0.0,0.0,0.0,0.0,0.0,0.0,0.006838775272128,0.0,0.0,0.0,0.0,0.0048483737275677,0.0110925719957336,0.0,0.0899899869180143,0.0,0.0005786042729735,0.0639862875693537,0.0070096219462424,0.0005841044387219,0.0016157019843826,0.0,0.0,0.0036580411599365,0.0050350197464094,0.0257296083321287,0.000824116807109,0.0122085723859038,0.0,0.0,0.0,0.0,0.0,0.0240415955724571,0.0,0.0077585408867809,0.0026626463291057,0.0142444485382081,0.0,0.0,0.0,0.0,0.0759316208038493,0.0545445448752382,0.13041210950775,0.0,0.0,0.0,0.0,0.0,0.00368171198909,0.0,0.0,0.0,0.0,0.0,0.0006516351477482,0.0280270254599333,0.0,0.0,0.152897812882049,0.0,0.0,0.0,0.0,0.16093549129594,0.0214409177277951,0.0057091140567306,0.0038726629450461,0.0,0.0,0.0,0.0120687359998063,0.004337089261848,0.0,0.0,0.0021117074605045,0.0473931384654126,0.0,0.0089628377074952,0.0,0.0,0.0,0.0276999090571529,0.0,0.0072371608927857,0.0,0.0,0.0,0.0014566554151231,0.0,0.0,0.0,0.0,0.0,0.0,0.0,0.0,0.0352872867164227,0.0,0.0,0.027885948423896,0.0,0.0076643667898444,0.0008813243837283,0.0,0.0,0.0,0.0,0.0,0.0096958681464933,0.0473711940052042,0.0,0.0,0.0,0.0,0.0,0.0,0.0112697558704137,0.0,0.0,0.0,0.0033299648294443,0.0274464221425159,0.0012518021423119
ACAd,0.0,9.79503836811618,3.23523486564695,0.285758050569313,0.0660578024218434,0.0,0.0,0.0159993685635806,0.110942342144282,0.0,0.302350044275559,0.239956123848654,0.0,0.0177193854668978,0.0614516723905022,0.674209566548801,0.0,0.0734861245290938,0.0275882186537594,0.0282083651239576,0.386307819989216,0.0172082656750904,0.0006768972075317,0.0132504992234805,0.0012290341991332,0.0,0.0009892339281239,0.0043207935063426,0.0005960957614658,0.360653830189969,0.183906569481991,0.0,0.0434304450840367,0.0006875650928982,0.0010861779179758,12.9190243157539,0.32081595716831,0.0019552506513948,0.0041071889584014,0.0,0.0232034161462296,0.0,0.0,0.0691980394868719,0.0307140387358816,0.0626365610460443,0.107787037742435,0.0308311229251656,0.0135630530847933,0.0008025337740338,0.0,0.0,0.024041909353052,0.0,0.0525809343105254,0.0112809689733648,0.0027176698913648,0.0056137136778664,0.0,0.0,0.0014220253019806,0.0070364393600445,0.18061062088868,0.0051811698021593,0.0049854771826929,0.0,0.052679449915239,0.0,0.0019202814446179,0.0,0.925650978520089,0.0024494490808552,0.0194182333827199,0.0999224896741565,0.119151088407694,0.596107739287853,0.0120167306082145,0.0017114943640897,0.0057456489250986,0.0401134116444885,0.0,0.0012544637644994,0.0125135346582969,0.613847106649124,0.0019442877729099,0.0023019219813238,0.0,0.0005515044488872,0.0540255702892557,0.0044433462640078,0.0,0.0,0.0119587968632341,0.0,3.80275052101003,0.0,0.0,0.0156770562548696,1.3892088844295,0.0,0.0046126809854557,0.0223187569724298,0.066273327527568,0.0,0.0005616128244744,0.0,0.0258432723340609,0.264122997322263,0.0,0.426720358090687,0.723575996364103,1.14313569731234,0.0197219310409133,0.0,0.0006813801156678,1.66747369245605,0.0183113932709583,0.0,0.006599492595462,0.123652245473256,0.0272006566076824,0.218008686355562,0.0,0.288438294200906,0.0,0.0030536813833642,0.242824590843154,0.0588290060395753,1.90670030648429,0.0045551511804549,0.0800072009624849,0.0418698076167665,0.117777990129764,0.0044605251979453,0.097525621378362,0.014622429103197,0.0,0.0653598644342306,0.606388026166796,0.0014969252245079,0.0005580363397791,0.0,0.886994342361426,0.0,0.0029451943014381,0.0,0.0,0.0,0.0,0.142196266708272,0.0420017275944083,0.134501834721882,0.0216316992104078,1.30200655924406,2.976122414662,1.8113060216468,0.656059693851294,0.0,2.86521314908481,0.122980476976402,0.0050623496347566,0.0474565375883409,0.0,0.0954617693001184,0.0111896709466771,0.217530201596929,0.0,0.0607554181300543,0.0414162582520843,0.122418033939115,0.0007224448245691,0.0009379979956268,0.0,0.0,0.520350204380359,0.219583270588488,0.0,0.0,0.285044792097502,0.0908299288886964,0.10468623761379,0.0724610054393312,0.0511408603481928,0.0010131825685268,0.0,0.176539157476221,0.0,0.17545087210367,0.0019354718748866,0.0624722860713589,0.0,0.0,0.264717236394008,0.0,0.0027057459501225,0.0,0.175871466311337,0.934410705519234,0.196704798755641,0.926553103014776,0.0795392261784828,0.472993454862517,0.693871681802165,0.0,0.176035200317913,0.0096443766633327,0.0558135513935268,0.068381262075723,0.0,0.0,3.4041627341632,1.2246053580643,0.0543438834943602,0.0,0.0,0.152262338207456,0.0501275468139561,0.110981992492419,0.0,0.0619878042074861,0.0236946638173053,0.0,0.004329787088227,0.0194731314602455,0.0035431930934784,0.0,0.0064911555231639,0.0048967099119738,0.007748884460629,0.0151642717944807,0.0086752097736759,0.0,0.0,0.0,0.0,0.0,0.0,0.0,0.0104132041814391,0.264179540647557,0.0,0.0136321871349651,0.0007794496223513,0.0005889670668495,3.33814148306542,0.0969109733182822,0.0042597512888814,0.0005188207626325,0.0006876182965222,0.0102225305314348,0.0,0.0,0.0130310576863219,0.0034912493475569,0.0823417955785015,0.0941441222327616,0.0096843459487607,0.013529762996279,0.0,0.0,0.0,0.0177459126811356,0.0,0.0,0.0,0.0059761233313225,0.136197164029515,0.0,0.0,0.0,0.0,0.0209705442044538,0.0008752821025408,0.0,0.0,0.0010785768789665,0.0,0.0031643349498396,0.0,0.0083886111488605,0.0,0.0,0.0,0.003053833619256,0.0055107341132892,0.0,0.0022748892280187,0.0007422281113273,0.0036623982985385,0.0,0.0,0.008011585843818,0.0070566864462601,0.0101786177323099,0.0118995269048495,0.0024103026044623,0.0,0.0,0.0,0.0,0.0,0.0,0.0,1.69069672096002,0.0,0.0,0.0,0.0653118253982395,0.0,0.0061593446015605,0.0,0.036075518897313,0.0,0.0,0.0,0.0,0.0036097304660596,0.0,0.302460776487911,0.150216649280035,0.315822832301045,0.0076619940285179,0.0,0.0,0.220933292242914,0.003477244586198,0.0,0.0,0.0487202125350871,0.0400772404748473,0.0019735506319487,0.0,0.0513681255661109,0.0007209667092314,0.0069331900818938,0.0470601234671371,0.041029933171296,0.556540907617833,0.0,0.0,0.0,0.0152630127205136,0.0,0.0057548264026073,0.0026442541533787,0.0,0.0367659598302878,0.045446245828379,0.0014573957468316,0.0,0.0,0.0479357996582001,0.0,0.0,0.0,0.0,0.0,0.0,0.0861310219043257,0.0219738197732351,0.0023520721505068,0.0,0.127219673977115,0.296113217521685,0.295156257706926,0.0030414057181052,0.0,0.03419001923717,0.0,0.001086352103407,0.002959420707857,0.0,0.0524716442914952,0.0,0.0,0.0010819961413736,0.009943017174047,0.004909090541928,0.0,0.0017244523208376,0.0025652282590879,0.0,0.0,0.0537756443426976,0.0262961641301916,0.0,0.0,0.0232122555616767,0.0050352634139617,0.0,0.0,0.0086564896063697,0.0,0.0,0.0545933747330183,0.0,0.0246863293954099,0.0,0.018785637973053,0.0,0.0,0.0074103216227485,0.0007152988332645,0.0039537678904946,0.038925976205564,0.0076095396839026,0.0433645701757677,0.0045248850092823,0.0280704808853968,0.0028758655790874,0.0141034445498835,0.05377222690686,0.0,0.0,0.0,0.0016341000906832,0.0036513418487127,0.0
ACAv,0.0,0.0,5.01917181094876,0.0,0.0230570261646935,0.0931398410305139,0.0,0.0,0.0,0.0,0.0709482133149482,0.0570826586570144,0.0023416056982422,0.0,0.0,0.0,0.0015626301554544,0.0,0.0,0.0,0.0,0.0,0.0,0.0635282632646572,0.0020761465180132,0.0,0.0,0.0,0.0033758988301043,0.0,0.0035784658768621,0.001640332670228,0.0,0.0,0.0,0.0,0.0833341207960071,0.0,0.0282757971470736,0.0,0.0816683681170021,0.0119614059645517,0.0,0.0,0.0299696027340431,0.0,0.0,0.0,0.0,0.0,0.0,0.0,0.0,0.0,0.0048197299727339,0.0191812504948501,0.0,0.0042820588340064,0.0,0.0,0.0,0.0,0.0653312022411372,0.0065023903948817,0.0,0.0,0.0742622763836833,0.0,0.0,0.0,0.0,0.0125871210777652,0.0447653313375852,0.136273941575334,0.182678385518553,0.0,0.0334951151948044,0.0,0.0,0.0976824369248785,0.0078561767903762,0.0,0.0,0.0,0.0,0.0,0.0034075807754308,0.0,0.0047521334759163,0.0,0.0187617863739687,0.0505168425897979,0.0,0.0,0.0,0.0091180768809945,0.0281293650697583,0.0213285414558709,0.0,0.017273819438967,0.0,0.0624364282357447,0.040305646181121,0.0,0.0,0.0,0.0,0.116813566468355,0.0,0.0,0.652443356037023,0.0,0.0,0.0,0.0,0.893009700207812,0.0,0.0,0.0,0.145416522495979,0.0,0.0191143133226357,0.0051847377654773,0.0,0.0,0.0,0.266792613642962,0.0,0.0,0.0295915628889891,0.0,0.0,0.0,0.0,0.0136294038975367,0.0,0.0018123715423282,0.0,0.0,0.0,0.0,0.0834358970161621,0.0,0.0075327098162687,0.0683695906482982,0.000639347770065,0.0008820061406804,0.0,0.003026442790441,0.11216937728823,0.0,0.0,0.0011861751191572,0.523495447461167,0.0496815022894574,0.0,0.0357810654256652,0.0033375751553937,0.501167495672785,0.0541750630680244,0.0,0.0,0.0013250713109356,0.0,0.0014396329213353,0.0,0.0,0.0599625455305064,0.0329961830972844,0.0,0.0,0.0,0.0,0.0,0.0,0.0,0.0,0.0,0.0,0.0,0.0,0.0,0.118513091343113,0.0,0.0,0.0,0.0,0.0,0.0,0.0,0.0145720913599564,0.0,0.0,0.001711646943525,0.0,0.0,0.0,0.0,0.0,0.0,0.0,0.0,0.0072321539905667,0.0049473982598723,0.0211933311769727,0.0043168877611367,0.0121134828345475,0.0087364770439307,0.0,0.0,0.0,1.47179957670599,0.0,0.0096515384488983,0.0157424619689189,0.0,0.0,0.0,0.0,0.0108056453536569,0.0,0.0036981750649939,0.0,0.0,0.0,0.0,0.0,0.0,0.0,0.0,0.0,0.0,0.0029348399805659,0.0,0.0,0.0,0.0,0.0009558105440226,0.0,0.0,0.0006622161002736,0.0024428879274383,0.0,0.0,0.0,0.0894435452617499,0.0,0.0020262720458499,0.0,0.0,0.0034112189033784,0.0,0.0,0.0028532984544125,0.0,0.0,0.0,0.0,0.0,0.0,0.0,0.0,0.0,0.0,0.0,0.0,0.0,0.0,0.0,0.0,0.0,0.0167678506101651,0.0051877944139117,0.0,0.0,0.0094267640955555,0.0,0.0,0.0,0.0084110269535403,0.0,0.0,0.0068932683065939,0.0464363175416712,0.0,0.0027838664440193,0.0,0.0,0.0378777156886945,0.0013276384412514,0.0,0.0,0.0135749680960242,0.0,0.0,0.0,0.0,0.0,0.0,0.0010884612659367,0.0238159325038787,0.0061834367911583,0.0,0.0,0.0015042066738525,0.0030590437654495,0.0009007117103828,0.0,0.0074482150812927,0.0,0.0114869959198996,0.0268028450040756,0.0,0.0,0.0,0.0,0.0326067501926976,0.0,0.0,0.0841037674856796,0.0,0.0,0.0,0.0,0.162596973844706,0.0,0.0,0.0,0.101177085025672,0.0,0.0174615068225279,0.009990747932917,0.0,0.0,0.0,0.159223093856945,0.0,0.0,0.0220656258326946,0.0,0.0,0.0,0.0,0.0106512475282049,0.0,0.0013794196209955,0.0,0.0969894462054146,0.0,0.0,0.0156830565932714,0.0,0.0025789572023576,0.0195441976971968,0.0,0.0,0.0,0.0010149264844595,0.0377732237671229,0.0,0.0,0.0018218290819774,0.0,0.0,0.0,0.0120252831143117,0.0,0.0778193489684038,0.0073465484225962,0.00317052010221,0.0,0.0033724690713959,0.0,0.0032078145936231,0.003390937610128,0.0,0.0255291498172293,0.0170983574647537,0.00058448738487,0.0,0.0,0.0,0.0,0.0,0.0,0.0017447114428822,0.0,0.0,0.0,0.0,0.0,0.0539349377356846,0.0,0.0,0.0,0.0,0.0,0.0016968763115679,0.0,0.0029084969486363,0.0,0.0,0.0,0.0,0.0,0.0,0.0,0.0,0.0,0.0,0.0,0.0140142419176357,0.0,0.0,0.0,0.0073418534419985,0.0046115652499312,0.0
ACB,0.0029540538608876,0.0,0.0,2.99868063615327,0.0,0.0426669925968904,0.0,0.0,0.0076396391742434,0.0,0.0008134448775645,0.0006030679317728,0.0023660591842793,0.0068218241582943,0.182575572699786,0.0,0.0,0.0,0.0,0.0007889936684601,0.0,0.0227011830024562,0.0078256381011835,0.329663723702175,0.0214453252713646,0.0,0.0,0.0083930750896899,0.0,0.0,0.0,0.0030591162773801,0.0,0.0012802729990929,0.003242048503271,0.0,0.0015770264573409,0.0,0.0,0.0005605263473321,0.0029958193979929,0.0164671673754782,0.0,0.002672936322014,0.0026170499582404,0.0015254705843735,0.0054902361675543,0.0010055854114963,0.0,0.0041310262786895,0.0,0.0,0.0,0.0097376651814265,0.0,0.0,0.0,0.0,0.0009848078202997,0.0,0.0,0.0,0.0078257952592527,0.0014195450732948,0.0,0.0,0.0048175379052466,0.0,0.0028062066380886,0.0,0.0,0.0,0.0,0.0033323293533638,0.709126608689611,0.0,0.259618694313267,0.0005282838288489,0.0,0.186243527211745,0.217774155841547,0.005254085625907,0.0,0.0037838889076127,0.0,0.0,0.0,0.0,0.0,0.0,0.0,0.0,0.150451920129918,0.0,0.0217168295491397,0.0,0.183246540850222,0.0,0.0543426296025554,0.0,0.0,0.0108455710466793,0.0,0.0,0.0,0.0,0.0,0.0,0.0,0.0,0.0066441346509126,0.0,0.019287345164953,0.0012046336320746,0.0038688858548156,0.0199043183889967,0.0,0.0,0.0006487183969814,0.0005544985149994,0.0,0.0006327142229561,0.0040985055513952,0.0,0.0,0.0,0.0292745194023169,0.0134522536095348,0.0,0.0034163722321702,0.0,0.0,0.0011532709734194,0.0,0.0017506334364013,0.0,0.0021869591669153,0.0,0.004678528495875,0.0,0.0,0.0,0.0,0.0113776771465699,0.0075174790220275,0.0,0.0005249812537253,0.0,0.002402996316183,0.0018009979612835,0.0,0.0052687544019254,0.0272307479428937,0.0,0.0,0.0,0.0060623800632113,0.0013430184930412,0.0008515154279013,0.0006421511603049,0.0,0.825680736855302,0.000524894257071,0.0,0.0356672954240126,0.0,0.0,0.0,0.0,0.0,0.0,0.0,0.0,0.0,0.000552179556556,0.0,0.0017646037329164,0.0,0.0,0.0,0.0032231791273181,0.0,0.0043250027686725,0.0,0.0,0.0024684934622066,0.0036544250631008,0.0,0.0,0.0138213233938248,0.0243934096706621,0.0,0.0,0.0016046084041799,0.0,0.0,0.0,0.0,0.0,0.0,0.0,0.0,0.0,0.0,0.0,0.0,0.0,0.119676021140982,0.0,0.0,0.0,0.0011957979411313,0.0,0.0,0.0,0.0007253401171989,0.0,0.0008217804159277,0.0,0.0,0.0,0.0006529894250715,0.0,0.053370410590065,0.0,0.0,0.0,0.0,0.0,0.0,0.0,0.002636290428135,0.0027362906644418,0.0,0.0,0.0,0.0,0.0,0.0,0.0,0.0,0.0,0.0009969794186503,0.002205511790185,0.0,0.0,0.0009070142891345,0.0006571224056825,0.0006281293030989,0.0188929101652524,0.0,0.0,0.0,0.0,0.0,0.0009355226519852,0.0,0.0,0.0,0.0,0.0,0.0,0.0,0.0,0.0,0.0,0.0,0.0,0.0,0.0,0.0,0.0,0.0,0.0,0.0,0.0,0.0,0.0,0.0,0.0,0.0,0.0,0.0007528052455351,0.0,0.0,0.0,0.0,0.0,0.0,0.0,0.0,0.0,0.0,0.0,0.0,0.0030009398775534,0.0,0.0,0.0,0.0,0.0,0.0044470170729077,0.0,0.0,0.0,0.0008796206470841,0.0,0.0,0.0,0.0,0.0038710136954017,0.0,0.0,0.0015430246661887,0.0,0.0,0.0,0.0,0.0,0.001708413135795,0.0,0.0068190881025185,0.0005334766300608,0.001871022521366,0.0005838697349571,0.0,0.0,0.0,0.0,0.0,0.0,0.0017969946301913,0.0,0.0,0.0,0.0,0.0054830929897643,0.0,0.0,0.0,0.0,0.0024857772667179,0.0,0.0,0.0010563293378883,0.0007371460115181,0.0,0.0,0.0,0.0,0.0,0.0,0.0006498114167631,0.0,0.0,0.0,0.0,0.0,0.0,0.0,0.0,0.0,0.0,0.0008508845050968,0.0016808339175508,0.0,0.0,0.0,0.0,0.0,0.0,0.0,0.0,0.0,0.0,0.0,0.0,0.0,0.0,0.0,0.0,0.0,0.0,0.0,0.0,0.0,0.0,0.0,0.0,0.0005284147628978,0.0,0.0,0.0,0.0,0.0,0.0005292927842409,0.0,0.0,0.0024164121556708,0.0,0.0,0.0,0.0012316455813517,0.0,0.0,0.0,0.0,0.0,0.0,0.0,0.0,0.0,0.0,0.0,0.0,0.0,0.0,0.0
AD,0.0,0.0,0.798830355895787,0.0,1.10693357047321,0.0,0.0,0.0,0.0,0.0,0.0,0.0,0.0,0.0,0.0,0.0,0.0,0.0,0.0,0.0,0.387214717849885,0.0,0.0,0.280524848559068,0.0011111746875666,0.0006973510485017,0.0101347004769232,0.0,0.0008683603419547,0.0,0.0,0.0,0.0,0.0041223954784764,0.0089661705647872,2.86501278472856,0.0,0.0,0.0,0.0,0.0844721355187557,0.0,0.0,0.0,0.0,0.0,0.126998419836473,0.762676408759285,0.0,0.0025034053960362,0.0,0.0,0.0,0.0,0.0,0.0,0.0,0.0,0.0,0.0,0.0,0.0,0.0,0.0,0.0,0.0,0.0,0.0,0.0315133802281492,0.0,0.0,0.0,0.0,0.0,0.0,0.0,0.0,0.0,0.0,0.0071166851885201,0.0006021854319464,0.0,0.0,0.0728364422852137,0.0,0.0,0.0,0.0,0.0,0.0,0.0,0.0804899669670115,0.0,0.0,0.0,0.0,0.0,0.0,0.0,0.0,0.0,0.0039728034377215,0.0,0.0,0.0,0.0009078880485915,0.0,0.0,0.0,0.0,0.0,0.0,0.0,0.0,0.0047171500127964,0.0,0.286175327379658,0.0,0.0,0.0,0.0,0.0,0.0,0.0,0.0,0.0,0.0,0.009247213387107,0.0,0.0,0.0,0.0,1.14766291683953,0.0,0.0,2.68549364710217,0.0,0.0,0.0,0.0,0.0,0.0,0.0,0.0,0.0,0.0010405566576276,0.0,0.0,0.0,0.0,0.0,0.0,0.0,0.0,0.0,12.8618205683871,0.0,0.0,0.0,0.0083705918253232,0.0,0.0,0.0,0.0,0.0,0.0,0.0,0.0,0.0,0.0,0.0,0.0,0.0,0.0,0.0,0.0,0.0009376872433718,0.0,0.0,0.0,0.0,0.0,0.0011820108038301,0.0,0.0,0.0,0.0040252783716618,0.0,0.0,0.0,0.0006227035081985,0.0,0.0,0.0,0.0,0.0,0.0,0.0,0.0,0.0,0.0292018407548039,0.0,0.0,0.0,0.0,0.0,0.0,0.0,0.0,0.0,0.0,0.0018928531517457,0.0,0.0,0.0,0.0,0.0,0.0,0.0,0.0,0.0,0.0,0.0,0.0,0.0,0.0,0.0,0.0,0.0,0.0020131169895153,0.0,0.0,0.0,0.0081176721827015,0.0,0.0029809406490043,0.0,0.0012859709303123,0.0,0.0,0.0,0.0006108624139433,0.0015672044494127,0.004828830514753,0.0015194750243576,0.0,0.0,0.0,0.0,0.0227204051909084,0.0,0.0,0.0016603511017353,0.0,0.0014084125923255,0.0,0.0007540858652266,0.0,0.0,0.003945254054735,0.0,0.0,0.0,0.0,0.0,0.0,0.0011499465743946,0.0,0.0,0.0,0.0,0.0,0.0,0.0,0.0,0.0,0.0,0.0,0.0,0.0,0.0,0.0,0.0,0.0,0.0,0.0,0.0,0.0,0.0,0.0,0.0,0.0,0.0,0.0,0.0,0.0038896682296991,0.0,0.0,0.0,0.0,0.0008702618065843,0.0025621719921715,0.0,0.0,0.0,0.0,0.0,0.0,0.0,0.0,0.0,0.0,0.0036060004242587,0.001097284616677,0.0010713372994844,0.0,0.0,0.0,0.0,0.0,0.0,0.0015630848772835,0.0,0.0027298505138974,0.0022935154914116,0.0,0.0,0.0,0.0,0.0,0.0,0.0,0.0,0.0,0.0,0.0,0.0043848758591083,0.0,0.0,0.0,0.0,0.0,0.0,0.0,0.0,0.0,0.0,0.0,0.0,0.0,0.0,0.0,0.0,0.0,0.0009210014251531,0.0,0.0,0.0,0.0,0.0,0.0,0.0,0.0023916139049995,0.0046467212610106,0.0800331201599399,0.0,0.0,0.0,0.0,0.0,0.0,0.0076162967065989,0.0,0.0,0.0,0.0,0.0,0.0,0.0,0.0,0.0,0.0,0.0,0.0,0.0,0.0022614516366673,0.0,0.0,0.0,0.001081710268298,0.0,0.0007140119001042,0.0,0.0,0.0,0.0017317112411817,0.0,0.0,0.0,0.0,0.0,0.0,0.0,0.0,0.0,0.0,0.0,0.0,0.0015816190933646,0.0,0.0,0.0,0.0,0.0,0.0,0.0,0.0,0.0
AHN,0.0422023284486273,0.0,0.0,0.0,0.0,1.64340231906687,0.0018289221748461,0.0,0.0,0.0,0.0124192944478508,0.0028681640095586,0.0,0.0,0.0,0.0151675105005606,0.0146658295517004,0.0,0.0,0.0,0.0065471567144016,0.0,0.0646908328228649,0.0839435944757729,0.0,0.0,0.0,0.0,0.0,0.0048581314604597,0.0,0.0218883749091537,0.020748061072443,0.0,0.0,0.0,0.0791846256387738,0.0,0.0222460254219109,0.0,0.0,0.168736490646962,0.0,0.0,0.0262346268069167,0.0,0.0,0.0,0.0,0.0,0.0,0.0,0.0,0.0,0.0089756894347576,0.0140126174479403,0.0,0.0,0.0076806557585661,0.0,0.0,0.0,0.0,0.0054576223308325,0.0,0.0,0.0287289100744004,0.0,0.0,0.0,0.0113335608758939,0.0032276392697737,0.0031216825038463,0.182736461550822,0.838135044241394,0.0211079221263868,0.1630496284367,0.0012184072974027,0.109101524549007,0.561486523055737,0.138179834599327,0.0109110747109921,0.0010960346515662,0.063877331734277,0.0,0.0,0.28510839130193,0.0017521819036786,0.0057419729740607,0.0044071254026853,0.101297301100383,0.0945195295829157,0.0,0.0,0.0,0.0845116789229283,0.138886261978288,0.0,0.315531533891238,0.156292096678196,0.0,0.211889982714328,0.0113344752937968,0.0006014777626077,0.0118381864030936,0.0,0.0,0.0545508435755982,0.0,0.0,0.0,0.0,0.0,0.0577186390619512,0.0,0.642558198991515,0.0,0.0,0.0,0.0525797970416823,0.0,0.0037176029344776,0.0,0.0008667603415247,0.0,0.0,0.444804263771069,0.0,0.0,0.14815027620755,0.0,0.0075288792102769,0.0,0.0022602071606294,0.0248408196376474,0.0,0.0,0.0084427250028047,0.0247825045263124,0.0,0.0,0.116594649924577,0.0,0.054287038518266,0.173620665737519,0.007568947141521,0.0,0.0,0.0158771041594336,0.203150770117556,0.007100060580868,0.0241590321461882,0.0074367387650606,0.0,0.0,0.0,0.0333900730465392,0.0447994573222381,0.130481026849622,0.0022626194779608,0.0651795406190689,0.133254838424539,0.0,0.0135432840655964,0.0,0.0,0.0011503400739994,0.056414581427895,0.0251724808231909,0.008902204527453,0.0,0.0,0.0,0.0,0.0,0.0,0.0005386553440472,0.0007205866998517,0.0,0.0,0.0,0.0012686456075131,0.128078680692224,0.0,0.0,0.0,0.0,0.0020759053348037,0.0295420810801927,0.0053568703033704,0.170613989796562,0.0,0.0040846026553597,0.0,0.0,0.0,0.0,0.0,0.0,0.0,0.0,0.0,0.035933738649934,0.481752175190802,0.0148817454414206,0.0,0.0050472027984403,0.0752392846911197,0.0,0.0,0.0,0.0,0.0,0.0027671268974691,0.0333254056024129,0.0,0.0,0.0,0.0,0.0,0.0,0.0,0.0,0.0,0.0,0.0,0.0,0.0,0.0,0.0016427751293385,0.0,0.0,0.0,0.0,0.0,0.0,0.0,0.0,0.0047330312835223,0.0,0.0121414317032949,0.0039964215766034,0.0,0.0,0.0061383916463571,0.0361660796172336,0.0,0.0055450986112768,0.0,0.0040996326448541,0.0,0.0,0.0,0.0059718445290974,0.0,0.0,0.0,0.0,0.0,0.0,0.0,0.0,0.0,0.0,0.0,0.0,0.0,0.0,0.0,0.0,0.0,0.0,0.002999346911313,0.0,0.0,0.0137789689954516,0.0,0.0,0.0,0.0010822295429144,0.0005714334335278,0.0011144227198385,0.0853233405050286,0.189019638863166,0.0014873104821907,0.0075968960049109,0.0,0.0068800281813327,0.0789071063743997,0.005313201218642,0.0,0.0,0.0394597136797134,0.0,0.0,0.0,0.0007778771974901,0.0009186298447694,0.0007043224125068,0.0187831359848109,0.0267970876259102,0.0,0.0,0.0,0.0,0.0,0.0,0.0890593046826308,0.0527081253751895,0.0,0.0339068861961964,0.0041988335898117,0.0,0.0,0.0,0.0,0.019352254057558,0.0,0.0,0.0,0.0,0.0,0.0,0.0,0.382104416606434,0.0,0.0,0.0023431813640975,0.0199645077139641,0.0,0.0111336232964871,0.0,0.002125190777228,0.0,0.0013388071424027,0.191531706709802,0.0,0.0,0.0839609051777201,0.0,0.0011050613537705,0.0,0.0,0.0039909004958145,0.0,0.0,0.0012358389868578,0.0063893184652993,0.0,0.0,0.0600382729357143,0.0,0.0,0.0969458377659859,0.0,0.0,0.0,0.0280598459927,0.026992270838546,0.0053344165050013,0.0090457047443216,0.0043722319235026,0.0,0.0,0.0,0.0,0.0,0.0455037681389504,0.0012911782357475,0.0115357950457976,0.0,0.0,0.0093623584893296,0.0,0.0,0.0,0.0266647096670641,0.011073693256569,0.0011405040869401,0.0,0.0,0.0,0.0,0.0,0.0,0.0,0.0,0.0,0.0,0.0,0.0,0.0597711959147073,0.0,0.0,0.0,0.0,0.0,0.005348498096898,0.0,0.0427024425612162,0.0,0.0,0.0,0.0,0.0,0.0,0.0,0.0,0.0,0.0,0.0,0.0050914692372352,0.0,0.0,0.0,0.0045108896835234,0.0359841648692499,0.0
AId,0.0733104781410443,0.0019975458310955,0.0,0.735544812305208,0.0,0.0,5.02118548548996,0.869177903732816,0.553604835565838,0.0,0.0,0.0,0.0,0.0,0.0295736162585303,0.0,0.0,0.0,0.0,0.0,0.0,0.405883890811705,0.0986688940969141,0.0275165112647902,0.0,0.0,0.0,0.45473192769565,0.0026653870597233,0.0,0.1875600114398,0.0055172558653053,0.0961882363564957,0.0370939377435162,0.0,6.20483124150328,0.0,0.0,0.00233986891452,0.0,0.0,0.0024873693233324,0.0,0.0088229245727609,0.0173981722627145,0.20785478419451,0.121762951999634,0.0,0.0858306411491242,0.0341286757067496,0.0,0.0,0.147469098505358,0.148033639295239,0.165015122944267,0.0803938827200315,0.0,0.0451736213165488,0.0124823753580585,0.0,0.0,0.0,0.0285206348321979,0.198315539885462,0.0,0.0,0.0,0.0164032360820243,0.0368488032966681,0.0,0.0,0.0,0.0,0.0008744168639953,0.0996172510164572,0.0,0.0113332340051995,0.0,0.0013531910104129,0.001358328802676,0.0,0.0086192950342979,0.0,0.480046888284364,0.0025948346453901,0.0,0.0226905519332486,0.0,0.0,0.0,0.0,0.0,0.0,1.37988979847266,0.862752939164723,0.0,0.0,0.0,0.0952654241059179,0.0,0.0022065881597466,0.0,0.0,0.0,0.0086304972260111,0.0,0.0,0.0,0.0246719249886294,0.128353908091763,0.0215876142044447,0.0143583747228901,0.166669914361655,0.0,0.0231061187816653,0.0524809742544472,0.0,0.0421942016828539,0.0852469776586887,0.0020990743612498,0.0812315234512202,0.0134685297711127,0.0,0.012168889935072,0.0,0.0,0.0069015432380132,0.0,0.310084914656244,0.0,0.0,0.0,0.0,0.0,0.0166577541331193,0.0,0.0,0.0,0.0,0.0,0.0,0.0012103186867303,0.0,0.0,0.0434896244591362,0.0,0.0,0.0,0.0,0.0051921993027594,0.0185436669717702,0.0,0.0117091818594671,0.0,0.0,0.0,0.0256580430168796,0.0,0.0,0.0,0.0,0.340477565498535,0.0,0.0439572946094623,0.0304373134270566,0.0915759333837361,0.0,0.0282846551068854,0.0007726322827529,0.0059459508307462,0.0,0.0,0.0,0.0,0.0,0.0,0.207986689130231,0.0,0.0,0.0,0.0,0.0,0.0,0.0090030797419439,0.0,0.0573873528988117,0.0,0.0,0.0,0.0102200455773768,0.0,0.0027433857075055,0.0,0.0,0.0,0.553926776459437,0.0,0.0,0.0,0.0,0.0,0.0,0.100076434257098,0.0,0.0,0.0,0.0312755850133922,0.0406554245797051,0.0005332063419838,0.0,0.0027746203963814,0.0,0.279508584077188,0.0,0.0,2.16483789942756,0.247763601293336,0.0553437640975044,0.0,0.0,0.0,0.0,0.0,0.0091330751559521,0.0,0.0,0.0,0.0,0.0,0.0,0.10325440407954,0.0,0.0061134585241768,0.0,0.0,0.0,0.0471831135630147,0.0,0.0036177336258634,0.0200835466630473,0.0018268296309441,0.0618543476935246,0.0,0.0,3.49012463757826,0.0,0.0,0.0,0.0,0.0,0.0,0.0,0.0,0.0076952682886542,0.0142792872757914,0.0,0.0,0.036275849575493,0.0056108867280735,0.0,0.0,0.0925792954108531,0.0199657868554022,0.0035225685786633,0.0,0.0,0.395345047655272,0.0005543185007389,0.0,0.0,0.0,0.0026681009434659,0.106283020198669,0.0013214906437019,0.0,0.0,0.0383638135925237,0.008418047391218,0.0,0.0,0.0,0.0,0.0023169232490822,0.0,0.0,0.0,0.0,0.0076367079808288,0.0,0.0,0.0,0.0,0.444983581003166,0.0149733550088239,0.0,0.0,0.0,0.0,0.0,0.0,0.0,0.0,0.724132565989138,0.562257655358445,0.0,0.0,0.0,0.0119709558508726,0.0,0.0008323832209714,0.0,0.0,0.0,0.0,0.0,0.0,0.0,0.0374964280074458,0.0,0.0016422184347313,0.0,0.0369651197003779,0.0,0.0,0.0535134305836203,0.0,0.0849339116222385,0.0216432253485088,0.0007761023259253,0.0,0.0642710859124882,0.0,0.0133034102700294,0.0,0.0,0.0,0.0,0.0790199704182395,0.0,0.0446140013679781,0.0,0.0,0.0,0.0,0.0,0.0,0.0,0.0,0.0,0.0,0.000798719150664,0.0,0.0,0.0172814577239604,0.0,0.0,0.0,0.0,0.0031794942876959,0.0100760128823482,0.0,0.0006709447281988,0.0,0.0,0.0,0.0,0.0,0.0,0.0,0.0,0.017269882489779,0.0,0.0094921185199908,0.0007989027091933,0.0007497091209478,0.0009369454007673,0.0186674710534025,0.0007667660875903,0.0034952620171527,0.0,0.0,0.0,0.0,0.0,0.0,0.100167185365122,0.0,0.0,0.0,0.113253125165573,0.0,0.0,0.0021099113717399,0.0,0.0093905815801788,0.0,0.0,0.0,0.0,0.0,0.000716001399434,0.0076284120138771,0.0005798582773693,0.0014593895417222,0.243325969095241,0.0,0.0,0.0,0.0,0.0,0.0,0.0363914078551121,0.0,0.0,0.0067744299092659,0.0619933176258031,0.0035566990494325,0.0007124769708981
AIp,0.0896871876197947,0.0,0.0,0.421034154488849,0.0,0.0,0.0109020757245286,4.43941406177461,0.0,0.0,0.0014856970302261,0.0,0.0040615012472721,0.0,0.0,0.0,0.0,0.0,0.0,0.0,0.0,0.496282104342122,0.147995021955932,0.0443432897070319,0.0681669277306368,0.0,0.0015431964804428,0.367212443961501,0.0010222709906959,0.0,0.0,0.0,0.0,0.351597453342817,0.323793361990823,0.0,0.0,0.0017740604108817,0.0,0.0012840344103963,0.0056029420464483,0.0,0.0,0.0,0.0,0.0,0.0,0.0,0.762910015979017,0.479100419878221,0.0,0.0,0.0,0.235178224745836,0.0,0.0009483878050895,0.0,0.0173911055848612,0.0021603376409012,0.0,0.0,0.0,0.0,0.0,0.0,0.0,0.0014169807587332,0.001482596705461,0.0,0.0,0.0,0.0,0.0,0.0137204578313661,0.0,0.0,0.0,0.0,0.0,0.0,0.0008433012139988,0.0253542691312445,0.0,0.0,0.0,0.0,0.0,0.0,0.0,0.0,0.0027934098810525,0.0,0.0,0.0,0.0,0.0,0.0,0.0,0.0,0.0,0.0013975990999612,0.0,0.0,0.0007573341287578,0.0988138494704821,0.0012815428261456,0.0,0.0,0.0077240330268767,0.0,0.0,0.0,0.219508620104291,0.0274364845069981,0.773913316601821,0.0,0.0181907858400077,0.0074737937205312,0.0,0.0,0.0,0.0,0.0064289485395914,0.0024510563499882,0.0,0.0010677326539398,0.0,2.0307703461431,0.0,0.0,0.0,0.0,0.0,0.0,0.0,0.0,0.0079351092270604,0.0,0.0,0.0,0.0,0.0049881704400693,0.0,0.0,0.0,0.0,0.0,0.0,0.0,0.0,0.0,0.0,0.0,0.0,0.0,0.0041634639537787,0.0,0.0,0.0,0.0,0.0,0.0452067139301146,0.0018286705228165,0.0,0.0,0.0,0.0011235289244517,0.0,0.0,0.0,0.0006612792743824,0.0005967162518159,0.0,0.0005171267162029,0.0,0.0,0.0,0.0,0.0,0.0,0.0,0.0,0.0010123152019477,0.0,0.0,0.0,0.232272343079684,0.0014991247221792,0.0,0.0,0.0,0.0,0.0,0.0020390141209102,0.0,0.0,0.0,0.0,0.0,0.0,0.0006724397778202,0.0,0.0,0.0,0.0,0.0,0.0,0.0,0.0,0.0,0.0035687642291047,0.0030631280888809,0.133453835375547,0.0,0.0,0.181161327502395,0.298662407492859,0.0045478516002333,0.0,0.0,0.0,0.0031689163618582,0.0,0.0158477919793845,0.0,0.0,0.0,0.0,0.0,0.0,0.107796831812905,0.0,0.0142611527731761,0.0030811340251328,0.0,0.0039237607197773,0.132271835820531,0.0019458600951131,0.0,0.0049269211288503,0.0,0.0,0.0,0.0,0.048778939773008,0.0,0.0023844356609536,0.0014800001425314,0.0,0.0383777031139396,0.0,0.0,0.0049302411218997,0.0,0.017004565006336,0.016932823333456,0.0119689466195575,0.0227379910290991,0.0,0.0,0.0,0.0,0.0244673252848906,0.0,0.0,0.0,0.144777407992128,0.0,0.0,0.0,0.0,0.0063368070592987,0.0,0.0,0.0,0.0,0.0,0.0176813445700427,0.0,0.0,0.0,0.0,0.0,0.0008799133989114,0.0,0.0,0.0,0.0,0.0,0.0,0.0,0.0,0.0,0.0,0.0006673867682577,0.0,0.0,0.0,0.0,0.0,0.0,0.0,0.0482192733152572,0.0,0.0,0.0,0.0,0.0,0.0,0.0006199205619721,0.0026764373275748,0.0,0.0,0.0,0.0006788084260193,0.0,0.0,0.0030942671253833,0.0,0.0063884524039427,0.0019910984014136,0.0180422938868187,0.0,0.0,0.0,0.0044270315790034,0.0,0.0,0.0,0.002473053827442,0.0,0.0115686437992368,0.0,0.0,0.0,0.0,0.0,0.0091586712655412,0.0,0.0,0.0,0.0030779355581648,0.0,0.0,0.0017145309548811,0.0012997199722681,0.0,0.0,0.0,0.0,0.0,0.0,0.0,0.0,0.0,0.0,0.0,0.0,0.0,0.0,0.0,0.0,0.0011060723619844,0.006648097701825,0.0014998615768457,0.0,0.0,0.0,0.0,0.0,0.0028899616947062,0.0019823419255054,0.0,0.0,0.0,0.0,0.0,0.0,0.0,0.0,0.0,0.0,0.0,0.0,0.0,0.0,0.0,0.0,0.0,0.0,0.0,0.0007810080864277,0.0,0.0,0.0,0.0854628647654204,0.0,0.0,0.0034842279265593,0.0,0.0,0.0,0.0007927997259059,0.0,0.157130234206068,0.0,0.0,0.0,0.0011812829674693,0.0012951974846622,0.0,0.0,0.0,0.0,0.0,0.0,0.0,0.0
AIv,0.141566419318889,0.0877280660583078,0.0632485109962219,0.896904800418394,0.0,0.0,0.0,0.0,2.07615355720755,0.0,0.0,0.0,0.000960865866143,0.0,0.410201216087191,0.0,0.0,0.009252530238952,0.0017293440889781,0.0114305547814337,0.0,0.0,0.0335370255878464,0.0,0.0027169969046935,0.0,0.0,0.0,0.0,0.0,0.148273394966131,0.0,0.0,0.0882062470410395,0.004832948141792,0.0,0.0,0.0,0.0,0.0,0.0,0.0,0.0,0.001399215622881,0.0,0.171595877065229,0.119011908758616,0.0041345178606972,0.326603534007994,0.0742445776882023,0.0,0.0,0.0,0.0,0.0,0.0,0.0,0.166757493396943,0.0,0.0,0.0,0.0,0.0495576554166423,0.0,0.0,0.0,0.0,0.0,0.0,0.0,0.0,0.0,0.0,0.0177485600339955,0.142826280801036,0.0009559716319017,0.0,0.0008493120197277,0.0,0.0129569535615746,0.0,0.117707407197068,0.0,0.0,0.0,0.0,0.0830217995353505,0.0,0.0,0.0,0.0010243819402048,0.0018305324407413,0.141337431908089,0.0,0.0,0.0,0.0,0.0,0.0,0.0020430522127204,0.0,0.0751413717496454,0.002737371048563,0.0,0.0560139679035364,0.0,0.0005234319547862,0.0,0.0,0.0,0.866808159026161,1.39901492258347,0.447233425630699,0.0,0.0116077585679543,0.0,0.0,0.0,0.0,0.0076199503207754,0.0027115091206211,0.0,0.0021613940519909,0.0,0.0,0.0,0.0,0.653057770842714,0.136620591290457,0.0005933688696867,0.0,0.0,0.0,0.0,0.0,0.0,0.0,0.0,0.0,0.0,0.0,0.0111282732210106,0.010392187407896,0.0,0.0,0.0,0.0,0.0,0.0,0.0396634373369643,0.0,0.0,0.0,0.0061457563475004,0.0111115096450881,0.0039355941002167,0.0,0.0,0.0,0.0,0.0015951524418404,0.454914508256567,0.0,0.0,0.0,0.0,0.0,0.0,0.0021761432438264,0.0,0.0,0.0,0.0,0.0,0.0,0.0,0.0,0.0,0.0040906691957963,0.0,0.0,0.0,0.0049387221621769,0.0,0.0,0.148459968794103,0.0,0.0,0.0,0.139182114643992,0.0022110496404829,0.0,0.0,0.0,0.0,0.0,0.0048587194723542,0.0030281932000868,0.0,0.0006834954967749,0.0,0.0,0.0,0.0,0.0,0.0,0.0,0.0,0.0,0.0,0.0937122438761866,0.0126611573572396,0.0,0.0,0.0,0.0,0.0,0.995685430477707,0.0,0.0,0.0,0.0006369387873669,0.0193498555785218,0.0,0.0,0.0,0.0,0.0,0.0,0.0,0.0,0.0,0.0,0.0,0.0,0.0,0.0,0.0,0.0,0.0283437767479096,0.0,0.0,0.0,0.0,0.0,0.0,0.0,0.0020659192470287,0.0,0.0,0.0,0.0,0.0,0.0,0.0,0.0126069941060302,0.0,0.0,0.0,0.0,0.0,0.0,0.0,0.0,0.0,0.0,0.0,0.0,0.0,0.0,0.0,0.0272831889742109,0.0,0.0,0.0,0.0008252872408244,0.0,0.0,0.0,0.0,0.0,0.0,0.0062988574336845,0.0,0.0,0.0,0.0,0.0,0.0075587589342186,0.0,0.0,0.0,0.0,0.0,0.0,0.0,0.0,0.0009530499815788,0.0,0.0,0.0,0.0111104160687907,0.0,0.0,0.0,0.0,0.0,0.0,0.0,0.0,0.0,0.0032402002463131,0.0,0.0,0.0005742499843584,0.0,0.0009768621181455,0.0,0.0,0.398974286742718,1.13957500724314,0.0,0.0,0.0007249800938654,0.0,0.0,0.0,0.0,0.0098579580594233,0.0,0.0,0.0,0.0,0.0,0.0,0.0,0.0,0.340084361036377,0.0,0.0,0.0008651623015107,0.0,0.0,0.0,0.0,0.0,0.0,0.0,0.0,0.0,0.0,0.0,0.0,0.0,0.0,0.0,0.0,0.0,0.0110979788301131,0.0,0.0,0.0,0.0,0.0,0.0,0.0,0.0,0.0,0.0,0.0005473862056153,0.0,0.0,0.0,0.0,0.0,0.0,0.0,0.0,0.0048517210117172,0.0,0.0,0.0,0.0,0.0,0.0,0.0,0.0,0.0,0.0,0.0,0.0,0.0,0.0,0.0,0.0,0.0,0.0,0.0,0.0,0.0,0.0,0.0,0.0,0.0,0.0,0.0,0.0,0.0,0.0,0.0,0.0,0.0,0.0,0.0,0.0,0.0,0.0,0.0
AMB,0.0081093219347675,0.0,0.0,0.0024955635821607,0.0,0.024219216344451,0.0,0.0,0.0,1.62004870930343,0.0,0.0,0.0,0.0,0.0043222982309598,0.172956703420735,0.0077893928671372,0.0,0.0,0.0,0.0,0.0,0.0017290738974501,0.0258833912497743,0.0,0.0,0.0006239392819552,0.0045930213492449,0.0,0.0037085719430124,0.0,0.0,0.0,0.0,0.0,0.0070694662882767,0.0102205100476554,0.0,0.014830240500611,0.0074437718103914,0.0,0.0462886969022434,0.0,0.0017324278295656,0.0,0.0,0.0,0.0,0.0019845756583291,0.0,0.0,0.0,0.0,0.0013059283754689,0.000539907792958,0.0,3.10901565802737,0.0,0.0,0.0,0.0,0.0,0.0006652021307587,0.0,0.96897078015931,0.0,0.0050613203393197,4.59634382854818,0.0,0.0016826502846143,0.0005802196225162,0.0,0.0005136498755469,0.0087209109893738,0.0614133821673723,0.0024022538936975,0.0118095650040299,2.88440415412787,0.0006211090940643,0.0149833100657344,0.0063380651014481,0.0019524498952434,0.0,0.0,3.36362942882204,3.69945427281785,0.0020412287575485,0.0,0.001304467127909,0.0,0.0,0.0,0.0,0.0,0.0,0.0080326670168581,0.0223133516175201,0.0,0.0,0.0187669068759058,0.141323398001981,0.0365574282603543,0.0,0.113116354965812,0.0,0.0014440497313244,0.0,0.0166060550009103,1.92858883631089,0.0,0.0,0.0,0.01937771980238,0.0,0.0,0.0,0.0,1.35365988578875,0.0,0.0,0.0,0.0,0.0,0.0121321993193424,0.130522609688627,5.57842293566891,0.0456372315446084,0.0,0.0,0.0027430496724233,0.0,0.0029663486713348,0.0,0.000686024520301,0.0,0.0021161425131202,0.0,0.0,0.0,0.0547027118672961,0.0,0.0007937356074978,0.0,0.0185507753752697,0.0284455445275414,0.0,0.007004064385564,0.0,0.0151742130669596,0.0154092168655473,0.0,0.0,0.0,0.0,0.0,0.0,0.0,0.0062607472724994,0.0,0.0,0.0009653295745077,0.017973317750879,0.0,0.0,0.0,0.0,0.748651162588129,0.0114740883562179,0.0024994362971404,0.0,0.0478821886857072,0.492547038910783,0.965753631159748,0.0,0.0,0.0,0.0,0.0,0.0008544182886514,0.0,0.0,0.0,0.0,0.0,0.009734197461542,0.0,0.0,0.0,0.0025158747736997,0.0048618501442479,0.0367726326637446,0.0,0.0053986979670959,0.0051173431078232,6.90770545707873,0.0,0.0,0.0,0.0,0.0,0.0,0.0,0.0,0.0130807841001672,0.0009624262811162,0.0,0.0,0.0,0.0,0.0059936435212633,0.0,0.0,0.0127217906781437,0.0,0.0259403847361555,0.0,0.0,0.0036468646358894,0.77841373774662,0.0,0.0005899834146493,0.0,0.0,0.0101922484205234,0.249264812941613,0.0007925844064349,0.0,0.0,0.0,0.0,0.0,0.0017597501595772,0.0230457799349428,0.0,0.0,0.0,0.0124495161818227,0.0,0.0183063628040756,0.0,0.0,0.0,0.0074248158888436,0.0,0.0,0.0200313030725723,0.0,0.0600123568865472,0.0,0.0,0.0182732482889633,0.0,0.002335468296077,0.0,0.0,0.0,0.0062651850514196,0.0010169818033264,0.0,0.0,0.0,0.0,0.0030459981682628,0.0021603427436696,0.0,4.09884815233298,0.0,0.0,0.0,0.0,0.0,0.0024965044780321,0.0,1.4318275186332,0.0141792222535908,0.0026792609770757,0.0,0.0,0.0190607525917127,0.0032181126616352,0.0008208734423835,0.0007245681091971,0.0,0.121194627021189,0.0065240974316068,0.0372597220835031,2.25309725422504,0.0020468487540374,0.0140549460295712,0.0052383571765243,0.0052542743570902,0.971907849698735,0.0348057566655783,1.13836511112116,1.94040792791009,0.0175000433336867,0.0,0.0025225919576833,0.0016428615768334,0.0,0.0,0.0,0.0,0.0,0.0071508668421506,0.0289249773204535,0.0,0.620747364130864,0.0127426543024635,0.331649465005309,0.0705220597643375,0.0040527655200737,0.139047870814613,0.0012217796703019,0.0,0.0,0.0195868900189273,1.02970481438841,0.0,0.0,0.0,0.0,0.0,0.0,0.364258483280131,0.0,0.0,0.0,0.0270105437252078,0.0,0.0727022939867288,0.0,0.0872944671611512,0.150850883794639,5.85309777156825,0.0452419562372159,0.0,0.0,0.0017776086524952,0.0148649631508174,0.0064489553133865,0.0,0.002207713758437,0.159481603929249,0.0,0.0,1.19018158760156,0.286593218635346,0.0476100444822435,0.0,0.0021117583046794,0.0,0.0156953656462703,0.0175919439296785,0.0,0.0055172657858182,0.0,0.0147182968406817,0.0121015630596079,0.0,0.09671660462781,0.0233944606042069,0.0,0.0,0.0,0.0011834624574997,0.0033189726984594,0.0441956970320491,0.0,0.0,0.0525301977550382,0.0,0.0058021421214788,0.0112742201710406,0.0172881495957697,0.420255795138564,0.005451101287968,0.0027455152383611,0.014233660800562,0.0654676060022307,0.0,0.0,0.0,0.0010484169355492,0.0,0.0049752209753766,0.0017651798550463,0.0,0.0,0.0020926949821461,0.003777258325372,0.0,0.0,0.0289650767362236,0.0,0.0,0.12089783821352,0.0011806044679544,0.0017606451100795,0.0157335804690158,0.0,0.0175080638769027,0.0,2.05506331463497,0.0011342986563118,0.0,0.0,0.0,0.0,0.0,0.0,0.043933022805937,0.0074933091015679,0.0,0.0,0.0078094054735213,0.0210970455540098,0.0
AMd,0.0224870847994028,4.7894320975498,8.59480463712064,5.07740921823654,0.172893578366143,0.0,0.0,0.0,0.115656259040411,0.0,1.57155379041238,0.498549961938205,0.0,0.028641547695725,0.0643526524270853,0.0,0.0,0.0,0.0,0.0020155800036037,0.587569145266263,0.30974884291835,0.0,0.0,0.0,0.0,0.000826908262086,0.147113139629169,0.0,0.0405372861374748,0.278858513058452,0.0,0.0391953849384371,0.0,0.0,12.2639063912131,0.0,0.0,0.0,0.0,0.0,0.0,0.0,0.322314878664428,0.0,0.167969728238447,0.476329246885749,0.0,0.0,0.0,0.0,0.0,0.0,0.0351533983332888,0.0,0.003195088397171,0.0,0.0,0.0,0.0,0.0,0.0006168090053196,0.883023917730849,0.0,0.0,0.0,0.0,0.0,0.0,0.0,0.0,0.0,0.0,0.0,0.0,0.0,0.0,0.0,0.0,0.0,0.0,0.0,0.0,0.0298986853221473,0.0,0.0,0.0,0.0,0.0,0.0,0.0,0.0264553134668457,0.453160689632052,0.0,0.0,0.0,0.0,0.0,0.001511768754865,0.0,0.0,0.0013999060311974,0.0,0.0,0.0,0.0,0.0,0.0,0.0,0.0,1.68607956161537,0.528160941791561,0.574195846515402,0.0,0.0,0.0,0.0150955747218609,0.0,0.0,0.0,0.0222005748489455,0.0013060839876033,0.0,0.0,0.0,0.0,0.0,0.0,4.74836393206251,0.0,0.0,0.0,0.0,0.0,0.0,0.0,0.0,0.0,0.0,0.0,0.0,0.0564902250426913,0.0,0.0,0.0486413548221909,0.0,0.0,0.0,0.0,0.0,0.0259397041382779,0.0,0.0,0.0,0.0,0.723188002466987,0.418133161342805,0.0,0.0,0.0,0.0,0.47814411523505,0.0,0.0,0.0053343767598317,0.030491089104591,0.0,0.0,0.0,0.0,0.0,0.0,0.0,0.0,0.0,0.0,0.0,0.0,0.0,0.0,0.0,0.0,0.0041135762794359,0.0,0.0,0.0316238249448383,0.0,0.0,0.0,0.0328096594121777,0.0,0.0,0.0,0.0014100104872814,0.0,0.0,0.0,0.0,0.0,0.0,0.0240721487770403,0.0,0.0,0.0,0.0,0.0,0.0,0.001945306486571,0.0,0.0,0.0429492920977323,0.019483391801375,0.0,0.0020153580477597,0.0,0.0,0.0,0.0,0.0,0.0463451288088918,0.0045363993851721,0.0,0.0,0.0,0.0,0.0,0.0,0.0,0.0,0.0062737665286876,0.0,0.0,0.0,0.0,0.0,0.0,0.0,0.0,0.0,0.0,0.0,0.0,0.0,0.0,0.0,0.0,0.0019184972579589,0.0,0.0,0.0092713123254994,0.0,0.0,0.0,0.0,0.0,0.0,0.0,0.0,0.0,0.0072642571429686,0.0,0.0,0.0,0.0,0.0,0.0,0.0,0.0,0.0,0.0,0.0,0.0,0.0,0.0,0.0,0.0,0.0,0.0,0.0,0.0,0.0,0.0,0.0,0.0,0.0,0.0,0.0,0.0,0.0,0.0,0.0,0.0,0.0,0.0,0.0,0.0,0.0,0.0,0.0,0.0,0.0036865378210471,0.0,0.0,0.0,0.0,0.0,0.0,0.0,0.0,0.0,0.0,0.0,0.0,0.0,0.0,0.0,0.0,0.0,0.0,0.0,0.0,0.0,0.0,0.0,0.0,0.0,0.0,0.0,0.0,0.0,0.0,0.0,0.0022007294778423,0.0,0.0,0.0,0.0,0.0182991182813574,0.0,0.0,0.0,0.0,0.0,0.0,0.0,0.0,0.0,0.0,0.0,0.0,0.0,0.0,0.0,0.0,0.0,0.0,0.0,0.0,0.0,0.0,0.0,0.0,0.0,0.0,0.0,0.0,0.0,0.0,0.0,0.0,0.0,0.0046359551401398,0.0,0.0,0.0,0.0,0.0,0.0,0.0,0.0,0.0,0.0,0.0,0.0,0.0,0.0010868655082323,0.0010825373167963,0.0,0.0,0.0021957040671577,0.0,0.0025435184615363,0.0,0.0,0.0,0.0,0.0,0.0,0.0,0.0,0.0,0.0,0.0,0.0,0.0,0.0,0.0,0.0,0.0,0.0,0.0,0.0,0.0,0.0,0.0,0.0,0.0,0.0
AMv,0.0,0.0,0.0,0.0,0.0,0.0,0.0,0.0,0.0,0.0,0.0,0.0,0.109476640471555,0.0,0.0,0.0428958832453294,0.0,0.322865841192725,0.0764466662504614,0.0,0.0,0.0,0.0,0.0,0.0,0.0,0.116079436296024,0.0,0.0,0.172029637892563,0.0,0.0281993987891194,0.0,0.0,0.0,0.0,0.0455261638459449,0.0121230245794891,0.0048331135068722,0.0101460881038427,0.804652437933706,0.0,0.0,0.0,0.0234182130575859,0.0,0.0,6.16567444473866,0.0,0.0,0.0087376270965245,0.0,0.0,0.0,0.0,0.0,0.0,0.0,0.0,0.0,0.0,0.0,0.0,0.0,0.0017147000432078,0.0,0.0,0.0,0.0,0.0,1.79336421393376,0.0348248008597836,0.0392679118726473,0.0,0.0,1.22262054450292,0.0,0.0133382270847591,0.0,0.0,0.0,0.0,0.0,0.0,0.0,0.0,0.0,0.0,0.0,0.0,0.0,0.689821746112822,0.0,3.05336716335547,13.6318331888637,0.0,0.0,0.0070145894361101,0.126458105571269,0.0,0.0,0.20445416572656,0.0,0.0,0.0,0.0265788436263552,0.0,0.0,0.0,0.0,0.0,0.0,0.0,0.0,0.0,0.0,0.492924390951888,0.0,0.0,0.0619493111912343,0.0,0.0,0.164004148176471,0.0079493677347175,0.0,0.0,0.0,0.0,0.0,0.0,0.0,0.0172741460185169,1.22295841622322,0.0082438906746205,0.0,0.0,0.058900480437354,0.0,0.0,0.0,0.0057219495089957,0.0,4.12538779481773,0.0,0.0,0.0,0.0,0.0,0.0,0.0,0.137687964994256,0.0018589610406424,0.0,15.3526690489233,16.5317595190284,5.29506428345619,0.0,0.0,0.0,0.0,0.0,0.0,0.0231610753818158,0.0,0.0,0.0,0.0055488251412969,0.0,0.0,0.0,0.0097091754629498,0.0035090838148229,0.0024523982828975,0.0,1.9634624240243,1.90867320886754,0.0,0.0139895664436932,2.40479979972944,1.15264100843883,0.0,0.0,0.056059516543691,0.0,0.0,0.0,0.0,0.0,0.0,0.0,0.0,0.0,0.0,0.0,0.0063128197195887,0.0,0.932841948226335,4.24668687375006,1.4742995200586,5.4191752299698,2.92176958818217,3.90063673109559,0.0,0.0,0.0346441681761833,0.0,0.0,0.0,0.0,0.0,0.0,0.0,0.0,0.0,0.0,0.0,0.0,0.0,0.0,0.244933227909928,0.133487630425604,0.0404096442092907,0.0,0.0,0.0,0.0,0.0008473002183492,0.0,0.0,0.0251506602956302,0.0,0.0,0.0,0.0,0.0,0.0,0.0,0.0,0.0,0.0,0.0,0.0,0.0,0.0,0.0,0.0,0.0,0.007887114171185,0.0170115639364052,0.253794551864792,0.0,0.005355517728864,0.0,0.0,0.0,0.0,0.0,0.0,0.0,0.0,0.0013894539855583,0.0,0.0,0.0,0.001054433612911,0.0065835454628847,0.0,0.0,0.0,0.0,0.0,0.0,0.0,0.0029203804365257,0.0060105373628786,0.0,0.0,0.1405970020221,0.0,0.0056904865981475,0.0030059587679019,0.0,0.0,0.0,0.0023828810089983,0.0,0.0044062357376638,0.0118519259836102,0.0,0.0,0.0,0.0013381825601659,0.0,0.0015448017529984,0.0034878215329602,0.0,0.0009301127281444,0.0,0.0,0.0,0.0222317272956387,0.0,0.0,0.0,0.0,0.0,0.0,0.0620095779196843,0.0,0.0017618058753924,0.0726314033289476,0.0,0.0,0.0,0.0094039613014015,0.0,0.0,0.0014130460553727,0.0,0.0,0.0,0.0,0.0,0.0,0.0,0.0,0.0024773843780167,0.0018028011931707,0.0031809723803312,0.0,0.0,0.180740877170169,0.0,0.0,0.0048820540144821,0.0,0.0,0.0,0.0134236417390119,0.0,0.0,0.0,0.0,0.0,0.0,0.0383994333220546,0.0,0.0,0.0,0.0,0.0,0.0,0.0,0.0,0.0050408263582899,0.0,0.0,0.0,0.0,0.0,0.0,0.0,0.0,0.0,0.0,0.0,0.0,0.0,0.0,0.0175544239666763,0.0,0.0,0.0,0.0,0.0,0.0012454118604134,0.0,0.0,0.0,0.0025129407777761,0.0,0.0010546409986036,0.0006000084813294,0.0,0.0,0.0,0.0,0.0,0.0,0.0,0.0,0.0,0.0,0.0,0.0,0.0,0.0,0.0016897777554043,0.0,0.0,0.0,0.0,0.0572976047551973,0.0,0.0,0.0,0.0,0.0,0.0,0.0,0.0070980066369063,0.0,0.0,0.0,0.0,0.0,0.0,0.0
AN,0.0,0.0,0.0,0.0,0.0,0.0,0.0,0.0,0.0,0.0,0.0,0.0,1.78703892976713,0.0,0.0,0.0,0.0,0.0,0.0,0.0,0.0,0.0,0.0,0.0,0.0,0.0,0.0,0.0,0.0,0.0,0.0,0.0,0.0,0.0,0.0,0.0,0.0,0.0025114326892197,0.0,0.0,0.001026568969604,0.0,0.0294603802664398,0.0,0.0,0.0,0.0007711734989701,0.0007009009241446,0.0,0.0,0.0031528479467508,0.0,0.0,0.0,0.0,0.0,0.0,0.0,0.0,0.0,0.0,0.0,0.0,0.0,0.0,0.0464133637022327,0.0,0.0,0.0,0.0,0.0,0.0,0.0,0.0,0.0,0.0,0.0,0.0,0.0,0.0,0.0,0.0,0.0,0.0,0.0,0.0,0.0,0.0,0.0,0.0,0.0,0.0,0.0011223709339545,0.0,0.0,0.0,0.0,0.0,0.0018781470398936,0.0,0.0,0.0,0.0,0.0,0.0,0.0,0.0,0.0,0.0,0.0,0.0,0.0,0.0014706925414089,0.0,0.0,0.0,0.0,0.000994642617861,0.0015130658034766,0.0,0.0,0.0,0.0200033102463759,0.0126805128844548,0.0,0.0,0.0,0.0017796963046504,0.0,0.0,0.0,0.0,0.0,0.0,0.0013984777897758,0.0,0.0087604603589302,0.0,0.0,0.0,0.0010160853598394,0.0,0.0,0.0,0.0,0.0,0.0,0.0,0.0,0.0,0.0,0.0,0.0,0.0,0.0,0.0,0.0,0.0,0.0,0.0,0.0,0.0,0.0190403955045377,0.0,0.0,0.0,0.0,0.0,0.0,0.0,0.0,0.0,0.0013748272740107,0.000532422889537,0.0,0.0,0.0,0.0,0.0,0.0,0.000705218610188,0.0,0.0,0.0,0.0,0.0,0.0,0.0010863121392755,0.0,0.0,0.0006601435115106,0.0,0.0,0.0,0.0,0.0,0.0,0.0,0.0,0.0,0.0,0.0,0.0,0.0,0.0,0.0,0.0,0.0,0.0,0.0,0.0,0.0,0.0,0.0,0.0,0.0,0.0,0.0,0.0,0.0,0.0,0.0017722123561603,0.0,0.0,0.0,0.0,0.0,0.0,0.0,0.0,0.0,0.0,0.0,0.0,0.0,0.0,0.0,0.0,0.0,0.0,0.0,0.0,0.0,0.0012653321969816,0.0,0.0,0.0,0.0,0.0,0.0031260067909148,0.0,0.0,0.0,0.0,0.0,0.0005686370521104,0.0009161206068127,0.0,0.0,0.0,0.0,0.0,0.0,0.0,0.0,0.0,0.0,0.0,0.0,0.0,0.0,0.0,0.0,0.0,0.0,0.0,0.0,0.0,0.0,0.0,0.0,0.0,0.0,0.0,0.0,0.0,0.0,0.0,0.0,0.0,0.0,0.0,0.0,0.0,0.0,0.0011579032365093,0.0,0.0,0.0,0.0,0.0,0.0010789450439239,0.0,0.0,0.0,0.0,0.0,0.0026348631721698,0.0,0.0,0.0016331679361561,0.0,0.0,0.0,0.0,0.0,0.0,0.0,0.0,0.0,0.0,0.0021017371635552,0.0,0.0,0.0,0.0,0.0,0.0,0.0,0.0,0.0,0.0,0.0255952379222033,0.0,0.0,0.0,0.0011076132678695,0.0,0.0,0.0,0.0,0.0007872949103509,0.0,0.0,0.0,0.0010755196473149,0.0,0.0012966964627714,0.0,0.0,0.0,0.0,0.0,0.0,0.0,0.0,0.0,0.0,0.0,0.0,0.0013335844464259,0.0,0.0,0.0006445294189292,0.0006920703118563,0.0,0.0,0.0005148401961314,0.0,0.0,0.0,0.0,0.0,0.0,0.0,0.0,0.0,0.0,0.0,0.0,0.0,0.0,0.0,0.0,0.0,0.0,0.0,0.0,0.0,0.0,0.0,0.0,0.0,0.0,0.0,0.0,0.0017809202624894,0.0,0.001230756175429,0.0,0.0,0.002244208057497,0.0,0.0,0.0,0.0,0.0,0.0,0.0,0.0,0.0,0.0,0.0,0.0,0.0,0.0,0.0,0.0
AOB,0.0,0.0145256476618749,0.0,0.0126125697513071,0.0,0.0,0.164635002448659,0.0431244260605671,0.0200864857543943,0.0,0.0,0.0,0.0,2.40379754886939,0.0917819058249151,0.0,0.0,0.0,0.0074762770941085,0.0048870514610761,0.0,0.0161689236804065,0.0,0.0,0.0,0.0,0.0118193377293681,0.0015169121643393,0.0,0.0,0.0,0.0,0.0,0.016308445912008,0.160163937708677,0.487955938733015,0.0,0.0,0.0,0.0,0.0403173240763921,0.0,0.0,0.0,0.0,0.0272179943338393,0.126944259467411,0.0259447356121341,0.0060866811706441,0.0058658314658403,0.0,0.0,0.0445855674377129,0.0006043338741071,0.0019038340008395,0.0,0.0,0.0012335907332446,0.0,0.0,0.0,0.0,0.0009658691465629,0.0,0.0,0.0,0.0,0.0,0.0009387366891594,0.0,0.0,0.0,0.0,0.0,0.0,0.0,0.0,0.0,0.0,0.0,0.0,0.0,0.0,0.0,0.0,0.0,0.0669978164601711,0.0056076655048733,0.0,0.0,0.0050089384102398,0.0039852235364442,0.126625381577461,0.0,0.295370575049035,0.0,0.0,0.0,0.0,0.0,0.0,0.0,0.0,0.0,0.0089357657161303,0.0,0.005259586160048,0.0,0.0,0.0,0.0075632564171488,0.060549394807062,0.0489368048825838,0.004207341056529,0.0270731608888025,0.0,0.0018664215927877,0.0,0.0,0.0,0.0151444551298332,0.0,0.0,0.0030565667184027,0.0,0.0,0.0,0.672851178563533,0.026486747603984,0.0,0.0,0.0006907867208297,0.0101896731360076,0.0,0.0,0.0,0.0,0.0,0.0,0.0,0.0,0.0,0.00212568793518,0.0,0.0,0.0018281756717809,0.0,0.0,0.0,0.0,0.0,0.0,0.0,0.0077632434638699,0.0268411745604293,0.0092741178892081,0.0,0.0,0.0101123470432874,0.0126950825831368,0.0013235879968166,0.0,0.0,0.0,0.0,0.0,0.0,0.0,0.0,0.0010777130921507,0.0,0.0,0.0,0.0,0.0,0.0,0.0,0.0036338222011167,0.0010728409427032,0.0,0.0005975349917599,0.0,0.0046336588162659,0.0,0.0,0.0254290609825403,0.0322804958679084,0.0,0.0181311815792884,0.0,0.0251513569145668,0.0,0.0,0.0,0.0,0.0239181188260747,0.0023731462320346,0.0,0.0074797099295486,0.0302276541348886,0.0,0.0011853085287945,0.0,0.0,0.0,0.0,0.0,0.0,0.0,0.0,0.0,0.0052176765529748,0.0275678922932668,0.0,0.0,0.109586160528336,0.0129261009526827,0.0033917115476306,0.0,0.0,0.0,0.0,0.0008970440593383,0.0,0.0,0.0009145949968952,0.0,0.0011769151595419,0.0080783345765119,0.0015406888600615,0.0040875422422544,0.0,0.0014472902952834,0.0130975495668536,0.0029907525198884,0.0203969417790925,0.0,0.0,0.0,0.0017859293176421,0.0,0.0,0.0090812729216035,0.0436535313122105,0.303954476662275,0.0,0.0,0.0,0.0010522993089238,0.0964384257716138,0.0,0.0,0.0,0.0,0.0104857400655071,0.0408874039197066,0.0199128486302057,0.0053071828559836,0.0016380250609286,0.0,0.0,0.0514785040574014,0.0007576395553786,0.002003442028513,0.0,0.0,0.0,0.0,0.0,0.0,0.0,0.0,0.0,0.0,0.0,0.0014732226198694,0.0,0.0027598806487232,0.0,0.0,0.0,0.0,0.0,0.0,0.0,0.0,0.0,0.0,0.0,0.0,0.0,0.0,0.0,0.0,0.0,0.0129042278905197,0.0007796516888009,0.0,0.000990565507981,0.0095885228685343,0.0035779304645121,0.118240084174669,0.0,0.0,0.0,0.0007465162896581,0.0,0.0,0.0,0.0,0.0186672122983979,0.0,0.0035224346426078,0.0,0.0,0.0,0.0,0.0,0.0,0.0007838737941017,0.0167718813474751,0.040145898993748,0.0,0.0249083774936394,0.0,0.0024482779216587,0.0,0.0,0.0,0.0056447279347314,0.0,0.0,0.0094363565470199,0.0,0.0,0.0,0.0231059224910822,0.0111331904788179,0.0,0.0,0.0,0.0247099040424718,0.0,0.0,0.0064288497331828,0.0005459695246175,0.0,0.0,0.0,0.0,0.0,0.0,0.0,0.0,0.0024093810716092,0.0,0.0,0.0,0.0,0.0,0.0,0.0,0.0135643650524785,0.0222089229736535,0.0130415477094507,0.0,0.0,0.0,0.0,0.0021986722454519,0.0025847512488458,0.0,0.0,0.0,0.0006334262034877,0.0,0.0,0.0,0.0,0.0,0.0,0.0,0.0,0.0009194679092897,0.0,0.0017475439052849,0.0,0.0010529925113593,0.0,0.005872065905763,0.0,0.0038933747878948,0.0,0.0,0.0132295510032257,0.0190352455957752,0.0,0.0188797384908555,0.0,0.0092036732790041,0.0,0.0,0.0006290625791479,0.0,0.0032021244248699,0.0006934366562512,0.0,0.0054920758240497,0.0125766592596564,0.0,0.0005348427648143,0.0,0.0,0.0,0.0,0.0,0.0,0.0
AON,0.0872232041460599,0.0033860526165613,0.014691355224784,0.692379462556143,0.0,0.0076524664291838,0.0855449706868662,0.0715686119268379,0.369666470505908,0.0,0.0,0.0,0.0016778271120752,0.518635649831379,9.55237281485171,0.0,0.0019370499721292,0.0,0.0,0.0,0.0,0.0403047688425595,0.0405679533180849,0.0941114531488842,0.0929841871506968,0.0,0.0035179894537425,0.0260353461800982,0.0,0.0,0.0976661776451273,0.0011176836273697,0.0012081862971622,0.0437885664581083,0.0,0.0782055439514441,0.0,0.0,0.0007179599247871,0.0,0.004812458065898,0.0121076701111081,0.0,0.160228003382416,0.0022047560716297,0.0123091127357617,0.0187169697322722,0.0043821612248012,0.888030274823798,0.105826335886654,0.0,0.0,0.0118976633028655,0.0309142236369097,0.0,0.0,0.0,0.0016792598859183,0.0056188515144901,0.0,0.0,0.0,0.0973678607356804,0.0024975361791906,0.0,0.0,0.0007614169461271,0.0,0.0044809158002338,0.0,0.0,0.0,0.0,0.0023264475977249,0.0414399057109194,0.0,0.0259197065057776,0.0,0.0,0.0239987819033109,0.0154631477664312,0.0576742112134314,0.0,0.0032513272247178,0.0,0.0,0.0550043554161183,0.0,0.0,0.0,0.0012954517844325,0.0,13.9010059222275,0.0,0.0,0.0100609786135469,0.0272021648003854,0.0,0.0,0.0122570582109244,0.0,0.045715121188844,0.0,0.0,0.0482613227497969,0.0015768278853151,0.0,0.0,0.0,0.334370105319173,0.193560112992283,0.263402847079738,0.729221593509994,0.0019342255476605,0.0060135592146219,0.0085265810932417,0.0,0.0,0.0041773101923754,0.0016312355698878,0.0007063467321526,0.0,0.003089932227468,0.0,0.0,0.0,0.0067324505567616,3.23085725845927,0.0709833355545385,0.0,0.0,0.0,0.0,0.0,0.0,0.0,0.0010186595478283,0.0,0.0,0.0,0.0,0.0061855108872135,0.0,0.0040128929874809,0.0196727112876747,0.0007970107386048,0.0051238544194588,0.0,0.0032444088056401,0.0062463125815244,0.0007087374001668,0.0,0.0,0.0,0.0,0.0,0.0011656035153465,0.0019965254781404,0.0,0.0,0.0021634133104282,0.388766315419776,0.0,0.0047431628061328,0.0,0.0,0.0,0.0020736872525077,0.0,0.0,0.0,0.0,0.0,0.0,0.0,0.0,0.0,0.0,0.0,0.0,0.0,0.0,0.0,0.0,0.0,0.0009730579954022,0.0,0.0,0.0035054922123822,1.07875271159017,0.0110335426760169,0.0,0.0,0.0009577533149763,0.0,0.0,0.0,0.0,0.0,0.0,0.0005248354233762,0.0,0.002288291721633,0.0017576591561172,0.0,0.0,0.0013582560859687,0.0104335638964974,0.0,0.0022008540678484,0.0,0.0019665112899729,0.127858373659018,0.0,0.0008875413174832,0.0018451983129484,0.0035582569780166,0.0507513870411099,0.0,0.0,0.0,0.0016750582914525,0.130992541964573,1.31138547941836,0.0,0.000942387931828,0.0,0.0,0.0,0.0,0.0,0.0,0.0424957509974928,0.0017267883232327,0.0,0.0006435791717558,0.0008342425894687,0.0,0.0,0.0204414070879182,0.0,0.0009367832157138,0.0005270431441216,0.0014617267526307,0.0,0.0,0.0,0.0006980960525857,0.0,0.0126285205780762,0.004185738180051,0.0,0.0029377244233034,0.0009126796871855,0.0,0.0016082390410308,0.0021977693944469,0.324537500209723,0.0030020490748096,0.0,0.0,0.0,0.0018328539937786,0.0,0.0,0.0,0.0,0.0,0.0,0.0,0.0,0.0023738149850814,0.0019263038065432,0.0,0.0,0.0,0.0,0.0,0.0,0.0,0.0,0.0,0.001004614092191,0.001190604365512,0.0,0.0023394285278829,0.0,0.0,0.0,0.0024750491494164,0.0019811445077268,0.0,0.0053224570822208,0.0,0.0,0.0012540904377938,0.0,0.0,0.0,0.0007802472577654,0.0,4.37111983594443,0.0,0.0,0.0,0.0052181046774806,0.0,0.000547076630204,0.004154824700677,0.0,0.0049713779163719,0.0,0.0,0.0,0.0012242231537613,0.0,0.0,0.0,0.0242188218512515,0.0161387157549395,0.009726408297252,0.0534851638638075,0.0,0.0007812738919869,0.0086117493970029,0.0010734750590029,0.0,0.0008382648023649,0.0006962280155644,0.0,0.000759711634108,0.0034400783077899,0.0,0.0,0.0,0.0050850165505769,0.831987420683955,0.0041977193197605,0.0,0.0,0.0,0.0033008783073297,0.0,0.0,0.0009564555339978,0.0028394315699648,0.0,0.0,0.0,0.0,0.0031282066042459,0.0,0.0020188492914709,0.0121497897823294,0.0,0.0008962770092109,0.0,0.0006405343661021,0.0048308469000325,0.0,0.0,0.0,0.0,0.0008121526682719,0.0017552394584421,0.0,0.0,0.0,0.0,0.0,0.0123553401611387,0.0,0.0010482071273904,0.0,0.0,0.0,0.0007917064479496,0.0,0.0,0.0,0.0,0.0,0.0,0.0,0.0,0.0,0.0,0.0,0.0,0.0,0.0,0.0,0.0,0.0,0.0,0.0007192279268152,0.0,0.0007693066401308,0.0255527325391779,0.004039510195492,0.0,0.0,0.001141718422586,0.0,0.0,0.0,0.0,0.0,0.0008447112233084,0.0,0.0,0.0027283083447251,0.0006688476688143,0.0,0.0,0.0010618394169341,0.0019583077426346,0.0
APN,0.0,0.0008329185003665,0.0007130949057279,0.0,0.0,0.0,0.0013098438029052,0.0,0.0010584200663643,0.0,0.0,0.0,0.0022840563431866,0.0,0.0,2.20666692257601,0.0,0.0,0.0,0.0,0.0033539976657539,0.0,0.0,0.0,0.0,0.0,0.0,0.0,0.0006152542651032,0.0838902055022968,0.0,0.0,0.0,0.0,0.0009618286102932,0.0,0.00857380260945,0.000757246879578,0.0,0.0,0.0017286451742557,0.0,0.0,0.0,0.0,0.0006752703883935,0.0021451796919313,0.0027461815699944,0.0,0.0,0.0,0.0,0.0,0.0,0.0,0.0,0.0014312532961408,0.0012950615709492,0.0,0.0,0.0,0.0,0.0,0.0,0.0046148452170574,0.0,0.0024736488955681,0.0,0.0,0.0,0.0708171845505261,0.0006672981280159,0.0026798629679321,0.0062210413029215,0.0041057294777011,0.0927290340587716,0.0,0.0,0.0,0.0,0.0,0.0,0.0107375953316767,0.0405998178173985,0.0,0.0,0.0,0.0018049796620592,0.0511372321177073,0.0045277082425265,0.0,0.0,0.0018791201764809,0.0091078060017478,0.0064131424429565,0.0,0.0,0.0019948500223329,1.39484480358929,0.0,0.0,0.0033756260631949,0.0009849295214152,0.0,0.0,0.0,0.0072496870278285,0.105485763930319,0.0,0.0,0.0,0.0,0.0067948025563273,0.0,0.0,0.131515383270085,0.0005360962267605,0.0,0.0,0.0008773295988275,0.0,0.147224248778506,0.0048060678359839,0.116292155157352,0.0,0.0,0.0317252211610362,0.0067079410346533,0.0,0.0,0.792659503739072,0.042648476377089,0.0012360404846762,0.0,0.0,0.0,0.0013616362681467,0.0544367604052626,0.606220289057412,0.0,0.0,0.0,0.0006390985119354,0.0,0.0,0.0,0.0,0.0,0.0,0.0,0.0005614213393067,1.01301400968286,0.0544096717791067,0.0020316803988561,0.0,0.0021424311167092,0.0050520404602487,0.0,1.23531527724293,0.0,0.0,0.0,0.0013506270210027,0.0,0.0039076299958013,0.0109225794357616,0.0,0.0006434808834604,0.0038210973628855,0.134062792432899,0.0,0.0007565712944518,0.0,0.0,0.0125375796190232,0.0015037226462529,0.0011557519828435,0.0027716371365048,0.0,0.006867443799528,0.0092820603572248,0.0,0.0,0.0,0.0,0.0,0.000645742494588,0.326131796496391,0.0,0.0019678441089606,0.0049445274917323,0.0,0.0916598686891437,0.0021886492271179,0.0,0.0,0.0,0.0,0.0,0.0006655254746361,0.0,0.0,0.0746392674210029,0.0,0.22958518226411,0.282969441846178,0.0043802964534131,0.0656468077471391,0.0,0.0,0.0,0.004052447645293,0.0,0.0,0.0,0.0006315708839702,0.0,0.0,0.0,0.0,0.0,0.0014367442997237,0.0,0.0,0.0221526156873677,0.0005476574555818,0.0,0.0,0.0,0.0,0.0,0.0,0.0,0.000515797195783,0.0,0.0,0.0,0.0,0.0,0.0,0.0,0.0,0.0008739785294472,0.000594059484494,0.0,0.0,0.0015124406558493,0.0,0.0016352933521582,0.0201265902491894,0.0,0.0,0.0008065621173644,0.0,0.0,0.0005152746966095,0.0039990083504853,0.0,0.0,0.0,0.0,0.0,0.0,0.0,0.0,0.0,0.0,0.0,0.0,0.0,0.0,0.000924321846004,0.0,0.0,0.0,0.0,0.0,0.0,0.0,0.0,0.0,0.0,0.0,0.0,0.0,0.0,0.0,0.0,0.0,0.0,0.0,0.0,0.0,0.0,0.0,0.0040192921974467,0.0008719898906133,0.0,0.0,0.0,0.0,0.0042449915956853,0.0,0.0,0.0,0.0,0.0,0.0097853349975596,0.0,0.0,0.0030723147938829,0.0,0.0,0.0,0.0,0.0,0.0247613402861526,0.0,0.0,0.0008491271336253,0.0,0.0068739114942271,0.0,0.0,0.0,0.0012791709944429,0.0,0.0,0.0,0.0,0.0,0.0024814779373901,0.0015733600980417,0.0,0.0,0.0008572773188606,0.0021146661227534,0.0008983436762614,0.0,0.0041209682260915,0.0016068077554811,0.0034083677762422,0.0,0.0,0.0014488220465011,0.0016392527270455,0.0,0.0,0.0,0.0,0.0,0.0,0.0,0.0,0.0,0.0,0.0,0.0,0.0007360434831637,0.0,0.0016170085466608,0.0,0.0,0.0015064798419023,0.0021335424081503,0.0,0.0,0.0,0.0,0.0,0.0,0.0,0.0,0.0,0.0,0.0006255510715959,0.0,0.0,0.0,0.0,0.0,0.0,0.0,0.0,0.0,0.0,0.0,0.0,0.0,0.0006554588278443,0.0,0.0,0.0,0.0,0.0,0.0,0.0,0.0,0.0074155877247203,0.0,0.0,0.0,0.0020297763717678,0.0,0.0,0.0,0.0,0.0,0.0,0.0,0.0,0.0,0.0,0.0,0.0,0.0,0.0,0.0
ARH,0.080434948684105,0.0,0.0,0.443350164808447,0.0,3.9679255135795,0.0,0.0,0.0,0.0,0.0,0.0089125241767539,0.0,0.0,0.0,0.0,1.80211575072703,0.0,0.0,0.0,0.0,0.155909406579241,0.647298473434309,3.09644604106299,0.0,0.0020832092618647,0.0132472564981855,1.16133505944605,0.0,0.0,0.0,0.0,0.0451768572018623,0.0,0.0,0.0,0.0,0.0,0.0,0.0,0.0269275831923588,1.92932122486647,0.0,0.0083682856705532,0.0310099098977389,0.0,0.0,0.0,0.0027485077777752,0.0389320778507388,0.0,0.0,0.0,0.0176465350098058,0.0,0.0,0.0,0.0,0.0733786819161145,0.0,0.0,0.0,0.0,0.0647848640578611,0.0,0.0,0.0,0.0,0.0937868734698643,0.0,0.0,0.0,0.0,0.0,0.0,0.0,0.0,0.0,0.0379914414131459,2.93637830890639,2.62761737478263,0.0,0.0,0.152272496107985,0.0,0.0,2.95358801950388,0.0,0.0,0.0,0.0481428305172061,0.0,0.0,0.0,0.0,5.33675103226014,0.0,0.0,0.0,0.545080041263828,0.0,0.222194767664189,0.0,0.0,0.0,0.0,0.0,0.0,0.0013165312469285,0.0,0.0,0.0,0.0,1.60496934779604,0.0,2.10650518120322,0.0,0.0,0.0240942948470828,0.135391475252745,0.0,0.0,0.0,0.0,0.0,0.0,0.779738792219761,0.0,0.0,0.67807805338003,0.0,0.0,0.0,0.0,0.0068762254607623,0.0,0.0,0.0,0.0391463664401599,0.0,0.0,0.362850979002548,0.0,0.994506861725161,0.907481243231086,0.0,0.338990868699613,0.0,0.195325944329307,0.673652898082672,0.0107986106850765,0.0337923940994476,0.014184163465342,0.0,0.0,0.131130170021518,0.0,0.386704996206762,0.0,0.0,0.118423001874375,1.15935495395208,0.0,0.0,0.0,0.0,0.0,0.335256326370328,0.0557061290851998,0.0147637495800981,0.0,0.0,0.0,0.0,0.0,0.0,0.0,0.0,0.0,0.0,0.0,0.0,0.685580208501206,0.0,0.0,0.0,0.0,0.0,0.0172335330913825,0.0,0.0,0.0,0.0,0.0,0.0,0.0,0.0,0.0,0.0,0.0,0.0,0.0,0.437238767840884,2.24850874138305,0.0,0.0,0.052765248482299,0.0563986684175617,0.0,0.0,0.0,0.0,0.0960573888042495,0.0,1.39664787815719,0.0,0.0,0.0,0.0,0.0,0.0,0.0,0.0,0.0,0.0,0.327438461815533,0.0,0.0,0.0,0.0,0.0369255015124029,0.141935747380729,2.05414925793901,0.0,0.0,0.0,0.344289912081598,0.0,0.0,0.0,0.0095694433662953,0.0151797034473659,0.0101501353398739,0.0,0.0,0.0,0.0,0.0,0.0,0.0,0.425001828595566,0.0,0.0,0.0014108892989986,0.0,0.0,0.0,0.0,0.0,0.0,0.0,0.0,0.0011511179174006,0.0,0.0,0.0,0.0,0.0101820609874197,0.0,0.0,0.0,0.0006632673772346,0.0344871303631232,0.0,0.0,0.0,0.0,0.0,0.0,0.0,0.0,0.0,0.047376188455725,0.297228907641221,0.0,0.191076239264266,0.0,0.0,0.192973630091284,0.752966507271329,0.0,0.0,0.0700847033389291,0.0,0.0,0.0,0.0,0.0,0.0,0.0,0.0911594383184613,0.0,0.0006766048619813,0.0,1.15176827510122,1.11147328327518,0.0,0.0,0.145498294363477,0.0,0.0,0.0,0.0,0.0,0.0,0.0,0.0,0.0,0.0,0.0,0.0,0.0,0.143042068465485,0.0,1.51472276206005,0.0,0.0,0.0,0.0147283879413642,0.0,0.0348522892742354,0.0,0.0,0.0,0.0,1.1071320260116,0.0,0.0,0.264287587249403,0.0,0.0,0.0,0.0,0.0008321088024295,0.0,0.0,0.0,0.0,0.0,0.0,0.112231756833602,0.0005463581473109,0.413025769316407,0.304558410413714,0.0,0.21779664450113,0.0,0.0,0.357803692815993,0.0,0.0,0.0,0.0,0.0,0.0,0.0075854295729139,0.195388443872041,0.0,0.0,0.0039198217316125,0.0,0.0,0.0103327004276668,0.0008436058052792,0.0,0.0,0.233836398615865,0.0729606453498119,0.0067909499900207,0.0,0.0,0.0,0.0,0.0005349632641829,0.0,0.0,0.0,0.0,0.0,0.0,0.0,0.317604863931062,0.0,0.0,0.0,0.0,0.0,0.0,0.0,0.182180301481142,0.0,0.0,0.0,0.0,0.0,0.0,0.0,0.0,0.0,0.0,0.0,0.01426136803643,0.904329326808081,0.0,0.0,0.0353314747478937,0.0147380552283674,0.0
AUDd,0.0,0.0,0.0,0.0038161052703122,0.0032384619255252,0.0,0.0,0.0,0.0061872462531503,0.0,0.0030808666262795,0.0027867860453145,0.0,0.0,0.0,0.0202857510227993,0.0,4.80457981277945,3.70293141971321,1.86074797762035,0.0097688028183876,0.0019527942312956,0.0,0.0,0.0070695839681722,0.0,0.00071784559451,0.0,0.007222588641934,0.000683871338978,0.0269201141675441,0.0,0.0,0.0,0.0027226791707024,2.06628871823732,0.0053671065406385,0.0026732444656178,0.0418113221555931,0.0,0.0149740081327901,0.0,0.0,0.0044291478211635,0.0,0.123903518289258,0.266240214867704,0.0723984813887758,0.0024434513505977,0.0,0.0,0.0,0.0,0.0,0.0,0.0,0.0006997451118897,0.0,0.0,0.1691385844263,0.485845592627108,1.13127465409016,0.0005656171516136,0.0,0.000899621166175,0.0,0.0,0.0,0.0195304406255615,0.0,0.0,0.0,0.0039094019872748,0.0050379942253294,0.0,0.111799482704407,0.0,0.0,0.0,0.0006112931257501,0.0,0.0,0.0,0.0,0.0,0.0,0.0,0.0045457661982773,0.0842453509480247,0.137495383115213,0.0,0.0,0.0,0.0,0.0197079878563306,0.0,0.0,0.0111808518658626,0.562844859823808,0.0,0.002324226707708,0.0,0.0021547015409715,0.012927322428651,0.0,0.0,0.0,0.0243412806386727,0.0,0.0144820860404353,0.00794315976767,0.0653082200257406,0.0,0.0,0.0013750639885585,0.241778280198915,0.0,0.0,0.0014225345514785,0.006966733712794,0.058454855474226,0.0,0.0,0.0340557906253328,0.0009844784536832,0.0006749155887138,0.0060312239554647,0.0,0.0123056536156223,0.0,0.0,0.121478035513346,0.007581620266064,0.0504416604862285,0.0512375999649193,0.0046446452826046,0.0,0.0445660550232885,0.0974548791522771,0.0019146350612176,0.0,0.0,1.97684169700362,0.0,0.0,0.0,0.0,0.0,0.0,0.0111744328185598,0.0011530485374713,0.0123716174404991,0.0021202278272792,0.667627192521122,0.0389205616958594,0.0,0.072843044690748,0.0,1.90407927951204,0.10595960169655,0.0,0.0,0.0,0.0039692127426745,0.0,0.0598266459470668,0.0089769805792702,0.0018257257052627,0.0071175886065954,0.0284027807481704,0.0011243876372993,0.0,0.0,0.0,1.416620036219,0.3957510242738,0.0,0.0,1.29155618534747,0.0,1.08521511183599,0.0,0.0,0.0,0.0,1.56970010440959,0.0,0.0861121803384443,0.0,0.0,0.0,0.0,0.0023870271564754,0.0,0.0,0.0,0.800453884126425,0.533441036896806,0.0,0.0,0.0747421854576175,0.401108379475686,0.0166437405182609,0.0,0.0438239993992376,0.0,0.0,0.0,0.0,0.0,0.0057322487825871,0.0009913339634511,0.0,0.0,0.0,0.0,0.0,0.0,0.0,0.0,0.0,0.0,0.0,0.0,0.0,0.0,1.08761464631158,0.74340589396521,0.280831668945041,0.0,0.0,0.0,0.0,0.0,0.0,0.0,0.0,0.0,0.0,0.0,0.0,0.0,0.0011373844217192,0.0,0.147635600600941,0.0017768956803799,0.0,0.0,0.0,0.0,0.0,0.0,0.0012291148921606,0.0,0.0,0.0222709665664343,0.0076311073375729,0.0,0.0,0.0,0.0,0.0,0.0,0.0,0.0,0.0,0.0,0.0,0.0,0.0,0.0056641635353135,0.0,0.0,0.0,0.0,0.0,0.0,0.0,0.0,0.0,0.0,0.0,0.0,0.0,0.0,0.0,0.0,0.0,0.0,0.0,0.0,0.0,0.0,0.0,0.0023774770069619,0.0,0.0,0.0,0.0,0.0,0.0,0.0,0.0,0.0112076171584038,0.0,0.0,0.0,0.0017154938597087,0.0,0.0041657727768004,0.0,0.0012554843286934,0.0030505866753301,0.0,0.0,0.0,0.0007006827765812,0.0,0.0119302591220791,0.0,0.0173696698337239,0.0,0.0,0.0006496448682226,0.0188521350640596,0.0,0.0,0.0,0.0018187083066676,0.0,0.0,0.0,0.0,0.0013913748973878,0.0012267862546448,0.0,0.0,0.0007355382904553,0.0,0.0,0.0,0.0,0.0,0.0012212878066631,0.0,0.0,0.0,0.0032612336936104,0.0011240675214804,0.0,0.0,0.313308925205837,0.0,0.0,0.0,0.0,0.0,0.0,0.0022555906144982,0.0,0.0,0.0,0.0637853926857855,0.0,0.0,0.0,0.0,0.0370372294705081,0.0021951888634278,0.0,0.0,0.0,0.0,0.0,0.0,0.0,0.0006627298277695,0.0,0.0,0.0012533267781705,0.0,0.0,0.0,0.11330926464702,0.0137085711875927,0.0,0.0,0.197316091131805,0.0,0.0,0.0,0.0,0.0,0.0,0.379257814494077,0.0,0.0,0.0,0.0,0.0,0.0,0.0,0.0,0.0,0.0,0.179146483729669,0.143297747431712,0.0560288821660025,0.280630913390668,0.0085989779529852,0.0742577780407485,0.0,0.0,0.0,0.0,0.0,0.0,0.0
AUDp,0.0,0.0912144633923441,0.0264073301551107,0.0028388219816726,0.0,0.0,0.0063805978748397,0.0108442823308717,0.0143130854858068,0.0,0.0,0.0,0.0016295893854864,0.0,0.0046648333761809,0.122493094852307,0.0,1.77792873721746,8.20225109195908,2.22974840943803,0.0,0.0010651438430086,0.000886658003068,0.0,0.0031422126011677,0.0,0.0005706478488799,0.0043416869049025,0.0139958863195168,0.0008508226957797,0.0348161753469961,0.0,0.0,0.0,0.001325830266165,2.81258519678859,0.0,0.0216836644923955,0.0619768172534547,0.0022847400915813,0.0172906962639432,0.0,0.0,0.0025747335493917,0.0,0.0848643316530853,0.0636383917618788,0.0271914583835757,0.0252582436944181,0.0,0.0,0.0,0.0,0.0,0.0530511314323917,0.0018178432377225,0.0,0.0,0.0,0.211480807184563,1.04818412579479,1.65531881417635,0.0044099593737562,0.0,0.0,0.0,0.0,0.0,0.0840755315569465,0.0,0.0180003231339995,0.0823816417928435,0.0586167274301131,0.000886490897883,0.0041700113404359,0.293306574259898,0.0,0.0006660383874311,0.0,0.0008267563759401,0.0,0.0,0.0006312766940849,0.0,0.0,0.0,0.001277983403577,0.359046273679403,0.262765069746261,0.640985776861728,0.0,0.0,0.0074372615914177,0.0569466663779843,0.198607273903875,0.0,0.0,0.0044492957040973,0.376125334396881,0.0,0.0,0.0022810679179715,0.0,0.0221751269028636,0.0,0.0,0.0327139879286295,0.0,0.0,0.026785189809819,0.0154327036050376,0.0644108137733884,0.0074267237207424,0.0,0.0006204637913815,0.134628581112094,0.0061424172445558,0.0,0.0022683614831377,0.0,0.0124611901733265,0.0005210003929487,0.0020415675198014,0.0496649308645345,0.0,0.0,0.0,0.0129242317827683,0.0129628687751873,0.0,0.0088597480831765,0.121461049276262,0.0234213005679966,0.0557325642035212,0.0236785330758946,0.0020638312306194,0.0013268980894552,0.0135687846158317,0.022556214906685,0.0,0.0,0.0,0.349727285250616,0.0,0.0,0.0,0.0,0.0,0.0,0.0,0.0,0.0,0.0009487652287657,0.165914270631952,0.0942212564959846,0.0075699279723738,0.23322778057729,0.0,0.99734718026303,0.156689256062093,0.0,0.0040360169505904,0.0108434247515588,0.0,0.0012453905995061,0.168896248169558,0.0121080850193721,0.0005929803955251,0.0022807732028074,0.007766052917805,0.0,0.0,0.0,0.0,0.17780209359275,0.0091726919977368,0.0,0.0,0.0,0.0367794306867952,0.576347123805424,0.0,0.0,0.0,0.0,1.67936218918588,0.0006133343760698,0.0541692948851552,0.0,0.0029635661331514,0.0037413244999317,0.0,0.0,0.0042196679866855,0.0005522191663739,0.0377902369691706,0.239633457550269,0.184188541127523,0.267935539916742,0.843266507142481,0.0861748019840689,0.201704406539894,0.0,0.0,0.109086114099861,0.14939260717165,0.0014377016647032,0.0,0.0,0.0,0.0,0.0029727963149922,0.0006582918376213,0.0,0.0,0.0,0.0,0.0006491485234526,0.0,0.0,0.0,0.0009153922974226,0.0,0.0,0.0,0.0,0.140866693186353,1.60959330820862,0.515015603361736,0.0,0.0,0.0,0.0,0.00231837503511,0.0,0.0007393854127072,0.0,0.0,0.0,0.0,0.0,0.0,0.0007814200134622,0.0012680699543053,0.0488761623149554,0.0,0.0011712489717412,0.0010104430481418,0.0015223073974653,0.013793166573643,0.0,0.0,0.0006161313662989,0.0,0.0082165567891675,0.0056190331083068,0.0009669042523055,0.0005217999651899,0.0,0.0,0.0,0.0,0.0,0.0,0.0,0.0,0.0,0.0,0.0142885365584972,0.194241067591689,0.0198221242546119,0.0,0.0,0.0,0.0,0.0,0.0,0.0011902595095395,0.0,0.0,0.0,0.0,0.0,0.0,0.0,0.0,0.0,0.0,0.0,0.0,0.0,0.0,0.0,0.0,0.0,0.0035822268878133,0.0,0.0,0.0,0.0,0.0,0.0052918138623275,0.0013548800079981,0.0041298349919469,0.0,0.0,0.0,0.0,0.0,0.0,0.0068762251068167,0.0,0.0,0.0,0.0008559287559431,0.0,0.0,0.0,0.0,0.002090498668654,0.0,0.0047939599535077,0.0,0.0006933172269081,0.0039137941027591,0.0006414425008036,0.0,0.0,0.0,0.0,0.0,0.0055991246000769,0.0,0.0,0.0,0.0,0.0026189738165196,0.0,0.0,0.0,0.0,0.0060026453464535,0.0,0.0,0.0010225284694583,0.0007518169451034,0.0015139944594602,0.0,0.0,0.0,0.0,0.03494509979571,0.0,0.0,0.0,0.0,0.0,0.0,0.0,0.0,0.0,0.0,0.0199174841550616,0.0047140908715139,0.0013403812122399,0.0,0.0,0.0270977387782949,0.0058908269785887,0.0,0.0,0.0,0.0,0.0,0.0,0.0013696588755425,0.0,0.0,0.0,0.0,0.0,0.0,0.0,0.0806067539741139,0.0034846204538212,0.0,0.0,0.0,0.0023125992875984,0.0820453592191632,0.0,0.0,0.0,0.0,0.412221920622189,0.0010213146139075,0.0,0.0,0.0055351166990246,0.0005927572304822,0.0,0.0,0.0011442822450499,0.0,0.0,0.036954937015127,0.038082863214851,0.0422915462520883,0.0853931328026804,0.0067759897967889,0.0381825369673495,0.0,0.0,0.0,0.0,0.0,0.0,0.0
AUDv,0.0031788571089355,0.0127395903792743,0.0492468446169361,0.061805276126426,0.0005531192884244,0.0007397549406353,0.057536212036928,0.0898342457444932,0.0474353273285767,0.0,0.0,0.001003952210921,0.0,0.0006003749789967,0.109150169038622,0.0,0.0,0.0,2.64536507634647,7.3760426852146,0.0009710672262025,0.0967066822479529,0.0252388189719553,0.0333723300886253,0.0627299160693262,0.0,0.0012756913543707,0.0737330362780543,0.0357347877667089,0.0084659273423005,0.218483593168308,0.0,0.0010204553995838,0.001251546123975,0.018609779478141,0.174193727620423,0.0,0.0343065887459096,0.0284644629175156,0.0,0.0342790834068709,0.0,0.0,0.0107377835791466,0.0,0.875132857902059,0.326646065799831,0.207092578190849,0.236490443537496,0.0052960643608176,0.0,0.0,0.0008982807874186,0.0085336260977898,0.108335571920198,0.0099121053602553,0.0,0.0552915927089666,0.0022063299342866,0.0,0.0,0.0,0.0391789466140866,0.0012856739158172,0.0,0.0,0.0018962505060495,0.0,1.27461841427253,0.0,0.0074388359759124,0.0,0.0,0.0105686331071648,0.016568512908934,0.524429063851336,0.0,0.0,0.0,0.0053028888328702,0.0033155542924947,0.0,0.0,0.0064863363370665,0.0,0.0,0.071271132041554,0.958602557732798,0.469105026323921,1.17703067655773,0.0,0.0,0.0,0.104609256810351,0.0,0.0005983187355709,0.0010742224112508,0.0,0.0,0.0,0.0,0.0038789142602833,0.0,0.0,0.0044321764994426,0.0,0.0,0.0,0.0,0.0421139838199002,0.064517567784757,0.0105109368483948,0.0034668816296716,0.0051754624313007,0.0,0.0585801961311229,0.0106033578034514,0.0,0.0103107044529517,0.0,0.0260797844389483,0.0034210021840027,0.0,0.0,0.0,0.0,0.0,0.025784622996347,0.0487474585571327,0.0,0.0353376163993863,0.10911542483857,0.0032330457788662,0.0092875399163486,0.0,0.0055564453033878,0.001495873858117,0.0,0.0,0.0,0.0,0.0062987916049518,0.149531170848837,0.0,0.0080110222824728,0.0,0.0,0.0,0.0026111042964085,0.0066710771206285,0.0012265996498497,0.0,0.0,0.432410377744994,0.52456289423131,0.0352846102770673,0.36210873147138,0.0,0.0,0.0,0.0,0.0831405246765847,0.000737026676652,0.0006269339375431,0.0,0.0,0.0,0.0055390255930361,0.0080248989673808,0.0180319886112638,0.0,0.0,0.0,0.0,0.185598205188848,0.115455926733252,0.0212379621388233,0.015153334104037,0.0912626082194692,0.0310916747130408,0.843184872598544,0.0,0.0011256075704002,0.0,0.0,4.99672886463543,0.0018522504186718,0.0,0.0,0.0029461412105058,0.0,0.0,0.0031880937047343,0.0,0.0,0.172643430264031,0.439937507414501,0.0,0.563126538547328,1.84333796813533,0.104765122677266,0.231788600244809,0.0042783798109087,0.0,0.175180308913462,0.0903797794649796,0.0078429125029776,0.0,0.0,0.0,0.0,0.0012514566009119,0.0170178776836359,0.0,0.0,0.0038449776057805,0.0191325383976646,0.0019551419014285,0.0,0.0,0.0005925862505497,0.0,0.0,0.0408593375959404,0.0,0.0,0.0,0.0,1.10047480560937,0.0,0.0,0.0,0.006962894941811,0.0015801412635273,0.0,0.0013116242258665,0.0,0.0,0.0,0.0053564240670701,0.0,0.0006973866665784,0.0,0.0,0.0970033604631129,0.0,0.0,0.0,0.0015203578587618,0.0,0.0,0.0,0.0022003073018984,0.0,0.191650201970257,0.0371219721538592,0.003106158562902,0.0137194467426094,0.0019001303306965,0.0,0.0,0.0,0.0010809174138655,0.0,0.0,0.0,0.0048781304107112,0.0,0.0,0.0,0.0120808031417767,0.0122342444289938,0.0,0.0,0.0,0.0,0.0,0.0021100166756268,0.0,0.0,0.0,0.0,0.0,0.0,0.0,0.0,0.0,0.0,0.0039134639981785,0.0,0.0,0.0,0.0,0.0,0.0,0.0,0.0,0.0,0.0,0.0,0.0,0.0,0.0,0.0,0.0,0.0,0.0,0.0,0.0,0.0,0.0024879243302836,0.0,0.0,0.0,0.0,0.0,0.0,0.0054176894582781,0.0,0.0028059756682378,0.0033349499262701,0.0116238000445719,0.0,0.0,0.0198130904142959,0.0,0.0,0.0,0.0,0.0022002786073015,0.0,0.0,0.0,0.0,0.0,0.0,0.0018939121728266,0.0026638635179269,0.0,0.0,0.0,0.0,0.0,0.0,0.0,0.0,0.0,0.0,0.0,0.0,0.0016157572100301,0.0,0.0,0.0031531736314975,0.0,0.0,0.0,0.0,0.0084446036479348,0.0010027164205348,0.0,0.0,0.0,0.0028362709742457,0.0,0.0,0.0,0.0058291185688027,0.0021180301250464,0.0011010514925169,0.0,0.0,0.003176427107048,0.0,0.0,0.0,0.0,0.0,0.0,0.0,0.0,0.0,0.0,0.0,0.0,0.0010985089328644,0.0005820400499885,0.0,0.0,0.0,0.0,0.0,0.0,0.0,1.01279354836173,0.0,0.0,0.0,0.0017668017082488,0.0,0.0,0.0,0.0,0.0,0.0328931091124735,0.0,0.0,0.0040827776218653,0.0527093258718687,0.0067033729059999,0.0,0.0,0.0,0.0,0.0,0.0008567705798235,0.0,0.0
AV,0.0,1.98209015666621,0.920325673677818,0.0,0.135057339823299,0.0,0.0,0.0,0.0,0.0,0.0922164475666785,0.0641260846563156,0.0103764679615924,0.0012527135622555,0.0,0.0082864494892023,0.0,0.03820341389281,0.0073000958926737,0.0026549921438324,1.55425346113923,0.0,0.0,0.0344133397728246,0.018879725708339,0.0,0.0,0.0,0.0,0.0611845850537179,0.0,0.0,0.0,0.0,0.0,2.79990142009103,0.0,0.0015956468209389,0.0006256514240375,0.0,0.0825235568994297,0.0,0.0,0.0,0.0,0.0,0.0,0.0,0.0,0.0,0.0011121319168114,0.0,0.0,0.0,0.0,0.0,0.0,0.0,0.0,0.0,0.0,0.0,0.0090869560065453,0.0,0.0,0.0,0.0,0.0,0.0008695871087209,0.0,0.4619217865483,0.0072245687956671,0.0106675998853756,0.0115456101438051,0.0,0.180071563888184,0.0,0.0,0.0,0.0,0.0,0.0,0.0,0.0,0.0,0.0,0.0,0.0,0.0005658610501002,0.0,0.0,0.0040990985674894,0.0,0.789805918461242,2.58662703578807,0.0,0.0,0.0022585435504438,0.0024480151606171,0.0008066744646135,0.0,0.0,0.0,0.0,0.0,0.0,0.0008449216925387,0.0037243259428855,0.0,0.0031909264020924,0.0,0.0510411855803139,0.0,0.0,0.0,0.0114720213553035,0.0,0.0,0.0,0.0,0.0,0.0,0.0153880666812677,0.0013289116640606,0.0,0.0,0.0009191172673599,0.0012158017255824,0.224356525606924,0.0,0.0,0.003299841545784,1.09411901815725,0.0008341450152535,0.0,0.235686397066987,0.0013925156134282,0.0,0.0027029245096396,0.0,0.0,0.0023008075637804,0.61290337313108,0.0,0.0,0.0,0.0,0.0,0.0,0.0012118486340216,0.0,0.0,0.0,0.498046601065629,1.31588781737356,3.69476945488089,0.555409899690621,0.0,0.0134632152914361,0.0080577103278296,0.0064927383311773,0.0,0.0010406472818712,0.0,0.0,0.0,0.0,0.0,0.0,0.0,0.0,0.000704422049336,0.0,0.0,0.390524600136776,0.472168688206377,0.0,0.0027618822946877,0.454175744546559,0.244126934546944,0.0929642288723395,0.0,0.0,0.0,0.0,0.0032652518136546,0.0,0.0,0.0015024599437422,0.0,0.0,0.0,0.0,0.0,0.0,0.0,0.0644349829715764,0.175580325267475,0.0297897070386731,0.217539340478947,0.0,0.0756808853911371,0.0,0.0,0.0125188243469222,0.0,0.0,0.0,0.0,0.0,0.0010048787081402,0.0013385169197344,0.0,0.0,0.0,0.0,0.0,0.0,0.0,0.0,0.0015717775004458,0.0036273419183997,0.0,0.0,0.0,0.0,0.0,0.0,0.0,0.0006495517258179,0.0,0.0,0.0,0.0,0.0,0.0,0.0,0.0,0.0,0.0,0.0,0.0,0.0,0.0,0.0027751442191092,0.0,0.0021375538645548,0.0,0.0,0.000880369624722,0.0,0.0010484848092973,0.0,0.0,0.0,0.0,0.0,0.0,0.0,0.0035338232188963,0.0,0.0006690067205415,0.0,0.0,0.0,0.0,0.0,0.0,0.0,0.0,0.0,0.0,0.0,0.0,0.0012906997851262,0.0,0.0,0.0,0.0,0.0,0.0,0.0,0.0,0.0,0.0,0.0,0.0,0.0,0.0,0.0,0.0,0.0,0.0,0.0,0.0,0.0,0.0,0.0,0.0,0.0,0.0,0.0,0.0005231452682318,0.0017493399990956,0.0,0.0,0.0,0.0,0.0,0.0,0.0018953802204437,0.0,0.0,0.0,0.0,0.0,0.0,0.0,0.0,0.0,0.0,0.0,0.0,0.0,0.0,0.0,0.0,0.0,0.0,0.0,0.0,0.0240093128307816,0.0,0.0,0.0,0.0,0.0,0.0,0.0,0.0,0.0,0.0009885694639597,0.0,0.0,0.0,0.0025746194255046,0.0,0.0,0.0,0.0,0.0,0.0,0.0,0.0,0.0,0.0,0.0,0.0,0.0,0.0,0.0,0.0,0.0,0.0014354502123675,0.0201793450310221,0.0,0.0,0.0,0.0,0.0,0.0,0.0019547534211268,0.0,0.0,0.0,0.0,0.0,0.0,0.0,0.0,0.0,0.0,0.0,0.0,0.0,0.0,0.0,0.0,0.0,0.000563815543597,0.0,0.0,0.0,0.0,0.0,0.0,0.0,0.0,0.0,0.0,0.0,0.0,0.0,0.0,0.0,0.0,0.0,0.0,0.0,0.0,0.0,0.0,0.0,0.0,0.0,0.0,0.0,0.0
BLA,0.469264114563643,1.38742115134399,0.551454213339772,6.34807576657739,0.0,0.0,1.91231128572605,0.398431634760165,0.871374096436243,0.0,0.0012898070093036,0.0006432606667944,0.001643140491946,0.0,1.07174304300829,0.0,0.0,0.0417279486625257,0.0550178880043619,0.125421565752596,0.0,2.58572525206701,0.430085563684922,0.643480759140239,0.357033560132874,0.0018699372287797,0.0224507087448905,2.22879311390589,0.0009661859910671,0.0,0.759785008988103,0.0,0.0012708795522342,0.0714674845367677,0.0364886894684201,25.181037121298,0.0,0.0051104227501306,0.0,0.0,0.0059651596798928,0.0,0.0,0.193577564428698,0.0,0.345391982447388,0.496695783131352,0.208262550625498,0.772612850506492,0.236010866491127,0.0,0.0,0.504896555844686,0.673412192138529,0.446483457082674,0.0163336152095552,0.0,0.324960899385205,0.120832762067039,0.0,0.0,0.0,0.735654713304207,0.0,0.0,0.0,0.001146623978308,0.0,0.383287963842505,0.0,0.0,0.0,0.0,0.0,0.0945171049740048,0.0,0.070790029596308,0.0,0.0144772869683105,0.0765967033529161,0.0252359237878722,0.155605071511057,0.0,0.0172932748330219,0.0,0.0,0.170508549245654,0.0,0.0,0.0,0.0,0.0015762542406608,0.0713712441588899,0.722753774694149,3.13905495117504,0.0,0.0050363460905218,0.0,0.0,0.0023010137100703,0.0,0.0525826138941378,0.0,0.0,0.368491719807133,0.0,0.0,0.0,0.0,1.07810140993201,0.757342714384239,0.371956650349867,4.33045918721026,0.0409869152667675,0.163727967547153,0.0,0.116338942667549,0.0,0.0,0.0,0.0710178972362906,0.0,0.0,0.0,0.0,0.0,0.0019366084303705,0.691674699766777,2.76017209779366,0.0,0.0,0.0,0.0750512876919067,0.0027918781937759,0.0,0.0389487209886,0.0007996364903039,0.0,0.0,0.0,0.0,0.0018052260200975,0.0812403434493706,0.0,0.0025345280576143,0.0,0.0,0.0005235536157837,0.0,0.0008668800528084,0.0,0.0,0.0,0.0271213131151578,0.0484563681121595,0.0350069462817754,0.0,0.0,0.0,0.0020083352061331,0.0,2.76816004046045,0.0018929930787495,0.0005419025592074,0.0087011943603969,0.0,0.0,0.0,0.0,0.0,0.0,0.0,0.0,0.0,0.23660244148303,0.0530490620204602,0.288443837773214,0.117295578121906,0.0298525197924983,0.0,0.42632214135891,0.0,0.0012965909169856,0.0,0.0,0.61502919744818,0.138344123381771,0.0,0.0007943111282786,0.29668703871449,0.0,0.0,0.0,0.0,0.0,0.279317483783274,0.0409314023886532,0.0189136681499164,0.0465557689373675,0.0850240164361659,0.041998001217243,0.0136967645324482,0.0,0.0,0.0,0.0,0.0,0.0,0.0,0.0310889228704705,0.106011150577081,0.0208095248775579,1.37668400099238,0.0,0.0,0.551332821174603,0.334289898327108,0.202882641213041,0.0,0.0,0.0,0.0033717678044482,0.0,0.121080919986338,0.0006798756758205,0.0,0.0193909928923863,0.0226304136595094,0.0860501065649977,0.0,0.497850064235811,0.0164866772323258,0.172919533683669,0.0192228879659553,0.0,0.0057175869280388,0.103493744757383,0.0017973810940632,0.0,0.22210436127417,0.0,0.0,0.0108695980520816,0.0,9.40288956077162,0.0,0.0039827671431406,0.0,0.0,0.0016285765480743,0.0,0.0,0.0097263845107286,0.0,0.167261504310167,0.0621762872996747,0.0094547511426417,0.267416409715477,0.0460386939638255,0.0,0.0,0.0673446201184076,0.186646798734158,0.0163494549687783,0.0,0.0,0.212030484614165,0.0092422035063576,0.0005472715277021,0.0,0.0,0.0399955631515387,0.0,0.0,0.0,0.0,0.0,0.0510621829262722,0.0,0.0,0.0,0.0,0.0,0.0023062913268861,0.0,0.0032617436844388,0.0,0.0027818000493217,0.0074866836009913,0.0,0.0106155246398128,0.0,0.0,0.0,0.0,0.0022300753798077,0.0,0.0,0.0,0.0,0.0012448060453053,0.050612957273632,0.140769027707565,0.397943674014002,0.0,0.0009194763351175,0.0,0.0,0.001281401190363,0.0,0.0021276424386319,0.0,0.0,0.122852734980924,0.0,0.0,0.0,0.0,0.145205788089524,0.113733316898606,0.0529682349100884,1.38235081979298,0.0005689795117895,0.0165146621256243,0.0039256036055271,0.0024495448312052,0.0,0.0,0.0,0.0159755923287847,0.0,0.0,0.0,0.0,0.0,0.0006927241376051,0.180150679147685,0.215218938000318,0.0,0.0,0.0,0.0057879325028742,0.0,0.0,0.0,0.0,0.0,0.0,0.0,0.0,0.0,0.0167946367512435,0.0,0.0,0.0,0.0,0.0,0.0,0.0,0.0,0.0,0.0,0.0036855895226219,0.0059191988231159,0.0026836096499062,0.0,0.0,0.0059150919188613,0.0005835610073321,0.0,0.471049852172967,0.002093117230828,0.0,0.0,0.0036185765042859,0.0,0.0,0.0,0.0,0.0,0.0,0.0,0.0,0.0568110145658704,0.0047416583663379,0.0776025936593062,0.0340886530526655,0.0023176588714538,0.0,0.247851242273203,0.0,0.0009291777806633,0.0,0.0,0.367391445253772,0.0026827335668515,0.0,0.0005551904626633,0.0160330276454043,0.0,0.0,0.0,0.0,0.0,0.20494729768346,0.0091423928475616,0.0012373448724913,0.0085685315517315,0.0208234561138185,0.0034362528953613,0.0018045541065615,0.0,0.0,0.0,0.0,0.0,0.0,0.0
BMA,0.132944766906649,0.0,0.0,0.734397669843795,0.0,0.0283315472199994,0.0,0.121261120425766,0.0918378059860319,0.0,0.0008971820885224,0.0,0.0071388436071444,0.0,0.0680424357256645,0.0,0.0030573678661609,0.0,0.0,0.0210163521875126,0.0,0.447922055532546,1.04043217234847,0.339353103305477,0.0640762601056693,0.0,0.0473665557499813,0.227131417928682,0.0,0.0,0.0171465378820738,0.0,0.0,0.540640832289507,0.0394495454926081,0.0,0.0,0.0006859756541657,0.0,0.0,0.0807384570152126,0.0096838582065557,0.0,0.0322849910678709,0.0,0.136116108881971,0.197321184786632,0.0011023366722944,0.163494265840778,0.0852943687291779,0.0,0.0,0.0,0.0556415191921832,0.0,0.0,0.0,0.0107431509113348,0.175966808579973,0.0,0.0,0.0,0.0643093656017565,0.0,0.0058133391722111,0.0,0.0021385296191309,0.006234218352259,0.128551602918299,0.0,0.0,0.0,0.0008048296930294,0.0,0.0745986498530163,0.0,0.0420280812813043,0.0131054327206292,0.0036383204611523,0.0271772567808993,0.0329842212306328,0.0384011615868099,0.0,0.0082922366280646,0.0111892035609823,0.0010191228027838,0.450366561910328,0.0006808338518442,0.0,0.0056927415396263,0.0,0.0051699749262389,0.0,0.0,0.0,0.0719019503650738,0.0769091707969956,0.0,0.0,0.0053961975745571,0.0,0.088840418302116,0.0,0.0,0.0541589960594222,0.0035245047229342,0.0,0.0,0.0,0.0,0.0269267544161761,0.0,0.463932945047868,0.0,0.210739012916953,0.0,0.0049816152578536,0.0,0.0,0.0,0.0367662478157942,0.0,0.0100688146753065,0.0,0.0,0.0028382322252926,0.012437089654587,0.428352661846483,0.0,0.0038283752304736,0.0,0.0,0.0,0.0,0.0,0.003827775594312,0.0005260653608035,0.0,0.0,0.0,0.0015338166033284,0.007704773952616,0.0,0.0053750571668533,0.0082693161378707,0.0022063195096885,0.0036643281038044,0.0,0.0077915258725786,0.005180635546551,0.0,0.0,0.0,0.0,0.0,0.0,0.0,0.0043607179285199,0.0,0.0050134150931117,0.0025329476165828,0.40289337932839,0.0011898269109089,0.0,0.0,0.0113722956034225,0.0033440534220008,0.0008951759041024,0.0,0.0,0.0,0.0009766033374238,0.0009285318108358,0.0,0.0,0.0,0.0013714625495965,0.0,0.0,0.0607703912489998,0.0,0.0,0.0099112825865597,0.0,0.0,0.12065974149659,0.0,0.0,0.0,0.101998382297738,0.0728169112699923,0.0,0.0,0.002471018360636,0.0053224823573303,0.0326410213198283,0.0,0.0,0.0,0.0,0.0,0.0,0.0,0.0,0.0,0.0,0.0,0.0,0.0,0.0065386086382902,0.0,0.0279563418496868,0.228615231520191,0.0,0.0009413774361965,0.0,0.0100832691821026,0.0102121265957061,0.0,0.0,0.0,0.0021850548760127,0.0,0.0317646093995245,0.0,0.0011681615197236,0.0,0.0,0.0,0.0,0.0082858543520569,0.0133028239312281,0.069575857859626,0.0008291959593412,0.0,0.006540677085962,0.0202495738965114,0.0,0.0,0.0,0.0,0.0,0.0069928018176191,0.0,0.0,0.0,0.0014712403347026,0.0,0.0027155387340546,0.101988321828219,0.0,0.0,0.0059696173887581,0.0,0.0132414956206123,0.0126745907800494,0.0028698713936733,0.0094259443439128,0.0069498529485726,0.0,0.0,0.0,0.017241264959841,0.0,0.0,0.0024970121362144,0.0,0.0020079269750826,0.0,0.0,0.0,0.020315099296855,0.0,0.0063073061558213,0.0,0.0010468090176921,0.0,0.0082732025855777,0.0,0.0,0.0,0.0,0.0,0.0073373329565078,0.0,0.0055920754533943,0.0108440876771934,0.0005969724772926,0.0048814956482518,0.00229609644382,0.000861110841177,0.0,0.0014316261287289,0.0013144829243711,0.0,0.0,0.002947329434079,0.0,0.0012491343139329,0.0,0.0009385251510097,0.0114175440711947,0.0,0.0,0.0017304903670361,0.0061632229799659,0.0,0.0,0.0012746017057447,0.0,0.0122080562305459,0.0,0.0,0.0,0.00450789906863,0.0,0.0,0.0,0.0,0.0134966222090627,0.0,0.151167059867231,0.0,0.0236374980115456,0.0,0.0031106692407654,0.0,0.0,0.0,0.004014835185621,0.0,0.0103420895233498,0.0006857353797284,0.0,0.0056454038128409,0.0031925620897426,0.0337050024577996,0.0,0.0011452479443698,0.0,0.0,0.0191530584501545,0.0,0.0,0.0072723297337977,0.0010989716839272,0.0,0.0,0.0,0.0,0.0020268485327486,0.0,0.0,0.0014976712344996,0.0007916606259337,0.0,0.0,0.001970899860171,0.0012603334916237,0.0,0.0,0.0,0.0,0.0084370755685895,0.0177478673595166,0.0,0.0,0.0,0.0,0.0,0.0502566885246209,0.0,0.0,0.0,0.0029070456968856,0.0018366639375986,0.0,0.0,0.0,0.0,0.0,0.0,0.0,0.0,0.0,0.0,0.0,0.0,0.0,0.0,0.0,0.0021497898144521,0.0,0.0,0.0028003260889687,0.0030199028559654,0.0,0.0,0.0553429785951494,0.0173829930686446,0.0,0.0,0.0074982760456193,0.003526052754552,0.0,0.0,0.0,0.0,0.0,0.0,0.0,0.0,0.0,0.0,0.0,0.0,0.0,0.0
BST,0.0225930182930697,0.0,0.0,0.276914585849146,0.0,0.207075678970473,0.0,0.0041618433237003,0.0,0.0006592793684647,0.007539565035261,0.0077071415760642,0.0064729867656842,0.0,0.018119301971299,0.0021998764110638,0.0535199635364034,0.0,0.0,0.0,0.0022571875261864,0.0899230590014297,0.086958515403377,2.19136467476843,0.0,0.0,0.0,0.243726247323423,0.0022693908027051,0.0,0.0,0.0129109625066035,0.0094533521484393,0.0106742218306668,0.0706870443085286,0.0548925955168051,0.0,0.000933240224031,0.0089693205122706,0.0007942392644952,0.0081993492862505,0.0925838921835149,0.0,0.0,0.0186233243039497,0.0051668388151705,0.0059819178299386,0.0,0.0,0.0144016282727994,0.0009522908005989,0.0,0.0,0.0295921392822401,0.0151390211613508,0.0093820205107165,0.0058140324240227,0.0027486318561012,0.0119991995906617,0.0,0.0,0.0,0.0,0.0222397140213971,0.0005193987094171,0.0,0.0,0.0228031209418152,0.0035421725521444,0.0,0.0014285370263345,0.0009470746208514,0.003503486172601,0.0446916421900273,0.715027389648846,0.0,0.196422748165052,0.002555421352533,0.0,0.0142055881479467,0.129794090419977,0.0058442565822226,0.0053335945410796,0.0434863506318932,0.0039569791254445,0.0009623473871612,0.419528357619037,0.0,0.0011560774314507,0.0,0.0727955717502779,0.0200498523617304,0.0039559341759365,0.0,0.0,0.319794556342322,0.240436063478814,0.0,0.375712565808605,0.0,0.0015032495991129,0.0572021451624524,0.0,0.0,0.0,0.0008483677611098,0.0,0.0031778353817221,0.0125160620403069,0.0,0.0,0.0,0.0289400554124914,0.0727389451743315,0.0031655014864554,0.304807402548924,0.0,0.0272195843033116,0.0479905512999453,0.0068884877011071,0.0010218908186094,0.002016151840082,0.0084431274788209,0.0014546062495528,0.0,0.0052292015267945,0.107037287263115,0.0115716610252529,0.0,0.018388175948354,0.0,0.0,0.0,0.0,0.0373418742015925,0.0,0.003954037409918,0.022277415216904,0.029671607411061,0.0,0.0,0.051689720616138,0.0,0.0546041544458773,0.110788033631185,0.0201286525160779,0.0423426722034035,0.0,0.0447006469241834,0.0625537582539027,0.0008513527997929,0.0331889635673654,0.0359250931556491,0.0,0.0,0.0,0.0836964898818327,0.0313495755901686,0.0136872232081917,0.0009536194960345,0.0,0.608465122110156,0.0019961208637571,0.0044001849550929,0.0157436189597208,0.0069747664329069,0.0020954504777374,0.0281594672385929,0.0037802649587424,0.0036503018116766,0.0006383029901484,0.0005966447820836,0.000663354382679,0.0,0.0,0.0,0.0078070266328085,0.0019257614164917,0.0,0.0,0.007272964374996,0.0038552748150332,0.055874470969513,0.0087926566033632,0.0,0.0013063384566335,0.0178361319279465,0.0072298359678167,0.00058243908048,0.0086284181585674,0.201551391346762,0.0021202960366641,0.0,0.0031777111603549,0.0121946365880864,0.004961746527779,0.0,0.0,0.0,0.0,0.0,0.0,0.0031583637185158,0.117013108314496,0.0,0.0,0.0034485859037841,0.138874463715193,0.0,0.0,0.0,0.0010802767530684,0.0,0.0,0.0041371051356532,0.0011746049491848,0.0049202519685718,0.0,0.0,0.0,0.0,0.0016556674596367,0.0,0.0017497329497581,0.0,0.0097201231010432,0.0,0.0,0.0,0.0,0.013668536314806,0.0014260269740236,0.0508638291329016,0.0,0.0,0.0,0.0023247791397763,0.000589913159412,0.0,0.0,0.0036703397300688,0.0059466432888033,0.0028643218698199,0.0071424923102134,0.0018725121359958,0.0,0.001164079877273,0.0018036474020583,0.0009054850300732,0.0270343405237662,0.0034111500436075,0.0,0.0,0.004684889609714,0.0016356282924937,0.0,0.0,0.0,0.002133736785026,0.0005174853054027,0.0,0.0,0.0,0.0,0.0,0.0024066956431259,0.0011950688439832,0.0,0.0,0.0,0.0,0.0,0.0122013858443564,0.0016590440690825,0.0,0.0,0.0015122109289924,0.0,0.0,0.0,0.0,0.0,0.0,0.0167647816778394,0.0,0.005439608084534,0.00655463924486,0.0,0.0,0.0064447780973,0.0,0.0012195943981991,0.0190842982776617,0.0010863201002579,0.0007663953844694,0.0065795968606665,0.0,0.0,0.0005827021852568,0.003168617515402,0.0,0.0050104937164425,0.0012899580462631,0.0008160589690294,0.0083017159695044,0.0079085474668759,0.0,0.026026176175656,0.0,0.0,0.0060824212024809,0.0,0.0,0.001101112039369,0.0,0.0,0.0,0.0015330187116704,0.0,0.0005544031234005,0.0,0.0112861997845192,0.0,0.0014546519765859,0.0602969590934764,0.0,0.0014186871942922,0.0025035572466495,0.0,0.0007386781558369,0.0038250708621462,0.0090364743051852,0.0018135947419931,0.0,0.0015468627336185,0.0167134989803252,0.0056940307172133,0.0,0.0061816911056078,0.0,0.0,0.0035442354162935,0.0,0.001715983739774,0.0005888714889675,0.0031157951883774,0.0033457276842091,0.0,0.0,0.0,0.0,0.0,0.006461821708611,0.0333776110124469,0.004441771151157,0.0011881595604902,0.0,0.0108608198100653,0.0261676011402109,0.0015539155039077,0.0028213727110392,0.0023077426028321,0.0,0.0009005737342957,0.0,0.0,0.0009851186258698,0.0,0.0,0.0,0.0093831366356302,0.0006340370423487,0.0035974913303318,0.0,0.0009010175773498,0.0022253512319882,0.0108759991791662,0.0006853538331196,0.0006134407314639,0.0,0.0015095441036987,0.0,0.0,0.0,0.0,0.0007542234990061,0.0,0.0,0.0,0.0022617624179355,0.0,0.0052614766610843,0.0,0.0,0.00111358431467,0.0016880725528317,0.0,0.0,0.0114609644518255,0.0321339876459016,0.0,0.0,0.0020515412835596,0.0015486334923427,0.0034564793710668,0.0,0.0,0.0,0.0005715284606867,0.0,0.0,0.0010553496458353,0.0098261009444932,0.0,0.0,0.0023605785665798,0.0095829705034728,0.0
CA1,0.0049778065066667,0.0066905178262377,0.0491093577642332,1.12421637567653,0.0062216229944523,0.102444406944222,0.0384630362816783,0.024121100605532,0.0230117621277867,0.0,0.0413721676776825,0.0194624829799906,0.0018820419818815,0.0054923730520873,0.340308586224033,0.0,0.0140663906955147,0.0,0.0,0.0058424798362464,0.035770007252957,0.20771882796391,0.146338854617239,0.0938707453660506,8.24980979946453,0.122084744808271,0.0,0.0575792442260311,0.0006331356884508,0.0,0.0061623443349163,0.0,0.0037101617396659,0.0153438144044071,0.125140130795951,0.152784072509372,0.0,0.0006637739492087,0.0009162251622228,0.0006886636218563,0.0,0.0163380560939717,0.0,0.0444106604271056,0.0,0.0885095382340189,0.799234965520941,0.682687777286157,0.0384876586012231,0.0578697011303586,0.0,0.0,0.0077834698966254,0.0080253894303723,0.0,0.0025222251888258,0.0,0.0134624741578948,0.0175385907209902,0.0,0.0,0.0011687206959474,0.0626443707338789,0.0,0.0,0.0,0.0053520837400839,0.0,0.0329534177611093,0.0,0.0031555356788419,0.0,0.0,0.0012488462426958,0.118911811387526,0.0,0.0364381238712293,0.0,0.0,0.693012455020756,0.0848794797733876,0.000609222315292,0.0,0.0039483392123488,0.0,0.0,0.0748524226973316,0.0,0.0,0.0,0.0183601353605736,0.211628341778366,0.410743426738694,0.0365264992612239,0.0331139294697496,0.0118387531362387,0.0439818936683738,0.0,0.0,0.0722627828628937,0.0,0.0727293317827023,0.0,0.0,0.0062000832109205,0.0,0.0,0.0009933378778455,0.0,0.0057379782565335,0.0266408514093092,0.0132448666223473,0.108930829886479,0.114623562115019,0.0306163220434857,0.0432868180620139,0.114703619349272,0.0,0.0,0.0,0.024091236458689,0.0,0.0077538261648681,0.0530307520370939,0.0,0.0,0.0851946534784593,0.218986205425147,0.0383650921508847,0.0195727132885789,0.0,0.0,0.3186270860635,0.0,0.0,0.182491876649887,0.0007692803043726,0.0,0.0,0.0,0.0,0.0394405961717958,0.111861038397111,0.008644596741788,0.0235417766604134,0.0140720714409318,0.000627853977435,0.0,0.0182917354110738,0.0666728246541196,0.0069087453223813,0.0,0.0,0.0181218216129771,0.0172025092228088,0.710068466779096,0.0114452891510911,0.0074248478984628,0.0,0.0083076355580592,0.201687322025408,0.0723674255086312,0.0008397779875045,0.0107425475635494,0.0031227844938855,0.0188350007258037,0.0,0.0142877893529132,0.0050922311958508,0.0,0.0,0.0,0.000695417243443,0.0,0.0,0.0,0.0295656477062416,0.0041361928107158,0.0008774741962501,0.0,0.0382101712118621,0.0,0.0262697314260695,0.0,0.0,0.0376734663096747,0.127960705406877,0.0,0.085757633518833,0.150233746827853,0.0870617293175396,0.0,0.0,0.0008105276330717,0.0,0.0094482972670729,0.0,0.0,0.0281445303264887,0.0468399939707722,0.0070786034862383,0.0,0.0058229100852204,0.0296460066642859,0.0,0.0,0.0008746625138339,0.0005926110537007,0.0,0.0023416547509823,0.0019478229145612,0.0054694395777016,0.0744870075696287,0.0,0.0028894129215391,0.0121354136330844,0.008537264971277,0.010135954439082,0.0,0.0201035437312685,0.0115698689295801,0.0009068938306138,0.0010384494649526,0.0147832316105631,0.0,0.0049998929763019,0.0,0.0010174489248592,0.0010682700686275,0.0129286481211056,0.0054677755397242,0.0,0.0042984169759596,0.0,0.0,0.0,0.0005864880521729,0.0,0.0,0.0039106880315212,0.0,0.0025618790072158,0.0254276976301086,0.0557881813048554,0.180331851022868,0.0,0.0026242045587628,0.0,0.0,0.0,0.0012717037397608,0.0,0.0064957623235194,0.0,0.0042994979774755,0.0598672957524215,0.039346945162923,0.0041924435145906,0.0018472582124105,0.0,0.0,0.0020530263327435,0.0005566815869844,0.0027102813287752,0.0009046582181544,0.0,0.0122559983031537,0.0,0.0,0.0,0.0008575745340834,0.0027267674506533,0.000523624861259,0.0,0.0,0.0012960138921347,0.0,0.0109049470255426,0.0,0.0,0.0008837274231216,0.0,0.0011609101414219,0.0138444437346559,0.0,0.0007159028628408,0.0,0.0,0.0,0.0030730246422582,0.0,0.0,0.0008323814500853,0.0,0.0,0.0199306708524923,0.0025479400691009,0.0,0.0051603201892309,0.0080633493622088,0.144856664697111,0.225409601997396,0.0072134964394632,0.0228459193198001,0.0009897261818701,0.003675324335966,0.0,0.0,0.0101808486466049,0.0,0.0471916592809502,0.0,0.0110172916024619,0.0051715911938396,0.0,0.0,0.0005888973540081,0.0,0.002919162609984,0.0066110122448493,0.0041140218542559,0.10114848305402,0.0050735935531605,0.011499893517142,0.0230981515093696,0.0025087267182563,0.0,0.0,0.0,0.0,0.0009594086221768,0.0069324964486932,0.0539106519058222,0.0,0.0,0.0430950147440971,0.059337978759703,0.0027798648199004,0.0080290310272762,0.0,0.0,0.0286997271868191,0.0,0.0,0.0027150471924888,0.0,0.0,0.0,0.0,0.0058435659830424,0.0052670901251236,0.0,0.0,0.0081767924589609,0.0087490305366237,0.0,0.0,0.0091662292158523,0.0283405596848995,0.0044670724119896,0.0,0.0,0.0086721805113172,0.0327090771735723,0.0601744525734275,0.0037043667627211,0.0,0.0022130573460944,0.0,0.0,0.0072665016319489,0.0008448401036213,0.0045247455734572,0.0,0.0025546922991845,0.0022880092275702,0.0068976989721913,0.0052147481867557,0.0,0.0,0.0,0.0,0.0,0.0,0.0028443728087067,0.0183985517831073,0.001203198953533,0.0030042103204678,0.0,0.0097540886088499,0.0,0.016792938274143,0.0006336539580071,0.0,0.0028730733617406,0.0373522709749384,0.0,0.0095843230853502,0.0275143009612516,0.0138445312190112,0.0,0.0010373542548721,0.001043843863924,0.0,0.0055877873815279,0.0,0.0,0.0,0.0063147667888463,0.0,0.0,0.0034714558208715,0.0034328312680711,0.0,0.0,0.0014758175718128,0.0,0.0
CA2,0.0,0.120008285952552,0.303660429733699,3.13800126201068,0.0,0.0,0.0,0.158289643915089,0.0218704841316061,0.0,0.0,0.0,0.0,0.139175176182437,10.3643189414104,0.0,0.0,0.0117877202491334,0.0372683719291754,0.126042127032305,0.0,6.01873497662816,4.62760519406867,0.934819780445316,0.0,0.0,0.0,1.69771092750134,0.0,0.0,0.362795513013932,0.0,0.0,0.0,3.1723215482128,1.56554877535884,0.0,0.0,0.0,0.0,0.0,0.0,0.0,0.181002338387214,0.0,0.214898180350772,5.64705334933762,4.95691974701616,1.13763227993167,1.39121770642344,0.0,0.0,0.0,0.0716650221138276,0.0179436925324407,0.0,0.0,0.0,0.588696744509555,0.0,0.0,0.0,0.716040701539187,0.0,0.0,0.0,0.0,0.0,0.778213430563669,0.0,0.0,0.0,0.0,0.0,0.0,0.0021897364082263,0.0,0.0,0.0,6.16380672104155,2.99464621473128,0.0,0.0,0.0,0.0,0.0,1.54862028020959,0.0,0.0,0.0,0.0,0.0,0.0,0.0,0.0,0.128949973658221,0.0269113960441366,0.0,0.0,0.0,0.0,0.0,0.0,0.0,0.0,0.0,0.0005182246322802,0.0,0.0,0.0502312648551999,0.280150975439493,0.210525298998738,0.575766591355681,4.50067963464693,0.0228314298433597,0.0,0.0,0.0,0.0,0.0,0.0,0.0,0.0,0.0,0.0,0.0,0.0,2.42408318111173,0.514175988454728,0.0,0.0,0.0,0.0,0.0,0.0,0.0,0.0,0.0,0.0,0.0,0.0,0.0,0.0,0.118588175042134,0.0624944939178858,0.0,0.0,0.0,0.0,0.0,0.0,0.0,0.0,0.0,0.0285375353120586,0.0,0.0,0.0050403102586982,0.0006694057635414,0.0,0.0,0.646867545779788,0.0,0.0,0.0,0.0,0.0,0.0,0.0,0.0,0.0,0.0,0.0,0.0,0.101325187198772,0.0010645642639002,0.0,0.0,0.0,0.0,0.0,0.0,0.0,0.0,0.0,0.43285605420617,3.79322264562828,0.0,0.0,1.3283365735504,0.0,0.0,0.0,0.0,0.0,0.0146997991418404,0.0141214029595223,0.0,0.0,0.0,0.0987348080580343,0.0,0.0,0.161132061992344,0.0,0.0,0.0,0.0,0.0,0.0,0.0,0.0,0.0,0.0,0.0,0.0,0.0,0.0,0.0,0.0,0.0,0.0,0.0,0.0,0.0,0.0,0.0,0.0,0.0,0.0,0.0,0.0,0.0,0.0,0.0,0.0,0.0,0.0,0.0,0.0,0.0,0.0,0.0,0.0,0.0,0.0,0.0,0.0,0.0,0.0,0.0,0.0,0.0,0.0,0.0,0.0,0.0,0.0,0.0,0.0,0.0,0.0,0.0,0.0,0.0,0.0,0.0,0.0,0.0,0.0,0.0,0.0,0.0,0.0,0.0,0.0,0.0,0.0,0.0,0.0,0.0,0.0,0.0,0.0,0.0,0.0236202937776829,0.0,0.0,0.0,0.0,0.0,0.0,0.0038745906888935,0.0,0.0,0.0,0.0,0.0,0.0,0.0,0.0,0.0,0.0,0.0,0.0,0.0,0.0,0.0,0.0,0.0,0.0,0.0,0.0,0.0,0.0,0.0,0.0,0.0,0.0,0.0,0.0,0.0,0.0,0.0,0.0,0.0,0.0,0.0,0.0,0.0,0.0,0.0,0.0,0.0,0.0,0.0,0.0,0.0,0.0,0.0,0.0,0.0,0.0,0.0,0.0,0.0,0.0,0.0,0.0,0.0,0.0,0.0,0.0,0.0,0.0,0.0,0.0,0.0,0.0,0.0,0.0,0.0,0.0,0.0,0.0,0.0,0.0,0.0,0.0,0.0,0.0,0.0,0.0,0.0,0.0,0.0,0.0,0.0,0.0,0.0,0.0,0.0,0.0,0.0,0.0,0.0,0.0,0.0,0.0,0.0,0.0,0.0,0.0,0.0,0.0,0.0,0.0,0.0,0.0,0.0,0.0,0.0,0.0,0.0,0.0,0.0,0.0,0.0,0.0,0.0,0.0,0.0,0.0,0.0,0.0,0.0,0.0,0.0
CA3,0.0028699376829931,0.0,0.0,0.0,0.006678114391379,0.0,0.0067813247844277,0.0,0.0060261809674019,0.0,0.0,0.0,0.0008900595187016,0.0,0.0,0.0,0.0,0.0,0.0,0.0,0.0,0.0,0.0,0.0,20.7121408831237,1.32185175677692,16.7818577551749,0.0,0.0,0.0,0.0,0.0,0.0,0.0018317904167169,0.0,0.0,0.0,0.0,0.0,0.0,1.48857351724333,0.0,0.0,0.0,0.0,0.0,0.0,0.0276924176232895,0.0,0.0,0.0,0.0,0.0,0.0,0.0005556399890766,0.0,0.0,0.0027124694710143,0.0,0.0,0.0,0.0,0.0,0.0,0.0,0.0,0.0032296861936386,0.0006155900030813,0.0,0.0,0.0392395823996525,0.0134095946133596,0.0453528656240814,0.0,0.0094115193309387,0.0,0.0095340655257687,0.0,1.92953870341208,1.1606469975525,0.0,0.0010157513016707,0.0,0.0,0.0005476232430574,0.0006438010915034,0.0,0.0073237721031727,0.0,0.0117661814864372,0.0,0.0,0.0,0.0,0.0,0.0,0.00407236675057,0.0,0.0,0.129079262832676,0.0,0.157636847445423,0.0,0.0,0.0006410135903893,0.0,0.0,0.0,0.0,0.0,0.0,0.0,0.0031716291494298,0.0,0.0,0.0,0.029674002197187,0.0,0.0,0.0,0.0007588219981705,0.0,0.0012676915457156,0.0,0.0,0.0,0.0,0.0,0.0,0.0,0.0,0.0,0.0,0.0052578618794119,0.0,0.0524626249781061,0.0014602034667498,0.0,0.0,0.0,0.0,0.0,0.0,0.0,0.0,0.0,0.0,0.0,0.0,0.0,0.0,0.0,0.0,0.0,0.0,0.0,0.0009469404178576,0.0,0.0006456992945958,0.0,0.412406423521856,0.0,0.0,0.0,0.0,0.0059732830200171,0.0,0.0,0.0,0.0,0.0,0.0,0.0,0.0,0.0049667688575604,0.0,0.0012989817544491,0.0036638746750523,0.005778787791566,0.0015005573915665,0.0,0.0,0.0066838354886527,0.0,0.0,0.0,0.0,0.0,0.359266040186225,0.0,0.0,0.0,0.0,0.0,0.0,0.0,0.0,0.0,0.0,0.0081900046208749,0.0,0.0,0.0,0.0,0.0,0.0,0.0,0.0,0.0,0.0008376388318156,0.0,0.0012243869992454,0.0,0.0058626525599394,0.0,0.0014299318546614,0.0011977004502116,0.0010602033356917,0.0,0.0,0.0,0.0005337202884936,0.0,0.000637671336484,0.0,0.0,0.0,0.0,0.0,0.0006965005881949,0.0,0.0,0.0,11.7054261306164,0.507948020267742,7.44784743851307,0.0,0.0,0.0,0.0,0.0,0.0,0.0016683270741365,0.0008516280456526,0.0132307970930245,0.0,0.0,0.0,0.0,0.0,0.0,0.0,0.0009813884845789,0.0,0.0008130551038209,0.0,0.0100320503131418,0.0,0.0,0.0,0.0,0.0,0.0,0.0,0.0,0.0012955322715321,0.0018943332355767,0.0,0.0,0.0,0.0,0.0,0.0,0.0,0.0,0.0,0.0,0.0,0.0,0.0328860632596663,0.0026992849674314,0.0016749038994799,0.0,0.0028464392403345,0.0,0.0059904824510734,0.0,1.79963330241266,0.764851319411003,0.0020289848540648,0.0015705904513777,0.0,0.0,0.0,0.0010116757385998,0.0039666461028874,0.0,0.0,0.0,0.0,0.0,0.0,0.0,0.0,0.0,0.0010238258859017,0.0,0.0,0.0557746171555947,0.0,0.0870629819744072,0.0,0.0,0.0018031252188042,0.0,0.0,0.0,0.0,0.0,0.0011257219311858,0.0,0.0061450441371412,0.0,0.0015092544021278,0.0,0.0035835202629465,0.0007426789641068,0.0,0.0,0.0,0.0,0.0010719771906783,0.0,0.0,0.0,0.0,0.0069647610651318,0.0,0.0,0.0,0.0,0.0021055701076221,0.0,0.0,0.0040679634036089,0.0010728659044071,0.0,0.0,0.0,0.0,0.0,0.0,0.0,0.0,0.0,0.0,0.0,0.0,0.0,0.0,0.0,0.0,0.0,0.0,0.0,0.0,0.0,0.0,0.0,0.312099651666606,0.0055174502040327,0.0,0.0,0.0,0.0,0.0,0.0,0.0,0.0,0.0,0.0006914356214966,0.0,0.0,0.0,0.0,0.001809142375774,0.0,0.0,0.0,0.0015244167373406,0.0,0.0038893600142395,0.0,0.0,0.0,0.0,0.0,0.253222697115345,0.008847253875965,0.0,0.0,0.0,0.0006478499628025,0.0,0.0,0.0,0.0,0.0,0.0,0.0,0.0,0.0,0.0,0.0,0.0,0.0,0.0,0.0
CEA,0.0,0.0,0.0,0.0,0.0,0.0,0.0,0.0,0.0,0.0,0.0,0.0,0.0,0.0,0.0,0.0,0.0,0.0,0.0,0.0,0.0,0.0,0.0,0.0,0.0,0.0,0.0,0.0,0.001568280904707,0.0,0.0,0.0,0.0009416523181639,0.0,0.0,0.0,0.0,0.0,0.0,0.0,0.0,0.0,0.0,0.0,0.0020214997493676,0.0,0.0,0.0,0.0,0.0,0.0,0.0,0.0,0.0,0.0,0.0,0.0,0.0,0.0,0.0,0.0,0.0,0.0,0.0052476129787372,0.0,0.0,0.0,0.0042370129656057,0.0,0.0,0.0,0.0,0.0,0.0,0.0,0.0,0.0,0.0,0.0,0.0,0.0,0.0,0.0,0.0,0.0,0.0,0.0,0.0,0.0,0.0,0.0,0.0,0.0,0.0,0.0,0.0,0.0,0.0,0.0,0.0,0.0010390004995007,0.0,0.0,0.0,0.0,0.0,0.0,0.0,0.0027194761695873,0.0,0.0,0.0,0.0,0.0,0.0,0.0,0.0,0.0034751789292965,0.0,0.0,0.0,0.0,0.0,0.0,0.0,0.000749974981679,0.0,0.0,0.0,0.0,0.0,0.0,0.0,0.0011154458115853,0.0013485435110566,0.0,0.0,0.0013922920192642,0.0,0.0,0.0,0.0,0.0,0.0,0.0,0.0,0.0,0.0,0.0,0.0,0.0,0.0,0.0079149172587233,0.0,0.0,0.0,0.0,0.0,0.0,0.0,0.0,0.0,0.0,0.0,0.0091760896967743,0.0,0.0,0.0,0.0,0.0,0.0,0.0,0.0,0.0,0.0,0.0,0.0,0.0,0.0,0.0,0.0,0.0035895082565284,0.0,0.0017846381956727,0.0,0.0,0.0,0.0,0.0,0.0,0.0,0.0007799041671352,0.0,0.0,0.0,0.0,0.0,0.0,0.0,0.0,0.0,0.0,0.0,0.0,0.0,0.0,0.0,0.0076580438242521,0.0,0.0,0.0,0.0,0.0,0.0,0.0,0.0,0.0,0.0,0.0,0.0,0.0,0.0,0.0,0.0,0.0,0.0,0.0,0.0,0.0,0.0,0.0,0.0,0.0,0.0,0.0,0.0,0.0,0.0,0.0,0.0,0.0,0.0008718297131201,0.0,0.0,0.0,0.0,0.0,0.0,0.0,0.0,0.0,0.0,0.0,0.0,0.0,0.0,0.0,0.0,0.0,0.0,0.0,0.0,0.0,0.0,0.0,0.0,0.0,0.0,0.0,0.0,0.0,0.0,0.0026028091646941,0.0,0.0,0.0,0.0,0.0,0.0,0.0,0.0,0.0,0.0,0.0,0.0,0.0,0.0,0.0,0.0,0.0,0.0,0.0,0.0028631166019801,0.0,0.0,0.0,0.0,0.0,0.0,0.0,0.0,0.0,0.0,0.0,0.0,0.0,0.0,0.0,0.0,0.0,0.0,0.0,0.0,0.0,0.0,0.0,0.0,0.0,0.0,0.0,0.0,0.0,0.0,0.0,0.0,0.0,0.0,0.0,0.0,0.0,0.0006673287959734,0.0,0.0,0.0,0.0,0.0,0.0,0.0,0.0,0.0,0.0,0.0,0.0,0.0,0.0,0.0,0.0,0.0,0.0,0.0,0.0,0.0,0.0,0.0,0.0,0.0,0.0,0.0,0.0,0.0,0.0,0.0,0.0,0.0,0.0,0.0,0.0,0.0,0.0,0.0,0.0,0.0,0.0,0.0,0.0,0.0,0.0,0.0,0.0,0.0,0.0,0.0,0.0,0.0,0.0,0.0,0.0,0.0,0.0,0.0,0.0,0.0,0.0,0.0,0.0,0.0,0.0,0.0,0.0,0.0,0.0,0.0,0.0,0.0,0.0,0.0,0.0,0.0,0.0,0.0,0.0,0.0,0.0,0.0,0.0,0.0,0.0,0.0
CENT,0.0006053268637291,0.0007126432519745,0.0015568969346199,0.0009944049476115,0.0,0.0,0.0050084879684096,0.00067923253672,0.0019076985568393,0.0,0.0,0.0,0.0228514836747318,0.0,0.0009104084470151,0.0,0.0,0.0008502057402944,0.0019044434331734,0.000620350277327,0.0,0.0,0.0,0.0,0.002541039971178,0.0,0.0011046637214962,0.002502392129293,3.14250814495107,0.0,0.0,0.0,0.0,0.0011381436300519,0.0043680429154195,0.0060340622293827,0.0,0.0387325912914202,0.0,0.0,0.0067237553373262,0.0,0.0,0.0,0.0,0.0023484155351074,0.0128544134173768,0.0079875662820455,0.0,0.0,0.0009663809731224,0.0043926590853097,0.0,0.0,0.0,0.0,0.0012660343049818,0.0047090141677589,0.0,0.0,0.0466191937856845,0.0,0.00064842798258,0.0,0.0,0.0,0.0012558462915947,0.0007225232401208,0.0,0.0012368280197024,0.0,0.0,0.0,0.0,0.0048060108899267,0.0,0.0006349356247719,0.0007360343339203,0.0,0.0,0.0,0.0007557991426646,0.0,0.0028252595582827,0.0013712116780139,0.0008202581794764,0.0010805542025727,0.0,0.0,0.0,0.0,0.001304646000285,0.0314651992882943,0.003112140764805,0.0024956752725506,0.0,0.0,0.0,0.0014521862106469,0.0,0.0016172131266346,0.00964190694109,0.0,0.0,0.002399000337057,0.0101605126669432,0.0,0.0,0.000601112153297,0.001868180932727,0.0012986912237906,0.0024352972183832,0.0142192678213497,0.0,0.0030879160059848,0.0049314575644741,0.0009079393817168,0.0,0.005503254735244,0.0063465003579252,0.0012387908963098,0.0,0.0549651852681692,0.0,0.0,0.0,0.0,0.0232300623526098,0.0005883697881417,0.0,0.0,0.0,0.0029064595710462,0.0,0.0,0.0,0.0094173978653616,0.0,0.0,0.0,0.0,0.0,0.0,0.0,0.0,0.0,0.0,0.0072313720912705,0.0,0.0,0.0005983858539527,0.0,0.0,0.0012478032079662,0.0013862258184778,0.0012344794629178,0.0,0.0,0.0,0.0028262028637694,0.0,0.0013698087888973,0.0087808117381747,0.0,0.0,0.0032915997255555,0.0,0.0,0.0,0.0,0.0024788184176707,0.002780271711189,0.0007111366809929,0.0,0.0024729972868316,0.0,0.0031516797404234,0.0018070123940361,0.0,0.0006137416117786,0.0094643586826578,0.0,0.0010566961938647,0.0,0.0014830627056067,0.0028855106108124,0.0033353712904392,0.0,0.0,0.002792059980121,0.0091729493082451,0.0,0.0,0.002391319742125,0.0,0.0020545192233337,0.0006464661359973,0.0005156330450898,0.001480939776465,0.0065437689190539,0.0016499927343435,0.0,0.0006208355123173,0.0,0.0,0.0,0.0,0.0,0.0,0.0006301115285742,0.0007553012409258,0.0030493824458609,0.0,0.0,0.0,0.0028001380532355,0.0007368527295388,0.001285261563938,0.0,0.0,0.0,0.0376849512396841,0.0,0.0007107683755408,0.0,0.0,0.000865359988559,0.0,0.0,0.0,0.0,0.0,0.0,0.0019614629143411,0.0,0.0022706976803945,0.0,1.13583354384455,0.0,0.0,0.0,0.0,0.0037486504700276,0.0045634790906404,0.0048302974620893,0.0,0.0212477145701566,0.0,0.0006626590160175,0.0311250179362532,0.0,0.0,0.0,0.0,0.0011574403623454,0.0049568024351079,0.0055938953622482,0.0,0.0,0.0043850682553292,0.0007226960534939,0.0,0.0,0.0,0.0,0.0010023278133886,0.002170654425478,0.0,0.0,0.0,0.0,0.0,0.0,0.0,0.0,0.0015552995866732,0.0036049725998063,0.0,0.0,0.0,0.0,0.0,0.0,0.001015697271907,0.0,0.0,0.0013534345321986,0.0,0.0,0.0,0.0,0.0,0.0,0.0039416966173546,0.0,0.0037636732613956,0.0009512459580642,0.0,0.0005809660335923,0.0,0.0025442920821425,0.0260069895858877,0.0022093948481902,0.0030013274492374,0.0,0.0,0.0,0.0,0.0,0.002896413515383,0.0045630768668799,0.0,0.0,0.0,0.0050646515515326,0.0,0.0,0.0044237032174907,0.0027698205519119,0.0013306426041371,0.0013588023508783,0.0071189362261744,0.0,0.0029023323780104,0.0036933573317755,0.0015203586363926,0.0103117649208612,0.0057530556952448,0.0037692123058258,0.0,0.0,0.0352029436297986,0.0006606116146335,0.0,0.0010114225626067,0.0,0.0132549910307332,0.0006997809663967,0.0,0.0,0.0,0.0057342821901221,0.0,0.0,0.0018065109807671,0.0233294201408874,0.0,0.0,0.0,0.0005338580057168,0.0,0.0,0.0,0.0,0.0,0.0,0.0021883456091768,0.0,0.0,0.0,0.0,0.0,0.0024902140630279,0.003203751258099,0.00283402940582,0.0,0.0,0.0,0.0006765571224287,0.0,0.0,0.0235601018188746,0.0,0.0,0.0006773033670331,0.0,0.0,0.0,0.0,0.0009649822532661,0.001196021808346,0.0014670226979504,0.0010073969002368,0.002735529167047,0.0,0.0025919985570093,0.001376065436858,0.0,0.0011462855493477,0.003529751342623,0.0,0.0008263244916867,0.0013241539553053,0.0,0.0007420283060466,0.0010900072914229,0.0,0.0,0.0074144854269766,0.0010843926914763,0.0006776522865006,0.0,0.0021616117305371,0.0,0.0,0.0,0.0,0.0,0.0025610149119396,0.0,0.0,0.0,0.0,0.0,0.0,0.0,0.0005996389550707,0.0015827576550506
CL,0.0,18.6664160784534,3.43726771918763,0.0,0.969459611825312,0.0,0.0,0.001091037128299,0.0,0.0,0.777796852099057,0.0,0.0,0.0,0.0,0.0,0.0023240350978404,0.0,0.0,0.0,2.76279350295429,0.0,0.0,0.0,0.0,0.0,0.0,0.0,0.0433387370952847,2.15025475649013,0.0,0.0,0.0,0.0316995021931645,0.0429218968604138,2.27001571316963,0.0,0.0538511943620877,0.0020803831552841,0.0,0.0,0.0,0.0,0.0,0.0,0.0,0.142426770785642,0.0,0.0,0.0023201787966888,0.0084366242597156,0.0008730317459361,0.0,0.0,0.0,0.0451611625428271,0.0,0.0,0.0,0.0,0.0,0.0,0.0,0.0,0.0,0.0031344461059929,0.0126799248115235,0.0146587463606344,0.0,0.0,0.0,0.0,0.0,0.0,0.0234412135040051,0.0,0.0,0.030403013831979,0.0,0.0114632284089859,0.0024178894547852,0.0,0.0,0.0,0.0130371003836157,0.0,0.0111465028160629,0.0,0.0,0.0,0.0,0.0,0.0,0.0,0.0,0.0,0.0,0.0,0.0,0.0,0.0,0.0,0.0,0.0030665498356071,0.0,0.0430942075827071,0.0,0.0,0.0007254590690494,0.0,0.0,0.0,0.0,0.0,0.0297782777789225,0.0,0.051523852060833,0.0048683389582107,0.0033365447294603,0.0,0.0,0.0,0.0,0.0008399160192657,0.0,0.00485985027187,0.0,0.0648023106296037,0.0,0.0,0.581822072037238,0.0,0.0,0.0,0.0,0.0,0.0619005296983533,0.0,0.0,0.0,0.0063643880421516,0.0,0.0,0.0016384330958912,0.0,0.0087237447334508,0.0,0.0015832707694346,0.0005217506831901,0.0,0.0,0.0,0.0,0.0,0.0,0.0,0.0,0.0,0.0,0.0,0.0,0.0,0.010039703942337,0.0,0.0,0.0,0.0073384966133222,0.0,0.0,0.0,0.0049306998400969,0.0,0.0,0.0,0.0,0.0,0.0,0.0,0.0,0.0,0.0,0.0,0.0,0.0,0.0,0.0,0.0475715814097826,0.0,0.0,0.0,0.0321133455261977,0.0,1.58785099776206,0.0438493856737853,0.0189872170198833,0.0,0.0,0.0,0.0,1.13712975488004,0.590347180768373,0.289305464006135,0.0461260232195057,0.0,0.0,0.0,0.0,0.0,0.0,0.0,0.0287924835797257,0.0,0.0,0.0,0.0,0.0200809410311408,0.0095501705345167,0.0020603406218239,0.0,0.0,0.0,0.0566587073527049,0.0,0.0,0.0019132015310592,0.0223499037931916,0.0030236620399496,0.0,0.0,0.0,0.0,0.0,0.0,0.0,0.0,0.0,0.0,0.0216018765219426,0.0,0.0,0.0,0.0073821982864075,0.0,0.0,0.0,0.0,0.0670579521439023,0.0085540854644225,0.001340746054164,0.0,0.0,0.0,0.0,0.0,0.0,0.00987132618858,0.0439349754600273,0.0,0.0,0.123613617188857,0.0029412617245165,0.0,0.0,0.0,0.0,0.0,0.0101501580652033,0.0,0.0006860905731532,0.0,0.0007178827518272,0.0,0.0,0.0261994406342111,0.0,0.0,0.0012482719517288,0.0,0.0,0.0,0.0,0.0,0.0,0.0,0.0,0.0,0.0471345284811684,0.0,0.0,0.0,0.0,0.001908552049918,0.0,0.0084112733838828,0.0,0.0521754889847526,0.0021502778436233,0.0,0.0007030213244939,0.0049402491024153,0.0162239389447871,0.0484656583334606,0.0146552904005455,0.0294475745676247,0.0,0.0,0.0,0.0,0.0,0.0,0.0,0.0,0.0327634557862515,0.0,0.0216481546222739,0.0,0.005859644422975,0.0,0.0016557300014933,0.0367242722205718,0.0019390926489158,0.28708509388745,0.0020871633842259,0.0,0.0,0.02179633650515,0.0016879423822843,0.0024494191092288,0.0,0.0050197967691114,0.0,0.0,0.0101125056337096,0.0,0.0006088946914687,0.0,0.0030708233258243,0.0,0.0,0.0,0.0,0.093669244059463,0.0,0.0,0.0426632820056259,0.0720405602690522,0.0,0.0,0.0,0.0,0.0,0.0,0.0013374196098574,0.0,0.0092423740239594,0.0019037105450089,0.0,0.0006241641642991,0.0,0.0,0.0015366765061928,0.0,0.0208135716727094,0.0577264500452709,0.0,0.0,0.0,0.0,0.0056720977249674,0.0,0.0,0.133118786623047,0.0,0.0,0.0006801937866385,0.0030507484841695,0.0,0.0,0.0,0.0,0.0,0.0,0.0,0.0,0.0,0.0,0.0,0.0,0.0,0.0364488473855178,0.0,0.0089360907321908,0.0,0.0,0.003203690901048,0.0092728993787244,0.0,0.0,0.067706197372818,0.0118067033278462,0.0,0.0,0.020770842833496,0.0075951167372832,0.0020679825318776,0.0,0.0,0.0,0.0067611817136747,0.0,0.0,0.0,0.0,0.0,0.0,0.0,0.0,0.0
CLA,0.0,0.928158212547946,0.0,0.0,0.0,0.0,0.0,0.0,0.0,0.0,0.0249287756439969,0.0716960521928005,0.0,0.0,0.0,0.0,0.0,0.0,0.023458877975343,0.0694687881252324,0.0,0.0,0.0,0.0,0.0,0.0498504785861567,0.73898271015207,0.0,0.0,0.0673983373511043,0.0,0.0,0.0,0.0,0.0,0.0,0.0366207326958361,0.0,0.0,0.0,0.0,0.0,0.0,0.0,0.0,0.0,0.0,0.0,0.0,0.0,0.0019325473181431,0.0,1.03243948752052,0.0,0.0,0.0,0.0,0.0,0.0,0.0,0.0,0.0,0.0,0.23880872382159,0.0006737383622214,0.0016516090750778,0.0,0.0,0.0,0.0,0.0,0.0,0.0,0.0,0.0,0.0,0.0,0.0203289631371718,0.0,0.0,0.0,0.0,0.0,0.0,0.0123079817994028,0.0,0.0,0.0,0.0,0.0,0.0,0.0,0.0,3.12586295177233,12.7396558434418,0.0,0.0,0.0,0.791863539162287,0.0,0.0,0.0,0.0,0.0,0.0,0.0,0.0,0.0,0.0,0.0,0.0,0.0,0.0,0.0,0.0,0.233723615826628,0.0,0.0,0.0,0.0,0.0,0.0,0.0,0.0,0.0,0.0,0.0346603647594111,0.0,0.358470929333701,0.0,0.457371413308223,0.0068980989595245,0.0,0.0031479061250298,0.0191380804685425,0.0,0.0,0.0,0.0,0.0,0.0,0.0,0.0,0.0,0.0,0.0,0.0,0.0,0.0,0.0807897124350333,0.107477267058285,0.0,0.0,0.0,0.0,0.0,0.25894409949244,0.0,0.130108323239892,0.0,0.0,0.0,0.0,0.195862456867458,0.0,0.0,0.0014413128553953,0.0,0.0009847814870601,0.0082234325369309,0.0,0.0,0.0,0.0,0.0,0.0,0.0,0.0,0.0,0.0,0.0,0.0269765994828876,0.0,0.0,0.0,0.0,0.0,0.0,0.0,0.0,0.0,0.0,0.426065873385968,0.0,0.0059453841213234,0.0,0.0058068062931773,0.004021874245247,0.0,0.0,0.0,0.0075241353907449,0.913132864987903,0.0270653394834796,0.0,0.394323532829246,0.0,0.0,0.0,0.0,0.0,0.0,0.0,0.0,0.0,0.0,0.0,0.0,0.0,0.000989576249129,0.0007086691436332,0.0423893060061437,0.0,0.0,0.0024821093297343,0.0,0.0,0.0027035604196886,0.0,0.0,0.0,0.0,0.0,0.0,0.0,0.233896414293831,0.0,0.0,0.0237881669852903,0.0,0.0,0.0842878626986235,0.0,0.0,0.0,0.0127073316458309,0.0,0.0,0.0,0.0,0.0,0.0,0.0,0.0,0.0,0.0,0.0,0.0,0.0,0.0072614684749938,0.0013781625256834,0.0,0.0,0.0,0.0,0.0,0.0,0.0,0.0,0.0,0.0,0.0,0.132762581522071,0.0045914425938252,0.0,0.0,0.0,0.0,0.0,0.0,0.0,0.0,0.0,0.0,0.0,0.0,0.0219897859263184,0.0,0.0,0.0,0.0,0.0,0.704814306228706,0.0,0.0,0.0,0.0,0.0,0.0,0.0,0.0,0.0,0.0,0.0,0.0,0.0,0.0,0.0429466591942605,0.0,0.0,0.0,0.0,0.0055341109357421,0.0,0.0,0.0,0.0007111844191591,0.0,0.418692251373612,0.0,0.0,0.0,0.0,0.0,0.0,0.0,0.0,0.0,0.0,0.0,0.0182344871912344,0.0,0.0,0.0,0.0,0.0194002088764482,0.0,0.0,0.0,0.0,0.0,0.0,0.0,0.0148813397631332,0.0,0.0,0.0,0.0235665576641027,0.0,0.0,0.0,0.0,0.0,0.0528808767110683,0.0,0.0,0.0,0.0,0.0224670555615464,0.06695729149225,0.0,0.0,0.0,0.0,0.0,0.0,0.0,0.0,0.0,0.0,0.0,0.0,0.132477719425535,0.0,0.0,0.0,0.0,0.0,0.0,0.0,0.0,0.0,0.0,0.0,0.0,0.0,0.0,0.0,0.0,0.0,0.0,0.0,0.0,0.0,0.0,0.0,0.0,0.0,0.0,0.0,0.0,0.0,0.0,0.0,0.0,0.0,0.0,0.0,0.0,0.0,0.0,0.167183431814931,0.0,0.0,0.0,0.0007751479618525,0.0,0.0
CLI,0.0316791722941224,0.0,0.0,0.652065450975958,0.0,0.0,0.0296291971919464,0.0267924836656716,0.0260482642101993,0.0025214124172301,0.0504065538006046,0.0350526266129716,0.0,0.0071743785562482,0.137423683108809,0.0,0.0,0.0025944195928112,0.0010421392946083,0.0042141945387904,0.0242923171281748,0.179214094561031,0.059655886284286,0.431499704248095,0.371873437712946,0.0300851888838269,0.191615823931903,0.14784742270714,0.273525180672601,0.0,0.001093367929779,2.16923665927835,0.202993424528142,0.0005609280983367,0.0434374417410635,0.742602931160902,1.7674095449157,0.0,0.0,0.0124455120472215,0.418104576379339,0.0305608505573823,0.0,0.006956028447901,1.62540568981041,0.0,0.0,0.0410414662084268,0.0184064229881891,0.0138653375153146,0.0014232227421329,0.0014544545755401,0.0,0.0851273751334747,0.107652901065324,0.11161900844482,0.64261028017751,0.0102714458119859,0.0157798059164848,0.0,0.0,0.0,0.0166434945103365,0.081214660198001,0.0,0.0040311966819809,0.982263690606892,0.0,0.0340445856026969,0.0,0.0,0.0,0.0,0.236906635632109,3.72788911122618,0.0,1.30122445260249,0.0,0.0606307009284213,1.44770159718837,0.0864034436597768,0.0363164107517193,0.0,0.607913782548998,0.0,0.0,0.0527324332464794,0.0,0.0,0.0,0.113767821771336,0.0,0.0173417298124026,0.0060049511473691,0.0,0.0,0.353480301256982,0.0153865621786488,8.41360738552145,0.380235611365536,0.126094964312255,1.31249014826631,0.356280802375541,0.0,0.0032486704967068,0.0057791396995101,0.0852585941303929,0.056146262833689,0.0,0.0039205205360036,0.0134591933621447,0.0,0.122415575834743,0.0406732095086525,0.0,10.8939020608927,0.0094382109549528,0.0,0.114278980051933,1.14894131231535,0.0,0.34405724002746,0.0,0.0220790744130604,0.0371628907055982,0.0075702675517487,1.04816031255024,0.0863490117697781,0.0114716186224519,0.0,0.0,0.0,0.0031721300490497,0.0,0.0,0.0012782630154559,0.0,1.09053735584094,0.0,0.0558871452671105,0.0,0.0643433323941236,0.0,0.007458274530022,0.0170012194450095,0.0,0.0028727757182421,0.0,0.0,0.148367624983905,0.0424059012067614,2.46620631009958,0.28536164390322,0.0,0.0,0.0210166551098075,0.142244839323259,0.0039307049938221,0.0,1.03028498022922,0.248328714184072,1.59448245779761,0.0,0.0564894961329826,0.316329121333588,0.924054786593753,0.0,0.216535158888411,0.0560198172370756,0.0,0.0,0.0,0.0,0.0042103337366461,0.0,0.0,0.0009372967236178,0.0150389586456687,0.0,0.0,0.0,0.0109741631601787,0.0,0.0,0.0010428610987995,0.0,0.0640539158458828,0.147245921998718,0.156328346966179,0.10546308657444,0.0685567718777904,0.0,0.0592691637438206,0.004946881853709,0.0760538563107441,0.0060505158095327,0.0,0.0,0.0,0.0,0.0,0.0,1.05338300107161,0.0,0.0,0.0,0.0659302138207265,1.41888619124123,0.0,0.0006388867396932,0.0,0.0365198308489791,0.0593169096956878,0.0015341303769562,0.0,0.0028227774738682,0.0097856540276092,0.0110253112535867,0.0503540796979647,0.0183093430526788,0.0127902658844137,0.0,0.0011720101383011,0.24477075570309,0.0664689158518069,0.0136173537136828,0.0,0.0,0.0,0.0,0.0,0.0078557462735218,0.0662260583589692,0.130091040779413,0.0110966207892085,0.335992926830519,0.0280419522315208,0.306294318439033,0.0,0.0,0.785462215519393,0.176610763625426,0.0,0.0,0.250536548177867,1.42220148216132,0.0,0.126138835429434,0.0062088615607785,0.352600410977299,0.0059767293931072,0.0,0.005530207242918,0.686969393621986,0.0021753199905315,0.0655042599949296,0.0574977029616645,0.0320631587281211,0.0,0.0,0.0019482243826859,0.0,0.0176388990842055,0.0173122544712185,0.0074937421910098,0.830337193634854,0.0021175633747793,0.0,0.0,0.0,0.0,0.0,0.0384079168002179,0.0018412793523909,0.0026446614928981,0.752976060656011,0.816593542813688,0.0,0.0029243509292357,0.0,0.0,0.0,0.234569032437268,1.63396647184177,0.0,0.383339368502591,0.0591738695784566,0.0229118123901389,0.418372594258226,0.0359364773878529,0.0166676025952127,0.0396624026081747,0.216471003251212,0.190586637364572,0.070764176575127,0.0357293070137305,0.0073809164983641,0.0,0.0,0.0177055061489597,0.0,0.014751818044118,0.0,0.0,0.0,0.0758816712395098,0.0,4.69926835353507,0.192380766156816,0.218384949077731,0.37908681972419,0.196570250276046,0.0493634129598355,0.0,0.0324422543822047,0.0,0.0189412592058896,0.0283075072492663,0.0,0.0068547054479398,0.0,0.0,0.0164477884315356,0.0,8.36675318399458,0.0088652907257587,0.454847038459178,0.508529703229642,0.571366266293176,0.007032484790831,0.200964282844504,0.0,0.0,0.0378389942837894,0.583282445372248,0.171036514054084,0.0561575697080107,0.0,0.0,0.0023048294281755,0.0391851228334285,0.0482295010866219,0.0013565982600609,0.508527559873677,0.0126663623734334,0.0,1.2601483201448,1.57813676083338,0.0598083014508801,0.0113779117973468,0.0191857021820871,0.0,0.0,0.0054212476177072,0.0,0.0015567848463309,0.0,0.0040971010291509,0.0,0.0384629430153925,1.23091250632831,0.169574356578643,0.0,0.0110782071145856,0.0296239023881507,0.038331227683029,0.0,0.0,0.0,0.160269494498853,0.285775608060343,0.0,0.0133718757753439,0.318653505494797,0.628632135128615,0.107821127542795,0.0505589712083829,0.0018936621785932,0.0058590043912989,0.0,0.0,0.0139062558282238,0.0172635835080691,0.002268519686665,0.0,0.0085222444304464,0.0090248151461713,0.0,0.0,0.0129446998288299,0.0092370213614709,0.184986577857135,0.270960780458782,0.0,0.0073415110719068,0.0063832440187944,0.405047212899158,0.100506579442689,0.0446059234337818,0.0431936750312526,0.0407167403854836,0.0018592174526693,0.0,0.669987843517649,0.004026581921304,0.0,0.0,0.0,0.0,0.0,0.0,0.0219889834367741,0.0,0.004007123760105,0.0,0.0244788458238968,0.984782791438687,0.0013636763183994
CM,0.0028163881909629,0.152277419061302,0.0,1.08673019819823,0.0011013528472635,0.0,0.0,0.0,0.0,0.0,0.17619154712262,0.288496690155624,0.0,0.0028955748539632,0.0,0.0,0.0,0.0,0.0,0.0,0.0843152391355057,0.34508271923548,0.0,0.02865879269558,0.0,0.0,0.0,0.0626251885819754,0.0,0.0246367875993733,0.0383527000429207,0.0,1.64479010386856,0.0,0.0,17.8653368072293,0.0,0.000535774316708,0.0,0.0,0.0,0.0,0.0,0.0,0.0,0.0,0.0,0.0,0.0023965864347558,0.0,0.0007102005892977,0.0,0.250025603735923,0.014260992469275,0.169308323206716,0.0,0.0,0.0,0.0,0.0,0.0,0.0,0.0344087483888667,0.180181305348937,0.0,0.0,0.0,0.0,0.0300970723971139,0.0,0.0010277321985219,0.0,0.0,0.0007339658662519,0.0,0.0,0.0,0.0,0.0,0.0,0.0,0.0,0.0,0.723016143711156,0.0,0.0,0.0,0.0,0.0,0.0008566666556385,0.0,0.0006757960882178,0.0044161377988253,0.0,0.0,0.0,0.0,0.0,0.0,0.0,0.0,0.0050874252082219,0.0,0.0,0.0008940714854464,0.0,0.0,0.0,0.0,0.21128183354301,0.126463712283899,0.297929662461244,0.211874505676111,0.0,0.0,0.0,0.0,0.0,0.0,0.0,0.0,0.0,0.0,0.0,0.0,0.0,0.0,0.0,0.980790085603804,0.0,0.0,0.0,0.0,0.0,0.0,0.0,0.0,0.0,0.0,0.0,0.0,0.0027349158730788,0.0,0.0,0.0096497261402254,0.0,0.0,0.0,0.0,0.0,0.074596579409623,0.0,0.0,0.0020885173525666,0.0019509212954114,0.0,0.664899637271241,0.0,0.0,0.0013479634235471,0.0,0.204529164988416,0.0069415185315479,0.0292555137571822,0.0,0.0,0.0,0.0,0.0,0.0,0.0,0.0,0.0,0.0,0.0,0.0,0.0,0.0,0.0,0.0,0.0,0.0,0.0,0.0,0.0,0.0009606717617941,0.0,0.0,0.0,0.0,0.0165877775583467,0.0,0.295619642389707,0.0,0.0,0.0,0.0,0.0012543304188903,0.0,0.0020387256188815,0.0,0.0,0.179176567262769,0.0,0.0,0.0,0.0,0.0,0.0,0.0,0.0,0.0,0.0646022400877824,0.0,0.0,0.0,0.0,0.0,0.0,0.0169021561201219,0.0349343136541371,0.0,0.0,0.0,0.0,0.0,0.0,0.0,0.0,0.0008143047676448,0.0236183273052698,0.0,0.0,0.0,0.0,0.000666219750216,0.0,0.0,0.0,0.0,0.0,0.243965053349774,0.004449134802005,0.0,1.51523548339237,0.0,0.0008876403276446,0.0,0.0,0.020150872795939,0.0,0.0,0.0,0.0,0.0,0.0,0.0,0.0,0.0,0.0007327278245246,0.0,0.0081575874800717,0.0022195518833088,0.0133820942055555,0.0,0.0,0.0006714206226558,0.0,0.0,0.0,0.0,0.0,0.0141910417416938,0.0,0.0,0.0,0.0,0.021847519667201,0.0,0.0,0.0,0.0,0.0,0.0,0.0,0.0,0.0,0.0,0.0,0.0,0.0,0.0,0.0924202153084676,0.0,0.0,0.0005533062204595,0.0,0.0,0.0007710613820553,0.0,0.0,0.0012827983229542,0.0,0.000977848606815,0.0,0.0,0.0,0.0,0.0,0.0,0.0140226243154489,0.0,0.0,0.0005188070009331,0.0,0.0,0.0,0.0,0.0015117917555735,0.0,0.0,0.0524368682941293,0.0,0.0006533048456108,0.0,0.0,0.0,0.0,0.0,0.0,0.0,0.0,0.0010054409441997,0.0,0.0,0.0,0.0,0.0478095163078485,0.0,0.0,0.0,0.0010394444507228,0.0,0.0,0.0,0.0,0.0,0.0,0.0,0.0,0.0,0.0,0.0,0.0,0.0,0.0,0.0,0.0,0.0,0.0081768293637956,0.0,0.0,0.0,0.0,0.0,0.077854120008996,0.0,0.0,0.0,0.0,0.0080180683431912,0.0013676000356296,0.0013749510893679,0.0,0.0,0.0,0.0,0.0,0.0,0.0,0.0,0.0,0.0,0.0,0.0,0.0029404008249468,0.0008244339822236,0.0,0.0,0.0,0.0,0.0,0.0,0.0,0.0,0.0,0.0,0.0,0.0,0.0007615385382055,0.0,0.0350311930899784,0.0,0.0,0.0,0.0,0.0,0.0,0.0,0.0,0.0,0.0350282869353584,0.0,0.0,0.0,0.0,0.0,0.0
COAa,0.0,0.0,0.0302734009439846,0.0,0.0,0.0,0.169086682696145,0.0,0.0,0.0,0.0,0.0,0.0040872371853253,0.0,0.0,0.0,0.0,0.0,0.0077657778265171,0.0,0.0,0.0,4.41833796611681,0.0,0.0,0.0,0.0,0.0,0.0,0.0,0.0,0.0,0.0,3.04169040220933,0.319952731793916,0.0,0.0,0.0006750669018185,0.0,0.0,0.0,0.0,0.0,0.0,0.0,0.0,0.0,0.0,0.0,0.0,0.0,0.0,0.0,0.0,0.0,0.0,0.0,0.0009814327565481,0.138131353782144,0.0,0.0,0.0,0.0,0.0,0.005078403958284,0.0,0.0015719324191097,0.0020344672212787,0.0,0.0,0.0,0.0,0.0,0.0,0.0,0.0,0.0,0.0110587037711855,0.0,0.0,0.0,0.0,0.0,0.0,0.0063143329253183,0.0005453618276025,0.0,0.0,0.0,0.0047355859334421,0.0,0.0,0.0666804021465526,0.0,0.0,0.0,0.0,0.0,0.0,0.0,0.0,0.0,0.0,0.0,0.0,0.0026347315163029,0.0,0.0,0.0,0.0,0.0,0.0,0.0,0.220583324407757,0.0,0.0,0.0,0.0,0.0,0.0,0.0,0.0,0.0080097300021292,0.0,0.0,0.0014656911652174,0.0,0.0,0.0,0.0,0.0,0.0,0.0060282587494914,0.0,0.0,0.0,0.0007731777833686,0.0,0.0,0.0,0.0012260168255435,0.0,0.0,0.0,0.0,0.0,0.0,0.0,0.0,0.0,0.0,0.0,0.0,0.0,0.0020126239213305,0.0139978810201597,0.0,0.0,0.0,0.0035424961958251,0.0,0.0,0.0009763624093463,0.0,0.0,0.0068334459153778,0.0025462635102597,0.0,0.0,0.0,0.0,0.0005315168756802,0.0,0.0,0.0,0.0009748463044319,0.0207141218449448,0.0057407740582738,0.0,0.0561478121054585,0.0,0.0,0.0,0.0,0.0,0.0,1.01236314621071,0.0,0.0,0.0,0.0,0.0,0.0,0.0018473289086426,0.0031792065270895,0.0,0.0,0.0,0.0,0.0,0.0032029207481758,0.0,0.0,0.0,0.0,0.0,0.0,0.0,0.0,0.0,0.0046193725798753,0.0263733596380129,0.0,0.0,0.0,0.0094423385145935,0.0,0.000535291322433,0.0,0.0,0.0,0.0015734463782525,0.0,0.0,0.0,0.0,0.0,0.0,0.0,0.0,0.0041750938738888,0.0,0.0,0.0058000621769841,0.0,0.0084158434969413,0.0,0.0,0.0,0.0,0.0,0.0,0.0013110115728869,0.019229479927613,0.0066402767136724,0.0,0.0015402244117653,0.0,0.0018545088211029,0.0837886726914842,0.0,0.0,0.0,0.0,0.0,0.0,0.0029295741963821,0.0,0.0,0.0,0.0,0.0,0.0,0.0,0.0,0.0017262120287819,0.0037141138003628,0.0,0.0,0.0,0.0,0.0,0.0,0.0051907460905079,0.0,0.000874042065364,0.0,0.0,0.0,0.0,0.0,0.0,0.0,0.0,0.0,0.0,0.0094308182494933,0.0,0.0,0.0,0.0,0.0,0.0,0.0010624597204042,0.0,0.0352622783880036,0.00279797569722,0.0,0.0010448862454574,0.0006984496879741,0.0012238502163622,0.0138516885458729,0.0,0.000575605165189,0.0,0.0,0.0,0.0,0.0,0.0,0.0459327845702892,0.0,0.0,0.0010800665994904,0.0033597574788143,0.0,0.0,0.0,0.0,0.0078774249631676,0.003894111459789,0.0,0.0081921966564684,0.0,0.0,0.0023915046937677,0.0,0.0006075125509869,0.0,0.0,0.0,0.0087910191838906,0.0013488183740578,0.0,0.0048299239626585,0.0,0.0,0.0018874457303277,0.0,0.0,0.0,0.0166651181761623,0.0,0.0,0.0060426852755197,0.0006747586661183,0.0,0.0,0.0,0.0,0.0,0.0,0.0,0.0,0.0011095895098584,0.0,0.0,0.0,0.0,0.0,0.0,0.0,0.0,0.0089995135731039,0.0155907076549454,0.0,0.0,0.0,0.0,0.0,0.0,0.0,0.0,0.0,0.0026737222604769,0.0013732634836671,0.0,0.0,0.0,0.0,0.0,0.0,0.0,0.0,0.000614669694092,0.0032874104485441,0.0,0.0,0.0,0.0,0.0,0.0,0.0,0.0,0.0059796771227169,0.0023099415756384,0.0,0.001494722814942,0.0314796861291946,0.0,0.0,0.0,0.0059528524562374,0.0027615754253893,0.0019445979368431,0.0,0.0,0.0,0.0,0.0,0.0,0.0,0.0,0.0,0.0,0.001019352294603,0.0,0.0
COAp,0.0647256283054946,0.0,0.0,0.0423608175351385,0.0,0.0,0.0051990373374701,0.0917113169962135,0.0433678776487765,0.0,0.0,0.0,0.0,0.182166952893176,0.361709966631222,0.0,0.0,0.0,0.0,0.0,0.0,0.450318346176459,0.817529597430437,0.149108408113615,0.103817139628273,0.0,0.0719077697437028,0.0991469469054883,0.0,0.0,0.0065067953959348,0.0,0.0,0.351987786910877,4.13593688044116,0.0,0.0,0.0,0.0,0.0,0.0331278660978732,0.0,0.0,0.0181018781325028,0.0,0.0218530712818319,0.694967629042876,0.209266433874485,0.406015792317434,0.46493660731944,0.0,0.0,0.0,0.0152827137241846,0.0,0.0,0.0,0.0,0.0968140283873917,0.0,0.0,0.0,0.0027433832012847,0.0,0.0,0.0,0.0,0.0,0.0517410920807167,0.0,0.0,0.0,0.0009470067666432,0.0,0.0006951926953412,0.0,0.0075591531266588,0.0,0.0,0.17822258904633,0.0915151935912977,0.0181718502981344,0.0,0.0,0.0,0.0,2.49957446529071,0.0,0.0,0.0,0.0,0.0,0.23145470274508,0.0,0.0,0.0,0.0,0.0,0.0,0.0093595401621187,0.0,0.0326511431041126,0.0,0.0,0.0887687947897023,0.0,0.0,0.0,0.0,0.0,0.016412390987223,0.0210736331097489,0.103749143575875,0.483054528275787,0.521797243109828,0.0,0.0029284586803398,0.0,0.0,0.0,0.0156157674824753,0.0,0.0,0.0,0.0,0.0,0.0,1.52599736794798,0.0,0.0,0.0,0.0,0.0,0.0,0.0,0.0006576822867868,0.0,0.0,0.0,0.0,0.0,0.0,0.0057560962284226,0.0,0.0,0.0,0.0,0.0,0.0,0.0,0.0,0.0,0.0,0.0,0.0,0.0,0.0138029448357499,0.0,0.0,0.0,0.0037950563067409,0.078638971188752,0.0,0.0,0.0,0.0,0.0,0.0,0.0,0.0,0.0,0.0,0.0,0.0,0.0,0.0,0.0,0.0,0.0,0.0,0.0,0.0,0.0,0.0,0.0,0.0,0.363882380207242,0.0,0.0046052831021682,0.0845192869088336,0.0,0.0,0.0,0.0,0.0,0.0046752976570363,0.0,0.0,0.0,0.0,0.0006701638602693,0.0,0.0,0.0,0.0,0.0,0.0,0.0,0.0,0.0009369436651692,0.0,0.0,0.0487965876650404,0.0,0.0,0.0,0.004229238575303,0.0009107770138214,0.0,0.0,0.0,0.0,0.0084597847519071,0.0303908522152801,0.0,0.0,0.0,0.0,0.0,0.0,0.0140288901562743,0.0881671792515738,0.117446863456013,0.0,0.0,0.0,0.0422279854459391,0.0,0.0,0.0,0.0,0.0,0.0011432351231215,0.530783133815359,0.0,0.0,0.0,0.0,0.0,0.0,0.0,0.0,0.0031450338740063,0.0,0.003430215544108,0.0075905832884204,0.0,0.0134674603376267,0.0083353524521221,0.0,0.0,0.0,0.0044039603617982,0.0,0.0,0.0,0.0,0.0131554144971424,0.0,0.0,0.0,0.0081906801773645,0.0,0.0,0.0,0.0,0.0,0.001592607723834,0.0,0.0,0.0,0.0,0.0,0.0009740594253257,0.0,0.0014555404275472,0.0,0.0,0.0055446614561633,0.0043505296648047,0.0,0.0,0.0,0.0,0.0,0.205519616109634,0.0,0.0,0.0,0.0,0.0,0.0,0.0,0.0,0.0,0.0015210089315553,0.0,0.0,0.0012431485312794,0.0,0.0,0.0,0.0,0.0,0.0,0.0,0.0,0.0,0.0,0.002211942548277,0.0005330176510193,0.02452295497002,0.103925031144829,0.0158503204117909,0.0,0.0,0.0,0.0,0.0,0.001003604185388,0.0,0.0,0.0,0.0,0.0,0.0,0.0315421361510653,0.0,0.0,0.0,0.0,0.0,0.0,0.0,0.0,0.0,0.0,0.0,0.0,0.0,0.0,0.0,0.0,0.0,0.0,0.0,0.0,0.0,0.0,0.0,0.0,0.0,0.0,0.0,0.0,0.0020685903323676,0.0,0.0,0.0,0.0023935230208519,0.0144897889693805,0.0,0.0,0.0,0.0,0.0,0.0,0.0,0.0,0.0,0.0,0.0,0.0,0.0,0.0,0.0,0.0,0.0,0.0,0.0,0.0,0.0,0.0,0.0,0.0,0.0054666331376384,0.0,0.0022882258825215,0.0006429846865899,0.0,0.0,0.0,0.0,0.0,0.0,0.0,0.0,0.0,0.0,0.0,0.0,0.0,0.0,0.0,0.0,0.0,0.0,0.0
CP,0.0173566161555534,0.0218496512975864,0.0283528102935659,0.0,0.0006716876239103,0.0,0.0401520200964888,0.0170867466574859,0.0214326859001185,0.0,0.0,0.0,0.0023012733258106,0.0,0.0014228452971115,0.0,0.0010793732555584,0.0,0.0,0.000692132333273,0.0009138255543019,0.0605252353187629,0.011639993765444,0.0158320868122347,0.0008758846141611,0.0,0.0,0.101250667041244,0.0008624668225285,0.0031556533199474,0.0070622893214347,0.0,0.0,0.0044042851498514,0.0033735916055492,4.00237066380657,0.0,0.0013233367668033,0.0005621288698861,0.0,0.0062111139199858,0.0,0.0,0.0,0.0,0.0013850694692677,0.0089711610835357,0.0030260147261837,0.0345087569172129,0.0141536153194249,0.0,0.0,0.0,0.0629135724485841,0.866249108803328,0.22914438861789,0.0,0.0252061419377343,0.0014868819532066,0.0,0.0,0.0,0.0,0.0008056028887393,0.0,0.0,0.0007603988984408,0.0024162350331503,0.0028984164790621,0.0,0.0026768407720764,0.0,0.0,0.0,0.0234594954460953,0.0031613360576161,0.0,0.0007735777173602,0.0006576182624135,0.0,0.0,0.0044197588888495,0.0,0.0,0.0,0.0,0.0034783447555774,0.0,0.0,0.0,0.0,0.0007592758980655,0.0414417710683868,0.0422850916904276,0.0402842666474069,0.0,0.0,0.0,0.0532002740840207,0.0,0.0,0.0020754427082264,0.0,0.0,0.0010824893620476,0.0008387128201397,0.0,0.0,0.0010605948942,0.0,0.0,0.0024364014921603,0.0015090327636256,0.002200566715041,0.0035983920072169,0.0022062024182939,0.0,0.0038258262389544,0.00816898023675,0.0,0.0006001871917048,0.0,0.0038159618031758,0.0,0.0,0.0,0.0007348461586864,0.0527181658233603,0.0094259019748042,0.0,0.0,0.0,0.0011197160735049,0.0009770148027508,0.0048506930455581,0.0,0.0033202085474842,0.0006654685632937,0.0,0.0,0.0,0.0,0.0025208411224962,0.0,0.0009068135067259,0.0,0.0,0.0,0.0,0.0,0.0,0.0,0.0042431840916064,0.0031479205218127,0.0048871528846095,0.0069852213020195,0.0598929076795527,0.0,0.0,0.0012917546715101,0.0,0.11337944420345,0.0011060064405508,0.0,0.159652174184294,1.27951864322684,0.0,0.0,0.0,0.0,0.0,0.0005216173701011,0.0,0.0,0.0,0.0,0.0,0.0093427696083036,0.0023472403620031,0.0,0.0,0.0661097342514358,0.0006438179152088,0.0009572427178933,0.0,0.0012578136895439,0.0062071455734836,0.0,0.0,0.0012220286454757,0.0038762149981891,0.0,0.0,0.0012685928232657,0.0,0.0021274577280702,0.0,0.0013063063706603,0.0005353808961022,0.0015292889457352,0.0,0.0008618227403734,0.0,0.0,0.0,0.0,0.0,0.0129853399549214,0.0,0.0,0.0022160890469078,0.0033828221235484,0.0,0.0,0.0,0.0,0.0,0.0,0.0,0.0,0.0,0.0014135524777794,0.0,0.0,0.0,0.0014039016017313,0.0,0.0,0.0,0.0,0.0005603207981975,0.0,0.0,0.0006784554679121,0.0,0.0008791225551464,0.0,0.0,0.0,0.0,0.0,0.0,0.0009938955025223,0.0017766442060397,0.0,0.0,0.0010915320472947,0.0007816201966368,0.0013443687556133,0.0208677490430011,0.0,0.0,0.0,0.0,0.0,0.002160565549698,0.0035985162506462,0.0,0.0,0.0,0.0,0.0,0.0,0.0,0.0,0.0,0.0,0.0,0.0,0.0,0.0,0.0,0.0,0.0,0.0,0.0,0.0,0.0,0.0,0.0,0.0,0.0,0.0,0.0,0.0,0.0,0.0,0.0,0.0,0.0,0.0,0.0,0.0,0.0,0.0,0.0032429776531187,0.0005782440141433,0.0,0.0,0.0,0.000691420280045,0.0051012537264408,0.0,0.0,0.0,0.0,0.0,0.0,0.0,0.0,0.0039506060057752,0.0,0.0,0.0,0.0,0.0,0.0,0.0,0.0,0.0017164939906634,0.0,0.002723637980494,0.0,0.0012433320010515,0.0,0.0008946303978807,0.0,0.0,0.0,0.0,0.0,0.0039240855572542,0.0,0.0,0.0,0.0,0.0012721736771038,0.0018899299521278,0.0,0.0,0.0,0.0038377480837746,0.0,0.0,0.0013960613384407,0.002129030244278,0.0,0.0,0.0,0.0,0.0,0.0,0.0,0.0,0.0,0.0,0.0,0.0,0.0,0.0,0.0,0.0,0.0,0.0020979319964198,0.0019819585651755,0.0,0.0,0.0,0.0,0.0,0.0,0.0,0.0,0.0,0.0,0.0,0.0,0.0,0.0,0.0,0.0,0.0,0.0,0.0,0.0,0.0,0.0,0.0,0.0,0.0,0.0,0.0,0.0,0.0,0.0,0.001696025366948,0.0,0.0,0.0058816043288088,0.0012104495668003,0.0,0.0,0.0024738119744255,0.0,0.0,0.0,0.0,0.0,0.0007568635005085,0.0,0.0,0.0,0.0,0.0,0.0,0.0,0.0,0.0
CS,0.0149262295446283,0.0447622185748722,0.0624092959558162,0.0896012406843681,0.0072683715412046,0.0685151957194629,0.0151891258824228,0.0095388136139337,0.0221407111197224,0.0,0.0121138618697089,0.0058376848081363,0.0501071526711042,0.0,0.148855210757543,0.0,0.0028510094367337,0.0038836015470954,0.0028280203170567,0.0069654801968187,0.0020189440516756,0.0151062739040003,0.008021969724103,0.0294522535103529,0.669622264265599,0.0745190890505825,0.664303894000022,0.011578890126984,0.0022919294270925,0.0191443196741446,0.0201019371243694,0.01763487680841,0.0320088085962784,0.0042424378101361,0.01111997136079,0.0360475278777827,1.14957183594298,0.018218306079322,0.0,0.0010516253124615,0.325366163213098,0.0732831665883564,0.0042710404157558,0.0234120926944936,0.103681480916605,0.0090959955756838,0.136705950996746,0.12821323351235,0.0246927859644625,0.0039665128755606,0.005012938485767,0.0,0.0033056260648037,0.0051393047645463,0.0,0.0,0.0058125945233117,0.005507106525744,0.0011842859720625,0.0,0.0,0.0,0.0217521640120731,0.0124574863441493,0.0072125960789519,0.0011130094102318,0.336708637524574,0.0,0.0061067991693293,0.0,0.0,0.0,0.0,0.0904814702858108,0.51862855206721,0.0028216217413794,0.151639420427674,0.0,0.029386008229661,0.253610563199589,0.0254358783036562,0.015673982851792,0.0,0.188033084492952,0.0,0.0,0.013002246992354,0.0,0.0,0.0,0.031520989514373,0.196181858550368,0.0149552357490602,0.0287616689127182,0.0492098304153215,0.0062491890703948,0.109028353538374,0.0,0.255674313250755,0.1837151410327,0.0,0.273424584518059,0.0769775528582069,0.0006951418592384,0.0060510493447511,0.0015583072468557,0.0030830582321418,0.0122567746434981,0.0,0.0132115600839496,0.0177147313354348,0.0193883391533455,0.0030333817012293,0.0027225634437505,0.0027981687061066,0.263856498020863,0.0114988592611239,0.0,0.0,0.18693794784213,0.0112138877443292,0.0292528650491734,0.0884491550559403,0.057869375309103,0.0,0.0006113229338393,0.220334125331507,0.0475248238647587,0.028270583707666,0.0435367738902805,0.0,0.0,0.0097620696812962,0.0,0.0334868368104759,0.00372939059804,0.0100380387881432,0.0377605108858239,0.324366293623493,0.005579239575622,0.0,0.0551100590970256,0.0196966765219477,0.0111260079460316,0.0447006957268545,0.0013262373343533,0.0,0.0125380170941149,0.0142010076920587,0.0664176574717862,0.0085242307634746,0.0,0.019148739265512,0.0286361753010083,0.0134718403316308,0.0299329412502862,0.0009062453151612,0.0040377872923578,0.0,0.0,0.066296538606089,0.159406570134189,0.0258568680889056,0.0243184940357399,0.0140155213422077,0.0026345816236154,0.0,0.0124202092255163,0.0032194355628288,0.001008101506446,0.0,0.0,0.0,0.0,0.0079772474710478,0.0133894428977904,0.0034619011843018,0.0006621399314278,0.0205096539490173,0.0058804513458863,0.0150646461908232,0.0005536462194402,0.129078532530929,0.0,0.0,0.0154742440212914,0.0034283307682416,0.0553890524847652,0.0276297025202196,0.040208991971384,0.059970939178857,0.0,0.0032883999050849,0.0030262261718509,0.0,0.004140760674362,0.0016939940776836,0.00826280164326,0.0016626276647541,0.0099710597336585,0.0062917432919124,0.0049936653850604,0.0689170947685898,0.0047822851904684,0.0,0.0,0.0023476120646048,0.111344008926358,0.0,0.0137546794817864,0.0681424904650536,0.0595904469990814,0.100972579265444,0.0151217461063779,0.0254435058190613,0.0303525593421102,0.0245807081882906,0.022280488234008,0.0,0.0158485408197712,0.0090120910894701,0.0400209791628958,0.0,0.156251303691306,0.0019668560961639,0.0007870009802826,0.0063614630567881,0.0067718836161375,0.009303473968039,0.0040742032309283,0.0206324782498145,0.0075071743307829,0.0252582844938926,0.724749108891043,0.0670665366243706,0.604991632255439,0.0086570015381696,0.0059585597941089,0.0238484292148681,0.0304036732959712,0.0134534501556794,0.0155688658551139,0.0023892641068967,0.0104453446743853,0.0488959709648962,1.08107234805757,0.0310118532990332,0.0193889457628074,0.0005325815453241,0.336934676394027,0.0201140013044716,0.0009576178904651,0.0175429536313505,0.0229055292285135,0.0142925349436743,0.170920896854243,0.204628577058693,0.0166566891103729,0.0078179300778259,0.0253232558869612,0.0009475645185202,0.0058459801558918,0.0027548234086752,0.0011314726086894,0.0006211261313686,0.0,0.0076327224736171,0.001621928644519,0.0,0.0,0.0,0.0218634388798857,0.005391776170048,0.005905586735311,0.000868647354562,0.318430117459004,0.0,0.011129332302263,0.0,0.0074094279419837,0.0,0.0,0.0772111813613693,0.557460733687996,0.0044050152309039,0.162172471262009,0.0,0.0497517485191003,0.337300977923907,0.0257067111783457,0.0242432481545704,0.0,0.131032166900441,0.0,0.0,0.0163684033772406,0.0,0.0,0.0,0.0040317369689136,0.0734456012345365,0.0073641354708087,0.071537348021658,0.117454332299133,0.0027435163747572,0.0507993126092752,0.0,0.310383018274327,0.100155683813771,0.0029467973811122,0.199002127603783,0.10641465295702,0.0,0.0061452291824319,0.001571625403588,0.0,0.0096599924051758,0.0,0.0230367903409492,0.027808582509907,0.0341142008910301,0.0106077014742413,0.0060651763982638,0.0035186258133089,0.351179571331693,0.0116491678489221,0.0,0.0082171425005057,0.257922574997355,0.0143503447742602,0.0256969758894078,0.148095672553155,0.0485642983865678,0.0020484095204092,0.0,0.155909350305757,0.0590931603734459,0.0452923433591431,0.0195994264754637,0.0,0.0,0.0069481968329862,0.0,0.0820080636818744,0.0034882379605733,0.0586888475867931,0.0739542195073488,0.429402364186587,0.0021956550026223,0.0019749307591685,0.0279243674938429,0.0377234035321604,0.0026834238767828,0.0198798996621645,0.0010679253725154,0.0,0.0286211572219162,0.008296165461218,0.048027407191086,0.0051186786232079,0.0189543260901729,0.0144594112248132,0.0322778027341231,0.0323470441936716,0.0209352222369314,0.012869414644766,0.0011049790800594,0.0,0.0,0.0662375067976682,0.164873291023505,0.0067378674177652,0.0199111420958249,0.0161051703057366,0.0131954200474946,0.0,0.0088043584906901,0.0030915531556259,0.0009603456129466,0.0,0.0,0.0,0.0,0.0136741327779187,0.0298174201091277,0.0073517595700716,0.0038780588982791,0.0354581738440534,0.0126821075375037,0.0219718113993681,0.0007671795963961,0.0705029704465263,0.0,0.0,0.0193501756454423,0.0049333223495072,0.051989692381187,0.021395416884295,0.0234114171114759,0.0377444034371674,0.0,0.0029948856625912,0.0043558251673603,0.0,0.0057826600513771,0.0023380563529199,0.0121902885909591,0.0046783040228688,0.0177879887928099,0.0059533518594689,0.0095354517050541,0.0584015381407602,0.0019492117281006,0.0,0.0,0.0011356037696844,0.103715056619643,0.0
CUL,0.0,0.0,0.000624344795251,0.0,0.0,0.0,0.0026894049450561,0.0,0.0016277016426431,0.0,0.0,0.0,0.0,0.0,0.0,0.0,0.0,0.0,0.0,0.0,0.0,0.0,0.0,0.0,0.0,0.0,0.0,0.0,0.251900741330792,0.0,0.0,0.0,0.0,0.0013183430354034,0.0012381337951069,0.0,0.0,9.12684404520115,0.0012930974812842,0.0023949355907862,0.0062698256732993,0.0,0.0,0.0,0.0,0.0,0.0006117741695141,0.0030740264663971,0.0,0.0,0.0,0.0376900141950295,0.0,0.0,0.0,0.0,0.0,0.0047844458552715,0.0,0.0,0.0016633928657398,0.0142568679705592,0.0,0.0,0.0,0.0035195594483954,0.0,0.0,0.0,0.0008697171429818,0.0,0.0,0.0,0.0,0.0014709101612036,0.0,0.0,0.0049522220158957,0.0,0.0,0.0,0.0,0.0,0.0,0.0,0.0,0.0,0.0,0.0,0.0,0.0,0.0,0.0028925795582961,0.0012892681237864,0.0006399210274007,0.0,0.0,0.0,0.0,0.0,0.0005564736549799,0.0055381020661136,0.0,0.0,0.0,0.0023521079577102,0.0,0.0,0.0,0.0,0.0,0.0,0.0044932480582556,0.0,0.0,0.0,0.0006338022377048,0.0,0.0017823604614937,0.0,0.0,0.0,0.0,0.0,0.0,0.0,0.0,0.0044561073877813,0.0,0.0,0.0,0.0,0.001081093135891,0.0,0.0,0.0,0.005644067443092,0.0,0.0,0.0,0.0,0.0,0.0,0.0,0.0,0.0,0.0,0.0010790812179049,0.0,0.0,0.0,0.0,0.0,0.0,0.0006932016419682,0.0008488780545753,0.0,0.0,0.0,0.0,0.0,0.0,0.0006458407626382,0.0,0.0,0.0012575952324241,0.0,0.0,0.0,0.0,0.0,0.0,0.0,0.0,0.0005598182000262,0.0,0.005605112008828,0.0013959144672494,0.0,0.0,0.0065539474368534,0.0,0.0,0.0010329717645698,0.004631340326061,0.0,0.0,0.0,0.0,0.0012194192744113,0.0029095192702159,0.0,0.0,0.0008748413694818,0.0,0.0,0.0,0.0,0.0,0.001285091530673,0.0010356832236179,0.0,0.0,0.0,0.0,0.0,0.0,0.0,0.0,0.0,0.0,0.002523743971845,0.0,0.0,0.0,0.0,0.0,0.0,0.0,0.0,0.0,0.0022024173272576,0.0,0.0,0.0,0.0,0.0,0.0,0.0,0.0,0.0,0.0,0.0,0.0,0.0,0.0010197142147242,0.0,0.0738149118195426,0.0,0.0,0.0,0.0,0.0,0.006790540137988,0.0,0.0,1.74478427286564,0.0,0.0017242870511569,0.0243941198809121,0.0,0.0,0.0006278655884706,0.0,0.0,0.0014888224258119,0.002881176444503,0.0,0.0,0.0,0.0008113517208853,0.0,0.0,0.0,0.0,0.0,0.0011412103296194,0.0,0.0,0.0057885768508074,0.016372098329365,0.0,0.0,0.0,0.0,0.0,0.0006196915063362,0.0,0.0,0.0,0.0,0.0,0.0,0.0,0.0,0.0,0.0019238108213173,0.0,0.0,0.0,0.0,0.0,0.0,0.0,0.0,0.0043611699784488,0.000648491464105,0.0,0.0,0.0,0.0,0.0042743411165813,0.0,0.0007306357399676,0.0,0.0,0.0,0.0,0.0,0.0,0.0040853537819871,0.0,0.0,0.0,0.0007491506281423,0.0,0.0,0.0,0.0,0.0009971392917739,0.0,0.0040842007994576,0.0,0.0005933481225142,0.0,0.0020632964941352,0.0007560401345805,0.0,0.0,0.0,0.0,0.0034185768141225,0.0015148261551219,0.0,0.0,0.0,0.0018287660949334,0.0,0.0,0.0,0.0,0.002026539434551,0.0,0.0,0.000629059112743,0.0046974345803657,0.0,0.0,0.0,0.0,0.0,0.0,0.0,0.0,0.0,0.0,0.0,0.0,0.0,0.0,0.0,0.0,0.0,0.0013682927562481,0.0008732675497315,0.0,0.0,0.0,0.0,0.0,0.0,0.0083720652349243,0.0,0.0,0.0,0.0,0.0,0.0,0.0,0.0,0.0,0.0,0.0,0.0,0.0,0.0,0.0,0.0,0.0,0.0022241469186369,0.0,0.0,0.0,0.0,0.0,0.001982503086969,0.0,0.0,0.0030466203492451,0.0007051384075506,0.0,0.0,0.0021273170344492,0.0,0.0,0.0,0.0,0.0,0.0,0.0,0.0,0.0,0.0,0.0,0.0013852843008641,0.000563919292884,0.0,0.0
CUN,0.0,0.0,0.0,0.0011559522755005,0.0030205603439426,0.070671705731184,0.0011270889300917,0.0040390914112672,0.0005902053432754,0.0,0.0,0.0,0.0,0.0,0.0,0.0,0.0,0.0,0.0,0.0,0.0,0.0,0.0008808700542826,0.0,0.0,0.0,0.0,0.018581556567518,0.0102941077993382,0.0,0.0,0.0454413505769078,0.0,0.0,0.0,0.011117277772494,0.0,0.0059290608989109,1.40136632262165,0.0,0.0,0.001704699976178,0.0,0.0,0.0,0.0009747763319307,0.0019088100579069,0.0,0.0,0.0,0.0,0.0,0.0,0.0010344283443761,0.034734697793053,0.0,0.0,0.0105969191715808,0.0,0.0310417931636136,0.0679062969042525,0.160291122742125,0.0,0.0,0.0,0.0,0.0,0.0,0.0018088724734105,0.0,0.0,0.0052086169924735,0.0,0.0,0.0,0.0,0.0,0.0,0.0,0.0,0.0,0.0,0.0082880960302338,0.0,0.0,0.0,0.0,0.0005579804298108,0.0113122672584711,0.0059333394653809,0.0,0.0,0.000655187823095,0.0,0.0,0.0,0.0,0.0,0.0,0.0,0.0,0.0,0.0,0.0,0.0,0.0,0.0,0.0,0.0,0.0,0.0,0.0,0.0042464037281144,0.0,0.0,2.0684779205013,0.0,0.0,0.0,0.0,0.0,0.0,0.0,0.0,0.0,0.0,0.0,0.0,0.0005425404834878,0.0,0.0,0.0014622652364304,0.0028369360168115,0.0071186669866537,0.232416098206588,0.0,0.0,0.0284698969283327,0.0,0.0,0.0,0.0,0.0,0.003298393636672,0.0,0.0,0.0,0.0,0.0094460636224861,0.0,0.0,0.0,0.0146630074537808,0.0,0.0,0.0039327937578049,0.0,0.0013442516387415,1.83939853761272,0.522467109407779,0.0,0.0,0.0,0.0,0.0,0.0,0.0,0.0,0.0118548329799751,0.0,0.0,0.0,0.0,0.0009208108382716,0.0,0.0,0.0,0.0,0.0,0.0,0.0,0.0,0.0,0.0,0.0,0.0013865660038302,0.0,0.0,0.0,0.0,0.0,0.0412719654992387,0.0,0.0,0.0,0.0013340552957018,0.0,0.0,0.0,0.0020686387358847,0.0,0.0,0.0,0.0,0.0,0.0,0.0,0.0,0.0,0.0,0.0,0.0,0.0,0.0,0.0268223782377321,0.0,0.0,0.0,0.0,0.0,0.0,0.0,0.0,0.0,0.0,0.0,0.0,0.0,0.0,0.0,0.0,0.0,0.0,0.0,0.0,0.0,0.0,0.0045080769740655,0.0,0.0,0.037550621860341,0.0,0.0,0.0,0.0,0.0037149706180015,0.0028863151711899,0.330571405527872,0.0,0.0,0.0028418850110933,0.0,0.0,0.0042482688330255,0.0,0.0,0.0,0.0,0.0,0.0,0.0,0.0,0.0,0.0107482301943677,0.0,0.0,0.0,0.0,0.0142037708643378,0.0374077859392068,0.0559666878043943,0.0,0.0,0.0,0.0,0.0,0.0,0.0,0.0,0.0,0.0180339330329239,0.0,0.0,0.0,0.0037127817227495,0.0081456481550883,0.0037361010795968,0.0,0.0,0.0,0.0,0.102895367656105,0.0,0.0,0.0,0.0,0.000659640349007,0.0191942472804544,0.0045216366940576,0.0,0.0,0.0,0.0,0.0,0.0005279540732504,0.0023541531023157,0.0,0.277133722465321,0.0,0.002804426985604,0.0,0.0043575367483918,0.0132095225292713,0.0,0.0,0.002110013623417,0.0053817229257121,0.0,0.0,0.0,0.0,0.0026516075354092,0.0,0.0,1.472518347805,0.0,0.0,0.0089490973566562,0.020343640078044,0.0,0.0,0.0017309009360627,0.0,0.0,0.0,0.0,0.0,0.0,0.0,0.0,0.0073740859832155,0.002060578508864,0.0123019349432426,0.236789589803282,0.0,0.0,0.30685967365182,0.642654469566371,0.0010482224282421,0.0,0.0,0.0,0.0,0.0,0.0,0.0,0.0,0.0101275078748436,0.0,0.0,0.0038400025630613,0.0472331218184991,0.0,0.0009008603307749,0.016704884664631,0.0,0.0,1.48693073556256,0.19078386598626,0.0,0.0068220056663904,0.0,0.0,0.0010106368328294,0.0021715200343346,0.000941281358588,0.0061315193777083,0.0110516522972049,0.0152143870911777,0.0,0.0,0.0,0.0,0.0,0.0,0.0,0.0,0.0,0.0,0.000882155973149,0.0,0.0,0.0,0.0,0.0,0.0,0.10664114381924,0.0,0.0,0.0,0.0,0.0,0.0,0.0,0.0,0.0,0.0,0.0,0.0,0.0,0.0,0.0,0.0,0.0,0.0,0.0,0.0,0.0
DCO,0.0,0.0,0.0,0.0,0.0,0.195359462890077,0.0,0.0,0.048727677637884,0.275230045736547,0.0780211326559912,0.122216833180886,13.8187539002724,0.015600076344917,0.0,5.26184090952818,0.161878806242132,0.0648694936190335,0.0465522352238689,0.0,0.0466626492542817,0.0,0.0,0.0,0.0529751903633011,0.0,0.0,0.0,37.2077171314747,0.423985328980996,0.0,0.0,0.0,0.0,0.0,0.0,8.95510148240822,28.9438694509456,0.643142912521372,221.835107862153,0.126892784296395,0.0,1.97138634196149,0.0,0.280737614873352,0.202399218435846,0.222373274137032,0.0260334069482179,0.0,0.0,26.5617805799117,14.5920979974605,0.0,0.0,0.0,0.0,54.7335632188925,0.0,0.0,0.0,0.0,0.508521857453044,0.0,0.0,0.0,11.4606079997969,4.01229290610959,13.2982348008857,0.0011321140256879,11.5359075446815,0.0104347307307982,0.0,0.0275586119353083,0.519119408326168,0.0,0.803336773389072,0.0,6.39457452807909,0.0,0.0,0.0,0.0,7.12559903133367,0.0,3.92886290891538,7.41402740527952,0.0,0.0405822657709696,0.0741190885700466,0.0,0.0458677575178333,0.0771904482937615,0.280624396752719,0.0,0.0,0.0,0.0,0.0012854823054209,62.623104667108,0.0,108.366312647921,0.0,5.20710710267981,9.31008124432674,0.0,10.3874669622978,0.0369397842573649,3.17122944284086,3.3052620739336,0.0,0.0,0.0,0.0,0.0,0.0,83.7996519633709,0.0617550726034128,29.1609451531169,52.8228657176925,10.4042360799249,0.060767740755556,0.0,16.2164084607629,7.25833535717445,13.1924309724119,10.4545368181896,1.32845979814244,0.17531443784414,0.0,0.0,0.0,0.202011234877578,0.0068029895683197,0.0444401543787904,9.19769450136234,0.0081165755316735,4.91128596408629,79.4254520363855,45.2549627186805,10.1741612660473,57.9284871302107,0.0848155913771382,0.0,0.0,0.0,0.0877532799012564,0.0,12.357047696783,0.0,0.0667663605071486,0.0,11.5376348195341,0.0,0.0,0.0422397068371895,0.101909054125729,0.204519917644937,0.0,6.31793860235777,0.292920158303913,0.0017917448601282,0.0,14.1889704609433,0.0,0.0,0.406099619525869,30.1737557243756,0.506959235890235,0.540833672881021,1.32316238599788,27.6761559288839,20.772813829092,21.8170694951185,17.083435027172,0.1539583979446,0.0,0.193679721476267,0.19354469865436,0.0,0.0,0.216715099241905,0.0,0.166541160083246,2.58574423293018,30.0942143850378,0.150748658405891,0.115680215144808,11.7353633244464,0.0,0.0,0.0818602076433417,8.32730839711297,0.206512582808074,199.89235722436,4.68346139695656,0.0,0.0013521084879253,0.0,0.0019035380391689,0.0357174068508946,0.0,0.0076137937821422,3.32254539397796,0.0076545948192707,0.0,0.0307280891615161,0.0,0.0,1.54390823873596,0.0,0.0,0.0188973803202695,0.0078993148325304,0.0025087852674416,0.27065043260693,0.0,0.0,0.0048910021669402,0.0424426246287315,0.0,0.0,4.04435739077834,0.0117765463491439,0.0,3.9265201772864,0.339758226444226,0.0,0.0,0.0,0.0,0.0,0.0,0.0,0.106533735015624,0.0,0.0077226878808313,0.0,22.3474605362673,0.281537680633782,0.0,0.0,0.0,0.0,0.0,0.0157765927097956,6.31877041333366,14.3269485892124,2.86984707094062,5.86330166302444,0.0,0.0772881105995587,0.486494409862179,0.0,0.0,0.0081917899090222,0.0843626249485793,0.0,0.0,0.0,6.45737586988163,7.95890551888263,0.0013981095194455,0.0,0.0,0.176041643522262,19.7481199063691,0.0,0.0,13.358117659404,10.1345259426236,40.7300845103291,0.0,0.0,0.243755095499282,2.09713038611837,1.36184778664382,10.2887593573894,0.0,16.9917684791258,0.0,0.0009166039871002,0.0910693033178171,0.0446947864172581,2.74729146752415,0.618415727015603,0.297248848334868,2.59675152483941,0.0,0.0,0.0,0.0511594934809805,9.88385044840628,0.0,1.701140699902,0.134317955738685,0.0,0.0,0.281577804725516,0.0139080716252041,0.013319169552497,0.0633238982905169,0.0,0.243688410454691,0.0,0.0,0.0,0.0361811132424929,24.9694372484685,0.0,118.201628375965,0.282883254541737,2.13377899952184,33.4772090084889,0.0,3.09479759535707,0.0336520497411088,1.54957320443781,1.87499192194587,0.0108847712489632,0.119142442884199,0.121939187365801,0.0,0.0,0.187912925206454,35.4896150036716,0.0,14.551849183591,12.2094235141209,2.41189716264585,0.0,0.0,10.0910809590756,2.22100733968251,0.0,8.48238241411706,2.70409102087193,0.0,0.034240805561512,0.0094747407215732,0.0,0.299843623328245,0.0,0.0316206571959189,3.69313356598202,0.0,0.0,73.37232429243,53.1918979407834,1.61168445529707,12.5892628644508,0.0222273138630697,0.0,0.0164830833829378,0.187060950579133,0.0321556503551371,0.0037655721728208,5.91279037599366,0.129431746840644,0.243348049127303,0.0,6.0277979592624,1.42682579759956,0.0,0.160192887570487,0.387384679014094,0.259543991424179,0.0,3.87460794626391,0.0973844995929544,0.0,0.0967001485637498,0.797920451816437,0.0,0.0247981680118305,0.298986801053918,16.2232560990648,1.15342606597758,0.487635745147313,1.45646972690845,67.2997263108841,1.50954758829763,4.84697505420043,4.33671565756925,0.249172489577624,0.0,0.0,0.0,0.0,0.0059489102563266,0.0,0.0082216870689902,0.0541586440355195,1.03155525078241,8.8984262693959,0.0066139002451803,0.245601875847914,12.3376683208028,0.0,0.127261520677737,0.248405653979058,0.0,0.456997714719008,14.5498320992916,6.42996894424329,0.0,0.0,0.0,0.0021756175608808,0.0,0.0307475490397356,0.0,0.267306046933573,0.0026318236603318,4.39734982309865,0.0,0.0,0.939195822254112,0.68849345273728
DG,0.005839360252768,0.0012003551741314,0.010681089534609,0.0819062644277211,0.0066381108584471,0.0149029705582047,0.0,0.0023770253615168,0.0,0.0,0.0037100067080841,0.0018346242535113,0.0028398894164244,0.0,0.0053110333818387,0.0,0.0,0.0,0.0006147793931247,0.0005657211115869,0.0076690745323862,0.0085972092330219,0.0101441479303438,0.0105708851774474,0.0,0.13287434670468,2.38426581032011,0.0006433824364603,0.0,0.0,0.0009793910686511,0.0,0.0,0.002588440049571,0.0034799430020526,0.0114245548765462,0.0,0.0006429581640492,0.0011099546739126,0.0006813979429496,20.3069458594052,0.0029596377104528,0.0,0.0074721171299252,0.0,0.0085202826056724,0.150208301243068,0.292381427903289,0.000725453288077,0.001854955507764,0.0,0.0,0.0,0.0005562504859027,0.0,0.0,0.0,0.0020811111044915,0.0,0.0,0.0,0.0005788938908882,0.00475072570748,0.0,0.0,0.0,0.0,0.0011466652457168,0.0033635066104834,0.0,0.0297586460637197,0.0057352209348219,0.0035278714782654,0.0,0.0112058598116297,0.0013890262144402,0.0077519313799523,0.0,0.0,0.0,0.004278117603886,0.0026588507948674,0.0,0.0,0.0010646594640957,0.0012248527200153,0.0122632064190826,0.0208366546492719,0.0,0.0153821034884777,0.0012352745080808,0.0130002990867127,0.0080920558299574,0.0035435148854719,0.0052331485100047,0.0024377210510472,0.0074763636181352,0.0,0.0,0.117573600801171,0.0,0.145586692955274,0.0,0.0,0.001599535179865,0.000690927515522,0.0007708956275849,0.0,0.0,0.0,0.0016910293011573,0.0009423667926005,0.0208055496898215,0.0045223149306617,0.0014635247305079,0.0020127181402504,0.038177350971778,0.0,0.0,0.0,0.0152177216274626,0.0,0.0057711486003952,0.0,0.0,0.0,0.0061623189257286,0.0085011764711816,0.0032092345742983,0.0014367603529742,0.0,0.0,0.0566141247437949,0.0058068512477614,0.0,0.107074335584991,0.0019909762877477,0.0,0.0,0.0,0.0,0.0041696134644974,0.0005489038675773,0.0011234858527295,0.003345429693355,0.0006410120465787,0.0,0.0,0.0009698622331144,0.0048281815531941,0.0,0.0,0.0,0.0010283851001497,0.0,0.0544360692756254,0.0011270220830863,0.0013202235309841,0.0032262572925836,0.0,0.045328159063075,0.0210855988337564,0.0009755880872274,0.0005689918961246,0.0,0.0,0.0,0.0006766491352095,0.0,0.0,0.0,0.0019316367990064,0.0,0.0,0.0,0.0,0.0024502044407333,0.0030597528881834,0.0,0.0,0.0099879175312871,0.0,0.0031798570250955,0.0,0.0,0.0034462674399517,0.0036956666824394,0.0,0.0074172800667047,0.0109189900771803,0.0066638671197759,0.0,0.0,0.001128288741944,0.0,0.0016600023721059,0.0,0.0184045794377925,0.0017961847209413,0.0200520302177928,0.0038208945333783,0.0143350337127143,0.0005502330389441,0.0022962522020604,0.0,0.0006405921958395,0.0,0.0,0.0,0.0026613066840021,0.0015229085731636,0.0043604490323963,0.0071659366276906,0.0,0.0008721953524304,0.0012310033265824,0.0,0.0016806651790116,0.0,0.0016004344386094,0.0008707389206993,0.0026683352838908,0.0,0.0020857690817971,0.0,0.0,0.0,0.0,0.0,0.0024095616445768,0.0,0.0,0.0029093015601724,0.0,0.0,0.381781688202224,0.0,0.0,0.0,0.0,0.0,0.0,0.0019610040905281,0.0017881135017752,0.0005685664300035,0.0,0.0006998996647145,0.0,0.0013220136689908,9.93841304864823,0.0,0.0,0.0022618136165185,0.0,0.0009137048983309,0.0055685784610449,0.0117337973379182,0.0,0.0,0.0,0.0,0.0009786697123616,0.0,0.0,0.0,0.0024823517681598,0.0,0.0,0.0,0.0,0.0,0.0007399724154478,0.0,0.0,0.0,0.0,0.0007194807691947,0.0,0.0,0.0028303628899711,0.0,0.0,0.0,0.003482351405663,0.0,0.0040549664305944,0.0,0.0,0.0,0.0010069482347396,0.0028395442028891,0.0,0.0,0.000806415762006,0.0019356022692019,0.0051332618867105,0.0,0.0,0.0,0.0,0.0081621216991604,0.0034407300288287,0.00144526641069,0.0036768812410499,0.0,0.0021096476721271,0.0,0.0,0.0506841183780364,0.0,0.101142345436638,0.0,0.0,0.0007423274110185,0.0006613770093724,0.0,0.0,0.0,0.0013709730133398,0.0007024422502877,0.0,0.0111220740507887,0.0,0.0,0.0,0.0,0.0014168006095093,0.0,0.0,0.0,0.0,0.0033280575432529,0.0,0.0,0.0,0.0042463210733981,0.0015022546051414,0.0010642894412661,0.0006484460498152,0.0,0.0,0.0031242682689751,0.0,0.0,0.0031157533581691,0.002166741294024,0.0,0.0,0.0,0.0,0.0007905503957885,0.0,0.0,0.0014838363217222,0.0,0.0,0.0,0.0,0.0024104004218247,0.0,0.0,0.0,0.0005640598414876,0.0018245064173639,0.0011857510635351,0.0,0.0,0.0,0.0,0.0149078432711171,0.0155287550988952,0.0,0.0,0.0,0.0,0.0,0.0,0.0,0.0,0.0,0.0013092801618062,0.0007673650920407,0.0,0.0,0.0,0.0,0.0,0.0,0.0,0.0007492134898988,0.0,0.0007779894132497,0.0,0.0,0.0007460684163868,0.0011301419691937,0.0,0.0048072951438501,0.0098704402851926,0.0011261072449462,0.0,0.0,0.0010772123855715,0.0,0.0,0.0,0.0,0.0,0.0,0.0,0.0,0.0,0.0,0.0,0.0,0.0,0.0,0.0
DMH,0.0,0.0,0.0,0.0,0.0,0.787024176526024,0.0040756888989019,0.0047987319910269,0.0,0.0,0.0,0.0,0.0,0.0,0.0,0.0,0.405441311357957,0.0,0.0,0.0,0.0060507804181096,0.020997154270019,0.144115205873184,1.1587022840147,0.175333085210075,0.0,0.0,0.138352040788382,0.0045152906064086,0.0,0.0,0.0875035061318565,0.0154352656688541,0.0154420618937687,0.029134293211939,0.0205695125874829,0.332816308234515,0.0,0.114453741133767,0.0,0.0,1.71160194782428,0.0,0.02791667969133,0.174089187448455,0.0,0.0,0.0,0.0,0.0,0.0,0.0,0.0,0.0,0.0114383945676725,0.0058118996085795,0.0,0.0,0.0067589086926577,0.0,0.0008587018832206,0.0014043157610855,0.0008491852584328,0.0197134561907047,0.0019110446362661,0.0,0.0980605715791036,0.0,0.0057560743291866,0.0,0.0033665673980506,0.0,0.0,0.241142449347668,2.87110101988482,0.0,0.551807845359484,0.0006861347007986,0.0672296999203709,1.29782571632115,0.595730920617705,0.0,0.0074293796992438,0.0,0.0,0.0,0.874224231139024,0.0,0.0007723232028824,0.0,0.132087069779303,0.34790207827573,0.0,0.0,0.0,0.602091122185342,0.932825833258265,0.0,1.16236248950814,0.369894552520004,0.0,0.15935825330181,0.0525429600540797,0.0005351958632874,0.0,0.0,0.0,0.0920451188735953,0.0,0.0041213702314169,0.0,0.0,0.0,0.629844255269145,0.0,3.43678126140877,0.0,0.0,0.139729319073595,0.295461208733112,0.0,0.0167566847778796,0.0,0.0,0.0,0.0,0.170608818752244,0.0,0.0,0.773819528359052,0.0,0.0042189321639682,0.0,0.0032340760855063,0.0999510519058915,0.0,0.0,0.0018938310377646,0.0692420795935269,0.0,0.0,0.125787735753394,0.0,0.262129245395892,0.50638430316405,0.153252568069401,0.150173117332494,0.0,0.190332104345024,0.239328995106108,0.0122522241659279,0.135687411774187,0.0536916070424747,0.0,0.0,0.0,0.049451278766141,0.143777943340498,0.485919729150972,0.0071825430269684,0.148872839896796,0.227499560316742,0.0,0.0,0.0,0.0,0.0008941640852279,0.205183161061909,0.0714781488044913,0.0229252977269384,0.0,0.0,0.0,0.0,0.0,0.0,0.0,0.0,0.0,0.0,0.0,0.0007492952532359,0.212125615041773,0.0,0.0,0.0,0.0351441161449618,0.0,0.054373354592248,0.0,0.728455247717151,0.0,0.0,0.0,0.0,0.0,0.0,0.0,0.0,0.0,0.0,0.0,0.0801700896025649,0.870407729304,0.0195013664625277,0.0,0.0,0.222605571780531,0.0,0.0,0.0,0.0,0.0,0.0,0.262558087199995,0.0010814814175024,0.0,0.0,0.0,0.0,0.0,0.0,0.0,0.0,0.0009896027599961,0.207442172943882,0.0,0.0,0.0,0.0,0.0,0.0,0.244566446507916,0.0,0.0,0.0,0.0,0.0008886899814968,0.0044886238559199,0.0,0.0393177712140401,0.008706207251485,0.0,0.0,0.0250317848376645,0.125883364728657,0.0,0.0177473952118268,0.0,0.0,0.152723924050169,0.0,0.0,0.0368409476517606,0.0,0.0,0.0,0.0,0.0,0.0,0.0,0.0,0.0,0.0,0.0,0.008590920534335,0.0011145441617807,0.0,0.0,0.0011747269608511,0.001591940768273,0.0,0.011421648069427,0.0018267258512649,0.0,0.0417397189119656,0.0,0.0,0.0,0.0,0.0,0.0,0.0748997833673792,0.611484825919944,0.0,0.0896568798016998,0.0006417586156961,0.0070734937996501,0.162755251680278,0.271779304467483,0.0,0.0319770521763481,0.036022961219931,0.0,0.0,0.0048474613712462,0.0,0.0005512104014602,0.0,0.018215348613458,0.0538439465416851,0.0,0.0,0.0,0.232965085422327,0.271944409135854,0.0,0.198777927413834,0.100356356324315,0.0006464347996821,0.0530940762495259,0.0246115098512773,0.0,0.0,0.0,0.0,0.0202569585532612,0.0017064559466582,0.0,0.0,0.0,0.0,0.0054118278916085,0.0,1.35419220430056,0.0,0.0,0.0341798915813398,0.10812526195165,0.0,0.016064928231033,0.0,0.0,0.0,0.0039488498318847,0.205342219130713,0.0,0.0,0.110684046280533,0.0,0.0,0.0,0.0006923478147529,0.0203614811036808,0.0,0.0,0.0181583473694337,0.0264894987730199,0.0,0.0,0.0749928615355852,0.0,0.10014328432062,0.263932314665346,0.0650953122649462,0.0465044802616295,0.0,0.134935187131636,0.0595146037508976,0.0,0.0383119771279252,0.0170885044929742,0.0,0.0,0.0,0.0,0.0530321360516281,0.0818466133565832,0.0044005835044877,0.0247087015642611,0.0180160475687774,0.0,0.0,0.0,0.0,0.0005748904726485,0.0770590827213892,0.0300111761970564,0.0046734952874372,0.0,0.0,0.0,0.0,0.0,0.0,0.0,0.0,0.0,0.0,0.0,0.0007563092637623,0.195960879887871,0.0,0.0,0.0,0.0,0.001687384038491,0.0168877125966683,0.0,0.411446309783769,0.0,0.0,0.0,0.0005285406905767,0.0,0.0,0.0,0.0,0.0,0.0,0.0,0.0137955280116761,0.232923639938768,0.0008383338846375,0.0,0.0108334767706506,0.0792810112867173,0.0
DN,0.0,0.0018033055867711,0.0,0.0,0.0,0.0,0.0,0.0071548521911105,0.0050190963610154,0.0008857382853184,0.0052467689662979,0.0007022245538633,1.57324154845896,0.0,0.002239358198302,0.0047884377334317,0.0009835782282609,0.0005365345522776,0.0,0.0,0.0093468680353167,0.0,0.0,0.0,0.0034324478880899,0.0,0.0,0.0,0.0,0.0087847811242191,0.0,0.126267248613298,0.0730914480030421,0.0,0.0026187152068798,0.0,0.0,0.0,0.0017508747605988,0.0,0.0128228346679102,0.0,1.40449192322186,0.0,0.0272073485928758,0.0068671356146248,0.0,0.0023660937968345,0.0,0.0,0.0884967924079596,0.0151497612920815,0.0,0.0,0.0,0.0005570577349011,0.0,0.0,0.0,0.0,0.0,0.0,0.0,0.0022160986899399,0.0,1.15375063483683,0.0011246990166413,0.154717401274685,0.0,0.0,0.0043066133419695,0.0,0.0,0.0,0.0043113391548686,0.0051759589749065,0.0,0.0079754248770637,0.0,0.0,0.0,0.0,0.0,0.045835401078219,0.0128056015734165,0.0318947457733304,0.0007686306972737,0.0006729352447438,0.0005293147968267,0.0023046523835861,0.0,0.0025657048855676,0.0048902687542068,0.001362756706703,0.0019604219281075,0.0,0.0,0.0,0.765297210447948,0.0,0.0,0.0225804779340741,0.0,0.0,0.0,0.0589580256893821,0.0,0.0063189021115796,0.0,0.0,0.0,0.0,0.0194406470939081,0.0,0.0,0.125893164413092,0.0,0.0,0.351507474002186,0.0094484164303272,0.0024696839987148,0.0056767993139607,3.3116981423776,0.0,0.0,0.0118471814064308,0.0169198614950715,0.0119150710192035,0.0,0.0,0.0012187169579677,0.0,0.0025216781602323,0.0,0.144169379387319,0.0,0.0249637048986996,0.0,0.0543785631528691,0.0,0.0,0.0,0.0,0.0,0.0,0.0,0.0,0.0,0.0,0.0143720282600512,0.0285559590530112,0.0064045205238623,0.0199465739420501,0.0007028472272528,0.0006460202684086,0.0012866737021529,0.0,0.0,0.0490516633743994,0.0048442501512153,0.0,0.0,0.0,0.002352229983334,0.0,0.0070021448253508,0.0,0.0024176720445909,0.0,0.0015687668611393,0.0,0.0,0.0,0.0,0.0015630265953357,0.0,0.0078988889994613,0.0006005684163155,0.0,0.0012824947380203,0.0118633004071312,0.0,0.001790917024192,0.0558158039054624,0.0,0.0025675132544447,0.0,0.0010471987450602,0.0,0.0028463460596001,0.0030345870802606,0.010252839482638,0.0447533944179396,0.0,0.0157586187345324,0.0050984552663733,0.0,0.0,0.0,0.0007504443315492,0.0,0.0,0.0153441871357891,0.0,0.0029309782391349,0.0,0.002595592268576,0.0081867676438788,0.0051751832422579,0.0,0.0047824510986481,0.0095225423657584,0.0,0.0011799459575148,0.0,0.0099343409037195,0.0037276604022548,0.0016733974562087,0.0,0.0342522117948637,0.0143218336770823,0.0,0.0,0.0006584145746857,1.58821629160984,0.0013289929982588,0.0,0.0,0.0,0.129443770247355,0.0,0.0,0.0,0.0024399832888194,0.0,0.0025819397438165,0.0,0.0,0.516437416417387,0.0133948555991432,0.0835573909127967,0.0810076844289987,0.0029920133171446,0.0,0.0026740987588079,0.027114669142219,0.0,0.0148227576547785,0.0,0.0504326057361474,0.0,0.0077497364370257,0.0,0.0,0.0,0.00069045337748,0.0049748616800542,0.0,0.0,0.0,0.0,0.0,0.0,0.0006303145051018,0.0011223480340648,0.759619649478179,0.0056066409380801,0.0,0.0,0.0,0.0,0.0,0.008982724057134,0.0,0.0149630270403889,0.0,0.0840124331483514,0.0,0.0,0.715832532841219,0.0222370059344374,0.285103490473554,0.0307813996903201,0.0136155261368744,0.858953271473503,0.0017014064729879,0.0353432773207325,0.0,0.0,0.0,0.0,0.180290219508708,0.390403048903172,0.0089476578642888,0.0730752163985475,0.0083296477212947,0.0,0.0478864818284986,0.0042400197333103,0.000689409830053,0.0013465608274556,0.0022580606843619,0.0,0.0024708245163077,0.0,0.0,0.0435635552396247,5.43992296285744,0.0,0.0,0.0,0.0035204179200293,0.0,0.0009305916584771,0.0057879681919485,0.0708575416950481,0.489528176495595,0.0,0.0,0.0014317051259663,0.0,0.0167204665401522,0.0,0.0,2.60227799148655,0.0005314275857283,0.0289748938440748,0.048512032756358,0.0181643870943317,0.0,0.529500594332892,0.0020908406032157,0.314808120651046,0.0017587734370788,0.0232411889960174,0.131919977564893,0.0053271372001609,0.0018516035961117,0.0,0.44136984645687,0.122711635168117,0.0405120293131245,0.0020429478398809,0.143074596469027,0.0047060144962454,0.0047626993311807,0.756342299197071,1.51926108551215,0.0,0.0,0.0,0.0,0.0,0.0053035727831325,0.0,0.0,0.0,0.0,0.012366498672736,0.0244678440416851,0.0,0.0225176927822155,0.0,0.0048936817111533,0.0072575967172254,0.112184286782856,0.0,5.95326782561974,0.337116577446485,0.0,0.004248685877603,0.0,0.0539806034790376,0.0007518773134106,0.0,0.0,0.025079774155383,0.0350360303335688,0.237489158516281,0.0,0.0,0.0,0.0,0.0,0.0,0.0,0.0,0.0,0.0,0.0,0.0017277377566667,0.0005151759312609,0.0265983273954224,0.0,0.0,0.0,0.57019986531661,0.0,0.0129904109766712,0.0011556429746939,0.0015335322123144,1.75163699845265,0.0,0.0,0.0,0.0,0.0,0.0,0.0,0.0,0.0,1.19949072941569,0.0,0.0,0.0,0.0582102112803949,0.0225458192991523,0.0
DP,0.558053485328271,0.0,0.0,4.72086162538062,0.0,0.0,0.736227062520123,0.746676765704813,1.26376730567437,0.0,0.0,0.0,0.0,0.0789171967625031,1.93477671526343,0.0,0.0,0.0,0.0,0.0,0.0,1.29604674552865,1.30469261348238,0.0,0.0,0.0,0.0031034683431805,0.769973261104806,0.0,0.0,0.0378312325002512,0.0,0.0,0.545187652498329,0.246843609473687,0.0,0.0,0.0,0.0,0.0006527791691965,0.0,0.0,0.0,2.77027899963457,0.0,0.29101874427689,1.11031856560857,0.0,0.88648676851985,0.286152556166099,0.0,0.0,0.184104411389742,0.251297271046028,0.0,0.0026012071485329,0.0,0.0,0.134266090940393,0.0,0.0,0.0,1.10236052767677,0.0,0.0,0.0,0.0,0.0,0.0748157494952908,0.0,0.0,0.0,0.0,0.0,0.0,0.0,0.0,0.0,0.0370978570800861,0.0,0.0,0.207193414597281,0.0,0.0,0.0,0.0,1.11130097134236,0.0,0.0,0.0,0.0,0.0,0.844286511818888,0.0,0.0,0.0,0.0,0.0,0.0,0.0,0.0,0.202542160852322,0.0,0.0,0.285716361183189,0.0,0.0,0.0,0.0,0.636366561464979,1.98102051953801,0.605916500032333,2.51337466129631,0.0673643646143018,0.376336541937564,0.0,0.0008879928630835,0.0,0.0,0.0,0.227641414543269,0.0,0.0,0.0,0.0,0.0,0.0,1.50164008484298,0.0,0.0,0.0,0.0,0.0,0.0,0.0,0.0,0.0,0.0,0.0,0.0,0.0,0.0,0.0,0.0,0.0,0.0,0.0,0.0,0.0,0.0,0.0,0.0,0.0,0.0,0.0,0.0,0.0,0.0,0.0,0.0,0.0293629641515873,2.77070980534728,0.0,0.535951944149571,0.0,0.0,0.0,0.0,0.0,0.0,0.0,0.0,0.0,0.0,0.0,0.0,0.0,0.0,0.0,0.0,0.0,0.0,0.0196791466543766,0.0,0.0,0.0,0.0517547328399263,0.0,0.0011727186940285,2.29685784646934,0.0,0.0,0.0,0.0007578870341153,0.0,0.0204971776660448,0.0,0.0,0.0,0.0,0.0,0.0,0.0,0.0,0.0,0.0,0.0,0.0,0.0,0.0013571207732903,0.0,0.0,0.0,0.0,0.0,0.0,0.0,0.0,0.0,0.0,0.0,0.0,0.0,0.0,0.0,0.0,0.0,0.0,0.0,0.0,0.0,0.0069779593200334,0.0,0.0046677751640846,0.0,0.0,0.0,0.0,0.0,0.0,0.0,0.0,0.0017177302560718,0.0,0.0,0.0,0.0,0.0,0.0009536229623595,0.0,0.0,0.0,0.0181555640867875,0.0,0.0,0.0,0.0,0.0,0.0,0.0,0.0,0.0,0.0,0.0,0.0,0.0,0.0,0.0,0.0,0.0,0.0,0.0,0.0,0.0,0.0,0.0,0.0,0.0,0.0,0.0,0.0,0.0,0.0,0.0,0.0,0.0,0.0,0.0661983972262976,0.200816540459057,0.0,0.0010988111700383,0.0,0.0,0.0,0.0,0.0077714115473619,0.0,0.0,0.0,0.0,0.0157522074845717,0.0,0.0,0.0,0.0,0.0,0.0,0.0,0.0,0.0,0.0,0.0,0.0,0.00676630163162,0.0,0.0,0.0,0.0,0.0,0.0,0.0,0.0478163494135042,0.0011151972065526,0.0,0.0,0.0014727870900539,0.0,0.0017009347250245,0.0,0.0,0.0,0.0,0.0,0.0,0.0,0.0,0.0,0.0,0.0,0.0,0.0,0.0,0.0,0.0020336485194229,0.0,0.0,0.0,0.0,0.0,0.0,0.0,0.0,0.0,0.0,0.0,0.0,0.0,0.0,0.0,0.0,0.0,0.0,0.0,0.0,0.0,0.0,0.0,0.0,0.0,0.0051286468798932,0.0184016658963745,0.0,0.0133914961025956,0.0,0.0,0.0,0.0,0.0,0.0,0.0,0.0,0.0,0.0,0.0,0.0,0.0,0.0,0.0,0.0,0.0,0.0,0.0255399893057441,0.0,0.0,0.0,0.0,0.0,0.0,0.0819114766623086,0.0,0.0,0.0,0.0007162149548242,0.0,0.0,0.0,0.0,0.0,0.0,0.0,0.0,0.0,0.0,0.0,0.0,0.0,0.0,0.0
DR,0.0037454017403855,0.0041088947717641,0.0089772481106943,0.0011000155002341,0.0,0.0,0.0093232409437581,0.0060869343289305,0.0100676726819392,0.0,0.0020341004214058,0.0034050518189079,0.043071430301832,0.0005566031152496,0.0,0.0,0.0085744484213581,0.0,0.0,0.0009015519314934,0.0,0.0,0.0,0.0,0.0,0.0,0.0,0.0,0.0062743746706898,0.0,0.0,0.0686237440351937,0.0,0.005116509239444,0.0078566270466785,0.0,0.35028096778829,0.0104610440044825,0.0,0.002401597674535,0.0,0.0,0.0,0.0012545644184528,1.55873126497044,0.0126242220990917,0.0469252098887975,0.0111786883414282,0.0,0.0,0.0020443700659201,0.0,0.0,0.0,0.0,0.0,0.0,0.0112091647808175,0.0,0.0,0.0,0.0,0.0012328272807451,0.0,0.0,0.0,0.0,0.0,0.0,0.0,0.0,0.0,0.0,0.0,0.894777619989324,0.0,0.069053731748459,0.0,0.0248935666463362,0.483066877218548,0.0118624380680172,0.0344482354267319,0.0,0.022952755934007,0.0,0.0,0.0,0.0,0.0,0.0,0.0,1.98087578962911,0.0,0.0053454926345236,0.0196537287294291,0.0020263573074911,0.0,0.0,0.0,0.0,0.0028940358134947,0.300844277374862,0.193219637206136,0.0,0.0019057109629852,0.0083912976797417,0.0019111853169165,0.0,0.0,0.0007978212475329,0.0006228515835313,0.0028615649113343,0.0406044020701068,0.0,0.0110715327702088,0.0,0.0,0.0,0.0,0.601853142674711,0.0041182994373568,0.0,0.0220087049923361,0.0,0.0,0.0,0.0,0.0424956642116332,0.0009669804420181,0.238750539765309,0.0,0.0,0.0113758266960519,0.0,0.0,0.000739229958008,0.0356939527316158,0.0,0.0,0.0039758870088807,0.0,0.0,0.0018400888734556,0.0,0.0,0.0026574046165802,0.0,0.0,0.0022747177090198,0.0446193073866712,0.0,0.0,0.0,0.0,0.0062403656231131,0.0149274284664662,0.0,0.0,0.0,0.0,0.0489258902633272,0.0308916791727626,0.008191353826391,0.0325687250272551,0.0113346688418162,0.0,0.0,0.0,0.0,0.0,0.0,0.0,0.0,0.0,0.0058602193675454,0.0006656499724281,0.0311151260161018,0.0061393010187313,0.0,0.003325483406696,0.0388740925090111,0.0,0.543790218141503,0.0,0.0,0.0037238514988542,0.0,0.0,0.0,0.0113100632738569,0.0838289486069002,0.0,0.0,0.014010746347525,0.0,0.0056333955535134,0.0013329676861209,0.0005347696433501,0.0,0.0053550997124393,0.0,0.0,0.0,0.0,0.0,0.0,0.0,0.352323179021813,0.0,0.0,0.0014897501642626,0.0058925508749558,0.0117397857618596,0.0,0.0,0.005778190870417,0.0,0.0,0.0,0.0,0.0,0.0136592518968138,0.0,0.0,0.0,0.0042750793761535,0.0,0.0,0.0007632420684011,0.0,0.0,0.0,0.0,0.0,0.0,0.0,0.0,0.0151213890562735,0.0,0.0020150491673852,0.0057984534846265,0.0,0.015923642324382,0.0188013030970525,0.0,0.106366459834606,0.0161739588376291,0.0,0.0162889947892677,0.123470200370216,0.0,0.0,0.0,0.224475966266723,0.0022262121542926,0.0080704541847059,0.0110524011461717,0.0,0.0,0.0050331167372107,0.0,0.0005432177387473,0.0038983024079359,0.0,0.0,0.0,0.0,0.0,0.0,0.0,0.0,0.0006941291117172,0.0,0.0022369412193928,0.0,0.0,0.0,0.0,0.0,0.0,0.0,0.0,0.0,0.0,0.0,0.0,0.0,0.0061129768425007,0.0,0.0,0.0,0.0,0.0,0.0,0.0,0.0186499478786386,0.0024140238995711,0.0,0.0058240240313502,0.0,0.247117076761863,0.0134409907889314,0.0046957458984894,0.0116163533068979,0.0,0.0,0.0,0.0,0.0,0.0086513750747988,0.0,0.0433580610394124,0.0,0.0070779007198436,0.0037989775189175,0.0,0.0,0.0,0.0,0.0156135035040899,0.0007816050452628,0.0597366518573267,0.0,0.0075468529278924,0.0,0.0059147214657272,0.0,0.0,0.216508048175029,0.0,0.0,0.0956020980312063,0.0077409514205393,0.0,0.0,0.0,0.0005844470700251,0.0028613512096854,0.0146025050855363,0.0,0.0,0.0054526194875355,0.0,0.0,0.0093759025270769,0.0081995007449206,0.0,0.0,0.0007855223859251,0.0,0.0,0.0005433959970911,0.0,0.0,0.0007516843572612,0.0,0.0,0.0,0.0136454194076318,0.0010595913455476,0.0,0.0,0.0033825872888943,0.0135794883142198,0.0098916120207123,0.0,0.0,0.0,0.0,0.0,0.0275130339444801,0.0050911727538774,0.0090242220901422,0.0026104832032426,0.0,0.0,0.0,0.0,0.0,0.000852411939271,0.0,0.0,0.0,0.0,0.0,0.0015843060765135,0.0,0.0,0.0,0.0015985791757055,0.0,0.0429494099044291,0.0,0.0,0.0,0.005703419732218,0.0,0.0,0.0237980427133193,0.0163425534043137,0.0,0.0,0.0267566402026856,0.0,0.0,0.0,0.0,0.0,0.0050615866887199,0.0054704271363788,0.0,0.0,0.0,0.0,0.0,0.0,0.0788959193075621,0.0
ECT,0.0,0.0,0.0,0.712235789503003,0.0,0.0849482158560302,0.0941443065767766,0.023183043638028,0.0325893382434108,0.0,0.0529087099020548,0.0275499415681402,0.0039074514218808,0.0020537194623217,0.0921973853718377,0.0,0.0024350033671136,0.0,0.0,0.0,0.0089954228972502,0.0321848390769361,0.0,0.0,0.617677285881892,0.0095939778514327,0.0218885281929326,0.0,0.0,0.0151334738708765,0.166272555943388,0.0,0.0053509599622922,0.0188787260168682,0.0,3.01528059916941,0.0,0.0,0.0,0.0,0.0,0.0090991889211428,0.0,0.0329987998170889,0.0,3.97107746961458,0.949156500254164,0.0,0.130360874284269,0.0,0.0,0.0,0.0102022786782416,0.191515093429017,0.0669741001151611,0.0,0.0,0.0324970988327897,0.0,0.0,0.0,0.001352331259425,0.0,0.0011977798752757,0.0,0.0,0.0047005471907551,0.0,0.0,0.0,0.0,0.0,0.0,0.0,0.052233891522185,0.0,0.001226580030025,0.0,0.0038629681749935,0.261769579991801,0.0023502167784705,0.0,0.0,0.0,0.0,0.0,0.04582670035606,0.0,0.0,0.0,0.0,0.0391464506332091,0.0737296600334982,0.0791371647868671,0.221551062966033,0.0024799529034989,0.0144884262341685,0.0,0.0,0.0006931606584378,0.0,0.0133949245657813,0.0,0.0,0.0,0.0,0.0,0.0,0.0,0.154912412671898,0.0,0.0,0.279157046247316,0.0,0.0,0.0,0.0,0.0,0.0,0.0,0.389630013302865,0.0047974169402819,0.0,0.0,0.0,0.0,0.0455194613533805,0.290374433172591,0.0,0.0065964861293778,0.0646979633268197,0.0,0.0803114082678597,0.0,0.0,0.0,0.0,0.0,0.0,0.0,0.0,0.0240059729445799,0.0,0.0039590671312339,0.0174122877413481,0.0,0.0,0.0,0.0065002864151409,0.0782866489230382,0.0057457255382522,0.0008366824645254,0.0,0.0,0.0,0.0,0.0,0.0051369973294502,0.0,0.0,0.0469851053451389,0.0,0.0012844096539819,0.0168687553796799,0.0,0.0174238072428655,0.0,0.0130947706586618,0.0068025685153106,0.0042942101832044,0.0,0.0025992545350352,0.0,0.0,0.412639659647892,0.0155615177215157,0.0285960409878891,0.0790268919070753,0.0,0.0974133282167613,0.970352084437965,0.0,0.0081251724878732,0.0,0.0,0.0,0.0197161976775727,0.0,0.0082926129727256,0.125730624543614,0.0245882764682937,0.0,0.0,0.0,0.0,1.25127532118133,0.0,0.0,0.0,0.0,0.0,0.0,0.0113077715896182,0.0085644072588881,0.0,0.0,0.0072484365024026,0.0007964426275449,0.0,0.0,0.0,0.0,0.0,0.0,0.0015070348691061,0.0034248331008912,0.0,0.0,0.0,0.0356498943924106,0.0223402273094436,0.00198837591419,0.0,0.0,0.0,0.0,0.0023872668226831,0.0,0.0,0.0041780800035007,0.0,0.0,0.0536349567612103,0.0,0.0,0.0,0.0,0.0,0.0,0.0,0.0,0.0028075125144155,0.0009454957135196,0.0,0.192091649343388,0.0,0.0010822274685613,0.0,0.0,0.0172152782782351,0.0,0.0,0.0,0.0,0.0,0.0,0.0,0.102902847653554,0.0,0.0,0.0,0.0,0.0067361723536082,0.0,0.0,0.0,0.0202220326038052,0.0060286857427623,0.0,0.0,0.0,0.0,0.0,0.0,0.0,0.0,0.0,0.0,0.0,0.0,0.0,0.0,0.0,0.0034737212840118,0.0,0.0,0.0,0.0,0.0024820896656063,0.0,0.0,0.0,0.0010240685318125,0.0,0.0,0.006453170302728,0.0,0.0,0.0,0.0,0.029037742808316,0.0,0.0371484117644956,0.0319415440811178,0.0,0.0,0.0,0.0008678930930521,0.0008878423550399,0.0,0.0162792708921303,0.0,0.0,0.0,0.0,0.0,0.0,0.0,0.0,0.0,0.0,0.0,0.0,0.0,0.0107412053246088,0.0,0.0,0.0,0.0,0.0,0.0008617234957359,0.0,0.0015672662617102,0.0,0.0,0.0153850699771153,0.0,0.0,0.0041932278634083,0.0,0.0,0.0,0.0,0.0,0.0,0.0006008330158686,0.0,0.0,0.0,0.0,0.0031163859973342,0.0,0.0008994640462556,0.0073074114796615,0.0,0.0,0.0,0.0013502131071005,0.0318229771515748,0.0040011336241748,0.0,0.0,0.0,0.0,0.0085163208950825,0.0012504847239066,0.0,0.0,0.0,0.0006715574073229,0.0,0.0006587462481943,0.0079300257684469,0.0,0.000794822530792,0.0,0.0052863149177121,0.0026483102018591,0.0,0.0,0.0,0.0,0.0,0.297974796089758,0.0131311520706828,0.0186221365669839,0.0823343482783306,0.0035782615790133,0.0447253236004861,0.776305059751854,0.0,0.0036229177840255,0.0,0.0,0.0,0.0,0.0,0.0,0.0,0.0013057009074782,0.0,0.0013975727884176,0.0,0.0,0.227429925989704,0.0,0.0,0.0,0.0,0.0,0.0,0.0017797682344779,0.000553025856346,0.0,0.0,0.0012730223658537,0.0,0.0
ENTl,0.13542996192822,0.520882095401402,0.324989155770486,2.36022195304811,0.0053074953857151,0.0228149336710205,0.340722922714888,0.709524872797873,0.43282033134155,0.0,0.0253557256366245,0.0129389872453811,0.0048553772148625,0.0055047802594971,1.33920681995789,0.0043489778306316,0.0,0.177044305706337,0.286058023064458,0.331247804616272,0.0027027419550498,1.46789436902113,0.467695028088821,0.133287445189895,3.59794417078305,0.064886632062891,0.449368311660937,0.514719046528741,0.0,0.0127941363106055,0.340469843857664,0.0,0.0046126334217433,0.0660379251396629,0.518590130192678,5.29449285182734,0.0,0.0014381009352931,0.0,0.0,0.960010658397575,0.0026091234376364,0.0,0.216567250111883,0.0,0.928603426170402,7.81297828652102,2.38072972729911,0.849903514573352,0.334658401385397,0.0,0.0,0.0285642042786237,0.269175183418345,0.0324100969585374,0.001335582696367,0.0,0.128306097609016,0.0847644212611934,0.0,0.0,0.0,0.26682889943547,0.0,0.0,0.0,0.0,0.0,0.589700817816472,0.0,0.0399381655376779,0.0056709781257339,0.003542691280692,0.0047445778249157,0.0372296669359108,0.130453640977863,0.0135167257220936,0.0,0.0143615035462486,0.196799655662464,0.0105518243834835,0.0560282337111268,0.0,0.0061379050264618,0.0,0.0,0.155897275071869,0.0025604825212717,0.0033043037775634,0.0041006204720043,0.0,0.0086722158620752,0.0064555000513127,0.358046685819585,0.939645678453192,0.0017695642710865,0.0066534730091742,0.0,0.0047719532792253,0.049830699315626,0.0,0.0539178316436561,0.0,0.0,0.0532004486512993,0.0,0.0,0.0,0.0,0.264264688164917,0.337235268524695,0.225994343259634,1.17743702240489,0.205243554654862,0.364887934686077,0.0053845811714195,0.307690679117187,0.0,0.0,0.0,0.775953322462417,0.0021899777859762,0.0030309776515147,0.0006303005616838,0.0,0.0,0.0050335469254717,2.22727163487476,0.372296307325617,0.002402387504414,0.0094088315312341,0.007737223634028,0.179096142161159,0.0020897091139854,0.0008585125136134,0.107905458097047,0.0017453073042448,0.0,0.0,0.0,0.0,0.0210078543327578,0.465255130652062,0.0012995430069884,0.0083626118053482,0.0,0.0,0.0,0.0018588829750302,0.0276140130257183,0.0018026663763247,0.0,0.0,0.389151999854402,0.553039357410148,0.311287767077565,0.0248821832155109,0.0014226519155986,0.0011530311629096,0.0010739636846337,0.0852417916889623,0.676250305571063,0.0013592232514164,0.0041120347383425,0.0,0.0007998574004114,0.0,0.0005949453226224,0.0,0.0023685252266153,0.0,0.0,0.0,0.0,0.630254513119081,0.153492949014881,0.0687468121384104,0.0826638817535813,0.158812447374435,0.161953573490728,0.606182376325005,0.0,0.0052869400065631,0.0,0.0,0.950102474011966,0.467997371761649,0.0,0.0386298873858988,0.613117058868641,0.0108248592867179,0.0,0.0010767455006592,0.0,0.0,0.270841661794852,0.165398096493002,0.172832165542073,0.288172510955827,0.991356419056588,0.232127292402235,0.193274051700683,0.0032924446900559,0.0023077287209694,0.0071957592678691,0.0049832684635924,0.0,0.0,0.0,0.0039933441149998,0.0640213888808916,0.0518790875114308,0.561798266243043,0.0,0.0,0.0267441517865354,0.0864424834756169,0.0354021747948259,0.0,0.0174995388059462,0.0107519899073817,0.0026192681331288,0.0,0.186794303993436,0.0,0.0,0.0181366548743156,0.0199951085043813,0.0233386507244059,0.002701196339627,0.0853532314840466,0.016261258719676,0.0651091346634855,0.408353820024111,0.0031545490351054,0.0360967747278806,0.0229962244234957,0.0,0.0,0.0242537956642334,0.0,0.0022338732941243,0.0012818906211415,0.0187180882120524,0.649546321445837,0.0,0.0011716853132532,0.0,0.0,0.0255518642065286,0.0,0.0,0.0515260877150331,0.0,0.0896342895963251,0.434048470356467,0.14331420589628,0.0731393021161967,0.0389313637810048,0.0,0.0,0.0021173986427403,0.0459125278967107,0.0020929167579325,0.0,0.0,0.0114639853991012,0.0061890567996021,0.0,0.0,0.0,0.036528910900794,0.0,0.0,0.0,0.0,0.0,0.0190467799340882,0.0,0.0,0.0,0.0,0.0,0.0007131439553712,0.0,0.0009136991598776,0.0,0.011725409622551,0.0366818809655962,0.0009328139575944,0.001566321799378,0.0,0.0,0.0,0.0,0.0031665880007082,0.0,0.0,0.0,0.0,0.004317588741558,0.001911360490349,0.0606567986209503,0.152125156801789,0.0,0.0,0.0,0.0,0.005061026364534,0.0,0.0073048563960366,0.0,0.0,0.001669803909221,0.0,0.0,0.0,0.0,0.0198940371002167,0.0399801369380625,0.0214473880645504,0.253296356411697,0.0041195914875117,0.038979356130449,0.0,0.0145929067753526,0.0,0.0,0.0,0.0738098208709956,0.0,0.0019254565789915,0.0,0.0,0.0,0.0020010336441859,0.207569035941657,0.0307816761508515,0.0009006643268535,0.0,0.0,0.0041794072820306,0.0,0.0,0.0024607510677973,0.001025541848932,0.0,0.0,0.0,0.0,0.0026976458066368,0.0663954786060108,0.0,0.0019575731481752,0.0,0.0,0.0,0.0,0.0076252785389629,0.0007239679790804,0.0,0.0,0.0324763328155941,0.0331846879689997,0.0159244824610387,0.0,0.0,0.0,0.0,0.024867552581387,0.0838966090410294,0.0023104293817948,0.0013899952731212,0.0,0.0,0.0,0.0,0.0,0.0,0.0,0.0,0.0,0.0,0.0715613999814914,0.0297359053871614,0.0061972604840962,0.0069937401452766,0.0315383744004698,0.0197269135300619,0.0600324930051935,0.0,0.0010765754151924,0.0,0.0,0.0687488232767436,0.0301842473255556,0.0,0.0220061819971077,0.140664934012715,0.0,0.0,0.0005902479527334,0.0,0.0,0.0354871678244163,0.0148500256198189,0.0254386831200501,0.0205949051033714,0.0761325168033041,0.0089533603305712,0.0221188919253047,0.0,0.0,0.0,0.0,0.0,0.0,0.0
ENTm,0.0013683090580903,0.0,0.0497060006942031,0.0899906737074364,0.0096598004713435,0.0035564297375186,0.0,0.101684177303259,0.0,0.0,0.0207851250752442,0.0115459308618001,0.0,0.0071819938452199,0.199502953568856,0.0,0.0,0.0007780531207528,0.0492647392336868,0.0878358730508348,0.058985610537705,0.13957492652767,0.0954528741516739,0.0498097246004645,2.86978955330227,0.0555328745113458,0.73941759437829,0.0743759903086598,0.0,0.0,0.102073526130907,0.0,0.0,0.0,0.236405265293493,0.0546550839007439,0.0,0.0,0.0,0.0,1.54394216732397,0.0,0.0,0.0303303551029395,0.0,0.17448226141475,1.32145135835191,3.29761868077238,0.264137861093249,0.0420206435078184,0.0,0.0,0.0,0.0025861242174536,0.0,0.0,0.0,0.0093528319523552,0.0303819213030923,0.0,0.0,0.0,0.0113643901017766,0.0,0.0,0.0,0.0,0.0,0.138080669127523,0.0,0.0407964511185416,0.0,0.0027726184327751,0.0,0.0086777487352506,0.0,0.0014452211272434,0.0,0.0,0.143558988667352,0.0142917213043564,0.0,0.0,0.0,0.0,0.0,0.0139142068512877,0.0016609833195602,0.0,0.0021473390277173,0.0,0.116443948911928,0.0139602964161028,0.0,0.0,0.0,0.0005282171065897,0.0,0.0,0.0648656056957193,0.0,0.0207834977460754,0.0,0.0,0.0228575950177643,0.0,0.0,0.0,0.0,0.0,0.0,0.0279208893518346,0.128510763915411,0.129637882816544,0.0216235852330504,0.0,0.386615650753531,0.0,0.0,0.0,0.0,0.0,0.0005148212500485,0.0,0.0,0.0,0.0014118403826292,0.562107987185104,0.0,0.0070341614677206,0.0,0.0,0.144207526942011,0.0,0.0,0.466556805927835,0.0,0.0,0.0,0.0,0.0,0.0233340966151723,0.0,0.0,0.0031550550537016,0.0,0.0,0.0,0.0,0.0216143166382862,0.0014264624332293,0.0,0.0,0.0555488099565924,0.0396876565075478,0.142476693109779,0.0031443014277362,0.0,0.0,0.0,0.0766407937988058,0.0253553688023418,0.0,0.0018595743590683,0.0,0.0005468641918731,0.0,0.0,0.0,0.0,0.0,0.0,0.0,0.0,0.0,0.0,0.0,0.0,0.0,0.0,0.0,0.0,0.0044854758960068,0.0,0.0,0.29636471994817,0.204795116700103,0.0,0.0775953798604881,0.15724474292734,0.002848877224913,0.0,0.0,0.0,0.0,0.0018839376357606,0.0,0.0,0.0417483647813397,0.0333672006855235,0.153536651991838,0.0306898703138687,0.0,0.0,0.0,0.0,0.0,0.0,0.0,0.0,0.0,0.0137565346351923,0.0,0.0007462372515269,0.0,0.0,0.0,0.0,0.0,0.001391801544088,0.0,0.0,0.0,0.0239276366279563,0.0,0.0,0.0,0.0,0.0,0.0076243883449414,0.0,0.0,0.0,0.381142423210192,0.0108397692576853,0.0706941623678341,0.0,0.0,0.0,0.0,0.0,0.0,0.0,0.0,0.0,0.0,0.0,0.0,0.0,0.0513098733382959,0.0,0.0,0.0058239923479023,0.0,0.0,0.232651830004545,0.649825704787671,0.0,0.0,0.0,0.0,0.0,0.0,0.0,0.0,0.0,0.0,0.0,0.0,0.0,0.0,0.0,0.0,0.0,0.0,0.0,0.0,0.0,0.0,0.0007153306397529,0.0,0.0,0.0,0.0,0.0,0.0,0.0,0.0,0.0156699899235798,0.0017666108568522,0.0,0.0,0.0,0.0,0.0,0.0012815509328403,0.0,0.0,0.0,0.0,0.0405332957184398,0.001267486015325,0.0,0.0,0.0,0.0,0.0,0.0,0.0057743049071586,0.0,0.0063139963462543,0.0,0.0,0.0,0.0,0.0,0.0,0.0,0.0,0.0,0.0022813877956086,0.0,0.002522111262951,0.0,0.0,0.0317056909161367,0.0,0.0,0.0,0.0,0.0,0.0,0.0,0.0,0.0,0.0,0.0,0.0,0.0014682840802205,0.0,0.0,0.0,0.0,0.0,0.0289812395159573,0.0,0.0,0.0,0.0,0.0,0.000646099844534,0.0,0.0,0.0,0.0,0.0,0.0,0.0,0.0067721487118301,0.0,0.0,0.0,0.0,0.0,0.0,0.0006585229413643,0.0,0.0,0.0,0.0223876213286902,0.0,0.0,0.0005332385100538,0.0,0.0,0.0,0.0,0.0,0.0,0.0,0.0,0.0,0.0,0.0,0.0,0.0,0.0,0.0,0.0,0.0,0.0,0.0016276888343395,0.0,0.0,0.0,0.0,0.0,0.0468897857734753,0.0268096493283891,0.0,0.0,0.0,0.0,0.0,0.0,0.0,0.0,0.0,0.0,0.0,0.0,0.0,0.0,0.0,0.0,0.0,0.0,0.0
EPd,0.0,0.0,0.0,0.1006869543372,0.0,0.0,0.0,0.0765004994000845,0.489337875503799,0.0,0.0,0.0,0.0,0.0453547095071017,0.985281365900386,0.0,0.0012290403542545,0.0,0.0,0.0,0.0,0.887469789391993,1.00125051625923,0.0,0.0,0.0,0.0,0.0,0.0,0.0,0.425591208488966,0.0,0.0009388682720096,0.301394138689465,1.49799897151664,0.187830758117901,0.0,0.0,0.0,0.0,0.0204612417456047,0.0,0.0,0.126076499711935,0.0,0.606258854379075,5.0453816441487,0.550020972154417,4.64135926639057,0.997273746448598,0.0,0.0,0.0,0.0,0.0,0.0,0.0,0.0035572801142429,0.185313732767586,0.0,0.0,0.0,0.046892177636704,0.0,0.0,0.0,0.0,0.0,0.353878216548045,0.0,0.0,0.0,0.0,0.0066815417479415,0.0118561595130931,0.0,0.0076434463026059,0.0,0.0,0.0442299064560976,0.0,0.0227025783396484,0.0,0.0802883163601172,0.0,0.0,0.445638428686848,0.0,0.0,0.0,0.0019555729795238,0.0022815386799868,0.399713611347572,0.0,0.0,0.0,0.0013811640566897,0.0,0.0,0.0023761417354738,0.0,0.0747133485068287,0.0,0.0,0.0582656691934837,0.0,0.0,0.0,0.0,0.0,0.013236235200077,0.052285663835697,0.0,0.237621840594652,0.194723440065579,0.0,0.0,0.0,0.0,0.0,0.375936729510039,0.0,0.0,0.0014817280467117,0.0,0.0,0.0,6.09759719365261,0.0,0.0,0.0,0.0,0.0,0.0,0.0,0.0019078584586057,0.0,0.0,0.0,0.0,0.0,0.0011802028924332,0.0,0.0,0.0090099374545321,0.0025103059353755,0.0,0.0,0.001238319033882,0.0,0.0,0.0,0.0,0.0,0.0,0.0,0.0,0.0,0.0,0.002968661650074,0.0,0.0354911963915613,0.0,0.0,0.0,0.0,0.0,0.0,0.0,0.0,0.0,0.0,0.0,0.0,0.0,0.0,0.0044371825015642,0.0,0.0,0.0,0.0013366160595754,0.0,0.0007596334373316,0.0,0.0,0.0990714677725251,1.18500510761335,0.0,0.0,0.31987429008933,0.0142092599999706,0.0,0.0,0.0,0.0,0.250562489095477,0.0,0.0,0.0,0.0,0.0,0.0,0.0,0.0,0.0,0.0,0.0,0.0,0.0,0.0,0.0,0.0063870329340569,0.0,0.0,0.0,0.0,0.0,0.0,0.0,0.0,0.0,0.0015320586754782,0.0,0.0,0.0,0.0012708308144463,0.0,0.0,0.0013009862444728,0.0,0.0,0.0051540396748698,0.0069706242383774,0.0,0.0,0.0027000186885218,0.0,0.0,0.0,0.0,0.0,0.0,0.0156765378274511,0.0178248421481766,0.0399164096130959,0.0,0.0,0.0,0.0007275883654564,0.0418731275950956,0.0006354689762295,0.0,0.0,0.0,0.0,0.0959629385945867,0.0,0.0144943146291747,0.0587520410006427,0.0,0.0,0.0,0.0,0.0,0.0,0.0,0.0,0.0043859653152162,0.0,0.0,0.0,0.0,0.0,0.0,0.0,0.0,0.0,0.0,0.0,0.0,0.0,0.0,0.0,0.0,0.0,0.0,0.0,0.0,0.0081113512273536,0.0,0.0,0.0,0.0,0.0,0.0,0.0129416370393021,0.0015600441919953,0.0,0.0007036649169167,0.0,0.0019149003700869,0.0,0.0,0.0,0.0,0.0,0.0,0.0,0.0014683353362052,0.0,0.0046554589971584,0.0,0.0,0.0041117153457019,0.0,0.0011053086923075,0.0,0.0,0.0,0.0,0.0,0.0015553688350514,0.0008869016872938,0.0091776482873825,0.0012320252448548,0.0,0.0,0.0,0.0,0.0027385987006224,0.0,0.0012739003798709,0.0040050677917255,0.0,0.0,0.0,0.281546724298848,0.0,0.0,0.0,0.0,0.0073605213085682,0.0,0.0,0.0019342589524091,0.0,0.0,0.0,0.0,0.0,0.0012148232528907,0.0,0.0,0.0,0.0022338747689761,0.0,0.0,0.0,0.0,0.0,0.0,0.0,0.0,0.0015942527109311,0.0065399667456312,0.0,0.0,0.0025757011227906,0.0,0.0,0.0,0.0,0.0,0.0,0.0009746961589221,0.0,0.0,0.0,0.0,0.0,0.0,0.0,0.0,0.0,0.0,0.0010304825301357,0.0,0.0,0.0,0.0085375547982165,0.0,0.0,0.0,0.0,0.0048861130744747,0.0,0.0,0.0,0.0,0.006753888836307,0.0,0.0,0.0,0.0,0.0,0.0,0.0,0.0,0.0,0.0,0.0,0.0,0.0,0.0,0.0,0.0,0.0,0.0
EPv,3.46099560269748,0.0018112468888877,0.125848836421917,4.62451134931248,0.0035655864960066,0.100814478189879,0.0,1.80128474519729,0.0,0.0,0.0188684601010086,0.0115921257834222,0.0,0.0,0.0,0.0,0.0199102566656456,0.0123041414563476,0.0441795438435865,0.224848218801483,0.0012029968715837,11.7949211346476,13.272506170276,0.492363041722007,3.90181500848117,0.0268295503037888,0.258116736903937,2.15182956007601,0.0,0.0,0.0,0.0,0.0078994699832385,10.8927170878641,16.1012385865123,3.80407798155016,0.0,0.0,0.0,0.0,1.10301539274348,0.0091673785587328,0.0,0.0,0.0,3.02979912264271,31.6373338155535,5.27265211615113,1.85064688368677,13.1872987025995,0.0,0.0,0.0,1.717755674994,0.0,0.0,0.0,0.0,2.01945166355862,0.0,0.0,0.0,0.581226047945826,0.0172196051029862,0.0,0.0,0.0,0.0,3.00501520039083,0.0,0.0,0.0,0.0007465234994433,0.0,0.15585939705755,0.0,0.135848976009099,0.0,0.0,0.707771796237019,0.0496878971137895,0.642363081696125,0.0,0.271022993114428,0.0,0.0,5.0600358397297,0.0,0.0,0.0,0.0190893927118184,0.0153422799196187,0.0,0.108020893370781,0.0380538035761155,0.0062097518390217,0.0469166164836197,0.0,0.0,0.0578411719893132,0.0,0.743327086262186,0.0,0.0,1.74553188540277,0.0,0.0,0.0,0.0,0.0,0.0,0.0,0.0,1.90849067269955,12.6515579858025,0.0,0.280296192148978,0.0,0.0,0.0,0.617575657268761,0.0,0.0,0.0071592087176755,0.0,0.0,0.0212803822718564,0.0,0.0,0.0045025992370255,0.0,0.0,0.0539770396042281,0.0,0.0,0.164476820823238,0.0,0.0,0.0,0.0,0.0,0.0641657746299647,0.0037951718773276,0.0141826506794698,0.129529038430796,0.0017710168314174,0.0011651863585735,0.0,0.0305360126193298,0.0427482421188228,0.0094236622049797,0.0,0.0,0.0168657630660406,0.0129939489566944,0.0094685631854037,0.0,0.0099947201799675,0.0007724115100004,0.0152283170752325,0.0020710102709504,3.22773627340397,0.0,0.0032258668346992,0.0,0.0,0.0,0.0,0.0,0.0,0.0,0.0,0.0,0.0,0.0079445746225569,0.0006267904563996,0.0174450354388959,0.0113475145939032,0.0042645431084653,0.0,0.379385103013216,0.0,0.0025501238603044,0.0,0.0,1.60711842377293,13.8457993701632,0.0,0.0120705417329321,0.0,0.0852445818184624,0.0,0.0,0.0,0.0,0.747653683376143,0.0,0.0,0.0047842486457215,0.0189948104638133,0.0178615714002886,0.0008530837806395,0.0034478051593211,0.0175150049325923,0.0,0.0,0.0,0.0,0.0,0.0,0.0,0.0359567785194994,0.16941396555389,0.0011005403965078,0.0017510578522284,0.0,0.0268763195395557,0.0,0.0,0.0102084053886104,0.0,0.0,0.0,0.12296058682911,0.0,0.0069789703989527,0.0,0.0,0.0,0.0008802321797098,0.0032710798578903,0.0030360300452211,0.0297487363822017,0.0010571076347877,0.0,0.0,0.0007648891204937,0.0,0.0,0.0018086123621386,0.0,0.0019041390816125,0.0097216865558163,0.0954357366975059,0.0026910668622002,0.0,0.0,0.0,0.0,0.0,0.0,0.0,0.0,0.0,0.00927136680349,0.0,0.0107706130488017,0.0,0.0,0.0,0.0,0.0,0.0,0.0,0.0,0.0,0.0,0.0,0.0,0.0,0.0,0.0122224204095448,0.0024024694298734,0.0,0.0,0.0,0.0,0.00183552005336,0.0,0.0,0.0,0.0,0.0,0.001704373402593,0.0,0.0,0.0,0.0,0.0823777392946935,0.0064213381510254,0.0009299022447813,0.0,0.0152887253048051,0.0,0.0,0.0103447458010702,0.0,0.0,0.0,0.0009092124672215,0.0188072524299945,0.0,0.0056986284481277,0.0,0.0,0.0041011353377806,0.0,0.0,0.0168993572509815,0.0,0.0726604108673044,0.0,0.0,0.0,0.0,0.0,0.0,0.0,0.0009752530438967,0.0,0.015620411897754,0.103034272597357,0.0134268176746719,0.0,0.0,0.0,0.0,0.0,0.0,0.0,0.0,0.0,0.0,0.0,0.0,0.0020694589982701,0.0,0.0,0.0020836657859421,0.0,0.0,0.0,0.0,0.0,0.0,0.0,0.0,0.0,0.0,0.0,0.0139702691553972,0.0,0.0025124354362796,0.0526773270653928,0.0,0.0,0.0,0.0023769905088661,0.020574297067697,0.0017544203139641,0.0,0.0,0.0029479209612328,0.0,0.0,0.0,0.0,0.0,0.0,0.0041267111926524,0.020101006661821,0.0,0.0010727131802418,0.0,0.0,0.0,0.0,0.0,0.0,0.0,0.0,0.0,0.0,0.0013724019523044,0.0016758073259994,0.0,0.0,0.0,0.0,0.0,0.0,0.0,0.0,0.0,0.0,0.0207723046819521,0.0,0.0053068234924789,0.0792457360499935,0.0275354265767557,0.0,0.0,0.0,0.0,0.0007938694874556,0.0,0.0,0.0,0.0016557262820794,0.0,0.0005134804772532,0.0,0.0,0.0,0.0,0.0,0.0,0.0
FL,0.0,0.0,0.0,0.0,0.0,0.0,0.0327318891255297,0.0,0.0,0.0,0.0,0.0,0.0,0.0,0.0,0.0,0.0,0.0,0.0,0.0,0.0,0.0,0.0,0.0,0.0,0.0,0.0,0.0,0.0,0.0,0.0,0.0,0.0,0.0,0.0,0.0,0.0,0.0,0.0,0.0,0.0,0.0,0.0,0.0,0.0,0.0296976354778696,0.0200873018075921,0.0,0.0,0.0,0.0,0.0,0.0,0.0,0.0,0.0,0.0,0.0,0.0,0.0,0.0,0.0,0.0,0.0,0.0,0.0,0.0,0.0,0.0,0.0,0.0,0.0,0.0,0.0,0.0,0.0,0.0,0.0,0.0,0.0,0.0,0.0,0.0,0.0,0.0,0.0,0.0,0.0,0.0,0.0062794656438,0.0,0.0,0.0,0.0,0.0,0.0,0.0,0.0,0.0,0.0,0.0,0.0,0.0,0.0,0.0,0.0,0.0,0.0,0.0,0.0,0.0,0.0,0.0,0.0,0.0,0.0,0.0,0.0,0.0,0.0,0.0,0.0,0.0,0.0,0.0,0.0,0.0,0.0,0.0,0.0,0.0,0.0,0.0,0.0,0.0,0.0,0.0,0.0,0.0,0.0,0.0,0.0,0.0,0.0,0.0,0.0010311593365414,0.0,0.0,0.0,0.0,0.0,0.0,0.0,0.0108041859336844,0.0,0.0,0.0,0.0,0.0,0.0,0.0,0.0,0.0,0.0,0.0,0.0,0.0,0.0,0.0,0.0,0.0,0.0,0.0,0.0,0.0,0.0,0.0,0.0,0.0,0.0,0.0,0.0,0.0,0.0,0.0,0.0,0.0037556219058913,0.0,0.0,0.0,0.109944550782068,0.0,0.0,0.0,0.0,0.0,0.0,0.0,0.0,0.0061629705848072,0.0,0.0,0.0,0.0,0.0,0.0,0.0,0.0,0.0,0.0,0.0,0.0,0.0,0.0,0.0,0.0,0.0,0.0,0.0,0.0,0.0,0.0,0.0,0.0,0.0,0.0,0.0,0.0,0.0,0.0,0.0,0.0,0.0,0.0,0.0,0.0,0.0,0.0,0.0,0.0,0.0,0.0,0.0,0.0,0.0,0.0,0.0,0.0,0.0,0.0,0.0,0.0,0.0,0.0,0.0,0.0,0.0,0.0,0.0,0.0,0.0,0.0,0.0,0.0,0.0,0.0,0.0,0.0,0.0,0.0,0.0,0.0,0.0,0.0,0.0,0.0,0.0,0.0,0.0,0.0,0.0,0.0,0.0,0.0,0.0,0.0,0.0,0.0,0.0,0.0,0.0,0.0,0.0,0.0,0.0,0.0,0.0,0.0,0.0,0.0,0.0,0.0,0.0,0.0,0.0,0.0,0.0,0.0,0.0,0.0,0.0,0.0,0.0,0.0,0.0,0.0,0.0,0.0,0.0,0.0,0.0,0.0,0.0,0.0,0.0,0.0,0.0,0.0,0.0,0.0,0.0,0.158134164175909,0.0,0.0,0.0,0.0,0.0,0.0007290089887809,0.0,0.0,0.0,0.0558682322384846,0.0,0.0,0.0,0.0,0.0,0.0,0.0,0.0,0.0,0.0,0.0,0.0,0.0,0.0,0.0,0.0,0.0,0.0,0.0,0.0,0.0,0.0,0.0,0.0,0.0,0.0,0.0,0.0,0.0,0.0,0.0,0.0,0.0,0.0,0.0,0.0,0.0,0.0,0.0,0.0,0.0,0.0,0.0,0.0,0.0,0.0,0.0,0.0,0.0,0.0,0.0,0.0,0.0,0.0080806130511106,0.0,0.0,0.0,0.0,0.0,0.0,0.0,0.0,0.0,0.0,0.0,0.0,0.0,0.0,0.0,0.0,0.0,0.0,0.0,0.0,0.0,0.0
FN,0.0,0.0,0.0008714724866066,0.0,0.0,0.0,0.0017129231602174,0.0,0.0,0.0,0.0006026224390194,0.0013221539592694,0.171104842733101,0.0,0.0,0.0012484049314149,0.0013414720924714,0.0,0.0,0.0,0.0005658312382916,0.0,0.0,0.0,0.0011978953701196,0.0,0.0,0.0,0.70210953229804,0.0005665985138175,0.0,0.00206821648999,0.0296616785756055,0.0,0.0023921461642401,0.0028488068094166,0.0,0.868318730298021,0.0007612027414819,0.0,0.0018864214728825,0.0,0.0023916830524606,0.0,0.0012372481523417,0.0021537065969545,0.0062339831871816,0.0020782687860073,0.0,0.0,0.0009160953734235,1.23682900249212,0.0,0.0,0.0,0.0,0.580358646420789,0.0010326465269766,0.0,0.0,0.0,0.0,0.0,0.0018485302888626,0.0009088957024425,0.0276465649766853,0.0,0.102558000068096,0.0,0.138723805636646,0.0,0.0,0.0,0.0,0.0013899768467653,0.0,0.0,0.0157718494298249,0.0,0.0,0.0,0.0,0.0320794388850739,0.0075027807102749,0.0058841276518181,0.0923311754061805,0.0009502384252716,0.0,0.0,0.0,0.0,0.0024154497167412,0.0215901733721331,0.0016343398030753,0.0008231647416982,0.0,0.0,0.0,0.0231665938294496,0.0,0.709525310755015,0.0013525100805378,0.0005277578483667,0.0,0.0,0.0206756192404534,0.0,0.0,0.0166637477259364,0.0,0.0,0.0,0.0054910844885228,0.0,0.000993372716359,0.0068293061443445,0.0008470525215442,0.0602552448477622,0.0788340747508616,0.0020851565509465,0.0006900487296588,0.0007953954860977,0.0019502804855911,0.012428710718388,0.116045872572925,0.0151951672710885,0.0,0.0067722591157002,0.0,0.0,0.0006159074863305,0.0,0.0,0.0,0.0022077647314182,0.0,0.087412436606735,0.115691061296321,0.0059711958879587,0.0443321243871786,0.0014063985558382,0.0,0.0,0.0,0.0,0.0006535823135506,0.0,0.104204457911453,0.0,0.0009526845514621,0.0093054088665992,0.0,0.0,0.0,0.0,0.0018993854929872,0.0,0.0,0.0035000672742063,0.0,0.0,0.0,0.056880267607833,0.0078063497574777,0.0,0.0011765666190345,0.0,0.0,0.0,0.0,0.291404682339831,0.0,0.0,0.0039145541680531,0.0005203252873397,0.0,0.000865264441604,0.0,0.0,0.0,0.0020052879826131,0.0,0.0,0.0032953708940582,0.185045840851738,0.0,0.0030475906451719,0.0,0.0,0.0009536031264777,0.0050254288116724,0.0045063982806422,0.0526377121984577,0.0,0.0006972002204227,0.0,0.0,0.0,0.0,0.0013268244176518,0.0,0.0,0.0263250636926179,0.0,0.0,0.0,0.0028362875511179,0.0,0.0009271174305165,0.0,0.0,0.0034060180003877,0.0022264043438917,0.0012464618545111,0.0,0.0012321934985086,0.0,0.0005291909786257,0.0,0.0012083136281435,0.0031327826124176,0.138201830188853,0.0,0.0,0.0135648662863351,0.0,0.0,0.0,0.0,0.0013722342739456,0.0,0.0,0.0,0.0030878834746886,0.0007584930402579,0.0018363430534012,0.0,0.432726380498096,0.0173115630556678,0.0,0.0011977828261397,0.0259597546677843,0.0005763315677383,0.0045307110568623,0.0083940696187929,0.001510253900412,0.573003347760138,0.0063831117775929,0.0012175852886205,0.0106660733852562,0.0,0.0055259542584604,0.0017749898784349,0.0016080121669753,0.0006193538644041,0.0009852581580065,0.0020865255087232,0.0,0.0,0.0,0.173860958126294,0.0,0.0,0.0,0.0,1.40779704603685,0.0013531381179647,0.0,0.0,0.0,0.0014515758718978,0.0,0.0018996548158429,0.029676153797389,0.125015671904889,0.0,0.945026976371239,0.0,0.292924721224922,0.0007184596384775,0.0,0.0,0.0,0.0,0.0032410921027234,0.0,0.0535069433324387,0.0,0.0,0.0,0.0,0.0668463894179082,0.0400799039331936,0.121421866965295,0.538733600722803,0.0040731119586852,0.0,0.0,0.0,0.0,0.0006091613930168,0.0071110128525604,0.0,0.0006236265326035,0.0,0.0,0.0,0.28757477201266,0.0,1.04096925994102,0.0019286185051496,0.0014322772230396,0.0,0.0,0.0012337242308792,0.0008959420618012,0.0006333367217189,0.0574748189304152,0.0,0.0,0.0005593222976099,0.0066227900158058,0.0,0.0,0.0953157443213706,0.0,0.432269903757263,0.255543437663065,0.0140314239415424,0.0,0.0349134945247504,0.0015873675465911,0.0036236624350204,0.140357546320389,0.0327309151874688,0.0011131343779283,0.0034019053061799,0.0,0.0,0.0331545103925269,0.0005457954518929,0.0023065784816988,0.0,0.0160487114769338,0.0,0.0962971960188051,0.427915701420742,0.0827540455771006,0.0513511398387624,0.0339471526809409,0.0,0.0,0.0,0.0,0.0,0.0,0.114271538006666,0.0,0.0,0.0041590103044854,0.0073133806971875,0.0,0.0008968262817809,0.0019985709938142,0.0022956741261965,0.0020399954746044,0.0,0.0404150829474315,0.0017374904358157,0.0,0.0,0.0350143965321695,0.0187906243883449,0.0,0.0,0.000717909857111,0.0010469618434458,0.0020690093521358,0.0011691424661083,0.491947818915109,0.0020707059135333,0.013672829752075,0.0464482969162428,0.0,0.0,0.0007012371051099,0.0,0.0,0.0,0.0,0.0,0.0,0.0385581563751895,0.0554741525726482,0.0,0.0016016880523935,0.0062581753126911,0.0009751957006732,0.0038801724341678,0.0007228629123951,0.0460373176395002,0.245452617134377,0.0034343938072507,0.0044491371650335,0.0,0.0,0.0,0.0,0.0,0.0,0.0,0.13745656644193,0.0,0.0068030240946205,0.0268825444839492,0.0125577837788353,0.0,0.003722761048706
FRP,0.0,0.0,0.0907867827357,0.461654470450288,0.0,0.0,4.80007613780072,0.240909539078403,0.0634643062688646,0.0,0.0,0.0,0.0173001375996531,0.004541765464873,0.0,0.0,0.002681938196821,0.0,0.0,0.0,0.0,0.220707931431667,0.0088740848539295,0.0,0.0172821374417646,0.0019609074138435,0.0202823719690949,0.187908277658974,0.0007916389195319,0.0,0.0263828725597352,0.0,0.0879519455778335,0.0022396250064324,0.0111715204898396,22.3997661569115,0.0,0.0,0.0,0.0,0.0080140931528084,0.0,0.0,0.0158662197162021,0.0010745808963218,0.0886189788040442,0.0,0.0,0.0,0.0023800923279113,0.0013350528343665,0.0,4.57878385612687,0.0627149642423682,0.266326920587733,0.0423500499673948,0.0,0.402829059643887,0.0017222045918645,0.0,0.0,0.0,0.0202254561582942,0.0715686998163022,0.0,0.0,0.0,0.0,0.0190612188056138,0.0,0.0,0.0,0.0,0.0,0.0,0.0,0.0,0.0,0.0,0.0037244835906611,0.0028334691689149,0.0,0.0,0.241542740642668,0.0,0.0,0.0011564654017097,0.0,0.0,0.0,0.0021949343254243,0.0034264546533734,0.0924245675863865,4.79303046473042,14.2491039532188,0.0,0.0,0.0080021645224388,0.150370687495351,0.0,0.0,0.0,0.0,0.0,0.0,0.0,0.0146005687130768,0.0,0.0,0.571646155526464,0.0167222474799692,0.066618263682866,0.027564348903915,0.0030747883879621,0.0060032801453309,0.0,0.0,0.0,0.0,0.0,0.043658046219891,0.133130827568646,0.0088596965274747,0.0,0.0,0.0,0.0,0.0,0.409433431906288,0.0,0.0403226102030403,0.0024317250483366,0.0,0.0,0.0,0.0,0.0043461605881234,0.0,0.0,0.0,0.0,0.0,0.0,0.0,0.0,0.004659113216438,0.0,0.0,0.0,0.0,0.0161464073018006,0.0,0.0033929680056224,0.0,0.0037744820146136,0.0,0.0,0.0,0.453978174244648,0.0253549001326049,0.0007618107382108,0.0833964533604586,0.0028246398213391,0.0,0.0482258887655491,0.126149876173594,0.0,0.0116201302876518,0.0,0.0,0.0,0.0,0.0,0.0,0.0,0.0,0.781950386545861,0.0,0.0,0.0186551630480583,0.912682147976949,0.0,0.0,0.0,0.0,0.0,0.0047585836848429,0.0,0.0010122732755405,0.0,0.0075340599771023,0.0,0.141667396357011,0.0,0.0,0.819086449500014,0.0,0.0,0.0,0.0,0.0,0.0,0.125066352086502,0.0,0.0,0.0,0.0725557423245449,0.0219567083269849,0.0,0.0,0.0,0.0354915489524345,0.282002200079129,0.0,0.0,3.23258613588981,0.0737556691635264,0.0,0.0,0.0,0.0,0.0066159003474185,0.0012129154332408,0.0,0.0,0.0014947463745373,0.0,0.0037101969286211,0.0,0.0,0.095719946199262,0.0010725900290608,0.0,0.0417924490071757,0.005298938860359,0.0438850981676021,0.0344330176730982,0.0010869449566712,0.0086089968399737,0.0132681971513263,0.0,0.0634852402151766,0.0063522331931796,0.0228671322571939,11.6329523699724,0.0,0.0,0.0008284129791643,0.0,0.0358686049169482,0.0,0.0,0.0,0.0016609960266097,0.0,0.0,0.0039408960983254,0.0600471084461859,0.0069769196735453,0.0008690016431552,0.0,1.12214405184704,0.0168395956271008,0.0119930634127051,0.0,0.0,0.327816327498819,0.000776306277564,0.0,0.0,0.0,0.0,0.035866522648035,0.0,0.0,0.0005534252352829,0.0,0.009349425196081,0.0,0.0,0.0008639642753187,0.0,0.0,0.0,0.0,0.0,0.0,0.0,0.0,0.0008417067412754,0.0,0.0,0.0875714900778043,0.0,0.0,0.0092111960142771,0.0010902515429705,0.0,0.0007340403665066,0.0025803018697983,0.0031028774913096,0.0773467053930532,2.22020753560526,7.26855517654833,0.0,0.0,0.0015734786963242,0.0,0.0,0.0,0.0045325081811476,0.0,0.0044697453613048,0.0011097480145352,0.0,0.0177545430709473,0.0,0.0,0.0,0.0,0.0,0.039537164399473,0.0033988043211389,0.0053050887025839,0.0,0.0,0.0,0.0,0.0,0.0,0.0913685950041073,0.0050216722821963,0.0,0.0,0.0,0.0,0.0,0.115252004317368,0.0,0.0061666164055215,0.0,0.0094362915247699,0.0,0.0,0.0021014994066942,0.0020572034505632,0.0,0.0,0.0,0.0,0.0,0.0,0.0,0.0025892601808265,0.003209987366027,0.0,0.0,0.0,0.0,0.011456779263373,0.0,0.0,0.0015891318388841,0.0,0.0,0.0,0.0,0.072939813468782,0.0387452691960058,0.0,0.0150311324575713,0.0027038711450339,0.0,0.0008569347230681,0.0086955442884565,0.0,0.0083007015451952,0.0,0.0058145562276434,0.0,0.0,0.0,0.0,0.0,0.0043624494251706,0.190680881731586,0.0,0.0,0.0246948269570267,0.144321940783315,0.0017634013503044,0.0,0.0,0.0,0.0,0.0037730097306196,0.0,0.0027967534012491,0.0,0.0012929526408529,0.0,0.0,0.0,0.0,0.18829331437582,0.0,0.0,0.0,0.0,0.0,0.0,0.0015353905450463,0.0,0.0,0.0,0.0482982866190957,0.0,0.0
FS,1.24396839015781,0.0,0.0,4.13100799560245,0.0,0.0,1.68151523014671,2.61041982179159,1.91333489155182,0.0,0.0063120086239595,0.0175011199261155,0.0,0.0,1.07371946959021,0.0,0.0,0.0013613652154714,0.0016636906839712,0.0,0.0,1.97185944061964,0.0051174760429355,0.0,0.142879064268782,0.0,0.0,0.320057451983103,0.0,0.0,0.128927088867937,0.0,0.0970409204158514,0.36723873029341,0.0,4.70811568343503,0.0,0.0,0.0048967902243332,0.0,0.0,0.0,0.0,0.096760842527963,0.0,0.414785527654008,0.351604636397578,0.0,2.96373965923104,1.41947329841125,0.0,0.0,0.163636701622375,4.59260714346608,0.0,0.763372962300992,0.0,0.43362797709293,0.0477781258332986,0.0,0.0,0.0,0.0819227332105751,0.0430395300298833,0.0006047746973705,0.0,0.0,0.0,0.0,0.0,0.0,0.0,0.0,0.0454229612731825,1.02732057039879,0.0,0.0,0.0,0.0,0.0,0.0,1.00865504191408,0.0,0.552507304482348,0.0,0.0,0.0,0.0026637572554917,0.0,0.0016283302196587,0.0,0.0,0.113351373230786,1.67897540529815,1.07895461017932,0.0,0.0,0.0,0.575506548627791,0.0,0.0,0.277708139968924,0.0,0.0011175681187276,0.145005680990598,0.0,0.0012762464493626,0.0,0.0,0.309166303300552,0.226617416916844,0.202259672185075,3.56500315496803,0.0,0.410841818297628,0.0,0.0059720308723904,0.0,0.0,0.0,0.106367321237145,0.198416604052796,0.0,0.0011096175232409,0.0,0.0,0.0,13.6679315033875,0.117826518408564,0.0,0.0076240176421224,0.0,0.0005212626217402,0.0,0.0,0.0006824019450588,0.0,0.0,0.0,0.0,0.0,0.0,0.0,0.0,0.0,0.0,0.0,0.0,0.0,0.0,0.0122124918601885,0.0074068870071312,0.162090386610159,0.0,0.0,0.0,0.0,0.0,0.0,0.0,0.0,8.52516177151915,0.0,0.032331995513823,2.30974817128106,1.00211056540779,0.0,0.0,0.0,0.0,0.0,0.0,0.0,0.0,0.0659534109120224,0.0367711181948666,0.732555498321312,0.09623518148071,0.0,0.0816782266025585,0.577632654361219,1.62175839120133,0.0,0.0,0.0,0.0725046980371996,0.0254304283559361,0.0,0.0,0.383119734023842,0.0,0.0,0.0114829165383551,0.0,0.0,0.797666350111535,0.0,0.0,0.0,0.0,0.0038898124089093,0.0,0.11364957359097,0.0,0.0042934260651941,0.0,0.0697842414768878,0.0701321897021176,0.0,0.0034815002624113,0.0,0.0091029729977044,0.0600224446486304,0.0,0.0,0.250897050894717,0.211173906446589,0.0249972370252393,0.0,0.0,0.0,0.0,0.0,0.0,0.0,0.0,0.0,0.0,0.0,0.0,0.29490446448582,0.0,0.0147428764866465,0.0,0.0,0.0013018361188164,0.0130921894328826,0.0,0.0,0.0091564410548512,0.0,0.0267231835999309,0.0,0.0,0.383082414772618,0.0,0.0,0.0,0.0,0.0,0.0,0.0,0.0250404794376941,0.0,0.0748057639391526,0.0,0.040772957410722,0.0477974996020422,0.0080502120000846,0.0,0.0,0.0252829544623156,0.0169735100238563,0.0,0.0,0.0,0.166189097768392,0.0033286527806244,0.0,0.0008594776064996,0.0,0.0182128085739449,0.0175134421638114,0.0,0.0,0.0,0.0,0.0173335866431412,0.0,0.0,0.0,0.0,0.0,0.0,0.0,0.0,0.0,0.0007189750264514,0.0149908721035392,0.0,0.0,0.0,0.0156510178436701,0.0,0.0,0.0,0.0,0.0,0.0032091484556886,0.0,0.0,0.0,1.0612424261537,0.701584160598825,0.0,0.0,0.0,0.0,0.0,0.0,0.0,0.0,0.0,0.0,0.0,0.0,0.0,0.0,0.0076618776391525,0.0163183229577873,0.0019011772756868,0.0274747866462038,0.0,0.0,0.0,0.0039760861683348,0.0,0.0,0.0,0.0222347594649194,0.0044894689087469,0.0,0.0013269264781443,0.0,0.0,0.0,0.0163510534432798,0.0,0.0,0.0,0.0,0.0,0.0,0.0,0.001218236967077,0.0,0.0,0.0,0.0,0.0,0.0,0.0,0.0,0.0,0.0,0.0,0.0,0.0,0.0,0.0052702613789932,0.0,0.0,0.0,0.0069032919811461,0.0,0.0,0.0,0.0,0.0,0.0022156932000609,0.0124948164750405,0.0,0.0,0.0,0.0,0.0,0.0039327619921358,0.0,0.0,0.0,0.0,0.0,0.0,0.0,0.0,0.0824047107601063,0.0031446365817267,0.0,0.0,0.0298796691699394,0.0,0.0,0.0,0.0,0.0157385888213289,0.0,0.000762515531056,0.0,0.0388428665810934,0.0,0.0,0.0,0.0,0.0,0.417237225675584,0.0,0.0,0.0,0.0007750407644661,0.0,0.0,0.0,0.0,0.0,0.0,0.0019624435115376,0.0,0.0
GPe,0.0591978540356248,0.46607521541065,0.0554021523641244,0.202593699016633,0.0029127593290343,0.00879825755404,0.548386695218673,0.112269436764936,0.0930778621936367,0.0,0.0469902033492214,0.070997456383968,0.0449198952895028,0.0005582885355522,0.0389266662712156,0.0247642676526978,0.0007284008920612,0.0484370134239179,0.0126638632658794,0.044509042465532,0.0327845429168269,0.277824968998084,0.0570614752477568,0.146787354951277,0.0,0.0,0.0,0.42043697343246,0.0030522365949793,0.273289533895748,0.124193568172585,0.0,0.253783468929149,0.007253387320633,0.0586424796378108,10.2335245004784,0.0,0.0111461931340396,0.0246934388231959,0.0006935405526375,0.010912573502854,0.0065308731905733,0.0,0.0192979931146416,0.0,0.147231297997151,0.0096278089965246,0.0017626710492464,0.017322290322831,0.0154124185035843,0.0031150886233437,0.0,0.0492798445412703,0.208803771334628,3.5897862482833,0.70402891363567,0.0165354240226483,0.119675537427783,0.0071416112490033,0.0,0.0,0.0007352588899562,0.0570824135999825,0.0937162834847006,0.0017033023258815,0.0,0.0017238938889635,0.0395573242490249,0.220656559235037,0.0,0.0081474535912718,0.0,0.005502902451685,0.219212271385068,0.631019483956364,0.0273263461009531,0.0373044729527046,0.0023521898632972,0.000740135428194,0.0213038178376488,0.0076841210950267,0.0272498677763766,0.0214760811932307,1.38627748591296,0.0060421579946001,0.0015631020267841,0.0360574388847673,0.0,0.0023376608905132,0.0,0.0071460069365063,0.0,0.0,0.249451087121179,0.546592546816911,0.0,0.012985910548227,0.0,0.799067103510524,0.0,0.0023318216319423,0.0154336585604603,0.0,0.0,0.0074233329198037,0.0011728034962385,0.0007472475767708,0.0231050669144775,0.0059537661366909,0.113086666219475,0.0810935981332038,0.0918599807940271,0.0270822543141131,0.0,0.0335108744427755,0.126845400458656,0.0007890744186919,0.0310254280619278,0.0377245235483159,0.001984279839186,0.0079973022051793,1.09981551660657,0.0339094472274464,0.0119428949466103,0.0013248799001714,0.0048168065954105,0.0402973989435284,0.0341759827655382,0.432378484925915,0.0,0.157538650010612,0.0070322241910824,0.0025688566115632,0.0132532713361479,0.0512885086962961,0.0,0.015411112936152,0.0454863907382961,0.0278113972262728,0.0,0.0009842481424892,0.0103732953428862,0.0030934936407079,0.0021018902364687,0.0324765843931296,0.0,0.0,0.0,0.0010130894125138,0.0116960698737221,0.0165273655973404,0.0174371555451462,0.07924656931266,0.0112119082471465,0.0,0.010208408566683,1.8592825563104,0.0,0.0267847758675725,0.0034749708684652,0.0,1.07961012014506,0.0163775760556984,0.0314734300815722,0.519885875634191,2.13166251145294,0.0015805530310864,0.0206605433348222,0.0030717052900896,0.0189424538526544,0.0,0.0,0.0006297464309898,0.0,0.0625255635871894,0.0503183571201782,0.139193287602275,0.0049518563289934,0.0230156290951682,0.0,0.201200832785041,0.828140249164717,0.0050645168017876,0.0055971496599123,0.0,0.189617417075168,0.019093187377635,0.0111975944033681,0.0,0.0094419246688169,0.0068860956017714,0.0032837380047813,0.330387229018938,0.0018487467223662,0.0018536031049738,0.0749659568510332,0.0051519900607357,0.0028282476094108,0.0,0.0,0.0007126370837938,0.0037708783560343,0.329934522701043,0.0,0.1518337749283,0.139143600213206,0.0511889476393917,0.367233023437831,0.0,0.0,0.0,0.0014901242051517,0.0,0.0,0.0,0.0026164731323115,0.0030299761035848,0.0010505778557817,0.0,0.0011899549782654,0.0006844929806522,0.0452002516185266,0.0,0.0,0.0,0.0016310330746797,0.0,0.0,0.0,0.0,0.0012342619868656,0.0,0.0,0.0017647461476992,0.0,0.0017948119556734,0.0,0.0044964339003893,0.0213404129123212,0.0,0.0,0.0732759430817868,0.0040907131918651,0.001422559201204,0.0021654575171664,0.0,0.0175375997801678,0.0027985586545434,0.0021641749582194,0.0427381962556969,0.0,0.0,0.0,0.0,0.0012306943709766,0.0014213381336773,0.0077766586876574,0.0,0.0,0.0009936107056904,0.0,0.0007154071479327,0.0,0.0,0.0,0.0033415869931973,0.0032916133118941,0.0,0.0,0.0009592954212524,0.0009151080535917,0.0,0.0270740004136624,0.0005802567502924,0.0,0.0010415847266293,0.0030684410818634,0.0,0.0,0.0,0.0,0.0,0.0438980945550815,0.0,0.0,0.0,0.0015703538570973,0.0,0.0,0.0,0.0,0.0016146385505106,0.104714638071796,0.0023489799686487,0.0,0.0070558947865544,0.0,0.0,0.0,0.0014108515449736,0.0005710345819007,0.0059600362821958,0.0005512097609987,0.0031807006500813,0.0,0.0,0.0,0.0034689549028442,0.0,0.0007150582320874,0.0222687139101744,0.0,0.0,0.001824046929616,0.0018255022705857,0.0,0.0,0.0,0.0015649973116472,0.0038200334913503,0.0,0.0081514879796521,0.0,0.0017592702575553,0.0052867167558989,0.0021183267896724,0.0044047807483067,0.0,0.0,0.0,0.107515223613256,0.0705856706669399,0.0,0.0,0.0013533772806264,0.0022939714980902,0.0072926616182107,0.0,0.0,0.0041173899971649,0.0,0.0067837688744501,0.0,0.0,0.0025613381517759,0.008550528342179,0.0027341559154485,0.0,0.0,0.0,0.0,0.0,0.0,0.0080174064528788,0.0,0.0,0.0,0.0,0.0020674352846172,0.0090413694422819,0.0,0.0,0.0,0.0026784388848401,0.0034648049976623,0.0262331158900681,0.0,0.0005212094948347,0.0,0.0,0.0,0.0315256621212372,0.006154596741976,0.0,0.0007571189506012,0.0036612695894612,0.0026027802737748,0.0,0.0006742621391835,0.0,0.0,0.0,0.0015008553548021,0.0,0.0,0.0017961983540816,0.0,0.0,0.0,0.0013427270768403,0.0,0.0,0.0,0.0,0.0,0.0015217221758809,0.0,0.0,0.0073329796127262,0.0006294915187496,0.0,0.0,0.0035719574154894,0.0017391478562441,0.0017379688758677,0.0,0.0,0.0,0.0007310899389638,0.0006794910456107,0.0,0.0060104979020253,0.0,0.0,0.0,0.0,0.0,0.0
GPi,0.673691463706736,0.0,0.0243881349223525,0.0,0.22803924918326,0.0,0.0,0.0,0.0,0.0117746524607944,0.885786126130795,0.135813151602011,0.0,0.0,0.235446322909237,0.0,0.0,0.0,0.0,0.0013380394036945,0.274176148564932,1.02337470934157,0.893797486720983,0.0,0.114760828437665,0.0,0.0,3.28356649897287,0.0,0.712392940322333,0.0,0.0411561988144211,0.433308308323051,0.480038792250835,0.0,2.92727295390707,0.0,0.0021014679774029,0.0,0.0,0.0,0.0,0.0,0.0,0.142330613020249,0.0,1.48469132421594,0.0644832759199548,0.0,0.334868222753916,0.0,0.0,0.0,0.737739335837626,2.86962304644618,4.02483601562418,0.0,0.0,0.140857543827676,0.0,0.0,0.0,0.0,1.2909314633224,0.0,0.0,0.0,0.302717921892921,0.0769400632200145,0.0,0.408998181181652,0.0,0.0,7.29524406564907,8.90341069644962,0.0,0.90078832172098,0.0,0.0222314045071404,0.0,0.0,0.295573355801624,0.0216874562063933,1.48975810670209,0.0716735913379667,0.009359042562127,1.58801776394154,0.0,0.0,0.0,0.335217718058243,0.0,0.0,0.0955939805725498,0.0,0.0,0.0,0.0,0.380902454906174,0.0,0.0,0.474493023153617,0.0,0.0005709842313512,0.0,0.0,0.0,0.0,0.0,0.0,0.0,0.0,0.0,0.0,0.28147792749266,0.0,0.0006233036969572,0.0,0.364395552216291,0.0,0.0056304245399303,1.38632127738045,0.0,0.0,0.0,0.0559443099813626,0.0,0.0,0.0,0.0,4.49275640286436,0.0,0.0016758297638942,0.0,0.350688184956949,0.001396638658912,0.0009776022108245,0.0,0.0,0.0,0.0,0.193186125944676,0.0,0.0,1.27519559271879,0.0,0.0,0.0,0.055989362395847,0.0,0.0587353076759263,0.0,0.35263421335206,0.0,0.0,0.0087783682003887,3.89746903304836,0.0,0.0,0.0,0.0426283685071044,8.96416552859748,0.0005271620309855,0.0797319599575857,0.447673911574257,1.35601377469909,0.0029597279615532,0.439494557825811,0.0,0.0,0.0,0.0,0.0,0.0,0.0,0.0343264617385467,0.0,0.0,0.0388131727869319,0.0,0.0,0.578950197420654,0.0,0.226005076831115,0.001539753316032,0.0516195085468298,0.125721175585854,0.0,0.0,0.0,0.0,0.0640042971493564,3.92845218359196,0.0,0.225717090986576,0.0,0.0,0.0,0.0,0.0,0.0,0.0,0.0,0.0,1.99116528178983,2.54402963376005,0.514204219684065,1.08957657930536,0.017699586624879,0.0265995643254149,0.0015082240096778,0.0121588430045954,0.0,0.0,0.0,0.0,0.0,0.0,0.0,0.0144389712631193,0.0038423360723261,0.0,0.0,0.0,0.0,0.0186247244039043,0.0006751239219595,0.0015111251903654,0.0,0.0,0.0,0.0014236466635597,0.0,0.0265882722733148,0.0015305969859796,0.0123088013375112,0.084867240335622,0.0,0.0,0.0,0.0,0.183136762569893,0.0010037111635327,0.0081747886423369,0.0,0.0,0.0,0.009251070703959,0.0,0.15093612301202,0.0,0.0,0.0101860922418313,0.0681514887156316,0.0,0.0,0.0062073249549177,0.0,0.0,0.0,0.0,0.0,0.0,0.0028449745153829,0.0,0.0,0.0,0.0,0.0005215606969562,0.0,0.0,0.0,0.740669242430355,0.0,0.0,0.0,0.0736279869928329,0.0,0.0,0.0,0.0022458425090197,0.0009008996080202,0.585230077405105,0.0,0.0,0.029535231368368,0.0,0.0,0.0172622776907787,0.0028519326341672,0.0014940467622751,0.0250007815377507,0.73856415781636,0.0050709132288353,0.0035699701383602,0.030251731263276,0.0089294995841442,0.0,0.0013555307729066,0.0420554395159268,0.0586552232999673,0.0,0.0110477449030695,0.0136939623430797,0.0065753319003808,0.022936068074726,0.0,0.0,0.0,0.0,0.0,0.0,0.0,0.0007265752654056,0.0,0.0,0.0,0.0,0.0,0.0,0.0,0.0,0.0,0.0,0.0,0.0101359355445032,0.0430946311657614,0.0,0.0,0.0,0.164178223462956,0.0,0.0,0.0,0.0,0.0,0.0,0.0,0.0,0.0,0.0,0.0144589829731197,0.0,0.0,0.00082592856333,0.0,0.106176752736466,0.0,0.0,0.0015832469397398,0.0,0.0055236658722511,0.007364839406595,0.474965953260249,0.0,0.002311687406732,0.0,0.0786326984540409,0.0,0.0827737927885469,0.0,0.0,0.0083055621323697,0.0073203201642321,0.0123097304990068,0.0443016911444595,0.0028031515520256,0.0,0.0,0.0316189960089779,0.0983400538599634,0.0,0.0,0.0,0.0,0.0122092928553722,0.16451400539156,0.0,0.0,0.0,0.0015402546569556,0.0,0.0,0.0023482113675902,0.0066249180448031,0.0120429229498637,0.0060773724054866,0.0051944637098639,0.0020074378851824,0.0169452099635985,0.0,0.0,0.0107024136965106,0.0,0.0,0.001425302369853,0.0,0.012213208931406,0.0257063708942588,0.01575164891826,0.004247460282866,0.0,0.0,0.0677993421719374,0.0,0.0,0.0013325377355619,0.0,0.01057209586854,0.0,0.0006191229929425,0.0,0.0,0.0,0.0,0.0743072406957926,0.0,0.0037059288762899
GRN,0.0,0.0,0.0,0.0,0.0,0.0,0.0018604027695424,0.0,0.0013664684375722,0.0065932215394474,0.0,0.0,0.0901329499102258,0.0,0.0,0.0253033525368289,0.0,0.0,0.0,0.0,0.0,0.0,0.0,0.0,0.0,0.0,0.0,0.0,0.0042691207453279,0.0013885170158431,0.0,0.0,0.0,0.0,0.0,0.0,0.0,0.0146333389016511,0.0,0.0012979470740914,0.0,0.0,0.0024823628349539,0.0,0.0,0.001148161321302,0.0023158947044759,0.0017161721141659,0.0,0.0,0.0131627890810324,0.0023070282874223,0.0,0.0,0.0,0.0,2.83602344849636,0.0030638724399806,0.0,0.0,0.0,0.0,0.0,0.0,0.0005145484703105,0.0045558233832564,0.0,1.64302424370086,0.0,0.0038504436576352,0.0,0.0,0.0,0.0,0.0,0.0,0.0,0.102555349867856,0.0,0.0,0.0,0.0,0.119180288348153,0.0139445722064683,0.23052710954445,0.633151141054131,0.0,0.0,0.0,0.0,0.0,0.0,0.0,0.0011673716462014,0.0,0.0,0.0,0.0,0.187323812550829,0.0,0.144532917826895,0.0,0.0,0.0,0.0,0.0094857453864305,0.0,0.0006370903165999,0.0937070019011407,0.0,0.0,0.0,0.0068343266957318,0.0,0.0014690226873749,0.0,0.0,0.433747465524858,0.0786774997243273,0.0,0.0,0.0173319488489909,0.0018121954559432,0.0056272699443587,0.103656110377572,0.22055068726036,0.0,0.0042329586257591,0.0,0.0,0.0018184178750599,0.0007815525400684,0.0011214683318935,0.0,0.0469629555647896,0.0,0.0133387051282752,0.329599349175104,0.0752364548648237,0.0408632126823831,0.0061773961933839,0.0,0.0,0.0,0.0,0.0,0.0,0.0,0.0,0.0,0.0,0.0193475915850416,0.0,0.0,0.0,0.0,0.0,0.0,0.0320211605027582,0.0,0.0,0.0,0.0408357182829363,0.0,0.0,0.0019908462163924,0.0,0.0,0.0,0.0,0.0246905954497887,0.0508678145655122,0.0456960572485965,0.0431015357919457,0.0,0.0,0.0023340371295282,0.0005295547442592,0.0,0.0,0.0,0.0,0.0,0.0983712005889107,0.001878058680845,0.0007927785461638,0.0009212228741335,0.0040740870470399,0.0,0.0,0.0048386813153544,0.0280042014090768,0.0042538571714704,0.0020118521318274,0.405770845132258,0.0,0.0,0.0,0.0,0.0,0.0,0.0,0.0027450718318488,0.0,0.0,0.0,0.0009446170456511,0.0,0.0743912069928202,0.0,0.0,0.0,0.0,0.0,0.0,0.0014232804003275,0.0,0.0007540070896036,0.0071407984761092,0.0,0.0,0.0285168853862897,0.0,0.0,0.0005787848530385,0.0,0.0,0.0,0.0,0.0,0.0,0.0,0.0,0.0,0.0,0.0,0.0,0.0,0.0062294295592132,0.0,0.0,0.0,0.0,0.0020341316371316,0.0,0.0,0.0072855774168659,0.0,0.0,0.0093690019715167,0.0,0.0,0.0,0.0,0.0,0.0006238196358348,0.0034266960314819,0.0,0.0,0.0048081095087864,0.0015698045886999,0.0,0.0,0.0,0.0,0.73900387643853,0.0007877731782549,0.0,0.0,0.0,0.0,0.0,0.0,0.0064469993980414,0.0014910035717333,0.0,0.59787106326753,0.0,0.0075703457490229,0.0,0.0,0.0,0.0,0.0,0.0,0.0,0.0188984167792925,0.0,0.0,0.0,0.0,0.0361644906702677,0.0,0.176395292424434,0.276265404834479,0.0031361209459888,0.0011230141962838,0.0,0.0,0.0,0.0,0.0,0.0,0.0018472443361593,0.0,0.0,0.0,0.0777363066442179,0.0,0.121825299511509,0.0015506955563521,0.0,0.0,0.0,0.0049321765959086,0.0,0.0019424669691656,0.0596872240245886,0.0,0.0005625202992425,0.0,0.0036158232395389,0.0,0.0009717457531534,0.0,0.0011557191380223,0.226634292768681,0.0,0.0,0.0,0.0054728119587575,0.0,0.0007280690936729,0.11600799648939,0.0752828406518718,0.0,0.0025202290939583,0.0,0.0,0.0034875603500711,0.0,0.0,0.0,0.0218671903175307,0.0,0.0021820239993229,0.184519064987604,0.0524521773058681,0.0282395238697426,0.0146942187639025,0.0,0.0,0.0,0.0,0.0,0.0,0.0,0.0,0.0,0.0,0.0119049861656393,0.0,0.0,0.0,0.0,0.0,0.0,0.0,0.0,0.0,0.0,0.0182312712088112,0.0,0.0,0.0,0.0,0.0,0.0,0.0,0.0328886239439378,0.0436046294507825,0.0566393228322624,0.059586692359149,0.0,0.0,0.0010818741862501,0.0007218777142876,0.0,0.0,0.0020262515227297,0.0,0.0,0.0,0.0031752174500082,0.0,0.001710380726769,0.0,0.0,0.000755229746636,0.0,0.0,0.0067387731328092,0.0,0.0132631404340435,0.0,0.0,0.0,0.0,0.0,0.0,0.0,0.0,0.0,0.0,0.0,0.0,0.0,0.0022549491053224
GU,0.0,0.037294728048559,0.0090739670508042,0.0,0.0,0.0010263227984589,0.242792639286506,0.340111008019641,0.0692774004351626,0.0,0.001098702709088,0.0013078252188035,0.0,0.0,0.0,0.0,0.0067258692719363,0.0,0.0,0.0,0.0,0.0,0.0,0.0,0.0178567574459824,0.0,0.0,0.0,0.0,0.0,0.0402176467297212,0.0,0.069575307976103,0.0,0.0517487906162256,0.0,0.0,0.0,0.0,0.0,0.165014136628109,0.0,0.0,0.0,0.0,0.0301295524487748,0.137143228709053,0.103346969532199,0.0,0.0,0.0,0.0,0.0,0.0,0.0295298962373203,0.0,0.0,6.63187461565773,0.0,0.0,0.0,0.0,0.0,0.0685654839985895,0.0,0.0,0.0248080654300113,0.0,0.0,0.0,0.0028463325518048,0.0006219098780852,0.0018730731163198,0.0,0.0,0.0,0.0,0.0011972796197734,0.0,0.0,0.0,0.0,0.0,0.103393961876461,0.0,0.0,0.0147330228761076,0.0064200746067166,0.0,0.00989784663361,0.0005545966259912,0.0610789199182769,0.201911035194915,0.0,0.0,0.0,0.0,0.0,0.0,0.0,0.0,0.0730398305491272,0.0,0.0016865814903916,0.0016057912169543,0.0,0.0114059620903011,0.0,0.0,0.0,0.0258099202259999,0.0068869878917337,0.0770995679839994,0.0033896432390085,0.0066322443683686,0.0,0.0094086812430097,0.0,0.0,0.0,0.0,0.193270902206086,0.0084768322781067,0.0,0.0,0.0,0.0,0.294264812740964,0.0,0.0029940358578987,0.177368185105492,0.0,0.0623403146313603,0.0,0.0,0.0112726721556523,0.0016680430603746,0.0,0.0,0.0,0.0,0.0,0.0068322731522265,0.0,0.0180310609201009,0.0106887168710981,0.0,0.0,0.0,0.0,0.0010165131817615,0.0,0.0,0.0694837661602495,0.0399433566214368,0.0297855401544919,0.101492380804248,0.0,0.0,0.062223417558125,0.0035968765151061,0.0,0.0,0.0028692811603278,0.0,0.0,0.0,0.0,0.0026460795217441,0.0,0.0,0.0,0.0,0.0,0.0,0.0,0.0,0.0,0.0,0.0,2.18395553012255,0.0,0.0220786345888579,0.0,0.0,0.0,0.0431604262939029,0.0,0.0020703800662975,0.0648694753995616,0.169857824445638,0.0,0.0287894675238216,0.0009568694186423,0.0008931319529664,1.89785287640655,0.0031538235432635,0.0,0.0172614105282183,0.0820888411955606,0.0039907449208733,0.0011015119268371,0.0632588386599138,0.000566592513437,0.0021187374505546,0.0897334456904846,0.705715163386894,0.0,0.0,0.0055583762738223,0.0023221217517716,0.0437847496569004,0.0,0.0,0.00086781614214,0.0,0.0,0.0,0.0,0.0,0.0,0.0,0.0,0.0,0.0,0.0080365567060675,0.0,0.0,0.0,0.0020209046739899,0.0,0.0,0.0,0.040661475344381,0.0,0.0172235547469196,0.0,0.0,0.0,0.0,0.0,0.0185968764018709,0.0174238393724246,0.111267131329756,0.0,0.0,0.0,0.0,0.0,0.613335180118462,0.0,0.0,0.0252067365429758,0.0,0.0,0.20720337067932,0.0766414877634676,0.0,0.0,0.0,0.0,0.0,0.0,0.0,0.0,0.0,0.0,0.0,0.0,0.0,0.0,0.0,0.0264709942359786,0.0,0.0,0.007582008822926,0.0,0.0,0.0,0.0075199428047767,0.0045339642075772,0.0010187786864537,0.0,0.0108415096594063,0.0011842479845092,0.0,0.0020570240828521,0.0,0.002909217502878,0.0,0.0,0.0,0.0570989714750416,0.0,0.0,0.137316901784435,0.041745057685759,0.0,0.0174643418932685,0.0046492801419809,0.0865197969181078,0.102959604196933,0.0,0.0,0.0011321339777887,0.0,0.0005641977686432,0.0,0.0,0.0,0.0705138848889081,0.0,0.0,0.0058609382935248,0.0038142551039616,0.0027259699234483,0.0,0.0,0.0,0.0234842698730054,0.0025316093988489,0.0857068453230539,0.0086462164006472,0.0194805552976781,0.0,0.0535506318917041,0.0,0.0,0.0,0.0,0.0167489513324203,0.0,0.0129878678567305,0.0,0.0,0.0037662885100602,0.0836426403982622,0.0,0.0,0.01262877974125,0.0,0.136636807045319,0.0,0.0,0.0366852790230798,0.0012149864574773,0.0,0.0,0.0,0.0,0.0,0.0,0.0,0.0143454893119496,0.0191788639785231,0.0,0.0,0.0,0.0,0.0,0.0,0.0,0.0177498570114918,0.0649570087961292,0.0608925227125126,0.0015654496354233,0.0,0.0140430121787263,0.023542824923228,0.0,0.0,0.0,0.0,0.0024011059105502,0.0195371330785545,0.0,0.0,0.0,0.0,0.0,0.0,0.0,0.0,0.0,0.0,0.0,0.0,0.0,0.0,0.0,0.0,0.0375471875460282,0.0,0.0,0.0,0.0434626888247342,0.0,0.0060173529933762,0.276085983044158,0.0665640197019644,0.0,0.0024356564841628,0.0012804099643592,0.0,0.0,0.0,0.0,0.0078730130292487,0.0613113717320204,0.0024677168493162,0.0014837637971965,0.0020465837669438,0.0,0.0,0.0058203135232542,0.0802036371814441,0.0,0.0
IA,1.77420713663181,0.0,0.0,0.0,0.0,0.230948604130506,0.0,0.612366417300309,0.0,0.0010986144602877,0.0070302884983989,0.0056766672670239,0.0,0.0,0.0,0.0166758184975779,0.0382458746264664,0.0,0.0,0.0,0.0,3.94581696188316,5.08625782980392,4.08261811223214,1.26439342403983,0.0033013941791763,0.162993792613303,10.3480111461276,0.0,0.0028826893326197,0.0,0.0087352008573175,0.0242207867420755,0.404733998114296,1.57076824988981,0.0,0.0010232189165239,0.0,0.0153764289202897,0.0,0.0026028804131307,0.122860427445274,0.0,0.0,0.001549708646775,0.459232916995039,2.69822745845415,0.473106018335537,0.680170372640768,1.49085168262796,0.0,0.0,0.0,0.667586203425432,0.0559558135240914,0.086785941045364,0.0141545944854039,0.0,1.17198684176,0.0,0.0,0.0013438419947711,0.0,0.0371044577815186,0.0,0.0,0.0,0.0552642432841289,0.741185386128178,0.0,0.0,0.0,0.0,0.0374227349303487,2.03289019900817,0.0019821013471722,0.588547020260725,0.0,0.0032821744220693,0.160815510550983,0.3176852542863,0.423390345283386,0.0043523283086819,0.134008496551025,0.0,0.0,4.72262465800081,0.0,0.0008801455719337,0.0,0.0046692730826018,0.0037966555695195,0.0,0.0,0.0,0.289073705591701,0.508932752532388,0.0,0.739791273979253,0.0211657591992516,0.0375065242503825,0.444474121373725,0.0,0.0,0.150166064430643,0.0,0.0,0.0090736332685769,0.223173707159038,0.0,0.0,0.0,0.0,0.807773512341982,0.878905089603028,0.355061589900108,0.0191969209192181,0.177470550597115,0.267615040384197,0.0071117049796242,0.180096339463334,0.0122007662108756,0.0,0.0,0.0,0.0,0.190914451294956,2.64149480693325,0.0,0.0166743772325661,0.0,0.0094371072528083,0.0,0.0,0.122258578063785,0.0006471975417126,0.0,0.0381169183854907,0.0291129631844877,0.0006184034708906,0.0,0.0295534113918651,0.0,0.0779058786730377,0.122704260232051,0.0034708324979169,0.0235814283661605,0.0,0.103206056536762,0.0430456975527258,0.0034870152369641,0.0101208944233044,0.0162009853124222,0.0,0.0,0.0,0.278024020081578,0.0269541106651474,0.0276788589676905,0.0,0.0039455065118599,4.72229654821788,0.0,0.0066133575270386,0.0,0.0,0.0,0.033667493526799,0.0049043882845249,0.0372055669732855,0.0009676219993893,0.0,0.0,0.0101828267195165,0.0,0.0,0.0,0.0,0.0,0.0,0.0,0.0020716311731772,0.0752676308042039,0.0339373375135453,0.0,0.0,2.35142988482952,0.0077333668952655,0.0022350427605559,0.0,0.315757563914122,0.0201082259239817,0.0,0.0,0.0,0.0,0.0,0.0,0.0,0.0,0.0,0.0,0.0053672260058904,0.297284315545213,0.0,0.0,0.0076707670267362,0.118138845384015,0.0006168124048141,0.0,0.0,0.0,0.0,0.0,0.0019264436304584,0.0,0.0,0.0,0.0,0.0,0.0,0.0,0.0,0.0,0.0,0.0042871885108173,0.0,0.0,0.0,0.0,0.0,0.028536849041431,0.244147754588683,0.0,0.0,0.0,0.0,0.0,0.0,0.0,0.001976058820106,0.0105250627530023,0.0,0.0,0.0,0.0,0.0,0.0,0.0,0.0,0.0022117336617012,0.0,0.0,0.0,0.0,0.0,0.0,0.0,0.0,0.0,0.0,0.0,0.0,0.0,0.0,0.0,0.0,0.0025027865742571,0.0,0.0,0.0,0.0,0.0143958489316127,0.0,0.0,0.0,0.0,0.0,0.0,0.0,0.0,0.0,0.0,0.0093222131178644,0.0,0.0035102590681024,0.0,0.0,0.0032784745872462,0.0034025626770642,0.0,0.0005413427383173,0.0148078931336885,0.0,0.0,0.0009394520622263,0.0,0.0,0.0,0.0,0.0,0.0,0.0,0.0,0.0074671144513399,0.0096073000395553,0.0,0.0087163504482982,0.0026801191801209,0.0,0.0,0.0,0.0,0.0,0.0,0.0,0.0,0.002504487568884,0.0,0.0,0.0,0.0,0.0390127351643572,0.0,0.0442236971001167,0.0,0.0,0.0,0.0008563492864714,0.0,0.0021719898512736,0.0,0.0,0.0,0.0,0.0165738103649987,0.0,0.0,0.0030960929557074,0.0,0.0,0.0,0.0,0.0009257916890905,0.0,0.0,0.0008193101148276,0.0,0.0,0.0,0.0040227150417634,0.0,0.0038453343134553,0.0320720873006906,0.0,0.000591285195506,0.0,0.0333632492317893,0.0211379676595757,0.0022998726102355,0.0,0.0,0.0,0.0,0.0,0.0,0.0005672065422887,0.0005590364678149,0.0,0.0,0.0,0.0,0.0005816265814302,0.0,0.0,0.0,0.0062236628974207,0.0,0.0,0.0,0.0005827079977023,0.0,0.0,0.0,0.0,0.0,0.0,0.0,0.0,0.0,0.0,0.0093353510873675,0.0,0.0,0.0,0.0,0.0,0.0,0.0,0.0028268778676141,0.0,0.0,0.0,0.0,0.0,0.0,0.0,0.0,0.0,0.0,0.0,0.0006957053314881,0.0092519670183412,0.0,0.0,0.0015202224023075,0.0021974821691381,0.0
ICc,0.0,0.0006596451935725,0.0043912543339522,0.0,0.0,0.0,0.0039355428938069,0.0015437181878766,0.0044685773669144,0.0,0.0,0.0,0.002501807258092,0.0,0.0,0.0,0.0009252993518567,0.0,0.0,0.0,0.0,0.0,0.0,0.0,0.0006677683877007,0.0,0.0,0.0,0.001303055984483,0.0,0.0,0.0,0.0,0.00052805640237,0.0018697343843513,0.0,0.0,0.0089435535157563,0.0,0.115990878638451,0.0127622852649211,0.0,0.0,0.0005221395360314,0.0,0.0,0.0009842334261078,0.0047436510302144,0.0,0.0,0.0,0.0,0.0,0.0,0.0,0.0,0.0,0.0040239141141186,0.0,3.03563530410502,2.88867210231284,4.28766325665098,0.0015936831171406,0.0,0.0,0.0,0.0022496816020358,0.0,0.0,0.0007932926195975,0.0,0.0005643606337594,0.0,0.0,0.0,0.0,0.0,0.0014734753133611,0.0,0.0,0.0,0.0,0.0,0.0,0.0006644963432137,0.0,0.0007161722927438,0.13206087093117,0.159057530544148,0.269264383036222,0.0,0.0026520172267403,0.0016664053639893,0.0022270860984267,0.0011184532611769,0.0,0.0,0.0,0.0,0.0010388220493246,0.0,0.0078725077657769,0.0,0.42355608149999,0.0,0.0020311871924885,0.0,0.0,0.0,0.0,0.0018575423884061,0.0,0.0183754662455527,0.0,0.0028506167735534,0.0,0.0022453614774339,0.0,0.0,0.0,0.0,0.0,0.0119556494072348,0.097053433392344,0.0,0.0,0.0,0.0168052946275525,0.001110312253699,0.0,0.0,0.0,0.0014281832319407,0.0,0.0,0.0008381648249559,0.0,0.0,0.0,0.0,0.003033658178222,0.0,0.0,0.0,0.0,0.0,0.0,0.0,0.0,0.0,0.0,0.0,0.0,0.0,0.0011016342626249,0.0030019196035116,0.0,0.0,0.0,0.0,0.0,0.0,0.0037555893948389,0.0,0.0,0.0015420883623145,0.358271179348008,0.0,0.0,0.0,0.000889251865447,0.0,0.0,0.0,0.0019438643611255,0.0,0.0079991560538205,0.0030627600031945,0.0,0.0,0.0090151247313491,0.0,0.0005605163516778,0.0,0.0007086338114988,0.0,0.0016918873486026,0.0,0.0,0.0120914073065915,0.0096669171696833,0.0,0.0,0.097078907739077,0.0011724650826086,0.0005660026165769,0.0,0.0,0.0,0.0,0.0,0.0,0.0,0.0,0.0,0.0,0.0,0.0,0.0,0.0,0.0039892577825703,0.0106300425125233,0.0,0.0,0.0,0.0009855032236641,0.0,0.0008913375362891,0.0,0.0,0.0,0.0,0.0,0.0,0.0,0.0,0.0,0.0,0.0,0.0,0.0,0.0,0.0,0.0005574699526418,0.0,0.0021901115429077,0.0,0.0009039423346466,0.0,0.0,0.0,0.0,0.0023475410843255,0.0,0.0,0.0,0.0036796461341398,0.0,0.16736584835658,0.0595887504097798,0.0,0.0,0.0051406899494884,0.0,0.0,0.0019685476858839,0.004519217011237,0.0,0.0,0.0037085515862313,0.0,0.0,0.0,0.0,0.0,0.0023700346444461,0.0006450276905229,0.0,0.821204203462315,1.23882824086872,0.84293261010978,0.0074869652483235,0.0,0.000529227611902,0.0,0.0,0.001084240363105,0.0,0.0008527088450166,0.0,0.0026411326548486,0.0,0.0,0.0,0.0,0.0,0.0025444163869173,0.0,0.0,0.0,0.0,0.0,0.0,0.0009465623505223,0.0015804076742494,0.0119500430816229,0.0353619954964271,0.0250703327341315,0.069188557700395,0.0,0.0017272130624126,0.0082750414307582,0.0,0.0020329363275711,0.0,0.0,0.0,0.0,0.0044149850948239,0.0034722799282427,0.0083922165953049,0.0,0.0088957710785031,0.0016672083485029,0.0016981209112646,0.0,0.0,0.0,0.0005595921522334,0.0046532737972457,0.0020936303092786,0.0080926301097411,0.0,0.005207202061734,0.0,0.0035970565702071,0.0011901958073659,0.0,0.0,0.0,0.0,0.0042328697445056,0.0132932990730945,0.0,0.0007198030898819,0.0,0.0049321607349662,0.001866751298305,0.0,0.0,0.0,0.0079345531303292,0.0,0.0,0.0045219205869941,0.0031254055483849,0.003011107870713,0.0,0.0,0.0,0.0,0.0,0.0,0.0,0.0,0.0,0.0,0.0,0.0,0.0,0.0,0.0,0.0,0.0020461798949169,0.0032194066608198,0.0,0.0,0.0,0.0,0.0,0.0,0.0012103756377892,0.0,0.0,0.0012404523399999,0.109583066277991,0.0,0.0,0.0,0.0,0.0,0.0,0.0,0.0,0.0,0.0,0.0,0.0,0.0,0.0009286360516658,0.0,0.0,0.0,0.0010576716515661,0.0,0.0005133621375162,0.0005583060546291,0.0,0.0279056519165282,0.0,0.0,0.0,0.0998337591834233,0.0,0.0,0.0,0.0,0.0,0.0009404133481192,0.0023569261335647,0.0,0.0,0.0,0.0,0.0,0.0,0.0,0.0
ICd,0.0,0.0,0.004063518507045,0.0,0.0,0.0,0.00153447819281,0.0008170295990833,0.0025340833308323,0.0,0.0,0.0,0.0143719520705979,0.0,0.0,0.0,0.0,0.0,0.0,0.0025314474154434,0.0,0.0,0.0,0.0,0.0,0.0,0.0,0.0,0.014314857956184,0.0,0.0,0.0,0.0,0.0,0.000665596281799,0.0021056621255787,0.0171379397190532,0.0322139378075786,0.626053179594277,0.0326767876510543,0.0,0.0,0.0,0.0,0.0,0.0,0.0,0.0,0.0,0.0,0.0,0.0,0.0,0.0,0.0,0.0,0.0247510560949856,0.0016031660547916,0.0,1.60929176785288,3.67792815347579,4.07509152794607,0.0008827657941941,0.0,0.0044140497968204,0.0,0.0008136552969369,0.0,0.0,0.0,0.0,0.0015172918105668,0.0,0.0,0.0,0.0907965639426225,0.0,0.0064042714268268,0.0,0.0,0.0,0.0,0.0775461775237021,0.0,0.0,0.0072545782465742,0.0012554844950841,0.111488885873439,0.29124499639423,0.221302216717979,0.0005299627472924,0.001617686919043,0.0147210038928738,0.0,0.0012583921961706,0.0,0.0,0.0022800873808908,0.342658377169029,0.0,0.0,0.0,0.0,0.191077232286874,0.0,0.0014449367094908,0.0,0.0234920103939683,0.0,0.0,0.0009812956945183,0.0,0.0110218198127253,0.0,0.0013537278531102,1.74115373781829,0.0,0.0,0.0144557208539044,0.0,0.0,0.0,0.0105758311343373,0.0933658089824852,0.0,0.0086137179348007,0.0,0.0088513830051908,0.0008891196547229,0.0,0.0,0.185312918524081,0.0020485224898462,0.0240862250621796,0.197437543612756,0.0,0.0098406751529033,0.321548343292485,0.564228999064379,0.0,0.0005772089079311,0.0,0.0,0.0,0.0,0.0,0.0,0.0,0.0,0.0,0.0,0.0,0.0178827309750751,0.0,0.0019990004365865,0.0025796551244875,0.0,0.0,1.21023379117094,0.212411210957706,0.0,0.0,0.0075815218755065,0.0,0.0,0.0,0.115394041951526,0.0330973649863873,0.0112384374620423,0.0496057542886651,0.0,0.0,0.0021284920555941,0.0,0.0014298506771103,0.0,0.0023286598658104,0.0016337054862736,0.0006663608535142,0.0,0.0078071871668679,0.0,0.0,0.0,0.0,0.0,0.0,0.0731489165828695,0.0,0.0069049778940981,0.008394463765316,0.0,0.0,0.0240657991442877,0.0,0.0,0.0,0.0,0.0,0.0,0.0,0.0,0.0,0.0,0.0,0.0052892937946499,0.0014328859778308,0.0,0.0,0.0,0.0025236215362548,0.0057699434380491,0.0,0.0,0.0,0.0005796674807837,0.0,0.0009720961006458,0.0,0.0,0.0,0.0238588948814192,0.0,0.0,0.0,0.0,0.0,0.0025211150267365,0.0023350689727852,0.0,0.0,0.0,0.0,0.0,0.0,0.0,0.0,0.0,0.0,0.0,0.0015852235098809,0.0,0.0014077438382283,0.0,0.0017116132409403,0.0032433465035668,0.0085141425824697,0.203759210958458,0.0516849438035788,0.0229284350256045,0.0,0.0,0.0028776858230693,0.0,0.0,0.0,0.0015485840174489,0.0,0.0,0.0,0.0,0.0,0.0,0.0,0.0,0.0,0.0,0.0,0.2513221605381,0.979717318129505,0.35309903139394,0.0041081856680164,0.0,0.0,0.0,0.0,0.0,0.0,0.0,0.0,0.0,0.0,0.0,0.0,0.0085587890432512,0.0,0.0037666356982598,0.0,0.0,0.0,0.0,0.0171965011975939,0.0,0.0,0.0,0.0055017596635539,0.0075911858394703,0.0183287269555262,0.0008180397286678,0.0,0.0008599485791553,0.0102871530035022,0.0,0.0013637321214609,0.0,0.0,0.0,0.0,0.0,0.0,0.0,0.0,0.0051633155918266,0.0007963124463992,0.0008422550914559,0.0,0.0104398267106219,0.0,0.0,0.0014902227643704,0.0012538681270968,0.0064608116323459,0.0,0.0029485155765832,0.608099401428311,0.0017622557352769,0.0,0.0,0.0,0.0,0.0,0.0071137667768891,0.0071007216342822,0.0,0.0,0.0,0.0021102606743508,0.0010570002690374,0.0,0.0,0.0022219775791464,0.0126960040196264,0.0027203195354027,0.0100158994711378,0.0067638115465257,0.0135340497364358,0.0006666552431295,0.0064290434103616,0.0,0.0,0.0,0.0,0.0,0.0,0.0,0.0,0.0011030467134103,0.0,0.0,0.0,0.0,0.0013168281244829,0.0,0.0016632577135461,0.0025884201968038,0.0,0.0,0.552340537418011,0.0314306758284685,0.0,0.0,0.0093674488123889,0.0,0.0,0.0,0.0276253226812833,0.0028936897825799,0.0019617495601397,0.0029602458655139,0.0,0.0,0.0,0.0,0.0,0.0,0.0,0.0,0.0,0.0,0.0011867337921298,0.0,0.0,0.0,0.0,0.0,0.0,0.0,0.0009910424184525,0.0172879737550005,0.0,0.0,0.0,0.0214030772360771,0.0,0.0,0.0,0.0,0.0,0.0,0.0012850240164825,0.0,0.0,0.0,0.0,0.0,0.0,0.0,0.0
ICe,0.001114464324043,0.0,0.0007326906095713,0.0,0.0,0.0258906909546665,0.0,0.0,0.0,0.0,0.0005514366040019,0.0,0.0,0.0,0.001507453571424,0.485624080963316,0.0,0.0582904851376667,0.103864823115625,0.0383980108228831,0.0006881764463793,0.0,0.0,0.0019607843184091,0.0005779201308677,0.0,0.0006738832585702,0.0054273532998289,0.0052272579098117,0.0126616498967649,0.0,0.0070829525502241,0.0039799137757224,0.0,0.0,0.0535544695283429,0.0026757955122778,0.0018570361898768,0.502280780508134,0.0,0.0244213704840982,0.0046496749638472,0.0,0.0,0.0064305026838538,0.0025194041195415,0.0,0.0,0.0,0.0,0.0,0.0,0.0,0.0,0.023827602100529,0.0056584880005827,0.0077758591850688,0.0,0.0,1.94244754052732,0.888308329640813,3.37994338358129,0.0,0.0043955438013231,0.0021429829506924,0.0006565351544639,0.0008494298351505,0.0016509786155593,0.0035381685659792,0.0006959575936661,0.0065330363043167,0.0099877288981238,0.007216919812674,0.0169275891523317,0.061158860686941,0.293033248947286,0.0008842364318675,0.0007988959583467,0.0,0.000687265966867,0.0,0.0011295604469734,0.0225451866521211,0.0150891861976118,0.0,0.0,0.0054447659389538,0.140522370420229,0.443451702568229,0.455484410509329,0.0031850599424139,0.0,0.0131630168850941,0.0,0.0,0.0012707908948025,0.0015555200868392,0.0108023093696056,2.13769980715343,0.0,0.0,0.001262145570549,0.0016115729445159,0.463076731025476,0.0,0.0,0.0309231108161679,0.0737379888798223,0.0,0.0,0.0,0.0,0.0,0.0,0.0,2.13669715532497,0.0,0.0006570109620257,0.0734679161872499,0.0172023000267127,0.0,0.0575038812177004,0.0,0.158660451748357,0.0,0.0114015892576695,0.063034882892442,0.0008805027621717,0.0,0.0,0.0798424627848387,0.401171095797828,0.0043022456098031,0.0494633359275104,0.456773014899718,0.0,0.0,0.299699590089631,0.468794158777712,0.0,0.0045818828264466,0.0007314495461672,0.0,0.0021200275017703,0.0101703482505957,0.0,0.0,0.0,0.009445897469114,0.04490998802235,0.0021807294458389,0.0516926867505407,0.0099105204136021,0.0011202753505798,0.0007788339232125,0.005580665677016,0.0339187229688308,0.0033877583735663,7.62948779881612,1.27860509173393,0.0,0.0242249730569737,0.0,0.0052309570162996,0.001771105033165,0.0471576741469526,0.243907951535134,0.0541868598382262,0.0348892619097544,0.108338335718444,0.0,0.0,0.0,0.0007193943850116,0.0038275450628759,0.0021764207397915,0.0,0.000755160546774,0.0011098074111093,0.0037039817249058,0.0182808978428934,0.0,0.0010485099720415,0.0075910329256393,0.0021988731943854,0.0212383268508411,0.0,0.0783787404518965,0.0008137569046705,0.0,0.0085740776352221,0.0,0.006684895491975,0.005475209246584,0.0089760226576954,0.0021948061727104,0.0032159118657615,0.0,0.0,0.0052287007316586,0.0,0.0,0.0439107722529316,0.0065824581666738,0.109467894013549,0.158115944901989,0.0468993143531258,0.0155821517523677,0.0,0.0,0.0,0.0005475839118487,0.0,0.0,0.002487985497976,0.0,0.0,0.0,0.0,0.0006501379539871,0.0,0.0283342303950396,0.0,0.0,0.0037839733071557,0.0,0.0,0.0017521412167618,0.0,0.0,0.0,0.0,0.0,0.0,0.0,0.0047434550607457,0.0,0.0,0.0005645454504375,0.0,0.007481744447529,0.0019673014429106,0.0,0.000894038821416,0.0079682198257683,0.0036517077457599,0.0029843599776231,0.0695272553827901,0.0,0.0071347308685656,0.0007098495617567,0.0,0.0,0.0014228360569726,0.0,0.0,0.0,0.0006258237701145,0.0,0.0015579023100036,0.0,0.0,0.0,0.0012038638174457,0.0,0.006768065461997,0.0,0.0,0.0364103779791929,0.260230954352389,0.360095342739577,0.0,0.0023082397018763,0.0,0.0,0.0,0.0013452413217838,0.0,0.0009266845826723,0.0,0.0119507636663385,0.0010844366219808,0.0018544538877663,0.004869852165522,0.0233991018041458,0.0,0.0,0.0,0.0,0.0,0.0,0.0065259164939311,0.0015750810728091,0.0,0.0,0.0,0.0059448358046652,0.0232839317955633,0.0162959571212994,0.005604677465119,0.0,0.0076978854054896,0.0,0.0,0.0,0.0,0.0013721891558552,0.151135106490089,0.0,0.0,0.0018004687701525,0.0011595710895611,0.0267751955800733,0.0,0.0,0.0045926732863999,0.0206281428918578,0.0,0.0,0.0,0.0,0.0014621596828385,0.0,0.0,0.530436617064946,0.0,0.0,0.0047555796518808,0.0030255606635455,0.0,0.002529390701452,0.0,0.0015319839680473,0.0,0.0023937095087788,0.0135490929826182,0.0016240217388283,0.0,0.0,0.0009541459687114,0.0114684633945929,0.0086937364761313,0.004326871720003,0.0461468765198193,0.0023772141013695,0.0,0.03634205292222,0.0414389795278606,0.0,0.0,0.0,0.0,0.0,0.0059723850785472,0.0,0.0,0.0,0.0040587353939025,0.0251599909862662,0.0038389780403833,0.0053889964799848,0.0048263852501891,0.0,0.0037169476349466,0.0094085752262836,0.0009885002253085,0.0007603965231265,1.55694687261477,0.252805127614345,0.0,0.0016093648485267,0.0026236235853674,0.0134336190565632,0.0,0.00087519549943,0.0142475197441861,0.0150591683141776,0.0093523802114028,0.0066147355719814,0.0,0.0,0.0011896133616434,0.0,0.0,0.0,0.0,0.0,0.0,0.0,0.0017209634105362,0.0,0.0012593463569653,0.0,0.0,0.0,0.0,0.0047652907410207,0.000724652022013,0.0,0.0017288058324569,0.0,0.0,0.0,0.0068496448952974,0.0,0.0,0.0,0.0,0.0,0.0,0.0,0.002842691817874,0.0007555409002509,0.0,0.0,0.012466174130653,0.0025180887508539,0.0
ILA,0.0,1.71208799216699,2.34383775204808,0.607439872533183,0.0529858003838377,0.73160419009725,0.0,0.0,0.0,0.0,0.199782756378103,0.157745989614401,0.0025787937850384,0.0,0.0,0.110992485014972,0.0318553691881164,0.003180400086555,0.0019129201770877,0.0089351951165399,0.114510232749035,0.0,0.0,0.900180294581247,0.0874765999897165,0.0057257272684333,0.0155996498738537,0.0,0.0063881498877376,0.0482442536525961,0.367320000065057,0.0112543467311657,0.0808437752401941,0.0,0.0,0.881513423224056,0.0964103151795129,0.0028684167345383,0.0275976048648125,0.0,0.114493084800452,0.282682484810754,0.0,0.737290698550193,0.0317239676315424,0.0097140628131059,0.0,0.0652305715979883,0.0,0.0,0.0,0.0,0.0,0.0,0.0093397221014018,0.0005344750803984,0.0,0.0097196406375495,0.0,0.0009791750652089,0.0130660790771726,0.029864341269811,2.87316317945644,0.0505036430021484,0.0,0.0,0.120552968522476,0.0,0.0,0.0,0.183829577931365,0.0287194098249897,0.0290927134855948,0.17925898904181,2.53785403104906,0.164598200011907,0.666953879907769,0.0,0.0016873591892525,1.48941282930388,0.279099894852432,0.0,0.0,0.454832981582464,0.0,0.0,0.444266569125137,0.0012541574101524,0.0136178261224484,0.0055518274395497,0.121605910862307,0.143614076639021,0.0,0.0911094660203402,1.01003125335087,0.2555292430949,0.623934926422055,0.0111079850987026,1.00552014391865,0.267928322994743,0.0012895431004595,0.741448331269874,0.0133643764355644,0.0008906254088147,0.0,0.0,0.0087474710048772,0.247472950096509,0.0,0.0,0.360198802529368,0.237502364129543,0.0,0.0089139515839558,0.0,3.03981775753872,0.0013581351454859,0.0,0.0178312081513069,0.094532042055242,0.0,0.0571834411302394,0.0050267291550268,0.159767662329523,0.0,0.0,0.921630871300268,0.0,2.44660053218658,0.11803744461993,0.0020010056832325,0.0144024814411613,0.0061731654341385,0.0069936631289686,0.0297943693015104,0.0020608069657179,0.0019762907939506,0.0029432415137848,0.0754175229910784,0.0,0.0035988595787475,0.414502854783323,0.121100782062762,0.131129126472679,0.606167456098619,0.0138905488888569,0.025026958617117,0.0,0.0711211878165979,0.721895721375693,0.0576994981388882,0.0844718820701703,0.0210616043745461,0.351545143295737,0.174251832658922,0.148709899985145,0.254492488455674,0.0845472760152028,1.17848574266457,0.217963359211608,0.0343677501970215,0.387043679152289,0.0027065440314958,0.0,0.0224357428975712,0.0508811789083808,0.0,0.189050586501264,0.0820191675250622,0.0617014295705379,0.0,0.0,0.0,0.0,0.0138878530241876,0.0110075217233951,0.0096150632010278,0.0060091041954868,0.0186292448037343,0.0,0.0289174372961764,0.0073484684806303,0.292560385390944,0.0016357044900476,0.0,0.0548212168547048,0.0,0.0370821124306279,0.0126880570053774,0.294519528827596,0.363646140562851,0.0,0.0227798154853752,0.0,0.0,0.008996923923317,0.0165561762169007,0.168891527423843,0.0241007649818524,0.127544865771836,0.0128125938109901,0.0806671184497612,0.420677814760562,0.12421986731493,0.0622774479455794,0.0071206190894054,0.0600900963086827,0.196799631285358,0.0,0.0017436426517814,0.0,0.0,0.104542181921199,0.0260452443300389,0.209526023841522,0.0,0.0301641663304806,0.0,0.0,0.0962188359589988,0.0626420771775304,0.0022027319480294,0.0,0.078498565059195,0.0084026325415436,0.0033642315280793,0.0,0.0,0.0,0.0260218936278136,0.0023149279911097,0.0010309793460148,0.0776366659068713,0.0015134651639336,0.0,0.0028848563415888,0.0029647988303573,0.0,0.0104275978385155,0.127833048380872,0.0057127893066904,0.0531262982428352,0.0049521339082979,0.008235124835955,0.0,0.017925939183117,0.0008105278791939,0.0033253191575337,0.0,0.0452125849495886,0.0704052865227344,0.0,0.028429526054926,0.007171317628038,0.0133212820988236,0.0709198739141865,0.01524067220104,0.0087847357095283,0.0007234788997173,0.0,0.0,0.0,0.0,0.0,0.0,0.0005882486894463,0.0,0.0,0.0,0.0019880551086189,0.0023629270289202,0.0894496595446924,0.0404485014814808,0.0,0.0,0.0266528193425908,0.000584764467384,0.0,0.0,0.0442342422684539,0.0025997578521772,0.0044506712670386,0.0660671501931537,0.219595568502005,0.0176495662161453,0.0223669773592197,0.0,0.0,0.372247728448949,0.0261655946931767,0.0006495406225131,0.0,0.209755292561537,0.0,0.0,0.0186429095365354,0.0011012312402159,0.0005409672399096,0.0,0.0239751980749244,0.0642421334539285,0.0100708285605583,0.0037836497897909,0.0,0.0319938871710419,0.0618801452870499,0.004863036385543,0.0581173410897228,0.0720904467252391,0.0010701481953245,0.111657411103793,0.0042932128258597,0.0020337831431889,0.0,0.0,0.0013596170657636,0.124686828962383,0.0,0.0,0.0,0.0,0.0,0.0,0.0034055020174495,1.39483297564112,0.0008343013912617,0.0006039025057466,0.0,0.0309977030532929,0.0018679020066704,0.0292372267777624,0.0622746372689368,0.139890022753735,0.0,0.0,0.583849654088336,0.0,0.0613729913286831,0.0892498826839124,0.0,0.0005805383471132,0.0068080997222594,0.0005723440875604,0.0,0.0013939611254076,0.0048711383227296,0.003190447207612,0.0096874308207235,0.0,0.0009026106975143,0.268817565053223,0.0,0.0549192455731231,0.35154400059398,0.002650228223562,0.0031619718441642,0.0,0.0228978882133802,0.55628464145605,0.0453722173765503,0.0033126392655796,0.0022543797824018,0.0043625096583339,0.0070890293255192,0.0067634906992552,0.0637955775408948,0.0068328229613186,0.332067833093965,0.0459577022622079,0.0207565135182789,0.0121779545377479,0.0,0.123601347197673,0.002676931517576,0.0021042960365881,0.001220399656942,0.127101181870985,0.0699063557928562,0.0057550609703649,0.0,0.0,0.0,0.0,0.0,0.0011102851793671,0.0,0.0,0.0,0.0,0.0,0.0,0.133725388343495,0.0015008816539577,0.0,0.007571567469147,0.004333611674837,0.0131935121149027,0.0100192006811198,0.0007412349082156,0.0505079082875468,0.0,0.0042111204367847,0.0013289811766108,0.0,0.000550711490977,0.0,0.001061946314789,0.0,0.0030015487006781,0.0006397467793019,0.000686416816468,0.136787733504626,0.0162348429857825,0.0024471832583394,0.0011107864283061,0.0305375715181759,0.0188259548293645,0.0
IMD,0.0,0.485719667992038,0.223490205202655,0.0,0.0066468509484164,0.0,0.0,1.25617140024851,1.28341774437111,0.0,0.0,0.0,0.0032487805834442,0.0017492410024368,0.0,0.0058719627706519,0.0,0.0010996781844057,0.0,0.0,0.0,0.0,0.0,0.0,0.0,0.0136328563496019,0.0,0.0,0.0,0.0,0.202352288040755,0.0,0.0,0.0,0.0,0.0,0.0,0.0,0.0,0.0,0.0,0.0,0.0,0.0,0.0,0.0,0.0936741472373365,0.0,0.0,0.0,0.0,0.0,0.0,0.0,0.0,0.0,0.0,0.0,0.0,0.0,0.0,0.0014324143385976,0.126537374228011,0.848955107400581,0.0,0.0,0.0,0.0,0.0,0.0,0.014684553124295,0.0,0.0,0.0,0.0,0.0,0.0,0.0,0.0,0.0,0.0,0.0,0.0,0.0,0.0,0.0,0.0,0.0,0.0,0.0,0.0,0.0,0.0,0.0,0.0,0.0,0.0,0.0,0.0,0.0,0.0,0.0,0.0,0.0,0.0,0.0,0.0,0.0,0.0,0.0,0.550134915146489,0.0,0.0,0.0,0.0063348172410264,0.0,0.0,0.0,0.0,0.0,0.0346982497176119,0.0,0.0035702204153064,0.0,0.0,0.0,0.0,0.175393499247916,0.0,0.0,0.0290664285095256,0.0,0.0007865142930027,0.0,0.0,0.0,0.0,0.0,0.0,0.0,0.0,0.0,0.0084084579056445,0.0,0.0566671599352568,0.0,0.0,0.0,0.0,0.0,0.0,0.0,0.0,0.0196061491713585,0.0810808725748437,0.169405586620271,0.0,0.0,0.0,0.0,0.0,0.0,0.0,0.0,0.0032830143250494,0.0,0.0,0.0,0.0,0.0,0.0,0.001433133830534,0.0,0.0,0.0254711431321801,0.0440071796589189,0.0,0.031702924371398,0.0080389080788682,0.0323037692334476,0.279058868465286,0.0010121087727142,0.0,0.0,0.0,0.0,0.0,0.0,0.0,0.0,0.0,0.0,0.0,0.0,0.0,0.311441988472794,0.0,0.0076762163303272,0.0,0.0345938073010075,0.0088692994281848,0.0054866627326194,0.0,0.0,0.0021313754017567,0.0441306698483367,0.0078256405789486,0.0,0.0,0.0,0.0,0.0,0.0,0.0,0.0,0.121579862583844,0.0,0.0198335310269649,0.0,0.0,0.0,0.0,0.0,0.0,0.0,0.0,0.0,0.0,0.0,0.0,0.0,0.0,0.0,0.0,0.0,0.0,0.0,0.0,0.0035759248680405,0.0,0.0,0.0,0.0,0.0,0.0,0.0,0.0,0.0,0.0,0.0,0.0,0.0,0.0,0.0,0.0,0.0,0.0,0.0,0.0,0.0,0.0,0.0,0.0,0.0,0.0,0.0,0.0281455118107731,0.0,0.0,0.0,0.0,0.0126464493139166,0.125285658517705,0.0,0.0,0.0,0.0,0.0,0.0,0.0,0.0,0.0,0.0,0.0,0.0005917875621627,0.0,0.0,0.0,0.0,0.0,0.0,0.0,0.0,0.0,0.0,0.0,0.0,0.0,0.0,0.0,0.0,0.0,0.0,0.0,0.0,0.0,0.0,0.0,0.0,0.0,0.0,0.0,0.0,0.0,0.0,0.0,0.0,0.0,0.0567699138586248,0.0962201368614397,0.0715974055942671,0.0,0.0,0.0,0.0,0.0021488710369754,0.0,0.0,0.0,0.0,0.0,0.0025652241498803,0.0,0.0,0.0,0.0,0.0,0.144693192414197,0.0,0.0,0.0,0.0055198393686936,0.0,0.0,0.0,0.0,0.0,0.0,0.0,0.0,0.0,0.0,0.0,0.0,0.0,0.0,0.0,0.0,0.0,0.0383304629089386,0.0,0.0,0.0,0.0021534194615844,0.0015649983751977,0.0,0.0,0.0,0.0,0.0,0.0,0.0,0.0160382582553237,0.0,0.0,0.0,0.0,0.0,0.0,0.0,0.0,0.0,0.0,0.0,0.0007102793126852,0.0,0.0,0.0,0.0,0.0,0.0,0.0,0.0,0.0,0.0,0.0,0.0,0.0,0.0,0.0,0.0,0.0,0.0,0.0,0.0136144088270429,0.0,0.0,0.0,0.0011544117495374,0.0018163101623856,0.0,0.0,0.0,0.0,0.0,0.0,0.0,0.0
IO,0.0268077268693371,0.0034136120430899,0.0,0.0865103647572878,0.0,0.131160825320695,0.0,0.0,0.0,0.0,0.0028956977104757,0.0034052365330213,0.0,0.0,0.0278455691623119,0.0,0.129335739901366,0.0,0.0,0.0,0.0074794755117273,0.0021724384793757,0.0116158008172685,0.167314829692117,0.0148201606064011,0.0020641420287939,0.029651982260284,0.0414978318170858,1.02380786353541,0.053421183143962,0.002630399753449,0.0216650102440254,0.142955859263974,0.0,0.0,0.0872377600723563,0.300472970748914,0.0,0.24390051450635,0.110826585948509,0.0,0.415370376269158,0.0,0.0221756995720401,0.143534765518149,0.0,0.0,0.0505816622101457,0.0052257288585792,0.0022085338721048,0.0,0.0,0.0,0.0105399606959999,0.0282915969185167,0.0362030129096373,0.0,0.0,0.0018150818192447,0.0223853373094514,0.0214247609885248,0.0534154749457013,0.0054602093738094,0.0418958925034666,1.02137633125901,0.0,0.0544979440100343,1.08795481247964,0.0,0.0,0.0036660604840117,0.0006165509960886,0.0059524649537486,0.0211833494383179,0.725230638213989,0.0170209369572275,0.15635494356946,0.0,0.0101215757805906,0.191251519934535,0.0430336874974369,0.0324614668893874,0.0,0.161530527416762,0.0,2.21994011557412,0.0327922566415296,0.0,0.0126349962533087,0.0,0.0,0.0,0.0,0.0044213051050188,0.0,0.0553543917751343,0.153581328333848,0.0,1.14180519889443,0.156725602326252,0.253052522527268,0.291283266427479,0.0432337822623183,0.220393667839415,0.0,0.0,0.0,0.146126016741109,1.04659066726468,0.0030230940254612,0.0,0.0,0.0,0.0,0.0,3.5143911482544,0.0240665689454773,1.85693122211413,0.904376521961389,0.27648837177618,0.0,0.0,0.0,0.225794598642682,0.0,0.0,0.524165232197378,0.0,0.0018330936243164,0.0191921781764834,0.0,0.020998177166139,0.0,0.0013810710424659,0.279831096648356,0.021895121817052,0.0,0.0,2.39546513637201,0.179361892070373,0.0400348231521485,0.0089474441671923,0.0,0.207404490140118,0.233019589030863,0.0,0.0549226560511083,0.250307900282135,0.134788109908142,0.10840990511057,0.0462298361043897,0.370911000245259,0.0853911293478303,0.0,0.0,0.0,0.0174286461195631,0.0412958526489735,1.4081697621555,0.0174786745690564,0.0465371515216609,0.268182030329675,0.0,0.0108176287393499,0.0116271320224659,0.0,0.694204252672903,0.120267596635797,0.0367347261516115,0.0393860066911576,0.0,0.0,0.0,0.0,0.0,0.0041097602931369,0.0,0.0,0.0065279025959985,0.0,0.0,0.0,0.055075626829353,0.0047297317970683,0.0,0.0,0.0,0.375048700168388,0.0778983458784691,0.0,0.188639313198508,0.0569776141601963,0.0099921649934197,0.238174889476329,1.3295694090262,0.0,0.0,0.0,0.0,0.0,0.0015832940380042,0.0,0.108726725157716,0.0844150790529465,0.0205817969511299,0.0013538181217541,0.0259127450306051,0.159060747562188,0.684073117591105,0.0286606370207457,0.0,0.0,0.104009697674774,0.0007975107291117,0.260104457330349,0.0,0.0,0.0,0.0489426544272949,0.0110032895475015,0.0073229044785692,0.0,0.0,0.0261366669271485,0.126213510647049,0.0418926544666643,0.0027503889516199,0.0,0.0027277505865651,0.0178005935304723,0.0034367099754368,0.015711726277979,0.161489305188146,0.0,0.0,0.0178562273208653,0.080457005955099,1.90191844184631,0.33704647456484,0.0,0.0107960734020094,0.0977203019188925,0.0,0.0,0.0,0.124432376685781,0.0,0.410817201163706,0.196250423957817,0.0,0.203762892400365,0.0284432582511948,0.0013588489890097,0.0675515681012154,0.0,0.0,0.0022367610646317,0.0075217410291913,0.0009084718741841,0.0,0.0,0.0,0.018477600846891,0.0837510298619864,0.0514691706072152,2.46247036579351,0.0,0.0034186656243234,0.0216386997913324,0.0425838584607731,0.436863617329132,0.007275673932221,0.0400906578204105,0.302030538043773,0.0529158821985238,0.0250709799136665,4.12721075599622,0.0,0.0,0.0566656586769892,0.0119344017736129,0.0192927057416553,0.0403771776339268,0.922564499845831,0.25921520620904,0.311425724157379,0.0,0.0172169659872866,0.164146465571004,0.0372393543064244,0.0350327652980639,0.111146647144017,0.429273518820545,2.07661068955683,1.06179323194865,0.0,0.0,0.13083446171436,0.0299880356989513,0.0,0.0,0.0,0.0,0.0,0.0514161407615763,0.235378879432964,0.004791976145256,5.85884259854636,0.0901491478569794,0.409183588970049,0.228729499410983,0.0385768585351732,0.505840700623831,0.0,0.0,0.0108794702262079,0.342820970424755,0.892735058490319,0.0,0.0,0.0,0.0,0.0,0.0,5.79349611679597,0.0,3.11635338351392,1.28755944918673,0.294742291688749,0.0,0.275868693832817,0.0,0.112592318516676,0.343305270046047,0.0,0.624336943118594,0.0,0.0,0.0141669752629646,0.137064994057652,0.183751334744268,0.0,0.022053353446709,1.06741923325253,0.0,0.0,3.15467313377843,3.24384498346509,0.240945758197322,0.0,0.0112296218032105,0.0,0.122772947903616,0.145686311186369,0.0,0.0359219658128305,0.147456659344162,0.121293560900407,0.116920578645445,0.0294792057479696,0.354092153480501,0.202498706913595,0.0,0.0,0.0,0.161702534300075,0.0251232276668837,3.25078776313225,0.13072790043858,0.044990790978675,0.367418167033001,0.0,0.0412647612893711,0.0402516037065471,0.110952907152733,0.692614486734287,0.143072250728159,0.0893602670436482,0.175085365953412,0.0,0.724121700763256,0.75023681607667,0.426754916544131,0.0,0.0,0.0,0.0,0.0030148770341819,0.0,0.0,0.0242647665758677,0.0382138482015926,0.258223017035592,0.0205965017584778,0.0,0.0,0.582058124715899,0.0881492119390528,0.0,0.186430684400768,0.0,0.0964401459208212,0.336586585032806,1.43947623783755,0.0110828899998704,0.0,0.0,0.0,0.0,0.0,0.0,0.385045390938041,0.0696343027196125,0.245423324959516,0.0344905233883609,0.142067991271889,0.112189010230123,0.333775279488679
IP,0.0,0.0,0.0008815322196743,0.0,0.0,0.0,0.0041230386407964,0.0,0.0,0.0,0.0,0.0,0.0120738060104152,0.0,0.0,0.0,0.0,0.0,0.0,0.0,0.0,0.0,0.0,0.0,0.0,0.0,0.0,0.0,0.0123719102833699,0.0,0.0,0.0318239879309764,0.0,0.0,0.0,0.0,0.0078275554948359,0.536651999701341,0.0,0.0,0.0,0.0,0.0087948098062489,0.0,0.0,0.0,0.0,0.0,0.0,0.0,0.0,0.010873387724262,0.0,0.0,0.0,0.0,0.0069750606041932,0.0040561092451768,0.0,0.0,0.0,0.0,0.0,0.0007494352262924,0.0108809712769904,1.52680637028748,0.0,0.0509005709401072,0.0,0.0069605214026567,0.0,0.0,0.0,0.0,0.0,0.0,0.0,0.0062676798776835,0.0,0.0,0.0,0.0,0.0,0.0006558761532318,0.259838768853986,0.002477737389634,0.0,0.0,0.0,0.0,0.0,0.0,0.0,0.0,0.0,0.0,0.0,0.0,0.167697690547609,0.0,0.0241672961170916,0.0020133891993708,0.0,0.0,0.0,0.001106992227338,0.0,0.0,0.0163419590500708,0.0,0.0,0.0,0.000935026982885,0.0,0.0,0.011653094184008,0.0,1.10211540930225,0.319893056339316,0.0026902292682807,0.0,0.0,0.0193384928684209,0.0059432234055796,0.0037721710666012,0.0019381420343721,0.0,0.0037422623049145,0.0,0.0,0.0,0.0,0.0008065602517407,0.0,0.276687440496602,0.0,0.179042962243497,0.0046889725043545,0.0286437163404063,0.0014543573046536,0.11420678623119,0.0,0.0,0.0,0.0,0.0,0.0,0.0067896733317409,0.0,0.0,0.0008739885330205,0.0023204417279833,0.0,0.0,0.0,0.0,0.0,0.0,0.0,0.0,0.0,0.0,0.420789861678096,0.0,0.0,0.0,0.0,0.0,0.0,0.0,0.0244435724584198,0.0061389455829121,0.0843873744954025,0.143630547270064,0.0,0.0,0.0017255556502293,0.0011235243332649,0.0,0.0,0.0026926241681076,0.0,0.0,0.0639111249107251,0.0817350884420714,0.0,0.0,0.0,0.0,0.0006601599998089,0.0024590697032822,0.104321890153372,0.0008446078290591,0.0,0.005427294055681,0.0,0.0,0.0,0.0,0.0,0.0,0.0,0.0007029242569237,0.0,0.0,0.0,0.0,0.0,0.0,0.0,0.0,0.0009259172219115,0.0,0.0,0.0,0.0,0.0,0.0,0.0,0.0,0.0,0.0018106767136666,0.0,0.0,0.34669752275283,0.0,0.0,0.0,0.0,0.0,0.0,0.0,0.0,0.0,0.0,0.0,0.0,0.0,0.0374382380789954,0.0,0.0458407013760602,0.0,0.0,0.0,0.0014927917824186,0.016370861570053,0.0,0.0,0.0,0.0064428295252236,0.0,0.0,0.0005311222657465,0.0,0.0,0.0,0.0007289030153864,0.0,0.0,0.0,0.0,0.0,0.0,0.0,0.0,0.0225585851502851,0.0005988804836681,0.0,0.0,0.0,0.0,0.0,0.0,0.0990158418757599,0.0,0.0,0.0014828829084655,0.0,0.0,0.0009885666496731,0.0,0.0,0.0,0.0,0.0054185517645999,0.0,0.0,0.0,0.0,0.0,0.0,0.0385452166195998,0.0196685547500784,0.0007208431193719,0.0,0.0030131810624836,0.0,0.0005458477923106,0.0,0.0,0.0,0.0,0.0,0.0,0.0,0.0,0.0,1.09299661748977,0.0,0.0,0.0073574209884542,0.0,0.0,0.0,0.0,0.0,0.0086824721684287,0.0,0.0,0.0,0.0,0.0017183350692342,0.0,0.0,0.0292330856798117,0.0006649958164874,0.0008883582863762,0.0033849778783207,0.0,0.0,0.057606595719836,0.0,0.0224461366542411,0.0013123454621174,0.0005900868178634,0.0,0.0009562173593272,0.0,0.0,0.0241607216433585,0.005607470744007,0.0014511195348967,0.0,0.0063927437535911,0.0,0.0007183991191228,0.104238003245838,0.338931197110497,0.0,0.0,0.0,0.0,0.0,0.0,0.0,0.0,0.0,0.0,0.0,0.0,1.53692322549119,0.0,0.0,0.0,0.0,0.0209440002938266,0.0,0.141821353176224,0.0,0.0,0.0,0.0,0.0014073140390761,0.0,0.0018534231537222,0.0,0.0,0.0,0.0301984149236851,0.0,0.0018871178614416,0.0017984082789204,0.0,0.0,0.0,0.0,0.0,0.0,0.0,0.0013600322398347,0.0,0.0,0.0,0.0,0.0,0.0,0.113451803577697,0.0,0.0009269332586035,0.0,0.0,0.569708351543824,0.0,0.0010021811854527,0.0,0.0,0.0,0.0,0.0,0.0,0.0,0.425859082277724,0.0,0.347453471335424,0.0942260839273351,0.0217521889984354,0.0107141688651617,0.0
IPN,0.0,0.0,0.0090792203146025,0.0,0.0,0.0,0.0,0.0005965171995466,0.0,0.0,0.0,0.0,0.0,0.0,0.0,0.0016482022856931,0.0016841969528222,0.0,0.0,0.0,0.0005519611106462,0.0,0.0,0.0031868298003572,0.040032552553797,0.0178818920592376,0.749096942736043,0.0,0.0075240934741481,0.0,0.0,0.0427254451430907,0.0,0.0,0.0,0.0,0.402096800126973,0.0,0.0,0.0,0.227597625534531,0.0128165134929842,0.0,0.0,0.100938058409813,0.0072896096479858,0.157004800628953,0.0366832269005482,0.0,0.0,0.0,0.0,0.0,0.0,0.0,0.0,0.0,0.0,0.0,0.0,0.0,0.0,0.0,0.0,0.0,0.0,1.33053658341119,0.0,0.0,0.0,0.0025291729761958,0.0,0.0032550749154508,0.0511514525797604,0.530216034295326,0.0,0.196302246933672,0.0,0.0648269460091732,0.465158930399138,0.0016373387434921,0.0,0.0,0.0,0.0,0.0,0.0021370080955956,0.0,0.0,0.0,0.0227086888159815,0.0,0.0,0.0,0.0,0.0009427583558395,0.0656706822018738,0.0,0.121504299835254,0.153486652853173,0.0,0.198406187168511,0.136479923995331,0.0,0.0,0.0,0.0,0.0,0.0,0.0,0.0,0.0,0.0570885520825289,0.0046758766944531,0.0,0.178037274008152,0.0009193178101992,0.0,0.0006565415906723,0.410429532534304,0.0129502113189827,0.0,0.0,0.0,0.0,0.0,0.0253780000667935,0.0,0.0,0.0,0.0,0.0,0.0014854090540278,0.0,0.0,0.0011980711438516,0.0,0.0,0.127726297192464,0.0,0.0,0.0,0.0,0.0,0.0,0.0,0.0,0.0,0.0085427780019871,0.0,0.0,0.0184772459101131,0.0026173376376137,0.0,0.0,0.0083015151866039,0.0151062885736265,0.0,0.0,0.0,0.269420794652919,0.0472079113831826,0.0,0.0,0.0016502662311946,0.0101690826456842,0.0,0.0,0.0,0.0,0.0,0.0,0.0,0.0,0.0,0.0,0.0,0.0005138894550076,0.0,0.0,0.0,0.0,0.0806525041114509,0.0,0.0,0.0,0.0,0.0,0.101308956846218,0.0088054055612813,0.0324909280527362,0.0,0.0,0.0,0.0,0.0,0.0,0.0,0.0,0.0,0.0,0.0,0.0,0.0,0.0,0.0,0.0,0.152934519355814,0.0,0.0,0.0,0.0,0.0116092208471561,0.0009615594374433,0.0,0.0,0.0,0.0,0.0,0.0,0.0,0.0,0.0,0.0,0.0017203660628225,0.0031978968879777,0.0,0.0,0.0,0.0011261951429626,0.0,0.0,0.0016539556225959,0.0735260717591737,0.0065381691449788,0.180358575164457,0.0,0.0057550495827314,0.0007703949163859,0.0,0.0121716233334032,0.0,0.0,0.0,0.0251668748666892,0.098955195167736,0.0,0.0,0.0,0.0650212242364731,0.0,0.0,0.0,0.0101325240352416,0.0009661395495694,0.0,0.0,0.0046567660897152,0.0,0.0,0.0,0.0,0.0,0.0,0.0,0.0,0.0,0.0,0.0,0.0,0.0,0.0,0.0,0.0,0.0,0.215175576456194,0.0,0.0,0.0,0.0,0.0,0.0,0.0193452742291578,0.202077335534796,0.0,0.0620412924341668,0.0,0.0105019490335576,0.176304272700676,0.0086982962151626,0.0,0.0,0.0139016360246235,0.0,0.0,0.0,0.0,0.0,0.0,0.0036118402633644,0.0,0.0,0.0,0.0,0.0,0.0103994451030141,0.0,0.0399792433004277,0.0686985643648138,0.0014683239490156,0.128604938677857,0.0934356207759254,0.0005311420103492,0.0,0.0,0.0,0.0,0.0,0.0,0.0,0.0,0.0,0.0060958103717323,0.0,0.24599918676934,0.0,0.0,0.0010515075560891,0.388562432571693,0.0014757852434267,0.0,0.0,0.0,0.0,0.0043837821335187,0.0,0.0,0.0,0.0,0.0,0.0,0.0008313559654264,0.0,0.0,0.0,0.0,0.0,0.0,0.0,0.0,0.0,0.0,0.0,0.0,0.0,0.0,0.0,0.0083838234933222,0.0,0.0,0.0,0.0,0.0,0.0,0.0036073643537505,0.0,0.0,0.0,0.0,0.110124537742882,0.0179860099901652,0.0,0.0033470031935846,0.0,0.0,0.0007522134737362,0.0,0.0,0.0,0.0,0.0,0.0,0.0,0.0,0.0,0.0,0.0,0.0,0.0,0.0,0.0,0.0396566171201431,0.0,0.0,0.0,0.0,0.0,0.0366915271741043,0.0067478586187403,0.0164002589917987,0.0,0.006654733435483,0.0,0.0035726965383645,0.0,0.0,0.0,0.0,0.0,0.0,0.0,0.0,0.0,0.0013352141365437,0.0,0.0,0.0340799004524053,0.0
IRN,0.0,0.0,0.0,0.0,0.0,0.0,0.0,0.0,0.0,0.0066410960259199,0.0,0.0,0.0434686559644581,0.0,0.0,0.0,0.0,0.0,0.0,0.0,0.0,0.0,0.0,0.0,0.0,0.0,0.0,0.0,0.0,0.0,0.0,0.0,0.0015039718798999,0.0,0.0,0.0,0.0,0.0,0.0,0.0,0.0,0.0,0.0,0.0,0.0015088107031082,0.0,0.0010089858072673,0.0007965811687909,0.0,0.0,0.0030157543534897,0.0013254411590618,0.0,0.0,0.0,0.0,0.0380425998683713,0.0,0.0,0.0,0.0,0.0,0.0,0.0,0.0,0.0,0.0,1.96081102904591,0.0,0.0,0.0,0.0,0.0,0.0,0.0,0.0,0.0,0.0,0.0,0.0,0.0,0.0,0.0,0.0025086003966119,0.0,0.195783082546819,0.0,0.0,0.0,0.0,0.0,0.0,0.0,0.0,0.0,0.0,0.0,0.0,0.0464735449125619,0.0,0.0,0.0,0.0,0.0,0.0,0.0,0.0,0.0007112435314069,0.0259616729690165,0.0,0.0,0.0,0.0,0.0,0.0,0.0260295517697424,0.0,0.406871473591492,0.0968275500054331,0.0,0.0,0.0068821091154859,0.0,0.0,0.0,0.0781087419812835,0.0,0.0,0.0,0.0,0.0,0.0,0.0,0.0,0.0070709721508596,0.0,0.0084365901026988,0.0431691449750986,0.0131456933176891,0.0,0.0283534291058419,0.0,0.0,0.0,0.0,0.0,0.0,0.0,0.0,0.0,0.0,0.0,0.0005204464605344,0.0,0.0,0.0,0.0,0.0,0.0411508058559107,0.0,0.0,0.0,0.0967559134064419,0.0,0.0,0.0,0.015653668119704,0.0,0.0,0.0,0.0,0.0,0.0,0.0337515150163774,0.0,0.0,0.0,0.0,0.0,0.0,0.0,0.0,0.0,0.0736851856327113,0.0,0.0,0.0005252573687425,0.0,0.0,0.0,0.0,0.0877278059722038,0.0,0.0,0.375903610343443,0.0,0.0,0.0,0.0,0.0,0.0,0.0,0.0,0.0,0.0,0.0,0.0,0.0,0.165913945337934,0.0,0.0,0.0,0.0,0.0,0.0,0.0,0.0,0.0,0.0009888840164095,0.0,0.0,0.005046025471475,0.0,0.0,0.0,0.0,0.0,0.0,0.0,0.0,0.0,0.0,0.0,0.0,0.0,0.0,0.0,0.0,0.0,0.0,0.0,0.0011942825742622,0.0,0.0,0.0,0.0,0.0,0.0,0.0,0.0,0.0,0.0,0.0,0.000867924036504,0.0,0.0,0.0,0.0,0.0,0.0009948762606163,0.0,0.0,0.0,0.0,0.0006235197817406,0.254068525849157,0.0,0.0,0.0,0.0,0.0,0.0,0.0,0.0,0.0,0.0,1.21911803575458,0.0,0.0,0.0,0.0,0.0,0.0,0.0,0.0,0.0,0.0039012164912078,0.0,0.0,0.0,0.0,0.0,0.0,0.107992702505864,0.175819228770907,0.0,0.0,0.0,0.0,0.0,0.0,0.0,0.0,0.0,0.0,0.0,0.0,0.0,0.0,0.0,0.0,0.0,0.0,0.0,0.0,0.0,0.0,0.0,0.0,0.0,0.0,0.0,0.0,0.0,0.0,0.0,0.42469227530869,0.079278140798638,0.0,0.0,0.0,0.0,0.0,0.0012567097388397,0.0139779116610857,0.0,0.0,0.0,0.0,0.0,0.0,0.0,0.0,0.0,0.0,0.0033460708116484,0.0,0.0,0.0,0.0183706838321645,0.0,0.0,0.0,0.0,0.0,0.0,0.0,0.0,0.0,0.0,0.0,0.0,0.0,0.0,0.0,0.0,0.0,0.0,0.0,0.0,0.0,0.0106449842786577,0.0,0.0,0.0,0.0,0.0,0.0,0.0,0.0,0.0295227019463283,0.0429707245844477,0.0524147800583062,0.0,0.0,0.0,0.0,0.0,0.0,0.0,0.0,0.0,0.102549760198298,0.0,0.0,0.0,0.0,0.0,0.0,0.0,0.15478879342833,0.0,0.0,0.238189330353641,0.0,0.0,0.0,0.0,0.0,0.0,0.0,0.0,0.0,0.0,0.0,0.0,0.0,0.139393243477824
LA,2.61609382077313,0.0,0.0,0.332721216012487,0.0,0.22941270110016,0.0,0.878284869117793,0.0,0.0112497218236347,0.0,0.0,0.0,0.0,0.0,0.0283504695299499,0.0327831895325183,0.0,0.0,0.236457055695325,0.0,16.3485422040219,10.463848929649,16.7205170415431,1.391350306741,0.0040458597014959,0.0402174160225405,79.8734257328286,0.07540360276283,0.0,0.0,0.0,0.0,0.480497453670354,1.48158378726009,11.0672221310907,0.0011250465483312,0.0040664868406953,0.723373096394631,0.0037647256354286,0.0948950326380605,0.252020541121914,0.0,0.0180486456752984,0.0423662649125284,2.51507553913572,4.16338459367915,1.00224220876609,1.399759961262,1.94838428456565,0.0005810047388293,0.0,0.0,2.79642200635207,11.2839572710993,2.8150723848982,0.0,0.0676007392330023,1.64116512463623,0.0,0.0,0.0256841996533896,0.0611518332017107,0.0,0.0,0.0,0.0070599161637773,0.0834803735628506,17.2450620297002,0.0,0.0,0.0042556693165226,0.0,0.0,4.18428846925429,0.0540591370771288,1.45304848486283,0.0,0.0,0.0346568771577545,0.107805192703886,0.16798333947878,0.0,0.0,0.0015579428974617,0.0,5.86361391913059,0.0147743358320325,0.208469618709645,0.110899767332445,0.0012751436239085,0.0107505174310927,0.0,0.0,0.0,0.0261977849327208,0.252371207450433,0.0,6.77789721695581,0.005397158868146,0.103985274026399,0.135211551332205,0.0,0.0,0.084458937106955,0.0020270246397201,0.0,0.0265410041611194,1.08077388087895,0.0,0.0,0.0,0.110625920215606,1.5761587803367,0.278064459756216,3.34037942432559,0.0182538312104459,0.137130086294522,10.4892467457693,0.206168914427081,0.206094895166993,0.0,0.0,0.0058404903440822,0.0,0.0,0.128638576736684,3.87198896407435,0.0,0.0009739545621588,0.0097805084556173,0.102259094563356,0.0,0.587114995921772,1.42070666356931,0.0084619976487552,0.0,0.0,0.0312387187066096,0.0,0.0005356298490726,0.0274830993911796,0.0,0.039698020593638,0.189470451549839,0.054899422029006,0.0044138991641124,0.0,0.0209747598039966,0.0624936967630595,0.0,0.0889582224308336,0.723455735347663,0.0416313904920148,0.0439467918365615,0.0,1.95610439935643,0.0109469492843649,0.137572728074028,0.0279898058188509,0.0005949978412279,23.8561894779837,0.0,0.0116005688609038,0.201892589933142,0.566956869591867,0.0006251029655135,0.139448238150291,0.178019980744866,0.571484958776288,0.0057359329968645,0.0242341880350876,0.010100111777537,0.0,0.639787903199114,0.0,0.0,0.0,0.0,0.158156317026139,0.0792616758370429,0.995363678548194,0.0876825488634359,0.0652237597085586,0.0,2.44096106192317,4.10605583822574,0.000888654307971,0.0,0.0045636163136551,0.169931124246021,0.0114103239458197,0.0,0.0015735928494793,0.005940268786723,0.207214138253637,0.0,0.0,0.0201444569650959,0.0,0.0979553917879201,0.0,0.040651216502564,0.108359879490432,0.0526906224042754,0.0021336597350795,0.19933288155447,0.303018588403077,0.0,0.0,0.0,0.0490897470933129,0.0,0.0,0.011193478177905,0.0,0.0197661693252662,0.0,0.0,0.0,0.0,0.0,0.0067341963610669,0.0,0.0,0.006821058481899,0.0,0.0,0.0,0.0,0.0,0.0248348795326897,0.0581869609555742,0.0,0.0,0.0,0.0,0.0,0.0,0.0,0.0020035620573718,0.0,0.0225520647663784,0.0552489744097242,0.0,0.0,0.015884350371469,0.0097121757444302,0.0127748490083622,0.229215673030595,0.0165366550559066,0.0,0.0034291224800175,0.0051983646071346,0.012037259320846,0.0,0.0378139639683784,0.0,0.0,0.0011828132159481,0.0,0.0,0.0,0.0,0.0,0.0,0.0062978194070915,0.0,0.0,0.0,0.0,0.0,0.0,0.0,0.0,0.0006755808283727,0.0,0.0,0.0,0.0,0.0,0.0,0.0,0.0016318376153205,0.0,0.0,0.0008735811572078,0.0,0.0013026628487343,0.0,0.0,0.0,0.0,0.0,0.0,0.0647300864083748,0.0078314091636172,0.0,0.0,0.0,0.0068441927900394,0.0,0.0,0.0,0.0,0.0,0.0,0.0,0.0,0.0008444480215669,0.0932373836714456,0.0,0.0020944623614292,0.0,0.0013074337967475,0.0,0.0,0.0200250586287798,0.0,0.0,0.0,0.0,0.0041677548940045,0.014922275411434,0.220391573185939,0.0301431264005577,0.0,0.0475881120777159,0.0,0.0356922972756302,0.0,0.0,0.0058440757560335,0.0,0.0,0.0169997438294366,0.0,0.0,0.0,0.0,0.0,0.0262448105835543,0.0,0.0,0.0180274135674893,0.0031784564625631,0.0,0.0,0.0,0.0,0.0034405872539337,0.0,0.0075651119404666,0.0750000023635805,0.0032459166723183,0.0,0.0,0.0040302590665281,0.0299447598501909,0.0,0.0,0.0,0.0006684819199255,0.0,0.0052526725241908,0.0,0.0,0.0,0.0,0.001055167985964,0.0,0.0,0.023470574126752,0.0,0.0040318945709665,0.0,0.0258854118601028,0.0270632051222342,0.0022667833484317,0.0,0.0,0.0,0.0,0.0014669476199321,0.0,0.0,0.0,0.0,0.0211807071119906,0.0,0.0,0.0045289622054967,0.0,0.0,0.0,0.0528012723122152,0.0,0.0,0.0441734709806641,0.0203661198701468,0.0,0.0,0.0011156468395084,0.0,0.0,0.0,0.0,0.0,0.0,0.0023159024871867,0.0,0.0188342328430501,0.0129906297351178,0.0,0.0,0.0340828121850589,0.0,0.0
LAV,0.00163420048762,0.0,0.0,0.0,0.0,0.0,0.0054733259433966,0.0,0.0013395404097417,0.005679474007642,0.0,0.0,0.0,0.0,0.0,0.009505016020301,0.0,0.0,0.0,0.0,0.0,0.0,0.0,0.0,0.000664873874055,0.0,0.0,0.0,0.0,0.0098237603231924,0.0,0.0,0.0,0.0007324306481217,0.0008518119657611,0.0,0.0040257035217401,0.0515952139380397,0.0009021918593259,0.0828598646006972,0.0061136790591085,0.0,0.0017417363365864,0.0,0.0,0.0,0.0080594516581776,0.010016517434401,0.0,0.0,0.0,0.0055284050586483,0.0,0.0,0.0,0.0,1.2671411858346,0.0054803110477577,0.0,0.0,0.0,0.0006840853337842,0.0,0.0,0.0,0.0496046643054989,0.0042555554812997,0.578479976511126,0.0,2.3853124640528,0.0045783334821978,0.0,0.0,0.0,0.0028718374206353,0.0027641742047426,0.0,0.0183605334743099,0.0,0.0,0.0,0.0,0.0219193980825442,0.0,0.110130737267752,0.160711270521087,0.0017608077428285,0.0,0.0,0.0,0.0,0.0006887209967477,0.0039677364037759,0.0,0.0,0.0,0.0,0.0,0.212836882755008,0.0,4.44892900063792,0.0172664664090313,0.0008194083610644,0.0,0.0,0.0131499478755861,0.0,0.0049763889002564,0.105773469567672,0.0,0.0032968461599685,0.0,0.0483398474216072,0.0,0.0027543255745316,0.0586202671936046,0.0021284960768569,0.569972059710691,0.0589367630253791,0.0364773408093147,0.0,0.0603293821289954,0.0034607210125592,0.0,0.240636508596716,0.0,0.0024290756174841,0.0293780184406781,0.0,0.0,0.0351298518840666,0.0,0.0025711966816421,0.0,0.0669149164464945,0.0,0.0034836277516442,0.492603110527991,0.223720066908858,0.157087375752376,0.0460692679648964,0.0,0.0,0.0,0.0,0.0,0.0,0.0066918570204817,0.0,0.0,0.0,0.0052606541206217,0.0,0.004908784664113,0.0012241894171688,0.0,0.0051508249512131,0.0,0.004264715254052,0.0,0.0,0.0,0.0075958714898832,0.0,0.0,0.0164866605704044,0.0246680481700664,0.0,0.0,0.0065267688766579,3.43861132210371,0.356023725694287,0.642086064085787,0.825864445330744,0.0,0.0,0.0028210033757959,0.0,0.0,0.0,0.0007762058171643,0.0,0.0017185916320697,0.0,0.321116326656011,0.0,0.0,0.0,0.0,0.006293813172787,0.0166494628262495,0.0121803670437615,0.0248532898570289,0.0259246398005732,0.0860742597561283,0.0,0.0,0.0,0.0,0.003379844950439,0.0,0.0,0.0238863300709263,0.0,0.136753602497073,0.0049090394674251,0.0020249664971613,0.0,0.0016959231848752,0.0,0.0,0.0012754722742254,0.0,0.0,0.0,0.0007743057895482,0.0,0.0,0.0,0.0021305760827104,0.0019180846718337,0.0007228458832714,0.0,0.0,0.0,0.0,0.0,0.0,0.0,0.0196523092460707,0.0,0.0,0.0,0.0,0.0,0.0005325157654913,0.0,0.0,0.0030814490790665,0.0,0.001011475118848,0.0,0.0,0.0014136621652694,0.0,0.0007682612054302,0.0513074073226958,0.0008599203815818,0.0,0.0896259115851741,0.0,0.0,0.0011524257549214,0.0,0.0,0.0016819435529541,0.0170918230623539,0.0,0.0,0.0,0.0,0.0,0.0,0.0,0.0,1.07162520410256,0.0006178681605805,0.0,0.0,0.0,0.0005740047553027,0.0,0.0,0.0110799535679444,0.0028060853264529,0.001252236271337,0.385785752315389,0.0,0.0193105751323921,0.0140750538568764,0.0,0.0,0.0,0.0020363507941812,0.0020148213845601,0.0,0.0780817584548548,0.0,0.0,0.0,0.0,0.0213784552871225,0.0145550596423982,0.0181833977484075,0.305999303259211,0.0124413128384087,0.0009269609222567,0.0,0.0,0.0,0.0,0.0404418928839338,0.0,0.0,0.0,0.0,0.0,0.283405127156129,0.0,0.871682442803052,0.0035096478600366,0.0084884063646814,0.0114865438379698,0.0008532081835103,0.0,0.0,0.0,0.0,0.0,0.0,0.0,0.0241758152251473,0.0,0.0024062209089849,0.396453375310772,0.0035537404919855,0.201931693508319,0.0072005914960429,0.0122485795777055,0.0,0.0,0.0071242831431183,0.013998939110255,0.35660077376266,0.0552561172328906,0.0303427521338038,0.0205149156677811,0.0,0.0,0.0,0.0,0.0182340422783204,0.0,0.0008318818365827,0.0017227377471316,0.0005216410117609,0.263652492116477,0.0221201557015018,0.249139565781606,0.0,0.0,0.0,0.0,0.0007563957181754,0.0,0.0,0.0229884292546746,0.0,0.0017752464444024,0.0,0.0203655076101453,0.0,0.002881684758605,0.0,0.0,0.0108767580613683,0.0,0.0,0.0,0.0,0.0,0.0,0.0054239027994683,0.0,0.0,0.0521397263426059,0.0037843796517541,0.0304313713429633,0.0010075564813282,0.0,0.0,0.0,0.0237128607475929,0.0,0.0,0.0,0.0,0.0,0.0,0.0013068596042686,0.0,0.0,0.0057252828464793,0.0025852212922487,0.0,0.0016756498268148,0.0017347643801522,0.0,0.0155094096316642,0.0,0.0,0.0147176983851256,0.0341347836297274,0.0126395610020881,0.0,0.0,0.0,0.0,0.0017396065746752,0.0011359184758221,0.0,0.0710869697107771,0.0,0.0325459603937525,0.0014184493788578,0.0033045861265365,0.0,0.0311125687297052
LD,0.000598542647031,0.113720119726172,0.112611925543776,0.0,0.0169306885975386,0.0,0.0032175853649918,0.0011981785854464,0.0031117274667369,0.0,0.0,0.0007819309553322,0.004348071267688,0.0,0.0,0.0,0.0038388273286744,0.0021124407637854,0.0009417575697932,0.0,0.0662320364273188,0.0050052199150843,0.0,0.0061659704035519,0.0,0.0014836529790913,0.0,0.0092175156175795,0.0,0.0054215994632223,0.0,0.0,0.0,0.0054416216189333,0.0042071075307097,1.59640474568745,0.0,0.0013322170917685,0.0007290586041742,0.0009945185612458,0.0,0.0,0.0,0.0,0.0,0.0022721577255394,0.0293649244824626,0.217570784478107,0.0015635193874364,0.0015504260827591,0.0,0.0,0.0,0.0,0.0,0.0,0.0,0.0037538271809783,0.0005749205174746,0.0,0.0,0.0,0.0012674977536593,0.0,0.0005558634468585,0.0,0.0014091563097706,0.0,0.03410805403308,0.0,2.11741143351953,0.0005528610473776,0.0016705415396312,0.0,0.0012404957833423,0.0350993375931217,0.0,0.000821227359697,0.0,0.0,0.0,0.0,0.0,0.0005261139226067,0.0,0.0,0.0024376915119539,0.0019596694464314,0.0,0.0058912724350859,0.0,0.0012081775818859,0.010616796815641,0.305934741821681,0.229354726498162,0.0,0.0,0.0,0.0,0.0,0.0,0.008999251377134,0.0,0.0,0.0016360708725668,0.0,0.0005238071885474,0.0,0.0,0.0,0.0,0.0,0.0231476623371992,0.0,0.0026607294714146,0.0,0.0628316116338929,0.0,0.0,0.0,0.0006478841907752,0.0,0.0132970299684335,0.0011205062685509,0.0,0.0,0.0,0.0195465579154166,0.0064239814753587,0.0,0.0163478430751074,0.0,1.93359912891885,0.0,0.0,1.14674566788309,0.0013161192074861,0.0,0.0,0.0,0.0,0.0,0.307574111476343,0.0,0.0,0.0,0.0,0.0,0.0,0.0,0.0,0.0,0.0,0.807054061940077,2.94888497990705,1.8697835551551,0.395168721047274,0.0,0.0020620908897315,0.0068759925501436,0.0,0.0029921740684965,0.0005742933508189,0.0,0.0,0.0146982670342508,0.0,0.0,0.0,0.0,0.0,0.0,0.0,0.0,0.198239095923486,0.37676785043734,0.0,0.0201635607954484,0.2295487914708,0.27786656061835,0.0,0.0,0.0011660431267182,0.0,0.0,0.0040869498088022,0.0009901756549543,0.0012213515647212,0.0,0.0060681204595877,0.0201755355987401,0.0,0.0078225712804545,0.0019449712644747,0.0007652594134621,0.0,0.0078124988073217,0.216068498992271,0.0174811005807314,0.664296279661418,0.057634663476149,0.173945534018576,0.0,0.0,0.0459127707801616,0.0,0.0,0.0,0.0,0.0,0.0061818572279497,0.0197753914980904,0.0,0.0,0.0,0.0014468277713129,0.0007099395834497,0.0,0.0,0.0,0.0,0.0,0.0,0.0,0.0,0.0015338927731273,0.0,0.0,0.0,0.0,0.0,0.0,0.0,0.0,0.0,0.0,0.0,0.0,0.0,0.0,0.0,0.0,0.0053618942378122,0.0036800074437736,0.0005720812989182,0.0,0.0011346310592764,0.0006516045199649,0.0038176783292072,0.0,0.0,0.0,0.0008537402855929,0.0,0.0008269244184069,0.0012212082006122,0.0028168973471457,0.0,0.0,0.0,0.0,0.0,0.0,0.0,0.0,0.0,0.0018051712614955,0.0,0.0,0.0,0.0,0.0007282683801434,0.0,0.0,0.0,0.0,0.0,0.0,0.0,0.0,0.0,0.0,0.0,0.0,0.0,0.0,0.0,0.0,0.0,0.0,0.0,0.0,0.0,0.0,0.0008495508195718,0.0103046566101914,0.0018395902687298,0.0,0.0009112087670554,0.0,0.0008092737292044,0.0099720866144425,0.0,0.001325085247319,0.0,0.0,0.0,0.0,0.0,0.0,0.0071946454545135,0.0,0.0,0.0021078523237671,0.0,0.0,0.0,0.0,0.0,0.0023369368370294,0.0,0.0110510604855112,0.0,0.0036095085068017,0.0,0.0018277331868427,0.0,0.0,0.0,0.0,0.0,0.0039257476421241,0.0011259614343532,0.0,0.0,0.0,0.0083082950951944,0.0005395380924475,0.0,0.0,0.0,0.0066533572974628,0.0,0.0,0.0051382445476995,0.0043222103846445,0.0,0.0,0.0,0.0,0.0,0.0,0.0,0.0,0.0,0.0,0.0,0.0,0.0,0.0,0.0,0.0,0.0,0.0053463220192427,0.0152476274599208,0.0,0.0,0.0,0.0,0.0,0.0,0.0008101823596141,0.0,0.0,0.0007596226947505,0.0010387125770615,0.0,0.0,0.0,0.0,0.0,0.0,0.0,0.0,0.0,0.0008084124130988,0.0008993048293529,0.0,0.0,0.0030483619930836,0.0,0.0,0.0,0.0,0.0,0.0010887798456608,0.0,0.0,0.0152407918434522,0.0036053597932969,0.0,0.0,0.0046515561632516,0.0007063514574292,0.0,0.0,0.0,0.0,0.0005321762304063,0.0,0.0,0.0,0.0,0.0,0.0,0.0,0.0,0.0
LGd,0.0,0.0,0.0,0.0,0.0,0.0,0.0,0.0,0.0,0.0,0.0,0.0,0.0,0.0,0.0,0.0,0.0,0.091354841979903,0.0307170647642503,0.0250052298910022,0.0,0.0,0.0,0.0,0.0657944133302382,0.0005322192221956,0.0245498991768581,0.0054471722845622,0.0,0.0,0.0,0.0,0.0,0.0,0.0,0.368020506199779,0.0,0.0,0.0,0.0,0.0390899581829213,0.0,0.0,0.0,0.0,0.0153886821134345,0.0113674740860891,0.0,0.0,0.0,0.0,0.0,0.0,0.0,0.0134957328177271,0.0,0.0,0.0,0.0,0.0,0.0,0.0,0.0,0.0,0.0,0.0,0.0,0.0,0.0446455452739803,0.0,0.0,2.33037698593864,0.0515394810814278,0.0,0.0,0.634240363058467,0.0,0.0,0.0,0.0,0.0,0.0,0.0,0.0,0.0,0.0,0.0,0.0,0.0,0.0,0.0,0.0,0.0,0.0,0.0,0.0,0.0,0.0,0.0,0.0,0.0,0.0,0.0,0.0,0.0,0.0,0.0115359828225469,0.0,0.0,0.0,0.0,0.0,0.0,0.0,0.0,0.0,0.0,0.0,0.0,0.0,0.0016217366967368,0.0,0.0,0.0,0.0,0.0,0.0,0.0,0.0,0.0,0.0,0.0,0.0,0.0,0.0,0.0,0.0,0.0,0.0,0.0,0.0,0.0,1.26098835677374,0.0,0.0,0.0,0.0,0.0,0.0,0.0,0.0,0.0,0.0,0.0,0.0,0.0037118792570187,0.75660543041873,0.0,0.00937190109793,0.0148942456874347,0.0,0.0088475555720934,0.0,0.0,0.0,0.0,0.0,0.0,0.0,0.0,0.0,0.0,0.0,0.0,0.0227440910887829,0.0,0.0,0.0,0.0,0.0040530472654242,0.0,0.0,0.0,0.0,0.0,0.202323318354807,0.0,0.0,0.0,0.0,0.0,0.0,0.0,0.0,0.0,0.0,1.73307095655463,0.182369583244879,3.64252574049157,21.14449975467,0.0847893346724454,0.407177978255288,0.0,0.0,0.0,0.0390346626144339,0.0,0.0,0.0,0.0,0.0,0.0,0.0,0.0,0.0,0.0,0.0,0.0,0.0,0.0,0.0,0.0,0.0,0.0,0.0,0.0,0.0,0.0,0.0,0.0,0.0,0.0,0.0,0.0,0.0,0.0,0.0,0.0,0.0,0.0,0.0,0.0,0.0,0.0,0.0,0.0,0.0,0.0,0.0,0.0,0.0,0.0,0.0,0.0,0.0,0.0009301648936625,0.0,0.0,0.0,0.0,0.0,0.0,0.0,0.0,0.0,0.0,0.0,0.0,0.0,0.0,0.0,0.0,0.0,0.0,0.0,0.0,0.0,0.0,0.0,0.0,0.0,0.0,0.0,0.0,0.0,0.0,0.0,0.0,0.0,0.0,0.0,0.0,0.0,0.0,0.0,0.0,0.0,0.0,0.0,0.0,0.0,0.0,0.0,0.0,0.0,0.0,0.0,0.0,0.0,0.0,0.0,0.0,0.0,0.0,0.0,0.0,0.0,0.0,0.0,0.0,0.0,0.0,0.0,0.0,0.0,0.0,0.0,0.0,0.0,0.0,0.0,0.0,0.0,0.0,0.0,0.0,0.0,0.0,0.0,0.0,0.0,0.0,0.0,0.0,0.0,0.0,0.0,0.0,0.0,0.0,0.0,0.0,0.0,0.0,0.0,0.0,0.0,0.0,0.0,0.0,0.0,0.0,0.0,0.0,0.0,0.0,0.0,0.0,0.0,0.0,0.0,0.0,0.0,0.0,0.0,0.0,0.0,0.0,0.0,0.0,0.0,0.0,0.0,0.0,0.0,0.0,0.0,0.0,0.0,0.0,0.0,0.0,0.0,0.0,0.0,0.0,0.0,0.0,0.0,0.0,0.0,0.0,0.0,0.0,0.0,0.0,0.0,0.0,0.0,0.0,0.0,0.0,0.0,0.0,0.0,0.0,0.0,0.0
LGv,0.0,0.0,0.119526842609996,0.0,9.62960625269042,0.0,0.0,0.0,0.0,0.0,0.0,0.0,0.0,0.0,0.0,0.0,0.0,0.0,0.0,0.019090771847899,0.127037440885934,0.84325419339398,0.0,0.0,0.0,0.0,0.0,0.0,0.0,0.0,0.0,0.0,0.0,0.0,0.0,0.791530965297063,0.0,0.0,0.0,0.0,0.0,0.0,0.0,0.0,0.0188984597014243,0.0,0.218976345932568,0.0,0.0,0.0,0.0,0.0,0.0057784370603933,0.0,0.0,0.0,0.0,0.0,0.0,0.0,0.0,0.0,0.0,0.0,0.0,0.0,0.0,0.0,0.0846623803094164,0.0,22.7799889980097,13.4395972230158,0.647381256755327,0.0,0.0,0.0,0.0,0.0,0.0,0.0,0.0211675718792119,0.0,0.0,0.0,0.0,0.0,0.0,0.240816767688424,0.0,0.541505812924094,0.061545920686901,0.0,0.0,0.0,0.0,0.0,0.0,0.0,0.0,0.0,0.0,0.0,0.0,0.0,0.0,0.0,0.0,0.0,0.0,0.0,0.0671566529266601,0.0,0.0,0.0,0.0,0.0,0.0,0.0,0.0,0.0,0.0,0.0068963348878417,0.0,0.0,0.0,0.0,0.0,0.0,0.0,0.0179265767660984,0.0,0.0,0.0,0.204661641492763,0.0,0.0,0.0,0.0,0.0,0.0,0.0,0.0,0.0032196785611467,0.0,0.0,0.0,0.0,0.0,0.0,0.0,0.0,0.0,0.0,0.0,0.0120828649926988,0.0,0.0,0.0,0.0,0.0302202270006043,0.0,0.525762669940111,0.0,0.0,0.0,0.0,0.0,0.0,0.0,0.0,0.0,0.0,0.0,0.0,0.0,0.0,0.0,0.0,0.0,0.0,0.0,0.0,0.0,0.0,0.0,0.0,0.0,0.0,0.0,0.290940698955864,0.0448143308020779,0.0,0.0,0.0,0.0,0.0,0.0,0.0,0.0,0.0,0.0,0.0,0.0,0.0,0.0,0.0,0.0,0.0,0.0,0.0,0.0,0.0,0.265176193247587,2.40954335217256,0.0,0.0,0.0,0.0,0.0,0.0,0.0,0.0,0.0,0.0,0.0,0.0,0.0,0.0,0.0,0.0,0.0,0.0,0.0,0.0,0.0,0.0,0.0,0.0,0.0,0.0,0.0,0.0,0.0,0.0,5.53755813843986,0.0,0.0,0.0,0.0,0.0,0.0,0.0,0.0,0.0,0.254374808440426,0.0,0.0,0.0625569961052294,0.0008824578075599,0.0,0.0,0.0,0.0,0.0,0.0,0.0,0.0,0.0,0.0,0.0,0.0,0.0,0.0,0.0,0.0,0.0,0.0,0.0108113628880279,0.0,14.3752565265266,4.26459873520627,1.81592348837538,0.0,0.0,0.0,0.0,0.0,0.0,0.0,0.0,0.0,0.0,0.0,0.0,0.0,0.0,0.0,0.0,0.003088253048765,0.0,0.0,0.0,0.0,0.0,0.0,0.0340238780001178,0.0,0.0,0.0,0.0,0.0,0.0,0.0,0.0,0.0,0.0,0.0,0.0,0.0,0.0,0.0,0.0,0.0,0.0,0.0,0.0,0.0,0.0,0.0,0.0,0.0,0.0,0.0,0.0,0.0,0.0,0.0,0.0,0.0,0.0,0.0,0.0,0.0,0.0,0.0,0.0,0.0,0.0,0.0,0.0,0.0,0.0,0.0,0.0,0.0,0.0,0.0,0.0,0.0,0.0,0.0,0.0,0.0,0.0,0.0,0.0,0.0,0.0,0.0,0.0,0.0,0.0,0.0,0.0,0.0,0.0,0.0,0.0,0.0,0.0,0.0,0.0,0.0,0.0,0.0,0.0,0.0,0.0,0.0,0.0,0.0,0.0,0.0,0.0,0.0,0.0,0.0,0.0,0.0,0.0091004833864029,0.0,0.0,0.0,0.0,0.0,0.0,0.0,0.0,0.0,0.0,0.0,0.0,0.0,0.0,0.0,0.0,0.0,0.0
LH,0.005031937573468,0.0,0.0,0.0,0.0,0.0,0.0,0.0,0.0,0.0,0.0,0.0,0.0,0.0,0.0,0.0,0.0,0.0,0.0014552664269911,0.0020860270880026,0.0,0.0,0.0,0.0,0.0,0.0,0.0,0.0,0.0,0.0289615707339314,0.0,0.187275218743804,0.0,0.0,0.0029153802192395,0.0,1.26289372815553,0.0,0.0,0.0,0.0,0.0,0.0,0.0,0.0696677988895611,0.0,0.0,0.0,0.0,0.0,0.0,0.0,0.0,0.0192083569449391,0.0,0.0,0.0,0.0,0.0,0.0,0.0,0.0,0.0,0.0,0.0,0.0,0.105774963157277,0.0,0.0,0.0,0.0,0.0,0.0,1.78950045410035,0.053375903586895,0.0,0.0084389067108427,0.0,0.0,0.0,0.0,0.0,0.0,0.0,0.0,0.0,0.0,0.0,0.0,0.0,0.158139441768898,0.0028612961467988,0.0,0.0,0.0,0.0,0.0,0.0,0.320077268512718,0.0,0.0,0.0075649254092706,0.017131407233237,0.0,0.0,0.0,0.0,0.002326233801584,0.0,0.0,0.0,0.0,0.0,0.0,0.0032843184163572,0.142567483455682,0.0,0.0,0.0,0.0405506000192057,0.0,0.47859797377677,0.0,0.0070491831480005,0.0,0.0,0.0946930522986401,0.0544880180022572,0.0,0.0008221248911211,0.0,0.0,0.0,0.0,0.0,0.0,0.0,0.0,0.0027803545618859,0.0,0.0,0.0,0.0,0.0,0.222716303228449,0.0,0.0,0.0,0.0,0.0039713276055802,0.0,0.0313308126357594,0.001853022608704,0.0,0.0,0.0,0.0,0.0,0.0,0.0,0.0,0.0,0.0,0.0,0.0,0.0,0.0,0.0157258859489746,0.0,0.0,0.0,0.0,0.0,0.0,0.0,0.0,0.00688150740615,0.0,0.0,0.0,0.0253145857779903,0.0,0.0241473297764077,0.0,0.0,0.0,0.0,0.0102506542914946,0.0013228964376492,0.0026620504391579,0.0,0.0,0.0,0.0,0.0,0.0015943507456369,0.0,0.0,0.0,0.0,0.0,0.0,0.0,0.0,0.0028274686844332,0.0,0.0,0.321883172604781,0.0,0.0087172069754383,0.0,0.0,0.194570060492444,0.0,0.0035454143469027,0.0052923295434722,0.0135542203418596,0.0034011184522938,0.0,0.0034118564514875,0.0043392010618306,0.0,0.0011094740574723,0.0954313930161495,0.0,0.0,0.0,0.0,0.0,0.0,0.0188570941333998,0.0,0.0185094501344024,0.0013984699958439,0.0,0.0,0.104349279302633,0.0,0.0,0.0082174960135154,0.0536026446480766,0.0062086201699226,0.0128748360713162,0.0043592219850804,0.0876971655577318,0.567859917255768,0.0,0.0,0.0,0.0,0.0118051465641178,0.0,0.0008345869829152,0.0123855170176847,0.00692889797978,0.0,0.0,0.0156158489552992,0.0124151309308843,0.0,0.0,0.0,0.0100860362569438,0.0018066443327254,0.0,0.0,0.0022990824138926,0.0072343604918337,0.0,0.0,0.0,0.0034377605692023,0.0018125775193679,0.0,0.0,0.0566058988050963,0.0,0.0032579032129202,0.0,0.0,0.0,0.000727577134455,0.009400755303967,0.0690241232594201,0.0,0.0043364365190061,0.0,0.0,0.0,0.0,0.0,0.0,0.0201749884796464,0.0,0.0,0.0246173225260674,0.0023269302599315,0.0,0.0035853044497438,0.0068027564547189,0.0035369066572386,0.0054059890002854,0.0,0.0,0.0,0.0023907576773925,0.0,0.103158342396548,0.0,0.0,0.0184557161303075,0.0114030548894176,0.0,0.0038505468136385,0.0,0.0,0.0026522720956916,0.0,0.0027283404116477,0.0024458219799258,0.0031012665045829,0.0517959292393827,0.0,0.0076957589155826,0.0286172924044975,0.002273203321646,0.0,0.0,0.0348252045794346,0.0,0.001059133146476,0.0,0.0007246732680844,0.0,0.0,0.0282134328441475,0.0328603859718938,0.0,0.0015070791680513,0.0,0.0,0.0042632934955428,0.0,0.0035284771531108,0.0038731250721479,0.0,0.0,0.0502672473420943,0.0,0.0,0.001293639163795,0.0,0.0,0.054656652704829,0.0,0.0,0.0,0.0,0.0075030313068309,0.0012286309390609,0.0009229466510913,0.0009162341972861,0.0,0.0,0.0,0.0241683266902989,0.0,0.0,0.0,0.0007166752736388,0.0335359062487515,0.0,0.0,0.0,0.0,0.0,0.0029519911114513,0.0,0.0,0.0,0.0,0.0,0.0,0.0,0.0,0.0016071591839534,0.0,0.0,0.0,0.0,0.0,0.030536102902614,0.0,0.0,0.0,0.0023735207636905,0.0153488257598636,0.0,0.006891244075958,0.0,0.0,0.000647104359241,0.0,0.0,0.0034412449418195,0.0,0.0,0.0,0.0,0.0,0.0,0.0,0.0,0.0,0.0,0.0,0.0111988248698061,0.0
LHA,0.116431545026529,0.0,0.0,0.123244783994847,0.0404056913598854,0.149094402345664,0.0,0.0062726936935536,0.0,0.0011838268724466,0.0098855868414166,0.0208731500606147,0.0,0.0021302151534894,0.0206336475413541,0.0514827459943282,0.0055395144033142,0.0,0.0,0.0,0.0124788735389161,0.137421511865892,0.204206387209325,0.463130380216979,0.0,0.0035500942056083,0.0173017268359041,0.50522868480162,0.0031346281521858,0.045947020060855,0.0,0.0147282166540677,0.0939694147650378,0.0653690603921287,0.0331814103819861,0.0,0.0248413667765879,0.0,0.0201785743310493,0.0,0.067889318877396,0.139389951336558,0.0,0.004862354827286,0.0662077399078219,0.00639437443772,0.0,0.0,0.0,0.0367318408221124,0.0,0.0,0.0,0.0673559129044706,0.0,0.0,0.0344651266814498,0.0343845789152637,0.0347063773940439,0.0,0.0,0.0016876634381819,0.0,0.114597770309674,0.0009332988302408,0.0,0.0067587898884669,0.0427754857447639,0.0229926433413777,0.0,0.0329363108613659,0.0,0.0025962728674456,0.145323281708086,1.91151958121846,0.0215508150201202,0.263221372637574,0.0015501436618972,0.071771202333904,0.234725006865847,0.0550781028143096,0.0608893525478678,0.0192330258565849,0.325051727489241,0.0105691429232226,0.0052480501940743,0.296573605959581,0.0,0.008806285555691,0.0,0.0497531763883749,0.0183509970987522,0.0,0.0,0.0,0.0493469565018292,0.216596628410064,0.0013701131939538,0.851406807707164,0.0437989081696023,0.0053946511664126,0.210168428517724,0.0056969809674341,0.0,0.0,0.0,0.0013582109600305,0.0303098169978493,0.0192229354759519,0.0,0.0,0.0,0.0,0.0252097093521789,0.0009985749529178,1.23892595298452,0.0,0.044093475282387,0.0560820278147139,0.0402539970840405,0.0037562309012146,0.101398990474224,0.0,0.0050395073844536,0.0,0.0087869673611912,0.34841141822668,0.0,0.0,0.0642947591037155,0.11831743277789,0.004737077146938,0.0,0.002031632229103,0.0594062093464178,0.0,0.0,0.071720923630708,0.108513613091558,0.0,0.0,0.0735719453210597,0.0,0.0362867181027673,0.199356843133172,0.0007254936053559,0.0014517314625868,0.0,0.047794807082025,0.158792686641235,0.0250427689721496,0.054872740307451,0.0323111977257868,0.0,0.0,0.0,0.162878376332404,0.0107168327539273,0.296153479968985,0.0065701647670112,0.0126947368402551,0.716762021442154,0.0,0.0639304040682043,0.0288785698842625,0.0319107873845309,0.0010120200427068,0.10014130289912,0.0289206185010205,0.0267493104182034,0.0,0.0,0.0007780732560109,0.0014103980945969,0.0,0.0,0.0,0.0,0.0,0.0,0.0096020415320772,0.0,0.0992082330637898,0.0155380106647375,0.0,0.0045343817686804,0.0215057931770947,0.0302285948665034,0.0032181563679703,0.0085323180062792,0.109886959108566,0.0048894166337993,0.0253745335580357,0.0,0.0133160581339913,0.0290712059848579,0.0,0.0,0.0,0.0,0.0,0.0,0.162829436645916,0.0985300698519974,0.0057746211965869,0.0407475287853981,0.0481824021966281,0.174098349556583,0.0008262623340185,0.0,0.0,0.0,0.0,0.0096791590570788,0.0066626689699034,0.0,0.0,0.0,0.0,0.0,0.0,0.0,0.0,0.0,0.0064117324800777,0.0,0.0,0.0,0.0,0.00193399556784,0.0,0.0,0.0121101422102994,0.0,0.0,0.0,0.0,0.0,0.0052610339470309,0.0,0.0023217696828029,0.0454827489247355,0.0,0.0,0.0,0.0059536208632615,0.0,0.0017622228908646,0.0,0.0,0.0071112936701573,0.0,0.0,0.0140025558601402,0.0,0.0,0.0,0.0,0.0,0.0,0.0,0.0,0.0,0.0,0.0,0.0050058754633596,0.0,0.0,0.0,0.0,0.0,0.0,0.0670099956793311,0.0,0.0,0.001163893264324,0.0054599586085778,0.0,0.0,0.0016073529381022,0.0,0.0,0.0655670831047845,0.0246559108243663,0.0136586757819683,0.001613937796998,0.0,0.0064777973027576,0.0038246524593837,0.0017286282906472,0.0015983704243215,0.0016790338703058,0.124518070881573,0.0005604365333598,0.0,0.0,0.0,0.0,0.0,0.0047799528691028,0.0,0.0,0.0,0.0,0.0,0.0112405757022025,0.0,0.049273665904324,0.0163748998577056,0.0,0.0162629336568505,0.0011781180312826,0.0,0.0,0.0,0.0,0.0049045111138766,0.0019631917720852,0.0,0.0,0.0,0.0,0.0,0.0,0.206547707914418,0.0,0.0042278491722989,0.0035332031481357,0.0067814605516079,0.0,0.0239634977353048,0.0,0.0006712096203107,0.0,0.0007603096686724,0.0636288462508842,0.0,0.0,0.0101551169800929,0.0009989758675565,0.0009355931637407,0.0,0.0,0.0033626677367349,0.0,0.0,0.0078482268548525,0.0069811514224562,0.0,0.0,0.014701928350331,0.0,0.0022017097383736,0.0597316671722879,0.0,0.0,0.0,0.0165794342835396,0.0860676241365716,0.0135786774848841,0.0048367250760426,0.0020510970830472,0.0,0.0,0.0,0.0,0.0,0.0343596167017705,0.0008104147923796,0.0,0.0039969475111946,0.0,0.0216550865225438,0.0085643947520351,0.0412661819593309,0.0,0.0273986322647412,0.0065493809265745,0.0010369193181042,0.0,0.0,0.0,0.0005603264164135,0.0,0.0,0.0,0.0,0.0,0.0,0.0,0.0,0.0254619359660184,0.0009951254244272,0.0,0.0,0.0,0.0027423504784363,0.0,0.0,0.0129301466691818,0.0,0.0,0.0,0.0034802386563836,0.0,0.0,0.0,0.0,0.0,0.0,0.0,0.0202760184897445,0.0052777252369958,0.0,0.0,0.015675711048438,0.0291177699663831,0.0
LP,0.0,0.261732119026371,0.0,0.0,0.0,0.0,0.0054102056481188,0.0044096074587508,0.0,0.0,0.0,0.0,0.0044171094215798,0.0,0.0,0.0577970409411734,0.0,0.0127933830403191,0.0,0.0043993141211832,0.0,0.0,0.0,0.0,0.0,0.0,0.0,0.0,0.0,0.0711866912983405,0.0,0.0,0.0,0.0,0.0,1.7127787619413,0.0014161655138659,0.0,0.0007006833246876,0.0,0.0,0.0,0.0,0.0,0.0,0.0206636858486685,0.0,0.0,0.0,0.0,0.0,0.0,0.0010842553905682,0.0,0.0,0.0,0.0,0.0,0.0,0.0,0.0,0.0,0.0005937673002844,0.0,0.0,0.0,0.0,0.0,0.0,0.0,0.222695800167385,0.0,0.0030563337907791,0.0076286458630104,0.0,1.49902225122421,0.0,0.0017952949797155,0.0,0.0,0.0,0.0,0.0,0.0121749876812006,0.0006850827885831,0.0,0.0,0.0,0.0032596868555225,0.0,0.0,0.0,0.0,0.693596796971647,2.19009600716921,0.0,0.0,0.0,0.0658352424413427,0.0,0.0,0.0,0.0,0.0,0.0,0.0,0.00122292412559,0.0057906092395726,0.0,0.0,0.0,0.0,0.0,0.0,0.0,0.0083636146129618,0.0146923306420689,0.0,0.0,0.0,0.0033322327544851,0.0136508099031641,0.0,0.0,0.0,0.0,0.0014485819379463,0.0,0.0295879954960951,0.0,0.201767999264488,0.0097578643858981,0.0,0.0,0.0,0.0,0.0008802599260949,0.0,0.0436311718487374,0.0,0.0,0.0,0.786201610788659,0.0,0.0,0.0,0.0,0.0,0.0,0.0,0.0,0.0235442901785186,0.0042638219915376,0.292366550024675,0.249339851403841,0.0,0.332190685811485,0.0,0.0,0.0,0.0,0.0,0.0005418192130606,0.0,0.0,0.0,0.0,0.0006164637141235,0.0,0.0021325970307444,0.0,0.0,0.0,0.0,0.407740315376482,0.230100856523525,0.0,0.135114049289005,0.113577500726447,0.0,0.484343530613039,0.0,0.0,0.0,0.0,0.0470883536768523,0.0,0.0067063886892607,0.0,0.0008020545964436,0.0,0.0,0.0454521925227183,0.0010875226513635,0.0009286534277481,0.0704377846496677,0.0959426668420285,0.272787552693085,0.0361404755208805,0.0560304543443038,0.0015384350206325,0.123410962564469,0.0,0.0,0.177093837849798,0.0919045714012635,0.0,0.0010459410770613,0.0,0.0,0.0007056479645985,0.0,0.0,0.0,0.0,0.0,0.0,0.0,0.0,0.0,0.0,0.0,0.0,0.0,0.0,0.0006927959474201,0.0,0.0,0.0,0.0,0.0,0.0,0.0,0.0,0.0,0.0,0.0,0.0,0.0,0.0,0.0,0.0,0.0,0.0,0.0,0.0,0.0,0.0,0.0,0.0,0.0,0.0,0.0,0.0,0.0,0.0,0.0,0.0,0.0,0.0,0.0,0.0,0.0,0.0,0.0,0.0,0.0,0.0,0.0,0.0,0.0,0.0,0.0,0.0022034006781987,0.0,0.0,0.0,0.0,0.0,0.0,0.0015778234070349,0.0006358733235737,0.0,0.0,0.001147695572459,0.0,0.0039441213569143,0.0,0.0,0.0,0.0,0.0,0.0,0.0,0.0,0.0,0.0,0.0,0.0,0.0,0.0,0.0,0.0,0.0,0.0,0.0,0.0,0.0,0.0,0.0,0.0,0.0,0.0,0.0,0.0,0.0,0.0,0.0,0.0,0.0016401113040086,0.0,0.0,0.0,0.0,0.0,0.0,0.0,0.0,0.0,0.0,0.0,0.0,0.0,0.0,0.0,0.0,0.0,0.0,0.0,0.0,0.0,0.0,0.0,0.0,0.0,0.0,0.0,0.0,0.0,0.0,0.0,0.0,0.0,0.0,0.0,0.0,0.0,0.0,0.0,0.0,0.0,0.0,0.0,0.0,0.0,0.0,0.0,0.0,0.0,0.0,0.0,0.0,0.0,0.0,0.0,0.0,0.0,0.0,0.0,0.0,0.0,0.0,0.0,0.0,0.0,0.0,0.0,0.0,0.0,0.0,0.0,0.0,0.0,0.0,0.0,0.0,0.0,0.0,0.0,0.0,0.0,0.0,0.0009821208482862,0.0,0.0,0.0,0.0,0.0,0.0,0.0,0.0,0.0,0.0,0.0,0.0,0.0,0.0,0.0
LPO,0.0,0.143037866296309,0.194565645264592,0.481111118764785,0.007185098489402,0.0,0.0,0.0075104491048881,0.00409510023168,0.0,0.0,0.0,0.0046564856748011,0.0,0.0381389349974543,0.0,0.0,0.0020498749972301,0.0022414041222443,0.001872663654313,0.011442564969743,0.0325915039347088,0.0,0.0,0.328272525813794,0.0103120561707985,0.112003846505,0.0381492394485846,0.0,0.0066676000797164,0.0072516075799172,0.0,0.0034523126939194,0.001599086516773,0.0,0.0700336398753631,0.0787788850999178,0.0010956285053058,0.0,0.0005568199597846,0.0561836175198619,0.0,0.0,0.039601989148135,0.0162717805934583,0.0035861422136735,0.0,0.0239456630583803,0.0,0.0,0.0,0.0,0.0007340414519929,0.0129714044771856,0.0160257342865066,0.0050706111447836,0.0046153906105194,0.0012842488196948,0.0008942492234897,0.0,0.0,0.0,0.0707167020833358,0.0063465362723927,0.0,0.0,0.0404499253755179,0.0022488616677937,0.0070786717413618,0.0,0.0011594899361926,0.0,0.0,0.0984960358695958,0.909190211188948,0.0,1.14590358141129,0.0025880941874854,0.166639469571378,0.423252141509025,0.0,0.0311299213250511,0.0009975548351395,0.0015049713213385,0.0,0.000775441726824,0.0,0.0,0.0,0.0,0.0,0.0,0.0,0.0526189645581583,0.158702101619828,0.0,0.0,0.0,0.120447464363259,0.183051189768046,0.0,0.154422760275668,0.0155264764256897,0.0,0.0,0.0011063521793184,0.0,0.0133713790419147,0.0025547696852692,0.016450327013265,0.0507756106091194,0.0008360852308382,0.0252702592850477,0.0,0.001936790519413,0.0,0.0084616373700247,0.0,0.0,0.0304186312281104,0.0020948267137486,0.0120224154363248,0.0071949651756948,0.0,0.0,0.0015312723385714,0.0,0.0180476896358692,0.103120609977939,0.0,0.0,0.0,0.0209746952888737,0.0,0.0167777858466048,0.0111689758311682,0.0028668252213082,0.0161734488752745,0.0637721682300626,0.0,0.0,0.0,0.0113527791829263,0.0,0.0,0.0,0.0,0.0,0.0,0.0,0.0058725515794955,0.0,0.0114799635034882,0.0385746257291692,0.0729472400791214,0.21944653660309,0.0064256007933958,0.0,0.0,0.0,0.124642405606981,0.715438588380383,0.0014168271993333,0.0,0.0087720453686825,0.003625508412145,0.0018091894486735,0.0,0.0,0.0,0.0,0.0,0.0,0.0,0.00600005257654,0.0154103010294454,0.004686866166,0.0021018318529211,0.0115092774035457,0.0078689364757277,0.0094731977518329,0.0012129206636423,0.0,0.0,0.0,0.0027372653305,0.0087365288290468,0.0065936975887526,0.0506088889525129,0.0490056775249028,0.0,0.0,0.0029796722129975,0.0019936368398298,0.0,0.0005847298800986,0.0010051465716503,0.0090699794355866,0.0023329300543867,0.0253040337385552,0.0032527457246997,0.0092408890564922,0.0355428160306891,0.0,0.003379384722288,0.0,0.0,0.0,0.0,0.0,0.0016490994554468,0.0116927802037783,0.0048575086755725,0.0047397325225401,0.0,0.0,0.0,0.0,0.0,0.0057163408063968,0.0,0.002182298277211,0.0,0.0,0.0,0.0,0.0,0.0,0.0,0.0033602953664956,0.0,0.0,0.0,0.0318031447502431,0.0026974544721587,0.0428281090199512,0.0,0.0,0.0052882642481059,0.0,0.0,0.0,0.0016574230542335,0.0,0.0,0.0365105484062263,0.0009403659207061,0.0,0.0005779188364455,0.0442527222392297,0.0013603236978247,0.0,0.0020124733084168,0.001702036775472,0.0,0.0,0.0040727122581017,0.0,0.0,0.0,0.0,0.0,0.0,0.0,0.0,0.0014838187875872,0.0,0.0,0.0,0.0,0.0,0.0,0.0,0.0011726625541286,0.0,0.0115288290709243,0.0,0.0,0.0,0.0014486990421075,0.0,0.0,0.0735923806290494,0.0425920655877408,0.0007468946037684,0.0027006783891566,0.0048179300202035,0.0249479905088572,0.211511330096355,0.0045775595206881,0.0,0.0016968166280062,0.0,0.0005817808830422,0.0,0.007275161900449,0.0,0.0,0.0,0.0125158699100723,0.0105348923821426,0.0024162345420965,0.0,0.0048385626985589,0.0,0.0,0.0,0.0027793731554292,0.11924353192886,0.0,0.100669339059988,0.0039746824175028,0.0,0.0,0.0005735551966981,0.0,0.0022104131402404,0.0,0.0,0.0,0.0,0.0094403975381155,0.002372138855572,0.0010133156518803,0.0,0.0,0.0,0.0,0.0210623927509766,0.0,0.0075542791672549,0.0073950416474725,0.0,0.0,0.0014462131452386,0.0259637909677994,0.0,0.0005408459346617,0.0,0.0,0.0,0.0050908573066488,0.0,0.0010193159479774,0.0009952779520074,0.0013820065048394,0.0,0.0062567156222279,0.0,0.0,0.0203719035979466,0.0,0.0,0.0,0.0,0.0,0.0,0.0,0.0,0.0,0.0,0.0,0.0010702301174837,0.009530274140571,0.0364035512615733,0.0053796888851196,0.0,0.0,0.0,0.0546520291756528,0.0048454776680481,0.0008381988859933,0.0,0.0,0.0,0.0008812393749071,0.0,0.0006188909202406,0.0,0.0,0.0010557587132888,0.0,0.0,0.0,0.0,0.0,0.0,0.0,0.0,0.0011425819722158,0.0,0.0178904168981915,0.0,0.0,0.0,0.0,0.0007999885353215,0.0216045738552982,0.0100337591109387,0.0,0.0,0.0,0.0008545235783478,0.0,0.0,0.0,0.0,0.0,0.0009686286754128,0.0,0.0,0.0018026861847546,0.0,0.0,0.0,0.0,0.0059804283448395,0.0
LRN,0.0,0.0,0.0,0.0,0.0,0.0,0.0,0.0,0.0,0.0,0.0013684634812547,0.0,0.610367195843821,0.0,0.0,0.0,0.0,0.0,0.0,0.0,0.0016637777482772,0.0,0.0,0.0,0.0,0.0,0.0,0.0,0.107728377477978,0.0,0.0,0.0,0.0,0.0,0.0,0.0,0.0,0.990036974854005,0.0,0.0,0.0,0.0,0.0294418912019902,0.0,0.0,0.0,0.0022895934711269,0.0,0.0,0.0,0.0092174312767531,0.0352931670059736,0.0,0.0,0.0027760771817737,0.0,0.0,0.0,0.0,0.0,0.0,0.0,0.0015730776800893,0.0,0.302818223894799,0.066079390838051,0.0,0.0,0.0,0.010074888922415,0.0,0.0,0.0,0.0,0.0,0.0,0.0,1.17567011018947,0.0,0.0,0.0,0.0,0.0,0.0,0.22767240661048,0.0,0.0,0.0,0.0,0.0,0.0,0.0,0.031538461540464,0.0,0.0009202252542847,0.0,0.0,0.0,0.0,0.0,0.0,0.0,0.0046966852830401,0.0,0.0,0.0,0.0,0.0,0.0,0.0,0.0,0.0022325252351695,0.0,0.0,0.0,0.0,0.0,0.0,0.0,0.003880057283198,0.0,0.0,0.0067302250161538,0.0,0.0,0.0,0.0,0.0,0.0,0.0,0.0,0.0,0.0,0.0,0.0,0.0,0.0139027804056315,0.0,0.0616973348849264,0.0,0.0,0.0,0.0007773615965578,0.0,0.0,0.0,0.0,0.0432917841675804,0.0,0.0,0.0,0.0232708947120139,0.0101130937141528,0.0035313262413012,0.0,0.0,0.0006006690876618,0.0,0.0,0.0,0.0,0.0,0.202707680844041,0.0,0.0,0.0,0.0,0.0,0.0,0.0,0.0947964641495407,0.0,0.0,0.0,0.0,0.0,0.0,0.0,0.0,0.0,0.0,0.0,0.0,0.0,0.0097734947078851,0.0,0.0,0.103465831146392,0.0,0.0,0.0,0.0,0.0,0.0,0.269998795574096,0.0,0.0,0.0,0.0008175161483855,0.006102788500828,0.0013699976426157,0.0,0.0,0.0,0.0,0.0,0.0,0.0,0.0,0.0,0.0022806821883793,0.0,0.0,0.0,0.0,0.0,0.0,0.0,0.0,0.0,0.0,0.344416345985747,0.0,0.0,0.0,0.0,0.0,0.0,0.0,0.0014259538980224,0.0,0.0,0.0,0.0,0.0,0.0,0.0,0.0,0.0,0.0,0.0,0.0,0.0,0.0,0.024647652604219,0.0,0.952869692666102,0.0,0.0,0.0,0.0,0.0,0.0,0.0,0.0,0.0060436607162321,0.0,0.0,0.0,0.0088774581565839,0.0207283057115711,0.0,0.0,0.0,0.0,0.0,0.0021534701145949,0.0,0.0,0.0,0.0,0.0,0.0,0.0,0.0173840381957196,0.0,0.0,0.000673303258959,0.0514119517379404,0.0,0.0,0.0,0.0,0.0,0.0,0.0,0.122021743043609,0.0,0.0,0.0,0.0,0.0,0.0,0.0,0.0,0.0,0.0,0.0,0.0,0.0020582303156493,0.0,0.0230417871558929,0.0074872131673733,0.0011710385081716,0.0,0.0,0.0,0.0,0.0,0.273782281693248,0.0,0.0,0.0,0.0,0.0041288869449646,0.0,0.0,0.0,0.0017991582846844,0.0,0.0,0.0,0.0,0.0,0.0,0.0,0.0,0.0,0.0,0.0,0.0,0.0286825295952855,0.0,0.0,0.243433120193639,0.0,0.0,0.0007437301779864,0.0,0.0,0.0,0.0,0.0,0.0,0.0,0.0863448804148315,0.0,0.0,0.0,0.0,0.0,0.0,0.0,0.0,0.0,0.0,0.0815644119990321,0.0,0.0,0.0,0.0,0.0,0.0046363798922025,0.0,0.0,0.0,0.0,0.0,0.0,0.0,0.0,0.2446860852809,0.0,0.0,0.0,0.0,0.0,0.0,0.0,0.194520548843495,0.0,0.0,0.0,0.0,0.0009546519768711,0.0,0.0,0.0,0.0,0.0,0.0,0.0,0.0,0.012115552715585,0.0007226462937509,0.0,0.0,0.0,0.0,0.0,0.0,0.0,0.0,0.0,0.0,0.0,0.0,0.0010855800364184,0.0075222837243882,0.0,0.0,0.0,0.0,0.0,0.0,0.0,0.0,0.0
LSc,0.0024462540237746,0.0202811910795702,0.185645149608553,0.0688895671206942,0.0,0.0,0.0148153569507221,0.0093316933451862,0.0075159320072024,0.0,0.0,0.0,0.0297338134103936,0.0024241711023383,0.0063901443977605,0.0,0.0,0.001926575230111,0.0059213101365325,0.0034797055103301,0.0,0.0,0.0,0.0,0.116277658535115,0.0212321115578135,0.131672298174924,0.0,0.0015635620976786,0.0,0.0,0.0,0.0,0.0014028132052902,0.0029310674569857,0.0,0.0,0.0093971341167329,0.0081209351226725,0.0037936070647568,0.0257009648713958,0.0,0.0,0.0096168180266443,0.0,0.0550550079554741,0.0809827177124661,0.0134810887226722,0.0,0.0,0.0,0.0,0.0,0.0005403700494037,0.0,0.0,0.000940316437729,0.0058103040238846,0.0,0.0005144874005779,0.0,0.0039759063448472,0.0,0.0,0.0,0.0,0.0040875809581627,0.0,0.0,0.0,0.0,0.0,0.00170459734232,0.0,0.892710271964272,0.0,0.791114370782756,0.0019323374412415,3.33003126917283,5.50692335778798,0.0,0.0009793365096825,0.0,0.0,0.0,0.0,0.0083320602672983,0.0013216251740696,0.0,0.0,0.0,0.0166544223550548,0.0752359011214657,0.0042760503791015,0.0604606019779783,0.0,0.301849780290523,0.0,0.0063054033657307,0.5039950901058,0.0,0.86744633760848,0.0,0.0018756363718688,0.0,0.0009183885112297,0.0010325899022595,0.0,0.0,0.0,0.0,0.0,0.082169277261599,0.0,0.0020785759395444,0.0713360965320262,0.0016361479348571,0.0,0.0,0.0,0.0147632608932952,0.0,0.0975661498083812,0.0,0.0,0.0005506196434272,0.0767651579185151,0.048753612540191,0.0,0.0,0.0,0.0,0.0102946527993599,0.0,0.0,0.0067883836156447,0.0096617202544078,0.0,0.0,0.0,0.0012078112191439,0.0139986029478963,0.0,0.0,0.0060974494649881,0.0,0.0,0.0,0.0,0.0173506620282757,0.0009587253837868,0.0,0.0,0.0,0.0,0.0121227576865564,0.0086837804126934,0.0,0.0,0.0089212935383134,0.432485188052035,0.393659295217233,0.0178007006760121,0.0,0.0,0.0045461586368874,0.0007268096168945,0.004712023934105,0.0025416793382549,0.0,0.0,0.0075287349007447,0.0027376130081783,0.0,0.0070149917021881,0.0,0.0312477212788877,0.0218869662939411,0.0,0.0010335619469376,0.0459067276266015,0.0,0.193256780797275,0.0,0.0,0.0424329988123188,0.0046154402473914,0.0,0.195228564157594,0.130567625832393,0.0,0.0,0.0,0.0087431162855071,0.0,0.013890922168094,0.0,0.0,0.0080687432353214,0.014276835181326,0.0077733501041256,0.0,0.0020878729965492,0.0,0.0,0.0,0.0,0.0007731600275496,0.0,0.0,0.0,0.0139122197338691,0.0,0.0,0.0,0.0018399860396184,0.0008426347621267,0.0,0.0,0.0,0.0,0.0041925149205836,0.0,0.0,0.0,0.0,0.0,0.0010980076908545,0.0008132083301086,0.0,0.0,0.0,0.0068483292890254,0.0194042191466796,0.0067757347913025,0.0653428093504521,0.0,0.0009892304089039,0.0,0.0,0.0,0.0005376085444855,0.0059171684234591,0.0066493380211755,0.0,0.0,0.0068343349766138,0.0026567652421276,0.0045734872324109,0.170024077892861,0.0,0.0,0.0,0.0,0.0024833278313777,0.0063135194982968,0.0111286952850694,0.0010521760151477,0.0013756409966197,0.0,0.0,0.0,0.0,0.0,0.0,0.0016950445092057,0.0051992878825884,0.0,0.0007540981415008,0.0,0.006658304357356,0.0,0.0,0.0,0.0,0.0,0.0,0.0011339804941481,0.0,0.0,0.0,0.0,0.0,0.0056816622054866,0.0,0.0,0.000679404053306,0.0084480552940434,0.130439130714,0.0,0.0018599930440973,0.0,0.0,0.0,0.0,0.0198547054089351,0.0049749950946465,0.0,0.0070707232463718,0.0019060368173815,0.0051737984475146,0.0319407152753301,0.0008873773387575,0.0,0.0,0.0,0.0,0.0,0.0455895890490809,0.0,0.0926999707190556,0.0,0.0,0.0015672535435157,0.0006111450593151,0.0,0.0,0.0,0.0,0.0028632417335916,0.0,0.0442393132191372,0.0,0.0049256314226473,0.0,0.004323695053581,0.0,0.0,0.0,0.0,0.0,0.0107186463136961,0.0,0.0,0.0,0.0091403490542799,0.0141588228415983,0.0,0.0,0.0,0.0,0.0239482948853268,0.0,0.0,0.0057135264314341,0.0065493040636147,0.0,0.0,0.0,0.0,0.0005780103258431,0.0,0.0,0.0012388123270989,0.0,0.0,0.0,0.0,0.003380623887947,0.0019472845940281,0.0,0.0,0.0008190162507245,0.0198853063404124,0.023557401603354,0.0,0.0,0.0,0.0,0.0820266978747248,0.0021997361235721,0.0031201175315566,0.0,0.0,0.0018240970839548,0.0009053330129559,0.0,0.0,0.0,0.0,0.001748110659012,0.0,0.0,0.0,0.0,0.0031681083287902,0.0012467977014019,0.0,0.0,0.0053520660587199,0.0,0.0158940093293224,0.0,0.0008340785277164,0.0005657988051461,0.0039594112196882,0.0,0.0608599045478114,0.0172742803710621,0.0095338029340173,0.0,0.0,0.0142276116499535,0.0027642230240544,0.0,0.0,0.0,0.0,0.0069847909467873,0.0,0.0,0.0,0.0,0.0,0.0,0.0,0.0,0.0
LSr,0.0,0.0,0.0,0.125603807087646,0.0,0.184258927736176,0.0,0.0,0.0,0.0,0.0,0.0,0.0,0.0,0.0,0.0,0.0009320453974199,0.0,0.0,0.0,0.0,0.0,0.0,0.126978636164647,0.116244149561109,0.0088230484126709,0.0831183049092546,0.001202717157943,0.0,0.0,0.0,0.0,0.0,0.0,0.0,0.0,0.0,0.0,0.0,0.0,0.0,0.0256002543816633,0.0,0.0,0.0,0.0,0.0,0.0,0.0005806368671948,0.0,0.0,0.0,0.0,0.0,0.0,0.0,0.0,0.0,0.0,0.0,0.0,0.0,0.0,0.0,0.0,0.0,0.0,0.0,0.0,0.0,0.0,0.0,0.0,0.0,0.0309273532207417,0.0,0.0093241340260088,0.0,0.0,0.951449452088769,0.207115039589832,0.0,0.0,0.0,0.0,0.0,0.0,0.0,0.0,0.0,0.0,0.0024133239829807,0.0,0.0,0.0058776764282256,0.0785466709219081,0.154544697080109,0.0,0.0,0.0914688321039292,0.0,0.0025964010009645,0.0,0.0,0.0,0.0,0.0,0.0,0.0,0.0,0.0,0.0,0.0,0.0,0.0,0.0,0.0,0.0,0.0,0.0,0.0,0.0,0.0,0.0,0.0,0.0,0.0285027107572353,0.0,0.0,0.0039487405407732,0.0,0.0,0.0,0.0,0.0,0.0,0.0,0.0,0.0,0.0,0.0,0.0007886204677625,0.0,0.0165709906662372,0.0033604481241304,0.0,0.0051208921335424,0.0,0.01077912083178,0.0070064642371529,0.0,0.0,0.0,0.0,0.0,0.002149306897835,0.0,0.0205576402006663,0.0,0.0,0.0050592262397463,0.0014375548291369,0.0,0.0,0.0,0.0,0.0,0.0008430083515323,0.0,0.0,0.0,0.0,0.0,0.0,0.0,0.0,0.0,0.0,0.0,0.0,0.0,0.0,0.0157965858107901,0.0,0.0,0.0,0.0,0.0,0.0,0.0,0.0641791293309355,0.0,0.0,0.0,0.0,0.0,0.0,0.0,0.0,0.0,0.0,0.0,0.0,0.0206566064087071,0.0,0.0,0.0,0.0,0.0,0.0,0.0,0.0,0.0030516419799539,0.0,0.0,0.0,0.0,0.0,0.0,0.0,0.0,0.0,0.0,0.0,0.0,0.0,0.0,0.0,0.0,0.0,0.0,0.0,0.0017882040152147,0.0006380725934925,0.0007732091851374,0.0094359358581278,0.000542358122892,0.0,0.0,0.0,0.0,0.0,0.0,0.0,0.0,0.0,0.0,0.0,0.0,0.0,0.0,0.0,0.0,0.0,0.0,0.0033501412976817,0.0,0.0,0.0,0.0,0.0,0.0,0.0,0.0,0.0,0.0,0.0,0.0,0.0,0.0,0.0,0.0,0.0,0.0,0.0,0.0,0.0,0.0,0.0,0.0,0.0,0.0,0.0,0.0,0.0,0.0027040240601065,0.0,0.0,0.0,0.0043192100448664,0.0,0.0,0.0,0.0,0.0,0.0,0.0,0.0,0.0,0.0,0.0,0.0,0.0,0.0,0.0,0.0062370153958069,0.0,0.0,0.0206813549171751,0.0,0.0,0.0,0.0,0.0,0.0,0.0,0.0,0.0,0.0,0.0,0.0,0.0,0.0,0.0,0.0,0.0,0.0,0.0,0.0,0.0,0.0,0.0,0.0,0.0,0.0,0.0034198454590918,0.0,0.0,0.0,0.0,0.0,0.0,0.0,0.0,0.0,0.0,0.0,0.0,0.0,0.0,0.0,0.0,0.0,0.0,0.0,0.0,0.0,0.0,0.0021142397351396,0.0,0.0,0.0,0.0,0.0,0.0,0.0,0.0,0.0,0.0,0.0,0.0015699413368749,0.0,0.0,0.0,0.0,0.0,0.0,0.0,0.0,0.0,0.0,0.0,0.0,0.0,0.0,0.0,0.0,0.0,0.0,0.0,0.0,0.0061165551491411,0.0,0.0,0.0,0.0,0.0,0.0,0.0,0.0,0.0,0.0,0.0,0.0,0.0,0.0,0.0,0.0,0.0,0.0,0.0,0.0,0.0,0.0,0.0,0.0,0.0,0.0
LSv,0.0116117589016445,0.0,0.0,0.42605981676742,0.0005725463399056,0.394410896092288,0.0076797199609845,0.0,0.0,0.0,0.0024136139556719,0.0,0.0,0.0024142227040002,0.0,0.0010273760114331,0.0,0.0,0.001349433647886,0.0,0.0,0.0,0.0673939676436277,0.530141558271412,0.0,0.0,0.0,0.0,0.0,0.0,0.0,0.0039285859603402,0.0046994031351996,0.0120308606085208,0.0542665502177826,0.0698498338904942,0.0064738897979263,0.0,0.0027303596072235,0.0024454551682379,0.0,0.071749207341446,0.0,0.0,0.0066133266769217,0.0,0.0,0.0,0.0,0.0,0.0,0.0,0.0,0.0,0.0,0.0007079147512702,0.0017457345488451,0.0025819681990311,0.0020347850647364,0.0,0.0,0.0,0.0099296664894713,0.0,0.0,0.0,0.0,0.005412496635217,0.0145992026072593,0.0,0.0011651299742994,0.0,0.0,0.0406469465230184,0.280157342270059,0.0008541199824292,0.405519455697789,0.0,0.0291543390787339,1.74531001006889,3.03007801658634,0.0,0.0017929135137283,0.0998724344206926,0.0009694739918512,0.0,0.116259348186875,0.0,0.0,0.0,0.0973955804562644,0.0,0.0476986723303709,0.0,0.0,0.342155653007747,0.9220267683928,0.0,0.024160316778147,0.878080713991755,0.0,0.0694771700156761,0.0,0.0,0.0041708227346493,0.0,0.0,0.0064980946461889,0.0,0.0,0.0355867474387623,0.0,0.0,0.0565506381867848,0.0,0.108148270017878,0.0,0.0060484853875751,0.0,0.0060841381075823,0.0,0.0014004456327862,0.0,0.0023910129346521,0.0,0.0,0.0571556601919346,0.0,0.055676766598765,0.0047495125067889,0.0,0.0,0.0,0.0010060491517528,0.0050628505338964,0.0,0.003541454672038,0.011902523997816,0.0199403778375728,0.0,0.0,0.625229208753169,0.0,0.0744302637450972,0.35033632442793,0.0,0.0071060535028896,0.0,0.0286196390056053,0.095284668460969,0.0020730419258576,0.0068080346626077,0.0,0.0,0.0,0.0,0.0052664051801779,0.0406039319506992,0.0121183790262226,0.001130022889221,0.296695891255723,0.0,0.0,0.0,0.0,0.0178846456992642,0.0,0.0103698472719852,0.0007040743212876,0.0009280630580042,0.0,0.0029228492037507,0.0,0.0,0.0,0.0,0.0,0.0016266496965102,0.0,0.0009242900751611,0.0013772114391532,0.0,0.0141844963369931,0.0014038057183655,0.0,0.0,0.0,0.0025288678207453,0.132265107389297,0.0,0.138751934398321,0.0,0.0,0.0,0.0,0.0,0.0,0.0,0.0,0.0,0.0,0.0,0.0056093509586773,0.0553810873848884,0.0,0.0,0.0009724173217719,0.0,0.0,0.0,0.0,0.0,0.0,0.0,0.0,0.0,0.0,0.0,0.0,0.0,0.0,0.0,0.0,0.0,0.0,0.0,0.0,0.0,0.0,0.0,0.0068761030267918,0.0,0.0126994044147203,0.0,0.0,0.0,0.0,0.0,0.0,0.0,0.0023096056671253,0.0048026049365212,0.0,0.0,0.0,0.0,0.0,0.0007539213843795,0.004315419371973,0.0,0.0,0.0,0.0,0.001420028922769,0.0,0.0,0.0,0.0,0.0,0.0,0.0,0.0,0.0,0.0,0.0,0.0,0.0007216727393926,0.0,0.0,0.0,0.0,0.0,0.0023837695389169,0.0,0.0,0.0,0.0005774179635963,0.0,0.0,0.0,0.0,0.0,0.0,0.0,0.0,0.0,0.0,0.0,0.0,0.0,0.0,0.0,0.0100192453517691,0.0,0.0,0.0,0.0007048237758228,0.0,0.001143287065643,0.0,0.0,0.0,0.0,0.0,0.0,0.0,0.0,0.0119344673798789,0.053255920555631,0.0,0.0,0.0,0.0,0.0026770429427307,0.0022687931867444,0.0,0.0008437593983336,0.0,0.0,0.0,0.0,0.0027095658796093,0.0,0.0,0.0230374062722202,0.0,0.0,0.0,0.0,0.0,0.0018227745792936,0.0,0.0008934534717023,0.0,0.0,0.0,0.0,0.0,0.0,0.0,0.0,0.0,0.0,0.0008843491064104,0.0,0.0,0.001270179884243,0.0011587682593206,0.0,0.0,0.128531316789181,0.0,0.005536454137728,0.058812985595782,0.0,0.0,0.0,0.0033522213522507,0.0147855010940893,0.0008035181389762,0.0006673499667843,0.0010612853770486,0.0,0.0,0.0,0.0,0.0,0.0018712458255415,0.0,0.0,0.0,0.0,0.0,0.0,0.0007560172582519,0.0,0.0032437384492744,0.0005910322436022,0.0,0.0,0.0,0.0,0.0,0.0,0.0,0.0,0.0,0.0,0.0,0.0023580418831453,0.0,0.0,0.0,0.0,0.0,0.0,0.0,0.0,0.0,0.0056273101467459,0.0,0.0,0.0,0.0,0.0017567114716761,0.0,0.0,0.0,0.0,0.0,0.0,0.0,0.0111739550195549,0.0,0.0,0.0007607752590066,0.0051443563629324,0.0
MA,0.251569384662003,0.0,0.0,0.742063949752566,0.0,0.0,0.0,0.0,0.0,0.0,0.0,0.0309769352038538,0.0,0.450125727157996,6.53906079257067,0.0,0.0,0.0,0.0,0.0,0.0,0.0,0.338413740477194,0.0242470342347266,0.0,0.0,0.0,0.137739005194171,0.0,0.0011165378018327,0.0,0.0,0.0133763473635215,0.588567411164192,0.291514961417771,0.0,0.0333483007260408,0.0,0.0,0.0,0.0195793203462344,0.0,0.0,0.0,0.0109693084853795,0.0,0.281249150515765,0.0123931084990162,0.250548997367427,0.508346861003509,0.0,0.0,0.0,0.0858756101059053,0.0,0.0,0.0,0.0,0.0537201853111935,0.0,0.0,0.0,0.0,0.022929086001619,0.0,0.0,0.0034282860948772,0.0,0.0082129754862956,0.0,0.0,0.0,0.0,0.15869976044676,1.71456792448702,0.0,0.315879640700638,0.0,0.0,0.0,0.0,1.30445029817526,0.0,0.427739105759022,0.0,0.0,0.442847674348764,0.0,0.0,0.0,0.103527724804598,0.0,11.8215592546767,0.0,0.0,0.0,0.0,0.0,0.123108988460086,0.0,0.0,0.196396097561317,0.0,0.0,0.0118604265595816,0.0,0.0,0.0,0.0,0.0,0.0,0.0,2.48761577489324,0.0,0.367705527431596,0.0830480014174762,0.0,0.0,0.0,0.0,0.0,0.0039472478395494,0.0,0.0,0.0,0.0,0.0,2.38108283127886,0.0,0.0,0.0,0.0,0.0,0.0,0.0102982229378388,0.0,0.0,0.0,0.0283334644552641,0.0,0.0,0.0409297334320328,0.0,0.0,0.0871983990456223,0.0,0.0,0.0,0.0,0.0,0.012792937818351,0.0340360290913268,0.006429691771433,0.0,0.0,0.0,0.0,0.0,0.0,0.0,0.0,3.63963657670892,0.0,0.0843653736652944,0.007692640406086,0.0,0.0,0.0042396547114652,0.0,0.0,0.0,0.0,0.0,0.0,0.0018330267232699,0.0,0.0,0.0014790912060682,0.0,0.0,0.0,0.0,0.0183902782451306,0.0,0.0,0.0,0.131433493087606,0.0052060256243294,0.0,1.30294822922817,0.0,0.0,0.0021506057212008,0.0,0.0,0.0,0.0,0.0,0.0,0.0,0.0,0.0,0.0146406467058588,0.0,0.0,0.0,0.0,0.187276143900402,0.0,0.067290412464463,0.0,0.0,0.0,0.0251632107516972,0.0,0.0,0.0,0.0,0.0,0.0,0.0009373920716194,0.0,0.0,0.0,0.0,0.0,0.0,0.0015023158289018,0.0,0.0,0.0,0.0007205630328493,0.0249375984169445,0.0,0.0,0.0065750110081043,0.0,0.0,0.0016756837308371,0.0,0.0,0.0,0.0184146319231235,0.0068521230188317,0.0,0.0125798665887932,0.0,0.0,0.0,0.048349068479123,0.0,0.0,0.0,0.0017268406813413,0.0,0.0,0.0,0.0,0.0,0.0,0.0,0.0,0.0,0.0,0.0,0.0,0.0,0.0,0.0,0.0,0.0,0.0,0.003235939637496,0.0,0.0,0.0,0.0,0.0,0.0,0.0027827622711221,0.0,0.0,0.0622551949635433,0.0881826045904757,0.0,0.003924517350276,0.0,0.0,0.0,0.0,0.175790152487844,0.0,0.0840624220692237,0.0,0.0,0.0189746270608146,0.0,0.0,0.0,0.0110139660671712,0.0,0.0189268070095495,0.0,0.0,0.0,0.0,0.0,0.0033572654676854,0.0,0.0,0.0135943643501587,0.0,0.0,0.0025494366536105,0.0,0.0,0.0,0.0,0.0,0.0,0.0259536197101339,0.0,0.0,0.011421362034776,0.0260161502900057,0.0,0.0,0.0,0.0,0.0,0.001965526693562,0.0,0.0,0.0,0.0,0.0,0.0,0.0,0.0,0.0,0.0,0.0056077218410451,0.0,0.0,0.0005419149037405,0.0,0.0006107992085861,0.0042900576982427,0.0,0.0,0.0030863205090366,0.0009824344862627,0.0,0.0,0.0,0.0,0.0,0.0,0.0,0.0,0.0025553942501392,0.0,0.0,0.0,0.0,0.0034051266775948,0.0,0.0,0.0,0.0,0.0714130344999257,0.0,0.0,0.0022720860736563,0.0,0.0,0.0,0.0,0.0,0.0,0.0,0.0,0.0,0.0,0.0,0.0,0.0,0.0,0.0,0.0010038846589939,0.0,0.0,0.0,0.0,0.0,0.0,0.0016173211047012,0.0,0.0221125909445659,0.0,0.0,0.0,0.0,0.0,0.0,0.0,0.0,0.0,0.0036104969142684,0.0,0.0,0.0,0.0,0.0,0.0,0.0,0.0209773936929015,0.0
MARN,0.0,0.0011712493296482,0.0079737476789044,0.0,0.0,0.0,0.0057001666128844,0.0027421318813032,0.0,0.0183127193058283,0.0,0.0,0.0,0.0,0.0,0.350715796673948,0.0,0.0007261644587885,0.0009913342221414,0.0011571929779481,0.0,0.0,0.0,0.0,0.0,0.0,0.0,0.0,0.0471329249058638,0.0083591056885765,0.0,0.0,0.0,0.0086926280405253,0.010389800542981,0.0,0.0,0.1559209267985,0.0,0.0,0.0339980077169418,0.0,0.0,0.0,0.0,0.0031071820941479,0.0,0.0,0.0,0.0,0.0,0.0,0.0,0.0,0.0,0.0,0.0,0.0021249461840703,0.0,0.0,0.0,0.0,0.0,0.0,0.0544974497062111,0.0,0.0,0.0,0.0017294030215288,0.0089937448037222,0.0,0.0,0.0,0.0103335751709085,0.0,0.0017053382839021,0.0,0.264799012163193,0.0,0.0,0.0,0.0013791774499676,2.03663557173839,0.0,0.232858614765464,0.0,0.0,0.0026838015137202,0.0,0.0017853233290834,0.0,0.0,0.0153282789863525,0.0028055886214896,0.0099078059096693,0.0,0.0,0.0,0.787596142837662,0.0,0.0,0.0,0.0,0.0,0.001584347857303,0.0,0.0,0.0109609082343996,0.0,0.0,0.0031544652416302,0.0009049392865511,0.0186598957295624,0.001033596111879,0.0,0.0,0.0,0.0243753748667096,0.236124477732512,0.0,0.0018045156591669,0.0803348824243246,0.0,0.0,0.101937558468431,0.822936357629774,0.0,0.0221070781793043,0.0,0.0,0.001155129416351,0.0020160420654476,0.0027542202662001,0.0,0.135515583204732,0.0,0.0,0.956661731751016,0.287568628589321,0.0,0.0,0.0,0.0,0.0,0.0,0.00214270167451,0.0,0.0,0.0,0.0,0.0,0.167033021849117,0.0,0.0006575627310912,0.00272126506896,0.0074687164074621,0.0005350637493105,0.0,0.0,0.0,0.0,0.0,0.0,0.0,0.000581217212933,0.0040915738765785,0.0,0.0,0.0,0.0069469165286482,0.0186501147102081,0.0,0.0,0.0,0.0047632258004717,0.0,0.0147917154283418,0.0072079581856337,0.0,0.00232090468237,0.0293283833838872,0.0,0.0,0.0,0.0042744869579587,0.0,0.0022116674966581,0.0,0.0,0.0113391570393804,0.0,0.0316726464223862,0.0,0.0,0.0,0.0031584515841255,0.0,0.0,0.0006081709729055,0.0024482774176416,0.0,0.0,0.0064948435791003,0.0,0.000645086557181,0.0,0.0,0.0,0.0,0.0,0.0009815917316249,0.0130713088807681,0.0,0.0,0.0,0.0,0.0008808842843192,0.0014981515806132,0.0,0.0,0.0,0.0,0.0,0.0,0.323895376455598,0.001520566775616,0.0,0.0,0.0,0.0,0.0,0.0,0.0,0.0010198907712888,0.0,0.0037190525315276,0.0,0.0109133171831835,0.0067507957573711,0.0,0.0,0.0,0.0077131801012598,0.0,0.0,0.0,0.0229460881962695,0.0,0.0,0.096521928818415,0.0,0.0037906549991834,0.0,0.0,0.0006466947054137,0.0,0.0,0.0,0.0,0.0,0.0,0.0,0.0,0.0,0.0,0.552566351173556,0.0008042967043435,0.0,0.0,0.0,0.0,0.0,0.0,0.0121810806678324,0.0,0.0,0.0758951595921075,0.0,0.0016621953853331,0.0,0.0,0.0,0.0,0.0,0.0,0.0,0.131542536393724,0.0,0.0,0.0,0.0,0.463706506047223,0.0,0.006826093690506,0.0,0.0094832480296195,0.0013733446813973,0.0,0.0,0.0,0.0010441868123923,0.0228553657597078,0.0006976648115974,0.0,0.0,0.0,0.0,0.496575235274756,0.0,0.0602835714670238,0.0,0.0,0.0,0.0015785367631243,0.0,0.0,0.0086631811326141,0.0,0.0007842252159805,0.0036361792428377,0.0008643810829471,0.0378027750372305,0.0,0.0043322366585838,0.0,0.0,0.207536529686199,0.0,0.0,0.0,0.0976973481633616,0.0,0.0181038773416241,0.0,0.234303217697664,0.0,0.0,0.0005284082269285,0.0,0.0,0.0018480654698825,0.0252796210273247,0.0,0.0413993700784878,0.00518161784758,0.0,0.266440279247757,0.205693685904185,0.0338504242535274,0.0009515783128617,0.0,0.0,0.0,0.0,0.0011430210265197,0.0,0.0,0.0,0.0,0.0,0.184501971260808,0.0,0.0006259796813539,0.0134790198881793,0.0137643185326093,0.0,0.0,0.0,0.0,0.0,0.0,0.0,0.0,0.0,0.0,0.0,0.0,0.0,0.0053626984760115,0.0,0.0,0.0139144290707269,0.0,0.0,0.0,0.0,0.0,0.0,0.0,0.0,0.0,0.0,0.0368571566567784,0.0073358030571579,0.0,0.0020560475052159,0.0,0.0,0.0212236289944243,0.0,0.0118217010034096,0.0,0.0,0.285309739097172,0.0,0.0,0.0,0.0,0.0009778725379091,0.0,0.0,0.0,0.0,0.0055459094170333,0.0,0.0,0.0,0.0939926154029703
MD,0.0,0.221330610081821,0.019796606794014,0.146380917262126,0.0,0.0,2.63254316715795,0.0,0.422598606613424,0.0,0.04551861937326,0.043609654350006,0.0,0.0032336638283353,0.0,0.0,0.0,0.0,0.0,0.0,0.0160771666533291,0.0,0.0,0.0,0.0,0.0022474843198615,0.0,0.0,0.0,0.0206192374647811,0.109614614490778,0.0007877038730279,0.0269666132174891,0.0,0.0,4.24322403453459,0.0,0.0005738145038368,0.0,0.0,0.0,0.0,0.0,0.0,0.0,0.0,0.024051550066896,0.0,0.0,0.0,0.0,0.0,0.707286796809445,0.0,0.266091996178199,0.0054828533061539,0.0,0.109844233465565,0.0,0.0,0.0,0.0,0.125592279125991,0.0789558950253056,0.0,0.0,0.0,0.0,0.0,0.0,0.0,0.0,0.0,0.0,0.0,0.0,0.0,0.0,0.0,0.0,0.0,0.0,0.0,2.13155430376467,0.0,0.0,0.0,0.0,0.0,0.0,0.0,0.0,0.0136966751427179,0.391623892106837,2.50860206101468,0.0,0.0,0.0,0.0,0.0,0.0,0.0017119522944834,0.0,0.0,0.0009193378518707,0.0,0.0,0.0,0.0,1.1370330835073,0.382088258215679,0.260026895100709,0.0289266485783756,0.0,0.0,0.0,0.0,0.0,0.0,0.0,0.0020220904279447,0.0,0.0009244670079323,0.0014549339900932,0.0,0.0,0.0,0.0024565886063455,0.717875326758308,0.0,0.0039862080203604,0.0,0.0,0.0,0.0,0.0,0.0028351426642023,0.0,0.002622348171396,0.0,0.0,0.0031310622478968,0.0,0.0,0.0235372884968998,0.0,0.0,0.0,0.0,0.0,0.0,0.0,0.0,0.0,0.0,0.0,0.458577955421456,0.0,0.0,0.0,0.0,0.0588973534287654,0.0,0.0313898225780213,0.0,0.0059020978552304,0.0,0.0,0.0,0.0,0.0,0.0,0.0,0.0,0.0,0.0,0.0,0.0,0.0,0.0,0.0,0.0,0.0,0.0,0.0,0.0,0.0,0.0012191692939957,0.0,0.0,0.0,0.0,0.286803203217826,0.0,0.0,0.0017091517677521,0.0,0.0,0.0,0.0,0.0,0.0,0.281896421804281,0.0,0.0024574901435289,0.0,0.0,0.0,0.0,0.0,0.0,0.0052824868666376,0.0,0.0,0.0,0.0,0.0,0.0,0.0,0.0,0.0,0.0,0.0,0.0,0.0,0.0,0.0,0.0,0.0,0.0,0.0,0.0,0.0,0.0,0.0,0.0,0.0,0.0,0.0,0.0,0.0,0.0,0.0,0.0010602889553245,0.0,0.0,0.0006059531408141,0.0006492280588588,0.0,0.0,0.0,0.0,0.0,0.0,0.0,0.0,0.0,0.0,0.0,0.0,0.0,0.0,0.0,0.0,0.0,0.0,0.0,0.0,0.0,0.0,0.0,0.0,0.0,0.0,0.0,0.0,0.0,0.0,0.0,0.0,0.0,0.0,0.0,0.0,0.0,0.0,0.0,0.0,0.0,0.0,0.0,0.0,0.0,0.0,0.0,0.0,0.0007359357715075,0.0,0.0,0.0,0.0,0.0023203907379455,0.0,0.0,0.0,0.0,0.0,0.0,0.0,0.0,0.0042045616140199,0.0,0.0,0.0006969247758238,0.0,0.0,0.0,0.0,0.0,0.0,0.0,0.0,0.0,0.0012617059786917,0.0,0.0,0.0,0.0,0.0,0.0,0.0,0.0,0.0,0.0,0.0,0.0,0.0,0.0049110550727045,0.0,0.0,0.0,0.0036737131924858,0.0,0.0,0.0009123990155084,0.0009484993801592,0.0005466393853747,0.0,0.0,0.0,0.0,0.0,0.0,0.0,0.0,0.0,0.0,0.0,0.0,0.0,0.0,0.0,0.0,0.0,0.0,0.0,0.0,0.0,0.0,0.0,0.0,0.0,0.0,0.0,0.0,0.0,0.0,0.0,0.0,0.0,0.0,0.0,0.0,0.0,0.0,0.0,0.0,0.0,0.0,0.000685060446673,0.0,0.0,0.0,0.0,0.0,0.0,0.0008664997516445,0.0,0.0033384874134726,0.0,0.0,0.0,0.0005365978204838,0.0,0.0,0.0,0.0,0.0,0.0,0.0,0.0,0.0,0.0,0.0,0.0,0.0,0.0,0.0
MDRNd,0.0,0.0,0.0011338838608894,0.0,0.0,0.0,0.0,0.0012914171780755,0.0006463381678654,0.0054204902933115,0.0,0.0,0.0,0.0,0.0,0.0,0.0,0.0,0.0,0.0,0.0,0.0,0.0,0.0,0.0,0.0,0.0,0.0,0.0192690301410135,0.0,0.0,0.0,0.0,0.0,0.0,0.0,0.0,0.0021195260187181,0.0,0.0,0.0,0.0,0.0,0.0,0.0009333399134458,0.0,0.0,0.0,0.0,0.0,0.0,0.0013873273693944,0.0,0.0,0.0,0.0,0.108931134465209,0.0,0.0,0.0,0.0,0.0005280956477364,0.0,0.0,0.0030740120307796,0.0013963142922281,0.0,0.664461093075195,0.0,0.000923955636866,0.0,0.0,0.0,0.0,0.0,0.0,0.0,0.0540014215890818,0.0,0.0,0.0,0.0,0.0,0.0,2.62157801444814,0.914748145860404,0.0,0.0,0.0,0.0,0.0,0.0,0.0060709379201642,0.0,0.0007018300516697,0.0,0.0,0.0,0.0,0.0,0.0,0.0,0.0,0.0,0.0,0.0,0.0,0.0,0.0898508608915158,0.0,0.0,0.0,0.0035792299570657,0.0,0.0,0.0,0.0,0.787787678027771,0.0275581126341481,0.0,0.0,0.0,0.0,0.0,0.0118429670301214,0.0880999031696195,0.0,0.0051006536307069,0.0,0.0,0.0,0.0,0.0,0.0,0.0,0.0,0.0,0.0,0.0,0.0008288956200701,0.251761460317737,0.0,0.0,0.0,0.0,0.0,0.0,0.0,0.0,0.0,0.0,0.0,0.0,0.0007896258044716,0.0,0.000757853835787,0.0,0.0,0.0,0.0,0.0,0.0,0.0041081732996265,0.0,0.0,0.0,0.0071589113340176,0.0,0.0,0.0,0.0705469549308165,1.34006072091487,0.980565596486468,0.666858189899196,0.0005378320504784,0.0,0.0,0.0,0.0,0.0,0.0016010963583874,0.0,0.0,0.0075397831955077,0.0,0.0009031461411097,0.0,0.0,0.0,0.0013541358834477,0.0,0.0,0.0,0.0,0.235142524940305,0.0013102082980746,0.0,0.0,0.0,0.0018592296185662,0.0,0.0,0.0,0.0,0.0,0.0,0.0,0.0,0.0,0.0,0.0007406810781615,0.0074955410792794,0.0,0.0,0.0,0.0,0.0,0.0,0.0,0.0,0.0,0.0,0.0,0.0,0.114344555806818,0.0,0.0,0.0,0.0,0.0,0.0,0.0,0.0,0.0007501328230337,0.0,0.0,0.0,0.0591281697342216,0.0104484130997007,0.0,0.0,0.0,0.0,0.0011118749514152,0.0,0.0,0.0148710029918952,0.0,0.0,0.0032900889265371,0.0,0.0,0.0040282183379145,0.0,0.0,0.0005289651116198,0.0,0.0,0.0,0.0,0.0030556669995569,0.0,0.0,0.0,0.0,0.364854436997888,0.0007914775363374,0.0,0.0,0.0,0.0,0.0,0.0,0.154406867863855,0.0066579481810551,0.0,0.233099433016453,0.0,0.0,0.0,0.0,0.0,0.0,0.0,0.0006157732007158,0.0,0.0272608826944538,0.0,0.0,0.0,0.0,0.114778829354939,0.0104006688283227,0.0905266053683036,0.297186419042958,0.0006515183040678,0.0,0.0054533726760442,0.0,0.0,0.0,0.0070185295978647,0.0,0.0013975027623656,0.0,0.0,0.0,0.287633674871502,0.0,0.0103162789610724,0.0,0.0,0.0032402033505897,0.0,0.0,0.0,0.0039693420156435,0.0349171518258589,0.0,0.0012577905101905,0.0,0.0027172422529523,0.0,0.0022677564866527,0.027071060327288,0.0,0.0504539667949351,0.0392812577312418,0.0,0.0,0.0194820607541456,0.0,0.0332739836608066,0.0266564436613405,0.052965274405573,0.0,0.0029970648526859,0.0,0.0,0.0153747467492828,0.004020257386397,0.0008292102716899,0.0,0.0173049631269099,0.0,0.0,0.31216273942604,0.0913655259439167,0.0,0.0933434835377197,0.0,0.0,0.0,0.0,0.0,0.0,0.0,0.0,0.0,0.0,0.0459878315175745,0.00807951572358,0.0005390756531955,0.0017515089813923,0.0017968720570857,0.0,0.0,0.0606505010062992,0.0009371558415497,0.0,0.0,0.0093277199270787,0.0,0.0089687523322791,0.0206070395798028,0.0069854229987773,0.0012776977697294,0.0015512064224113,0.0102658114301145,0.0013140484433821,0.0871101963894396,0.107699554832026,0.0661308376329467,0.0005927032995232,0.0,0.0,0.0,0.0,0.0,0.0,0.0,0.0,0.000660216924075,0.0023516937156584,0.0,0.0,0.0874818198973766,0.0,0.0097519050959968,0.0,0.0,0.0183173343109674,0.0,0.0073620403359426,0.0,0.0,0.0,0.0,0.0016090708407975,0.0,0.0,0.0131265071162148,0.0,0.0163582745724072,0.0,0.0,0.0118298642816623,0.0
MDRNv,0.0,0.0,0.0074964136799788,0.0,0.0,0.0,0.0,0.0,0.0,0.0149158780014015,0.0,0.0,0.0,0.0,0.0,0.0084901567252605,0.0,0.0,0.0,0.0,0.0,0.0,0.0,0.0,0.0,0.0,0.0,0.0,0.150715546172108,0.0019358267575748,0.0,0.0019111875797299,0.0,0.0,0.0,0.0,0.0,0.0,0.0338735551249848,0.0,0.0,0.0,0.0,0.0,0.0093772828286582,0.0,0.0,0.013175219702298,0.0,0.0,0.0,0.0,0.0,0.0,0.0,0.0,0.0,0.0,0.0,0.0102925578349077,0.0082877061400665,0.0300519548633229,0.0,0.0,0.0,0.0,0.0,0.0,0.0,0.0,0.0,0.0,0.0,0.0,0.0,0.0,0.0,0.0,0.0,0.0,0.0,0.0,0.0,0.0049247811719468,0.0,0.491981555674642,0.0,0.0,0.0,0.0,0.0,0.0,0.0,0.0,0.0021160433631238,0.0,0.0,0.0,0.0963566056438575,0.0,0.0,0.0,0.0,0.0,0.0,0.0,0.0,0.0014584033267995,0.0946868097071232,0.0,0.0,0.0,0.0,0.0,0.0,0.170568781033424,0.0,0.0,0.0,0.0067002292728691,0.0,0.0,0.0,0.0,0.0,0.0,0.0,0.0,0.0,0.0,0.0,0.0,0.0018927063073246,0.0,0.070927653095777,0.0,0.0,0.0141640965771321,0.0,0.0,0.0,0.0,0.0,0.0,0.0,0.0,0.0,0.0185018159531553,0.0,0.0,0.0,0.0011596046145228,0.0013522020889177,0.0,0.0,0.0041704519393532,0.0,0.0,0.0,0.0,0.0046310036128312,0.0,0.0,0.0,0.0,0.0009045723443866,0.0,0.0005260355020928,0.0,0.0,0.0,0.0,0.0,0.0,0.0,0.0,0.0,0.0,0.0,0.0,0.0,0.0,0.0,0.0,0.0,0.0,0.0,0.0,0.0155736934836248,0.0,0.0,0.0,0.0,0.0035470514406335,0.0,0.0,0.0,0.0,0.0,0.0,0.0,0.0,0.0,0.0,0.0,0.0,0.0,0.0,0.0,0.0,0.0,0.0,0.0,0.0,0.0,0.0,0.0,0.0,0.0,0.0009259922237448,0.0,0.208319580339991,0.0,0.0,0.0,0.0,0.0,0.0,0.0,0.0,0.0,0.0,0.0,0.0,0.0,0.0,0.0,0.50967648663922,0.0070019334928622,0.0,0.0022720638503652,0.0,0.0,0.0,0.0,0.0,0.266612133409193,0.0621787831617543,0.0,0.0,0.0,0.0388566859620769,0.0,0.0009256907543021,0.0,0.0,0.0,0.0,0.0,0.0,0.0,0.0,0.0,0.0,0.0,0.0,0.0,0.0,0.0,0.0,0.0,0.0,0.0,0.0,0.0219660963900469,0.0,0.0,0.0,0.0,0.0,0.0,0.0,0.0089349430693802,0.0,0.0,0.0,0.0,0.0,0.0,0.0,0.0,0.0,0.0116350201500162,0.0,0.0,0.0,0.0,0.0,0.0,0.0,0.0,0.0,0.0,0.0,0.0,0.0,0.0,0.0,0.0,0.0,0.0,0.0,0.0,0.0,0.0,0.0,0.0130969639554994,0.0179796209805789,0.0,0.0,0.0,0.0,0.0,0.0,0.25497912696243,0.0,0.0,0.0,0.001894490056008,0.0,0.0525017061450529,0.195212198817132,0.0,0.0,0.0,0.0,0.0,0.0,0.0,0.0,0.0,0.0,0.0,0.0578575168405501,0.0,0.0199192086323294,0.0,0.0,0.0,0.0,0.0,0.0,0.0,0.0,0.0,0.0,0.0309171051132151,0.0,0.0,0.0,0.0,0.0,0.0,0.0,0.0,0.0,0.0,0.0,0.0082401459242003,0.0049674570533273,0.0,0.0,0.0,0.0,0.0,0.0,0.0071611100123403,0.0032304177896081,0.0,0.0,0.0,0.0,0.0,0.0,0.0,0.0,0.0,0.0,0.0,0.0,0.0024231527740945,0.0,0.0,0.0,0.0,0.0,0.0,0.0084511718341144,0.0,0.0,0.0,0.0,0.0,0.0,0.0,0.0,0.000672615564431,0.0,0.0,0.0,0.0,0.0,0.0,0.0,0.0,0.0,0.0,0.0
MEA,0.0683535080314647,0.0,0.0,0.138648212405008,0.0,0.124534876613768,0.0,0.0122482882655197,0.0,0.0,0.0006991449553424,0.0006973399141953,0.0,0.0401416030957294,0.0250784028637496,0.001268583976812,0.0233250588999742,0.0,0.0,0.0007374060315482,0.0006087793642305,0.129703784056651,0.342543089136329,0.432101295222116,0.0391815475360263,0.0,0.0060720512065811,0.168990092848636,0.0,0.0,0.0,0.0005437390053672,0.0007322581065093,0.119452330691714,0.881209961321263,0.0,0.0,0.0,0.0021982390580512,0.0,0.0100874901725202,0.043924447353634,0.0,0.0025717065462728,0.0,0.007009319323911,0.1073372458932,0.0397748421958204,0.0075155270969214,0.0496909461704408,0.0,0.0,0.0,0.0129239485640987,0.0,0.0152322552943248,0.0022609828824834,0.0,0.0250896414555759,0.0,0.0,0.0,0.0,0.0007504236988628,0.0,0.0,0.0,0.0063930800664212,0.07342243939607,0.0,0.0,0.0,0.0005462131509635,0.0045551488255779,0.142314373352362,0.0,0.0377432520156292,0.0,0.0,0.0152945918153306,0.0387408658328922,0.021562993597444,0.0013948924685951,0.0044307250056256,0.0013859457841425,0.0,2.05603609818015,0.0,0.0,0.0,0.0018669084548961,0.0022301481513907,0.0267346844683857,0.0,0.0,0.0920743810186725,0.0736127039114274,0.0,0.0217062247874,0.0074842997796784,0.0,0.0492882464189522,0.0,0.0,0.0253123578630867,0.0,0.0,0.0,0.0017894771051139,0.0,0.0,0.0,0.111804412052009,0.319589937857702,0.116726705659724,0.0389526059570953,0.0,0.0088385086351888,0.00116858188798,0.0005341397052137,0.0054875767435209,0.0013775857512935,0.0,0.0,0.0,0.0005241204101469,0.0237388975054199,0.17133787787037,0.0,0.011221876993845,0.0,0.0,0.0,0.0,0.0027701845113235,0.0,0.0005294205439678,0.0047227319732282,0.0027163714608768,0.0,0.0,0.0042284319848178,0.0,0.0295431276984389,0.0087171294346952,0.0102934507954207,0.0074315973838904,0.0,0.0175727115902398,0.0117715340040079,0.0,0.0025387725198353,0.0,0.0,0.0,0.0,0.0258738833197518,0.0190238076300308,0.0113924323561511,0.0,0.0007654525864342,0.231678280654981,0.0,0.0005603450570665,0.0017889358663064,0.0046948708241221,0.0,0.0054368385944242,0.0011686864032974,0.0021493419318926,0.0,0.0,0.0,0.000626853627077,0.0,0.0020129769902701,0.0,0.0,0.0,0.0068523800602336,0.0,0.0036530650220745,0.0071105651278451,0.0011404099691054,0.0,0.0044689669465455,0.0783884867075783,0.0011373183002147,0.0006975298937127,0.0190658479257559,0.0759580664456186,0.0006323955974259,0.00164813109937,0.0,0.0,0.0027692783621853,0.0,0.0,0.0,0.0,0.0,0.0,0.0044001229844405,0.306483192721852,0.0029643619851477,0.0012245428935714,0.0028445996252491,0.0012836757000521,0.0,0.0018820276850025,0.0,0.0,0.0421024636763185,0.0,0.0015599907859299,0.0,0.0,0.000817064932225,0.0,0.0,0.0,0.0,0.0,0.0063353094295524,0.0,0.002431147185049,0.0,0.0,0.0,0.0,0.0,0.0059144760382093,0.0224717994662465,0.0,0.0,0.0,0.0063909226683915,0.0,0.0,0.0,0.0,0.0,0.0007394663846305,0.0044708361806976,0.0,0.0,0.0,0.0006560663425695,0.0,0.0,0.0006546599987701,0.0,0.0,0.0,0.0030880422940837,0.0022615008904256,0.0,0.0,0.0005263388861426,0.0,0.0,0.0,0.0031535591351137,0.0,0.0,0.0,0.0,0.0006768752931817,0.0,0.0,0.0,0.0032951312445279,0.0,0.0,0.0,0.0,0.0005907777632761,0.0,0.0,0.0,0.0,0.0,0.0,0.0047345623486371,0.0,0.0015431274724105,0.0,0.0,0.0018597361319708,0.0011832126835684,0.0,0.0,0.0,0.0,0.0,0.0058449920344586,0.0,0.0,0.0,0.0,0.0,0.0,0.0,0.0,0.0015711057834809,0.0019796147816247,0.0,0.0013854728576681,0.0013326975309019,0.0,0.0021307991513662,0.0,0.0,0.0,0.0,0.0,0.0,0.0,0.0,0.0,0.0,0.032609223450626,0.0030681763956419,0.0054772957139454,0.0051250658877426,0.0,0.0,0.0,0.0,0.000876682790537,0.0,0.0,0.0,0.0,0.0,0.0032171100671324,0.0055409296258396,0.0,0.001642620732393,0.0,0.0,0.0,0.0,0.0,0.0,0.0,0.0005743423021489,0.0,0.0,0.0,0.0006876834101057,0.0,0.0,0.0028502750667224,0.0005192169337943,0.0,0.0,0.0070843536322473,0.0038147574372193,0.0,0.0,0.0,0.0,0.0,0.0,0.0,0.0,0.0011585706375854,0.0,0.0,0.0129667904137843,0.0,0.0,0.0,0.0,0.0,0.0010791532015547,0.0,0.0,0.0,0.0,0.0,0.0,0.0,0.0,0.0,0.0,0.0,0.0,0.0,0.0,0.0019506336027645,0.0,0.0,0.0009286604018306,0.0,0.0,0.0,0.0021220971651784,0.0111478385228188,0.0,0.0,0.0,0.0,0.0006222535097297,0.0,0.0,0.0,0.0,0.0,0.0,0.0,0.028137042400218,0.0,0.0,0.0,0.0,0.0
MGd,0.0113460925432642,0.0,0.0,0.0270017401237813,0.0,0.0175843580283123,0.0740373934655082,0.41741274547816,0.226027388523607,0.0,0.0,0.0,0.0,0.0,0.004325233358792,1.55764816683882,0.0317584548614465,49.7021742484887,182.136225851272,115.051825111159,0.0,3.43152022830896,0.0686163489910722,0.0,0.0061892516519202,0.0310940143664999,0.0,2.44103253984346,0.0266513709811576,0.0,0.0,0.0,0.0,0.177695152155118,0.396099813887159,39.2003885473308,0.0,0.012236420393647,0.458817513417205,0.0,0.272288853662426,0.0,0.0,0.0288020364556316,0.0,31.8129634996183,0.617921825936486,0.0,0.0298022027708449,0.0,0.0,0.0,0.0,0.0213731360199465,13.2779845378246,0.135855768752294,0.0,0.240608903350347,0.0050155882668162,0.0416421688576493,0.110258949566348,2.42402887345295,0.0,0.0,0.0,0.0,0.0885588973711339,0.0,20.535297593275,0.0,0.0,0.0,0.874069420160599,0.0,0.0699477440598666,2.20263469512113,0.000864591686841,0.0,0.0,0.0,0.0,0.0,0.0,0.0,0.0,0.0,0.382314926117543,9.72297350037343,13.7597794690531,8.88694471397964,0.0,0.0760221538373471,0.842745107249695,0.0,0.0,0.0,0.0,0.0,2.48219735457457,0.0,0.0,0.277273584263114,0.0,0.0357626571988982,0.0177277917393429,0.0,0.532302847788248,0.0,0.0,0.0346941179676727,0.0,0.0,0.502770306319745,0.0,0.0934853048332467,8.22200517253502,0.0,0.0,0.00831645073775,0.0121048166545959,0.382965047917254,2.03442833740974,0.0,0.0,0.0,0.0,0.0,0.709696171869623,0.0,0.0,5.39181821682936,7.34040004603046,0.0110342835963176,0.701310669008929,0.447764303920956,0.0,0.0,0.0005828034406342,0.0,0.0,0.0,0.0,0.0,0.0,0.0,0.0376242412715929,0.0,0.0,0.0,0.0,0.0,0.0,0.0,0.0,0.0,0.0,9.19528245301963,0.0,24.5690919924537,8.79865324891519,0.0,2.41132739664993,0.0,0.0,0.0015586461416599,0.0,0.0,0.0106244095756912,0.146781549565612,0.434924444161811,0.0,0.0,0.0,0.0,0.0,0.0,0.384438105489708,0.0,0.0,0.0,0.0,0.0,0.0427048861289924,0.0,0.0,265.523638330134,0.163781319192074,0.0,0.0415110554856857,0.345968393818257,0.227877530558996,0.0,0.0,0.0,0.0,2.26187776456855,2.01163346374019,0.0,0.0,0.0,0.0,0.0,0.0,0.0081381278534567,4.45841777698773,17.9451895441629,0.377261767792656,0.0,0.0,0.0043138144656274,0.0692471948754808,0.258355150100697,0.0234717486166002,0.0,0.0,0.0826737836657653,0.147672742253418,0.0687533071280706,0.0,0.0,0.0,0.0239451102831303,0.0483523838392455,0.016506970588441,0.0,0.0,0.0289388679216341,0.0029497488571947,0.0,0.0,0.0,0.0039151685706795,0.0083849077894962,0.0314615864916996,0.0,0.156927027258679,0.0016590320905608,0.0014262751196534,0.0,0.0036951085243986,0.0010404566776185,0.0,0.24690323243125,0.423319454338408,0.285129945958161,0.0,0.0176909170906765,0.0213040649386412,0.0138750100709103,2.41831359181461,0.0,0.0,0.0898327211943342,0.0,0.10513281626294,0.397069519863028,0.0530398665779396,0.0737260830990125,0.0102652235421888,0.0,0.0,0.0060701780719823,0.0043309649347415,0.0,0.0062203885097753,0.0,0.0275029904241486,0.0006289299853126,0.0007515994572526,0.0679483472987321,0.0653122761968379,0.0124988148492264,0.0,0.0,0.0,0.0296498953612044,0.0,0.0277992834078747,0.0,0.0028289339056857,0.0,0.0,0.0,0.0120557917391917,0.0,0.0,0.0,0.0,0.0128871357362054,0.000537533034623,0.0,0.0,0.0,0.0,0.0,0.372331954409345,0.121649941046327,0.0,0.12449727867774,0.0060523587760218,0.0465629989119683,0.992736876763056,0.100501593743971,0.199056658452008,0.0,0.0,0.0137274449226686,0.0017941166653406,0.0,0.0,0.126043285105493,0.0,0.0319498460116599,0.0984224731847966,0.0,0.0,0.0,0.0,0.0301669062740331,0.151549707428573,0.0306186888166742,0.630510437684446,0.0152380988733234,0.228165990893883,0.118807125618646,0.127072123792995,0.0,0.0050692517206219,0.0,0.0103853889907762,0.0012381028245671,0.0,0.0072183615421068,0.0,0.0,0.0077540796458551,0.652737699935395,0.0324835383226663,0.0,0.0,0.0,0.397940371948373,0.0011830167162247,0.0112462746295825,0.0890493168708299,0.003254065399091,0.0,0.0026229362999958,0.0,0.0011522693871373,0.0,0.0,0.0,0.0,0.0326330710654594,0.0006370356046694,0.0,0.0,0.0,0.0,0.0,0.0,0.0,0.0,0.0,0.0,0.0,1.02908744350103,0.62499176041547,0.0077724069437217,0.0020890386711224,0.0036041694125064,0.0007479770906924,0.0,0.0372882238443537,0.0,0.0007250828033385,0.0155658580806876,0.0,0.0,0.0,0.0,0.0,0.0026918481400765,0.0190678510231901,0.101342439013625,0.0204262071811614,0.0027817744707877,0.0354329140891909,0.232189965982442,0.0,0.0275082261288115,0.0,0.0,0.0,0.234700231354468,0.0008578878916956,0.0401601144543682,0.998678160294492,0.24446059327684,0.0,0.0,0.0,0.0,0.0141220036923394,0.0,0.0,0.0,0.0,0.0,0.0,0.0,0.0,0.0,0.0,0.0031341074873602,0.0,0.0
MGm,0.0,0.0,0.0,0.0,0.0,0.0,0.0,0.0,0.0,0.0,0.0,0.0,0.0,0.0,0.0,0.0,0.0,0.0,0.0,1.26217389253997,0.0,0.0097244846700513,0.0,0.0,0.025392345445567,0.0,0.0,0.0,0.0,0.0,0.0,0.0,0.0,0.0,0.0,0.0,0.0,0.0,0.150897375482818,0.0,0.0,0.0,0.0,0.0,0.0,0.0,0.0,0.0,0.0,0.0,0.0,0.0,0.0,0.0,0.0,0.0,0.0,0.0,0.0,0.0005954846204246,0.0249770024574611,0.168238484543054,0.0,0.0,0.0,0.0,0.0,0.0,3.40231811403165,0.0,0.0,0.0,0.0,0.0,0.0,0.0,0.0,0.0,0.0,0.0,0.0,0.0,0.0,0.0,0.0,0.0,0.0758503356831716,0.0,0.0,0.0,0.0,0.0,0.0,0.0,0.0,0.0,0.0,0.0,0.0,0.0,0.0,0.0,0.0,0.0,0.0,0.0,0.0,0.0,0.0,0.0,0.0,0.0,0.0,0.0,0.0,0.0,0.0,0.0,0.0,0.0,0.0,0.0,0.0,0.0,0.0,0.0,0.0,0.0,0.0,0.0,0.0,0.0,0.0,0.200821752152687,0.0,0.0,0.0,0.0,0.0,0.0,0.0,0.0,0.0,0.0,0.0,0.0,0.0,0.0,0.0014064053198419,0.0,0.0,0.0,0.0,0.0,0.0,0.0,0.0,0.0,0.0,0.0,0.0,0.0,0.0,0.0,0.0,0.0,0.0,0.0,0.0,0.0,0.0,0.0,0.0,0.0,0.0,0.0,0.0,0.0,0.0,0.0,0.0,0.0,0.0,0.0,0.0,0.0,0.0188441114744453,0.0,0.0,0.0,0.0,0.0,0.0,0.0,0.0,0.0,0.0,0.0,0.0,0.0,0.0,0.0,0.0,0.0,0.0,0.0,0.0,0.0,0.0,0.0,0.0,0.0,0.0,0.0,0.0,0.0,0.0,0.0,0.0,0.0,0.0,0.0,0.0,0.0,0.0,0.0,0.0,0.0,0.0,0.0,0.0,0.0,0.0,0.0,0.0,0.0,0.0021424117538747,0.0,0.0,0.0,0.0,0.0,0.0,0.0,0.0,0.0,0.0,0.0,0.0,0.0,0.0,0.0,0.0,0.0,0.0,0.0,0.0,0.0,0.0,0.0,0.0,0.0,0.0,0.0019915182879573,0.0,0.0,0.0,0.0,0.0,0.0,0.0,0.0,0.0,0.0,0.0,0.0,0.0,0.0,0.0,0.0,0.0,0.0,0.0,0.0,0.0,0.0,0.0,0.0,0.0,0.0,0.0,0.0,0.0,0.0,0.0,0.0,0.0,0.0,0.0,0.0,0.0,0.0,0.0,0.0,0.0,0.0,0.0,0.0,0.0,0.0,0.0,0.0,0.0,0.0,0.0,0.0,0.0,0.0,0.0,0.0,0.0,0.0,0.0,0.0,0.0,0.0,0.0,0.0,0.0,0.0,0.0,0.0,0.0,0.0,0.0,0.0,0.0,0.0,0.0,0.0,0.0,0.0,0.0,0.0,0.0,0.0,0.0,0.0,0.0,0.0,0.0,0.0,0.0,0.0,0.0,0.0,0.0,0.0025209834026889,0.0,0.0,0.0,0.0,0.0,0.0,0.0,0.0,0.0,0.0,0.0,0.0,0.0,0.0,0.0,0.0,0.0,0.0,0.0,0.0,0.0,0.0,0.0,0.0,0.0,0.0,0.0,0.0,0.0,0.0,0.0,0.0,0.0,0.0,0.0,0.0,0.0,0.0,0.0,0.0,0.0,0.0,0.0,0.0,0.0,0.0,0.0,0.0,0.0,0.0,0.0,0.0,0.0,0.0,0.0,0.0,0.0,0.0,0.0,0.0
MGv,0.0008202826853704,0.0005808073377785,0.0010890513693767,0.0012938665070654,0.0,0.0085965807695558,0.0153511097953984,0.011204290848075,0.0026713300169803,0.0,0.0,0.0,0.0,0.0,0.0,0.0205372441860529,0.0,0.296658091031682,5.59449989323295,6.27101429434523,0.0,0.0,0.0439524783066962,0.0,0.0,0.0005798106907279,0.0006848374483433,0.0643122293699043,0.0082759004999004,0.0,0.0019127891785649,0.0,0.0,0.009345820358771,0.0158915195936904,6.81600366053754,0.0,0.0035704089392161,0.0,0.0,0.0489110315344681,0.0010544101213349,0.0,0.0,0.0,0.52547503067338,0.0548834158889694,0.0089316229076249,0.0,0.0011515168153994,0.0,0.0,0.0,0.0014927810269739,0.890901298758931,0.0351603912183389,0.0,0.0110189618328539,0.0020867822411178,0.0,0.0,0.0,0.0,0.0,0.0,0.0,0.0047932658527266,0.0,0.0,0.0,0.0,0.0066365313172088,0.0026279748339549,0.0,0.0386348125583749,0.0272049635874639,0.0,0.0,0.0,0.0010859878802832,0.0,0.0023096728454973,0.0,0.000521876700315,0.0,0.0,0.0,0.0408875518312981,1.2328819599184,2.11413485561843,0.0007585825660495,0.0020830691772559,0.0225887688241361,0.0098107969694386,0.0058458296165253,0.0,0.0,0.0,0.150842680496287,0.0,0.0,0.0245786471737658,0.0,0.0,0.0033440979407555,0.0,0.0008544979851986,0.0,0.0,0.0005350277331069,0.001006071414058,0.0,0.0548908666524592,0.0,0.0221095961765272,0.108662385858044,0.000864552872705,0.0,0.0,0.0,0.0092774529917215,0.0026503519568795,0.0027628308330104,0.0206471082981508,0.0,0.0,0.0040469906563579,0.0726691382585306,0.0010028625912102,0.001063309104286,0.0010480813072626,0.0288979686673984,0.0021194624697483,0.0,0.0073288552349263,0.0008285086366724,0.0,0.0,0.0006937716451546,0.0,0.0,0.0,0.0005353078542033,0.0,0.0,0.0013531770698047,0.0,0.0,0.0274920377272697,0.0,0.0,0.0064020343462264,0.0,0.0021195649918339,0.0021143659702131,0.0047786211135304,0.551829412329674,0.0,0.121860080989076,0.0104340611091279,0.0,0.132220711381322,0.0026123737107524,0.0,0.0,0.0065412402112123,0.0,0.0042976257853184,0.0199961656177589,0.1557434964033,0.0,0.0,0.0,0.0,0.0095211798151964,0.0,0.0246979693181574,0.0128819791001285,0.0,0.0022869356377036,0.2683161965442,0.0,0.0016936732219216,0.0,0.0,4.53717032019586,0.0019555876638305,0.0026624814653987,0.0021198934600841,0.0024143046170212,0.0534723058662461,0.0,0.0006829659245512,0.0,0.0,0.185320872197908,0.0075200551770456,0.0,0.0084241622774697,0.0774153986464905,0.0010785188543578,0.0510973197835963,0.0028345874139934,0.0534565975070218,0.716645145504023,0.145809610676688,0.0261576981402699,0.0011898254538937,0.0,0.0,0.0007179314030667,0.0068621129912691,0.0,0.0,0.0,0.002960512319878,0.0042700163787522,0.0050088055778128,0.0,0.0,0.0,0.0,0.0,0.0,0.0,0.0016680980245146,0.0,0.0,0.0,0.000812157790187,0.0,0.0,0.0,0.001549932893806,0.0,0.0062110358833328,0.0,0.0,0.0,0.001330611850085,0.0,0.0,0.0133824625017693,0.0300835172835719,0.0248741570390002,0.0,0.0,0.0,0.0,0.095465358115061,0.0025494051696277,0.0,0.0,0.0,0.0065962620435402,0.0122590219765156,0.0090033400179682,0.0032360962472177,0.0007356903056451,0.0,0.0,0.0,0.0,0.0,0.0,0.0,0.0063938536564224,0.0,0.0,0.0,0.0,0.0,0.0,0.0,0.0,0.0024278537524482,0.0,0.0018393930669874,0.0,0.0005296481087621,0.0,0.0,0.0,0.0021786864310154,0.0,0.0015199523635568,0.0,0.0,0.000731097381485,0.0,0.0,0.0,0.0,0.0,0.0,0.0233839633761307,0.00310615288408,0.0,0.0009785608176486,0.0038142039172066,0.0040385735484463,0.0239269151261756,0.00153591498628,0.0013417370239369,0.0,0.0,0.0,0.0,0.0,0.0,0.0228773727988131,0.0,0.0,0.0047676921432377,0.0,0.0,0.0,0.0,0.0,0.0007150764235791,0.0008294194198995,0.0609133705146578,0.0,0.0155618171731546,0.0072097269002165,0.0051214876974929,0.0,0.0,0.0,0.0005381481339667,0.0,0.0021892145222264,0.0078948174610179,0.0,0.0,0.0,0.0254617268109109,0.0027766233112005,0.0,0.0,0.0,0.0102683001615648,0.0,0.0,0.0044636440700996,0.0,0.0,0.0,0.0,0.0,0.0,0.0,0.0,0.0,0.0010308822381846,0.0,0.0,0.0049923646550125,0.0,0.0,0.0,0.0,0.0031615881004365,0.0073109534423623,0.0125339045174532,0.0007394112893914,0.0,0.0032717643051158,0.0,0.0007215841731971,0.0037858373865273,0.0,0.0,0.0,0.007581658762663,0.0,0.0,0.0016051978439214,0.0,0.0,0.0,0.0,0.0,0.00073351552935,0.0,0.0089450471151207,0.0033106748191845,0.0,0.0,0.0154104466108454,0.0,0.002850148968477,0.0,0.0,0.0017315779382429,0.0200902969135107,0.0009708612937891,0.0048468767011694,0.0112878617530319,0.0056351607337933,0.0,0.0,0.0,0.0,0.0005281573615674,0.0,0.0,0.0,0.0044854732390543,0.0,0.0,0.0,0.0918857306317198,0.0,0.0,0.0010643835055745,0.0,0.0
MH,0.0,0.0,0.0016390964651325,0.0,0.0322938792688422,0.0,0.0,0.303277492342752,2.33989089285501,0.0,0.0,0.245391626448112,0.0041721910067911,0.0481791565111061,0.0,0.0,0.0,0.0,0.0,0.0,0.065749044668705,0.0,0.0,0.0,0.0,0.0,0.0,0.0,0.0082918490698715,0.036439461837571,0.192564520120749,0.0,0.1435336537802,0.0,0.0,1.15242304838815,0.0,0.0,0.0,0.0,0.0,0.0,0.0,0.0,0.440463028753543,0.0,0.0,0.0,0.0,0.0,0.0,0.0,0.0,0.0647059353922107,0.0,0.0,0.0,0.0095404949053922,0.0,0.0,0.0,0.0,0.0,0.20648757651171,0.0,0.0,0.682937608475846,0.0,0.0,0.0,0.0,0.0,0.0,0.0,0.643903870108425,0.0235185192861596,0.0,0.0,0.0,0.0,0.0,0.0,0.0,2.4501414749803,0.0,0.0,0.0,0.0,0.0,0.0,1.27843694177307,0.0539641743759496,0.0,0.0,0.0,0.0,0.0,0.0,0.0,0.0,0.0,0.0,0.354252362411031,0.0,0.0106254573014339,0.0,0.0010668490663973,0.0831649019064578,0.0,1.06195431401039,0.55735791139885,0.289033427286472,0.0,0.0,0.0,1.30241988711204,0.0,0.0,0.0,0.879702101373813,0.0169103639170816,0.0,0.0106663842181162,0.0,0.0,0.0,0.977352331044474,0.0,0.498661560411924,0.0558467834076726,0.0013200607481477,0.0048005662113982,0.0,0.0,0.0,0.0,0.0,0.0,0.0,0.0,0.0,0.0,0.0,0.0,0.206358015529926,0.0,0.0,0.0,0.0,0.0,0.0201297448163927,0.0,0.014482824282154,0.0,0.0,0.0,0.189391348740757,0.0,0.0779498746729175,0.0066505559829018,0.0,0.0,0.0017703012486258,0.100489435718719,0.0067259882241421,0.0,0.0,0.141215658892169,0.0240196528876034,0.0078714883668891,0.0,0.0,0.0,0.0,0.0,0.0029043458145938,0.0,0.0,0.0,0.0,0.0,0.0,0.581798400261813,0.0,0.0,0.0,0.0,0.0,0.0028926971097423,0.0,0.0,0.0,0.0,0.0023095202921035,0.0,0.0234213699259698,0.0,0.0,0.0,0.0,0.0,0.0,0.323184076105495,0.0,0.0,0.000883581158003,0.0184314305812757,0.0,0.0,0.0,0.0,0.0,0.0,0.0158150159128412,0.0124320554708261,0.0,0.0351587633256204,0.0242259426989156,0.0,0.0116289030294947,0.0284539374569381,0.0028969661230535,0.0,0.0022282713515338,0.0,0.0,0.0,0.0,0.0,0.0,0.0,0.0,0.0,0.0,0.0,0.0,0.102718947231276,0.0075513258288762,0.0132416715911998,0.0262446027189295,0.0522007269053921,0.122387673815467,0.0,0.0,0.204840895902738,0.684638431243269,0.0005761668206611,0.0113612764459711,0.0018594506834724,0.0,0.0096940095410797,0.0,0.0075641023177574,0.0848036045663063,0.0226006043638788,0.0342330770501086,0.0081580845752982,0.0454367609714695,0.0179407345413661,0.0,0.0,0.0,0.0170555151999385,0.0040308838732967,0.0,0.0,0.0,0.0041274316894873,0.0,0.0008907302065392,0.0020337487264112,0.0228771007250549,0.138382122246557,0.0,0.0,0.523652175876041,0.0,0.0,0.0,0.0055815242128879,0.0,0.0,0.0725074182429678,0.556015270370266,0.0028672243385182,0.0354022648800653,0.0009907953015015,0.0,0.0,0.0,0.004905599443264,0.0,0.456691601760933,0.0,0.0,0.0,0.0,0.0,0.0,0.0261341709478543,0.0397486866006705,0.0,0.0,0.0,0.0,0.0020829156584653,0.0,0.264064647018957,0.0,0.0,0.0,0.290812644946311,0.0,0.0,0.0,0.0005681468887444,0.0187061075853042,0.0,0.0145795443002317,0.0,0.0085720404446981,0.0,0.0,0.0,1.09751544553061,0.0,0.0,0.0091580095764724,0.835770657910612,0.001639006551,0.0292453367112288,0.0140228628226217,0.0,0.0,0.0,0.598011588103734,0.0,0.0188430881039638,0.0590216886690097,0.0,0.0,0.0,0.0,0.0007020676785229,0.0,0.001038456283445,0.0,0.0095576834001337,0.0,0.0,0.051685912601523,0.0,0.0,0.167172268306146,0.0,0.0,0.0,0.0,0.0692140740652368,0.0220353493773066,0.0,0.0,0.0026950154283976,0.0,0.0,0.0359042842707236,0.0,0.0512833247508539,0.0049228364300383,0.0,0.0991667246115956,0.0005829711441481,0.0474687797235589,0.0029535690981458,0.0018925500109536,0.0,0.0311050816562813,0.0019726592463278,0.0,0.0,0.0,0.0,0.0,0.0,0.0,0.0,0.0,0.0,0.0,0.0,0.0006342989162285,0.311415942509903,0.0,0.0,0.0053464852108506,0.0,0.0,0.0008463189800557,0.0,0.0,0.0,0.0048408892391988,0.0038229897748177,0.0,0.0,0.0,0.0,0.0,0.0,0.0,0.0,0.295496520071873,0.0,0.0054328378637996,0.0,0.0077660372739788,0.172268133370881,0.0
MM,0.0,0.0033994813660138,0.0,0.0,0.0030189523439366,0.0,0.0316826411623745,0.0347884468780712,0.0106288576934947,0.0,1.16971106636794,0.149809641683848,0.0214554276137027,0.0,0.0,0.0,0.0,0.0019640273973882,0.0071919060192901,0.0102453974159343,0.0663811251908586,0.0,0.0,0.0,0.0,0.0,0.0,0.0,0.0288266166459726,0.0,0.0,0.0082544548077381,0.0044206797233982,0.0482904447795406,0.127627360275281,0.0,0.0873358415513307,0.0111466989799797,0.0009947054440548,0.0017239565990891,0.0482765799925132,0.0,0.0,0.0,0.0,0.0825214420505152,0.317847604410085,0.131517387277458,0.0,0.0,0.0028127127496704,0.0,0.0042852986407732,0.0,0.0,0.0,0.0,0.0041344940439843,0.0,0.0,0.0023177096192801,0.0017956779759248,0.0,0.0,0.0,0.0,0.021803165167827,0.0,0.0,0.0009450228978181,0.0,0.0,0.0,0.0,0.0,0.0,0.0,0.0,0.0,0.0,0.0,0.0,0.0,0.0,0.0,0.0,0.0,0.0026715026892638,0.0,0.0060481841910197,0.0,1.93947198624873,0.32093124771448,0.0225401070695175,0.0233339108196611,0.0,0.0,0.0,0.0,0.0,0.0,0.0,0.0,0.0008204934366313,0.0027860938108525,0.0064057622354865,0.0025297717421646,0.0,0.0,0.0008241187073156,0.0,0.0056663366276783,0.213274342479128,0.0,0.208419049640377,0.0,0.004529286702164,0.0,0.0,0.0,0.03245622470995,0.0,0.0223743566124482,0.034229589700459,0.0,0.0,0.343235844323516,0.241400260849249,0.0015747275532478,1.00544750640752,0.0,0.0,0.018687906761094,0.0,0.0,0.0026425158757002,0.0101684319028064,0.0,0.0,0.0,0.0037616620255503,0.047343482692285,0.0012436226347127,0.0,0.0,0.093438031650427,0.0,0.0167993986456361,0.0,0.0,0.0170592806305748,0.0,0.0,0.0261571580007638,0.0270131136176679,0.0148974895521936,0.0,0.0,0.0,0.0076481079848364,0.003689882005502,0.0,0.0046720235869127,0.115928058089929,0.0,0.0,0.001467316627893,0.0,0.0,0.0,0.0008959623345755,0.0026043151352328,0.0,0.0,0.0149757216657955,0.0006283529922682,0.0404303039895721,0.013274040443107,0.0005787936056505,0.0064900878558182,0.0454720690747754,0.0,0.380029637034781,0.0,0.0008690318774598,0.0622831386335698,0.0904564529554707,0.0274694629730244,0.0,0.0265668146550211,0.0,0.0,0.0014510297726337,0.0066198367529981,0.0,0.0200582589590846,0.0006801168200648,0.0,0.0207106494733828,0.087278405379604,0.0012513534423013,0.0034579312492065,0.0286199821833793,0.0071012658773276,0.0,0.0,0.0,0.0,0.0,0.0051588624258417,0.0068935098078157,0.0209129259644619,0.0,0.0,0.0,0.0115280530495042,0.0112516068577792,0.0045811073806458,0.0,0.0354976614901636,0.0041062698442591,0.0505970209336342,0.0,0.0,0.0,0.0,0.0,0.0006030494816795,0.0011684776125827,0.0103365273178926,0.0,0.0,0.0,0.0086824041730008,0.0,0.045153315751456,0.0,0.012043878358368,0.0,0.0008101632747978,0.0,0.0,0.0699581151953783,0.316702175719474,0.0510295621172228,0.0,0.0259057466803004,0.0029657172512581,0.0068598635223501,0.319064449795952,0.0,0.0,0.0052278230274609,0.0,0.0199161823143375,0.0877755879875867,0.119789945327968,0.0043710174167008,0.0014792271259328,0.0031886968357905,0.0022150860449984,0.0012473659324584,0.0,0.0,0.0,0.0006836599404589,0.0060091731442879,0.0,0.0,0.0038953866016305,0.0063452321445862,0.0,0.0,0.0,0.0028947645186967,0.0073809479133396,0.0,0.0,0.0,0.0,0.0,0.0006745071212504,0.0,0.0,0.0,0.0,0.0,0.0,0.0,0.0,0.0,0.0,0.0,0.0,0.0,0.0546553086302073,0.0067326936092836,0.0,0.0040721933575798,0.0038442487507891,0.201772566389219,0.139726963895667,0.0070751789714661,0.0074898986507681,0.0,0.0,0.0,0.0,0.0,0.0011620886417859,0.0,0.0,0.0148401416411514,0.0229167556469348,0.0069977072765542,0.0,0.0,0.0,0.0019236105052107,0.0042305235593615,0.0066530154787512,0.161906982427379,0.0,0.139096391881239,0.0,0.0488383039716426,0.0,0.0006214750932264,0.0,0.001347518902621,0.0,0.0881220851139631,0.0954876824524556,0.0,0.0,0.0091025335657774,0.0829696872121247,0.0,0.04293296623913,0.0,0.0,0.0916475929736213,0.0,0.0,0.0277116995365769,0.014795379720499,0.0009565678697471,0.003805665583702,0.0,0.0056927816419206,0.0010657932226819,0.0,0.0,0.0,0.0112913368239031,0.0,0.0093796923939891,0.0,0.0,0.0,0.0009540327203091,0.0,0.0480865080097904,0.0676172391446713,0.0585610779584831,0.0,0.0,0.0,0.0026998040413074,0.0,0.0,0.0311212702859243,0.0,0.0,0.0,0.0050514426485029,0.0,0.0,0.0,0.0006445034797963,0.0005400361846585,0.0,0.0,0.0012517568775363,0.0,0.0056201047818537,0.00065544087125,0.0,0.0,0.0176188957732486,0.000766892931444,0.0251865745118867,0.0,0.0,0.0076149118738261,0.104584168159243,0.0019222601337906,0.0050659932237184,0.111829241969591,0.0,0.0,0.0,0.0069130682222179,0.0,0.007853524622645,0.0,0.0,0.0,0.0432944329525977,0.0006327873901548,0.0023986933438542,0.0,0.0,0.0,0.0,0.0,0.0,0.0
MOB,0.0,0.0039031492404188,0.0033434347482656,0.0,0.0,0.0006678770485476,0.0,0.0060714407198496,0.0,0.0,0.0,0.0,0.002581325637539,0.0346675222132919,0.136943354838395,0.0,0.0007011855192754,0.0,0.0,0.0,0.0,0.0051143435143963,0.0045726879774467,0.0057157018009742,0.0095639586165357,0.0,0.0,0.0021292762974401,0.0,0.0,0.0094798398787238,0.0,0.0,0.0023201791358612,0.0063091475450328,0.0,0.0,0.0,0.0,0.0,0.0005465494660575,0.0019176710881619,0.0,0.0,0.0,0.0017642255597977,0.0091418729035983,0.0013649149129439,0.0045919423014888,0.003218495353122,0.0,0.0,0.0013642052134803,0.0008285185952744,0.0,0.0,0.0,0.0,0.0009581869954868,0.0,0.0,0.0,0.0,0.0,0.0,0.0,0.0,0.0,0.002101425961745,0.0,0.0,0.0,0.0,0.0,0.0047667598346697,0.0,0.0043917079118504,0.0,0.0,0.0078999160744609,0.0044369825385631,0.0,0.0,0.0,0.0,0.0,0.0064661107229947,0.0,0.0,0.0,0.0,0.0005506352262361,4.45271712252776,0.0,0.0,0.0022776565736666,0.0045212230558379,0.0,0.0,0.0013655152899374,0.0,0.008381408168429,0.0,0.0,0.002774579470018,0.0,0.0,0.0,0.0,0.0,0.0,0.0028030022768447,0.0,0.0023645192023178,0.0053360397815145,0.0,0.0,0.0,0.0,0.0,0.002007578747237,0.0,0.0015954758497144,0.0037065610352161,0.0,0.0,0.0007386320236262,0.0,0.0048225646342137,0.0,0.0,0.0,0.0,0.0,0.0,0.0,0.0007227774434724,0.0,0.0,0.0,0.0,0.0006759986429662,0.0,0.0007705552569446,0.0016739177745848,0.0,0.0010950458904588,0.0,0.0005811358258798,0.0010043977483143,0.0,0.0,0.0,0.0,0.0,0.0,0.0,0.0,0.0,0.0,0.0,0.0,0.001117186048976,0.0,0.0,0.0,0.0,0.0,0.0,0.0,0.0,0.0,0.0,0.0,0.0,0.0,0.0,0.0,0.0,0.0,0.0,0.0,0.0010026755364697,0.0,0.0,0.0005891281488005,0.0030948532784888,0.0,0.0006194160141346,0.0347550868189045,0.0039019623200233,0.0,0.0,0.0,0.0,0.0,0.0,0.0,0.0,0.0008894893641214,0.0,0.0,0.0,0.0,0.0,0.0,0.0,0.0,0.0,0.0,0.0,0.0,0.0,0.0,0.0,0.0,0.0,0.0016758332475918,0.0,0.0,0.0,0.0013911929210155,0.0,0.0131050254140153,0.0,0.0,0.0,0.0,0.0,0.0,0.0,0.0,0.0007640859537128,0.0,0.0,0.0,0.0015992674646112,0.0,0.0,0.0018277095006599,0.0,0.0,0.0,0.0,0.0,0.0,0.0,0.0,0.0,0.001937386087979,0.0005206870110205,0.0,0.0,0.0,0.0,0.0,0.0,0.0,0.0,0.0,0.0,0.0009644822475158,0.0,0.0,0.0015712071576059,0.0,0.0,0.0,0.0,0.0,0.0,0.0005652016073399,0.0,0.0,0.0,0.0,0.0,0.0,0.0,0.0,0.0,0.0,0.0,0.0008252552010468,0.0,0.0,0.0,0.0,0.0005906186921258,0.0,0.0,0.0,0.0,0.0,0.0,0.0005989397015359,0.0,0.0,0.0,0.0,0.0,0.0,0.0,0.0,0.0,0.0011319169474475,0.0,0.0,0.0,0.0,0.0019936340736679,0.0,0.0,0.0,0.0,0.0,0.0,0.0,0.0,0.0023521239889358,0.0008941171726531,0.0,0.0,0.0,0.0,0.0,0.0,0.0,0.0,0.0,0.0,0.0010642331802227,0.0,0.0,0.0,0.0,0.0,0.0,0.0,0.0,0.0,0.0,0.0,0.0,0.0,0.0,0.0,0.0,0.0,0.0,0.0,0.0,0.0,0.0016163229701699,0.0,0.0,0.0,0.0,0.0008241462922889,0.0,0.0,0.0,0.0,0.0,0.0,0.0,0.0,0.0,0.0,0.0,0.0012900442463033,0.0007417763484795,0.0,0.0,0.0,0.0,0.0,0.0,0.0,0.0,0.0,0.0,0.0,0.0,0.0,0.0,0.0,0.0,0.0,0.0,0.0,0.0,0.0,0.0,0.0,0.0,0.0,0.0,0.0039107194008719,0.0006119216977012,0.0,0.0,0.0,0.0,0.0,0.0,0.0,0.0,0.0,0.0,0.0,0.0,0.0,0.0,0.0,0.0,0.0,0.0
MOp,0.0,0.0496405468163771,0.0985597602139422,0.0476545786800959,0.0,0.0,0.158136281789925,0.0349764259785915,0.0005711264099475,0.0,0.0,0.0,0.0010352072543997,0.0,0.00077950411406,0.196110814277291,0.0,0.0708110723248374,0.0112596699993705,0.0442456893189091,0.0,0.0076443743535389,0.0,0.0036724300529146,0.0,0.0,0.0,0.0277740167858596,0.0,0.0734768869290605,0.0014735631033082,0.0,0.0272214848314305,0.0,0.0,7.74430247323768,0.0195014399398463,0.0005630126846787,0.0023903181834958,0.0,0.0012385602500907,0.0,0.0,0.0,0.001722831776887,0.0258553778057741,0.0025307583066139,0.0,0.0042287416505742,0.0,0.0,0.0008003775913729,0.0985638116184188,0.0045461497832048,0.246324294549193,0.126733465047965,0.133124878515019,0.0912235530374027,0.0,0.0,0.0013465019671127,0.0071057433598805,0.0010769834847809,0.0029083620316793,0.0503242945550213,0.0008603959487003,0.0030324637815494,0.0890132326281943,0.0005272742075113,0.0,0.0101694946560166,0.0,0.0,0.0,0.0039190921327155,0.0072589157884818,0.0,0.0075376775077395,0.0,0.0,0.0,0.0,0.081601554492966,0.0966475510986728,0.0164951536841445,0.0250874930110132,0.0,0.0,0.0076755320460461,0.0,0.0,0.0,0.0009957075415778,6.81768711297836,3.44831666750789,0.0,0.0,0.0,0.806046376303998,0.0,0.0150273934610301,0.0,0.0021077056640372,0.0,0.0,0.0,0.0,0.005607538539972,0.008206054100956,0.0254672162653463,0.0040794441886439,0.0012390431663808,0.0017430255411583,0.0,0.0,0.110466592756919,0.0,0.0606602705120734,0.0202047273145942,0.0049127498510819,0.0075257088904516,0.214126680631215,0.0009042199765365,0.30575316449898,0.007880598503518,0.013685558614821,0.0045227649588221,0.001917176115619,0.0130342772171192,0.0,0.532328619734939,0.0079620801494966,0.0,0.0,0.0324736424042897,0.0,0.0,0.0582734528677429,0.12601283267769,0.0032842128201229,0.004179046231817,0.0,0.0345579254298892,0.0,0.0,0.0,0.0,0.0,0.0,0.0,0.0064175395962859,0.077230694096774,0.0025521983747249,0.0469824341194244,0.0140306408401465,0.0039818052794374,0.202534992655204,0.0,0.327271262070606,0.0,0.0,0.003607674542205,0.0007285529035635,0.0079909742527667,0.0113028777289137,0.277100287157874,0.0009995897603672,0.0,0.002413655737593,0.032907222899294,0.003547629934362,0.001692289647035,0.0053949428257099,0.0104631396206724,0.263957614379659,0.785287095626928,1.69936726404909,0.32998093473639,0.136091589477185,1.66794080330903,1.76364311619269,0.0806519330718844,0.0,0.0052447628509719,0.0007844932138137,0.0473184903532156,0.0,0.143076625885893,0.0,0.0,0.0,0.002046737307599,0.409832758800059,0.0,0.004237415320355,0.231453074247899,0.0,0.0037627312975343,0.0,0.0,0.0,0.0010029356664038,0.149470430825805,0.0,0.228429951194448,0.350842634664331,0.0291812922660571,0.009227683492476,0.0028968955011134,0.0,0.0117980371095054,0.071250554973969,0.0305225378578996,0.0,0.0,0.112188937272542,0.0369725042495039,0.0029642016257216,0.0006770853925226,0.0,0.0,0.0014764079876561,0.0,0.0013915185844679,0.0021852984339284,0.0,0.0103940439331033,0.0032252434030606,0.0120319179178696,0.0,0.0040284669574463,0.0,0.0080957799098507,0.0,0.0,0.0,0.0120745482599262,0.0,0.0031062219063057,0.0132238917748177,0.0,0.0160484293473669,0.0,0.0,3.93005362330624,0.0046347751016266,0.0,0.0,0.0,0.0024869791796617,0.0,0.0,0.0,0.0007223668568731,0.0452479175352988,0.0010893752100872,0.0,0.0297589955538745,0.0007195014146337,0.0,0.0,0.0178238092666083,0.007171255091922,0.0057942385885806,0.0,0.206669269922389,0.128849559871959,0.0,0.0,0.0,0.0,0.0,0.0010635256078355,0.0017001848877589,0.0,0.0,0.27781974382316,0.0,0.0,0.0,0.0,0.0,0.0,0.0,0.0,0.0,0.0084622196302951,0.0013356068964049,0.0,0.0,0.0,0.0629268786498556,0.017453318007293,0.134029583641013,0.0829086443415921,0.0,0.0,0.0,0.0,0.0,0.0,0.0045672652449416,3.33212811487749,0.960238626759193,0.0,0.0,0.0,0.0267706127121041,0.0,0.0213923186334115,0.0,0.0009141582144515,0.0,0.0,0.0,0.0,0.0,0.0271398574059025,0.0027187043198069,0.0,0.0,0.0007101547117608,0.0,0.0,0.0184451626667267,0.0,0.259244081827874,0.022165059518313,0.0016041230544274,0.0139171550913302,0.0113482304813977,0.0006927490604392,0.0274285215688174,0.0087259226417643,0.0321652506955276,0.0,0.0033325976254758,0.0,0.0,0.024955955629961,0.0,0.0,0.0,0.0041073394306517,0.0,0.0013356110868518,0.125050932696635,0.0097955950836603,0.0023809699087963,0.0482789983761249,0.0,0.0018247539672065,0.0,0.0,0.0,0.0,0.0,0.0,0.0,0.0034350901841089,0.0057092077411058,0.0,0.0136221094012037,0.0,0.0006515394034713,0.0,0.0,0.0011755040548264,0.0,0.0,0.0034149079551817,0.0013602372651466,0.0039250373584921,0.0,0.0,0.0071456766897605,0.0,0.0,0.0,0.0092780517388804,0.0776317864754195,0.0908409774128552,0.089842403311625,0.0385923303791859,0.242417093520191,0.782623412103953,0.121248811822201,0.0314701018926942,0.386353381734425,0.699086573506178,0.0,0.0,0.0089040159435356,0.00052257299661,0.0197414134698434,0.0,0.0090032903131405,0.0,0.0019102058913952,0.0,0.0078609695184825,0.0402406224142402,0.0006715074048977,0.0385051308643598,0.206971633810593,0.0,0.0,0.0,0.0013214710103209,0.0,0.0,0.0112168784793331,0.0,0.0007517999331988,0.0135494772856444,0.0047576042990586,0.0,0.0048477618109608
MOs,0.0016798490157565,0.438191553651695,0.0,0.131151655335378,0.0080552127266262,0.0,0.354951525461958,0.0033579771967598,0.0548108357977278,0.0,0.0451776591904378,0.0521474194455811,0.0014355260020632,0.0082495840511214,0.019080761941373,0.181703649866523,0.0,0.0451355636072159,0.0198720211307152,0.0163470709906564,0.0808711809465339,0.0090316856919656,0.0,0.0098509148164745,0.0021346140718799,0.0,0.0006963434350792,0.0206894023544158,0.0,0.13203751461471,0.0307910664143824,0.001627743870545,0.0510699140598496,0.0,0.0009985173569508,7.47541263583115,0.0471353203530411,0.0027116923467179,0.0027702098303616,0.0,0.0016820694293623,0.0,0.0,0.0113831788547194,0.0058064000941985,0.0359698612376669,0.0428772590584649,0.0109400510018738,0.0164177351959859,0.0,0.0,0.0,0.236252585638642,0.0055555732683864,0.216442499808956,0.0712092627610312,0.0836643017835389,0.083209477287336,0.0,0.0,0.001009568121404,0.0042183544184715,0.0042969018209721,0.0109024988489776,0.0191563261198021,0.0006684023233779,0.0107829460666588,0.0680905773823995,0.0007933737345752,0.0,0.0934406412450636,0.0,0.0,0.010092951503363,0.0365895233181925,0.083773897232324,0.0019122133168651,0.0017383078965912,0.0,0.0,0.0,0.0007254986563222,0.0500729115205857,0.393362813242268,0.0090738001232192,0.0131047128619419,0.0008762905744253,0.0,0.0057536177040172,0.0008058656016614,0.0,0.0014048346833533,0.0120764980145557,2.79137848166396,6.3965328577793,0.0,0.0,0.0,0.967290707531762,0.0,0.0075558215312421,0.00282259230597,0.0019360635901497,0.0,0.0,0.0,0.0014364304650913,0.0244909485260453,0.0044276437564176,0.535363296907887,0.0,0.121644754171606,0.0135960192366069,0.0,0.0,0.27654929174244,0.0065070569418172,0.0531975953906745,0.032413680739683,0.0057584827240406,0.0150106669184912,0.137826040567807,0.0007524606298861,0.229447432427246,0.0019985460305772,0.0077152444371307,0.0358043847903464,0.057997416976258,0.14690745020304,0.0,0.245101156603469,0.0106775864277523,0.0148313350608513,0.0008360756586894,0.0482270854699463,0.0,0.0,0.0838350531883238,0.210629064864127,0.0011769537981136,0.0047856125932788,0.0027963986089866,0.316477834182094,0.0,0.0055321565830164,0.0,0.0,0.0,0.0,0.0226125841746507,0.0166534713704977,0.0702909337096501,0.0112959022161099,0.0,0.0,0.0226593101890433,0.229082337717395,0.0,0.793924077780122,0.0190568935649311,0.0,0.0347887454907678,0.0005939797711572,0.0663699973926706,0.0287794678533204,0.23221393191318,0.0009250952560065,0.0086176136973861,0.0074107800949464,0.0334648530968688,0.0015514863374819,0.0012447759938515,0.005150975263413,0.0069310072693188,0.581703279320376,0.0717196504500922,0.661090699189467,0.368810509905407,0.103829268200968,0.269913606130227,0.732336454465775,0.0762384619236478,0.0022235374870903,0.0094547346467783,0.0,0.0817587886108108,0.0,0.125573508776113,0.0,0.0190973401809108,0.00115246937159,0.0033483476645861,0.319545736351848,0.0,0.0089871578448191,0.148256590047943,0.0586094810075568,0.0019958483110869,0.0344593688997531,0.116438955938084,0.0110960398283169,0.0,0.3251200343439,0.0,0.0354461569708137,0.060780776418621,0.0377073588736776,0.0322523966880515,0.0020987111335609,0.0,0.0,0.0,0.0858091330334855,0.0,0.0,0.305243685493588,0.0329613438684312,0.0965501667107867,0.0005274217724196,0.0127227848669657,0.0086281749612494,0.0048612450771907,0.0022037435964738,0.0201464619312342,0.0054023325516013,0.0,0.0067126788973252,0.00426842680249,0.0053145957252914,0.0038960584483666,0.0123268534881685,0.0,0.0049228862576259,0.001194015482905,0.0,0.000835004118013,0.012720197998598,0.0,0.0106443690244136,0.0679606464844022,0.0006539394184387,0.0248588578017853,0.0,0.0009849915318403,4.65915836933372,0.0240389848334344,0.0068794804236975,0.0,0.0,0.0037238487996757,0.0,0.0,0.0058576085737466,0.0020728532019015,0.0708553917895291,0.049608825411275,0.0039727048266263,0.0474466423643733,0.001442372827593,0.0,0.0,0.107853588740922,0.007766242831649,0.0054246466885436,0.0008635766828745,0.118411352270539,0.128629515896803,0.0,0.0,0.0,0.0,0.002791689830209,0.0051023082025919,0.0025180445390415,0.0,0.0009352789681648,0.125210649121796,0.0022115674147076,0.0,0.0033807753765352,0.0,0.0,0.0,0.0019416846648871,0.0017024836792418,0.0,0.0031851926945713,0.0008701971331821,0.0016617348173737,0.0,0.0,0.0361214450128505,0.0742205743381246,0.0493872792669779,0.0405307252608569,0.0014931094929436,0.0,0.0,0.0,0.0,0.0006459543679994,0.0,1.60666718530079,3.25011120594331,0.0,0.0,0.0,0.0719845260251549,0.0,0.0083023637700484,0.0016373376439742,0.0021844252123113,0.0,0.0,0.0,0.0,0.0035995413400397,0.0102679590853762,0.403731387165411,0.0097604302612205,0.0675463264973325,0.0102396693220128,0.0,0.0007337822029745,0.0883834246865756,0.0012183401524939,0.116498333103217,0.0149236609371267,0.003996500467131,0.0360621961548691,0.0255036631516531,0.0025176706636806,0.0623850456900241,0.0025956107975033,0.0160234564266931,0.0115341957429675,0.0651819966732755,0.0482892290542657,0.0,0.0224222701521565,0.0,0.0044224665032154,0.0,0.0118919244654929,0.0,0.0010480583622842,0.113052783812957,0.0407607259269794,0.0017548294056249,0.0143208293468708,0.0005145861655232,0.0252127566803988,0.0,0.0011514609980999,0.0,0.0,0.0,0.0,0.0182558483206102,0.0107988908825568,0.0058439529318898,0.0009742237035719,0.0,0.0245882782258015,0.0214906878040852,0.0011891175724152,0.0,0.0461327987882647,0.001693638691047,0.0,0.0064746192235766,0.0019788748891713,0.0251582418655256,0.0012347584089377,0.0060177408888941,0.0041680443276189,0.0029781540803341,0.0012784925560661,0.0012643095402866,0.0018384880261829,0.022159426869024,0.024993665973064,0.0318747940592377,0.081084405761128,0.0,0.372864964832552,0.11605014892552,0.0040503546068631,0.0759687559572644,0.316196788445926,0.0007396073658808,0.0012329425983004,0.0060953791092083,0.0,0.0418334683476652,0.0,0.0180523879015748,0.0,0.0179647314287139,0.0,0.0034164470074208,0.0425053569105369,0.0,0.0239683057552658,0.14344991526581,0.005002895760822,0.001911936039159,0.0018853136936069,0.0085419273948772,0.0008795019593008,0.0010852053377276,0.0366656859451712,0.0,0.0008572666470267,0.008230103006119,0.0075853566855989,0.0025588517314908,0.0027106164702696
MPN,0.002759242302367,0.0,0.0,0.0,0.0,0.0602723443092786,0.0,0.0,0.0,0.0,0.0,0.0,0.0,0.0,0.0,0.0,0.0879485098461549,0.0,0.0,0.0,0.0,0.0,0.0,0.447876235913881,0.0,0.0,0.0,0.0,0.0,0.0,0.0,0.0,0.0,0.0,0.0,0.0,0.0,0.0,0.0011018871405564,0.0,0.0,0.314034658621715,0.0,0.0,0.0021942905196598,0.0,0.0,0.0,0.0,0.0,0.0,0.0,0.0,0.0,0.0,0.0,0.0018121828730586,0.0,0.0,0.0,0.0,0.0,0.0,0.004740050032581,0.0,0.0,0.0,0.0020086766627018,0.0,0.0,0.0,0.0,0.0,0.0,0.0,0.0,0.0,0.0,0.0,0.0,0.181044090611638,0.0,0.0027172287933139,0.0024855377237194,0.0,0.0,0.0363165918080711,0.0,0.0,0.0,0.0,0.0,0.0,0.0023872443026498,0.0,1.15400223431136,0.390417040305241,0.0,0.0,0.0270683729743676,0.0,0.0,0.0,0.0,0.0,0.0,0.0,0.0,0.0008889145850955,0.0,0.0,0.0,0.0,0.0025131062346424,0.0,0.124696877385347,0.0,0.0013244485361077,0.0096814760119148,0.0043663118619477,0.0,0.0,0.0,0.0,0.0,0.0008443708576376,0.119948343089266,0.0,0.0,0.0,0.0,0.0,0.0,0.0,0.0,0.0,0.0,0.004874454726649,0.0011994821231428,0.0,0.0,0.0014312614473926,0.0,0.16346948750544,0.0019736161618105,0.0213283683518395,0.117370827994175,0.0,0.101519077841655,0.0,0.0,0.0,0.0,0.0,0.0,0.0,0.0,0.0595283369940282,0.0,0.0,0.0,0.0518774771775056,0.0,0.0,0.0010378802938048,0.0,0.0,0.0,0.0,0.0,0.0,0.0,0.0,0.0,0.0,0.0,0.0,0.0,0.0,0.0,0.0,0.0,0.0108101822346641,0.0,0.0,0.0,0.0,0.0009903847216765,0.0106105047134947,0.0,0.317041684869831,0.0,0.0,0.0,0.0,0.0,0.0,0.0,0.0,0.0,0.0,0.0,0.0,0.0,0.0,0.0,0.0,0.0,0.0,0.0,0.0,0.0,0.0,0.0,0.0233069901537685,0.0,0.0,0.0,0.0,0.0,0.0,0.0,0.0,0.0,0.0,0.0130277080838818,0.0,0.0,0.0,0.0,0.0,0.0,0.0804108973149904,0.0,0.0,0.0,0.0,0.0,0.0,0.0,0.0010095079979859,0.0,0.0,0.0,0.0,0.0,0.0,0.0005765474236525,0.0010387575685347,0.0,0.0666035706042006,0.0,0.0,0.0013132282756898,0.0,0.0,0.0,0.0,0.0,0.0,0.0,0.0,0.0,0.0,0.0,0.000682302747746,0.0,0.0,0.0,0.0,0.0,0.0,0.001431514962276,0.0,0.0,0.0,0.0006489351767732,0.0,0.0,0.0,0.0,0.0,0.0,0.0,0.0,0.0,0.0,0.0,0.0,0.03493356981632,0.0,0.0010465711903786,0.004519453367941,0.0,0.0,0.0,0.0,0.0,0.0,0.0,0.0,0.0,0.0,0.0,0.0285858727789756,0.100090403178379,0.0,0.0,0.0132346805576135,0.0,0.0214222740193342,0.0,0.0,0.0,0.0,0.0,0.0,0.0,0.0,0.0,0.0,0.0,0.0,0.0,0.062204950061366,0.0,0.0,0.0030760996995423,0.0015026423160367,0.0,0.0,0.0,0.0,0.0,0.0,0.0,0.0,0.0,0.0,0.0,0.0,0.0,0.0,0.0,0.0,0.0,0.0009061820957889,0.0,0.0,0.0,0.0,0.0,0.0358188905999383,0.0,0.0,0.0108496482419371,0.0,0.0247635706113838,0.0,0.0,0.0,0.0,0.0,0.0,0.0,0.0,0.0101884994070056,0.0,0.0,0.0,0.0,0.0,0.0,0.0,0.0,0.0,0.0059612277405493,0.0,0.0,0.0,0.0,0.0,0.0,0.0,0.0,0.0,0.0,0.0,0.0,0.0,0.0,0.0,0.0,0.0,0.0,0.0,0.0,0.0,0.0,0.0718464152593601,0.0,0.0,0.0,0.0,0.0,0.0,0.0,0.0,0.0,0.0,0.0,0.0,0.0115895168721186,0.0,0.0,0.0,0.0,0.0
MPO,0.0124403952445657,0.0,0.0,0.0,0.002982386716306,0.346172075126196,0.0021934445224828,0.0,0.0017604344881535,0.0,0.0017211689422957,0.0025816400745419,0.0,0.0,0.0,0.0012319291656646,0.0,0.0,0.0,0.0,0.0,0.0,0.0045448667169137,0.400348256956475,0.0,0.0,0.0,0.0899451657225994,0.0066764832147652,0.002753719492299,0.0,0.0246460849361532,0.0196707547794281,0.0043589781129646,0.0,0.0,0.0460961869254931,0.0,0.0214554656591576,0.0,0.0,0.120637475366518,0.0,0.0011840598872973,0.0549642178982768,0.0,0.0,0.0,0.0,0.0,0.0,0.0,0.0,0.0,0.0,0.0013000690527824,0.0113936935290994,0.0006452285304701,0.0006038862721519,0.0,0.0,0.0,0.0,0.0181308801171846,0.0006312796995757,0.0,0.0145403338975055,0.0187378028245317,0.0,0.0,0.0,0.0,0.0,0.0875603106741356,0.742965500847378,0.0,0.342440934442323,0.0,0.0469307768029492,0.568611342128975,0.127461428292741,0.0024519541172304,0.0139525093399203,0.0661255784978367,0.0038022645059951,0.00154925504349,0.003942354182512,0.0,0.0,0.0,0.0448544982133094,0.0363905830776239,0.0,0.0050032433623735,0.0077559660167339,0.119450602056984,1.25524355580067,0.0,0.342586738392435,0.16269641148563,0.0012014257223379,0.154672612435508,0.0019258861119377,0.0,0.0012593008135559,0.0,0.0,0.0148371407871889,0.0012454680926368,0.0,0.0,0.0,0.0,0.0060492765548995,0.0,0.996762085689984,0.0,0.0064920438130351,0.0466786345719776,0.0712119253722906,0.0,0.0111145784517557,0.0,0.0019268842137398,0.0,0.0066125064613684,0.337999424267604,0.0,0.0,0.0222253473586509,0.0,0.0,0.0,0.0009284934607676,0.0560882131250696,0.0,0.0,0.0423524202877319,0.0661111108564045,0.0,0.0,0.0635521542987424,0.0036108733149316,0.025504158131505,0.160076300501812,0.0011612797668409,0.0,0.0,0.0286387174619791,0.0867541736446057,0.0032922427984039,0.0345157977486944,0.0411740770900987,0.0,0.0,0.0,0.023593886942754,0.0187111267884608,0.0115890174363357,0.0006367903023903,0.0246547657769781,0.150402966401364,0.0,0.0044429644406472,0.0009362589282297,0.0044713513444563,0.0,0.0561479155026075,0.0126733127641318,0.002204354901719,0.0,0.0,0.0,0.0,0.0012154887697158,0.0036104107611299,0.0,0.0,0.0020107343471213,0.0,0.0,0.0,0.110898515455147,0.0045969446228323,0.0,0.0,0.0,0.0142812995277003,0.0,0.0032363371778953,0.157825889613759,0.0007396312688816,0.0,0.0,0.005271276520417,0.0,0.0,0.0013531831818765,0.0006130120099927,0.0006802644578035,0.0,0.0006459428775888,0.0112651122720267,0.128992952691905,0.0,0.0,0.0040442295914241,0.157187042267413,0.0,0.0,0.0,0.0,0.0,0.0023388470885151,0.0078509972401883,0.0,0.0,0.0,0.0,0.0,0.0,0.0,0.0,0.0,0.0,0.0,0.0,0.0,0.0,0.0,0.0,0.0,0.0185155789737398,0.0,0.0,0.0,0.0031497053529083,0.0011017040109051,0.0011150543419104,0.0,0.0086383676787377,0.011395175410198,0.0,0.0,0.0018841194948606,0.0062816428963559,0.0,0.0036578892053378,0.0,0.0,0.0,0.0,0.0,0.0099014346509394,0.0,0.0,0.0,0.0,0.0,0.0,0.0,0.0,0.0,0.0,0.0,0.002925473143272,0.0,0.0,0.0,0.0,0.0,0.0,0.0109145483881697,0.0,0.0,0.0010211728845659,0.0036754777787565,0.0,0.0,0.0,0.0,0.0,0.0253282921015759,0.0401675083434624,0.0,0.0391868971950492,0.0,0.0,0.0,0.0086526478832428,0.0,0.002962316547555,0.0325313295046681,0.0008722465821152,0.0,0.0,0.0,0.0,0.0,0.0,0.0,0.0008624230282108,0.0,0.0,0.0,0.0366504335140812,0.0,0.0217651159935153,0.0223121961644039,0.0,0.0231183473538404,0.0,0.0,0.0,0.0,0.0,0.0022388932964149,0.0010523163172134,0.0,0.0,0.0,0.0,0.0,0.0,0.254798575273939,0.0,0.0018082178518956,0.0068927310078122,0.0093331694652984,0.0,0.005930463540332,0.0,0.0009200960844789,0.0,0.0008401299462669,0.117638716371683,0.0,0.0,0.0011747344639356,0.0,0.0,0.0,0.0,0.0030688174331458,0.0,0.0,0.0046693956876957,0.0017107881069635,0.0,0.0,0.0177760003369305,0.0,0.0,0.0534993801927783,0.000960336883601,0.0,0.0,0.003715176868819,0.0409452194766848,0.0023712270062318,0.0032143497342999,0.0025458664904252,0.0,0.0,0.0,0.0,0.0,0.0,0.0,0.0,0.0164221937641851,0.0,0.0011770681872762,0.0,0.0,0.0,0.0136108684754134,0.002679173803926,0.0,0.0,0.0,0.0,0.0,0.0,0.0,0.0,0.0,0.0,0.0,0.0,0.0,0.0286298620065411,0.0,0.0,0.0,0.0,0.0,0.0,0.0,0.0,0.0,0.0,0.0,0.0021430284520531,0.0,0.0,0.0,0.0,0.0,0.0,0.0,0.0018599710433252,0.0007106489815043,0.0,0.0,0.000944008120011,0.0138005537021321,0.0005876646406378
MPT,0.0,0.0,0.0,0.0,0.0,0.0,0.0,0.0083353960769887,0.0099869879292263,0.0,0.0,0.0,0.0163776964943793,0.0,0.0008661225044641,0.0,0.0019033217568706,0.0,0.0,0.0,0.0,0.0,0.0,0.0,0.0,0.0,0.0,0.0,0.0,0.0,0.0,0.0,0.0,0.0,0.0,0.0,0.0,0.0,0.0,0.0038135861948959,0.0,0.0,0.0,0.0,0.0,0.0,0.0,0.0,0.0,0.0,0.0,0.0,0.0,0.0,0.0,0.0,0.0018273656175309,0.0112604784064324,0.0,0.0,0.0,0.0,0.0,0.0,0.0,0.0,0.0,0.0010793883302362,0.0,0.0,0.0,0.0,0.0,0.0,0.0,0.0,0.0,0.0024584000753954,0.0,0.0,0.0,0.0,0.0,0.0,0.0,0.0006419224702419,0.0,0.0,0.0,0.0,0.0,0.0,0.0,0.0,0.0,0.0,0.0,0.0,0.0,0.0,0.0,0.0220785237084875,0.000790099687161,0.0,0.0,0.0014632857803753,0.0,0.0,0.0,0.0,0.001534125089722,0.0,0.0,0.0,0.0007941971168305,0.0,0.0,0.0,0.0,0.0,0.0007964944897699,0.0,0.0037768629532121,0.0,0.0,0.0,0.0,0.0469244674732567,0.0,0.0,0.0,0.0,0.0,0.0,0.0,0.0,0.0293088103769464,0.0,0.0,0.0,0.0,0.0,0.0,0.0,0.0,0.0,0.0,0.0,0.0,0.0,0.0,0.0,0.0,0.0,0.0,0.0,0.0,0.0,0.0,0.0,0.0,0.0,0.0034446233072578,0.0,0.0,0.0,0.0,0.0,0.0,0.0,0.0,0.0102175169199395,0.0,0.0,0.0,0.0,0.036142514296358,0.0,0.0,0.0,0.0,0.0,0.0,0.0,0.0,0.0,0.0,0.0,0.0,0.0119582260214891,0.0,0.0,0.0474850542973598,0.0019792655337158,0.0012037688834842,0.0077316709283164,0.0,0.0,0.0,0.0,0.0,0.0,0.0,0.0,0.0,0.0,0.0,0.0,0.0,0.0,0.0,0.0,0.0,0.0,0.0,0.0019219288912974,0.0017100876558669,0.0016750505615306,0.0,0.0,0.0,0.0055776706195326,0.0,0.0,0.173680305287115,0.0030145806733044,0.0,0.0,0.0,0.0,0.0,0.0,0.0,0.0,0.0,0.0,0.0,0.0,0.0,0.0,0.0,0.0,0.0165191685718116,0.0,0.0,0.0,0.0,0.0,0.0185152832749371,0.0,0.0,0.0,0.007288817427537,0.0,0.0,0.0,0.0,0.0,0.0,0.0,0.0,0.0,0.0,0.0,0.0,0.0007177694365922,0.0006499010304483,0.0,0.0,0.0,0.0,0.0,0.0,0.0,0.0,0.0,0.0,0.0,0.0,0.0,0.0,0.0,0.0,0.0007968326081049,0.0,0.0,0.0,0.0,0.0,0.0,0.0,0.0,0.0,0.0005488748729992,0.0,0.016629417180939,0.0,0.0,0.0,0.0,0.0,0.0,0.0,0.0,0.0,0.0,0.0,0.0292669493010426,0.0,0.0,0.0072607855395036,0.0,0.0,0.0021839502292739,0.0,0.0,0.415536212301079,0.0,0.0,0.0044175987729229,0.0020720020591274,0.0,0.0,0.0,0.0,0.0,0.0,0.0,0.0,0.0,0.0,0.0168177585759246,0.0,0.0,0.0,0.0,0.0251615507231314,0.0,0.0,0.0094363459439023,0.0139079077119804,0.0,0.0,0.0,0.0006564345255621,0.0174721534607085,0.0,0.0,0.0,0.0,0.0,0.0,0.0,0.0,0.0,0.0,0.0,0.0,0.0,0.0,0.0,0.0,0.0,0.0,0.0,0.0,0.0,0.0,0.0,0.0,0.0,0.0,0.0,0.0,0.0,0.0,0.0,0.0,0.0,0.0,0.0,0.0,0.0,0.0,0.0,0.0013804616648882,0.0081203132246832,0.0,0.0,0.0110888116373249,0.0,0.0,0.0,0.0,0.0,0.0,0.0,0.0,0.05777701881532,0.0,0.0,0.0211899544693619,0.0,0.0,0.0,0.0,0.0,0.0,0.0,0.0,0.0,0.0051124981007143,0.0,0.0236309343429791,0.003334472252348,0.0,0.0,0.0
MRN,0.0013271374007262,0.0,0.0,0.0,0.0,0.0,0.001725467830504,0.0,0.0,0.0,0.0,0.000520275823556,0.0,0.0,0.0,0.208397566479487,0.0,0.0,0.0,0.0,0.0,0.0,0.0,0.0,0.0,0.0,0.0,0.0067446842818736,0.0040754260492432,0.0337855777824183,0.0,0.0040618284516794,0.0266547946545144,0.0,0.0,0.0,0.0,0.0,0.0689986513951849,0.0,0.0,0.0,0.0,0.0,0.0279036453414594,0.0,0.0009476113142965,0.0,0.0,0.0,0.0,0.0,0.0,0.0,0.0050624565122105,0.0040570899423297,0.229682679599859,0.0,0.0,0.0050219216445369,0.0254591548853395,0.126042297312997,0.0,0.0274337534954334,0.0136197888946561,0.0011956489597523,0.0,0.102582585620084,0.0008033416222219,0.0,0.0,0.0007231086507063,0.0,0.004932381510494,0.0830389949650176,0.0242547710374793,0.0,0.0049363259827531,0.0,0.0,0.0,0.001392459707279,0.100295568498393,0.120786776553464,0.0192629868003785,0.0265112540401919,0.0007512077641899,0.0008854690669887,0.0217320406746267,0.0042849656679186,0.0,0.0007636919607944,0.0,0.0007632024326476,0.0,0.0,0.0,0.0007437634912291,2.80868645082719,0.0,0.0080980142785969,0.0005447165826064,0.0021344368782689,0.00587448781028,0.0,0.0,0.0027785921848755,0.0704741574038768,0.0033640572410139,0.0,0.0,0.0,0.000612861947925,0.0,0.0,1.10057100748545,0.0,0.0701456287584031,0.11197269292682,0.0280876281791696,0.0,0.144376331180108,0.0,0.0304955214241805,0.0034748758809212,0.0272059948518415,0.053975713978476,0.0021356464833442,0.0,0.0009385069436564,0.0415941016107153,0.0453993265271527,0.0,0.0057218742441388,0.270021650666534,0.0,0.0,0.472993644572014,0.578559433123292,0.0015692726678017,0.0058247991031548,0.0,0.0,0.0,0.0042927489454477,0.0,0.0,0.0,0.0030351418801963,0.018779506737677,0.0078143076727453,0.125423095266306,0.0381988052793956,0.0,0.0,0.0,0.0204962553486858,0.0,1.74434366785943,0.141671688369345,0.0,0.0183382339866846,0.0,0.0138859223554954,0.0091559582073902,0.023218527072407,0.0070011342978744,0.0418961605244095,0.0147298332918593,0.0541937522506607,0.0016836305006012,0.0005717035565941,0.0019956340850536,0.0037011495392603,0.0044497321690388,0.0011866134833147,0.0,0.0010740841826869,0.0,0.0017008769978125,0.0130188815677164,0.0058626273354134,0.0,0.0295638092158633,0.0,0.0039313838007743,0.0,0.0882044140505548,0.0,0.001027416904677,0.0033132625934666,0.0013113928843564,0.0114893859310685,0.0,0.0144350445332557,0.0,0.0,0.0,0.0,0.0040828653932119,0.0,0.0033376006492384,0.0812224993504759,0.0,0.0080696665342769,0.0110799302393463,0.036511366921938,0.0274528439440243,0.0018380984059398,0.0005632459343255,0.0,0.0,0.0,0.0,0.0,0.0,0.0,0.0,0.0005856257504087,0.0,0.0,0.0,0.0,0.0,0.0189345256237328,0.0,0.0,0.0,0.0,0.0,0.0,0.0,0.0,0.0,0.0,0.0,0.0013206822652355,0.0,0.0056258543663825,0.0,0.0030810132865224,0.0163061709747649,0.0,0.0,0.0,0.0,0.0,0.0084863126836578,0.0,0.0029527895856209,0.0,0.0,0.0,0.0086955113772116,0.0,0.0,0.0,0.0,0.0,0.0,0.0,0.0,0.0,0.001144440287223,0.0006787057006812,0.109874327368042,0.0,0.0,0.0007738255711225,0.0080025839470907,0.0172529096395075,0.0,0.013267158521538,0.0012151061801026,0.0,0.0,0.0970779577047831,0.0,0.0,0.0,0.003370743968954,0.0,0.0,0.0075196631847476,0.004114391058628,0.0,0.0,0.0,0.0,0.0,0.0005485133006143,0.0262276619237474,0.052861777399081,0.0205203662623429,0.0184741220208162,0.001894058394968,0.0,0.0030599688876636,0.0,0.0,0.0,0.0,0.0,0.0,0.0,0.0,0.0,0.32259165097991,0.0,0.0,0.001532127391853,0.0,0.0013921378383408,0.0,0.0,0.0022065153122305,0.0384931163325611,0.0009899818401235,0.0,0.0,0.0,0.0022178950355184,0.0,0.0,0.29311833967102,0.0,0.0457891069617603,0.0145650261411494,0.0012013351556386,0.0,0.0365943880128923,0.0,0.0017535684476762,0.0016362800157309,0.0138490186541676,0.0073977359993127,0.0013106581815958,0.0,0.0,0.005312289332859,0.0037672087758088,0.0040950322925503,0.0006204895852783,0.0349555154922351,0.0,0.0,0.127595890221879,0.0800511886593585,0.0,0.0015183275698163,0.0,0.0,0.0,0.0,0.0,0.0,0.0,0.0014599368852388,0.0150018265135831,0.0061507333422888,0.0233256529071122,0.0018982495646271,0.0,0.0,0.0,0.0011365507615929,0.0,0.852005375245157,0.0402373238082239,0.0,0.0025483832746679,0.0,0.0100312478597036,0.0011931631340001,0.0012506252946998,0.0,0.0088273973624748,0.0025278451351375,0.0069811624024825,0.0,0.0057423480964151,0.0019561534106144,0.003616476050601,0.0,0.0,0.0,0.0,0.0,0.0,0.0,0.0005302656330126,0.0,0.0088046297339547,0.0,0.0,0.0,0.0106178194978716,0.0,0.0011101220844361,0.0,0.0011229692405515,0.0027550979624955,0.0,0.0273260150850936,0.0,0.0,0.0,0.0,0.0,0.0,0.0,0.0133004548851383,0.0,0.0,0.0,0.0115681963743842,0.0019165343556621,0.0007570851062792
MS,0.0858678363963123,0.0163998422298777,0.132007865515317,0.144131922263637,0.0,0.290318023040794,0.0,0.0,0.0,0.0,0.0064036678903387,0.0026790097628165,0.0,0.0,0.288238938814754,0.0,0.079568794389186,0.0,0.0,0.0,0.004141455366161,0.0710533287247029,0.121029084751802,0.261393070649894,4.5172057830609,0.347161312054507,6.51886263859268,0.0398022407781349,0.0,0.0,0.0068559210957176,0.0008758389852905,0.0,0.02407517634221,0.129743711241918,0.413405806817874,0.0341388207154859,0.0,0.0,0.0,1.7020185443935,0.201699099330606,0.0,0.0723188615284026,0.0145560123472431,0.0079799979631038,1.08234855524225,2.2296684081554,0.0391368244955485,0.0340191738187453,0.0,0.0,0.0,0.0079789014307462,0.0,0.0,0.0,0.0,0.0096098443131605,0.0,0.0,0.0,0.0758458963485615,0.0,0.0,0.0,0.105954643662877,0.0,0.0164088119424549,0.0,0.0045653109524167,0.0031374585461802,0.0176572593661077,0.0469165290777142,0.431640144656228,0.0,0.125034496124489,0.0,0.0596447105490321,0.884094139443705,0.134026889435524,0.0600717530958943,0.0,0.0057311678900696,0.0,0.0,0.442114544732905,0.0006768640328191,0.0,0.0024716198929265,0.154865459445798,0.189516798826625,0.0055387599257551,0.0,0.0082930994540956,0.160915127469756,0.222957687611487,0.0,0.0,1.57370385065057,0.0,0.883639915549576,0.0183138398699032,0.0,0.0149028213527272,0.0,0.0,0.0,0.0,0.0005418195860537,0.047052854684551,0.0124236082182351,0.0587709512965979,0.534647505213676,0.003883064967383,0.0,0.401123836027544,0.0,0.0,0.0247083395473885,0.0113790466426079,0.0,0.0,0.0,0.0,0.0,0.193717607745991,0.0188113897890198,0.0175046326622608,0.0957919033287347,0.0,0.0,0.168676301117997,0.0014156449857919,0.0,0.352972923329973,0.0,0.0,0.0,0.0,0.0,0.0,0.0,0.0599375044723277,0.0058040001305771,0.0508688225804392,0.0460940930760452,0.0,0.0303071619766416,0.0627175778807494,0.0,0.0,0.0,0.0307441017655623,0.0679318675768317,0.240873048006305,0.0110951882390938,0.0800718386448254,0.0,0.0,0.772881598726535,0.333711241331128,0.0,0.0024591224300137,0.0,0.0010274032398678,0.0042459503624043,0.0018830791248535,0.0022467329331169,0.0,0.0,0.0,0.0,0.0,0.0,0.0,0.0,0.0,0.0,0.0,0.0,0.0,0.17365259971922,0.0,0.0,0.0015040143754739,0.0931636407542251,0.0,0.557306164783591,0.126858727908638,0.196930201523659,0.0,0.0,0.0,0.0,0.0,0.0009108611347483,0.0018222425068667,0.0,0.0118434515441331,0.0224207927403548,0.0034355790461769,0.0061914018307183,0.0683567020107697,0.0,0.0,0.0,0.0057578648163053,0.0,0.03967005732844,0.0255172237920144,0.0832383363356914,0.16810984435032,0.0051744214198973,0.0868285233152,0.0,0.0,0.0007310153259239,0.0,0.0070140394230453,0.0025775774952267,0.0,0.0,0.143509562048138,0.0,0.0114418417288497,0.0005580074715812,0.0013538307079441,0.0,0.0036535679970956,0.0419075054386674,0.0700523397150722,0.153439206719525,3.34567257445928,0.245020668943573,4.44010231890746,0.0135130440950195,0.0,0.0013242407214312,0.0035629667845938,0.001478568981883,0.0,0.0092510691412834,0.0373208504516772,0.155555066601635,0.046150524333684,0.0,0.0,0.0,1.3543296269939,0.0429758972394908,0.0,0.0382991109184333,0.001495821098339,0.0140868922404555,1.1088767882262,1.96241948088031,0.0185363173050406,0.0201325874587056,0.0,0.0,0.0,0.001015999131428,0.0,0.0,0.0,0.0,0.0046647585657059,0.0,0.0,0.0,0.0195653352200473,0.0,0.0,0.0,0.0901958226125265,0.0,0.0065376001732076,0.0,0.000886463063119,0.0,0.0,0.0870415356878104,0.333170748737635,0.0,0.116056649833656,0.0,0.0560722345011588,1.50818442704808,0.447335415227662,0.034793206188844,0.0,0.022425520835905,0.0,0.0,0.0916112843185282,0.0,0.0,0.0,0.147198493194631,0.140220897121653,0.0109196106959503,0.0037918950791258,0.0211351170717605,0.0383665465251346,0.150982688883,0.0,0.0013706571681592,0.972683618251041,0.0,0.578601256627402,0.0207766000142579,0.0,0.0107023653530267,0.0,0.0,0.000573224750704,0.0,0.0008606640695947,0.0157949128056352,0.0120107460435311,0.0126532342355532,0.227096913190975,0.0025737156991043,0.0316678440488103,0.25912208378803,0.0,0.0,0.0463945077160794,0.0167955130170614,0.0013430945818611,0.0,0.0,0.0,0.0,0.143322329567873,0.0095565257832604,0.006920389383102,0.0805601040587438,0.0,0.0,0.149002304565937,0.0,0.0,0.314155955395764,0.0,0.0,0.0,0.0,0.0,0.0235364035153795,0.0050497827148846,0.0054903622363711,0.012544646540205,0.0094781258546246,0.0025434348512447,0.0,0.0058836963244178,0.0254273211381751,0.0,0.0,0.0,0.0341225764077413,0.0777172580886883,0.189547816431703,0.0093911418456341,0.0104058125476204,0.0,0.0,0.56432078032132,0.114381017568966,0.0,0.0012175561135276,0.0,0.0,0.0,0.0030546438146093,0.0018788762625028,0.0,0.0,0.0,0.0,0.0,0.0,0.0006329398344453,0.0,0.0,0.0016479931566238,0.0,0.0,0.0,0.12820148224869,0.0,0.0,0.0047324498045763,0.0674217087761413,0.0,0.351267479040413,0.047880811954776,0.0660815390769883,0.0,0.0,0.0,0.0,0.0,0.0023995166841571,0.0055186978801817,0.0033597022757373,0.0325547755325261,0.0459143472129471,0.0075900896286625,0.00069056292261,0.0131598632349517,0.0,0.0,0.0,0.0105203106290445,0.0
MV,0.0012575867030362,0.0009251198703583,0.0021494758419067,0.0021627031564378,0.0,0.0,0.0007566077878954,0.0,0.0,0.0,0.0,0.0,0.0,0.0,0.000993161909404,0.0667390052201876,0.0009764125812064,0.0,0.0,0.0,0.0,0.0,0.0,0.0071617076986435,0.0009844249428454,0.0,0.0009973215113526,0.0,0.0234944179198832,0.0056290924399985,0.0,0.0,0.0012646713138546,0.0,0.0,0.0010577174687307,0.0015938568015859,0.0227422676526725,0.0013564827299277,0.0144332899090809,0.0013124013820132,0.0045684843206138,0.0019240132024699,0.0007322425913075,0.0013860692146053,0.0,0.0,0.0,0.0,0.0,0.0208832323234476,0.0489067956663819,0.0,0.0,0.0,0.0010244321621013,0.562282499256312,0.0,0.0,0.0,0.0,0.0,0.0007207082962219,0.0014346421289522,0.0,0.0256996220795402,0.0,0.208974827267726,0.0,0.114234966492781,0.0016584004052363,0.0,0.0,0.0018443691559368,0.0087638381253739,0.0051285587987381,0.0040399068844564,0.0250240285298714,0.0009795797185843,0.0060226064318119,0.0018021616766069,0.0,0.0315702716361285,0.0127602265997236,0.086435615470585,0.11366838597685,0.0,0.0,0.0,0.0,0.0,0.0,0.0018544914315549,0.0014159556573245,0.0014041876741364,0.0006568769347351,0.0019032217245394,0.0,0.177924697724474,0.0,2.2850710839818,0.0,0.0,0.0007741579005663,0.0,0.0717315216803392,0.0,0.0058140154428731,0.0582889447222615,0.000546790604968,0.0007361743449072,0.0,0.0,0.0,0.0,0.115701508323033,0.0,0.260639876185866,0.131574617183506,0.0445511499835489,0.0,0.0118162105005016,0.0023110544016882,0.0067148980743254,0.180556887097476,0.0463343188940238,0.0045658580312663,0.0016404663944848,0.0006728793935773,0.0,0.0096309509020126,0.0006080960203512,0.0,0.0,0.0376554805383806,0.0,0.0,0.211198295043477,0.0898386740107022,0.240428838202459,0.0164111697819332,0.0,0.0,0.0008882024485692,0.0031690509538214,0.0,0.0008212038642588,0.0049823326888011,0.0008788457003117,0.0009893892016566,0.0007944519539209,0.0280246670161113,0.0022101471760539,0.0,0.00151163701871,0.0011082467244493,0.0,0.0,0.0,0.0,0.0009898664170608,0.0071477115707658,0.0,0.0,0.0,0.0,0.0074119008277409,0.000769795710045,0.0008914893797405,0.0038099488680298,0.370556688824147,0.102793369924914,0.069421706479587,0.0972825518901455,0.0,0.0,0.0010640445382001,0.0006681897048332,0.0,0.0,0.0010487542759293,0.0,0.0,0.0120711023356736,0.136178796804339,0.0,0.0,0.0157749678948131,0.0,0.0018472941275927,0.0,0.0139527551598541,0.0057556604477409,0.0036778464421395,0.0372080462063377,0.0,0.0,0.0,0.0,0.0,0.0,0.0,0.0088219760067072,0.0,0.0066128391751748,0.0010422376739467,0.0,0.0024671904006902,0.0179859858943443,0.0,0.0,0.0,0.0005147484154297,0.0,0.0,0.0,0.0,0.0,0.0006668367377122,0.0,0.0,0.0005926636720275,0.0,0.0,0.0138273285200878,0.0,0.0,0.0,0.0,0.0060590296642437,0.0,0.0,0.0007998145293996,0.0,0.0,0.0005914481893972,0.0,0.0373584911178862,0.011165511995734,0.0,0.0,0.0,0.0,0.0,0.0012440795845545,0.0042001105318209,0.0273289205511225,0.0012358726643497,0.0064827264265566,0.0,0.0011566418044622,0.0047922856642976,0.0,0.0008313948172506,0.0,0.0,0.0,0.0,0.0,0.023899996634673,0.0373144814030631,0.0,0.0,0.0,0.0,0.357783828042094,0.0,0.0,0.0,0.0,0.0,0.0,0.0009116049415765,0.0,0.0320443353269775,0.0,0.233067560480793,0.0,0.1381639681409,0.0185094959204661,0.0,0.0009348867507002,0.0,0.0046957444275531,0.0095860120328953,0.0,0.01698639545727,0.0,0.0,0.0,0.0,0.0271627769591884,0.00606678950215,0.054504264408307,0.0590015905870358,0.0,0.0,0.0012647243449278,0.0,0.0,0.0,0.0,0.0008253130443711,0.0,0.0,0.0,0.0,0.316302281758028,0.0,1.48549403008399,0.0006852313554998,0.0022216420214945,0.0013685919723251,0.0,0.0477335588615823,0.0,0.0101851998318157,0.040741935305061,0.0,0.0,0.0,0.0013214480336228,0.0,0.0,0.339923013191804,0.0,0.257533014687105,0.0798750846659889,0.0111398015063146,0.0,0.0118088604235311,0.0020231977224005,0.0042108694330792,0.118668091686103,0.0384835446505441,0.0114912401096614,0.0005151508123262,0.0,0.0,0.0021291971745114,0.0009532800743775,0.0,0.0,0.0137194034806059,0.0,0.0,0.184504461388904,0.0659518055872883,0.0971341031520685,0.0415851772757481,0.0,0.0,0.0,0.0010377970613042,0.0,0.0,0.0046055055321556,0.0005908151351656,0.0,0.0,0.047237495446968,0.0011310925411253,0.0,0.0,0.0,0.0067808544242007,0.0,0.0056415919219787,0.0,0.0,0.0006338029703251,0.0,0.0012917346386052,0.0,0.0024128405239992,0.0094841142327028,0.0010700374857814,0.0035950373130105,0.0023974886657531,0.325384065328468,0.0657713985126924,0.079194623554357,0.123883230292334,0.0,0.0,0.0006008743076407,0.0,0.0,0.0,0.0,0.0,0.0,0.0060085266316436,0.140024485963228,0.0,0.0,0.0086039667973523,0.0,0.0011744718079413,0.0,0.0021377691649487,0.0212788941197038,0.0154823646240402,0.0442378857115196,0.0,0.0,0.0,0.0,0.0,0.0,0.0,0.0431807209384597,0.0,0.0226815753186385,0.0,0.000532169445552,0.0014520796454499,0.0066180878858235
NDB,0.121680907035191,0.356088753620912,0.621836631521864,0.0,0.0140419762460396,0.412395926214305,0.0,0.0,0.0,0.0,0.12884697177388,0.0408561921937099,0.0,0.011237994705766,0.426215231033898,0.0007705412722345,0.0202788159551727,0.0,0.0,0.0,0.0957889073972204,0.0,0.110309694059293,0.518146049931038,0.0,0.009708863650805,0.0330752004792215,0.0,0.0,0.0128468765955095,0.0226938679325326,0.03682545718959,0.0697980156204596,0.0110630035808004,0.0137813379530899,0.0,0.215031786022754,0.0,0.0,0.0,0.0,0.106216523771989,0.0,0.219324686599421,0.0568196687655899,0.0,0.170716536642921,0.044695836782641,0.118875766273796,0.0270397495995667,0.0,0.0,0.0,0.0,0.0,0.0,0.0,0.0,0.0072425139912309,0.0,0.0,0.0,0.134527041631142,0.0,0.0,0.0,0.0,0.0,0.0,0.0,0.0249630831979236,0.0008726416646384,0.004415222462759,0.389216012071443,0.0,0.0026840198303911,0.0,0.0,0.348494257850946,0.696918296897106,0.0,0.145867145247806,0.0,0.55554879788225,0.0,0.0,0.376232868870913,0.0,0.0,0.0,0.491889918365049,0.300556418485846,0.180949955213649,0.0,0.0,0.0640106281273603,0.912532160566515,0.0,0.0,0.542926014162696,0.0,3.26369812861426,0.0326317134158095,0.0,0.0,0.0,0.0,0.015525513872376,0.0,0.0,0.0,0.0831846586369334,0.0,0.0711282499771736,0.0,0.0,0.158934309835506,0.0017912182327878,0.0,0.0502090868600775,0.0,0.0,0.0,0.0,0.0,0.0,0.555939273077567,0.0,0.0045420631448643,0.0956121396938304,0.0,0.0,0.0767220547069757,0.0,0.0,0.139064623528387,0.0,0.0,0.0,0.0,0.0,0.247516333306181,0.0,0.0366121680601561,0.22142687330192,0.0055355213180798,0.0180535460370872,0.0,0.0107630825424864,0.212557156998476,0.019405989004389,0.0552878040957858,0.0,0.0616107123066969,0.297708427705641,0.794648796143966,0.500319069391757,0.0,0.0,0.0,0.127106997407898,0.0,0.0,0.0653746855974198,0.0,0.0,0.0,0.0200402996795501,0.0020363219601799,0.0,0.0,0.0,0.0,0.0,0.0,0.0,0.0,0.0,0.0,0.0,0.0,0.0,0.321568764747452,0.0,0.0,0.0,0.0,0.0,0.0232338474533255,0.360932622259276,0.11122555098587,0.0,0.0049516776894174,0.0,0.0,0.0,0.0,0.0135472927025157,0.0010557363839146,0.0174418646265081,0.0528220423835873,0.017031331119588,0.0,0.0164351793285451,0.0,0.0,0.0,0.304068300507044,0.0,0.0147894356820555,0.0131130982961662,0.0314230656913977,0.0,0.0144936803996099,0.0,0.0,0.0,0.0,0.0,0.0278012607357234,0.0135345302328964,0.0,0.0,0.0,0.0,0.004662874436097,0.0,0.0,0.0,0.0621966161248064,0.0,0.0007593904714407,0.0240383065834736,0.0106732746520196,0.0,0.0,0.0,0.0,0.0139953889027311,0.0,0.005040647732747,0.0402580800300337,0.0,0.0014447839550023,0.0,0.0438791752104864,0.0,0.0,0.0,0.0,0.0040355537784322,0.0,0.0,0.0,0.0,0.0,0.0,0.0,0.0,0.0,0.0,0.0,0.0,0.0,0.0,0.0,0.0,0.0,0.0,0.0,0.0,0.004927852087401,0.0135863742046604,0.0,0.0,0.0,0.0,0.0,0.0,0.003511632650052,0.0,0.0,0.0477950208604168,0.0,0.0016278473010043,0.0,0.0,0.103532498012151,0.10515080101651,0.000992148142303,0.0418717506265822,0.0,0.127803179740058,0.0,0.0,0.0,0.0006996480660492,0.0,0.0,0.0156237622091459,0.151760080070849,0.0,0.0010115178167171,0.0043265121858552,0.0,0.0322168341192961,0.0005571123514806,0.0490206717874413,0.190143717192711,0.0,0.207971707369006,0.0160650510894942,0.0,0.0,0.0,0.0,0.0,0.0,0.0,0.0025645076236484,0.0027087957570119,0.0,0.0,0.0,0.0,0.0,0.0,0.0,0.0007283349718698,0.0,0.0,0.0,0.0,0.0,0.0,0.159237126046068,0.0,0.0,0.0434321963460555,0.0,0.0,0.0,0.0,0.0,0.0,0.0,0.0,0.0,0.0,0.0,0.0005511059389138,0.0,0.006094014761242,0.0241356898571868,0.0,0.0025273934578099,0.0,0.0046411532150343,0.0236727165829273,0.0076275717931988,0.0,0.0011908928636638,0.0073106269576557,0.012806733895109,0.0302430905593387,0.0079230990656557,0.0,0.0061777465959052,0.0,0.0644138438434478,0.0,0.0,0.0082238328991117,0.0,0.0,0.0,0.0055153637284122,0.0026548650234044,0.0,0.0,0.0,0.0,0.0,0.0,0.0,0.0,0.00099832017081,0.0,0.0,0.0,0.0,0.14016668967469,0.0,0.0,0.0,0.0,0.0,0.0180059376550656,0.0,0.0170033599441665,0.0,0.0014214238048999,0.0,0.0,0.0,0.0,0.0,0.0,0.0,0.0,0.0,0.0,0.0,0.0,0.0,0.0,0.0327108698049458,0.0
NI,0.0,0.121663052544464,0.247370507400714,0.147193561402693,0.0019182004666634,0.35404602923649,0.0,0.0,0.0,0.0,0.0274718948866486,0.0568604521080047,0.0,0.0,0.0,0.0,0.0,0.0,0.0035134324466597,0.0,0.0214037798305996,0.0,0.0,0.0,0.0,0.0,0.0,0.0125074518722094,0.0,0.394566839312504,0.0109135826990102,0.160230497950317,0.102601115236732,0.0,0.0,0.0953352762999561,5.08018447947674,0.0,0.0,0.0080559100770669,0.0,0.0,0.0,0.0821424353584786,1.4750988393249,0.0391437545121775,0.195347879038734,0.0,0.0,0.0007295729611098,0.0,0.0,0.0,0.0056663293973293,0.001865323282998,0.0,0.0,0.0,0.0,0.0,0.0,0.0,0.0818573831453772,0.230042454834643,0.0772599043883494,0.0,1.16187782574635,0.0,0.0222310736023877,0.0,0.0840994777372978,0.0,0.0,0.596563406348913,7.34149792651767,0.230469285894417,1.49108853335529,0.0,0.0863374685262261,0.159812834675167,0.0,0.26958111011288,0.0,2.60484149670695,0.0,0.0,0.015707950414886,0.0,0.0,0.0,0.0771598553403832,3.96411824094948,0.0,0.0398938575923975,0.154379217522809,0.0,0.0325267600162597,0.0,0.788121981927806,0.594793905867479,0.0,4.8685940078373,2.50704812479992,0.0,0.0,0.015619529361811,0.0,0.0,0.0,0.0,0.0095052918093408,0.0543068428962082,0.0,0.0159547705262453,0.0,2.47697644259513,0.0,0.0,0.0,5.46738672382455,0.0304014757830767,0.489940893121551,0.0,0.0,0.005653338069909,0.0,2.68463149916288,0.0,0.0627625130234872,1.39957154004741,0.0,0.0,0.0,0.0,0.0,0.0,0.0,0.0,3.53311012222976,0.0962847117776186,0.0,0.0,0.0264182788837751,0.0,0.0,0.0,0.0,0.0,0.0,0.555361202564521,0.151555532165717,0.0,0.0,0.0394536803997396,0.198030717925156,0.257591524765948,0.0,0.0820721662968291,0.0,0.0,0.154621963091362,0.603411481068938,0.0,0.332975828353229,0.134702431408916,0.198819201928561,0.0,0.245479913165987,0.108209055180315,0.0,0.0,0.0,0.0,0.0,0.0,0.0131450857781482,0.0,0.0,0.0069210195700101,0.0062341249784973,0.0,0.0,1.77742250582485,0.0,0.0,0.0,0.0,0.0,0.0620093926506822,0.233573757900919,0.451222043409846,0.0,0.0848488167284319,0.0,0.0,0.0,0.0027319559239266,0.006043159921116,0.0072147932372423,0.0,0.0048375987915476,0.0,1.1212150865785,0.0,0.0,0.0,0.0220056866365309,1.24890449953366,0.0,0.0126348440499691,0.0,0.0118842790777761,0.10668663245578,0.0,0.0,0.0518972107184361,0.0,0.0,0.0,0.0298062793243824,0.0203599922914974,0.0,0.0,0.0,0.0,0.0,0.0,0.0007754943566943,0.0016342278218524,0.0067461855730388,0.0,0.0,0.0,0.0,0.0,0.0,0.0,0.0,0.0624850586390851,0.0315077754150226,0.0139920383293602,0.0074849048173489,0.0,0.0,0.0364490057511642,4.1611185080768,0.0,0.0,0.0,0.0,0.0,0.0021743172792082,0.0029191677032923,0.106420281822265,0.0,0.0,0.0,0.0140895448214351,0.0,0.0,0.0039010030196922,0.0023467562009362,0.0046215622537973,0.0011376917415903,0.0,0.257414977517941,0.0045403191608242,0.0005220763197213,0.0,0.0,0.0,0.0051013882056415,0.0788849029799436,0.0192396917975285,0.0,0.585098371529647,0.0,0.0,0.0,0.0166585625370906,0.0,0.0,0.0,1.325091113726,0.0098531694475804,0.174997345459545,0.0187325768979141,0.0768224654907804,0.488562758268428,0.0,0.0260713301149759,0.0825791751376383,1.19433906930777,0.0,0.0,0.0,0.0,0.0,0.0,0.0,0.694303696007439,0.0,0.0472502551209326,0.0386458209626529,0.0,0.0,0.0,2.77822836348738,0.403701787277324,0.0,0.841405777305755,0.864563716596869,0.0,0.0,0.0059008700724065,0.0,0.0,0.0,0.0077150193073037,0.0,0.0,0.0,0.0,0.0,3.82037527963415,0.0,0.0,0.0527382684412561,4.02048316787832,0.0037308402614807,0.166171454120134,0.0,0.0,0.0,0.0,0.655163073163059,0.0,0.0,0.460455753610462,0.0,0.0,0.0,0.0,0.413098786460429,0.0,0.0,1.42918911520413,2.33242004157945,0.0236225191766844,0.0,0.0,0.0082329363946868,0.0,0.0,0.0,0.0,0.0,0.0,0.257543009352777,0.131489058819163,0.0203226220913626,0.0329775277651191,0.0120793843596856,0.0215757953624718,0.0399898659278817,0.0172312509119393,0.0047015839909488,0.0,0.0,0.0355514351084877,0.241030879881028,0.007736177630648,0.171924980835717,0.0040551007972495,0.0,0.0,0.0512152956127246,0.0141774648702113,0.0,0.0,0.0,0.0,0.0,0.0,0.0,0.0,0.0,0.0,0.0,0.0,0.0,0.465499573813189,0.0170958852086088,0.0,0.0,0.0,0.349019336835121,0.0146784377162222,0.0219469896210435,0.0,0.0,0.0,0.0,0.0,0.0,0.0005163781377169,0.0030509712795414,0.0014826720126813,0.0045047037564267,0.0,0.0030237459247742,0.0986102956535834,0.0,0.0,0.0,0.0,0.438331308125735,0.0012973314818448
NLL,0.0,0.0,0.0014201902715128,0.0,0.0,0.0,0.0045132192743656,0.0,0.0029435808202768,0.0378773522371426,0.0,0.0,0.0,0.0,0.0,0.0,0.0,0.0,0.0,0.0013984392546238,0.0,0.0,0.0,0.0,0.0023445358568666,0.0,0.0,0.0,0.0452378320255443,0.0,0.0,0.0393227350631295,0.0,0.0,0.0007804301544244,0.0,0.238004487366496,0.328148847930667,0.667224498108453,0.0,0.0078787720374664,0.0,0.0192346000439662,0.0,0.0,0.0042760344315795,0.0013248540067693,0.0,0.0,0.0,0.0,0.083733204709222,0.0,0.0,0.0,0.0,0.222930514712287,0.0,0.0,1.99495311416794,1.73251701197865,2.29522108263206,0.0,0.0,0.0,0.0054373909456615,0.0,0.831322347807833,0.0,0.0160160919785779,0.0,0.0,0.0,0.0,0.0,0.0200148434873989,0.0,0.108522235487262,0.0,0.0,0.0,0.0,0.0785998030642029,0.0,0.589279332110363,0.0907534320496165,0.0,0.0090432614633129,0.062191161058554,0.0194147984907408,0.0,0.0013000206494716,0.008880809111333,0.0011504147620962,0.0,0.0,0.0,0.0,1.36203954176676,0.0,0.315581607847261,0.0,0.0232753799077722,1.64751508125399,0.0,0.0315000555939634,0.0,0.0,0.0,0.0,0.001674801944495,0.0,0.0179259202159768,0.0,0.0,1.36128012319155,0.0,0.631688977367435,0.0,0.0701688040699344,0.00154512761073,0.0,0.338320979676419,0.0801198792769056,0.0,0.558775665484549,0.0130403930424734,0.0076423976979543,0.0007507012785671,0.0,0.0,0.1084013663054,0.0029583428636802,0.0153117017757996,0.760150145405728,0.0005714200969787,0.0,0.671882874135812,1.00420151017955,0.0107699322871718,0.197520573081422,0.0,0.0007817572998875,0.0,0.0048020015313773,0.0,0.0,0.0069465377744399,0.0,0.0,0.0,0.0,0.0,0.0,0.0,0.0016441330764938,0.0,0.0016679893881342,1.9984782871069,0.135685266647578,0.0,0.0,0.0,0.0,0.0,0.0,0.370302507237122,0.0107635714236399,0.0285943500989354,0.040750136769849,0.142276169191361,0.314208420746684,0.214211864152781,0.0,0.005038408307223,0.0,0.0096156429278993,0.0090517012334155,0.0,0.0,0.0089397737860468,0.0,0.0,0.0,0.0186584580322758,0.003093419482869,0.0010308427159903,0.0956426918400136,0.0,0.0015204625671318,0.0017260965250588,0.0374096539458656,0.0,0.0,0.747450006497932,0.0,0.0,0.0,0.0009285556435121,0.0164054288184928,0.0,0.0011236955866313,0.0,0.0,0.0,0.0,0.0,0.0,0.0,0.0,0.0008615690796591,0.0053421265793541,0.0,0.0,0.0059943402420723,0.0,0.0019400047395007,0.0009007574491439,0.0025854557402692,0.0006488100341986,0.0,0.0,0.0,0.0009675091685657,0.10302775471032,0.0026165710810314,0.0006135648183268,0.0008499769563054,0.0011118622782108,0.0013180515552649,0.0,0.0,0.0,0.0022610850414813,0.0,0.0067527161411195,0.0,0.0111010919197565,0.0203707554827108,0.0,0.0381946983989311,0.0,0.0,0.0040361413447183,0.0,0.207903620620497,0.0835270806596295,0.0481627082461461,0.0049854294912717,0.0413858380759803,0.0007764558484771,0.0027435447527518,0.0008605217937517,0.0,0.0010872430735623,0.0028363192855336,0.0,0.0009999713827133,0.0,0.0,0.0080776941947667,0.0,0.0,0.0,0.0,0.298298176509275,0.0,0.0,0.0,0.0391714562729237,0.0409563853330388,0.0,0.0,0.0151041317496463,0.0,0.0,0.0,0.0006348031079632,0.0355299690372105,0.0243493965267269,0.0074778148660689,0.0,0.0034395234875506,0.104175406379968,0.0490951988715351,0.0,0.0221526808739953,0.0,0.0042060367340479,0.0,0.0056921427485556,0.147971422271889,0.0,0.124589097805251,0.0729250793259381,0.0,0.0022428888907003,0.0713177860324616,0.0062739789357983,0.0019111350810563,0.0008534956258228,0.018307691446809,0.0,0.0,0.0,0.0,0.0010046012391619,1.36556487812344,0.0,0.291160600748206,0.0038560975975596,0.0079233686873534,0.0733366988912919,0.0,0.0025188834438382,0.007980752895237,0.070282973701253,0.0,0.0,0.0023804016955056,0.0,0.020141719641848,0.0,0.0,1.10610931637708,0.0,0.0,0.0,0.035202844027508,0.0006396234484756,0.0,0.0186282920332006,0.0203232708018564,0.0122885506349632,0.172560863513028,0.116532500605346,0.0076787704706297,0.0,0.0,0.0,0.03437083261171,0.0029174095848024,0.0009807620286965,0.292193166339718,0.0027086523125959,0.0,0.605990470851842,1.38425077499977,0.0098071739535715,0.0,0.0,0.0,0.0,0.0066437057329851,0.0,0.0,0.0161369344790377,0.0,0.0,0.0,0.447207750358237,0.0756272492948398,0.0,0.0018829497489329,0.0066086390232113,0.029865195017761,0.0,1.55983696198366,0.0767149021340403,0.0,0.0,0.0,0.0,0.0,0.0,0.0238868499882529,0.0185132171255568,0.0137785619063647,0.0,0.194662923210349,0.0346182776375094,0.032914484887956,0.0,0.0024281784011837,0.0012249529984573,0.0,0.0008649996816095,0.0,0.0008071962890379,0.0063348402831695,0.0,0.0,0.0,0.0293536773423267,0.0,0.003716311934885,0.0969827578668517,0.0,0.011506779957651,0.0,0.0,0.0,0.0055539117714845,0.228103921656178,0.0,0.0,0.0,0.0,0.0,0.0,0.0,0.0320060580156225,0.0,0.252316314966878,0.0,0.0,0.0,0.0
NLOT,2.12310499548652,0.0081667887837581,0.0552244207240106,1.23826989203074,0.0,1.85531381989662,0.27667386706312,0.0335815185482502,0.301810214587756,0.0,0.0,0.0,0.0247211876173113,0.0,0.256540885988897,0.0,0.193813710115942,0.0,0.0,0.0,0.0,6.52329247462454,9.01475009938511,5.65312042348033,1.40667171302027,0.015088091155046,0.0461985240378963,11.8876348634569,0.0037020153241071,0.0,0.131473334051862,0.0,0.0,1.86751761915413,0.0,3.94245470171418,0.0,0.0121002595897481,0.0440515645508402,0.0049947471162178,0.182914516827299,1.28754789166037,0.0,0.0355927631140034,0.0063576158357669,0.250142605190649,0.0455120200239253,0.246585305121353,0.310666145061185,0.263084220560671,0.0020473873098651,0.0,0.0127203028146941,0.554823823304002,0.639327703775366,0.0,0.0,0.0740419300461898,1.02229687819295,0.0,0.0,0.0,0.4240635715668,0.0190544152316594,0.0,0.0,0.0112314376001643,0.0,4.46291571870725,0.0,0.0,0.0,0.0095020857337101,0.0,7.34187814188061,0.0,1.51118214482955,0.0,0.0021335109172639,0.470323968580184,0.128715996647968,0.457412403989382,0.0,0.0,0.0,0.0,11.0562068445437,0.0030698670627876,0.0,0.0048516736733027,0.0,0.0908119805858427,0.0,0.0084059510965232,0.0243973752142738,0.478303207046141,1.14093657271951,0.0,0.0,0.196774116705022,0.0,1.37204059522964,0.0036701962764624,0.0,3.66912286155289,0.004798927704371,0.0,0.0012219426743134,0.0,0.0691642379400729,0.291653095803383,0.0867976543179912,0.0,1.52604281946342,0.252535304483032,0.802719379746085,0.0141298896156913,0.0,0.0,0.0035679884611806,0.0,0.0,0.0321404133886547,0.0,0.0,0.0,0.983950340995387,0.0,0.320539043099053,0.36658243659988,0.0,0.0,0.0172794358929192,0.0,0.0,0.0040116059117419,0.0147694642402716,0.0,0.0,0.0,0.0,0.0626174481240268,0.0031053242833337,0.558803762057178,0.0919953949405705,0.118571584976159,0.154437715143192,0.0,0.378012500230163,0.314970875505279,0.0051543925674443,0.0,0.0300895724566721,0.0007752531219242,0.0069076164325991,0.0097073627369046,0.628622923546299,0.118236675238398,0.0,0.0041295217072977,0.0032416131140557,6.48058418293608,0.0080469517798312,0.0555918072744262,0.0,0.0,0.0,0.381200652951987,0.0651644585813169,0.0176066394446491,0.0067080369368541,0.0,0.0,0.0,0.0,0.0,0.0336857327704467,0.0090930764900562,0.0,0.0,0.0,0.0,0.214768925036878,0.0,0.0,0.26903352097766,0.0283739421968066,0.0,0.0,0.0141830294302316,1.54229586583453,0.0,0.0,0.0177484810160125,0.0,0.0,0.0,0.0,0.0005209310623644,0.0152567836341033,0.0109428819549638,0.0,0.0,5.53970681196072,0.0,0.0,0.0066209909519643,0.173138183428164,0.0,0.0,0.0041541352057398,0.041689695374859,0.0,0.0,0.0141965247744936,0.0135058926020795,0.0132814534942774,0.0,0.0,0.0,0.0017254537736152,0.0195470071429124,0.0,0.0,0.0091763031808799,0.0282773510042213,0.0,0.0,0.0,0.0,0.0305681082082132,0.0,0.0,0.0016405239676162,0.0,0.0051164889240003,0.0,0.0005262102545367,0.0,0.0025263297478914,0.0028906800148425,0.0,0.0081117422542369,0.0,0.0710757815235308,0.0,0.0095346298498084,0.0340125295229972,0.0319706737920444,0.101557299627827,0.0306218472493645,0.0,0.0133618990372925,0.0053806231656232,0.0,0.0,0.0116544802686236,0.0068762371145958,0.0,0.0014723203228128,0.0,0.0026922731941695,0.0,0.0125210291416815,0.0,0.0,0.011708504888173,0.0,0.0006596914443404,0.0,0.003605247529533,0.0,0.0,0.0,0.0,0.0055975103956379,0.0,0.0116677628621567,0.0,0.0,0.0,0.0,0.0126887210241272,0.0301002406927506,0.0036336109836473,0.0,0.0,0.0,0.0274651065263166,0.0181015944335519,0.0,0.0,0.0115901160540623,0.0,0.0,0.0,0.0043122700127532,0.0217158539372749,0.0098010132801789,0.0018221558367697,0.0194179322951884,0.0,0.0,0.0008362568142761,0.0075611396536035,0.0,0.0,0.0592183544579359,0.0439853775233025,0.0,0.0115360336636695,0.0,0.0,0.0147456617043848,0.0016214792049186,0.0,0.0,0.0,0.0016487120526202,0.0607498770027135,0.0041748111856396,0.0,0.0,0.0,0.635140886083603,0.0038117048949307,0.0,0.0130402805986495,0.0,0.0,0.0272475089768468,0.0386260984952666,0.0057194946547253,0.0,0.0,0.0861083844221496,0.0,0.0370117380257195,0.0720243103332022,0.0,0.0057877769494685,0.022845129355061,0.0043942793946587,0.0030983046229443,0.0036776082946034,0.0112288688697712,0.0,0.0,0.0,0.0,0.0,0.0,0.0143558442389021,0.0,0.0039417043617103,0.0096945038169209,0.0,0.179125922068533,0.0,0.0010271992213639,0.0,0.0,0.0061516471198771,0.0108892224819135,0.0065536944971618,0.0070168664756783,0.001352999099562,0.104846424948123,0.0044082240253987,0.0,0.0,0.0052757128741225,0.0179252253845144,0.0008679835844693,0.0,0.0,0.0553954501009008,0.021786420958808,0.0,0.0011653478542129,0.0,0.0,0.0,0.0,0.0,0.0101985865744354,0.0,0.0,0.0,0.0027164500212482,0.0,0.0498884122405264,0.0,0.0,0.0,0.0,0.0,0.0,0.0266844351369188,0.345713099037596,0.0,0.0,0.0105178873416331,0.0,0.0,0.0,0.0,0.0006611806360399,0.0062547979208707,0.0034759756750084,0.0,0.0044998694383134,0.881402516466321,0.0,0.0,0.0419484370863476,0.0043426790567866,0.0
NOD,0.0,0.0089439733461686,0.0047098249972436,0.0,0.0,0.0,0.0113475663568071,0.0009354152386139,0.005747377098105,0.0,0.0,0.0017008442365224,0.0,0.0,0.0060536858544815,0.0012752353803209,0.0,0.0,0.0,0.0,0.001540249598099,0.0,0.0,0.0,0.0,0.0,0.0,0.0,5.51691535102413,0.0,0.0,0.0065890909158202,0.0,0.0,0.0,0.0,0.0006544530309944,3.20927062650378,0.032382088297005,0.0,0.0081427191676429,0.0034943510401227,0.0,0.0,0.0035900098485364,0.0012080742051894,0.0075348974945964,0.007357169177267,0.0,0.0,0.0065354105295223,1.80279916566131,0.0,0.0,0.0,0.0,2.33352276069871,0.0047942154604287,0.0,0.000668075981217,0.0,0.0065356280914263,0.0006813640682432,0.0018355560649064,0.0,0.243809313355187,0.005935724662407,0.423093066155051,0.0,0.562188511684755,0.0,0.0,0.0,0.0008497168341096,0.0023145325806551,0.0,0.0,0.34180741916999,0.0,0.0,0.0,0.0,0.342960691525983,0.0274358845919359,0.0569452480711765,0.346097963557043,0.0009173063869395,0.0021339215541327,0.0,0.0,0.0,0.0012999135241561,0.0,0.0,0.0,0.0,0.0,0.0,0.0469335970302865,0.0,1.70488124641807,0.0176249582163367,0.0,0.0007006527133171,0.0,11.3917912907421,0.0,0.0,0.177929265818552,0.0,0.0032647260537144,0.0,0.0527736078955867,0.0,0.0049225245549446,0.220423407892221,0.0049586377081495,0.194524905091462,0.250897238012399,0.0439720627932988,0.0,0.0,0.0229414927817098,0.0,0.42951874771406,0.230227097302712,0.0246494113771572,0.0437434896725244,0.0008200039558311,0.0,0.0,0.0012602141478986,0.0115678971685974,0.0,0.0042377908119827,0.0,0.0,1.05530312188096,0.148311869906695,0.199524031368696,0.0159370315842814,0.0,0.0,0.0,0.0197559332634984,0.0,0.0,0.660232657702685,0.0011570568089249,0.0013272077094658,0.0,0.0,0.0006754997117693,0.0024909333827113,0.0017064432972633,0.0027757138873897,0.0,0.0,0.0074022443222264,0.0045669249910249,0.0,0.0,0.0,0.0,0.0,0.0196641977541386,0.006009940788166,0.0144276661203923,0.0,0.0,0.712880067362647,0.0,0.0,0.0172471199482067,0.0010021975512038,0.0,0.0113887963592689,0.0065020066998065,0.0,0.001169339888559,0.0171472462127019,0.0,0.0,0.0352692451219681,0.368555942224149,0.0,0.0,0.0,0.0,0.0224966029043829,0.0186212993900289,0.0029054055767774,0.0,0.0037840511015787,0.006158959924163,0.0,0.0,0.0,0.0,0.0,0.0,0.0,0.0,0.0,0.0093251526658283,0.0,0.0,0.0,0.0017418604191004,0.0007292461203386,0.0066101016745712,0.0149075230477286,0.0,0.0,0.0,0.0110632182621347,0.0,0.0137764375604296,0.0,0.0,0.0,0.0,0.0,0.0034317417284374,0.0,0.0,0.0,0.0,0.0,0.0,0.0,0.0,0.0,0.0,0.0,0.0,0.0,4.49065781884916,0.0,0.0,0.0073141236330597,0.0,0.0,0.0029856888980965,0.0,0.0039079720347057,2.62952538399293,0.0135639254036072,0.0382956538103173,0.0745622408637191,0.0,0.0,0.0046473007725451,0.0009670126518198,0.0,0.0020488163284939,0.0117918421947406,0.0,0.0007095854535908,0.0032819995687959,0.262790400792418,0.000574325345001,0.0,0.0,0.0,7.52255003869806,0.0052151174605696,0.0,0.0,0.0,0.0,0.0,0.0,0.112037870312139,0.491341731336652,0.0015047376131464,1.36595990237353,0.0,1.08830880770085,0.0010410585991219,0.0,0.0,0.0034086630608834,0.0033621268074703,0.0,0.0,0.674694196522805,0.0,0.0,0.0,0.0,0.945725023226851,0.0,0.0135943464507503,0.947928851465311,0.0127182285652411,0.0012158028593702,0.0,0.0,0.0,0.0,0.051580749783529,0.0,0.0030804537826321,0.0,0.0,0.0,0.0,0.0,4.69846470462207,0.112205578319762,0.0115158625854962,0.0,0.0,5.0791159532588,0.0,0.0024617898218356,0.3191530082116,0.0,0.0063776487947775,0.0016646161288734,0.0148458920812711,0.0,0.0012553382163463,0.208786750747797,0.0053846220713207,0.214856914548376,0.464025199483212,0.108960784408754,0.0,0.0,0.0076424128049547,0.0050946205442953,1.19978916907431,0.652302347410585,0.0058070383808243,0.0272591567226248,0.0007023658876629,0.0,0.0,0.0,0.0227573075566,0.0,0.0084230509010384,0.0038394221980474,0.0,2.48958057421402,0.57861595847628,0.596710941709139,0.0,0.0,0.0,0.0,0.0,0.0,0.0,0.536311373563089,0.000754904260184,0.0,0.0,0.0,0.0,0.0006323438054739,0.0045023545183027,0.0086936804407241,0.0023874813071271,0.0,0.0,0.0,0.0,0.0,0.0,0.0,0.0020175445287384,0.0020103546695267,0.0035804049905255,0.0,0.0,0.0,3.02858468475077,0.0,0.0,0.0,0.0,0.0,0.0078084737009841,0.0007364485056994,0.0,0.0,0.0056336866431678,0.0,0.0,0.035032318098864,0.2119453432056,0.0,0.0,0.0198464487323227,0.0,0.107945030683689,0.0244291954316525,0.0,0.0,0.0211991955141837,0.0422369253818515,0.0,0.0,0.0,0.0,0.0021134666818765,0.0,0.0,0.0,0.0,0.0375885757918647,0.0,0.0,0.00347078797563,0.0193662602394487
NOT,0.0,0.0061079931061918,0.0015659002967188,0.0,0.162069864980233,0.0,0.149511254240174,0.0,0.0,0.0,0.49189180253622,0.545281403342857,0.0,0.0,0.0,4.75356052172249,0.0,0.0016632113547657,0.0,0.0,1.79218591748928,0.0,0.0,0.0,0.0610755405633181,0.0,0.172057992670049,0.0,0.0008510676046144,0.593012419247387,0.0,0.0,0.0,0.0,0.0,0.0,0.0,0.0157770250148513,0.0621746638019695,0.0,2.91515192282672,0.0,0.0,0.0009978001371667,0.0,0.0,0.0107839117450508,0.0191562054645939,0.0006418319935688,0.0,0.0,0.0,0.0,0.0,0.0,0.0,0.0,0.0,0.0,0.0,0.0043550217402456,0.0423794311694576,0.0,0.0,0.0,0.0015189062502459,0.0127539328663268,0.0,0.0,0.0,14.4535059841343,2.50981833953269,5.05095816682727,1.07190594056475,0.0514010246644913,10.3870354159191,0.0,0.0,0.0,0.0,0.0,0.0,0.0,0.0476538902642178,0.0,0.0,0.0,0.0013141356119147,0.099838514480853,0.0445099509119172,0.277253316465757,0.0045048139431878,0.020041935772582,0.0313831781036366,0.0153667203340895,0.0,0.0,5.87103199797298,1.3283020585082,0.0,0.0,0.0,0.0,0.0022285075383257,0.0,0.0,4.89804675616724,6.29159142100572,0.0,0.0,0.0,0.0,0.21239034193907,0.0,0.0,2.64094608993883,0.0005252025174158,0.0,0.111404312038608,0.0,0.0,0.150718544622799,0.0,0.568837411676288,0.0,0.0,0.126680090396067,0.0,0.0,0.0,0.23466285348388,0.338159090489806,0.0124482791620033,0.0130986024389691,0.170524106009666,0.0026116950866679,0.0,0.0070766232384806,0.175279141627722,0.0,0.0,0.0,0.0,0.0,0.0,0.0,0.0,0.0,0.0,1.75380569254634,0.14078251734227,0.0414258337762846,0.0,0.0058994383893294,0.0617596755123738,0.41245788960132,0.999291264875401,0.0,14.9366114541509,19.3774176813183,0.0093217598400508,0.0,0.0,0.0,0.0,0.0120687949202898,0.004269469941292,0.21475659786069,0.0519501101962108,0.0116793193308068,0.0,0.0,0.0,0.0,0.0343934970268774,0.0,0.0,0.0706247218139697,0.0,0.0032659578416554,0.148133412476543,0.0,0.0,0.0120282911613447,0.0,0.0055505921052313,0.0,0.107083398130427,0.0,0.0,0.0036602687598241,0.0,0.0,0.0,0.0,0.0,0.0,0.0,0.0,0.0,0.0,0.0039821205021593,0.378813856465253,0.0,0.61496507188021,0.0921900820223283,0.0,0.0,0.0,0.0,0.0130477985557919,0.0322390593345845,0.0,0.0,0.0,0.0,0.0,0.0,0.0,0.145595896069209,0.120132751970963,0.0,0.0,0.0,0.0,0.0,0.0,0.0,0.0,0.276435632975309,0.0,0.0,0.0,0.0,0.0,0.0231872807376843,0.0,0.0,0.0,0.0,0.0,0.0459181989239987,0.0,0.0,0.0115820178778956,0.0,0.0032409803106365,0.0,0.0,0.144587804233549,0.0,0.0,0.0,0.0,0.0,0.0,0.0,0.0,0.0,0.0,0.0,0.0,0.0,0.0,0.0,0.0,0.0,0.0,0.001625577159791,0.0,0.0,0.0,0.0,0.0,0.0,0.0037673749292221,0.0,0.0,0.0,1.62204558934809,0.440439279840177,1.85161722349462,0.0,0.0,1.21978240860446,0.0,0.0,0.0,0.0,0.0,0.0,0.0,0.0,0.0,0.0,0.0,0.0,0.0,0.0385865978262482,0.0,0.0,0.0609609585987008,0.0,0.0158682672932369,0.0,0.0,0.164403212412793,0.0,0.0,0.0,0.0,0.0,0.0,0.0,0.0117498927562167,0.220487884521869,0.0,0.0,0.0,0.0,0.0,0.0753503058422839,0.0,0.0,0.0,0.0,0.0,0.0,0.0,0.0,0.0,0.0,0.0,0.0,0.0,0.0,0.0,0.0,0.0,0.0,0.0,0.02076765021194,0.012839550410252,0.0,0.0,0.0,0.0,0.0020576780312281,0.0,0.0,0.0,0.0,0.0,0.0,0.0,0.0,0.0,0.0,0.740072710171317,0.110874155920533,0.0,0.0,0.0,0.0,0.0396445152766047,0.424431827788605,0.0,0.0,3.56099595109084,0.0,0.0,0.0046090922284693,0.0204354004276994,0.0,0.0,0.0,0.0,0.0,0.0,0.0,0.0,0.0,0.0,0.0,0.0,0.0,0.0,0.0,0.0,0.0,0.0,0.0,0.0,0.0,0.0,0.0,0.0,0.0,0.0,0.0706313094047267,0.0,0.0,0.0109208729915129,0.0,0.0,0.0,0.0,0.0,0.0,0.0,0.0,0.0,0.0,0.0,0.0,0.0,0.0018047184927097,0.0
NPC,0.0069084216089274,0.0,0.0047318753092876,0.0801474764372482,0.132542360181041,0.961759651822335,0.0,0.0,0.0,0.0,0.0571625906751254,0.0284161398177523,0.0,0.0,0.0,0.639279839603177,0.0061072755557153,0.0009598625207757,0.0053370485535739,0.0014786381747619,0.176552486045978,0.000997598106962,0.0125780658829988,0.238014319398631,0.0103841895884594,0.000909432985573,0.0520473411887993,0.0320769698428832,0.0064644923203918,0.118897915115434,0.0,0.0,0.104751250527173,0.0211268666446891,0.0200620353562184,0.0,0.0,0.0,0.0,0.0,0.194643193418511,0.248750903698049,0.0,0.0,0.0,0.0074631256339489,0.0036021508746977,0.0,0.0,0.0,0.0,0.0,0.0,0.0,0.0,0.0,0.0,0.0,0.0010153191961302,0.0,0.0,0.0,0.0,0.126883273043357,0.0,0.0,0.0,0.0,0.0015191084511462,0.0,0.701790919242988,0.0544496176428909,0.178464767065294,0.195774863970485,0.0012586584668328,0.419538259585009,0.0179388169311876,0.0,0.0047553446056171,0.102460613610298,0.0450199814028393,0.0,0.0,0.101458347774073,0.0,0.0,0.132415252918414,0.0005561593387382,0.007350737934343,0.0,0.0525255396724111,0.0117344738476544,0.0,0.0015385078799278,0.0,0.0685032868349543,0.209456458069294,0.0829166399582578,0.0,0.016504408991199,0.0,0.0,0.0,0.0,0.0031018874046525,0.0,0.187957219451224,1.38532186974074,0.0,0.0,0.0,0.0,0.0235527398836999,0.0,0.0089668593311683,3.31818738805023,0.0006815233522966,0.0,0.0,0.0,0.0,0.128818880635515,0.0,0.0,0.0,0.0,0.773924512230572,0.0154678266215984,0.0,0.0359399197300139,0.0,0.0408228328561331,0.0,0.0036389631871486,0.0,0.0,0.0,0.0,0.0,0.0,0.0,0.295900170330054,0.0,0.181126814304751,0.782961250755665,0.0017425028704479,0.0026657070321121,0.0,0.0196326769514067,0.726796697976725,0.0890828888949507,0.0265102591855694,0.0109992459249292,0.0017689556673662,0.0,0.0299324013249941,0.0752712508918653,0.159159182293454,2.01859129761981,1.49363671910818,0.0,0.077405048669585,0.0,0.0487296692550441,0.0159226546735256,0.0157560345868485,0.0,0.281522072898675,0.0799926967615652,0.0,0.0,0.0,0.0,0.0,0.0,0.001999395360305,0.0,0.0,0.003055383120684,0.0,0.0,0.0,0.0396390451224355,0.0,0.0019667013413472,0.0032236574425011,0.0033945968567331,0.0,0.0137865090537674,0.0,0.0333460770808166,0.0,0.0044171848419609,0.0,0.0,0.0,0.0,0.0,0.0007237123425474,0.0041516159435945,0.0006591391229606,0.0,0.0745447887373866,0.0669488229733185,0.10863410048221,0.0,0.0404177768683147,0.0331845914975493,0.0,0.0036805538841279,0.0,0.0025058526280703,0.0,0.109029656540883,0.627610951918846,0.0,0.0,0.0,0.0,0.0729893477040725,0.0499065132575502,0.0,0.0,0.0,0.183367030784344,0.0,0.0,0.0,0.0027691878639503,0.114804902523746,0.0009909941076479,0.0052466057050024,0.095401386551042,0.0015338895915681,0.0,0.0054492650733849,0.0,0.0034218217472111,0.100323389930448,0.0,0.0,0.0177183721108931,0.0109301530120889,0.0247784200129201,0.0,0.0,0.0007114917129996,0.0430615322802868,0.0007022401998126,0.132281345913648,0.0889777552744132,0.0,0.0,0.0,0.0,0.0094090404271299,0.0067490832454634,0.0,0.0,0.0,0.0,0.0,0.0,0.0,0.0,0.0,0.0,0.0,0.0011667573607019,0.0255895813475509,0.0617187228099579,0.0,0.0274738582527087,0.0,0.0,0.0,0.0031560550883202,0.0,0.0,1.46010132863284,0.0774486149994935,0.180941872534974,0.0847795030308455,0.0,0.444893365389426,0.003044665417234,0.0,0.0058731842961071,0.0117717768671291,0.0139052199024514,0.0,0.0,0.0548730554806182,0.0,0.0,0.0248351766201013,0.0023546838987911,0.002346934427322,0.0017049148666011,0.0182161380973791,0.0034096928627603,0.0,0.0030538057156758,0.0,0.017644769736149,0.037565212612088,0.0180934374393085,0.0,0.0018538681715561,0.0,0.0116053590737318,0.0,0.0167110359415684,0.0078867306878798,0.0,0.0731398159447387,0.563307375484319,0.0,0.0,0.0,0.0,0.0338515838883771,0.0024749039123362,0.0213643888227337,2.90557474697989,0.0029934159331749,0.0099307439031816,0.0,0.0,0.0,0.0868252372704849,0.0,0.0072889245863574,0.0,0.0,0.502655703944985,0.0106475347281262,0.0,0.0229300660566138,0.0236293878944267,0.0028291729158269,0.014805878671571,0.0009252246645347,0.0,0.0,0.0,0.0,0.0,0.0,0.0032691654495239,0.12803007098078,0.0072352555725066,0.0510347579098807,0.276400297645628,0.0006439624039163,0.0005998374674764,0.0,0.0160835171136437,0.441471733017028,0.028429736762105,0.0,0.0,0.0040510967585598,0.014245637940012,0.0253007905723845,0.154128682095805,0.035343983900723,2.58464839764471,0.881691416129804,0.0,0.0,0.0,0.0302604052042025,0.0019049789492893,0.0042329591992218,0.0,0.147271046598978,0.0667319157068217,0.0040724207177682,0.0,0.0024605555389097,0.0016858277752826,0.003640933636647,0.0090398604341572,0.0060509693573362,0.0021578180288043,0.0011962312161441,0.0077641402664156,0.0077157714058875,0.0107501583176308,0.0,0.0285245020855278,0.0,0.0013551979140747,0.0043105689588858,0.00427676244887,0.0,0.0027513087455929,0.0,0.0212695871037168,0.0007326898642585,0.0694800003720265,0.0,0.0,0.0010554124423416,0.002040264213338,0.0,0.0013045657315566,0.0129299193062417,0.0,0.0005508725579172,0.072947778195955,0.0415641022113894,0.0565239352346838,0.0066843878884772,0.0222432170026426,0.0,0.0
NTS,0.0024895420071393,0.005179928362691,0.0150757353185729,0.0064378100295326,0.0,0.00766759984112,0.0198859079013458,0.0186643317723281,0.0204668924537877,0.0780391273655994,0.0,0.0,0.308766701449803,0.0,0.0030626029194093,0.0538884223027047,0.0056940660055967,0.0102815254767504,0.0339233084836586,0.0162224343221725,0.0,0.0,0.0009113159060929,0.0296023655308017,0.0038044033216403,0.0,0.0,0.0033279553680115,0.0443745083681207,0.0012624119753735,0.0,0.0,0.0067261087740947,0.0178942063441275,0.0129211389881787,0.0230650332132135,0.0019979988598667,0.0526284903061438,0.0323548850254465,0.0515423785691852,0.0339970585836793,0.101661905155031,0.0,0.0107473510491323,0.0098685052357963,0.0259060817628812,0.0340956688973232,0.0226186297837727,0.0008768469394792,0.0008303729364334,0.0179730691581125,0.0014491209915984,0.0006996583318875,0.0008382861995144,0.0053521294224051,0.0090092580366958,0.454321408308441,0.0175796601398478,0.0,0.0026173887460212,0.0222661103853917,0.0810017728573324,0.0033190490336237,0.0060308270212672,0.376175225972063,0.0,0.0050576399444814,2.75786601215822,0.0,0.0167262143701903,0.0038117917431417,0.0021993241153665,0.0037912138232955,0.0125505638428112,0.0375579210386777,0.010042424081373,0.0045150522792329,0.269611746651017,0.0021473016497925,0.0031298108939039,0.0064996136927777,0.0014572884951716,0.0883018665919862,0.0173086023737144,1.39297177425337,0.942177588004108,0.0102434797450317,0.0015256228082503,0.0049785687277112,0.0022451766259206,0.021246375978382,0.006111885389215,0.0585622994863565,0.0199818351081058,0.0138441489387257,0.0018094058223412,0.0062865770157498,0.0,0.207448560664415,0.0034576210438129,0.234007511562721,0.0083584195366631,0.0008440577023237,0.104586933377299,0.002621578045852,0.0195616525204651,0.0,0.0036326192049698,3.10557785775764,0.0,0.0037071485733515,0.0010631606294739,0.0505471883484672,0.0,0.0196811925337335,0.298520746000705,0.0036000233070287,1.51085916799945,0.770840856444604,0.0396462991898792,0.0080820831020153,0.0108602597097,0.287030211071701,0.0223922822791563,0.0285950562637075,0.511086068647689,0.0341277388954536,0.0790358010908601,0.0025835952827283,0.0015185510003443,0.0062103399130381,0.0034756033904368,0.0053337014388965,0.0028319017476828,0.0579813360287387,0.0010063695597929,0.0714744644756952,0.12055248498986,0.064169322333696,0.0402091833940528,0.128999013042936,0.0069192485371757,0.0063694861692179,0.0273022053752311,0.0608785946568894,0.0077341173951536,0.0057173732840699,0.0007328109816975,0.0052197148162751,0.0119298829923458,0.0008140373364036,0.0193058166434112,0.0081561802905574,0.0057831708596558,0.0045877620074664,0.0189624548913404,0.0197265632093505,0.0017747389530922,0.148136685489182,0.0230639843317266,0.0034507170058535,0.0104804147548194,0.0557805164106134,0.000571148322827,0.0,0.0074081756916939,0.0418328318898834,0.0121447406540498,0.0013072668186883,0.0109955271313267,0.444356258576943,0.265565903835685,0.801477443685474,0.285833942534833,0.030176749772851,0.0013502192993163,0.0381027840472816,0.0224840078299409,0.0014826583783782,0.0054129657207686,0.100612980733949,0.0,0.0056241605948807,0.148726479621388,0.0128678647963242,0.0388764617750879,0.0039837684665303,0.0173622321270892,0.0076618589012674,0.039079611589385,0.0316842787348364,0.12566952530703,0.0226114330557573,0.12533204477798,0.225899509228539,0.016002884493958,0.0024251047344459,0.001590187158461,0.0030907830053707,0.0199415060362216,0.0033816669032627,0.0011958606505616,0.045605761448536,0.0052632299836743,0.0858512758098136,0.0044329885939398,0.0018764349233302,0.0101768707753855,0.384946087261996,0.0036691590199158,0.0074267957205579,0.0327271539409345,0.006347953672807,0.0011670630214046,0.0026398498932372,0.0075709931704953,0.0098196520347838,0.0017434318271406,0.0350053444558729,0.0,0.0012342693684988,0.0763565426990475,0.0,0.0019816291521054,0.745555437563369,0.0031851065088314,0.0006338144928301,0.0,0.0009765952732983,0.0,0.0,0.0013179531861226,0.0050249208154175,0.0100998059241193,0.0,0.0156554917689257,0.0024077964221548,0.0349970682434835,0.0608181842776581,0.0005830105812107,0.0006344786686276,0.0060138280308133,0.0122996535598925,0.008494163197124,0.0546757669574151,0.0061140987109034,0.0685421091261712,0.11309218708067,0.0240794967970054,0.124741823005301,0.0206050426492717,0.0,0.0147832603408315,0.0036252874621377,0.0056108946055559,0.0088528188459561,0.0260204179520151,0.0018223103582189,0.0009197783728237,0.0192640274051511,0.0055629600538006,0.0005274693219397,0.0,0.005586344698847,0.0040867504421376,0.627609547305378,0.0030814355586823,0.0,0.0651714532665544,0.14593003748866,0.728827656927775,0.002163595372487,0.0055797087497866,0.751596319775569,0.0083198159376888,0.0028468639269115,1.51789677365827,0.0,0.0058943121067685,0.0349161769315297,0.0113993119250513,0.0669399789634709,0.0083455821291015,0.0577361912285735,0.286501926957534,0.0023030576538409,0.0678890500126372,0.0,0.0027903916164848,0.0008344056978571,0.000655892941045,0.408394525277242,0.0984758032898824,0.489832122863493,0.216221072485102,0.0218367518640833,0.0037285347611575,0.153018094642548,0.0310483348150876,0.0096046772892257,0.0086684621120011,0.0405122871972076,0.0158407124060169,0.0182625539995333,0.0022429134180533,0.0027193593730481,0.0094320774587807,2.26579388392584,0.0024369652422981,0.0922890822584327,0.023228877581889,0.0061624390693736,0.559228147848626,0.0036185792913992,0.0111232206113387,0.0018976998122878,0.0610983757195288,1.18556260194379,0.0006165042831524,0.0090718001738158,0.0022980600340176,0.0451418528494824,0.0,0.0101774164801006,1.21595289815842,0.0087089971311126,0.660400049788651,0.352460764158325,0.031343030191559,0.0017056320147469,0.160458006410095,0.316569408487502,0.163259426068096,0.0447991017885011,0.284209670152599,0.0443356602968729,0.0248328741968193,0.0048737259037894,0.0011252859163208,0.1953071214871,0.166162260718322,0.0231524335432128,0.0014661773130727,0.172013997750328,0.0070658717932539,0.0159973747266909,0.804916829979069,0.401142973984681,0.0180246452603956,0.119576462149924,0.0078141642864862,0.0008880713354108,0.0116004068114846,0.0221676820205507,0.0,0.0016271860492969,0.0010677091282759,0.0015373924746332,0.0095798191610344,0.0009510731622603,0.188299378679053,0.0540012914890978,0.003465307332344,0.0319781600333299,0.0395398311909947,0.263227576031399,0.0014151445283068,1.3507468702376,0.0500741534222353,0.0015793785212954,0.0091407862701421,0.0225130458090878,0.0038833285907646,0.0419535742474657,0.109260516210227,0.221902108284464,0.0172443187998266,0.0111261141825732,0.166345859369518,0.0714590669170046,0.1110159739631,0.14794493954689,0.134170942847544,0.0038035586936755,0.0160098037457121,0.0125790339588966,0.003423207665928,0.0024088472169638,0.0007305305930819,0.0160455835855959,0.0070825337547419,0.0064378692295767,0.147091392151306,0.0057167950382737,0.0048035299084745,0.0063980874785856,0.483924042545915,0.0024322500530759,0.0442544020961294,0.0100273042537909,0.19371419299077,0.0637805244492231,0.0249742680874643,0.276466805264094,0.0014681253212035,0.0,0.0005858224878539,0.0,0.0097251241087488,0.0061451900926066,0.0010130557658054,0.188711035558305,0.0017882035979961,0.788080760648477,0.0801644399875046,0.0211811509453699,0.131510682976789,0.224920166709317
ORBl,0.0967120416705793,0.342880553920582,0.0,0.341591705015882,0.0,0.0,1.68589282582053,0.155247918858046,0.681487139307122,0.0,0.0309513747038133,0.0510333774890911,0.0,0.110530871367293,0.0767369839467707,0.0505278912555791,0.0,0.0,0.0,0.0,0.0038324898717639,0.094925818694479,0.026828389941748,0.0100196306647361,0.0,0.0,0.0,0.0379820653294497,0.0,0.0874712334409096,0.142714948088609,0.0133440459418977,0.126012457991278,0.0157770837679128,0.0,5.89950790015221,0.110871564739391,0.0,0.0011822752494692,0.0,0.0,0.0006572136653856,0.0,0.047566035208374,0.0378762034656061,0.0865750960725108,0.0334683270880736,0.0,0.103211938076772,0.0073675887389251,0.0,0.0,1.42393171025627,0.0585962754511464,0.183653973796578,0.0639562815362016,0.0379950848680225,0.100760625656426,0.0016823881361781,0.0,0.0,0.0,0.0209057653212824,0.0731033592852674,0.0089119753429733,0.0,0.0480641075509612,0.0501326924086992,0.0093382084815658,0.0,0.0,0.0,0.0,0.0178896483438009,0.250674102352665,0.0,0.0187306702435989,0.0,0.0,0.0,0.0,0.0984419067131159,0.018461930096001,0.836431486965542,0.0036825963121473,0.004125551604877,0.0192740067588246,0.0,0.0005375835291327,0.0,0.0,0.0,0.0,0.372344553396015,5.00295264668005,0.0,0.0,0.0,1.32297067346009,0.0,0.0020885953395084,0.0424880278739709,0.0031739100896414,0.0,0.0096735669879152,0.0,0.0,0.0145686197553889,0.0023470802256323,5.05988116625602,0.055857287238278,0.602831805344949,0.12495240204663,0.0,0.0044489021802157,0.324912191979995,0.0,0.0388523687303956,0.0338226998631257,0.0037830334453501,0.100480742555258,0.133698212567301,0.0,0.134600363552235,0.0008306881730236,0.0081863664355652,0.0509933029681887,0.229539318667831,0.48519537637231,0.0,0.167777071282521,0.0070066639140731,0.0,0.0007758609777234,0.0588023812844223,0.0,0.001110113196847,0.0472421992617461,0.10247818120513,0.0,0.0008582312125195,0.0015815607879915,0.0,0.0,0.0247281013266062,0.0,0.0,0.0,0.0,0.0131287866945416,0.0528990096368717,0.0645282982938111,0.024830765928224,0.0,0.0,0.0,0.27442139620339,0.0,0.715106942917732,0.0,0.0,0.527230340390244,0.0,0.206052957642173,0.0499156240971327,0.166974942277233,0.0,0.0329961655919967,0.0096502207236365,0.0242304953468525,0.0,0.0007468827986061,0.0013252886583391,0.0012555505871297,0.195463782733266,0.0179858859620677,0.112291097004447,0.193926488666313,0.0,0.122344010843061,0.161155408245725,0.0354636664295251,0.0057219039090036,0.0153173572413714,0.0,0.0316612490078021,0.0,0.0584373369628491,0.0,0.0248921059034165,0.0,0.0033274460210968,0.302233698081925,0.0,0.00400550760358,0.102221333240881,0.0,0.0,0.0,0.0,0.0,0.0,0.504490081726575,0.0,0.0085660751383713,0.0162420890009341,0.0376572391162206,0.129194893963385,0.0009629275264146,0.0,0.121578304609856,0.0,0.0149866097501356,0.0,0.0,1.11670129851237,0.0,0.35435237725148,0.0,0.0023334702359293,0.0039437301614181,0.0,0.0095410478845902,0.0,0.0088596899126578,0.0,0.0008603155137048,0.0,0.0,0.0,0.0,0.0,0.0,0.0,0.0,0.0,0.0,0.0,0.0315576216119888,0.059226668786251,0.0053159466787769,0.0698114022529361,0.0,0.0,1.63072263669996,0.0578037509448008,0.0,0.0,0.0,0.0028332600612622,0.0,0.0,0.0171402673183713,0.0149827324323813,0.0122977118003626,0.0,0.0,0.0134104021785768,0.0007024163977686,0.0,0.0,0.676920884267141,0.0,0.0053342644858971,0.0,0.057310806028098,0.0,0.0,0.0,0.0,0.0,0.0088420665311062,0.0400707147882765,0.0009856751206896,0.0,0.0009296892229035,0.0893103640798191,0.0006884166604645,0.0,0.0014226855222178,0.0,0.0,0.0061298178305628,0.0125992108001743,0.0027611859399663,0.0,0.0,0.002125870914691,0.0030430972555037,0.0,0.0,0.0166158936717052,0.447575582124134,0.0419764459157548,0.0177587943331559,0.0031870276315854,0.0,0.0,0.0,0.0,0.0,0.0119603473392166,0.0894325504039151,1.51542662111457,0.0,0.0,0.0,0.294176849014989,0.0,0.0037490365563551,0.0031138296526236,0.0015576634626505,0.0,0.0,0.0,0.0,0.004070363964327,0.006479590549007,2.39733214874154,0.0293026617558686,0.0624790628731944,0.0111027262033492,0.0,0.0,0.213810075641085,0.000516997256744,0.0797859181217098,0.0201430212499781,0.0,0.0130143041875317,0.0799919095876339,0.0,0.0443502291826474,0.0,0.0062871211378201,0.0176517977198159,0.0508053367442838,0.205770290283754,0.0,0.0452391833021368,0.0,0.000830952732871,0.0,0.0435836539296577,0.0,0.0,0.0873852263797891,0.046209537387981,0.0,0.0027169417072241,0.0026114872533807,0.0061819613134923,0.0,0.0090981348740767,0.0,0.0,0.0,0.0,0.0143336654906863,0.0321018579388421,0.0153451582154617,0.0015646034422222,0.0,0.0005395682315783,0.0,0.0023166784876944,0.0,0.117722526406499,0.0,0.0,0.0056125376668657,0.0,0.130702457264406,0.0033228628822642,0.0090711158875292,0.0016019089401642,0.0179437001304044,0.0029272170780426,0.0061214249843032,0.0,0.0044752194303641,0.0119290737707111,0.0082048286783012,0.0635645541351683,0.0032754958488019,0.0350174492214331,0.0349588491964184,0.0008633833049746,0.0293673324820181,0.0552625341101841,0.0,0.0009466595307293,0.0082278029238851,0.0,0.0048118932908228,0.0,0.0230965451440425,0.0,0.0027250193432162,0.0,0.0018818180683334,0.0764439816525544,0.0,0.0086965413161476,0.0,0.0,0.0,0.0,0.0,0.0,0.0,0.139965499245859,0.0,0.0010114355961161,0.004571415066464,0.0160601423660706,0.0141359055726852,0.0013523222028906
ORBm,0.030301150222617,1.09611003822498,0.699803166838785,1.87205876414488,0.0,0.0,0.642689916498866,0.19357348836214,1.36655684054593,0.0,0.0,0.0,0.0006646266780561,0.0,0.151703807514952,0.0,0.0,0.0,0.0,0.0100382237554984,0.0,0.150710054221565,0.0176120563072753,0.0,0.0,0.0,0.0,0.0207179360336106,0.0,0.0,0.223832000644329,0.0,0.0041434913219101,0.0116248223824662,0.0042696106817596,5.89222145308911,0.0,0.0,0.0,0.0,0.0,0.0,0.0,0.141733160914699,0.0,0.119340561899076,0.220977913514166,0.0,0.119359820273725,0.0244179799995174,0.0,0.0,0.103367927750844,0.0177986915667847,0.0093662994168131,0.0039027992862358,0.0,0.041867229521484,0.0011540965269282,0.0,0.0,0.0,0.758725509194301,0.0,0.0,0.0,0.0054229176753896,0.0,0.0383399113629235,0.0,0.0,0.0,0.0,0.0127175724146464,0.154066330130245,0.0,0.0370807133205679,0.0,0.0028824683191721,0.0560817755098219,0.0,0.0146468212311627,0.0,0.0034407419594229,0.0,0.0,0.0435267294907668,0.0,0.0,0.0,0.0,0.0,0.0,0.0441604157664534,0.535407378871171,0.0,0.0,0.0,0.0,0.0020206775349725,0.0,0.0840193544984599,0.0012094911761937,0.0,0.0030361660217922,0.0,0.0,0.0,0.0,0.238942125462247,2.77934593585758,0.765222041967407,0.452432062899998,0.0,0.0068431479047231,0.0,0.0,0.0,0.0,0.0,0.0487723874781564,0.0098855045469249,0.0,0.0,0.0,0.0,0.0,0.114193529315047,2.04628656984215,0.0,0.0,0.0,0.0042175449927909,0.0,0.0,0.0,0.0,0.0,0.0,0.0,0.0,0.0176302824020034,0.010223120030995,0.0,0.0,0.0,0.0,0.0,0.0,0.0,0.0,0.0,0.0,0.404297643283534,0.314019717374899,0.0294331883610449,0.0252122344554028,0.0,0.0,0.0,0.0096334194995312,0.306420965642741,0.0,0.0,0.0,0.0,0.0,0.0316907744198831,0.0,0.0,0.0,0.0,0.0,0.0,0.0,0.0034458338369462,0.001157709358544,0.0,0.0025161906667198,0.0,0.0,0.0027677999733245,0.0140146178487531,0.0,0.0,0.0842180628641774,0.0,0.0,0.0006205868010536,0.20097204934302,0.0,0.0,0.0,0.0006268181118763,0.0,0.0372184877259096,0.0,0.080779178737437,0.0,0.0,0.0018086414947649,0.055586691255603,0.0243275304530799,0.0,0.0,0.0,0.0008964863319047,0.0,0.0,0.000751526103447,0.311345125518315,0.126361381179863,0.567668759325834,0.0,0.0,0.601186247856989,0.105692485441668,0.683398342493539,0.0,0.0,0.0,0.0,0.0006002900601601,0.0245221640753073,0.0,0.0,0.0,0.0,0.003401600194668,0.0,0.049028838212127,0.0006621216172508,0.0,0.0,0.0,0.0,0.0041666727765342,0.0005283937066671,0.0,0.110626936369121,0.0,0.0,0.0006171303296192,0.0,2.30294705680836,0.0,0.0,0.0,0.0,0.0005853049745796,0.0,0.0,0.0141092418825805,0.0,0.0277405542349813,0.0,0.0,0.0231476846484743,0.0013994245552878,0.0,0.0,0.170693188675058,0.0027913067885157,0.0014644290384278,0.0,0.0,0.0457021255131592,0.0,0.0,0.0,0.0,0.304088766851804,0.0,0.0,0.0,0.0006552973746082,0.0,0.0258947812959723,0.0,0.0,0.0,0.0,0.0031586567234645,0.0,0.0,0.0,0.0,0.0037349921166204,0.0357478907463884,0.0,0.0,0.0,0.0,0.0,0.0,0.0021212429933542,0.0,0.0,0.0,0.0,0.0,0.0053364154340022,0.0224032901582434,0.199196954060613,0.0,0.0,0.0,0.0,0.0,0.0,0.0020164718922298,0.0,0.0,0.0,0.0,0.0,0.0,0.0,0.162229862487435,1.57971423316081,0.608014672232507,0.128567925102607,0.0,0.0,0.0,0.0,0.0,0.0,0.0,0.0074634895473615,0.014080481415694,0.0,0.0,0.0,0.0,0.0,0.0258138639365332,1.20774608711794,0.0,0.0,0.0,0.0,0.0,0.0,0.0,0.0010581528707383,0.0,0.0,0.0,0.0,0.0082820155092169,0.0,0.0,0.0,0.0,0.0,0.0,0.0,0.0008618689795828,0.0,0.0,0.0,0.0016723248534018,0.0015161097317224,0.0,0.0,0.0,0.0,0.0,0.0034160770168893,0.0582993832931658,0.0,0.0,0.0,0.0,0.0,0.0224740150331315,0.0,0.0,0.0,0.0,0.0,0.0,0.0,0.0,0.0065240250773316,0.0,0.0,0.0,0.0021831269839797,0.0,0.0,0.0,0.0,0.036946656830746,0.0,0.0,0.0007707037878279,0.0223307223313544,0.0,0.0,0.0,0.0,0.0,0.0207851551319137,0.0,0.0,0.0,0.0,0.0,0.0,0.0,0.0,0.0,0.0,0.0,0.0,0.0
ORBvl,0.0168166380066824,1.21739860587645,0.388212665697001,0.343749066882195,0.0052611607194745,0.0006969354048112,0.0171287815190691,0.0593158652307546,0.326675914413526,0.0,0.171327833658033,0.187073248697552,0.0,0.0260319541258004,0.444034146525278,0.0044634191942353,0.0,0.167960664369425,0.117158601628928,0.083003938121106,0.0411093080815593,0.0,0.0,0.0084434708781774,0.0024340909449069,0.0,0.0,0.0026401443266026,0.0025101513548307,0.117827416094691,0.355475744652087,0.0111234164059972,0.118228006687322,0.0027267773734821,0.0015210671139865,3.83963255746517,0.223316051658172,0.0,0.0183792152362404,0.0,0.0033664896433185,0.0,0.0,0.0671590180017769,0.0907894880229902,0.0656094120664613,0.0545265915205059,0.015940267103944,0.146672550520105,0.0,0.0,0.0,0.159775652203492,0.0040703574306184,0.0766058925422093,0.0227462396451165,0.0072186798590025,0.0371455095364864,0.0,0.0005148244796771,0.0013850805412828,0.0060290313139064,0.0651037761368722,0.0795978208879869,0.0093523274681881,0.0,0.10907499652934,0.0105408417070219,0.0025424223541258,0.0,0.0376208914437049,0.0,0.0,0.0316493296695074,0.264553468998536,0.0731817727251008,0.0068175242842302,0.0,0.0,0.0308642127302247,0.000869560333068,0.0287168453737696,0.0030610300496336,1.13454650792097,0.0,0.0013707884258765,0.0097117130917161,0.0012496484469151,0.001475030152403,0.0006660290340798,0.0013023584750562,0.0014082893319939,0.0567227789565508,0.437976065090331,1.6343954065362,0.0,0.002279785774147,0.0,0.299152456930855,0.0035698801987139,0.0007790242615217,0.0453120322596521,0.0352740106017067,0.0,0.001357363634746,0.0,0.0,0.0031770102432927,0.0,2.10300021498612,0.506078944688714,5.58817031993563,0.0471232281459746,0.0,0.0008868401058235,0.410688630966981,0.0013795497049552,0.0078894463177097,0.0746454218288679,0.128059723569355,0.000713455550343,0.0357828757877871,0.0008484205057457,0.0526778866172498,0.0,0.0011759487038905,0.0656067980640188,0.377298420304257,0.765948763894931,0.0013697710866896,0.0765712884672008,0.0010428858057017,0.0080655003824357,0.0,0.0859122925697254,0.0041443154064294,0.0,0.0079308933719593,0.0848724468992176,0.0,0.0,0.0440442328265373,0.638827176994453,0.0,0.0150459196543054,0.0,0.0,0.0,0.0,0.175192383021219,0.135665868836415,0.0196489777693678,0.0172760456988289,0.879415497125447,0.544633100399145,0.0791676754833186,0.368874078432227,0.0,0.0492666739095532,0.0019077472433499,0.0,0.131022303305286,0.0,0.544020635400005,0.0339980841178896,0.116929938596604,0.0,0.0079163706071871,0.0110142388393904,0.00140417594333,0.0,0.0,0.0,0.0,0.459917886126981,0.128732309100279,0.0499450705553677,0.0308405917649282,0.207436648551232,0.132710342374207,0.327374829743699,0.0149324848289193,0.0090079156424147,0.0028145508553497,0.0,0.475452393813888,0.0009502665623454,0.0360964581312821,0.0,0.105341463832079,0.0020099101892925,0.0,0.222591398244352,0.0,0.0006976079983048,0.0399070103634662,0.207887566806101,0.524026840379118,0.243412516012582,1.1882865525754,0.0985743281899274,0.573154220156004,0.435591502377795,0.0,0.0164683850882094,0.0076863101449425,0.0209395799720521,0.134434082072205,0.0,0.0,0.0714060487091617,0.0177554670917943,0.0,0.0,0.0,0.088959628828733,0.0375859127590651,0.242692252354662,0.0,0.0175843391308157,0.0132835578237393,0.0,0.0059592862120536,0.0778433590958228,0.0012478367922956,0.0,0.0157962759471349,0.0124112734745723,0.0256214201784327,0.001081403236193,0.0,0.0,0.0,0.0,0.0,0.0,0.0005938105728723,0.0013463066290026,0.0106176152966866,0.237898010292678,0.0071940089268062,0.059546543352165,0.0,0.0025994033452714,1.27622942099676,0.131585069182868,0.0027214894472423,0.0295872505480707,0.0,0.0070882801968642,0.0,0.0,0.0054413220526126,0.0228227606588243,0.0357524364600784,0.0083959568134953,0.0025832463917941,0.018983793457938,0.0,0.0,0.0,0.0,0.0,0.0,0.0,0.0110499633267119,0.0457287666782063,0.0,0.0006018591403789,0.0025006887773414,0.0007940213764003,0.0,0.0366479837271226,0.0012696885123695,0.0,0.0087030145427817,0.0212677574608638,0.0005898815787587,0.0,0.0024118204500561,0.0,0.0,0.0026969567790111,0.0058173675989431,0.0030652982956742,0.0,0.0,0.0006559222406552,0.0057994085279665,0.0,0.0,0.0042786789595092,0.31905946469663,0.0194626358018298,0.0095543426469631,0.0016685353391065,0.0,0.0,0.0,0.0,0.0005936482525159,0.0050608202948539,0.110946375885173,0.257529287067091,0.0,0.0,0.0,0.196899411393618,0.0005825598898046,0.0020620963362814,0.0044331292942248,0.0401611697872944,0.0,0.0,0.0,0.0,0.0019522709495734,0.0006303474506072,1.76031970315226,0.145162527231505,2.03885870014301,0.0,0.0,0.0011613707216529,0.397585507828205,0.0007742664030337,0.0204071534518685,0.100322950231393,0.147387787463665,0.003002658338515,0.0108676410835827,0.0,0.028897976257711,0.0,0.0020603593138858,0.017417932714841,0.170105745386781,0.0,0.0007081020348585,0.0107855948331115,0.0,0.0018837219398142,0.0,0.0941473534713134,0.0,0.0,0.0220838497965312,0.0240672394749983,0.0,0.0,0.0156592283247198,0.0303191572471601,0.0,0.0083066840866832,0.0006400085963891,0.0,0.0,0.0,0.057737965283988,0.0435896978685216,0.0039575050635542,0.0024208255955306,0.0128274154831345,0.0040283471192917,0.001134316807327,0.002290541085566,0.0,0.0220706460804085,0.0,0.0,0.0,0.0006859077699842,0.26309970417423,0.0,0.001752499171347,0.0,0.0010313967762824,0.0027780491356642,0.0006254847041558,0.0,0.0008386444429399,0.0022384837975404,0.0015891982569814,0.0367753685965638,0.0100164987914799,0.0186544027261989,0.0063424814780279,0.0157698378638717,0.0137275201217912,0.0590535046704303,0.0,0.0020380914254531,0.0016736477428746,0.0,0.0679850879939555,0.0005828719250861,0.0264545633458005,0.0,0.002526634581488,0.0,0.0,0.029343057688143,0.0,0.0015657078271132,0.021039915313323,0.0093459773387425,0.01695835477919,0.0075755616597598,0.0296307150147545,0.0009143845368676,0.0115239745805303,0.0804395420480742,0.0,0.0,0.0008815259844981,0.0104548398626249,0.0043333808828263,0.0006954955848652
OT,0.0,0.0,0.0,0.0,0.0,0.0,0.0,0.0,0.0,0.0,0.0264273839114491,0.0091434273359809,0.0,0.0849344702395931,1.14014081112811,0.0,0.0,0.0,0.0,0.0,0.0,0.0,0.271940319884699,0.0422486133508996,0.0485934345448613,0.0006149219284,0.0044126796612094,0.0,0.0007712437595232,0.0,0.0237141766437644,0.0276536944611078,0.0226235414613256,0.14835015008854,0.0996221729870589,0.0,0.0488166650340583,0.0,0.0017612037753763,0.0,0.0094962158566883,0.0,0.0,0.0006381946875187,0.0422223655062992,0.0,0.165459048681068,0.011250510605232,0.0902999157231198,0.0650635676617362,0.0,0.0,0.0,0.0,0.0,0.0,0.0018949075327748,0.0,0.0404976650786271,0.0,0.0,0.0,0.0,0.0,0.0,0.0,0.0008556894557818,0.0,0.0332136436036562,0.0,0.0,0.0,0.0,0.108221431677204,1.17616608405425,0.0,0.254963371701987,0.0,0.0,0.0,0.0,0.271760331024118,0.000967596397804,0.330999721550547,0.0,0.0,0.364590258838729,0.0,0.0,0.0,0.0042891163087252,0.0,0.703205246576649,0.0045798678740097,0.0,0.0,0.0,0.0,0.132494661871096,0.0202094862827915,0.0,0.568090962977466,0.0050935160668107,0.0,0.0,0.0008177455743071,0.0,0.0,0.0,0.0,0.0,0.0,2.36402973207118,0.0256936602655643,0.0920063972998677,0.130276016862667,0.0,0.0,0.0,0.0146610381810147,0.0,0.0,0.0031135575900985,0.0,0.0,0.0,0.0,0.371542158876845,0.0,0.0,0.0,0.0,0.0,0.0,0.0027636013740513,0.0,0.0,0.0199288031408854,0.0234042022744256,0.0,0.0,0.104852784249213,0.0,0.0,0.0902467855806097,0.0,0.0,0.0,0.0,0.0385369837213721,0.005460375435212,0.0262399559868041,0.0,0.0,0.0,0.0,0.0,0.0,0.0014381083554678,0.0024487713927869,0.0135153027171598,2.60192017831223,0.0,0.0020571902310342,0.0,0.0,0.0,0.0037399420883948,0.0,0.0,0.0,0.0,0.0,0.0,0.0015648598636464,0.0,0.0,0.0,0.0,0.0007229646255055,0.0047953421287082,0.0,0.0305339769097102,0.0,0.0,0.0,0.0323501038848978,0.0073039567254853,0.0021245773905275,0.348170038280281,0.0,0.0,0.0,0.0,0.0,0.0,0.0,0.0,0.0,0.0,0.0,0.0,0.0,0.0,0.0,0.0,0.0,0.135034458032114,0.0,0.0,0.0,0.0053593112895401,0.0,0.0,0.0,0.0,0.0,0.0,0.0,0.0,0.0,0.0008650316716226,0.0,0.0,0.0,0.0,0.0,0.0,0.0,0.0,0.0,0.0,0.0,0.0069724854034458,0.0,0.0008231603288941,0.0,0.0,0.0,0.0,0.0085372665356321,0.0155129316354656,0.0,0.0,0.0,0.0135046698196401,0.0,0.0021919076635665,0.0016619444506744,0.0053887568949917,0.0,0.0,0.0033165792001876,0.0097145053781122,0.0,0.0,0.0039841304944997,0.0,0.0,0.0,0.0,0.0,0.0,0.0,0.0,0.0014589110551707,0.0,0.0,0.0,0.0,0.0,0.001189530633704,0.0,0.0,0.0,0.0009344978257776,0.0,0.0,0.0,0.0,0.0,0.0,0.0,0.0194293362774966,0.0,0.0011712594556648,0.0,0.0,0.0,0.0,0.0,0.0005504709550282,0.0405301171510306,0.0,0.0,0.0020486868080497,0.0,0.0,0.0,0.0,0.0,0.0,0.0008646892575795,0.0014520302979568,0.0,0.0,0.0,0.0506120938856843,0.0,0.0,0.0062882356241661,0.0036361995664954,0.0,0.0,0.0,0.0,0.0,0.0,0.0,0.0,0.0,0.0,0.0,0.0,0.105360074829725,0.0009480115233949,0.0,0.0020588596453855,0.007771594648378,0.0,0.0,0.0029181833876525,0.0,0.0,0.0,0.0035203321865979,0.0,0.0,0.0,0.0,0.0,0.000842207282602,0.0,0.0062524567062036,0.0,0.0021781565074221,0.0089245812905073,0.0075684372094162,0.0,0.0,0.0055955546230893,0.0,0.0,0.0045437439433936,0.0,0.0,0.0,0.0,0.0008037441644512,0.0015327628336667,0.0039406209237637,0.0057568203250355,0.0,0.0,0.0,0.0,0.0,0.0,0.0,0.0,0.0,0.0,0.0028310492206499,0.0014387106681758,0.0019309608750381,0.0,0.001243178925301,0.0,0.0,0.0,0.0,0.0,0.0,0.0,0.0,0.0,0.0,0.0,0.0,0.0009825880980042,0.0,0.0,0.0,0.0,0.0,0.0,0.0,0.0,0.0095610425224051,0.0,0.0,0.0,0.0006151475166569,0.0,0.0,0.0,0.0,0.0,0.0,0.0,0.0,0.001822134420736,0.0,0.0,0.0,0.0,0.0242961573865068,0.0
PA,0.0924569422763231,0.0,0.0129697246834143,0.945611537830654,0.0,0.395321973267703,0.0962569730449622,0.122933589705607,0.0892789865480876,0.0,0.0012431641779939,0.0005861505742018,0.0026555305255818,0.0,0.380533975631102,0.0,0.0802508041014548,0.0,0.0,0.0305771390142287,0.0,1.48107870301459,3.9090525396131,2.27860282501441,2.63134143206667,0.0425159855402874,0.306161507314394,1.19358714019801,0.0,0.0,0.083265830008157,0.0,0.0009432505662215,0.0,4.60266968345812,0.472051946495048,0.0,0.0,0.0,0.0,0.135342568447569,0.148363765726868,0.0,0.0542487995702458,0.0,0.344326252119751,1.81161124932464,1.03859828649596,0.34990853982603,0.226997385784252,0.0,0.0,0.0,0.0557808168033356,0.0066080685017904,0.0025479845860391,0.0,0.0124605886422821,0.161065273662191,0.0,0.0,0.0,0.363148234158137,0.0,0.0,0.0,0.0,0.0,0.802028942808556,0.0,0.0011345869321718,0.0,0.0025796602548822,0.0012705672923409,0.216206807543426,0.0011094892720281,0.0865842785358914,0.0,0.0331172339924849,0.486797582473237,0.767151607267307,0.0274027459590027,0.0,0.0501018033247225,0.0,0.0,4.9950763602021,0.0,0.0,0.0,0.0013263215256462,0.0006253541724038,0.0,0.0,0.0,0.585773839526212,0.375707696893287,0.0,0.0,0.00389719979527,0.0,0.0503924791753854,0.0,0.0,0.0,0.0,0.0,0.0,0.0,0.0,0.0851660012006937,0.0006268611420447,0.184343566325637,4.95164721500699,0.410838217305824,0.0,0.0171438745895626,0.0,0.0,0.0,0.0133190416017237,0.0,0.0,0.0,0.0,0.0,0.0230354505711943,0.0190136579970837,0.0468491954431703,0.014389721908687,0.0,0.0,0.0,0.0,0.0,0.0115541276210229,0.0024688593316929,0.0,0.0,0.0,0.0,0.0271943793756022,0.0285184253868352,0.0378535561019424,0.0332131207713121,0.0058250639657654,0.0192469859660652,0.0,0.0623584377164549,0.0010619180855135,0.0,0.0,0.0,0.0,0.0,0.0,0.0154717590492825,0.0587629883823641,0.0,0.0,0.0029908692025135,0.433641076937274,0.0,0.0,0.0,0.0,0.0,0.0011417437555575,0.0,0.0,0.0,0.0,0.0,0.0,0.334360056402898,0.0,0.0,0.0,0.0,0.0,0.0067114170812992,0.0,0.0034935579348568,0.0,0.0,0.266299363504586,0.736515025333375,0.0,0.0,0.0379539098548713,0.510201074820377,0.0,0.0,0.0,0.0,0.0053278665824436,0.0,0.0,0.0,0.0050244946638901,0.0011152713581007,0.0,0.0,1.25714659074374,0.0,0.000579299167249,0.0,0.0,0.0,0.0,0.0,0.0,0.0301102762902829,0.0,0.001973909048778,0.0,0.0,0.0,0.0,0.0,0.0,0.0018056444604372,0.0,0.0,0.0,0.0010432882278536,0.0,0.0,0.0,0.0,0.0,0.0,0.0,0.0,0.0,0.0,0.0,0.0,0.0,0.0,0.0,0.0,0.0,0.0,0.0,0.0,0.0,0.0,0.0,0.0,0.0030717959533384,0.0,0.0,0.0,0.0,0.0,0.0,0.0,0.0,0.0,0.0,0.0,0.0,0.0,0.0,0.0,0.0,0.0,0.0,0.0,0.0,0.00644570418162,0.0,0.0,0.0,0.0,0.0,0.0,0.0,0.0,0.0,0.0,0.0,0.002370984354168,0.0,0.0,0.0,0.0,0.0015305077393067,0.0,0.0,0.0,0.0013828823476779,0.0,0.0,0.0,0.0,0.0,0.0,0.0,0.0,0.0,0.0,0.0,0.0006678645154498,0.0021582326705044,0.0,0.0,0.0,0.0,0.0,0.0,0.0,0.0,0.0,0.0,0.0,0.0,0.0,0.0,0.0,0.0,0.0,0.0,0.0,0.0,0.0,0.0,0.0,0.0,0.0,0.0,0.0,0.0,0.0,0.0024634103703963,0.0,0.0,0.0015685645427876,0.0,0.0,0.0,0.0,0.0,0.0,0.0,0.0,0.0,0.0,0.0,0.003313784992661,0.0,0.0,0.0024236711816762,0.0,0.0,0.0,0.009063350007834,0.0,0.0,0.0,0.0,0.0,0.0,0.0,0.0,0.0,0.0,0.0,0.0,0.0,0.0,0.0,0.0,0.0,0.0,0.0,0.0,0.0,0.0,0.0,0.0,0.0,0.0,0.0,0.0,0.0,0.0,0.0,0.0,0.0,0.0008532127437451,0.0,0.0,0.0,0.0,0.0,0.0,0.0,0.0369997095989014,0.0,0.0,0.0,0.0,0.0,0.0,0.0,0.0,0.0,0.0,0.0,0.0,0.0474289512375691,0.0,0.0,0.0,0.0,0.0
PAA,1.61075144431074,0.0017931920936376,0.0,2.86639318719598,0.0,0.069662595060509,0.798067613794555,1.38189031997954,0.933941629723096,0.0,0.0020733711638582,0.002619703857696,0.0,0.0646000983483704,1.87598048153435,0.0,0.010901822537204,0.0015975781101191,0.0,0.003694670306945,0.0010740085863278,5.06160665527198,0.0,0.346777775128246,0.166740055704703,0.0,0.0,1.58031063174343,0.0,0.0,0.141860717910277,0.0,0.0036579482614596,0.0,2.3502075578812,1.22826111558139,0.0,0.0,0.0006993274306237,0.0,0.0,0.021831003248695,0.0,0.195003475694205,0.0,0.428248887300303,1.3823122152172,0.274541280085906,1.4040735415125,2.23934986869359,0.0,0.0,0.0013540385989767,0.860831629017292,0.0210455043187835,0.0057143570105439,0.0,0.0422434086410331,0.355220801400027,0.0,0.0,0.0,0.235822524732188,0.0054340713206989,0.0,0.0,0.0,0.0,0.651324387432889,0.0,0.0,0.0017806140866997,0.0026328908417895,0.0117125955734112,0.787252999466559,0.0036494680979002,0.144398144926908,0.0,0.0,0.0595692377188394,0.0247132684804841,0.51433504253213,0.0,0.0431852831528228,0.0,0.0,3.00789168399741,0.0,0.0,0.0,0.0,0.0029037675393475,0.802087369101604,0.0119127704081559,0.0040941261263192,0.0208820241114924,0.0540705712254534,0.0,0.0295288137386593,0.0302350673896591,0.0,0.3749672177697,0.0,0.0,1.0596889061293,0.0,0.0,0.0,0.0,0.0360468723162598,0.239503147161316,0.138868421345077,2.91516837598324,0.320825015823976,3.50847677023334,0.0192233036389308,0.0158933100321698,0.0,0.0061638304555613,0.0011785838638652,0.352230421344223,0.0038216858934371,0.0,0.0,0.0,0.0,0.0358636081279154,10.6905786080996,0.0283007534155886,0.0067191673059278,0.0,0.0,0.0,0.0,0.0013297895276006,0.0036896474167996,0.0,0.0005571142230364,0.0,0.0,0.0,0.015059190435934,0.0027617218686638,0.0081353324001273,0.05605199590719,0.0022915012546206,0.0020473295182358,0.0,0.0268122944075127,0.0321995799504916,0.0031501272124931,0.0018597450770519,0.0019673712854977,0.0046856974898208,0.0,0.0,0.0298307651440238,0.0052465481607095,0.0005638940968517,0.0,0.0011649457626924,2.2727815137937,0.0,0.0109990830509303,0.0,0.0,0.0,0.0084445754658697,0.0011661866180218,0.0009798066785356,0.0,0.0,0.0,0.0,0.0033169577983785,0.0,0.0,0.0,0.0015877457669671,0.0,0.0046832754883315,0.0,0.0102959730840758,0.0,0.0,0.0434805335057514,0.278899463649519,0.0,0.0016350162825928,0.569185042399004,0.089330043289845,0.0,0.0,0.0,0.0,0.104880861460486,0.0,0.0,0.001299709290803,0.0015159430574168,0.0,0.0012800580836025,0.0038284604374073,0.0619300490798775,0.0,0.0,0.0014173794786789,0.0291028667605781,0.0,0.0,0.0,0.0,0.0,0.0,0.0,0.0,0.0,0.0,0.0,0.0,0.0,0.0,0.0,0.0444162738165365,0.0,0.0011997592430291,0.0,0.0,0.0,0.0,0.0,0.0,0.0,0.0,0.0,0.0,0.0,0.0,0.0,0.0,0.0,0.0013076491615279,0.0,0.0,0.0,0.0,0.0,0.0,0.0,0.0,0.0,0.0,0.0075664085127677,0.0,0.0,0.0,0.0,0.0,0.0,0.0,0.0,0.0,0.0,0.0,0.0,0.0,0.0,0.0,0.0,0.0,0.0,0.011309639954275,0.0023993346151247,0.0,0.0,0.0,0.0,0.0,0.0,0.0,0.0,0.0,0.0,0.0,0.0,0.0,0.0,0.0,0.0538539474236673,0.0028375489516006,0.0,0.0,0.0076252178977682,0.0,0.0,0.0,0.0,0.0,0.0,0.0,0.0,0.0,0.0,0.0,0.0,0.0024822094560046,0.0,0.0011763124683401,0.0085782262267412,0.0,0.0,0.0,0.0,0.0,0.0,0.0,0.0,0.0,0.0,0.0015813728189797,0.002819642726778,0.0,0.0,0.0,0.0033591603454608,0.0,0.0,0.0,0.0,0.0,0.0,0.0,0.0,0.0,0.0,0.0026098980224613,0.0,0.0,0.0,0.0,0.0,0.0,0.0,0.0,0.0,0.0,0.0,0.0,0.0,0.0,0.005691086299649,0.0,0.0010351128700009,0.0357428775241439,0.0,0.0,0.0,0.0073547548720842,0.010929059188158,0.0011590006995881,0.0,0.0,0.0,0.0,0.0,0.0,0.0,0.0,0.0,0.0012882148298639,0.0,0.0,0.0026089365736,0.0,0.0,0.0,0.0032817069848917,0.0,0.0,0.0,0.0,0.0,0.0,0.0,0.0,0.0,0.0,0.0,0.0,0.0,0.0,0.0,0.0,0.0,0.0,0.0,0.0,0.0,0.0,0.0,0.0,0.0,0.0,0.0,0.0,0.0,0.0,0.0,0.0,0.0,0.0,0.0,0.0024761000844655,0.0,0.0,0.0,0.0,0.0
PAG,0.0006885500228183,0.0,0.0,0.0,0.0021166947594389,0.0599836853743882,0.0007074909860648,0.0,0.0,0.0008324729117113,0.002263559093623,0.0020633064537864,0.000675962009422,0.0,0.0030029927928703,0.0413103098302954,0.0005432880268203,0.0,0.0,0.0,0.0063648627001362,0.0019617762049688,0.0008107713337308,0.0137709537022972,0.0065774740840327,0.0,0.0022254712609084,0.0005425040805871,0.0038804448464856,0.0387473637939459,0.0,0.0163112867409671,0.0139281529574062,0.0,0.002471667172373,0.0,0.0734004363107205,0.0006072262124696,0.241651456486818,0.0,0.0152686741368674,0.0223949813317406,0.0,0.0,0.0423861729454865,0.0006688371470225,0.0,0.0012373567259456,0.0,0.0,0.0,0.0,0.0,0.0,0.0,0.0,0.162189108510425,0.0006125497281643,0.0,0.0092468658672866,0.0065328810281724,0.007029694181972,0.0,0.0130360933564403,0.0141740268253181,0.0,0.026433404568556,0.0746926974955797,0.0005379338712226,0.0,0.0266326276825763,0.0,0.0006280678886126,0.0361958781156208,0.208071025466625,0.0280185492745963,0.055347558405917,0.0118717513716278,0.0,0.0050425512201104,0.0,0.0015099559152988,0.110600613677263,0.076707366687871,0.0185150616006536,0.0283783881498408,0.002031876969057,0.0,0.0,0.0,0.0059058984290886,0.0,0.0088504223861646,0.0,0.0,0.0019437483008887,0.0265047212208585,0.0030274203869665,1.0531461918955,0.0166237134843017,0.008695877394271,0.0948955043034332,0.0192195991145648,0.0107421734210505,0.0,0.0006161688081367,0.0,0.0835986307243808,0.0049998707334983,0.0,0.0,0.0,0.0007308545034573,0.000656329242214,0.0007998441167339,3.0343862732568,0.0,0.0435124354817447,0.0818189203415737,0.0795539516385961,0.0,0.0301108386711997,0.0028945237037507,0.0035147367817359,0.0038154350030254,0.0247296369953185,0.137858878089116,0.0077844545926676,0.0,0.0009126379209553,0.0,0.0015208666344971,0.0,0.0022540883261716,0.256937296370988,0.0,0.0018384795740684,0.432224845067213,0.69970438968195,0.0017573091376306,0.0006514663986966,0.009224378765067,0.0,0.0071075628522958,0.04295483755282,0.0,0.0,0.0,0.0024773355569187,0.0358366964527074,0.0056061495745978,0.132558549074712,0.0255061888147703,0.0,0.0,0.0,0.015327358720473,0.0027856840764661,0.970237072386953,0.0009436917068157,0.0037434865771472,0.0243812009746909,0.0,0.0040093255294571,0.0025551306349652,0.0050917688546781,0.005358770635048,0.0472013582105663,0.0221878038063177,0.0089540016785764,0.0011041654941279,0.0,0.0,0.0,0.0,0.0,0.0026442332930878,0.0011937114513126,0.0,0.0,0.0013411253893757,0.0,0.0236257929103719,0.0228928591356555,0.0,0.0,0.0025419403185175,0.062493433592047,0.0034336105822336,0.0026695955514332,0.0104977929942056,0.0245518413830984,0.0113109331464422,0.0,0.0192910811353562,0.0,0.0,0.0,0.0,0.0,0.0,0.0,0.0663662098099587,0.0054989883789635,0.0162309822284166,0.0,0.0068685358358474,0.0436874550736155,0.0017747410673318,0.0,0.0,0.0019906116911425,0.0032909224488112,0.0018726815295288,0.0088119719409298,0.0,0.0005164619728298,0.0,0.0018432407387222,0.0013905213920921,0.0005216440223097,0.001132934211998,0.0,0.0058655015848121,0.033826428437702,0.0007351643799441,0.0,0.0,0.0,0.0021021420512655,0.0,0.0,0.0033332818631386,0.0026190338860063,0.0,0.0073463223305182,0.0011861374407072,0.0,0.011833582751938,0.0,0.0113402624233023,0.0066377098820248,0.0005949133448757,0.0017916071467398,0.006165883931621,0.0349086859300477,0.0,0.0608465301642558,0.0,0.0161305266338203,0.0033587282642798,0.0,0.0,0.0117233166517997,0.0,0.0021181416767236,0.0020465163818576,0.0,0.0,0.0,0.0,0.0,0.0,0.0014720416588587,0.0,0.0454696284514218,0.0,0.0,0.0,0.0014641176095065,0.0028876903964449,0.0,0.0067330258421699,0.0,0.0,0.0142742602501924,0.012749645968871,0.0,0.0,0.0027956896278109,0.0,0.0,0.0090130233476853,0.0625553488139348,0.0077670764300862,0.0173708607752327,0.0012356941439328,0.0,0.0096092503751252,0.0007305869354774,0.0,0.0519848217846178,0.0118682004523749,0.0127755533815259,0.0049714087977059,0.002250811014391,0.0,0.0,0.0,0.0013980315170103,0.0,0.0063876144263105,0.0,0.0,0.0,0.003982453757065,0.0,0.301169438690277,0.0089701128714526,0.0027963242874324,0.0191351401500396,0.0028311670824992,0.0033661274684747,0.0,0.0010499467843444,0.0,0.0495579921557708,0.0,0.0,0.0009847248939943,0.0,0.0034963055464293,0.0,0.0006904265769598,0.811443610218614,0.0,0.0078095491897804,0.0132050248566776,0.0121269514181905,0.0,0.0097509731639535,0.0,0.0005979395123224,0.0009400651141627,0.0300122293012979,0.043368628741099,0.0041668770054856,0.0,0.0,0.0,0.0049528070799286,0.0012731431497837,0.0,0.0237042125620869,0.0006914830847245,0.0005455601717748,0.0893586593441894,0.10063701383993,0.0008410198061378,0.0006539802358316,0.0036588835487495,0.0,0.0020562499188435,0.017758290399154,0.0,0.0,0.0,0.0015203129227553,0.0173963961631813,0.0032165824594036,0.0353304614547484,0.0070953908258466,0.0,0.0,0.0,0.0028487446226441,0.0,0.428452754789267,0.0,0.0041387765687249,0.0095180439914319,0.0,0.0017916333895741,0.0014138734981321,0.0016766968187408,0.0028265174581284,0.0116666758435719,0.0040739798016648,0.0,0.0,0.0035265302821684,0.0008908038060019,0.0,0.0,0.0,0.0,0.0,0.0,0.0,0.0007065791101192,0.0,0.0083418646333965,0.0065904578366635,0.0,0.0,0.0013701868099348,0.0070337121356753,0.0025063545011839,0.0038506998618465,0.0027958523969649,0.0,0.0014967435761275,0.0,0.0289684882621302,0.0,0.0,0.0,0.0,0.0,0.0,0.0,0.0066944158590993,0.0,0.0011662974805505,0.0,0.0,0.0157686452183983,0.0011426079555891
PAR,0.0,0.0091280722314806,0.0,0.0,0.0,0.0,0.0150532636042152,0.0,0.0248939479452743,0.0,0.0,0.026791199537251,0.0128225186721974,0.0,0.0,0.0,0.0,0.0069076301626409,0.0036662292645557,0.0,0.0,0.0,0.0,0.123291729741649,0.0,0.0741138006316627,0.616364009757299,0.0,0.007055963159887,0.0,0.0,0.0,0.0,0.0108753119736323,0.0,0.373409847028577,0.0,0.0154086313350746,0.012892642088693,0.0076149902118092,0.54475335537187,0.0,0.0,0.0,0.0,0.0,0.0,6.76045626342079,0.0,0.0,0.028218192261384,0.0,0.0,0.0,0.0054924348539194,0.0,0.0,0.0168316463347238,0.0,0.0,0.0,0.0014858788960315,0.0,0.0,0.0,0.0,0.0153381816127807,0.0,0.0,0.0,0.0,0.0,0.0,0.0,0.0,0.0,0.0,0.0005182947200498,0.0337144879588631,0.0,0.0,0.0006005474897736,0.0,0.0,0.0,0.0,0.0,0.0,0.0,0.0,0.0,0.0,0.0,0.0116787664620037,0.0066443993334528,0.0,0.0,0.0,0.0,0.0,0.0,0.0468401211995545,0.0,0.0,0.0,0.0018657055332436,0.0,0.0,0.0,0.0031498612932135,0.0,0.0,0.0,0.0,0.0,0.0,6.28787658296774,0.0,0.0,0.0,0.0083325827962342,0.0,0.0115136465725728,0.039185325758507,0.0,0.0,0.0,0.0,0.0,0.0,0.0,0.0,0.318984020742891,0.0,0.0,3.08765430803009,0.0289444842170046,0.0,0.0,0.0,0.0,0.0,0.0,0.0,0.0,0.0,0.0,0.0,0.0,0.0,0.0,0.0,0.0,0.0,0.256948627617674,0.0,0.0751533257191471,0.0,0.0,0.0,0.198530100024131,0.0,0.0051772640038951,0.0,0.0,0.0387169554883807,0.0,0.0,0.0,0.0,0.0014145678047402,0.0,0.0,0.0,0.0125563098383979,0.000753440299339,0.0272368990847641,0.0203791911895875,0.0007648985017875,0.0027720778034402,0.0534923677560658,0.0,0.0128826414976682,0.0,0.0,0.0,0.0,0.0107711789097145,0.159042744178422,0.0,0.0,0.0,0.0,0.0027074912140692,0.0,0.0050451263914571,0.0,0.0031127009672468,0.0343654204393596,0.275292454186071,0.0,0.0,0.0,0.0,0.0009429901292335,0.0,0.0,0.0,0.0,0.0,0.001555542234694,0.0,0.0,0.0,0.0,0.0174915618717615,0.0072582224698559,0.0092024030272422,0.0,0.0,0.0,0.0093484943520732,0.0,0.0,0.0,0.0008081535703218,0.0,0.0012666367689928,0.0,0.0,0.0,0.0,0.0,0.136067365442047,0.0640592641947582,0.12418496183129,0.0,0.0098696795961459,0.0,0.0,0.0,0.0,0.0120212603449702,0.0110098194798574,0.0240427296698909,0.0009812958867002,0.0104502560975695,0.0088872138299624,0.0153621221004601,0.0,0.0,0.0,0.0,0.0,0.0,0.0,0.0,0.0018845678989473,0.0,0.0007385716461214,0.0,0.0,0.0,0.0,0.0,0.0,0.0159327621129501,0.0,0.0,0.000823443176061,0.0012728329229725,0.0,0.0,0.0,0.0,0.0084852174072397,0.0,0.0,0.0,0.0,0.0,0.00155883693946,0.0,0.0036967713207703,0.0,0.0,0.0,0.0290059164579133,0.0,0.0,0.0,0.0,0.0,0.0,0.0,0.0502675828419513,0.0050854140183675,0.0,0.001296807882069,0.0,0.0,0.0220327497660385,0.0037538348268237,0.0097859288291908,0.0,0.0,0.0,0.0,0.0,0.0,0.0285441168980979,0.0,0.0019652199592802,0.0093438581069249,0.0071963472857298,0.0,0.0,0.0,0.0,0.0034152998424623,0.0,0.0379770018134199,0.0,0.0061299488094048,0.0,0.0,0.0,0.0,0.0,0.0,0.0,0.0043503215681829,0.0026937103719637,0.0,0.0,0.0,0.0500856638274567,0.0077607317904437,0.0,0.0,0.0,0.0448398989162668,0.0,0.0,0.0,0.0245078925275088,0.0,0.0,0.0,0.0,0.0,0.0,0.0,0.0,0.0,0.0,0.0,0.0,0.0,0.0,0.0,0.0,0.0,0.0054229716823611,0.0148634203415405,0.0,0.0,0.0,0.0,0.060068321311632,0.0,0.0022738433033777,0.0,0.0,0.0005142403310015,0.0,0.0,0.0,0.0,0.0,0.0,0.0,0.0,0.0129227719685729,0.0,0.0313980571771944,0.01670626495377,0.0,0.0005825807273614,0.128592319499382,0.0,0.0158996070304354,0.0,0.0,0.0023006053917333,0.0093443332867944,0.0139877580503264,0.116093140491583,0.0364151563134941,0.003934017883697,0.0,0.0,0.0078604620688093,0.0,0.0009436002544098,0.0,0.0,0.0,0.0,0.0,0.0,0.0,0.0,0.0,0.0,0.0,0.0,0.0
PARN,0.0,0.0,0.0,0.0,0.0,0.0,0.0,0.0,0.0,0.0,0.0,0.0,0.0,0.0,0.0,0.0,0.0,0.0,0.0,0.0,0.0,0.0,0.0,0.0,0.0,0.0,0.0,0.0,0.0023857071887083,0.0,0.0,0.0,0.0058380722234248,0.0,0.0,0.0,0.0,0.0323419088118429,0.0,0.0,0.0,0.0,0.0165991643543192,0.0,0.0019364700031617,0.0,0.0,0.0,0.0,0.0,0.0211042823961081,0.0036723062460624,0.0,0.0,0.0,0.0,0.559157893625526,0.0,0.0,0.0,0.0,0.0,0.0,0.0017768626931676,0.0,0.0465125295859787,0.0,1.06812422901909,0.0,0.0,0.0,0.0,0.0,0.0,0.0,0.0,0.0,0.0,0.0,0.0,0.0,0.0,0.0377708701502354,0.009027809632278,0.222200405733622,0.0615152155634277,0.0,0.0,0.0,0.0,0.0,0.0,0.0,0.0,0.0,0.0,0.0,0.0,0.0429062046221877,0.0,0.0624513561879018,0.0,0.0,0.0,0.0,0.0038796941405605,0.0,0.0,0.0412055975121647,0.0,0.0,0.0,0.0,0.0,0.0,0.0,0.0,1.55659224612196,0.158273339479026,0.0,0.0,0.0108466903830028,0.0,0.0,0.0514056800345476,0.0586258844561272,0.0,0.0,0.0,0.0,0.0005771184026775,0.0,0.0,0.0,0.0312594817878184,0.0,0.0,0.137562568858099,0.0284500016769867,0.0134334543448699,0.0,0.0,0.0,0.0,0.0,0.0,0.0,0.0,0.0,0.0,0.0016413428172335,0.0,0.0006197341780882,0.0,0.0,0.0,0.0,0.0,0.0,0.0,0.0,0.0,0.120513307057993,0.0,0.0,0.0,0.0,0.0,0.0,0.0,0.0186767575379202,0.179281644559031,0.138751276681765,0.14313820385499,0.0,0.0,0.0,0.0,0.0,0.0,0.0,0.0,0.0,0.0917898878388075,0.0,0.0,0.0,0.0,0.0,0.0,0.0,0.07864200039672,0.0,0.0,0.194598145842625,0.0,0.0,0.0,0.0,0.0,0.0,0.0,0.0,0.0,0.0,0.0,0.0024515256056704,0.0,0.0808542536787926,0.0,0.0,0.0,0.0,0.0,0.0,0.0,0.0,0.0,0.0,0.0,0.0,0.0174485836132602,0.0,0.0,0.0,0.0,0.0,0.0,0.0,0.0,0.0,0.0,0.0,0.0,0.0,0.0,0.0,0.0,0.0,0.0,0.0,0.0057342600764456,0.0,0.0,0.0,0.0,0.0107082711345243,0.0,0.0,0.0,0.0,0.001196736085758,0.0,0.0014614949018509,0.0,0.0,0.0,0.0,0.0,0.0,0.0038657669665051,0.0,0.0,0.0,0.0007064777211475,0.336880524227267,0.0,0.0,0.0,0.0,0.0,0.0,0.0012513574615196,0.0,0.0079919580850234,0.0,0.804081592717341,0.0,0.0,0.0,0.0,0.0,0.0,0.0,0.0,0.0,0.0,0.0,0.0,0.0,0.0,0.0008538951095308,0.0,0.067374397300836,0.0823780250073358,0.0,0.0,0.0,0.0,0.0,0.0,0.0,0.0006648949409211,0.0,0.0,0.0,0.0,0.0,0.0,0.0221488320706312,0.0,0.0,0.0,0.0,0.0015434813820076,0.0,0.0,0.0,0.0,0.0,0.0,0.0,0.0,0.0,0.0,0.0,0.372833350967719,0.0683957592251029,0.0,0.0,0.0,0.0,0.0,0.0251284653436855,0.0043034354003974,0.0,0.0,0.0,0.0,0.0,0.0,0.0,0.0,0.0052326512471606,0.0,0.0115839553662118,0.0631737141206416,0.0110951405792309,0.0014337974972443,0.0,0.0,0.0,0.0,0.0,0.0,0.0,0.0,0.0,0.0,0.0011204379578921,0.0,0.0,0.0,0.0,0.0,0.0,0.0,0.0,0.0,0.0,0.0,0.0748273146092544,0.0,0.0,0.0,0.0,0.0,0.0,0.0,0.0,0.0,0.0021647444161248,0.0,0.0,0.0,0.0,0.0,0.0,0.0,0.0,0.0,0.0,0.0501351353498506,0.0,0.0,0.0,0.0,0.0,0.0,0.0,0.0834033136366148,0.0,0.0,0.0832861730175387,0.0,0.0,0.0,0.0,0.0,0.0,0.0,0.0,0.0,0.0,0.0,0.0,0.0,0.0525672406019055
PB,0.0092771097039119,0.0007479301776403,0.0019431876054401,0.0070991016800819,0.0,0.0,0.0097197851794162,0.0133622832679231,0.0035430440933717,0.0,0.0,0.0,0.0541864941345728,0.0,0.0032643780265953,0.0043797849884,0.0,0.0,0.0,0.0,0.0,0.0025622537088632,0.0155105515813068,0.0432094447996561,0.0,0.0,0.0,0.112354754766045,0.0081038630739156,0.0055657685358568,0.0016084242121911,0.0,0.0268640303687542,0.0042167522541394,0.0,0.0429926891513668,0.0501561163025003,0.0,0.0,0.054867567543294,0.0,0.026578683916682,0.0013559652006505,0.0010171888117728,0.0129724822489755,0.0013109690324587,0.001664671929156,0.0007548173990722,0.0034552450018538,0.0025602450764567,0.0403907375011751,0.0,0.0,0.0131478092679327,0.0179607246946752,0.0099481739111218,0.113794550545533,0.0245424289434521,0.0020119188535561,0.0,0.0,0.0,0.001210972927344,0.0229835358671849,0.0018643500026362,0.0065749560657436,0.0044193462931342,0.246457432151807,0.0,0.0010524294963608,0.0,0.0,0.0,0.0,0.0317657756208048,0.0,0.0046828321630749,0.0061550872380199,0.0,0.0,0.0017938769316334,0.0007382366817383,0.0092687132046029,0.044648808061551,0.0,0.0194127490712183,0.0,0.0,0.0,0.0,0.0,0.0,0.0016639042295666,0.009699766710829,0.005224345757581,0.0,0.0083301838513887,0.0,0.453269782708902,0.0,0.0,0.0,0.0,0.0,0.0,0.0,0.0,0.0,0.0174631825070066,0.0011238359454345,0.0,0.0005236787048546,0.0,0.0,0.0006511192786196,0.0076041530166267,0.0,0.1536596697445,1.18885204188994,0.0251742107273904,0.0,0.0973799198353719,0.0,0.0024559164428788,0.0,0.0049871908550749,0.0248009134153076,0.0073973054108067,0.0011384654185834,0.0,0.0224457936929634,0.0,0.0,0.0,0.115051086098775,0.0,0.106600955242774,0.0803701650213736,0.0940128065673048,0.0,0.0174861139031249,0.0,0.0,0.0126570437363095,0.0266055947737137,0.0,0.0,0.0006548964782488,0.0033985233119286,0.0028213110809565,0.0112290654383949,0.0415479662215855,0.019254176611118,0.0,0.0007530628923553,0.0007733626653985,0.0,0.0,0.0,0.0,0.0,0.0601478969750899,0.0450564476457221,0.0049797324191898,0.0012689594556569,0.0,0.0,0.0141365350875954,0.0,0.0129849166507481,0.0040980231111244,0.0,0.0,0.0085929300275575,0.0,0.0,0.0072159301135014,0.0005264298764774,0.0,0.0007099323876395,0.0086644457764644,0.0,0.0,0.114307539475209,0.004190691321018,0.0,0.001152540416026,0.0,0.0006039959576939,0.0027866604377054,0.0073543903899793,0.0676028517682184,0.0116843148395294,0.0148155570702373,0.0319758959873189,0.0051611606493478,0.0,0.0,0.0,0.0,0.0,0.0,0.0428398000554806,0.0,0.0,0.0058852058562522,0.0600564579387084,0.0157563244074172,0.0169452963169747,0.0,0.0,0.0,0.0,0.0,0.0,0.0,0.0022869440075196,0.0,0.0,0.0,0.0,0.0200845873665287,0.0,0.0,0.0,0.0,0.0,0.0,0.0,0.0,0.0,0.0038838587421264,0.0027322905496506,0.0,0.0,0.0,0.012957176370652,0.0005797764308635,0.0,0.0,0.0,0.0167118259925968,0.0026620936513614,0.0,0.000658727016906,0.0377300575046007,0.0,0.0,0.0,0.0,0.0,0.0,0.0,0.0054381439001102,0.0,0.0,0.0,0.0006254382774902,0.0,0.003794278057739,0.0,0.0,0.0009227070035568,0.0,0.0,0.0311841735849451,0.0008700776828169,0.0,0.0,0.0,0.0,0.0,0.0100966531250612,0.0,0.0,0.0031747598455551,0.0530550430321556,0.0,0.0,0.0,0.0,0.0,0.0,0.0,0.0,0.0,0.001710321841636,0.0,0.0,0.0,0.0,0.0,0.0101809618962513,0.0121140007368658,0.0046302610246142,0.0,0.0,0.0,0.0,0.0,0.0,0.0,0.0,0.0,0.0,0.0014323216484608,0.0,0.0,0.0,0.0,0.0,0.0,0.0,0.0,0.0,0.0008754625189775,0.0,0.0,0.0,0.0,0.0,0.0,0.0,0.0010055865175633,0.0,0.0,0.0489478102808899,0.0526826382911273,0.0,0.0,0.0300431092585362,0.0013531331614604,0.0027201220871825,0.0,0.0072504892576168,0.0,0.0,0.0,0.0,0.0216685155061189,0.0,0.0,0.0,0.0,0.0,0.0317580612226414,0.014610878850034,0.0,0.0,0.0083507295192633,0.0,0.0,0.0,0.0078949427608423,0.0,0.0,0.0,0.0,0.0,0.0053555874319581,0.0,0.0,0.0,0.000530724977634,0.0,0.0,0.0,0.0,0.0,0.0,0.0,0.015908283646216,0.0017492728017495,0.0,0.0,0.0,0.0,0.0,0.0,0.0,0.0,0.0,0.004198694200933,0.0,0.0,0.0013399531995053,0.0,0.0,0.0,0.0,0.0,0.0,0.0299781446257557,0.0,0.0,0.0,0.0,0.0,0.0,0.0,0.0215495812978094,0.0,0.0009443867025445,0.007823992461481,0.0006562529463942,0.0,0.0,0.0,0.0,0.0,0.0,0.0,0.0,0.0,0.0392939778454296,0.031326173986689,0.0,0.0104645504340719
PCG,0.0178501531866934,0.0,0.0,0.0252854245179587,0.0024241531577964,0.09303271456916,0.0030225962443226,0.0021074095247511,0.0033572240436517,0.0,0.0116900513706081,0.0154138388326675,0.0033498402922601,0.0,0.0319754492863324,0.0,0.0051584177467945,0.0,0.0,0.0008601118243826,0.0319324818701291,0.0019984531771777,0.0062882664109709,0.0782149303305874,0.0,0.0,0.0,0.0,0.0148023652577518,0.0,0.0026307715104187,0.0,0.0130101080911105,0.0017642780376457,0.0021860835568697,0.0,0.0,0.0,0.0247401588019442,0.0,0.0059303476431645,0.084235855065849,0.0018728194093963,0.0,0.0034540094453069,0.0,0.0,0.0010672584755247,0.0030960506352165,0.0015619539730612,0.0116442567955454,0.0015480018954228,0.0,0.0016943608756302,0.0,0.0020448050567955,0.0991024982503973,0.000555746192666,0.0010683919652185,0.0,0.0,0.0,0.0,0.0,0.0,0.0023612478706664,0.0653442589088704,0.0310570647850158,0.0,0.0,0.0026726732482643,0.0,0.0013643756101988,0.013756464220248,0.172653245977027,0.0,0.0152624079416903,0.0123388613974178,0.0,0.101279684327178,0.0116768282662587,0.0006975369080511,0.0056465690953908,0.0,0.0025012758097358,0.0102343018126031,0.0082103161163868,0.0005762009613016,0.0,0.0,0.0073780636948917,0.0,0.0067931070684307,0.0,0.0,0.0091149905443282,0.0902567729716309,0.0,0.309219055874884,0.138125167952781,0.0,0.0980497548705378,0.243635504111673,0.0,0.0,0.0,0.0005492354294913,0.0186284593466553,0.0175491261591698,0.0024583157933867,0.0047974405144129,0.0,0.0149416069139976,0.0,0.001649203222641,0.873616980300827,0.0006122997319504,0.0,0.0725949488012337,1.04213801297532,0.0,0.0,0.0062333428339222,0.009802313146749,0.0,0.0159744712271337,0.0,0.0085683079595752,0.0,0.0,0.0,0.0,0.0020244202168061,0.0,0.119978906900393,0.0,0.0,0.312011063393803,0.400795895743561,0.0,0.0018403086233227,0.0469650555319858,0.0,0.0210199088204857,0.11094879158275,0.0012201440137402,0.0036648536041379,0.0,0.0094554378528265,0.0,0.0022142566432256,0.0578252927722831,0.0121163651203623,0.0,0.0,0.0,0.145370525508302,0.0026440254277961,0.0,0.0,0.0013214438106321,0.0660098505257211,0.0,0.0,0.0,0.0,0.0019870753962363,0.03061854291357,0.0,0.0,0.0,0.0,0.0,0.0,0.0,0.0,0.001835310715603,0.0005641564713654,0.0,0.0,0.0,0.0,0.0,0.0055508998935556,0.0,0.0,0.0005581681159983,0.0291596541511832,0.0,0.0087827836831262,0.039992647092428,0.0102984912042686,0.0,0.0016481046556778,0.0089804831297258,0.0007520946663841,0.0,0.0,0.0,0.0013197335836282,0.0,0.0,0.0,0.0433413012752337,0.0073028509384632,0.0,0.0,0.0284058399399352,0.0,0.0,0.0,0.0,0.0,0.0007515025542609,0.0099549835538398,0.0,0.0006315979516184,0.0008994301589055,0.0,0.0,0.0,0.0021543476871808,0.0,0.0010194454530146,0.0,0.0015461709048147,0.0,0.0,0.0,0.0095670075459533,0.0,0.0,0.0055708988573998,0.0,0.0,0.0,0.0,0.0040084968761041,0.0,0.0,0.0057245058784203,0.0208594260964862,0.0,0.0,0.0,0.107622090355986,0.0,0.0235763329844075,0.0,0.0,0.0112068505520388,0.0,0.0,0.0140653916100929,0.0,0.0,0.0,0.0,0.0,0.0,0.0,0.0,0.0,0.0,0.0,0.0,0.0,0.0,0.0,0.0,0.0,0.0,0.0046601494133582,0.0,0.0,0.0653866659292016,0.0,0.0,0.0,0.0,0.0,0.0,0.0124415918282155,0.0,0.0,0.0,0.0,0.0,0.0,0.0011942109615515,0.0,0.0005739518741719,0.0,0.0023129671697529,0.0,0.0021842918112605,0.0,0.0,0.0,0.0018926428766845,0.0,0.0026283472510646,0.0,0.0,0.0006507785266132,0.0041124281396438,0.0,0.0,0.0367817769180691,0.0,0.0,0.129077301252688,0.0029424151340366,0.0,0.0,0.0,0.0,0.006917239173609,0.0,0.0,0.0,0.0063140412159911,0.0,0.0019289745058934,0.0560313760662349,0.0,0.0,0.0211042987303629,0.135848890301833,0.0,0.0,0.0,0.0052780300612539,0.0,0.0071098932183095,0.0501170290386515,0.0019849492757843,0.0,0.0,0.0,0.0,0.0016989307783663,0.0,0.0,0.0,0.0,0.0,0.0,0.0,0.0,0.0152453052581307,0.0,0.0020818406372774,0.0520330935062257,0.0,0.0006301409534625,0.0,0.0029723475520471,0.0,0.0,0.001548553871051,0.0039489771642987,0.0,0.0,0.0,0.0131177356497459,0.0,0.0,0.0,0.0038271739428004,0.0,0.0,0.0,0.0015010531650033,0.0026097146903228,0.0015057949605508,0.0049542970013047,0.0013524789125622,0.0,0.0,0.0,0.0,0.0,0.0,0.0,0.0010161521978784,0.0,0.0,0.0,0.0014449601485414,0.0,0.0094219321498887,0.0,0.0,0.00089183430266,0.0,0.0,0.0,0.0006016785127427,0.0096277369434674,0.0,0.0,0.0,0.0,0.0,0.0,0.0,0.0,0.0,0.0,0.0,0.0,0.0029656282017097,0.0,0.0,0.0,0.0,0.0007911246085649
PERI,0.568980264440337,0.0,0.0,0.0,0.0,0.0,0.123317321856627,2.54684483016623,1.34926046256902,0.0,0.0,0.0,0.0158023867155888,0.0796666834035878,0.716570695576028,0.0,0.0,0.0,0.0,0.0,0.0023908073081191,0.0,0.769033338878442,0.0,2.42051803657899,0.63060739598666,0.972876823067384,0.0,0.0013332642146495,0.0,0.0,0.0,0.0,0.961959474648807,0.478948481794739,0.259982538383664,0.0,0.0052807555504156,0.0023243539474843,0.0005811317366496,7.22951841189812,0.0,0.0,0.751837062030489,0.0,3.79782317021705,11.8412724417451,0.0,2.34131309694546,1.38917459103569,0.0013734678870671,0.0,0.0052264704612114,0.113223837021105,0.0,0.0007719268436348,0.0009572040737079,0.0,0.114923005590151,0.0,0.0,0.0025762693051617,0.0126303812545049,0.001608826086756,0.0,0.0,0.0,0.0,0.0,0.0,0.0,0.0,0.0,0.0138573045730495,0.0111024762554856,0.0,0.0,0.0012829998452542,0.0045218697043781,0.0,0.0,0.22740737914602,0.0,0.114238343108142,0.0,0.0,0.371877183315749,0.0161214514510866,0.0,0.0061648234746352,0.0053132102969295,0.0,2.65461189604557,0.0,0.0,0.0,0.0,0.0,0.0019682674815576,0.0,0.0,0.195937028604622,0.0,0.0,0.310134448138481,0.0035017963775341,0.0,0.0,0.0,0.293678367721221,0.23350816421241,0.195002972136777,2.54382773758262,0.0,0.661130407462534,0.0055712264999069,0.0,0.0,0.0005581962034281,0.0,4.82086486553534,0.0,0.0094073179231972,0.0008607503531908,0.0,0.0006684269351156,0.0,11.059508184968,0.0,0.0,0.0,0.0,0.38478725724432,0.0,0.0,0.161270209714532,0.0061008070532772,0.0,0.0,0.0,0.0,0.0,0.0,0.0,0.0,0.0,0.0,0.0005798941057203,0.0,0.0,0.0,0.0,0.0,0.0,0.0,0.0,0.0,0.0,0.0041308433563724,0.0020063701468284,0.0187997696804746,0.814823190909979,0.0059077211388791,0.0,0.0,0.0,0.0006015337320255,0.0,0.0,0.0,0.0,0.0,0.0,0.0,0.0,0.0,0.0,0.0,0.0,0.0,0.0,0.0,0.0,0.0,0.0,0.0,2.02299072638057,0.0,0.0,1.24046328045891,0.0,0.0,0.0,0.0030719909166975,0.0009856772178215,0.0,0.0,0.0,0.0,0.0,0.0,0.0,0.0,0.0,0.0,0.0,0.0,0.0,0.0,0.0046582735377761,0.227388102727926,0.088809879570086,0.297133709087635,0.0,0.0,0.0,0.0079328549827226,0.0,0.0,0.0,0.0,0.0121447142770615,0.0,0.0,0.0,0.0013934581975621,0.112960789849141,0.0537749426862925,0.110721569902404,0.0,0.0,0.0,0.0,0.0,0.0084361626837882,0.0,0.0232031316043557,0.0009345988287428,0.0,0.0375125090658672,0.0,0.0,0.0058595274878652,0.0,4.78056702218562,0.0,0.0047050791498432,0.0012266959536069,0.0010883626989445,0.0302362027431891,0.0,0.0,0.157984296711187,0.0,0.362172352227187,0.176312132506333,0.0,0.0962011846030126,0.0798833361526183,0.000545043911719,0.0,0.0172122653487943,0.0031931603685402,0.0007949717531526,0.0,0.0012179009427808,0.0124768833744834,0.0014459615142658,0.0,0.0,0.0,0.0436757418313787,0.0,0.0005523815718564,0.0,0.0,0.0,0.0274145981583676,0.0,0.0,0.0,0.0,0.0,0.0,0.0,0.0,0.0007327160111922,0.0059752922144123,0.122386566148462,0.0,0.0026467241090866,0.0,0.0066146244178081,0.0005396951902058,0.0005900902502978,0.0,0.0,0.0,0.0,0.0,0.0,0.0408573413966367,0.206828008615385,0.716559757305789,0.0,0.0,0.0,0.0,0.0,0.0,0.0,0.0,0.0,0.0,0.0027225866387226,0.0,0.0,0.0,0.0179946213449216,0.0764531507511745,0.0312604079675948,0.0218874178179642,0.0,0.0,0.0,0.0,0.0007507419077976,0.0,0.0,0.19460095392744,0.0,0.0152390698646912,0.0,0.0,0.0010797714100904,0.0,0.0,0.111002558552709,0.0,0.0,0.0,0.0240927988355955,0.0,0.0,0.0,0.007371572428602,0.0,0.0,0.0,0.0,0.0016964760655483,0.269423005377383,0.0,0.0,0.0,0.0,0.0,0.0,0.0,0.0,0.0,0.0,0.0783082941573238,0.020204545923406,0.012140489995525,0.0,0.0,0.0,0.0,0.0180718840107818,0.0374803456840834,0.0022387925008652,0.0,0.0,0.0,0.0013775437083474,0.0,0.0,0.0,0.0,0.0011911998889366,0.0,0.0,0.397082222882057,0.0695371326602255,0.0568392721376507,0.109612386235863,0.0645823184637488,0.147205151249128,0.188963846850484,0.0,0.0,0.0,0.0,0.324887221290742,0.0,0.0,0.0,0.257852849935482,0.0,0.0,0.0,0.0030213317159515,0.0,0.0496263740483533,0.104150258400209,0.0620299135929509,0.143651120158358,0.16133326074128,0.0399005423806112,0.0305919689164732,0.0,0.0,0.0,0.0,0.0,0.0,0.0
PF,0.0,0.0,0.0,0.0052350096569205,0.0,0.0,0.0,0.0025469264890937,0.0,0.0,0.0,0.0,0.0,0.0,0.0,0.0,0.0,0.0020158801167175,0.0013278687997573,0.0011957470406792,0.0,0.0,0.0,0.0,0.0102581689817179,0.0,0.0,0.0095769229554477,0.0,0.0380834233885691,0.0,0.0,0.0029763650480988,0.0,0.0012923259181236,9.92365781039318,0.0,0.0010443479563915,0.0,0.0,0.0,0.0,0.0,0.0,0.0,0.0,0.0,0.0,0.0027507182014409,0.0,0.0,0.0,0.0,0.027878815623146,0.440349722730338,0.0451879543357386,0.0,0.0421978101307681,0.0,0.0,0.0,0.0,0.0,0.0,0.0,0.0,0.0022121716804751,0.0,0.0,0.0,0.0,0.0,0.0,0.0148213809407402,0.0,0.0,0.0,0.0,0.0,0.0,0.0,0.0,0.0,0.0975950914856335,0.0,0.0,0.0,0.0006346724500913,0.0,0.0,0.0,0.0005230151603985,0.0123742796074423,0.149315150367779,0.0,0.0,0.0,0.0,0.0704776758314306,0.0,0.0,0.0049546185946261,0.0,0.0,0.0,0.0,0.0,0.0041530413092866,0.0,0.0,0.0,0.0,0.0337846356220079,0.0,0.0005748746256264,0.0,0.0,0.0,0.0,0.0,0.0010337288123484,1.63072695423765,0.0,0.0,0.0,0.0,0.0,0.0170913221394706,0.0,0.0,0.284451354937883,0.0,0.0,0.0,0.0,0.0,0.0058430931311203,0.0,0.0145378617208471,0.0,0.0,0.0,0.0011819168133904,0.0,0.0,0.0,0.0,0.0,0.0,0.0,0.0,0.0137322516740673,0.0038970727467944,0.0,0.0,0.0,0.0929852350288735,0.0,0.0,0.0,0.0,0.021013855984656,0.0010582832979384,0.0009170161545594,0.0029987176672008,0.0099115340119957,0.0,0.0079283311576726,0.0024343668373052,0.0285195719180613,0.0,0.0,0.0,0.0,0.0829879288196154,0.0198661368132564,0.0,0.0040860489014107,0.0050506218032319,0.0245410891727186,0.129810761676951,0.0,0.0029304362050491,0.0,0.0,0.0185972086790499,0.0,0.0,0.0,0.0032304997286101,0.0096591944182068,0.0,0.227125653206667,0.0007357143177855,0.0,0.0043299153696452,0.0,0.0,0.0,0.0,0.0,0.0,0.182817997566129,0.0,0.0467352216958553,0.202740518770639,0.199508873856131,0.0,0.0,0.0,0.000595539738879,0.0073900014672357,0.0,0.0,0.0,0.002134840618574,0.0,0.0017118321861642,0.0,0.0,0.0,0.0020953772021987,0.0,0.0,0.0,0.0,0.0,0.0,0.0,0.0,0.0,0.0,0.0,0.0018198763929061,0.0,0.0006466646427084,0.0,0.0,0.0,0.0,0.0,0.0,0.0017730804981266,0.0024515587101093,0.0,0.0,0.0,0.0,0.001676258152766,0.0,0.0,0.0,0.0,0.0,0.0020477115106177,0.0009603193680456,0.0014558432224169,0.0,0.0,0.0,0.0,0.0,0.0,0.0,0.0,0.0,0.0010212300354,0.0,0.0,0.0,0.0,0.0,0.0008032907359663,0.0,0.0,0.0016072631657502,0.0,0.0,0.0,0.0,0.0009718962517475,0.0,0.0,0.0,0.0,0.0,0.0,0.0,0.0,0.0,0.0,0.0,0.0,0.0,0.0,0.0069919810981485,0.0021953465869298,0.0,0.0011023094884971,0.0,0.0,0.0110908043365587,0.0030495212922959,0.0073881802343967,0.0,0.0,0.0,0.0,0.0,0.0,0.005508521825286,0.0,0.0,0.0,0.0,0.0,0.0,0.0,0.0,0.000714646552785,0.0,0.0149995245323351,0.0,0.002153686259786,0.0,0.0006861941822494,0.0,0.0,0.0,0.0,0.0012335138227863,0.0006955349086144,0.0,0.0,0.0,0.0,0.0058684904484388,0.0,0.0,0.0,0.0,0.0105969820640815,0.0,0.0,0.0029810823934254,0.0046025940662481,0.0,0.0,0.0,0.0,0.0,0.0,0.0,0.0,0.0,0.0,0.0,0.0,0.0,0.0,0.0,0.0,0.0,0.0,0.0,0.0,0.0,0.0,0.0,0.0,0.0,0.0,0.0,0.0,0.0020121487708811,0.0,0.0,0.0,0.0,0.0,0.0,0.0,0.0,0.0,0.0,0.0006106072631873,0.0,0.0,0.0,0.002764507625456,0.0,0.0,0.0,0.0,0.0,0.0007467640178075,0.0,0.0008036630574109,0.0051945124657932,0.0,0.0,0.0,0.0015136099786011,0.0,0.0,0.0,0.0,0.0,0.0,0.0,0.0,0.0,0.0,0.0,0.0,0.0,0.0,0.0
PFL,0.0,0.0005606381489047,0.0,0.0,0.0,0.0,0.0016592467654671,0.0,0.0008395437558449,0.0,0.0,0.0,1.42908415997777,0.0,0.0,0.0,0.0,0.0,0.0,0.0,0.0,0.0,0.0,0.0,0.0,0.0,0.0,0.0,0.0007284081207162,0.0,0.0,0.0007279413003152,0.0,0.0,0.0,0.0,0.0010341914521553,0.0778513940786203,0.0,0.0307735488469158,0.0035150368392624,0.0,0.135104435949538,0.0,0.0,0.0,0.0,0.0,0.0,0.0,0.390575551991776,0.0009540135020913,0.0,0.0,0.0,0.0,0.0009094308708444,0.0031191307225502,0.0,0.0,0.0,0.0,0.0,0.0,0.0,0.0363562689516707,0.0050107920909239,0.0009123100674314,0.0,0.0,0.0,0.0,0.0,0.0,0.0015984779239718,0.0,0.0,0.002126153514855,0.0,0.0,0.0,0.0,0.0,0.0,0.0,0.0,0.0,0.0,0.0,0.0,0.0,0.0,0.0021599182251228,0.0005265583522138,0.0,0.0,0.0,0.0,0.0037202264922548,0.0,0.0051436843511362,0.0025400730146478,0.0,0.0016788834386694,0.0,0.0124487405463287,0.0,0.0,0.0,0.0,0.0017087564084808,0.0,0.0081573940302848,0.0,0.0,0.0,0.0,0.0012116238285791,0.0120314536803588,0.0014794273640727,0.0,0.0,5.79920388334686,0.164690010240062,0.0,0.0,0.0,0.0068525658854563,0.0,0.0,0.0,0.0,0.0010648951988665,0.0,0.0163799435952929,0.0,0.224890405888628,0.0,0.003830431835895,0.0024792884725723,0.003782765935307,0.0,0.0,0.0,0.0,0.0,0.0,0.0064415875848353,0.0,0.0,0.0,0.0,0.0,0.0,0.0,0.0,0.0,0.0,0.0007241920904846,0.000844084967465,0.0,0.0,0.755361329113532,0.0,0.0,0.0015941524750902,0.0,0.0,0.0,0.0,0.001560860835304,0.0,0.0047194337346638,0.0005748833406239,0.0009527975638762,0.0,0.0048393312136138,0.0010270358522263,0.0,0.0005667451484252,0.0039078191665387,0.0,0.0,0.0,0.0025754979487682,0.0,0.0,0.0214440111474657,0.0,0.0031114461162998,0.0030412491798789,0.0006884977197418,0.0,0.005863517736632,0.0,0.0,0.0,0.0,0.0,0.0,0.0,0.0,0.0,0.0,0.0,0.0,0.0,0.0,0.0,0.0,0.0006973416634444,0.0,0.0,0.0,0.0,0.0,0.0,0.0,0.0,0.0,0.0,0.0253471894293173,0.0,0.0,0.001941003263089,0.0,0.0,0.0,0.0,0.0009447488192973,0.0,0.0,0.0,0.0,0.0,0.0,0.0,0.0006813548612721,0.0,0.0,0.0,0.0,0.0,0.000687033779789,0.0,0.001655027127947,0.0007194222843398,0.0,0.0008227642609638,0.0170861201413651,0.0,0.0,0.0,0.0,0.0,0.0,0.0010394633310804,0.0,0.0,0.0019683247126114,0.0,0.0,0.0,0.0,0.0,0.0,0.0013948428334857,0.0,0.0,0.0,0.0,0.0,0.0,0.0,0.0,0.0016108941040945,0.0,0.0,0.0,0.0,0.0,0.0,0.0,0.0,0.0,0.0,0.0,0.0,0.0,0.0,0.0,0.0,0.0,0.0,0.0,0.0030050531489547,0.0,0.0,0.0,0.0,0.0,0.0028110836466382,0.0,0.0007373669727882,0.0,0.0,0.0,0.0077597458999034,0.0,0.0011592567975458,0.0099491856558004,0.0,0.0,0.0,0.0005646557947432,0.0,0.0011870285970059,0.0,0.0,0.0033354390491141,0.0,0.004802154109705,0.0,0.0,0.001815048939281,0.0006738145711688,0.0,0.0009152508982617,0.0,0.0,0.0,0.0,0.377897263275027,0.0,0.0,0.0,0.0016170133656503,0.0,0.0,0.0,0.0007149372922942,0.0024878472562453,0.0,0.0,0.0,0.0045210149661148,0.0,0.0057369812754183,0.0011448952469601,0.0,0.0,0.0,0.0,0.0,0.0,0.0,0.0,0.0,0.0,0.0,0.0054574637958352,0.0,0.0,0.0008862202884243,0.0008580035922445,0.0,0.0,0.0007393978845755,0.0,0.0,0.0,0.0024678727618791,0.0,0.0,0.0,0.0,0.0,0.0,0.0006148845921565,0.0,0.0,0.0,0.0,0.0,0.0,0.0,0.0,0.0,0.0,0.001253289332051,0.0,0.0,0.0,0.0,0.0,0.0,0.0537597142254621,0.0,0.0026921551850546,0.0006115762100317,0.0,0.0058465591652239,0.0020348211064639,0.0,0.0,0.0,0.0,0.0,0.0,0.0,0.0,0.0016322961445627,0.0,0.0011290750595989,0.0,0.0,0.0010295505663737,0.0
PG,0.0,0.0,0.0,0.0,0.0,0.0,0.0033136904402252,0.0,0.0,0.0,0.0005254911588668,0.0,0.0,0.0,0.0,0.0716138502413231,0.0,0.0,0.0,0.0,0.0,0.0005478234799816,0.0,0.0,0.0,0.0,0.0,0.0,0.0,0.0237661151985381,0.0,0.0,0.0210652018836854,0.0,0.0024426000162124,0.0,0.0,0.0,0.0149285820291869,0.0,0.0,0.0,0.0,0.0,0.0154801985472995,0.0,0.0,0.0,0.0,0.0,0.0,0.0,0.0,0.0,0.0,0.0,0.0,0.0,0.0,0.0,0.0,0.0,0.0,0.0,0.0134673926246179,0.0,0.0,0.0,0.0,0.0,0.0,0.0,0.0088023902052484,0.0,0.0,0.005009383097903,0.0,0.0,0.0,0.0,0.0,0.0,0.0,0.0,0.0,0.0,0.0,0.0006360769008556,0.0,0.0,0.0,0.0,0.0,0.0,0.0461906927509153,0.0,0.0,0.0,0.0,0.0,0.0,0.0,0.0,0.0,0.0,0.0,0.0,0.0,0.0,0.0,0.0,0.0,0.0,0.0,0.0,0.500187570700875,0.0,0.0,0.0,0.0,0.0,0.0,0.0,0.0,0.0,0.0,0.0,0.0016649932707978,0.0,0.0,0.0048665162012384,0.0,0.0,0.0,0.0,0.0,0.0,0.0,0.671339824677182,0.0,0.175819204054259,0.0,0.0,0.0,0.0,0.0,0.0,0.0,0.0,0.0,0.0039800170147409,0.0,0.0,0.0,0.0007081383954439,0.0063414379527329,0.0,0.0,0.304194120349912,0.104437314375761,0.0,0.0,0.0,0.0,0.0,0.0,0.0,0.017130738598108,0.0,0.0,0.0,0.0,0.0,0.0,0.0300098743256256,0.0,0.0,0.0158374792551805,0.0,0.0,0.0,0.0,0.0,0.0,0.0,0.0,0.0,0.0,0.0,0.0,0.0,0.0,0.0,0.0,0.0,0.0,0.0,0.0,0.0,0.0,0.0,0.0,0.0,0.0,0.0031163306955654,0.0,0.0,0.0,0.0,0.0,0.0,0.0,0.0,0.0,0.0,0.0,0.0,0.0,0.0,0.0,0.0,0.0,0.0,0.0,0.0096549940316157,0.0,0.0,0.0,0.0,0.0,0.0,0.0,0.0,0.0,0.0,0.0,0.0,0.0,0.0,0.0,0.0,0.0,0.0,0.0,0.0,0.0,0.0,0.0,0.0,0.0,0.0,0.0,0.0,0.0,0.0,0.0,0.0,0.0,0.0,0.0,0.0,0.0,0.0,0.0,0.0,0.0,0.0,0.0,0.0,0.0,0.0,0.0,0.0,0.0,0.0,0.0043127690028859,0.0,0.0,0.0,0.0,0.0,0.0,0.0008235514636062,0.0,0.0035113192226969,0.0,0.0,0.0,0.0,0.0,0.0,0.0,0.0,0.0,0.0,0.0,0.0,0.0,0.0,0.0,0.0,0.0016592964596311,0.0,0.0,0.0,0.0,0.0,0.0,0.0,0.0,0.0,0.0,0.0807775323733988,0.0,0.0,0.0,0.0,0.0,0.0,0.0,0.0,0.0,0.0,0.0,0.0,0.0,0.0,0.0,0.0,0.0,0.0,0.0,0.0,0.0,0.0,0.0,0.0,0.0,0.0,0.0,0.0025053065079261,0.0,0.0,0.0,0.0,0.0,0.0,0.0,0.0,0.0,0.0,0.0,0.0,0.0,0.0,0.0,0.0,0.0,0.0,0.0056749745496393,0.0,0.0,0.0,0.0,0.0,0.0,0.0,0.0,0.0,0.0,0.0,5.92321443158006,0.0,0.0,0.0,0.0,0.0,0.0,0.0,0.0,0.0,0.0080640173541883,0.0,0.0,0.0,0.0,0.0,0.0,0.0,0.0,0.0,0.0,0.0,0.0,0.0,0.0,0.0,0.0,0.006450008803121,0.0,0.0,0.0014061008815729,0.0,0.0,0.0,0.0,0.0,0.0,0.0,0.0,0.0,0.0,0.0,0.0008460697195103,0.0011503115593642,0.0,0.0,0.0
PGRNd,0.0,0.0,0.0,0.0,0.0,0.0,0.0,0.0,0.0,0.0,0.0,0.0,0.0,0.0,0.0,0.452247698490637,0.0007018465814425,0.0,0.0,0.0,0.0,0.0,0.0,0.0,0.0054455919573064,0.0,0.0100935315334328,0.0,0.0,0.0,0.0,0.0,0.0,0.0,0.0,0.0221341801411217,0.0,0.0,0.0053380127970473,0.0846097220764687,0.0,0.0,0.0,0.0,0.0,0.0,0.0,0.0,0.0,0.0,0.0,0.0,0.0,0.0,0.0,0.0,0.0,0.0,0.0,0.0,0.0,0.0,0.0,0.0,0.0,0.367713334621253,0.0417025950906722,0.0,0.0,0.0,0.0,0.0023410497055607,0.0,0.0005677541145426,0.0,0.0129908408164239,0.0,0.0,0.0,0.0,0.0,0.0,0.158998343377295,0.0,0.0,0.0,0.0,0.0,0.0031783009855063,0.0,0.0,0.0006846855057084,0.0,0.0226227752305378,0.0117350207334801,0.0,0.0,0.0,0.433476497605254,0.0,1.37905765782034,0.0,0.0,0.0,0.0,0.0,0.0035140496980827,0.0142340870871486,1.63473221108395,0.0,0.0,0.0,0.0,0.0,0.0,0.251351172746107,0.0,1.14524614040018,0.014283192884489,0.648350632696899,0.0,0.0416768024987829,0.0,0.0,2.19316142006684,0.0,0.0,0.0,0.0,0.0,0.0,0.0102282244475383,0.0,0.0,0.157262863886165,0.0,0.149766797775677,0.0,2.37522232519663,1.33020777086388,0.0,0.0,0.0,0.0,0.0,0.0,0.0,0.0,0.0,0.0,0.0,0.0,0.0107811176413445,0.0,0.0,0.0,0.0,0.0,0.158784413373801,0.0034050805129871,0.0,0.0,0.297629654685046,0.0,0.0011727056425575,0.0,0.0,0.0,0.0,0.0,0.266660471818548,0.0,1.08989680453685,0.376481737493397,0.0,0.0,0.0,0.0,0.0011353598338711,0.0,0.0,0.0,0.0,0.0,0.0,0.0,0.0,0.169035981851528,0.0,0.0,0.0,0.0,0.0,0.0,0.0,0.0,0.0,0.0,0.0,0.0,0.0,0.0,0.0,0.0,0.0,0.0,0.0009223635077271,0.0,0.332572033606823,0.0,0.0,0.0,0.0,0.0030051375899123,0.0,0.0,0.0,0.0031508329939401,0.0,0.0,0.0,0.0,0.0,0.0046492766558014,0.978377561675521,0.0028463563738214,0.0,0.0023728220304144,0.0,0.0,0.0,0.0,0.0,0.0133089858876563,0.0,0.0108898612127946,0.0,0.0,0.0391913888932406,0.0,0.0,0.0,0.0,0.0,0.0563490943351839,0.0,0.0,0.0,0.242253100536709,0.0,0.0,0.121602999639571,0.0,0.0,0.0,0.0,0.0,0.0,0.0,0.0,0.181635068635555,0.0014968928000465,0.0,0.0044714702891586,0.0,0.0,0.0,0.0,0.0,0.0,0.0,0.0,0.0,0.0,0.297327614395302,0.0015401515660417,0.0,0.0043913686932772,0.0,0.0,0.0,0.0,0.0,0.0,0.0458803407916582,0.0,0.0,0.0,0.0,0.0,0.0031125540428315,0.0,0.0,0.0,0.0,0.0,0.0,0.0,0.0,0.0,0.0034211880376684,0.0,0.103827970907867,0.0669656242945137,0.0,0.0,0.0,1.71079016485746,0.0,0.0,0.0,0.0,0.0,0.0,0.0,0.0120068633451041,0.0007861105303511,1.66268927786124,0.0161021925339092,0.0,0.0,0.0081992505177897,0.0,0.0,0.0,0.0,0.704494345270458,0.431259405068241,0.0,0.0,0.245628658059002,0.0,0.0,1.44707642605619,0.0,0.0,0.0071151470463564,0.0,0.0,0.0,0.0582852628865553,0.0,0.0,0.725594919518178,0.0,0.0,3.10011810621002,1.97980499521818,0.467171427907225,0.0,0.0,0.0,0.0,0.0,0.0,0.0,0.0,0.0010033892698309,0.0,0.0,0.368178855606199,0.0105651844931621,0.0,0.0,0.0,0.0,0.0,1.13736333430007,0.0,0.0,0.0,0.295916553846287,0.0,0.0,0.0,0.0,0.0,0.0,0.0,0.0,0.0,0.0,0.0,0.0107628999563918,0.0,0.0066170276170673,0.0,0.0,0.0,0.0,0.0,0.0,0.0,0.160786905322356,0.0,0.0,0.0,0.0,0.0,0.0028627338041218,0.0013697116398909,0.0,0.0823069122421219,0.0,0.0,0.0,0.0,0.0018093565721744,0.0,0.0,0.0,0.0,0.0,0.0,0.0,0.0087356411370651,0.0,0.259209226817991
PGRNl,0.0011994637553273,0.0010983227566495,0.008594527560104,0.0121115671619845,0.0,0.0023526321937753,0.004844365150628,0.0020512146710007,0.0020298292307486,0.0111103782414787,0.0,0.0,0.0024698167510595,0.0,0.0024553825687661,0.0,0.0088691236026724,0.0012487874508605,0.0006855060398147,0.0006941546218942,0.0,0.0,0.0005952974842942,0.0021530393915661,0.0143678603622812,0.0007910143576652,0.0036983787717995,0.0043290406378526,0.057305298349989,0.0,0.0,0.0009304452530411,0.0029644035163029,0.0064136697486229,0.0136681030256758,0.0055161005691644,0.0112069528835854,0.0123899323810365,0.0281115853862546,0.0074349746013762,0.0234411900356146,0.0078400411022631,0.0006322315290967,0.0013129855301523,0.0176144119552324,0.0047703596619127,0.0102886346002234,0.0168552392901402,0.0,0.0,0.0396450932843222,0.0,0.0,0.0,0.0033530184918766,0.0058995469595127,1.370591112312,0.0047734851577607,0.0,0.0012871298900267,0.0016221430443221,0.0049656029469192,0.0005818498742805,0.0013754141942566,0.012562507435261,0.0007253423900597,0.0069308571256411,0.319227772745512,0.0034783683722058,0.0078777602821163,0.0,0.0,0.0,0.0,0.0460157347916088,0.0,0.0052186600457886,0.202795221695129,0.0,0.0073524847028123,0.000556211922626,0.0028514532219063,0.315432481635035,0.0083594338245731,0.0,0.0,0.0050315317297515,0.0030055836210378,0.0,0.0021329648936739,0.0011852535006136,0.0052212968024916,0.0065539426584217,0.0051794807723396,0.0017269304270764,0.0006726669000592,0.0019375447842919,0.0012854397070982,0.296851778346585,0.0016406102215782,0.0444482408345049,0.0187654844471723,0.0019612948928196,0.0131110856162493,0.001129884818161,0.0058546255479626,0.0037526794515429,0.0146309052579315,0.0026233604051155,0.0,0.001403987150923,0.0,0.0165386103512849,0.0010801145789466,0.0031152751419937,0.43559512710216,0.0036399040574223,0.0,0.041121254435302,0.0384521337298917,0.0022336291111183,0.0,0.0279792313387102,0.0132582913049132,0.0,1.39086752626764,0.0208002548007556,0.016838825819474,0.0011388831367605,0.0006987653548369,0.0,0.0,0.0083759624689106,0.0,0.118989116918141,0.0014269621131592,0.0171754860959754,0.630946180732151,0.262303189921801,0.0109463238267123,0.0,0.0,0.0009897348300948,0.0035855798428586,0.0037841037509127,0.0023485167458747,0.0006062904146098,0.0020475801526209,0.002399204003246,0.0044277294919551,0.0019264878520135,0.0863500982184394,0.0096897600903443,0.0022840475598606,0.0036977196453928,0.0162306137046066,0.0015441808555474,0.000624512914247,0.122090925337291,0.0165088309927707,0.0016987898576748,0.0181103242435694,0.0,0.0,0.0006176169131277,0.0066995337585887,0.0438191519422737,0.0050392262930857,0.0011825137994228,0.0068287159689316,0.0555227424681288,0.0,0.0,0.0,0.0029158422238238,0.0008434868261592,0.0118796709961062,0.0057325671665712,0.0,0.0018763546757608,0.01644953770512,0.0008677262278866,0.0053687092805439,0.0350652569829373,0.0019627289415211,0.0021275615598818,0.0028825349594559,0.025591580819134,0.0018469497912426,0.0063565179249773,0.0256735456093465,0.0,0.0,0.0210164144708131,0.128571267002782,0.0017920049184165,0.0,0.0,0.0005665526877633,0.0046326681533438,0.0019110921477362,0.0,0.0166205795989335,0.0013357992586195,0.0,0.0,0.0037545689017016,0.0083385666636065,0.0,0.0020443245162694,0.0011657703435378,0.0016543079580442,0.0025027019872323,0.0,0.0072396287411122,0.0011411995774374,0.000871689044013,0.0,0.0137418802913773,0.0,0.0,0.0052568134909691,0.0,0.0,0.0,0.0048611755389705,0.0,0.0,0.0,0.0,0.0,0.0016292792309059,0.0026069691381781,0.0084205022050654,0.0007282309892822,0.0047391213598849,0.0034283775785365,0.0283871170992462,0.0067092903882923,0.0,0.0005414949536437,0.0028388747566731,0.0072323323919974,0.0077702231849109,0.0100420066403299,0.0028877434699021,0.0,0.0363663829258257,0.0293812162364033,0.0697506628492603,0.0046830914918947,0.0,0.0,0.0059162260959687,0.0016158416405968,0.0051312669950141,0.0092312787081368,0.0,0.0,0.0114592712072402,0.0,0.0,0.0,0.0021352205021852,0.0011846627274419,0.384861819425267,0.0008553233521409,0.0,0.0014887411801027,0.008784125190564,0.0264228021828427,0.0,0.0008252912698361,0.0,0.0,0.0020367257000853,0.0335976127244029,0.0,0.0005828222298085,0.00632070958006,0.0006944476470055,0.0,0.0029816012225203,0.02417823948724,0.0165379435868505,0.0038901749233701,0.010323691970088,0.0,0.0054493933137984,0.0005571913616533,0.0006471414651778,0.104489844905398,0.0072166755007369,0.0009496568375478,0.0,0.0143606603960306,0.0033416471447144,0.0093764428845847,0.0039549568465776,0.0007355807186915,0.0026553536630783,0.0079700845992582,0.0026352543970604,0.0037956297174453,0.0006355535056194,0.0027562709439708,0.0006110956138656,0.283476267272378,0.0015509381020222,0.0017035604469502,0.0191331802446929,0.0008273531130427,0.0281924585289868,0.0020477002820007,0.0037968730521871,0.0021909117337557,0.0187778685924078,0.0370405767648529,0.0,0.0015483281867832,0.0006493942710103,0.0108750540750306,0.0006590612756848,0.0049299628276868,0.420598293443058,0.0031396717362354,0.0111162850064312,0.0230580838171896,0.0088404015827093,0.0,0.00491824449234,0.0113454810372207,0.0,0.0089705158319927,0.0746164384897531,0.0264306243945651,0.0072392898388917,0.0,0.0,0.0031507270368198,0.0140312079087856,0.0263051630549982,0.0007389651431233,0.0669202011667602,0.0044602672201996,0.0054018198403054,0.284199279365625,0.194770445035123,0.0,0.0,0.0,0.0,0.0019670545883408,0.0035972070368453,0.0008045508988875,0.0,0.0,0.0025067708620511,0.0050643506306816,0.0017352055746963,0.0376011687258053,0.0038619576452656,0.0024409863208698,0.0114579409589558,0.0132589823320412,0.0051946231695564,0.0,0.444360918138563,0.0231060238537069,0.0039915433090904,0.0060414292025021,0.0,0.0006280274251041,0.0,0.0048031526085638,0.0457968938024858,0.0084126236703831,0.0056352380403334,0.0082192641108838,0.0118904016478329,0.012854392965269,0.0185346570650272,0.0029974462608609,0.0,0.0,0.0,0.0,0.0,0.0,0.0036927478047479,0.0005373948960369,0.0045389621695389,0.0,0.0015037004655722,0.0005538131409862,0.0053205007729043,0.0147005160967396,0.0037899253163141,0.0093749254016679,0.0117103894541198,0.0,0.0,0.0249966166186655,0.0,0.0006542075681647,0.0,0.0,0.0,0.0033363757744683,0.0,0.0,0.0069962134683861,0.0016096790309714,0.0011111784057451,0.0,0.004171318091452,0.0024106524894716,0.0
PH,0.0,0.0,0.0,0.0202039721973912,0.0012598526264038,0.14741726557444,0.0,0.0,0.0,0.0,0.0,0.0,0.0,0.0,0.019013829620944,0.0,0.0171356100786779,0.0,0.0,0.0,0.0,0.0122088596652404,0.0,0.0992566467961078,0.0,0.0028280750558547,0.0021558564429339,0.0095261400624519,0.0,0.0,0.0,0.0,0.0,0.0,0.0,0.0,0.0,0.0,0.0,0.0,0.0,0.0351840713919649,0.0,0.0,0.0,0.0,0.0,0.0,0.0,0.0,0.0,0.0,0.0,0.0,0.0,0.0028131287730179,0.0,0.0,0.0,0.0,0.0,0.0,0.0,0.0,0.0,0.0,0.0,0.0,0.0,0.0,0.0,0.0006310209585991,0.002640336658777,0.0,0.0268142459937278,0.0051809127500553,0.014907938890762,0.0,0.0,0.0840689083190362,0.100220021991059,0.0030610386415712,0.0,0.0125730762596962,0.0,0.0,0.0189843597335721,0.0,0.0,0.0,0.0,0.0,0.0,0.0,0.0,0.0661955796465359,0.0285740109130498,0.0019619440907104,0.0,0.0343269528189455,0.0,0.0746173636165338,0.0,0.0,0.0007905891122338,0.0,0.0,0.027613620570783,0.0026168266865822,0.0,0.0,0.0,0.0,0.0317006774111752,0.0,0.279926612655762,0.0,0.0,0.0,0.0103239191994302,0.0,0.0,0.0,0.0,0.0,0.0,1.30540884714176,0.0,0.0,0.0353348711638934,0.0,0.0,0.0,0.0,0.0,0.0,0.0,0.0,0.0,0.0,0.0,0.0159565410798794,0.0,0.022670494415052,0.0,0.0,0.0045817263729453,0.0,0.0,0.0801740988776232,0.0,0.013644095750987,0.0,0.0,0.0,0.0,0.0,0.0309932816244117,0.0,0.0,0.0027307814949732,0.0653586363839324,0.0010661456174329,0.0146718770860461,0.0010112476875631,0.0097881575683389,0.0,0.0,0.0075193160468129,0.0,0.0,0.0,0.0,0.0,0.0,0.0,0.0,0.0,0.0,0.0,0.0,0.0013932035079473,0.0809551372378107,0.0,0.0,0.0,0.0,0.0,0.0044238940575558,0.024244561473321,0.0461740459930216,0.0,0.0,0.0,0.0,0.0,0.0,0.0,0.0,0.0,0.0,0.0,0.0,0.0,0.0094142776235294,0.0,0.0162363374427777,0.0324872157269252,0.0,0.0,0.0,0.0,0.0,0.004332320503344,0.0161621373141293,0.0,0.0,0.0,0.0,0.0,0.0,0.0,0.0,0.0,0.0,0.0042749772981146,0.0,0.0,0.0,0.0,0.0,0.0,0.0143205146170807,0.0,0.0,0.0016706010704992,0.0011464679493105,0.0,0.0,0.0,0.0,0.0,0.0,0.0,0.0,0.0,0.0,0.0,0.0,0.0,0.0069694893343341,0.0,0.0,0.0,0.0,0.0,0.0,0.0,0.0,0.0,0.0,0.0,0.0,0.0,0.0,0.0,0.0,0.0,0.0,0.0,0.0,0.0,0.0,0.0,0.0,0.0,0.0,0.0,0.0,0.0006605281295858,0.0,0.0,0.0,0.044054205238823,0.0064166929295895,0.0095586184344897,0.0,0.0,0.013737354714641,0.0105237300459945,0.0,0.0,0.0,0.0,0.0,0.0,0.0,0.0,0.0,0.0,0.0,0.0,0.0,0.0,0.0042775507266296,0.0056328001715628,0.0,0.0173416879702183,0.0045449653255559,0.0,0.0192136288487938,0.0,0.0,0.0,0.0,0.0,0.0142706647132252,0.0,0.0,0.0,0.0,0.0,0.0,0.0,0.0834751295596275,0.0,0.0,0.0,0.0,0.0,0.0,0.0,0.0,0.0,0.0,0.214304297003386,0.0,0.0,0.0,0.0005866063803463,0.0,0.0,0.0,0.0,0.0,0.0,0.0,0.0,0.0,0.0,0.0052610426265995,0.0,0.0034072137488507,0.0,0.0010596923686582,0.0,0.0,0.0051404166119226,0.0791858575618082,0.0040678234620498,0.0,0.0011033162252782,0.0,0.0,0.0,0.0,0.002272612604179,0.0,0.0,0.0030220591512455,0.0,0.0,0.0166114829956831,0.0045463860467484,0.0186326653218032,0.0,0.0,0.0033455128995422,0.0,0.0,0.0,0.0,0.0,0.0,0.0,0.0,0.0,0.0,0.0,0.0,0.0,0.0083695440142269,0.0,0.0,0.0,0.0,0.0007687583628679,0.0007287717915691,0.0,0.015254144294172,0.0,0.0,0.0,0.0,0.0,0.0,0.0,0.0,0.0,0.0,0.0,0.0017353331556532,0.004704550974699,0.0,0.0,0.0025085812784681,0.014915246413252,0.0
PIR,0.476793280213,0.0,0.0090045546107918,1.29262335557826,0.0,0.0008166796039012,0.791615289044389,2.40779463591329,1.98882958346042,0.0,0.0,0.0008104271851676,0.0007232512268768,0.105671917328425,3.41682207626053,0.0,0.0,0.0,0.0,0.0,0.0,0.40484350672696,0.492095450020182,0.0091878352548674,0.0,0.0,0.0,0.144786262004675,0.0,0.0,0.200010705127572,0.0,0.0006144252736296,0.66347187962545,0.503412823543563,0.540887322883921,0.0,0.0,0.0,0.0,0.0,0.0,0.0,0.244993321499579,0.0,0.269768926406804,1.93443073550068,0.0178684386342782,2.18919934086986,1.03158382105617,0.0,0.0,0.0038967680906139,0.31992811594287,0.0,0.0,0.0,0.185267659893552,0.0527759570416409,0.0,0.0,0.0,0.130850552810555,0.0,0.0,0.0,0.0,0.0,0.0555600000977905,0.0,0.0,0.0,0.0,0.0116806513315865,0.065172742041183,0.0,0.0021512416901283,0.0,0.0,0.0046400639103396,0.0,0.153119123792928,0.0,0.0561048647583118,0.0,0.0,0.31421967532453,0.0,0.0,0.0,0.0011505781430385,0.0,2.81303116072155,0.0086973644360587,0.0,0.0,0.0009354572423755,0.0,0.0,0.0013278313329631,0.0,0.0938691539917918,0.0,0.0,0.322976675700777,0.0,0.0,0.0,0.0,0.563750940261711,0.225906451013404,0.244714512533365,3.34300387203627,0.0268186101116669,1.11184157689417,0.0,0.0,0.0,0.0,0.0,0.44115392464028,0.0,0.0007573150300783,0.0,0.0,0.0,0.0,18.3550447579996,0.0158500074282645,0.0,0.0,0.0,0.0,0.0,0.0,0.0,0.0007764944139516,0.0,0.0,0.0,0.0,0.0024645734967499,0.0,0.0,0.0,0.0,0.0,0.0,0.0,0.0,0.0,0.0,0.0,0.0,0.0,0.0,0.0030243767790388,0.0,0.0,0.0,0.0,0.870417483091165,0.0,0.0,0.0,0.0,0.0,0.0,0.0,0.0,0.0,0.0,0.0,0.0,0.0,0.0,0.0075084479126928,0.0,0.0,0.0,0.0192905990677944,0.0,0.0009826658261655,0.0,0.0,0.0032487749045608,0.306535433270231,0.0,0.0,0.919058464684132,0.0,0.0,0.0,0.0,0.0,0.223434375076391,0.0,0.0,0.0,0.0,0.0,0.0,0.0,0.0,0.0,0.0,0.0,0.0005945196281835,0.0,0.0,0.0,0.003926686210915,0.0,0.0,0.0,0.0,0.0,0.0,0.0,0.0,0.0,0.0,0.0,0.0125132767186591,0.0,0.0,0.0,0.0,0.0,0.0,0.0,0.0024070109992398,0.0081958117828676,0.0,0.0,0.0,0.0,0.0,0.0,0.0,0.0,0.0,0.0031263157017169,0.0029312227453686,0.0012134558953447,0.0,0.0,0.0,0.0,0.0045310469430934,0.0,0.0,0.0089415369497937,0.0,0.0,0.0373703887739307,0.0,0.0117962694724534,0.0268245701862536,0.0,0.0,0.0,0.0066963141220496,0.0,0.0,0.0,0.0,0.0017934665935935,0.0,0.0,0.0,0.0031772666929573,0.0,0.0,0.0,0.0,0.0,0.0,0.0,0.0,0.0,0.0,0.0,0.0,0.0,0.0,0.0,0.0,0.0034977293473338,0.0,0.0,0.0,0.0,0.0,0.0,0.0,0.0,0.0,0.0,0.0,0.0,0.0180226700681134,0.0,0.0,0.0,0.0,0.0,0.0,0.000570997922985,0.0,0.0038952246093059,0.0,0.0,0.0007961595681768,0.0,0.0,0.0,0.0,0.0005536359826537,0.0067619561535001,0.0,0.0007364682779033,0.0,0.0084193114083785,0.0,0.0,0.0,0.0,0.0,0.0020894368091027,0.0,0.0010914812172755,0.0,0.0,0.0,0.0,0.178129012922233,0.0,0.0,0.0,0.0,0.0007853906745839,0.0,0.0,0.0,0.0,0.0,0.0,0.0,0.0,0.0,0.0,0.0,0.0,0.0,0.0,0.0,0.0,0.0,0.0,0.0,0.0,0.0,0.0,0.0,0.0,0.0,0.0,0.0,0.0,0.0,0.0,0.0,0.0,0.0,0.0,0.0,0.0,0.0,0.0,0.0,0.0,0.0,0.0,0.0,0.0,0.0,0.0,0.0,0.0007159785355991,0.0,0.0,0.0,0.0,0.0,0.0013199136065214,0.0,0.0,0.0171862121130415,0.0,0.0,0.0,0.0,0.0,0.0,0.0,0.0,0.0,0.0,0.0,0.0,0.0,0.0,0.0,0.0,0.0,0.0,0.0
PL,0.0396858471775169,0.0,0.0,1.08121298545182,0.0015408599396398,0.0,0.516796046687993,0.118841261403118,0.363892663213984,0.0010116738746896,0.169759351774934,0.205838233309172,0.0,0.0087877011232729,0.498146207304354,0.0,0.0,0.0140305687616257,0.0057350040732816,0.0070806486888348,0.0437000985607996,0.104817649312958,0.0848566886388007,0.323574852028384,0.0,0.0,0.0,0.149952280843907,0.0027373396886455,0.0716285345200676,0.452335075475056,0.0369097897867404,0.103995693834602,0.0076790850743443,0.0155285133670894,3.65818085994563,0.165604133098644,0.0,0.0365713771627384,0.0,0.0,0.0,0.0,0.0,0.0893523023538338,0.0544036342788015,0.0938037730456462,0.0,0.2001936005897,0.0,0.0,0.0,0.106339391636608,0.0242392054300637,0.0674232362823833,0.012757942819682,0.0092247374461139,0.069520748475928,0.0072370233571925,0.0,0.0,0.0,0.60371588614234,0.279914083618749,0.0104227568613852,0.0,0.0385406149126743,0.0185233443381463,0.0055794451360827,0.0,0.0,0.0,0.0,0.0720529408144627,0.180164468932819,0.0,0.0129096102926289,0.0017313922261841,0.002511272923523,0.0,0.0,0.0178189708682488,0.0368242914593464,1.34255914652221,0.0238991228041516,0.0023967929712653,0.0,0.0,0.0,0.0011511114829766,0.0,0.0,0.0281853558140242,0.0740415065867525,0.0,0.0,0.0,0.0,1.07239959014885,0.0,0.0067211895483152,0.0,0.0160354473873397,0.0006430669643983,0.0098505662859318,0.0019204311510204,0.0,0.0,0.0574388592851175,0.669121943402298,1.51654830952489,0.581329170741291,0.119179831028786,0.0013102320251689,0.0,0.349452491909526,0.0,0.0403401232922303,0.105660867842776,0.06027381772388,0.0,0.0439579669129539,0.0015150747585014,0.0388754131302743,0.0,0.0190474009357878,0.0,0.110206935774473,3.51227837749665,0.0,0.0141349146648377,0.0020980797423386,0.0009460240639552,0.0,0.178011954442651,0.0,0.0,0.0479590944782747,0.137130991148266,0.0011915425227086,0.0,0.180603439408808,0.0,0.0,0.676651786988741,0.0,0.0,0.0,0.0,0.192384294353557,0.0673466713535871,0.0423487518922238,0.0485690882086795,0.0,0.0,0.0,0.403027625044034,0.0,0.0,0.0,0.0,0.641391248533151,0.0,0.302224895363162,0.030721862029373,0.142048372563856,0.0045597320328396,0.0738338126709307,0.0,0.0148988236517981,0.0034897551390157,0.0105187207647808,0.0010334300171019,0.0008942952436564,0.0929322471460865,0.0282589740137953,0.0,0.0014720180595587,0.0336559669498867,0.0333194411932518,0.0674345361526386,0.0297786032989554,0.0,0.0065173358424452,0.0,0.0506636871162986,0.0,0.06337414935655,0.0,0.0167747561051805,0.0,0.0023773997445098,0.160365619162578,0.001063597220899,0.003144299410835,0.0235695213990926,0.0,0.0,0.0,0.0,0.0,0.0,0.287612783293001,0.0,0.0,0.0048081257754345,0.0276267146705809,0.107885206249851,0.0,0.0,0.106106134719683,0.0246135562830327,0.278959445970684,0.0,0.0,0.64422820101722,0.193175624648126,0.316566314473759,0.0,0.0,0.0,0.0,0.0013592261178606,0.209955116070688,0.0,0.0,0.004077014482777,0.002267996421338,0.0105614786429221,0.0,0.0,0.0,0.0,0.0,0.0,0.002131814242685,0.0010077783300131,0.0018042759161198,0.0024444900119854,0.448185946956506,0.0188892390132411,0.0583450827488454,0.0005505551976707,0.0,1.48087518145615,0.0876394857888232,0.0,0.0200903449889583,0.0018654520137959,0.0333159715214951,0.0,0.0,0.0262959176334565,0.0234583409927365,0.0920152451991522,0.147838376483188,0.0039140579336909,0.071967613942953,0.0,0.0,0.0,0.0160293009704241,0.0,0.0,0.0,0.0129940094235433,0.100043584589856,0.0,0.0,0.0,0.0,0.203030906041475,0.158934328996312,0.0020864617642994,0.0,0.006873895549972,0.0141255589115252,0.0,0.0,0.0,0.0,0.0,0.0088367760814983,0.0,0.0,0.0,0.0,0.0008401076695847,0.0,0.0,0.0,0.0182149941133263,0.585215836470245,0.0318126180698577,0.009941062183112,0.0,0.0015500342701423,0.0,0.0020417854023299,0.0,0.0,0.0,0.0047269503514918,0.033671681143467,0.0,0.0,0.0,0.130248805631236,0.0,0.0100785936907522,0.0,0.0203445092682108,0.0,0.0037360697388154,0.0008012770333082,0.0,0.0,0.071182494616895,0.660757989132738,0.290930430756677,0.307386220487,0.0347657794040087,0.0,0.0,0.303698471565481,0.001548212578646,0.0277300230687797,0.0481202602952885,0.0580934901618865,0.0202873802981756,0.0438916805721611,0.0,0.0,0.0,0.0084833153866101,0.0,0.0706580111099038,0.977147190493984,0.0,0.0,0.0,0.0024358177928189,0.0,0.050941597294888,0.0020315665838436,0.0,0.0530279817747889,0.0264509177413465,0.0,0.0,0.0906032709585134,0.0055848391585721,0.0,0.140601808283656,0.0,0.0,0.0,0.0,0.0,0.0321725617180562,0.0079145952456858,0.007189297046596,0.0008428188490354,0.0,0.0,0.0,0.0,0.0,0.0,0.0,0.0050176072707448,0.0,0.0713607659891262,0.0046900089859136,0.009297683976587,0.0050441884479285,0.0299989433163264,0.0,0.0,0.0037097638730334,0.0126919001777684,0.0029446221857237,0.0,0.0068008715137657,0.0028519058286971,0.0,0.0,0.0053658171416031,0.0011489400096084,0.0189928850694815,0.0,0.0,0.0,0.0,0.0610443948847281,0.0,0.0229171682699748,0.0,0.0394525535411768,0.0,0.0,0.0008886090558097,0.0034044346580049,0.0052421099705157,0.0501506519680756,0.0008470956917243,0.0009775915020353,0.0,0.0,0.0,0.0,0.0,0.0,0.0,0.0,0.0137260619312447,0.0093862143703761,0.0016709345246546
PMd,0.0,0.0,0.0108593322440701,0.0317571419819765,0.0,0.0,0.0,0.0,0.0118804751747427,0.0,0.0,0.0,0.0,0.0,0.004264498108226,0.0,0.0,0.0,0.0,0.0,0.0,0.0086363510673886,0.0017834641622532,0.0,0.024053937724761,0.0011574385077527,0.0105186455911652,0.0097643326496935,0.0,0.0,0.0034505871650566,0.0,0.0,0.0032422026263462,0.0,0.0725081535381992,0.0,0.0,0.0,0.0,0.0568475858508238,0.0,0.0,0.0090249282734711,0.0,0.0,0.0,0.0,0.0108769266250159,0.0011499973495382,0.0,0.0,0.0,0.0,0.0114755140512721,0.0,0.0,0.0317922405098658,0.0,0.0,0.0,0.0,0.0119202144752499,0.0,0.0,0.0,0.0,0.0,0.0,0.0,0.0,0.0,0.0,0.0,0.0,0.0,0.0,0.0,0.0,0.0,0.0,0.0,0.0,0.0,0.0,0.0,0.0634775682129525,0.0,0.0,0.0,0.0,0.0,0.0,0.0,0.0,0.0,0.0,0.0,0.0,0.0,0.000571024261829,0.0,0.0,0.0,0.0114077946527233,0.0,0.0,0.0,0.0007008602917484,0.0,0.0132310462191048,0.001241905582251,0.0,0.0842794830315006,0.0,0.0,0.0,0.0,0.0,0.0,0.0,0.0,0.0,0.0,0.0,0.0,0.0,0.0,0.0048987089647908,0.0147931942960348,0.0,0.0,0.0,0.0,0.0,0.0,0.0,0.0,0.0,0.0,0.0,0.0,0.0,0.0,0.0,0.0,0.0,0.0,0.0,0.0,0.0,0.0,0.0,0.0,0.0,0.0,0.0,0.0,0.0,0.0,0.0,0.0,0.0,0.0,0.0012290453133705,0.0476788381609709,0.0,0.0,0.0,0.0,0.0,0.0,0.0,0.0,0.0,0.0,0.0,0.0,0.0,0.0,0.0,0.0,0.0,0.0,0.0,0.0,0.0,0.0,0.0110492407534018,0.0,0.0,0.0,0.0,0.0,0.0,0.0,0.0,0.0,0.0,0.0,0.0,0.0,0.0,0.0,0.0,0.0,0.0,0.0,0.0,0.0,0.0,0.0,0.008228365653271,0.0022337070802958,0.0,0.0,0.0,0.0,0.0,0.0,0.0009007315301435,0.0,0.0,0.0035637390801947,0.0,0.0016558761078844,0.0,0.0,0.0,0.0020294889457312,0.0012165575585631,0.0021805007156747,0.0064725320847302,0.0075637488987239,0.0012212324742225,0.0049046113979032,0.0024421570271811,0.0,0.0,0.0,0.0,0.0,0.0,0.0,0.0,0.0,0.0,0.0,0.0,0.0,0.0,0.0,0.0,0.0,0.0,0.0,0.0,0.0,0.0,0.0,0.0,0.0,0.0,0.0007600697555927,0.0,0.0,0.0,0.0,0.0,0.0,0.0,0.0,0.0,0.0,0.0,0.0,0.0,0.0020738268576694,0.0,0.0010708621892827,0.0,0.0,0.0,0.0,0.0,0.0,0.0,0.0,0.0,0.0,0.0,0.0,0.0,0.0,0.0,0.0,0.0,0.0,0.0,0.0,0.0,0.0,0.0,0.0,0.0,0.0,0.0,0.0,0.0,0.0,0.0346482313861207,0.0,0.0,0.0,0.0,0.0,0.0,0.0,0.0,0.0,0.0,0.0,0.0246213600363346,0.0,0.0,0.0,0.0,0.0,0.0,0.0,0.0,0.0,0.0,0.0,0.0,0.0,0.0,0.0014357240086557,0.0,0.0,0.0,0.0,0.0,0.0,0.0,0.0,0.0,0.0,0.0,0.0,0.0,0.0,0.0,0.0,0.0,0.0,0.0,0.0,0.0,0.0,0.0,0.0,0.0,0.0,0.0,0.0026023289552055,0.0,0.0,0.0,0.0,0.0055632133313097,0.0,0.0,0.000694240076102,0.0120474666776696,0.0,0.0,0.0,0.0,0.0,0.0,0.0,0.0,0.0,0.0,0.0,0.0,0.0,0.0,0.0,0.0,0.0,0.0,0.0,0.0,0.0,0.0006166249935188,0.0,0.0,0.0028954064641519,0.0,0.0007400811669572,0.0,0.0,0.0,0.0,0.0,0.0,0.0,0.0,0.0,0.0024277117095212,0.0032806806770772,0.0,0.0,0.0,0.0,0.0
PO,0.0017241821545279,0.000557024384646,0.0035475803586496,0.007245135665013,0.0,0.0,0.0427552835283249,0.0135676726040782,0.0236969324152018,0.0,0.0,0.0,0.0040522799058249,0.0,0.0041255391742732,0.0253959096910076,0.0,0.0085077418910448,0.0,0.0088539116197618,0.0,0.0048781139527654,0.0007460496814169,0.0028287099464081,0.0110324393462918,0.0,0.0075391416790974,0.0147009938483473,0.0,0.014585723049725,0.0,0.0,0.0,0.0022135903047269,0.0240101123653171,2.01971257074208,0.0024706158633183,0.0027184990092153,0.0,0.0,0.0,0.0,0.0,0.0,0.0,0.0257199957239399,0.010412916378378,0.0029489819808669,0.0007703550377232,0.0,0.0,0.0,0.003148519377752,0.0008009558680797,0.0831708915868729,0.00204666553318,0.0,0.084234723286711,0.0,0.0,0.0,0.0,0.0,0.0,0.0,0.0,0.0053696673251008,0.0,0.0057783924820204,0.0,0.0179160334282244,0.0025288198940578,0.0015654543841117,0.0013054401397956,0.0057419500076336,0.0860541991571278,0.0,0.0,0.0013737861651316,0.0,0.0,0.0012995123092699,0.0,0.0039745690049103,0.0,0.0,0.0048305357369302,0.0042810633028234,0.000977378275468,0.0038669159677855,0.0005864318705608,0.0084594643469633,0.0802048190905017,2.82155948781071,0.418388624401764,0.0,0.0010376233570719,0.0,0.031716429730868,0.0,0.0,0.0078604136112723,0.0,0.0,0.0016477187846895,0.0005427091290611,0.0,0.0028242174282029,0.0,0.0027404893822623,0.0012141832592897,0.0014827144313716,0.0623613876174596,0.0,0.0062308037421298,0.0088209023375922,0.0,0.0,0.0,0.0,0.0047587471892031,0.0426180500028415,0.0012366520871819,0.0061977580999538,0.0,0.0,0.0027113494200898,0.0738875150889803,0.0011606654751469,0.0,2.30448448778623,0.003872190546667,0.0041167489551139,0.0,0.0,0.0,0.0026468529335534,0.0005564287377267,0.0256942586907724,0.0,0.0,0.0,0.0330644170386685,0.0,0.0,0.0007214468462815,0.0,0.0,0.0,0.0,0.0,0.0140878820509813,0.0020535450697733,0.0497385638882973,0.0,0.0101705255151268,0.394382954707494,0.0,0.0175131592341831,0.0054508281925524,0.0,0.0166579203087275,0.0007706524546265,0.0,0.0006606957892915,0.0207264462563303,0.0,0.0009669636704663,0.0,0.002421419826917,0.0,0.0,0.0,0.0,0.210026624354051,0.206729309735602,1.42937215210504,0.43193477880606,0.373317099286103,2.64106143801952,1.57306673006517,0.0,0.0075268223799455,0.0,0.0,0.0447292704923725,0.005765682161714,0.0076970909774962,0.0081541497242187,0.0039383257377651,0.0108134639570363,0.0,0.0232935480279489,0.0,0.0,0.231553905973793,0.0010177658731349,0.0247521512596515,0.0037735713613733,0.025407642740409,0.0019820759644769,0.0122132245593882,0.0044664518467986,0.0015042384259265,0.27359994764429,0.601271965886704,0.0082863438514375,0.0026263393320805,0.0,0.0027237151024002,0.0023623935512582,0.0231657075194717,0.0091310528823432,0.0026564949998237,0.0,0.0083428496250177,0.00318001855233,0.0077684234675772,0.0,0.0,0.0,0.0029312647092762,0.0,0.0053073786744638,0.0,0.0026291534150558,0.0005712538034642,0.0,0.0017686973591833,0.0,0.0,0.0017564327226186,0.004067329373031,0.0057973222081367,0.0034192828463607,0.0345028137892306,0.0031389638638586,0.0,0.0,0.001895969528643,0.0,0.0,0.0280657102480761,0.0297425116752033,0.086372379516083,0.0012702092472752,0.0017580383927564,0.0,0.0007901850720833,0.0081055184124896,0.0,0.0,0.0012873997188939,0.0,0.0065136137804735,0.0054345495666861,0.0032252500948997,0.0072938937398229,0.0010590381953066,0.0,0.0,0.0007587052634414,0.0,0.0010325430712957,0.0,0.0,0.0051052047048296,0.0,0.0,0.0,0.0,0.0005530897617073,0.0,0.0,0.0,0.0035027537496077,0.0,0.0008820895034011,0.0,0.0009235631471961,0.0007173048668821,0.0,0.0,0.0016765163580439,0.0005480270037546,0.0,0.0,0.0,0.0,0.0006269380799442,0.0013065137980096,0.0,0.0,0.0,0.0,0.0124417961625838,0.0033050247740922,0.0,0.002762917336053,0.0019370046012176,0.0058107276437366,0.0793784224766319,0.0049396087518848,0.0031349540808711,0.0,0.0008421245255642,0.0,0.0,0.0,0.0,0.0292355767375512,0.0,0.0020186518581631,0.0054437773522602,0.0,0.0,0.0,0.0,0.0025677548787713,0.0036319187137756,0.0043348553380506,0.0472923893619942,0.0015725805761986,0.0344188758161286,0.0119117319649827,0.0033387282230202,0.0,0.0,0.0,0.0,0.0,0.0009218553474698,0.0039520660011109,0.0,0.0,0.0005430700653776,0.0526444292346257,0.0024601502405903,0.0,0.0,0.0,0.021212174624743,0.0,0.0,0.004576771501957,0.0012524156841614,0.0,0.0046249877716783,0.0,0.0029437974907544,0.0,0.0,0.0,0.0,0.0,0.0,0.0,0.0,0.0,0.0,0.0,0.0,0.0023872031714294,0.0119987299643661,0.0090251074282272,0.0011530727772192,0.0,0.0,0.0007226506852152,0.0,0.0075746229536429,0.0,0.0,0.0,0.0067561714613314,0.0005280189349338,0.0,0.0,0.0,0.0,0.0,0.0,0.0,0.0097507494531131,0.0011272154307929,0.0244564625542694,0.0078933459553311,0.0028071313495316,0.00230446037146,0.0133576088301057,0.0,0.0017833151274624,0.0006941277684402,0.0,0.000521254582768,0.0046931021400559,0.0014739366286374,0.0031894176526457,0.0467880480034579,0.0105635105998491,0.0,0.0,0.0007307754355326,0.0,0.0007314615490394,0.0,0.0,0.0,0.0062833946770974,0.0,0.0,0.0,0.0,0.0,0.0,0.0,0.0,0.0
POL,0.0,0.0,0.0,0.0,0.0,0.0018634787533402,0.0,0.0,0.0,0.0,0.0,0.0,0.0,0.0,0.0,0.0,0.0,3.79055013256873,0.639591005060937,6.60118384595778,0.0,0.251077106135425,0.0,0.0054181320093539,0.126154177042709,0.0,0.0838226615526427,0.0,0.0,0.0,0.0998299557747115,0.0,0.0,0.0,0.0,11.5052063019143,0.0,0.0,0.0,0.0,0.0,0.0,0.0,0.0,0.0,1.57604377805653,0.0,0.0,0.0,0.0,0.0,0.0,0.0,0.0,0.0,0.0,0.0,0.0,0.0,0.0,0.0,0.0,0.0,0.0,0.0,0.0,0.0,0.0,0.764114678732643,0.0,0.0,0.0,0.0,0.0,0.0,1.63345227756823,0.0,0.0,0.0,0.0,0.0034786268014863,0.0,0.0,0.0,0.0,0.0,0.0,0.0,0.0,0.0,0.0055655829885951,0.0,0.0,0.0,0.0,0.0103959582084954,0.001028666675497,0.0,0.0,0.0,0.0,0.0,0.0,0.0,0.0,0.0,0.0,0.0,0.0,0.0029167423498689,0.0,0.0,0.0,0.000838078687897,0.0,0.0,0.0,0.0,0.0,0.0,0.0,0.0,0.0,0.0,0.0,0.0,0.0,0.0,0.0,0.0,0.0,1.76156000989862,0.0,0.0158214466288759,0.0,0.0,0.0,0.0,0.0,0.0,0.0,0.0,0.0,0.001955369387452,0.0,0.0,0.0,0.0,0.0,0.0,0.0,0.0,0.0,0.0,0.0,0.0,1.9889956192494,0.0,0.0,0.0,0.0,0.0,0.0,0.0,0.0,0.0,0.0,0.0,0.0,0.0,0.0,0.0,0.0,0.0,0.17766041146707,0.0,0.0,0.0,0.0,0.358260218285383,6.76514726905015,0.0,0.0,0.0,0.0,11.7215605120992,0.0,0.0,0.0,0.0,0.0,0.0,0.0,0.0,0.0,0.0,0.0851135963036742,0.0,0.0,0.0,0.0,0.0,0.0,0.0,0.0,0.591643837236911,0.0,0.0,0.0,0.0,0.0,0.0,0.0,0.0,0.0005334440110779,0.0,0.0,0.0,0.0,0.0,0.0,0.0,0.0,0.0,0.0,0.0,0.0,0.0,0.0,0.0,0.0,0.0,0.0,0.0,0.0,0.0,0.0,0.0,0.0,0.0,0.0,0.0,0.0,0.0,0.0,0.0,0.0,0.0084519299243841,0.0,0.0,0.0,0.0,0.0,0.0,0.0,0.0,0.0,0.0,0.0,0.0,0.0,0.0,0.0,0.0,0.0,0.0,0.0,0.0,0.0,0.0,0.0,0.0,0.0,0.0,0.0,0.0,0.0,0.0,0.0,0.0,0.0053513347154054,0.0,0.0,0.0,0.0,0.0,0.0,0.0,0.0,0.0,0.0,0.0,0.0,0.0,0.0,0.0,0.0,0.0,0.0,0.0018282108063552,0.0,0.0,0.0,0.0,0.001621715717764,0.0005241124842312,0.0,0.0,0.0,0.0,0.0,0.0,0.0,0.0,0.0,0.0,0.0,0.0,0.0,0.0,0.0,0.0,0.0,0.0,0.0,0.0,0.0,0.0,0.0,0.0,0.0,0.0,0.0,0.0,0.0,0.0,0.0,0.0,0.0,0.0,0.0,0.0,0.0,0.0,0.0,0.0,0.0,0.0,0.0,0.0,0.0,0.0,0.0,0.0,0.0010366054257249,0.0,0.0,0.0,0.0,0.0,0.0,0.0,0.0,0.0,0.0,0.0,0.0,0.0,0.0,0.0,0.0,0.0007960245496279,0.0,0.0,0.0,0.0,0.0,0.0,0.0,0.0,0.0,0.0,0.0,0.0,0.0,0.0,0.0,0.0,0.0,0.0,0.0,0.0,0.0,0.0,0.0,0.0,0.0,0.0,0.0,0.0,0.0,0.0,0.0,0.0,0.0,0.0,0.0,0.0,0.0,0.0,0.0,0.0,0.0,0.0,0.0,0.0,0.0,0.0
POST,0.0,0.0,100.110882909962,0.0,11.8800408601178,9.58951280149561,0.0,0.105678824659066,0.0,0.0,8.15341990301668,2.76648954116632,0.0,0.0,0.699982789000866,0.0,0.0,0.0,0.0,0.19292839047238,23.9655220349542,0.0,0.0,0.0,56.9530948804063,0.0,0.30047430322186,0.0,0.0,0.725352473640805,1.19857630930138,0.0043578830393811,0.0,0.0,0.0034276725662145,0.0,0.0,0.0,0.0,0.0,0.854765125836277,0.183359391562266,0.0,0.0,0.0,3.07525183746693,1.81797058530711,47.9227553758403,0.103664081207676,0.0,0.0,0.0,0.0,0.0,0.0,0.0,0.0,0.0,0.0,0.0101928087138915,0.0399882506939369,0.0,2.47524562229336,0.159133289451339,0.0,0.0,0.0,0.0,0.357905028001522,0.0,90.3104817180235,13.5606976024934,13.5401953995392,5.35304092491793,0.0,30.5375837122557,0.0,0.0,0.154417630214479,6.47015238718582,0.79303478506001,0.0,0.0,1.04873367333334,0.0,0.0,0.0,0.184221072848802,0.0,0.109625186295647,1.52004683270934,6.56531499047166,0.488963313091076,0.0,0.0,0.0,0.0,1.65487234509767,0.0,4.58181671439862,0.0,0.0,0.0,0.0,0.0,0.0,1.17461503597205,3.45040744890096,0.0,0.0,3.692535586477,5.15773754113809,0.215215034252013,0.0,0.0179523996635922,45.505531045596,0.0,0.0,0.0,0.0,0.0,0.0,0.0,0.0,0.0,0.0,0.680624430499114,0.23701939330823,3.04455617570328,1.14193293032021,0.0,0.443121621241846,53.0708676186859,0.984207114387305,0.0,138.39399094631,0.0,0.0,0.0,0.0,0.0,5.03696082332771,0.0,0.337184375874686,2.59223073701463,0.0,0.0,0.0,0.0,5.25055991701563,0.384176864584656,0.0,0.0,26.8692527393908,0.0,61.8631823214154,0.0,0.199836054076472,30.7322388971946,5.57852485486048,14.6908490066696,0.0,0.0,0.0,0.0175479551518054,0.0,0.0285650154734902,3.22202568531198,1.56004319221885,0.0,0.0,0.0,0.0,0.0,0.0,0.0,0.0,0.0,0.0,0.0,0.0,0.0,0.404874240903455,0.0028209387389569,0.0,13.6991234306317,0.0,0.0,2.05094394144829,0.0,0.0,0.0008669153469818,0.0,0.0,0.0,0.0,0.0,0.0,0.0,45.3224500023913,37.9733347798132,5.96287250544823,0.0,0.0,0.0,0.0,0.0,0.0,0.0,0.0,0.0,0.0,1.24415138794176,0.0297816457989628,0.297327368634192,0.0,0.0,0.0,0.0,0.0,0.0,0.0,0.0,0.422099981828057,0.0,0.0,0.0,0.0,0.0,0.0,0.0,0.0,0.0,0.0,0.0,7.95677922013015,0.0,0.0,0.0266891486412939,0.133887625992492,0.0,0.0395399596890471,0.0,0.0,4.63745629026583,0.0,0.0,0.0,0.0,0.0,0.0,0.0,0.0789294210699427,0.0,0.321728351723222,0.35182515085667,129.595541139209,0.0,0.0,0.0,0.0,0.0,0.0,0.0,0.0006609620880763,0.0014080577881239,0.0,0.0,0.0,0.0,0.0,0.225777991032832,0.0779624412612475,0.0048457744418518,0.0,0.0,0.0269902973624526,0.0071259030339643,0.000623446164571,0.0,0.0,0.0,0.56592477875135,0.0,0.0080080511443676,0.0,0.0,0.0,5.37743788164718,0.400756971628491,0.0,0.0,0.0562056999173751,0.0,0.0,0.0,0.0,0.0,0.0,0.0976097507443326,1.9238092076295,0.0,0.0,0.0,0.0,0.0,0.0020103693938758,0.0,0.530194584451123,0.0,0.0,0.0,0.0,0.0,0.0,0.0,1.32703644485852,0.0019393511132807,0.0,0.494175937526094,1.22884978591651,0.0,0.0,0.0,0.807352849756933,26.7273329286551,0.0172328903433258,0.0,0.0,0.0,0.0098318830752841,0.0,0.0,0.0,0.0,1.16799465257674,0.0,0.0,0.3879672373488,0.0,0.0030310985795091,0.0,0.0,0.0,29.0180377270888,0.0,0.0,0.0,0.0,0.0,0.263983738823479,0.0,0.0040398395007717,0.517766332953,0.0,0.0,0.0,0.0,1.79322334542528,0.0,0.0,0.0008769285212291,0.0,0.0,0.0,0.107764349823084,0.0,7.17513184038111,0.191537663013004,2.47756087700648,0.0044333868542574,0.0,0.0,0.0011420767754147,0.0,0.0072587325620315,0.364296259090513,0.385695204870803,0.0032305237060074,0.0,0.0,0.0,0.0030766379793716,0.0,0.0,0.0,0.0,0.0,0.0,0.0,0.0007139526618744,0.0,0.0093567608582005,0.0,0.0,0.0,0.0,0.366462023461008,0.0,0.0,0.002124799715413,0.0,0.0,0.0,0.0,0.0,0.0,0.0,0.0,0.0,0.16558065659816,0.0529920618297833,0.0,0.0013526271906075,0.0,0.0780454870487564,0.0,0.0
PP,0.107412819938602,0.0,0.0024683848200742,0.0,0.0,0.561995864188475,0.0,0.0,0.0,0.0,0.0,0.0,0.0,0.0,0.0,0.0,0.539292370058839,0.0,25.9642177876731,3.29788905323628,0.0,1.31589026525076,0.0,6.27290885112288,0.0,0.0,0.521181194229948,0.0,0.0,0.0,0.0066981588972155,0.0,0.0,0.0,1.54711336877908,0.0,0.0,0.0377854840008887,4.9548281094876,0.0,0.0,2.04951642221842,0.0,0.0,0.0,0.0,0.0,0.0,0.0008644180857224,0.0716326761268415,0.0,0.0,0.0,0.0,0.0,0.0,0.0,0.0,0.0,0.500639590814114,0.902777957308709,8.51012630142129,0.0220083124106447,0.0,0.0,0.0,0.0,0.0,4.64638169378603,0.0,0.0,0.0,0.0,0.0,0.0,0.0,0.0,0.0,0.0,0.0,1.13844140769397,0.0,0.0,0.0,0.0,0.0,14.0754449259985,0.0,0.0,0.0,0.0,0.0,0.0,0.0,0.0,2.97616497829677,1.51656791272056,0.0,0.0,0.0,0.0,0.0,0.0,0.224176019681396,0.0,0.0,0.0,0.0,0.0,0.0,0.0048184174757405,0.0025996279677898,0.0,1.05538415566204,0.0,0.0,0.0,0.0,0.0,0.0,0.0,0.0,0.0214747357064188,0.0,0.0,0.0,0.0,0.0,0.0,0.0,0.0,0.0,0.0,1.31744335661041,0.0,0.0,0.0053402695600617,0.0,0.0,0.0,0.0,0.0,0.0,0.935236894990393,0.0,0.0123527197950991,0.109785987554618,0.0,0.992423553576298,0.0,0.0,0.0,0.0,0.0,0.0,0.0,0.0,0.286911339616932,0.0,0.0,0.0088019603387789,0.0,0.0150248052153386,0.0,0.0,0.0,0.0,0.0,0.0,0.0,0.0,0.0,0.0,0.0,0.0,0.186981434237178,0.0703646022020852,0.0,0.0,0.0,0.0,0.0,0.0,0.0,0.0,0.0,0.0,0.0,0.0,0.0,3.47045282235146,0.0,0.0,0.0008230963767686,0.0,0.0,0.0,0.0,0.0241244785881501,0.0,0.0154352741018604,0.0,0.0,10.2192050079801,0.0,0.0,0.0,0.0,0.0,0.0,0.0024735706610633,0.0,0.0,0.0,0.838883860097169,0.0,0.0008179777756621,0.0,0.0,0.0,0.0,0.0,0.0,0.0,0.0,0.0984167432382715,0.0,0.0,0.0005981560783112,0.0,0.0031820873804082,0.0829207739647048,1.34463371258954,0.0,0.0,0.0,0.26861522448248,0.0,0.0,0.0,0.0,0.0,0.0,0.0,0.050274660404591,0.0,0.0,0.256644958803651,0.0064044048451651,0.0,0.273295443814107,0.0,0.0,0.0,0.0,0.0,0.0103035379353651,0.0,0.0167087008012128,0.0,0.0,0.0,0.0,0.0387872514650471,0.0,0.0,0.0,0.0,0.0089029001164729,0.139065770028711,0.0,0.0,0.0,0.0,0.0,0.0,0.0,0.110935599615129,0.0,0.0,0.0,0.0,0.0,0.0,0.0,0.0,0.0,0.0,0.0,0.0582351678420423,0.0,0.0,0.0,0.0,0.0,0.772308514702357,0.0,0.0,0.0,0.0,0.0,0.0,0.0,0.0,0.459929067128634,0.484774933921137,0.0,0.0,0.0,0.0,0.0,0.0013474542515784,0.0,0.0,0.0,0.0,0.0,0.0,0.0,0.0,0.0,0.0335858594060957,0.0019582026098037,0.0032923171479928,0.0,0.0034755793367828,0.0,0.0,0.0,0.0,0.0,0.0471550294528571,0.0,0.0,0.0,0.0,0.0,0.0,0.0,0.0,0.0,0.0,0.0,0.0,0.0,0.0,0.0,0.0,0.0,0.0,0.0,0.0,0.0334988322929855,0.0,0.0,0.0,0.0,0.432922097584441,0.0,0.0,0.0,0.0,0.0007393006400733,0.0057343239722306,0.006899661806804,0.0,0.0,0.0,0.0,0.0,0.0,0.0,0.0,0.0,0.0,0.0,0.0,0.0,0.0,0.0,0.0,0.0,0.0,0.0,0.0,0.0,0.0,0.0,0.0,0.006376361464818,0.0,0.0,0.0,0.0,0.0,0.0,0.0,0.0,0.0,1.38000767747872,0.0,0.0,0.0027207937291646,0.0,0.0,0.0,0.0,0.0,0.0014964739524542,0.0,0.0,0.0,5.01312370566702,0.0,0.0,0.0,0.0,0.0
PPN,0.0529573356655732,0.0,0.0,0.0827023497745027,0.0031089304098033,0.177540213878605,0.0,0.0,0.0,0.0024021543987239,0.0096245221756603,0.0071056092559352,0.0,0.0,0.0090179102261725,0.202738988544886,0.0468865749317813,0.0,0.0,0.0,0.0173322945644767,0.0069397324231386,0.0190409660001319,0.222019535183195,0.0,0.0,0.0,0.0077581340419168,0.041701894617934,0.0258426905803992,0.0,0.0533028273953681,0.0583910908713353,0.0076774800772776,0.0066658467444433,0.074081671705126,0.0,0.0088801379854694,0.317227930117168,0.0,0.0130490458052282,0.245245688901349,0.0,0.0010977794456638,0.144817371834211,0.0,0.0,0.0,0.0,0.0011172374349972,0.0,0.0,0.0011630970693013,0.0224832258104667,0.0833616402838294,0.116824242572673,0.0765502214571969,0.0,0.0020522939773172,0.0,0.0,0.0,0.001874897689168,0.0836397244368365,0.0,0.0,0.0026614800438337,0.0349388862309065,0.0024596320074403,0.0,0.0168177582227194,0.0071897576668981,0.0227292667317318,0.0703367979174979,1.24047607660488,0.0787768327508979,0.227425368434441,0.0121418660515539,0.0285121158661782,0.139350308637149,0.0452701610027264,0.0552947001101169,0.073626167243236,0.255150510729365,0.0378172651458724,0.0013558647006547,0.117352778230112,0.0036619777994711,0.0443694240207928,0.0080319503034379,0.00560692351739,0.0028360321578447,0.0024042217399147,0.0,0.003366626270485,0.0446277144683229,0.184766368825441,0.001059895000493,2.33047459283838,0.0390745031124611,0.0051678149428803,0.139746458728974,0.0168834140615243,0.0169965081552619,0.0043408867189697,0.0,0.0051416572154539,0.109443834618589,0.0194654108337091,0.0034282962830765,0.0010898275553329,0.0037537862391571,0.0252879631342716,0.00227130667366,0.0035093024713939,2.4398192759811,0.0,0.0,0.351901274966719,0.114501257940175,0.0,0.0658216337910874,0.0,0.0,0.0018373935680233,0.0761981150759747,0.323603416060072,0.0034234453184283,0.0008760963814074,0.01162925661305,0.0061454198336157,0.058899646301295,0.0009244595515646,0.0163927907980509,1.43299540116994,0.0,0.0,0.462177439894459,0.243939264067536,0.0,0.0,0.0231625940231068,0.0,0.0606507830616395,0.18979393808461,0.0094398257120701,0.017551340969397,0.0,0.112360051582657,0.123880541290061,0.0216411627117409,0.177683959274418,0.10022152101112,0.0,0.0,0.0,0.0320643163855397,0.0338965546084939,0.712807537460944,0.0,0.0090760679296108,0.607127627676915,0.0,0.0351008734013794,0.0727620831050235,0.228593646540294,0.0199878489070454,0.113548056428787,0.0327417660487944,0.0590012958384633,0.0,0.0,0.0,0.0,0.0,0.0010713450843938,0.0,0.0,0.0,0.0,0.0,0.0572556712242735,0.0490734956382399,0.0,0.0,0.0013286084872705,0.0,0.0157863804077082,0.0058504106609276,0.0164608580259073,0.158914381576619,0.0,0.003922923298559,0.0,0.0576672883186039,0.0,0.0,0.0,0.0,0.0,0.0,0.0,0.114293668734704,0.25347590475608,0.04680556973111,0.0,0.0,0.254850080708265,0.0,0.0030258167999644,0.0011327441852202,0.0019678487116169,0.0256107364263999,0.0056584561147486,0.0288495993409995,0.0093321084544291,0.0,0.0014366526839615,0.0,0.0024978028564908,0.0010672264862091,0.0,0.0,0.0053088602082519,0.0146931650425412,0.0135825439425444,0.0,0.0,0.0,0.0010500961692158,0.0,0.0063640881799054,0.0293008700796282,0.000840936521171,0.0,0.0011774049919536,0.0043644852333007,0.0105746114116189,0.0165837536405579,0.0014411238005841,0.0442499867773367,0.0414048689502101,0.0015944599264303,0.002597478996311,0.0530702503768833,0.0,0.0022086631226133,0.0,0.0,0.0414108457188504,0.0263141938375786,0.0,0.0006527739483201,0.0555737005677039,0.0,0.0,0.0005724503488903,0.0015384361453882,0.0,0.0,0.0,0.0013592478201612,0.0019549412233158,0.0288777877724405,0.0269094312886869,0.0411345836299,0.0021568089244544,0.0,0.0,0.0013982081267077,0.0152559032996788,0.0015268815947649,0.0504037277697416,0.0011218081611935,0.0,0.0,0.0,0.0,0.0,0.002187972087947,0.0,0.0227884357051094,0.01547801846662,0.327418789967471,0.106215598614745,0.0834426878657758,0.0012804759943581,0.0167124976901799,0.039375429244908,0.0049326105350858,0.0051570679816088,0.050657144620968,0.13839337443882,0.0,0.0,0.0215330684361469,0.0083892843691408,0.0105811152382064,0.0182734925502628,0.0013659808884686,0.0023246055005677,0.0026866551217261,0.0089227151426155,0.0077994204853586,0.0032399495269806,0.041111303522966,0.0018274794459397,0.453117609477149,0.014983253573485,0.0,0.0656959253629848,0.0120586472655626,0.0089307682174165,0.0,0.0,0.0033810265928537,0.0245180438090535,0.0095832380330018,0.0033571105502984,0.0032738300688271,0.0017867216946851,0.0065002033633775,0.0,0.0010366845017933,0.734276135479065,0.0,0.0,0.0324322611987849,0.0395235329717593,0.0,0.0097856911268778,0.0009888206838428,0.0,0.0,0.0179630358134803,0.10410096766148,0.0048363296720244,0.0087642261407515,0.0049223083809141,0.0,0.0097801116339907,0.0065672890464997,0.0093272751492556,0.124482023670365,0.0019085625477923,0.0,0.0905713396931975,0.070051010207025,0.0,0.0,0.0162689976905651,0.0,0.0109159555995154,0.08999717769262,0.0009559443877506,0.0030941013473691,0.0,0.0795522642022694,0.0544595903200375,0.0170901391399336,0.0593683594263195,0.0197260117587777,0.0,0.0,0.0005883409184365,0.0076107116846124,0.0043540659952647,0.0663985377077525,0.0,0.0040878344680707,0.114256261707051,0.0,0.0325014285898884,0.0280192184009833,0.0650347718965275,0.0037956583482053,0.0324405721154941,0.0047043377384247,0.0068460514361618,0.0,0.0005482285826964,0.0015764994758985,0.0,0.0,0.0,0.0,0.0,0.0,0.0,0.0011415011602389,0.0153278271772767,0.0239251728154791,0.0,0.0,0.0,0.0,0.0200469927826803,0.0025884747336653,0.0030452854158691,0.107448155269638,0.0,0.0050237367709774,0.0,0.0092051774231244,0.0,0.0,0.0,0.0,0.0,0.0,0.0,0.0526651010786085,0.0543911537346289,0.0089896224728322,0.0,0.0,0.175060052855246,0.0
PRE,0.0,0.0,0.0,0.0160791363225921,0.0,0.0,0.0,0.0,0.0,0.0,0.0,0.0,0.0,0.0,0.0,0.0,0.0005199307001023,0.0,0.0,0.0,0.0,0.0,0.0,0.0,0.0,0.0,0.0,0.0,0.0,0.0,0.0,0.0,0.0,0.0,0.0,0.0,0.0,0.0,0.0,0.0,0.0,0.0,0.0,0.0024032629334141,0.0,0.0,0.0,0.0,0.0,0.0,0.0,0.0,0.0,0.0,0.0,0.0,0.0,0.0,0.0,0.0,0.0,0.0,0.0,0.0,0.0,0.0,0.0,0.0,0.0,0.0,0.0,0.0,0.0,0.0,0.0107069811274183,0.0,0.0,0.0,0.0,0.0,0.0,0.0,0.0,0.0,0.0,0.0,0.0,0.0,0.0,0.0,0.0,0.0,0.0,0.0,0.0,0.0009791148631641,0.0023818842461905,0.0,0.0,0.0,0.0,0.0,0.0,0.0,0.0,0.0,0.0,0.0,0.0,0.0,0.0,0.0,0.0,0.0,0.0,0.0,0.0,0.0,0.0,0.0,0.0,0.0,0.0,0.0,0.0,0.0,0.0,0.0,0.0,0.0,0.0,0.0,0.0,0.0,0.0,0.0,0.0,0.0,0.0,0.0,0.0,0.0,0.0,0.0,0.0,0.0,0.0,0.0,0.0005665377227617,0.0,0.0,0.0,0.0,0.0,0.0,0.0,0.0,0.0,0.0,0.0,0.0,0.0,0.0,0.0,0.0,0.0,0.0007690807374183,0.0,0.0,0.0,0.0,0.0,0.0,0.0,0.0,0.0,0.0,0.0,0.0,0.0,0.0,0.0,0.0,0.0,0.0,0.0,0.0,0.0,0.0,0.0,0.0040273640073435,0.0,0.0,0.0,0.0,0.0,0.0,0.0,0.0,0.0,0.0,0.0,0.0,0.0013283233755248,0.0,0.0,0.0,0.0,0.0,0.0,0.0,0.0,0.0,0.0,0.0,0.0,0.0,0.0,0.0,0.0015525682454859,0.0008636856575366,0.0,0.0,0.0,0.0,0.0,0.0,0.0,0.0,0.0021028375162149,0.0,0.0,0.0005569067835566,0.0,0.0,0.0,0.0,0.0,0.0,0.0,0.0,0.0,0.0,0.0,0.0,0.0,0.0,0.0,0.0,0.0,0.0,0.0,0.0,0.0,0.0025819718120874,0.0,0.904518648698732,0.0,0.0,0.0,0.0,0.0,0.0,0.0,0.0,0.0,0.0,0.0,0.0,0.0,0.0,0.0,0.0,0.0,0.0,0.0,0.0,0.0,0.0,0.0015935265627919,0.0,0.0,0.0,0.0,0.0,0.0,0.0,0.0,0.0,0.0,0.0,0.0,0.0,0.0,0.0,0.0,0.0,0.0,0.0,0.0,0.0,0.0,0.0,0.0,0.0,0.0,0.0,0.0,0.0,0.0,0.0,0.0,0.0,0.0,0.0,0.0,0.0,0.0,0.0,0.0,0.0,0.0,0.0,0.0,0.0,0.393078538615852,0.0,0.0,0.0,0.0033836477380421,0.0,0.0,0.0,0.0,0.0,0.0,0.0,0.0,0.0,0.0,0.0,0.0,0.0,0.0,0.273898821760134,0.0,0.0,0.0,0.0,0.0,0.0,0.0,0.0,0.0,0.0,0.0,0.0,0.0,0.0,0.0,0.0,0.0,0.0,0.0,0.0,0.0,0.0,0.0,0.0,0.0120180439414445,0.0,0.0,0.0,0.0,0.0,0.0,0.0,0.0,0.0,0.0,0.0,0.0,0.0,0.0,0.0,0.0,0.0,0.0,0.0,0.0,0.0,0.0,0.0,0.0,0.0010187165233569,0.0,0.0,0.0,0.0,0.0,0.0,0.0,0.0,0.0,0.0,0.0,0.0,0.0,0.0,0.0,0.0,0.0,0.0,0.0,0.0,0.0,0.0,0.0
PRM,0.0,0.0,0.0,0.0,0.0,0.0,0.0,0.0,0.0,0.0,0.036945541687554,0.0,0.0,0.0,0.0,0.0,0.0,0.0,0.0,0.0,0.0301713311762123,0.0,0.0,0.0,0.0,0.0,0.0,0.0,0.0,0.0,0.0,0.0,0.0,0.0,0.0,0.0,0.0,0.0,0.0,0.0,0.0,0.0,0.0,0.0,0.0717492266186304,0.0,0.0,0.0,0.0,0.0,0.0,0.0,0.0,0.0,0.0,0.0,0.0,0.0,0.0,0.0,0.0,0.0,0.0,0.0,0.0,29.6646105731856,0.0,0.0,0.0,0.0,0.0,0.0,0.0,0.0,0.0,0.0,0.0,0.0,0.0,0.0,0.0,0.0,0.0,0.0,0.0,0.0,0.0,0.0,0.0,0.0,0.0,0.0,0.0,0.0,0.0,0.0,0.0,0.0,0.0,0.0,0.0,0.0,0.0,0.0,0.0,0.0,0.0,0.0,0.0,0.0,0.0,0.0,0.0,0.0,0.0,0.0,0.0,0.0,0.0,0.0,0.0,0.0,0.0,0.0,0.0,0.0,0.0,0.0,0.0,0.0,0.0,0.0,0.0,0.0,0.0,0.0,0.0,0.0,0.0,0.0,0.0,0.0,0.0,0.0,0.0,0.0,0.0,0.0,0.0,0.0,0.0,0.0,0.0,0.0,0.0,0.0,0.0,0.0,0.0,0.0,0.0,0.0,0.0,0.0,0.0,0.0,0.0,0.0,0.0,0.0,0.0,0.196890396001972,0.0,0.0,0.0,0.0,0.0,0.0,0.0,0.0,0.0,0.0,0.0,0.0,0.0,0.0,0.0,0.0,0.0,0.0,0.0,0.0,0.0,0.0,0.0,0.0,0.0,0.0,0.0,0.0,0.0,0.0,0.0,0.0,0.0,0.0,0.0,0.0,0.0,0.0,0.0,0.0,0.0,0.0,0.0,0.0,0.0,0.0,0.0,0.0,0.0,0.0,0.0,0.0,0.0,0.0,0.0,0.0,0.0,0.0,0.0,0.0,0.0,0.0,0.0,0.0,0.0,0.0,0.205520904555111,0.0,0.0,0.0,0.0,0.0,0.0,0.0,0.0,0.0,0.0,0.0,0.0,0.0,0.0,0.0,0.0,0.0,0.0,0.0,0.0,0.0,0.0,0.0,0.0,0.0,0.0,0.0,0.0,0.0,0.0,0.0,0.0,0.0,0.0,0.0,0.0,0.0,0.0,0.0,0.0,0.0,0.0,0.0,0.0,0.0,0.0,0.0,0.0,0.0,0.0,0.0,0.0,0.0,0.0017034819424803,0.0,0.0,0.0,0.0,0.0,0.0,0.0,0.0,0.0,0.0,0.0,0.0,0.0,0.0,0.0,0.0,0.0,0.0,0.0,0.0,0.0,0.0,0.0,0.0,0.0,0.0,0.0,0.0,0.0,0.0,0.0998655995470031,0.0,0.0,0.17604588226058,0.0,0.0,0.0,0.0,0.0,0.0,0.0,0.0,0.0,0.0,0.0,0.0,0.0,0.0,0.0,0.0,0.0,0.0,0.0,0.0,0.0,0.0,0.0,0.0,0.0,0.0,0.0,0.0,0.0,0.0,0.0,0.0,0.0,0.0,0.0,0.0,0.0,0.0,0.0,0.0,0.0,0.0,0.0,0.0,0.0,0.0,0.0,0.0,0.0,0.0,0.0,0.0,0.0,0.0094907659481161,0.0,0.0,0.0,0.0,0.0,0.0,0.0,0.0,0.0,0.0,0.0,0.0,0.0,0.0,0.0,0.0,0.0,0.0,0.0,0.0,0.0,0.0,0.0,0.0,0.0,0.0,0.0,0.0,0.0,0.0,0.0,0.0,0.0,0.0006585385586029,0.0,0.0,0.0
PRNc,0.00100312755779,0.0,0.0,0.0021496546605503,0.0,0.0,0.0,0.0008958763892332,0.0,0.0,0.0,0.0,0.0,0.0,0.0017885041763633,0.102475674526343,0.0011080146069209,0.0,0.0,0.0,0.0,0.0,0.0,0.0153551871114358,0.0,0.0,0.0,0.0050218122620338,0.0013164239454575,0.0088328898231973,0.0,0.0,0.0122200504878268,0.0008274018388011,0.0008101697571704,0.0,0.0,0.0,0.0329874128768107,0.0,0.0033068122331852,0.014992149720866,0.0,0.0,0.0081600927370368,0.0,0.0,0.0005171392164846,0.0005429921183881,0.0,0.0048822852252141,0.0019259487983422,0.0,0.0,0.0008698118607451,0.0012671784104553,0.258209298281337,0.0007585678899154,0.0,0.0008346863933258,0.0011784513452501,0.0009519062073795,0.0,0.0056389462835323,0.0175230580628103,0.0,0.0,0.0,0.0,0.0200495740708502,0.0,0.000604646751455,0.0014533632092109,0.0025785659855611,0.0,0.0050770643816664,0.0,0.0086509581054365,0.0,0.0,0.0012524937492524,0.0,0.136173010594935,0.0290830286147208,0.0265727673159053,0.0133970141556239,0.0,0.0,0.0030048224849872,0.0,0.0,0.0,0.0020423391142083,0.0,0.0,0.0019726508044423,0.0113287538566061,0.0,0.806366919150233,0.0,0.121353834595003,0.0,0.0065334705273426,0.0035110029150231,0.0,0.0,0.0010263611311163,0.0383087128397823,0.0,0.0006636339967643,0.0,0.0,0.0007810028222671,0.0,0.0,0.604572911153066,0.0,0.0219915446534841,0.0577596317895505,0.0274555114146592,0.0,0.0273408684032027,0.0,0.0,0.0223472320750263,0.0075750990368682,0.0196440081858713,0.0015855058475458,0.0,0.0,0.0043934558276094,0.0054782755711032,0.000880665069129,0.0,0.186583771487871,0.0,0.0,1.42757156842714,0.526476716949755,0.0429023091592604,0.0,0.0,0.0,0.0039302469712779,0.0214476295019827,0.0,0.0005599573136688,0.0,0.0013806900496048,0.0,0.0,0.127072882374928,0.0237862080069922,0.0,0.0,0.0,0.0010922559571032,0.0,0.201038658028904,0.0030294281865607,0.0,0.023873109600315,0.0,0.0,0.0,0.0,0.0222088979805788,0.009352869591976,0.0027478570720497,0.0130487659662365,0.0123741534038836,0.0,0.0,0.0,0.0,0.0,0.0009789549514543,0.0005571434771004,0.0,0.0,0.0011389749015588,0.0,0.0,0.0085498770067444,0.00609762558732,0.0,0.0,0.0707836961915743,0.0,0.0,0.0,0.0,0.0074882743201672,0.0,0.0,0.0006923788370006,0.0,0.0,0.0,0.0,0.0,0.0,0.0152521281152106,0.0,0.0061703148775196,0.000738810960572,0.0056188269624733,0.001814719101387,0.0,0.0,0.0013142489835274,0.0007883039957856,0.000850378291479,0.0,0.0018095067433261,0.0,0.0,0.0,0.0,0.0,0.0,0.0,0.0,0.0006994963227038,0.0,0.0,0.0,0.0,0.0,0.0007257939432917,0.0,0.0,0.0067548338031406,0.0,0.0,0.0,0.0021991677093162,0.0,0.0071402208722637,0.0,0.0,0.0068463815300352,0.0,0.0012623096089193,0.0030960171854405,0.0,0.0,0.0131490061169406,0.0006802625016569,0.0067129753663612,0.0089390258914494,0.0,0.0,0.0042148408291132,0.0,0.0,0.0,0.0,0.0,0.0,0.0029373655377371,0.0,0.0,0.0049426160923401,0.0031116129913384,0.242721255552999,0.0,0.0,0.0,0.0,0.0,0.0,0.0033639313589607,0.0107308524184223,0.0,0.0,0.0194787546618455,0.0,0.0254043608952032,0.0016172516997153,0.0,0.0008245033721975,0.0036553540311405,0.0188689795368555,0.0091486007254783,0.009783723249762,0.0082173369284336,0.0,0.0,0.0009888358747717,0.000991889662251,0.0479934294007357,0.0023474363287995,0.0,0.0,0.0014778989913239,0.0,0.0,0.0006514236264961,0.0,0.0,0.0029135237946678,0.0,0.0031607335930947,0.000781589864913,0.008147195849659,0.0,0.357903572895097,0.0,0.0606324584451226,0.0,0.0,0.0029144995489582,0.0,0.0,0.0,0.0325252119788372,0.0,0.0,0.0,0.0,0.0,0.0,0.0,0.353551248656969,0.0,0.0033382218556179,0.0302644409860486,0.0,0.0,0.0188695514516074,0.0,0.0,0.0051072405602167,0.0296521150368486,0.023105034133356,0.0012311161696386,0.0006831278378041,0.0,0.0,0.0007512152097168,0.0016763159118389,0.0,0.0636450514481396,0.0,0.0,0.483735806256515,0.438124652395315,0.0104513747196101,0.0,0.0006596361910113,0.0,0.0014399991654481,0.0091187450471131,0.0,0.0,0.0,0.004780505488305,0.0,0.0,0.073360230900475,0.0119373246687596,0.0,0.0007632573371055,0.0,0.0025960075650894,0.0,0.090343903683402,0.0005253200413709,0.0,0.0146997633765827,0.0,0.0,0.0016149857386602,0.0027907098795329,0.0054755935669536,0.0038210220138952,0.0010489664079579,0.0071224831871109,0.0085024569249957,0.0,0.0,0.0,0.0,0.0,0.0,0.0,0.0,0.0,0.0007668335117811,0.0,0.0,0.0047720018890532,0.0092783343638333,0.0,0.0006479896258245,0.0323909323004333,0.0,0.0025009365120371,0.0009102483903466,0.0,0.0037081434830983,0.0,0.0495426014440214,0.0,0.0,0.0,0.0,0.0,0.0,0.0,0.0225300929270146,0.0,0.0021764602741558,0.0,0.0010463000295749,0.0029444191175055,0.0
PRNr,0.0,0.0009411339289791,0.0009292380826638,0.0,0.0,0.0,0.0012760516330962,0.0,0.0006841199768829,0.0,0.0,0.0,0.0,0.0,0.0,0.108952477311179,0.0,0.0,0.0,0.0,0.000720247249258,0.0,0.0,0.0,0.0,0.0,0.0,0.0,0.0,0.0105638631819303,0.0,0.001209409633589,0.0,0.0,0.0,0.0121459412185934,0.159010090299425,0.0,0.0,0.0,0.0020391574061417,0.0,0.0,0.0,0.0087165083885047,0.000558508071378,0.0,0.0,0.0,0.0,0.003426675898783,0.0,0.0,0.0,0.0009280316665246,0.0025304179847311,0.613778271289112,0.0009340148237194,0.0,0.0,0.0,0.0,0.0,0.0,0.0024375009569212,0.0,0.0,0.0527098598199241,0.0,0.0,0.0,0.0,0.000635995605823,0.0035101691142133,0.0,0.0015490613503686,0.0,0.0287655461987805,0.0,0.0,0.0,0.0,0.0754843047138578,0.0158740755067883,0.0,0.0832646324083523,0.0,0.0,0.0006426522711883,0.0,0.0,0.0,0.0013271171086647,0.0013089071831465,0.0010471181691015,0.0,0.0,0.0,0.574851832902798,0.0,0.0098165211502115,0.0011602023854204,0.0193616762596173,0.0,0.0,0.0,0.0014639512278966,0.0282130366827581,0.0,0.0,0.0,0.0,0.0049654537456541,0.0,0.0,0.120412474269626,0.0,0.0059173210143906,0.0,0.0413109450014712,0.0,0.0353976206634884,0.0,0.0122760439552797,0.0367305837743762,0.023883469818707,0.0,0.0042353620398184,0.0006051702019106,0.0,0.0,0.0,0.0011060158297929,0.0,0.0839746168951863,0.0,0.0,0.698441626601852,1.47220963350786,0.0166529615480098,0.0,0.0,0.0,0.0,0.0,0.0,0.0,0.0,0.000783814650407,0.0,0.0,0.170573989380664,0.0127995382395479,0.0,0.003045832388118,0.0009125366417927,0.0,0.0,0.0299321522074581,0.0079480448588082,0.0,0.0,0.0,0.0,0.0059419518618387,0.0164661905606339,0.0,0.0,0.0,0.0055359444030001,0.0,0.0,0.0,0.0,0.0,0.0,0.0023569246909659,0.0006602944665046,0.0,0.0,0.0038138883430484,0.0027104619833746,0.0,0.0073877824890626,0.0,0.0,0.0,0.0688629435537953,0.0,0.0022187496314145,0.0019705503698783,0.0,0.0120680633875753,0.0006959188656543,0.0088189637900617,0.0,0.0,0.0,0.0,0.0,0.0,0.0,0.029732293243345,0.0,0.0046693221262927,0.0013041048057005,0.0,0.0143782458842557,0.0020501494993075,0.0,0.0008074630027011,0.0019649757344498,0.0,0.0,0.0,0.0005538507014737,0.0,0.0,0.0,0.0,0.0,0.0,0.0,0.0,0.0012636388718739,0.0,0.0,0.0,0.0,0.0,0.0,0.0,0.0,0.0,0.0,0.0,0.0,0.0,0.0,0.0,0.0,0.0,0.0008533245435596,0.0005774896194637,0.0024193398268142,0.118671548326319,0.0,0.0,0.0007914005342105,0.0126412094020675,0.0,0.0,0.0,0.0006679389399961,0.0,0.0,0.0,0.0,0.0,0.0011720706946782,0.0,0.0,0.0,0.0,0.0010511027011208,0.457365678860686,0.0,0.0,0.0,0.0,0.0,0.0,0.0,0.0,0.0,0.0,0.0367520155024899,0.0,0.0,0.0,0.0,0.0,0.0,0.0,0.0,0.0,0.0099508625698844,0.0,0.0,0.0,0.0,0.0667150467721402,0.0,0.0034991339181408,0.0373220196183653,0.0035343090856325,0.0,0.0,0.0,0.0,0.0,0.002005556137548,0.0,0.0,0.0,0.0,0.0,0.139311947711043,0.0,0.0,0.0028913447303373,0.001465200994322,0.0,0.0,0.0,0.0,0.004088222226951,0.0,0.0,0.0007290673840992,0.0,0.0043804955023846,0.0,0.0,0.0,0.0,0.0116478288222074,0.0,0.0042722393069198,0.0,0.0025047070663152,0.0,0.0,0.012738850187834,0.0144209647097227,0.0,0.0011138626661176,0.0,0.0,0.0,0.0,0.0046769524252506,0.0,0.0264126013413406,0.0007062728301925,0.0,0.434164844032315,0.438322060512705,0.0020698734497848,0.0041640115934081,0.0,0.0,0.0,0.0,0.0,0.0,0.0,0.0,0.0,0.0,0.037664606307199,0.0009366183549855,0.0,0.0017998254183853,0.001487863871901,0.0,0.0,0.0,0.0,0.0,0.0,0.0,0.0,0.001128216696857,0.0,0.0,0.0,0.0,0.0,0.0,0.0,0.0,0.0045865325255298,0.0,0.0,0.0,0.0,0.0,0.0,0.0,0.0,0.0,0.0021554192158882,0.0,0.0,0.0,0.0207239723170566,0.0,0.0024042497463647,0.0,0.0,0.0,0.0011494642574819,0.0070427700216058,0.0,0.0,0.0,0.0,0.0,0.0,0.0,0.0,0.0,0.0,0.0,0.0,0.0036074402854156,0.0005507835736096
PRP,0.0,0.0,0.0,0.0070970635824398,0.0,0.0,0.0,0.0,0.0,0.0,0.0,0.0,0.288870154405623,0.0,0.0,0.0,0.0,0.0,0.0,0.0,0.0,0.0,0.0,0.0,0.0,0.0,0.0,0.0025364449514708,0.352505652817155,0.0,0.0,0.0,0.0,0.0,0.0,0.0180605720416633,0.0619006781004358,0.335955275291533,0.0,0.0,0.0,0.0,0.0326991427780053,0.0,0.0087808083849021,0.0,0.0,0.0,0.0,0.0,0.213818917841338,0.019082567779086,0.0,0.0,0.0,0.0,0.782779475503327,0.0006260201429386,0.0,0.0,0.0,0.0,0.0,0.0,0.0812357903818856,0.0,0.0,0.124185746484988,0.0,0.118558845225426,0.0,0.0,0.0006507775758185,0.0,0.0,0.0,0.0,0.0227397828258845,0.0,0.0,0.0,0.0,0.0,0.0,0.0,0.0,0.0,0.0,0.0,0.0012585124358322,0.0,0.0,0.0,0.0,0.0,0.0,0.0,0.0018534717001343,0.0,0.0,1.30939488841305,0.0,0.08821234930323,0.0,0.0,0.188118900932547,0.0,0.0,0.0,0.0007508984883265,0.0,0.0,0.0,0.0,0.0,0.0,0.0,0.0,0.0,0.0611094013862846,0.0,0.0,0.201635724198879,0.0,0.0,0.0039971384260391,0.0,0.0,0.0,0.0,0.0,0.0,0.0,0.0,0.0,0.0,0.0,0.456368324035776,0.0,0.981039977713472,0.0124626154490242,0.0,0.0,0.0,0.0,0.0,0.0,0.106514965859816,0.0005499445849427,0.0,0.0,0.0101268139945555,0.0,0.0,0.0,0.0,0.0,0.0,0.0,0.0,0.0,0.0,0.0,0.0,0.0,0.0,0.0,0.0,0.0,0.0,0.569299130807,0.0,0.0,0.0,0.0,0.0,0.0103994155337729,0.0018334886560889,0.0,0.0,0.0,0.0,0.0,0.0,0.0261146108986183,0.0,0.0,0.0,0.0,0.0,0.0,0.0,0.0,0.0,0.0,0.0,0.0,0.0,0.0,0.0,0.0,0.0,0.0,0.0,0.0,0.0,0.0,0.0,0.0,0.0006075557939553,0.000945401766285,0.0,0.0086245852090324,0.0,0.0,0.002857091853236,0.0,0.0,0.0,0.0,0.0,0.29259552254455,0.0,0.0007648810619389,0.0,0.0,0.0,0.0,0.0,0.0,0.0,0.0,0.0,0.0,0.0010252746396705,0.0,0.0,0.260688872690267,0.0,0.0,0.0,0.0,0.0,0.0,0.012759102531616,0.0092367935693839,0.291406890346088,0.0,0.0,0.0,0.0,0.0,0.0,0.0,0.0,0.0,0.0,0.0,0.0,0.184369562542675,0.0150868797854734,0.0,0.0,0.0,0.0,1.21706225867253,0.0,0.0,0.0,0.0,0.0,0.0,0.0,0.0913863051884364,0.0,0.0,0.300066188323267,0.0,0.162562282426417,0.0,0.0030330424097566,0.0,0.0,0.0,0.0,0.0,0.0982355820368576,0.0,0.0,0.0,0.0,0.0128843753658383,0.0,0.0,0.129137862707416,0.0,0.0,0.0,0.0027927928856404,0.0,0.0,0.0,0.0,0.0,0.0,0.0,0.0,0.0,0.0008597382237574,2.61939305414044,0.0,0.0582717902648087,0.0,0.0,0.155889103752554,0.0009878732302621,0.0,0.0,0.0,0.0,0.0,0.0,0.0,0.0,0.0,0.0,0.0,0.0,0.118084787459346,0.0,0.0,0.206530413442992,0.0,0.328009058485166,0.0090471425930252,0.0,0.0006394814437496,0.0,0.0,0.0,0.0,0.0,0.0,0.0,0.0,0.0260444748342052,0.0,0.0,1.2565229710899,0.0,0.0,0.0,0.0,0.0,0.0,0.0,0.123208926910451,0.0022619320997295,0.0007086364631005,0.0,0.0,0.0,0.0,0.0,0.0,0.0,0.0,0.0,0.0169435690921727,0.0,0.0086873053150009,0.0,0.0,0.0,0.0,0.0,0.0014873854875121,0.0,0.0,0.668901929836775,0.0,0.121656350744099,0.0,0.0018959706274747,0.0,0.0208171099742443,0.0037202302155387,0.0,0.0023122972426705,0.008300685761069,0.0,0.0,0.0,0.0973063546799908,0.0,0.0,0.0,0.0,0.0,0.0,0.0,0.0,0.0,0.0,0.0,0.0,0.0,0.0,0.0,0.0,0.0,0.0,0.0,0.0,0.0,0.0,0.0,0.0
PSV,0.0019450856457343,0.0,0.0,0.0,0.0,0.0,0.0,0.0037174781252508,0.0,0.0095586903854658,0.0,0.0,1.99564455622261,0.0,0.0,0.0329848867208402,0.0009719027016428,0.0,0.0006373069941953,0.0007279743954552,0.0,0.0,0.0038681830767306,0.0,0.0,0.0,0.0,0.0,0.118155512140613,0.0,0.0,0.0,0.0061500697676962,0.0044240709703558,0.001597908333499,0.0,0.274496116778551,0.0,0.0274423182370943,0.42987981425491,0.0016232936955571,0.0,0.0279824885698316,0.0,0.0084208393563183,0.0,0.0021929448607987,0.001007791088608,0.0,0.001139968322688,0.275629034692499,0.0296721851444339,0.0,0.0,0.0011807316718444,0.0,0.196837408617864,0.0,0.0,0.171330151277182,0.0936329177458,0.110727209797903,0.0,0.0080353040415102,0.0,0.120167570447026,0.098993226400402,0.613865348835993,0.0,0.005273536825878,0.0,0.0,0.0,0.000592848524451,0.0,0.0044428343661006,0.0,0.005453334538271,0.0,0.0,0.0,0.0,0.0140742366076403,0.0,0.163732686750285,0.11617118957483,0.0026592833146287,0.0014616012737023,0.0038775032614045,0.0029498939214981,0.0,0.0,0.0,0.0,0.0,0.0,0.0,0.0,0.253988411401489,0.0,0.121317745153661,0.0015499392916457,0.0115646346136603,0.0496548070355599,0.0009352506341756,0.0127595193755601,0.0,0.0173899603950675,0.117068863702489,0.0,0.0,0.0,0.0013541997862677,0.0,0.0020807794332233,0.213430466167873,0.0,0.677086465595461,0.909100140541288,0.0360708238270953,0.0,0.0,0.198969037380802,0.0072741518262446,0.0262071045899171,0.0620283370713383,0.0037147213910524,0.0059659104097708,0.0,0.0,0.008762750648404,0.0093914093031967,0.0008628598792367,0.0,0.0980296271660255,0.0,0.867020059620482,0.222377177890892,1.0712551830054,0.0064456836760049,1.76720784796041,0.0,0.0,0.0,0.0,0.0,0.0,0.0397102969476014,0.0,0.0073682124441576,0.0115387294985208,0.0011144227290327,0.0,0.0,0.0,0.0,0.0017065038974985,0.0,0.160835762586222,0.0,0.0,0.0,0.460913361318784,0.0051340323757499,0.0,0.0070423125775238,0.0230328965527999,0.0144273253658924,0.0047874413700405,0.0009090901396738,0.0202442321946904,0.106613848475578,0.222934295380351,0.231371364887051,0.0009665012086885,0.0,0.0,0.0005933262699784,0.0,0.0,0.0,0.0016225850392423,0.0010867502450809,0.501061695178667,0.0221719376049863,0.0009299670239364,0.0,0.0337545612670388,0.0,0.0014835451494842,0.0021928097290084,0.224913824252003,0.0,0.120515800531178,0.235224209193361,0.0008072646090578,0.0,0.0,0.0,0.0017251283578761,0.0,0.0,0.001653611860566,0.0,0.0006339165102039,0.0192656057350012,0.0227694337688494,0.0,0.0878356897668047,0.0086644722152185,0.0,0.0,0.0016497720728874,0.0,0.0068203288458086,0.0,0.0,0.0,0.0017934266821532,0.0,0.0,0.490402600818837,0.0,0.0012321642333805,0.0930348464462746,0.0009032511786862,0.0,0.0,0.0,0.0,0.0014734574137982,0.0266586790015148,0.0020195121463815,0.0,0.0,0.0,0.0616738025870187,0.0121467796842632,0.0118368410192851,0.0,0.0006760271753583,0.0140416044455631,0.0188070305574996,0.0014213830116605,0.014720264564917,0.221624947138158,0.0,0.0,0.0022955239822623,0.0116236545286826,0.003058848342602,0.001397913550952,0.0,0.0013290047307786,0.0020605102598454,0.0,0.0008197217629748,0.0,0.0024075529547751,0.0121716360699323,0.0045201820463647,0.0,0.0047662794598159,0.0053073581477918,0.0036721918988563,0.0890302635930382,0.0022853913137937,0.0024542300550642,0.0108871825511922,0.0,0.0,0.0,0.0116417216061064,0.0016223356267298,0.0112055462704433,0.0566571058639566,0.199623613580172,0.0,0.0321785676203896,0.0036238197304095,0.0,0.0010229179963645,0.0038643271057209,0.0594572596372332,0.0079291045298176,0.0021325994715767,0.0,0.0,0.0,0.0,0.0011221279032903,0.0247957834645395,0.0266513531090008,0.0345033739382745,0.0137408247096297,0.0219092307065073,0.0,0.0246753081773174,0.0,0.0,0.0,0.0013066809295215,0.0010142007715961,0.0,0.0,0.0,0.0,1.0745546876704,0.0,0.230512827314069,0.0026390510542138,0.0043962554042084,0.0149819824400988,0.0026927265861999,0.0046082459044597,0.0,0.0230764773186516,0.0494736471755167,0.0,0.0,0.0,0.0053353739385301,0.0,0.0030322978639763,0.383574467166875,0.0007378391697252,0.2812680860277,0.206228717503049,0.0158453111977579,0.0,0.108075289615774,0.0067286556789143,0.0132496552207607,0.0039237787131026,0.0,0.0642355174165034,0.0055038239066896,0.0,0.0,0.23924461401656,0.0092869258493662,0.0039873346523155,0.0,0.0831417151160775,0.0,0.211537821346352,0.114172212042807,0.368178645051033,0.0013810691642109,0.0933647294327597,0.0008022240410884,0.0,0.0,0.0044389488180286,0.0,0.0,0.0158452844025252,0.0008988746704621,0.0099926043682409,0.008451551497835,0.23338568501021,0.0322929206408134,0.0,0.0010897215249046,0.0,0.00897067507855,0.0,0.465375865288961,0.0,0.0,0.0302844251910226,0.14540189266655,0.0113411840330781,0.0011265402114343,0.0082807535172473,0.0,0.0220094137929135,0.0168878361133923,0.0886964513057052,0.0413352229468902,0.0125791704271572,0.0266426240229516,0.0896118669892482,0.0005399678293966,0.0,0.0049263939962766,0.0008541107335151,0.0,0.0,0.0030794238275396,0.0033610006056486,0.0013886473976564,0.101158824162607,0.0216532515913108,0.0013669887603885,0.0,0.0405640557821896,0.0,0.0006571617983768,0.001290320160189,0.0957647910014743,0.0197675540339126,0.0032963558887367,0.0075277273647958,0.0012300298788624,0.0,0.0,0.0,0.0,0.0,0.0,0.10097335586511,0.0,0.111156676227692,1.01357661396642,0.107326590618469,0.123174145130742,0.0689666369147949
PT,0.0172277591550622,0.0,0.394429054751342,3.05081995890649,0.0,0.339326855925759,0.0,0.0,0.0,0.0009911699402756,0.0,0.0,0.0,0.0,0.460394987587181,0.0,0.0259771400226251,0.0,0.0,0.004879079376726,0.0,0.859888802950919,1.0274982084834,1.62004152479593,0.4517519297962,0.0,0.0,0.371849632079819,0.0,0.0007668488429737,0.0,0.0,0.0,0.0471973437820959,0.160171091485801,0.0,0.0,0.0,0.0,0.0,0.0,0.138251792014833,0.0,0.059919058277735,0.0,0.077773436939842,0.136869770302868,0.38303283324492,0.0,0.0226286955271308,0.0,0.0,0.0,0.0,0.0,0.0030698024171403,0.0,0.0,0.0941533123423748,0.0,0.0,0.0,0.814789343112592,0.0,0.0,0.0,0.0,0.0022420355851031,0.460652933349776,0.0,0.0,0.0010555438237372,0.0043948946570203,0.0607428241879429,0.370188886266714,0.0,0.186939725788773,0.0,0.0198593304636901,1.01258505941879,0.65926113132574,0.0078572578821286,0.0,0.0,0.0,0.0,0.807441023183299,0.0010030595875702,0.0006880325392344,0.0011991196182738,0.0915023874464421,0.001201362545676,0.0,0.0,0.0,0.183240787157337,0.22666970982588,0.0005359654484647,0.0,0.0708744915552698,0.0,0.0,0.0,0.0,0.0122222622401209,0.0,0.0,0.0116057091116795,0.0,0.0,0.186418506828445,0.196014606293137,0.0284890589868487,0.506796264458122,0.0,0.0869224034619782,0.0,0.0,0.0,0.0,0.0,0.002474634047275,0.0,0.0,0.0,0.001656266840287,0.0840678270054346,0.0,0.0,0.0127337739982771,0.0,0.0,0.0429605175630447,0.0,0.0,0.0704391737293893,0.0,0.0,0.0,0.0,0.0,1.29475804658952,0.0,0.0930841886637043,0.235860207728083,0.0040312662407319,0.0471580302783427,0.0,0.0446091545755608,0.152867330054745,0.0,0.0,0.0,0.0,0.0,0.589221526646482,0.0,0.111338430375182,0.0078391087756636,0.0039715622694214,0.0201731189105369,0.555702927176716,0.0,0.0,0.0,0.0,0.0,0.0087358710832567,0.0,0.000788355483826,0.0,0.0,0.0,0.0,0.0,0.0,0.0072017178724042,0.0,0.0,0.0,0.0,0.0,0.0,0.0015458546784067,0.0,0.197977323592714,0.0,0.0,0.0228935951944366,0.111623539551167,0.160662925212678,0.0,0.0,0.0011981370384696,0.0021490304365404,0.0,0.0,0.0,0.0,0.0,0.0067338612096119,0.0,0.0,0.382985675320038,0.0,0.0,0.0,0.0,0.0,0.0,0.0,0.0,0.0,0.0,0.0404403762547089,0.0,0.0,0.0,0.0,0.0,0.0,0.0,0.0,0.0,0.0,0.0054446752238905,0.0,0.0,0.0,0.0,0.0,0.0217719987868609,0.0,0.0,0.0,0.0,0.0,0.0,0.0007092795130358,0.0,0.0,0.0,0.0,0.0,0.0,0.0,0.0,0.0,0.0,0.0,0.0184647426003055,0.0,0.0,0.0,0.0,0.0,0.0,0.0,0.0,0.0,0.0,0.0,0.0,0.0,0.0,0.0,0.0,0.0,0.0,0.0,0.0,0.0,0.0,0.0,0.0,0.0,0.0,0.0,0.0,0.0,0.0,0.0,0.0113554693342484,0.0,0.0,0.0,0.0,0.0,0.0,0.0510624375367279,0.0,0.0,0.0,0.0,0.0,0.0,0.0007600950705565,0.0,0.0,0.0,0.0,0.0,0.0,0.0,0.0071514930425483,0.0056026805616818,0.0,0.0,0.001864369098611,0.0,0.0,0.0,0.0,0.0,0.0,0.0,0.0011724752367556,0.0,0.0,0.0,0.0,0.0,0.0013719769368002,0.0,0.0215496032963569,0.0,0.0,0.0,0.0,0.0,0.0,0.0,0.0,0.0,0.0,0.0234845960634323,0.0,0.0,0.0005553748332342,0.0,0.0,0.0,0.0,0.0,0.0,0.0,0.0,0.0,0.0,0.0,0.0219811092788561,0.0,0.0068349768702634,0.0,0.0010524911405745,0.0029642712987358,0.0,0.0152665160165811,0.0,0.0,0.0,0.0,0.0,0.0,0.0,0.0,0.0104517365323459,0.0039542971244035,0.0,0.0,0.0,0.0,0.0,0.0,0.0,0.0,0.0022966499073331,0.0,0.0,0.0,0.0,0.0,0.0,0.0,0.0,0.0,0.0,0.0,0.0,0.0,0.0,0.0,0.0,0.0,0.0,0.0,0.0,0.0,0.0,0.0404443624993139,0.0,0.0,0.0,0.0,0.0,0.0,0.0,0.0,0.0,0.0,0.0,0.0,0.130466989009323,0.0,0.0,0.0,0.0,0.0
PTLp,0.0005864670672477,0.0,0.0,0.0,0.0,0.0119080701216442,0.0,0.0,0.0155198197300556,0.0,0.0048355284075277,0.0101681448213017,0.0,0.017102422025781,0.0546810294495398,0.578588499258203,0.0034865276007205,0.859855442852276,0.4456016349289,0.032290426752791,0.0449554772675854,0.0052304342058304,0.0083612540354557,0.0,0.0,0.0,0.0,0.0056828712842096,0.0007021075587111,0.124314521740401,0.0378131904481622,0.0,0.0,0.0258077487613967,0.0,0.0,0.151794120824988,0.0,0.0129220491147869,0.0,0.0,0.0040134050093644,0.0,0.0301213872940167,0.0089588660709575,0.0,0.212833184826398,0.0,0.0,0.0146208474084244,0.0,0.0012192993181419,0.0,0.0,0.102034483995364,0.021016277901806,0.0179967608902519,0.0074317885241535,0.0067064809747878,0.0,0.0180224095987737,0.137590661694112,0.0456338097132328,0.0014824090143723,0.0148486226403723,0.0010065815837133,0.0198613680002402,0.0,0.0,0.0,0.0,0.0,0.0,0.0712834300334625,0.0080427527015822,0.284903072526799,0.0,0.0020917987000522,0.0,0.0392707427827865,0.0164522944939141,0.0,0.0116257535858403,0.142091991622323,0.0,0.0,0.0,0.0,0.0,0.0,0.0009983973820097,0.0,0.0204901454569222,0.0,0.0,0.0022202279893326,0.0,0.118747682923073,0.539453017877876,0.0,0.0,0.0042633843739434,0.034585605763867,0.0054620834253874,0.0,0.0,0.0,0.208434938600661,0.0,0.0,0.213538626007738,0.145247459710074,0.0,0.0,0.0161148407357461,1.1189134367727,0.0082927658094383,0.0,0.0022867006202728,0.122728458186765,0.0,0.116019079208285,0.0,0.0819749676796511,0.0,0.0028213519793931,0.0884947373399837,0.070885947450207,0.0594893026573122,0.0,0.31594752577018,0.0729263066309596,0.233006190005484,0.0,0.110821314728922,0.0,0.0056156495856515,0.0462716788913346,0.479150373682743,0.00394469414329,0.0,0.0,2.97099729927384,0.0007314646882059,0.0,0.0,0.0,0.0,0.0,0.0,0.0,0.184871066187998,0.0052324694966503,0.752607327143322,2.38405810738939,2.10755235018644,0.0068359651142762,0.0020633311297564,2.12650877207169,0.0,0.0,0.0,0.0,0.0,0.0014026874413786,0.0,0.0075156474145511,0.012912087142607,0.0225903662170034,0.0600484054676882,0.0,0.0,0.0,0.0,0.0,0.0,0.0,0.0,1.10166297799376,0.0,0.0,0.0345033932085902,0.0096360309381637,0.0,0.0,0.108344586911801,0.0255428685388423,0.254976217682782,0.0,0.0367617426790806,0.0134488860992046,0.0,0.0477921658183713,0.0005436739106122,0.0,0.0,0.500932263823875,0.0,0.0171419211582895,0.0,0.0,0.0,0.15780732091722,0.0327140051269787,0.588886642113421,0.0,0.0347661766151617,0.0086691465624233,0.0,0.0,0.0369857783445422,0.0136022829985442,0.0,0.0,0.0,0.0089520536616951,0.0,0.0,0.0,0.0,0.0,0.0,0.0,0.0,0.0,0.0,0.0702386897770491,0.0966992432746193,0.0155039962389616,0.0,0.0,0.0,0.0,0.0,0.0,0.0,0.0,0.0019477959556125,0.0,0.0212115590122976,0.0,0.0,0.0,0.0,0.20889412462003,0.0514145030781116,0.0,0.0011996761256994,0.0025656433529844,0.0225642282620557,0.0,0.0,0.0012784932802618,0.0019673320998412,0.0,0.0,0.0304478414698017,0.0,0.0,0.0006393174909614,0.0,0.0,0.0,0.0,0.0,0.0,0.0045033634026533,0.0,0.0,0.0011105326510874,0.0030106188101522,0.0016079431147448,0.0,0.0,0.0,0.0044948065020449,0.0,0.0,0.0,0.0,0.0,0.0,0.0,0.0,0.0,0.0,0.0046466978044802,0.0,0.0031128249148304,0.0,0.0,0.0,0.0025238855327886,0.0006374122081544,0.002565804744471,0.0,0.0,0.0,0.0,0.0,0.0,0.0,0.0,0.0,0.0,0.0,0.0012209081346571,0.0467054665707729,0.0,0.0,0.0057672528703495,0.0105561809036418,0.0013891172971172,0.0012883619003732,0.0,0.0,0.0016731767410436,0.0185281669464757,0.0249793870235438,0.0117995628187758,0.0,0.0,0.0,0.0,0.179919326490758,0.0029170254023007,0.0,0.0,0.0363626334392332,0.0,0.0071978339241171,0.0,0.0073837841949048,0.0,0.0,0.0043722114343838,0.0,0.0183940009037282,0.0,0.0,0.0,0.0771854913426629,0.0,0.0137557804993038,0.0031794078110311,0.0027223729779624,0.0,0.0484569712031392,0.004467160596899,0.0,0.0,0.792648403954131,0.0,0.0,0.0,0.0,0.0,0.0,0.0,0.0,0.0009069562072558,0.0,0.0,0.175557830184399,0.0,0.0,0.0,0.0642010606972853,0.0030480966629317,0.0010085543061282,0.0,0.0,0.0,0.0,0.0,0.0,0.0016192226972389,0.0009358052374235,0.0005883548611797,0.0008284533128202,0.0,0.0,0.0,0.0,0.0,0.0027688828978619,0.0,0.258247352979184,0.0,0.0,0.0,0.0007622322758931,0.0,0.0,0.0,0.0,0.0176016539325721,0.0,0.00463616606199,0.0,0.0,0.0,0.0020803855793375,0.0,0.0,0.0167122334071756,0.312542576333568,0.0104766635664612,0.0,0.0,0.0,0.0,0.0,0.0,0.0,0.0022671246272027,0.0,0.0
PVH,0.0,95.8150287113219,114.700917314545,259.288244183316,0.127161817698478,25.676351362229,0.0,0.0,0.0,0.0,4.84059739143828,11.4069221375045,0.0786286295585635,1.68547832152295,107.685956803596,0.0,0.0,0.710643537048548,0.354229782300493,0.608790909790398,2.99754166160753,73.6448789063329,3.1552717858165,123.048233226393,245.289073906299,3.29853478378144,32.3136640575619,36.1701390996608,0.0,0.354123281398757,8.11351552644724,0.0451520185220063,0.0,10.3254794365374,16.8491637772543,0.0,0.657408460256895,0.0,0.0,0.125131839004583,84.7258571495461,5.71915497052877,0.0,17.9957183610161,0.350432858746872,0.0,471.365097202066,227.869495831482,28.6398542149233,26.6981476209217,0.0019802425170016,0.0016113054893312,2.56944465729973,0.0,0.0,0.0,0.0,0.0,6.94966524985701,0.0,0.0125928895156128,0.126380848118537,82.9899677000656,0.0,0.0,0.0,0.302767175882949,0.0,14.3411468116188,0.0,1.91015668639852,0.0,0.381329955084193,6.54019504954491,61.8759694854009,0.65807865459686,21.794035389843,0.0,2.58914233167982,64.7114055450058,26.0489263968945,1.52509803863587,0.0,0.0,0.0,0.0,0.0,0.116651620409433,0.0,0.163797421422472,0.0,1.09306610430464,53.3161558210238,0.0,32.5138238091349,0.0,6.2010319742802,0.0,0.0,0.0,0.0,29.847444706527,0.202636476187494,0.109786950837127,3.11280456366908,0.0636269727472344,0.0,1.59969170721607,0.0,0.0,83.6510451413511,88.4142527380876,48.2379338201081,0.0,12.8213988651875,11.3016937120475,16.4080859985281,0.0,0.0,0.787980682344717,0.0,0.0960671682022355,0.353415067252275,0.0,0.0,0.0,13.9754512661085,103.354665565616,171.331898205212,3.3242861010668,0.0,0.0,35.1784330477043,0.0755793820546703,0.0,18.7826201355959,0.0,0.0,0.0,0.0,0.0,9.40976062885209,5.0323240163848,20.7317519978586,22.392252617097,0.0,1.61501491848752,0.0,4.72588001948305,63.8816092536072,1.09018471368572,0.0,0.234467553686804,29.4024212134621,33.1986430794265,114.959724011815,10.2098749171654,9.48130823526847,0.0,0.484108435425533,0.722403216110611,30.5014614813798,0.0956738684753054,0.0,0.0,0.425041756054501,0.0068216700127509,0.0,0.366036886975153,0.279153792530822,0.0221887763330077,0.0152969938737674,0.0,0.0,2.8461269412835,2.89174561276748,0.0,0.0,3.41719493745429,2.62612810821771,0.0,0.0211882034687257,3.48669668773789,0.0,0.0,2.60820460888945,30.7729691571795,0.0,0.0,36.2852123506787,0.0,0.0,0.0,0.0,0.0,0.0,0.32796902486967,7.16023357889156,0.908003086032007,10.4033678632991,7.43392233382902,4.50974245535007,21.5620325475443,9.14688768186905,1.55275394317699,0.0,0.0,0.0475095685126352,0.0,5.52341161627123,36.1610888447984,112.1647417592,128.429799076236,0.0,0.0,0.0,27.1405672046614,46.7622650066608,0.0,6.60623261268762,10.6784926536419,0.313970378753185,1.54066333358334,69.972184273949,0.140640982032603,0.0,0.156471058307618,0.109303695710147,0.403744892427661,0.689932905591027,26.779182950635,16.6941812230108,53.0906342828324,258.985736330992,4.53752935644768,23.9881560112206,28.6147368430825,0.09378581454129,0.574143118351984,13.5877766529389,0.0,9.52644429923693,9.54489051783884,16.634506313035,0.0,0.184524702946242,0.0,0.0152301444573105,0.0,26.7440724916088,0.852632826683035,0.0,39.6783938327624,0.0,13.4466511381951,525.544517655786,230.166184362667,49.9147330122951,21.0559183074037,0.0680206074734492,0.0026562054761635,0.0,4.53464708301162,2.73594251407838,0.131076798384339,0.0,0.0,6.70760103225453,0.0,0.0,0.0021105505333299,76.3276113142118,0.0,0.0,0.0,0.0,0.0,12.0045901661602,0.0,0.400372992007519,0.0,0.0155092058578708,2.18481222921551,31.8529971552034,0.0,15.6608874759882,0.0,2.7176793868778,24.2772620415274,8.4265133492114,3.10120269612902,0.0,5.34998032193154,0.0,0.0,25.0677920021109,0.0641397734314774,0.0,0.062340858691927,1.59112114842826,0.918461369174063,5.4339911653571,0.0,3.67981755160277,0.286932413899054,0.0,0.0047856135723917,0.0,2.00796550366556,0.0175115847210549,17.8995508370386,0.0454156742179753,0.0,2.25311479565842,0.0,0.0,0.860815669918678,0.0,12.8279643154015,53.6997404999112,39.2212667416648,22.815319915655,6.5223692993644,11.1565261340135,0.0,19.8784549861295,0.0,0.0,0.132173055970351,20.8928203072209,0.0,0.311687807792889,0.0,0.0025930723565224,0.0,11.3351928367387,172.518050776435,61.435754587969,1.85187583518344,0.0,0.0,20.2167818982639,0.0245236814374509,0.0,19.6005974617605,0.579122950088893,0.0,0.166521052013663,0.0,0.0111653018956568,6.18595709388972,2.53901985085277,10.6978604475411,0.67088016849674,0.0,0.0,0.0,0.0,127.848743055634,0.0,0.0,0.0,15.4528714637349,24.5908007384324,62.0985923409947,28.2589597462133,1.03621890279879,0.0,0.0097522706588663,6.3259287931087,52.3075137743553,0.152032155914148,0.0,0.0,0.0,0.0,0.0,0.182548695361735,0.110344971922372,0.0091076744565561,0.0103228850260126,0.0,0.0,0.46745238390055,1.07819016904686,0.0,0.0210648170953051,1.61245712938686,0.287344173450469,0.0,0.0,1.94575522390395,0.0249689460633943,0.0014043694236192,1.18584469861362,30.0900372728206,0.0271500287119908,3.03570917835448,37.771255081117,0.0,0.0,6.26603422778468,0.0,0.0,0.0,0.213631746193307,3.08115725976662,0.456167763679066,5.407405781787,9.01773577325855,2.555160764308,1.78032069168185,0.0,1.06096486851759,0.0884739803890884,0.0,0.0,0.0
PVT,0.0472403677803509,0.0,0.0,7.08057151552626,0.0019663778485576,0.129715547450783,0.0,0.175875706429411,0.558235159862237,0.0,0.201666512616588,0.120483947031354,0.0,0.0,1.16225156384243,0.0008846591838874,0.0032358642920108,0.0,0.0,0.0032021019870155,0.00470213461905,0.812357130004112,0.802363568677389,1.57686774817069,0.267861497453242,0.0093455362937606,0.0,1.49792372769404,0.0,0.0,0.272387030486627,0.0,0.048861133386177,0.0661134101756716,0.0142994675862549,0.411666385962143,0.0,0.0,0.0008074827047234,0.0,0.0,0.233309508923718,0.0,0.0995784306468057,0.0038506445465671,0.164852929358369,0.355487145936954,0.0446252846668562,0.322879506964078,0.139184100134288,0.0,0.0,0.0,0.1378412565558,0.0,0.0,0.0,0.0195427227018851,0.153865378090408,0.0,0.0,0.0,0.842851817374416,0.0107030927839221,0.0,0.0,0.0334206514783034,0.0,0.188712117001809,0.0,0.0,0.0010309478989048,0.0016048647277991,0.068035425116613,0.371017495575207,0.0,0.139864641812401,0.0,0.0,0.548357519775771,0.460533182562375,0.0230617118877009,0.0,0.0749469344170936,0.0,0.0,0.322103897455881,0.0034677437708558,0.0,0.0046303345638552,0.0748129766975483,0.0024115264435141,0.0236104981314022,0.0,0.0,0.0648827943878734,0.084819916557677,0.0,0.0159211001580559,0.005849654326301,0.0,0.0199611792615211,0.0034124428252251,0.0,0.0113969735634349,0.0,0.0,0.0093799396421662,0.0,0.0,0.471333371829593,0.0,0.6302536039465,0.186700207349147,0.0029425992789082,0.01661188336932,0.0,0.0,0.0013159646312651,0.0166463457838454,0.0,0.0,0.0,0.0,0.0,0.0,0.0,0.0730302753870603,0.418969995934733,0.0,0.0,0.0,0.0,0.0,0.0,0.0,0.0,0.0,0.0070362429135717,0.0,0.0,0.297943053636297,0.0,0.051530287239958,1.48379113356506,0.0005829084153239,0.0515119722048676,0.0,0.0189893992307051,0.133728984376892,0.0091072172523301,0.0,0.0020586936904512,0.0,0.0,0.0,0.270483199052354,0.0992359965125315,0.0,0.0,0.0034982176928923,1.01344581183241,0.0,0.0,0.0,0.003475096884301,0.0,0.007111963302609,0.0011691355742926,0.0,0.0,0.0,0.0,0.0,0.0,0.0155478701490986,0.0,0.002435595418588,0.0,0.0,0.0018273781584933,0.0,0.0104104812044888,0.0,0.0,0.0648343303436732,0.0127089611505119,0.0,0.0048489922906058,0.144109261655734,0.0853548128611109,0.0,0.0,0.0,0.0,0.0125515306960979,0.0,0.0,0.0,0.0,0.0,0.0,0.0,0.24296046262289,0.0,0.0,0.0,0.0036093508366419,0.0,0.0024578196160507,0.0295862615824052,0.0178705103772556,0.873672493098399,0.0,0.0189489369292689,0.0017622856898882,0.0120740341582319,0.0,0.0,0.0141208507284742,0.0104334169301285,0.0,0.0,0.200761857454507,0.0,0.0018471584387045,0.0,0.0,0.0,0.0,0.105227483676304,0.114709136711965,0.280167971335534,0.0,0.0,0.0,0.22861752205146,0.0,0.0,0.0086562887252816,0.0021190028552417,0.0140382236239972,0.0069476381031183,0.0030652675893422,0.133100216284852,0.0308217410579854,0.0,0.0,0.0,0.0,0.0480174849705262,0.0,0.0,0.0,0.0047784291877218,0.0,0.0,0.020997224872432,0.0115445523729309,0.0,0.0,0.0,0.0208459085350137,0.0034470739119274,0.0,0.0,0.002121623112788,0.0163642720291978,0.0,0.0,0.0,0.0191730916627717,0.022576906420145,0.0,0.0,0.0378045153063837,0.0,0.0108612494926235,0.0,0.0,0.0,0.0,0.015677025070441,0.0165402074343117,0.0,0.0069126692199324,0.0,0.0,0.0277342524926752,0.0483941779846919,0.0,0.0,0.0357876191817592,0.0,0.0,0.026717839736168,0.0,0.0,0.0,0.0116261300411632,0.0035392238654903,0.0116715177252621,0.0298621561211729,0.0283369733411688,0.0058798104084939,0.0077943106179411,0.0,0.0,0.0036632131670621,0.0,0.0,0.0030958112634931,0.0,0.0005272845259685,0.0,0.0,0.0047313577773556,0.0,0.0,0.0128818540982936,0.0,0.0254028999686074,0.0076584119812832,0.0007560539498846,0.0,0.0,0.0,0.0,0.0123321442796112,0.0,0.0022483841918712,0.0,0.0006811443984066,0.0,0.0,0.0,0.008259360291403,0.0005871838129676,0.001685230262291,0.0,0.0,0.0,0.0,0.0,0.0,0.0,0.0,0.0,0.0,0.0,0.0104385600489393,0.0,0.0073709851363488,0.239033132036342,0.0,0.0032467137210352,0.0,0.0065211537569955,0.0185870902211569,0.0008252892668486,0.0,0.0,0.000989312047091,0.0,0.0,0.0570583810784104,0.0113685492926447,0.0,0.0,0.0,0.0617802022684681,0.0,0.0,0.0,0.0005823369124091,0.0,0.0055470836163191,0.0011030176902186,0.0,0.0,0.0,0.0,0.0,0.0,0.0,0.0,0.0,0.0,0.0,0.0023032145642016,0.0,0.0055225022134605,0.0,0.0,0.0016557095338534,0.0,0.0,0.0,0.0169694669476574,0.0219360184985221,0.0,0.0,0.0,0.0,0.0008962667118577,0.0,0.0,0.0,0.0009410687036233,0.0,0.0,0.0,0.0533526245057644,0.0,0.0,0.0,0.0,0.0
PVp,0.07845345073747,0.0,0.0,0.0,0.0324295490537841,0.407604284469341,0.0,0.0417249339830947,0.0,0.0,0.0635297655419704,0.0,0.013208180095469,0.0,0.0291983146230379,0.0,1.38031472818251,0.0,0.0,0.0,0.0414272903809711,0.0,0.0,0.0,0.0,0.0,0.0,0.0,0.0903638051385864,0.0043758033702946,0.0,0.0841710383255521,0.0,0.240351962990757,1.50966518232912,0.0,0.152233498423178,0.0124328947870162,0.0,0.0007004920095055,0.0,2.79297417081112,0.0,0.0,0.0099087665496214,0.0268339818008769,0.580834524326544,0.288030928017822,0.0,0.0,0.0026128715853035,0.0,0.0,0.0065558093335313,0.0,0.0,0.0,0.0,0.0,0.0,0.0013789846540342,0.0,0.0,0.0,0.0,0.0005451121988922,0.0511081011302331,0.0,0.0190706896387956,0.0020154040682856,0.0143877039092447,0.0,0.0,0.0,1.00400603098457,0.0,0.0,0.0,0.0025182608312565,0.0,0.225985300763014,0.0194366036860006,0.0,0.0390143358275447,0.0,0.0,0.0,0.0,0.0,0.0,0.0780843195830392,1.31107550176684,0.0,0.0,0.0,0.205330747036224,0.0,0.0,0.370377694990155,0.0,0.0,0.734378147982536,0.0,0.0012178402852976,0.106059211825296,0.0127687373370111,0.0,0.0,0.0,0.0,0.0042101460730166,0.0,0.335882464297324,0.0,0.28144340988632,0.257979450500587,0.0,0.0,0.0,0.0,0.0337678009252818,0.04385360880799,0.0285858489668066,0.0753088743814929,0.0,0.0,0.0,0.432795242944923,0.0,0.0,0.0,0.0,0.0,0.0,0.0,0.0,0.0,0.0,0.0253426671853008,0.0,0.0055156667454476,0.0,0.0,0.0088401795590006,0.0,3.12148223804642,0.053942622281184,0.0372462704714508,0.183110700101258,0.263566830189371,0.0,0.0255843970167735,0.0028384272660222,0.0,0.0167307873197993,0.0,0.112486590548421,0.471368439307384,0.0,0.0,0.0,0.114785133445251,0.0170845868100973,0.15736960778692,0.0,0.0,0.0,0.0,0.0763889685163201,0.0222333906565876,0.0019446711728064,0.0,0.0,0.0,0.0,0.0,0.0,0.0,0.0,0.0,0.0,0.0,0.0,0.0,0.0018744943663169,0.0718328939700569,0.356708371371665,0.055245507206314,0.154919401474863,0.241071344057152,6.7161233479931,0.0,0.0,0.0,0.0,0.0,0.0,0.0,0.0018850174982101,0.0477732334350507,0.0,0.0016708187316918,0.0,1.2224710301074,0.0,0.0,0.0008367143664366,0.0424120050831482,0.0,0.0404721492903232,0.0024029634571606,0.0311362567234594,0.0,0.0,0.0,0.001387915268286,0.0173035472112998,0.0025127440229388,0.0,0.0,0.0011075567624116,0.102993683659495,0.0,0.0259267504904443,0.0,0.261408462268542,0.0,0.0,0.0012403434932325,0.0032260431655637,0.0,0.0,0.0,0.0,0.0,0.0275902752463042,0.0,0.027494398534115,0.0,0.0014883877488373,0.0,0.0,0.0,0.788220062780726,0.159919697900725,0.0,0.0180934241654506,0.0281636711148573,0.00533131387332,0.0,0.0,0.0,0.0081729049200645,0.0263095311234412,0.0298234290962937,0.104617732490098,0.10029833902719,0.0191335158208077,0.0150071072296115,0.0008932420485623,0.0044769058844476,0.0,0.0,0.0085703666981074,0.0,0.0,0.0052663542511261,0.0,0.0,0.0,0.004036066903565,0.0,0.0,0.0,0.0059670787286378,0.0090649640018509,0.0006209441963858,0.0174063317010247,0.0,0.0026541188839805,0.0,0.0,0.0,0.0,0.0,0.0026047777733539,0.0,0.0,0.0,0.0,0.0,0.0,0.0,0.0,0.0,1.11570651743959,0.0,0.0,0.0,0.0519082457554366,0.0,0.0546444184965277,0.0,0.0,0.0,0.0,0.0,0.0,0.0,0.0027397410257177,0.457903250077391,0.0,0.0317277248693419,0.0220691692485464,0.0135091240840118,0.0,0.0,0.0,0.0,0.0064353868364762,0.0119717594775021,0.24362563227822,0.0836307617804487,0.331824236276363,0.0119196004921925,0.0,0.0,0.0219527430086053,0.0,0.0015053209951597,0.0,0.147837731395731,0.200704941932077,0.0,0.0,0.0,0.155473743377373,0.0008945733096791,0.0,0.0,0.0,0.0,0.0,0.0,0.0,0.0230643509513201,0.0016001024739816,0.0,0.0,0.0123264361410148,0.0,0.0,0.0,0.0,0.562083255230968,0.0,0.0200629316458325,0.0667095566016994,0.0600550545724982,0.0194550321015308,0.0,0.0,0.0,0.0,0.00677695884356,0.0,0.0,0.0,0.0,0.0271751951565045,0.0,0.0642356038551982,0.0332611624018538,0.0,0.0,0.0,0.0,0.0096559808080385,0.0,0.0011269457478866,0.0,0.0,0.0,0.0,0.0,0.0,0.0,0.0,0.0,0.0,0.0014316315112973,0.0,0.0,0.0,0.0052154592915957,0.23695985669639,0.0053214953614839,0.0727123597968292,0.209149330011864,2.30073727340124,0.0,0.0,0.0,0.0,0.0174240761379258,0.0,0.0,0.0,0.0,0.0,0.0,0.0,0.0260858940167242,0.0,0.0,0.0,0.0,0.0
PVpo,0.0,0.0,0.0,0.0,0.0,1.98932503320291,0.0015989816968999,0.000686173779233,0.0039114898346081,0.0,0.0,0.0,0.0008158555364324,0.0,0.0,0.0,0.803629430387136,0.0,0.0,0.0,0.0,0.0,0.0,0.0,0.0,0.0,0.0,0.0,0.0,0.0,0.0,0.0327852638945762,0.0,0.0,0.0,0.0,0.0,0.0,0.0,0.0,0.0,0.643324221815988,0.0,0.0,0.0,0.0,0.0,0.0,0.0,0.0,0.0,0.0,0.0,0.0018573809865889,0.0017358711517472,0.0053861648974945,0.0,0.0029445454156955,0.0,0.0,0.0,0.0,0.0,0.0,0.0,0.0,0.0,0.0,0.0,0.0,0.0,0.0,0.0,0.0,0.617547371202192,0.0,0.316714579072073,0.0,0.0,0.0070592168000318,0.892190354371287,0.0,0.0,0.0,0.0,0.0,0.0,0.0,0.0,0.0,0.0,0.211156979674167,0.0,0.0,0.0,2.78769822127351,2.7814013457415,0.0,0.0,0.369539338092686,0.0,0.0726667463047566,0.0,0.0,0.0,0.0,0.0,0.0,0.0,0.0,0.0,0.0,0.0,0.0,0.0,0.0,0.0,0.0,0.0,0.0,0.0,0.0,0.0011775079968331,0.0,0.0,0.0,0.199991031335461,0.0,0.0,0.20271604265713,0.0,0.0,0.0,0.0,0.0,0.0,0.0010152744391959,0.0,0.0,0.0,0.0,0.0142860514961507,0.0,0.0,0.557949349569996,0.23391865144008,1.44575966702147,0.0,0.0,0.0,0.0,0.0087805238781599,0.0136648574926808,0.0,0.0,0.0,0.0,0.285849457019751,0.0,0.0,0.0992566502307084,0.0,0.0,0.0,0.0,0.0,0.0,0.166639589643348,0.0009513589690539,0.0,0.0,0.0,0.0,0.0,0.0,0.0,0.0036592992904424,0.0012904519748654,0.0,0.0,0.0070596596844533,0.0,0.252072815253992,0.0,0.0,0.0,0.0,0.0,0.0,0.0,0.0,0.0,0.0,0.0009950534548517,0.0,0.0,0.0,0.0,0.0,0.0,0.0,0.0,0.0,1.0241390693017,0.0,0.0,0.0,0.0124029323747682,0.0,0.0,0.0,0.0,0.0,0.0,0.0,0.0018410163263783,0.0,0.0,0.0,0.0,0.0,0.0,0.0,0.0,0.0,0.423418866720485,0.0,0.0,0.0,0.0,0.0,0.0,0.0,0.0,0.0,0.0,0.0,0.0,0.0,0.0,0.0,0.0,0.0,0.0,0.0,0.0,0.0,0.0,0.0,0.0,0.222095389553744,0.0,0.0,0.0,0.0,0.0,0.0,0.0,0.0,0.0,0.0,0.0,0.0,0.0,0.0,0.0,0.0,0.0,0.0,0.0,0.0,0.0,0.0,0.0,0.0,0.0,0.0,0.0,0.0,0.0,0.0,0.0,0.0,0.0,0.0,0.0,0.0,0.0,0.0,0.0,0.0,0.0,0.0466957606231776,0.0,0.0,0.0,0.0005174730401324,0.0,0.0,0.0,0.0305998511721182,0.0,0.0,0.0,0.41735600153765,0.0,0.0,0.0,0.0,0.0,0.0,0.0,0.0,0.0,0.0010844780125968,0.0,0.0,0.0,0.0,0.0,0.0,0.0,0.0,0.0,0.0,0.0,0.0,0.0,0.0,0.0,0.0027587322654318,0.0,0.0,0.0,0.0,0.461250673229039,0.0,0.0,0.0854728931002029,0.0,0.0,0.0,0.0,0.0,0.0,0.0,0.0,0.0,0.0,0.0,0.0,0.0,0.209368213886924,0.308696740659937,0.0910306908586515,0.151293743856611,0.0,0.0,0.0,0.0011435414149461,0.0,0.0,0.0,0.0,0.0,0.0,0.0761404902770202,0.0,0.0006613809556494,0.0,0.0,0.0,0.0010085030120442,0.0,0.0,0.0008069745022763,0.0,0.0,0.0,0.0,0.0,0.0,0.0,0.0,0.0,0.0,0.0,0.0,0.0,0.0,0.0,0.136213495401141,0.0,0.0,0.0,0.0,0.0,0.0,0.0,0.0276657132639907,0.0,0.0,0.0011422557592861,0.0,0.0,0.0,0.0,0.0,0.0,0.0,0.0,0.0,0.065738318670669,0.0,0.0,0.0,0.0,0.0
PYR,0.0,0.0,0.0,0.0,0.0,0.0,0.0,0.0,0.0,0.0,0.0,0.0,0.0,0.0,0.0,0.0,0.0,0.0,0.0,0.0,0.0,0.0,0.0,0.0,0.0,0.0,0.0,0.0,0.0015083148530616,0.0,0.0,0.0,0.0,0.0,0.0018876802173577,0.0,0.0,0.0022452853137262,0.0,0.0,0.0008190743338951,0.0,0.0,0.0,0.0,0.0,0.0,0.0,0.0,0.0,0.0,0.0260992338138086,0.0,0.0,0.0,0.0,0.0,0.0,0.0,0.0,0.0,0.0,0.0,0.0,0.0,0.0,0.0,0.0,0.0,0.0,0.0,0.0,0.0,0.0,0.0,0.0,0.0,0.0021936870426126,0.0,0.0,0.0,0.0,0.0,0.0,0.0,0.0,0.0,0.0,0.0,0.0,0.0,0.0,0.0014917223788849,0.0,0.0,0.0,0.0,0.0,0.0,0.0,0.0,0.0005309590711675,0.0,0.0,0.0,0.0008172717962842,0.0,0.0,0.0,0.0,0.0,0.0,0.0015385834374023,0.0,0.0,0.0,0.0,0.0,0.0,0.0,0.0,0.0,0.0012068595343448,0.0016954979507977,0.0,0.0,0.0,0.0007372057020031,0.0,0.0,0.0,0.0,0.0,0.0,0.0,0.0,0.0061313176769175,0.0,0.0,0.0,0.0,0.0,0.0,0.0,0.0,0.0,0.0,3.07994829077532,0.0,0.0,0.0,0.0,0.0,0.0,0.0,0.0,0.0,0.0,0.0,0.0,0.0,0.0,0.0,0.0,0.0,0.0008967371130193,0.0,0.0,0.0,0.0,0.0007037523749167,0.0,0.0,0.0,0.0,0.0,0.0,0.0,0.0,0.0,0.0,0.0,0.0,0.0,0.0,0.0,0.0005510286145694,0.0009125314200985,0.0,0.0005708474069646,0.0016491107911837,0.0,0.0,0.0,0.0,0.0,0.0,0.0,0.0,0.0006344644060842,0.0,0.0,0.0,0.0,0.0,0.0,0.0,0.0,0.0,0.0,0.0,0.0008971289541687,0.0,0.0,0.0,0.0,0.0,0.0,0.0,0.0,0.0,0.0,0.0,0.0,0.0,0.0,0.0,0.0,0.0,0.0,0.0,0.0,0.0,0.0,0.0,0.0,0.0,0.0006934032591589,0.0,0.0,0.0,0.0,0.0,0.0,0.0,0.0,0.0019124281801019,0.0,0.0,0.0061805665409203,0.0,0.0,0.0,0.0,0.0,0.0,0.0,0.0,0.0,0.0,0.0,0.0,0.0,0.0,0.0,0.0,0.0,0.0,0.0,0.0,0.0,0.0,0.0,0.0,0.0,0.0,0.0,0.0,0.0,0.0,0.0,0.0,0.0,0.0,0.0,0.0,0.0,0.0,0.0,0.0,0.0,0.0,0.0,0.0,0.0,0.0010264197255749,0.0,0.0,0.0,0.0,0.0,0.0,0.0,0.0,0.0,0.0,0.0,0.0,0.0,0.0,0.0014251882300207,0.0,0.0,0.0,0.0,0.0,0.0,0.0,0.0,0.0,0.0,0.0015013169185918,0.0,0.0,0.0,0.0,0.0,0.0,0.0,0.0,0.0,0.0013032024434983,0.0063228919918567,0.0,0.0,0.0,0.0,0.0,0.0,0.0,0.0,0.000717552494093,0.0,0.0,0.0,0.0193482482265271,0.0,0.0,0.0006102039388237,0.0,0.0,0.0,0.0,0.0,0.0,0.0,1.15051730563791,0.0,0.0,0.0,0.0,0.0,0.0,0.0,0.0,0.0,0.0,0.0,0.0,0.0,0.0,0.0,0.0,0.0,0.0,0.0,0.0,0.0,0.0,0.0,0.0,0.0,0.0,0.0,0.0,0.0,0.0,0.0,0.0,0.0,0.0,0.0,0.0,0.0,0.0,0.0,0.0027995181435305,0.0,0.0008958457512701,0.0,0.0,0.0,0.0,0.0,0.0,0.0,0.0,0.0,0.0,0.0,0.0,0.0,0.0,0.0,0.0,0.0,0.0,0.0
RCH,0.0,0.383582409325618,2.34869462575722,0.0,0.0,2002.50314360528,11.3720274857236,0.0,6.54004962292392,0.0,7.52417125040928,0.0,5.20805879446763,0.0,7.59508220789291,0.0,73.1877042360743,0.009170107827266,0.830552736229067,2.04539816506342,0.0,0.0,0.0,0.0,165.011467600994,0.0,0.0,0.0,7.97010085212225,0.0,0.0,52.5077650261442,0.0,0.0,5.23100857166595,18.7475184398284,501.500587093074,0.748069528479423,126.453128132551,1.82452104907814,0.0,584.794693912584,0.0,0.0,0.0,4.77430969310586,96.1887495003522,64.957340116199,0.0,0.0,0.15673535069572,0.0,0.0,0.0,36.3716914702423,55.710041169519,0.0,0.0,0.0,0.0,0.0,0.0,21.8294202801408,0.0,0.0,0.0,150.313026884285,0.0,107.228444088435,0.0,44.060179999276,0.0,0.0,243.117825954428,1688.38005880234,0.0,308.671924190324,0.0,761.171049340995,5001.14935943174,1198.00204341076,0.0,0.0,0.0,0.0,0.0,0.0,7.22259552044504,0.0,22.2062669894222,130.146005762974,168.505769129172,3.54179891186592,4.69034286276728,4.66524518568665,421.535968000355,97.8587052452593,0.0,0.0,1016.20716924525,0.0,499.037815951382,88.7201296740577,0.0,11.572447179901,0.846708285997919,0.0,0.0,0.0,0.130541686287568,1.29394404102187,0.792453290503173,24.8533401487707,177.265249809172,31.0975130393243,0.0,0.0692451170508719,0.0,0.0,267.387111133276,0.0,0.0,4.29154174087452,0.0,0.0,0.0,0.0,27.6870552667201,7.28349713718814,348.958160330661,0.0,7.8701957171347,2.38790157142767,3.1287068973226,0.0,0.0912501189862151,0.391212155988501,0.0,0.0,0.0,0.0,162.171217797368,0.109027886736562,201.745226131724,0.0,20.6325284509324,16.4427777023336,0.0,205.28838321453,0.0,0.0,0.0,0.0,0.265099800528375,0.713917702057937,0.0,0.0,150.472328794707,0.0,0.0,160.249150936851,0.0,0.995525283352836,0.0,0.0,0.0,0.0,0.0,16.5758897825688,0.0,0.0450873658195501,0.0,0.0,0.0,2.78846152004735,28.537231017338,5.60317436196791,5.34494294432681,1.33687072132659,0.485868070982911,1.381280983218,6.27715603694105,256.645590629908,0.0,0.0,3.03377285615685,0.0,0.0,52.7530964373935,25.4024939381185,812.98392235503,0.0,0.0,2.34353481435042,0.0,0.0,0.162846020877231,0.0,0.106940990123191,1.36908855620766,0.161218588604364,0.0131282770868105,0.0,1817.07771915328,0.0,0.0,0.0,0.0,0.0,0.0,0.0,3.60833801704194,0.0,0.0,0.0,0.182841178891895,7.92679346788645,2.0697446796505,0.0,0.131191323803891,0.993907457980723,2.42629653872497,0.0,1.0646116973829,0.0,19.5899418986421,0.0,0.0857504363574646,0.0,0.0,0.0,0.0,0.0,11.3523704301686,0.285451658383261,5.97181920242392,0.0,1.49495160556206,0.0,0.0322715726259567,13.5768946101839,0.0,0.0,1.36817879673675,8.53565937821657,110.440355520976,2.05907772193819,0.985485418387789,3.32378038966248,67.2699766811503,0.0,0.0,0.543572167929709,0.0,0.676959750221442,3.99258074280028,5.86251443099809,1.15699167692166,0.0755327552737999,0.0,0.0,0.0,0.0,2.8009936787288,1.27546536879086,0.0,6.49047232109376,0.0,0.0,0.0,0.193040206580623,0.0,0.0,0.0,0.0,33.9060596339508,0.0,3.34327253830906,0.0,0.0,1.49614088285556,0.867149424658485,0.0,0.0,0.0,0.0,0.0,7.97696259383768,210.233031421396,28.127900978095,2.15866239170516,0.0,0.0,2.40546822994476,0.0,9.50062582471762,1.61684920243479,5.57800925075704,5.90796485505052,3.13936752640735,106.07322591725,1.04672808483187,0.0,0.175783949028191,2.56266607790587,0.0,0.0,0.0,182.580551822297,0.0,48.0220066813544,14.4025005301151,0.0482023797307218,0.0968125731006538,0.0379381471161358,0.0,0.0,0.0,0.0,1.94286081811523,0.409895915389684,20.4542135319033,0.0,0.137137883767615,0.0,3.55991839557923,0.0,0.0,40.481875991753,0.0404088473865795,0.0,0.130615689170897,0.0,0.0,0.0,28.9978330986174,19.1429988853773,0.0495209773880374,280.333469741166,0.0,1.61903836562625,6.54813135570208,3.43316543621945,0.0,4.76629276649084,2.89335015209547,0.0,0.0,0.0,0.0,0.0,0.0,1.90121792230826,0.0,2.05090467973693,0.204857452428977,0.0,18.6225208269707,0.0,0.0,0.0,0.0,0.0,1.49407362637941,3.34244356697549,0.0,3.98955839480166,0.0,0.0,36.9669647583221,10.1992535931054,0.437513636451133,0.0,0.0,0.0,0.0,0.0,0.0,3.99164355104344,0.244058369694965,0.0171601232264747,0.409673780785392,0.0,0.0,0.0,0.714187902044512,0.0,0.0,0.0,12.6663704118448,0.0,51.9785508110918,0.8733224345863,0.0,0.287991405007273,0.0,0.0,20.0867411975635,10.9986435078387,0.0,0.0,0.0620596939523925,0.356207939298197,0.0,0.103121184201233,0.0,0.0,0.0,0.0,1.25721810117711,0.0,0.0,0.0,0.0,0.0,0.0,0.0,0.0
RE,0.0870651432098522,0.0,1.16634663714663,0.0,0.0,0.0,0.393770678411194,0.808540924316961,1.06488476145128,0.0,0.0,0.0,0.0,0.0142931658377499,0.289927951420129,0.0042929613072563,0.009772588591809,0.0,0.0068031659744594,0.00936989078803,0.0,0.155943872849105,0.371328169520824,0.0,1.96028753606008,0.0081028016233804,0.0703687308891747,0.137043561106149,0.0010508877836543,0.0,0.353777272301762,0.0,0.0807103311749804,0.130738297241157,0.293836690347834,2.60142621836369,0.0,0.0013432966991628,0.0005848549858461,0.0,0.72474035859433,0.0,0.0,0.630015707729695,0.0,0.591039825855597,5.01001112664443,2.10949304246801,0.899738570672195,0.311999563327785,0.0,0.0,0.0,0.120488595991722,0.0903136620596172,0.0005581580676693,0.0,0.0916684312309698,0.0608207029590916,0.0,0.0,0.0,0.963200552526517,0.0276301794708885,0.0,0.0,0.0,0.0,0.149518912877333,0.0,0.0,0.0041355121839446,0.0017433598086384,0.0,0.0795613390470857,0.0,0.0267488516488026,0.0,0.0039727526035837,0.0,0.0,0.0231949308177922,0.0,0.075043347874145,0.0,0.0,0.480317839253467,0.0,0.0031850342968025,0.0,0.0184622628405386,0.0,0.0,0.165946061310804,0.0,0.0740503928406679,0.0639352567187415,0.0,0.0107253933245593,0.0687098245881676,0.0,0.0,0.0,0.0,0.0249640167733256,0.0013788909099673,0.0011378469919709,0.0006695248186148,0.0,0.529695020972205,0.541675505426724,0.104055168587523,0.0,0.137343594700962,0.138969760180923,0.0,0.156088190964435,0.0,0.0,0.0,0.570578410907406,0.0052898511251423,0.0054171150340061,0.0,0.0,0.0,0.0,2.30743740915916,0.0,0.0,0.0040838117078235,0.0005714490506319,0.319579079103512,0.0,0.0,0.170948819250624,0.0,0.0,0.0,0.0,0.0,0.0,0.0,0.0121643609951473,0.0,0.0018807682920151,0.0,0.0,0.0,1.86200271060757,0.039353041695957,0.0,0.0,0.0807625681949787,0.094040596582287,0.633412370811487,0.647631410694812,0.0,0.0055395698254802,0.0,0.0475968045944486,0.601180095390071,0.0,0.17186503675589,0.0,0.0,0.0,0.0218129429541829,0.0,0.0,0.0,0.0,0.0,0.0,0.0,0.0,0.0080711730961847,0.0181689257312441,0.0,0.0,0.0892082740916511,0.0,0.0,0.0,0.0,0.0750802139085145,0.296079406369952,0.0,0.0176143995377904,0.435077073495509,0.051274188265398,0.0,0.0977185426802712,0.0015735651970916,0.0007265360968011,0.118639933088434,0.0,0.0,0.0074483767967,0.0424443426150077,0.070552975911637,0.0121136860596851,0.158454462419225,0.0,0.0129076318807488,0.022407076150916,0.0095958085122014,0.0,0.0,0.0306428682989488,0.277020792710499,0.882036865001031,1.1732885704216,0.0,0.0815744563445647,0.26061191658968,0.544606329370661,0.633342288116652,0.0,0.0,0.0,0.0,0.0112350074777616,0.372212163766533,0.0,0.0038910070599573,0.0008201427934578,0.0008296206029853,0.0037114233834508,0.004369360935127,0.304749688215687,0.151344104210709,0.133166249628414,1.62784805889625,0.0045046664832209,0.0,0.103526709422428,0.0,0.0,0.215312023468398,0.0,0.0,0.0839481481839241,0.163890415760186,2.31222537184557,0.0,0.0021960443065644,0.0005995313808378,0.0,0.0613811630051902,0.0132365548042396,0.0,0.416721796181566,0.0,0.458847289990826,3.79464760187219,1.50528116025292,0.506099581509214,0.16154565514458,0.0,0.0,0.0184056676186375,0.0814700321690451,0.0774217796357531,0.0020717236511773,0.0,0.027214405197165,0.0430867230701394,0.0,0.0,0.0,0.718775547723906,0.0302542609463491,0.0,0.0,0.0,0.0,0.0882876007243503,0.0,0.0022192534329405,0.0009467757092258,0.005319204808903,0.0082232289179244,0.159086945743725,0.0017413813664736,0.0337417077506595,0.0,0.0,0.150734712359322,0.0675437670163162,0.0091476417280327,0.0,0.0333153801539629,0.000532627812092,0.0,0.199836631168914,0.0,0.0007806070680013,0.0,0.0012810867926822,0.0,0.0571614460987497,0.0608671603388365,0.265701938734389,0.0420090369287978,0.0715136176648668,0.0,0.0142860754157263,0.0218391616828667,0.0,0.0,0.0,0.0,0.0184233760828895,0.0008515644289842,0.0,0.0057837607377944,0.0,0.301361306844395,0.512416840277407,0.307992994672824,0.267044828542504,0.054012746003847,0.0903521471374189,0.0612684913295655,0.125813700324009,0.0,0.0031579202970796,0.0,0.297743742087635,0.0048574584405887,0.0,0.0,0.0,0.0,0.0,1.3479803033083,0.45690807914498,0.0,0.0,0.0,0.169690263120387,0.0,0.0005137547365598,0.116646631908456,0.0020189423590134,0.0,0.0,0.0,0.0,0.019810153851321,0.0214702888906165,0.0435302318362257,0.103781362911043,0.0,0.0044794317015431,0.0,0.0187707729636246,0.993045806340485,0.0396384708093316,0.0,0.0,0.12195203368369,0.188758310768687,0.46591923087506,0.425939170471494,0.0050729235599274,0.0024912250431733,0.0005231053238957,0.0,0.482540077475177,0.0,0.158646599412001,0.0006595561891549,0.0020449082844592,0.0,0.0103812853956369,0.0,0.0005304627103306,0.0,0.0,0.0,0.0,0.0068603765934475,0.0092978594058762,0.0020306335116853,0.0,0.0135279032946174,0.004519413766692,0.0028368339429335,0.0,0.0014893464590183,0.0,0.0,0.0505374777996452,0.218416519490156,0.0,0.0,0.305707768493896,0.0525686195147943,0.0,0.0353337972776071,0.0007316076251806,0.0,0.0448656022553305,0.0027942941013732,0.0267154598054208,0.0039975031213939,0.0403319557468007,0.0603246020767535,0.0200795919359424,0.277260704043615,0.0188771389382287,0.007066972389674,0.0052467896121914,0.0015522020998975,0.0005267268281849,0.0
RH,0.0,0.0,0.0,0.0,0.0,0.0,6.55627928540765,1.51854305740167,1.17733955204448,0.0,0.0,0.0,0.0,0.0,0.0,0.0,0.0,0.0,0.0,0.0,0.0,0.0,0.0,0.0,0.0,0.0,0.0,0.0189986056272675,0.0,0.0,0.299399234854836,0.0,0.0302435994034712,0.0,0.0,1.70483466331376,0.0,0.0,0.0,0.0,0.0,0.0,0.0,0.0,0.0,0.665973457738423,0.0,0.0,0.012958523777253,0.0,0.0,0.0,0.0,0.152139405360275,0.220286113362141,0.0,0.0,2.0317693467032,0.0,0.0,0.0,0.0,0.0,0.0,0.0,0.0,0.0,0.0,0.0,0.0,0.0,0.0,0.0,0.0,0.0,0.0,0.0,0.0,0.0,0.0,0.0,0.0,0.0,0.0,0.0,0.0,0.0,0.0,0.0,0.0,0.0,0.0,0.0,0.0,0.0,0.0,0.0,0.0025475866277097,0.0,0.0,0.0,0.0,0.0,0.0,0.0,0.0,0.0019133024696801,0.0,0.0,4.26722382795353,0.0,0.0,0.0,0.0,0.0,0.0,0.0,0.0,0.0,0.0,0.39884885199992,0.0,0.0,0.0,0.0,0.0,0.0,0.0,0.0,0.0,0.0787972833065538,0.0,0.0,0.0,0.0,0.0,0.0,0.0,0.0,0.0,0.0,0.0,0.0,0.0,0.0,0.0,0.0,0.0,0.0,0.0,1.02691674143162,0.0,0.0,0.0,0.0,0.0,0.0,0.0,0.0,0.0035078729672305,0.0,0.0846764657413257,0.0,1.26790404035175,0.0,0.0,0.0,0.0097402479348831,0.0121958574053802,0.0,0.0,0.0,0.0,0.0,0.0,0.0,0.0,0.0332118176451008,0.0,0.0,3.07661453055816,0.0,0.0014426899113048,0.0,0.0,0.165779205130904,0.0,0.0,0.0,0.0,0.0,0.0,0.144612508365778,0.0009554742733775,0.0,4.08198002460031,0.0,0.0,0.0007737775130019,0.0,0.0,0.0,1.40131180279326,0.0,0.0,0.0,0.469994441334915,0.0,0.0,0.0,0.0,0.0,0.0,0.0023870827160881,0.0,0.394618165550781,0.0,0.0,0.0,0.0,0.0,0.0,0.0,0.0,0.0,0.0,0.0,0.0,0.0,0.0,0.0,0.0,0.0,0.0,0.0,0.0,0.0,0.0,0.0005781332852128,0.0,0.0,0.0,0.0,0.0,0.0,0.0,0.0016740256356692,0.0,0.0,0.0431312489599739,0.0,0.0,0.0,0.0,0.0,0.0,0.0,0.0,0.0,0.0,0.0,0.0022354948729258,0.0,0.0,0.0,0.0,0.111966256681234,0.0,0.0,0.0,0.0,0.0,0.0482106777507366,0.0,0.0,0.0006184044333122,0.0,0.0,0.0,0.0,0.0,0.0,0.0,0.0,0.0,0.0,0.0,0.0006470853729625,0.0,0.0,0.0,0.0,0.0,0.0,0.0,0.0,0.0,0.0,0.0,0.0,0.0016670223955804,0.0,0.204452610100096,0.0992269352419198,0.0,0.0,0.0,0.0,0.0,0.0,0.0,0.0,0.0007999458872242,0.0,0.0005428322652182,0.0,0.0,0.0,0.0,0.0,0.0,0.0,0.0,0.0,0.0,0.0,0.0,0.0,0.0,0.0,0.0009015164165387,0.0,0.0,0.0,0.0,0.0,0.0,0.0,0.0,0.0048135868679327,0.0,0.0,0.0,0.0,0.0,0.0,0.0,0.0,0.0,0.0,0.0,0.0,0.0,0.0,0.0,0.0,0.0,0.0,0.0,0.221299504298705,0.0,0.0,0.0,0.0,0.0,0.0,0.0,0.0,0.0014150342248405,0.0,0.0,0.0015841285165938,0.163399653530227,0.0,0.0013456513958796,0.0,0.0044584530403082,0.0,0.0,0.0,0.0,0.0,0.0,0.0,0.0,0.0392017680808489,0.0032879995537431,0.0,0.0,0.0642041548777998,0.0,0.0,0.0,0.0,0.0028916452736704,0.0,0.0,0.0044831645279459,0.0,0.0,0.0,0.0,0.0,0.0,0.365654571913603,0.0,0.0,0.0,0.0,0.0,0.0,0.0191263748722815,0.0,0.0,0.0,0.0503252448118305,0.0,0.0
RN,0.0106138559360635,0.0,0.0,0.0759166828328448,0.0028678796961321,0.0408511094038863,0.0007540890580742,0.0,0.0,0.0,0.0038776266568169,0.0059900288074831,0.0,0.0,0.0015011214805177,0.769130709730129,0.0,0.0,0.0,0.0,0.0128766865832622,0.0042588651784543,0.0,0.0182126401598382,0.0,0.0,0.0,0.0,0.0,0.0735264910256663,0.0008259763408561,0.0,0.0,0.0,0.0,0.456878426438065,0.0723780188863229,0.0035487150967809,0.0,0.0,0.0179230260655611,0.0093066502510829,0.0,0.0,0.0,0.0,0.0010535066613599,0.0,0.0019412545257265,0.0009188773768222,0.0,0.0,0.0,0.0104740331667218,0.0968877232434125,0.0095662930303906,0.239824598433577,0.0,0.0,0.0,0.0,0.0,0.0,0.0,0.0750578832525273,0.0,0.0,0.0242570210400602,0.0,0.0020277811100831,0.10608107889146,0.0166037963801204,0.0448924073308925,0.0064685584556891,0.0237297852185029,0.11742057479311,0.0215483839871537,0.0131171969217387,0.0010940919431218,0.0140331534378179,0.0,0.0256573001964799,0.0586121710460691,0.0035181933283578,0.013812073317666,0.0460060267297297,0.0,0.0,0.0,0.0,0.0,0.0,0.004196160704857,0.0,0.0,0.0064662470381704,0.0050974119793614,0.0161816956939081,0.205337175623659,0.0,0.0223407896647244,0.0541900645114443,0.0130662896046881,0.0,0.0,0.0,0.0421824095509396,0.141827348944395,0.0061763436540087,0.0,0.0,0.0,0.0174558496661478,0.0,0.0,0.0,0.0,0.0,0.0,0.0075213519773827,0.0,0.0,0.0,0.197898088933786,0.0212912036254175,0.0032361626813473,0.114451792807931,0.0026163251872371,0.0,0.0,0.0,0.0,0.0,0.0,0.0,0.0,0.0,0.0566744092421668,0.244968778636269,0.0108094638488211,0.0,0.0010336359815834,0.0,0.0074883339767664,0.0,0.0,0.0,0.0,0.0,0.0579135087934856,0.0022448261028123,1.40992691156208,0.0105815629317841,0.1509673995382,0.0559319770217606,0.0,0.0111405980293032,0.0032716000652086,0.0,0.0,0.0,0.0454655848945368,0.0,0.0017803317242243,0.0185636204229306,0.0255266205165505,0.0,0.0,0.0023128168395758,0.0231902947180204,0.0101079058961391,0.0045472229746881,0.0012305451614425,0.0,0.0,0.0,0.0,0.0,0.0,0.0,0.0,0.0,0.0040441341244488,0.0,0.001587456355718,0.0,0.001857414883503,0.183679360032777,0.0,0.0013487669043818,0.0005827712205605,0.0,0.0603012341530003,0.0,0.0359868080796931,0.0,0.0,0.0,0.0,0.0,0.0,0.0,0.193953412678648,0.004898104193852,0.0820614110889384,0.0,0.0,0.0851025203031992,0.0037961181008865,0.001666765800079,0.0,0.0,0.0016884921941451,0.0,0.0022758252071683,0.0009114948381771,0.0,0.0,0.00600046837333,0.002000415956375,0.0,0.0,0.0,0.0,0.222336808688466,0.0,0.0,0.0,0.0,0.010741779647081,0.0,0.0,0.0023488592431336,0.0,0.0,0.0,0.0,0.0082504104843852,0.0164907127460174,0.0,0.0,0.0,0.0,0.0,0.0378463501604864,0.0,0.0177471448372377,0.0,0.0029423385512711,0.0,0.0,0.0031214402131398,0.0,0.0,0.0,0.0,0.0,0.0008182580431412,0.0,0.0,0.0022496889912638,0.0,0.0015102421302396,0.0,0.0,0.013429245162464,0.0,0.0,0.0,0.0,0.0,0.0,0.0,0.0,0.0401901202633075,0.0,0.170681614535783,0.0,0.0106516378993619,0.0012279397510945,0.0,0.0030644961820873,0.0,0.0100226130890986,0.0071437764683397,0.0059108221547858,0.166040047743722,0.0,0.0017317584662922,0.0,0.0029859840100834,0.0,0.0,0.264511403475596,0.0231476797957916,0.0,0.0,0.0,0.0,0.0,0.0,0.0013190665518482,0.0007293654988153,0.0,0.0011346466388065,0.0,0.0012028426355254,0.433137225063716,0.0030051109056049,0.0628975671522645,0.014524522575558,0.0,0.0387600094368246,0.0,0.0,0.0007015621753346,0.128470793938798,0.0230833820803066,0.0,0.0,0.0,0.0,0.0,0.0,0.0286569555785846,0.0,0.306358154343456,0.0695946725952175,0.0025279686519868,0.0,0.0,0.0,0.0423567629396577,0.0079590863636741,0.116083662833881,0.0643342190553497,0.0027360071839205,0.0,0.0,0.0015557163668594,0.0,0.0,0.0,0.0245075793090849,0.0,0.0,0.0,0.209200310368093,0.0042991169611193,0.0864572878294471,0.0,0.0,0.0005259263472137,0.0014420327694839,0.0,0.0,0.0006728546509163,0.0,0.0307838436801506,0.0030652359290974,0.150633106133877,0.0686043501037642,0.0,0.0,0.0,0.0011899386807068,0.0,0.0,0.0,0.0,0.0204840522188992,0.0006880805893832,0.012255581325149,0.0010081031503245,0.0071672170846201,0.11083692511218,0.0,0.0022623156033763,0.0049981065118293,0.0535207101181714,0.0713211552244864,0.0895760730920257,0.110973942923244,0.0,0.0,0.0005304842440017,0.0,0.0,0.0005524258633425,0.0008912629127847,0.0,0.002420367481014,0.0499043019776113,0.0184692960529456,0.0,0.0,0.0294978937091781,0.0,0.0,0.0,0.0219983879874954,0.0128048321833065,0.0031597017183668,0.349452272998827,0.0,0.0,0.0,0.0,0.0007181134581802,0.0,0.0,0.0696450137271142,0.0005619686621127,0.0055532905613892,0.0017547509623506,0.0,0.114934798367916,0.0022609795410646
RR,0.336475140083364,0.0,0.0,1.54631165298511,0.0,0.0,0.0255803060150739,0.0136238716236016,0.0057891420827371,0.0117429598130199,0.0065344318997617,0.0,0.0025940933214611,0.0005313249424533,0.0020785506364218,0.0,0.0082076060870718,0.0,0.0008853358478725,0.0,0.0,0.854100161436488,0.913622243184615,1.03500657714501,0.0059645099354422,0.0,0.0,2.12088300490459,0.238554489420102,0.0,0.0038711283354529,0.11044873746737,0.857192574237764,0.110469070436394,0.0338924975412371,0.0,0.289213226859237,0.0092566644644859,0.0,0.0096250919877955,0.01432653740231,0.84139922613757,0.0,0.0,1.42145638559676,0.0116982129432941,0.0,0.0,0.0061548239685636,0.113564087366031,0.0022997714205972,0.0031037735217315,0.0038092354421112,0.506240842806972,0.543168882007827,0.692627621829044,0.0,0.0374198202373737,0.195780007011489,0.0,0.0,0.0,0.0,1.38076977461015,0.0,0.0,0.0,0.0,0.0668132521482964,0.0,0.0,0.0,0.0,0.0,3.66799681510663,0.0,0.195030185693928,0.0,0.0069907121822567,0.0033286785370882,0.0048672759801675,0.30698479439062,0.0,4.07908918283975,0.0,0.0,0.648573957037572,0.0,0.0,0.0,0.0,0.0,0.0233294093086743,0.0,0.0,0.0,0.0212718593386171,0.0,0.0,0.0,0.0,0.0783926276737832,0.0,0.0,0.0121961872738179,0.0070980447971456,0.0,0.0,0.345610552850914,0.0012797204563412,0.0,0.0,0.329910272686868,0.0283205195620317,0.0184781105773066,0.0,0.0,0.0,1.31790429259436,0.0,0.0,0.0,0.0279772031817553,0.0,0.0,0.0,0.0,0.105822907612987,0.0070385748467801,0.0,0.0,0.0,0.0265946769509706,0.0,0.0,0.0,0.0028617837391776,0.0,0.0,0.0,0.0,0.016390332680059,0.0,0.0564339369223526,0.664386802707189,0.0038620500825598,0.0,0.0,0.0,0.0,0.0,0.0,0.647449437589421,0.0,0.0,0.0031443068969129,0.0244528607347117,0.0,0.0,0.0,0.0,2.31178676483582,0.0049064802555153,0.0,0.394241406477439,1.50123882639518,0.0,0.0241739013986946,0.0,0.0,0.0,0.0049598952861884,0.0,0.0,0.0,0.0,0.0184132480608555,0.0,0.0,0.0,0.0,0.518640764862389,0.0569233044438935,0.0,0.0023004026453871,0.0,0.0542278283803284,0.0,0.0,0.0,0.0620656485469495,0.197332512372207,0.0,0.003763545177272,0.0,0.0533427514750612,0.0,0.0,0.0,0.0,0.0017657648677015,0.0,0.0,0.0007578260129046,0.0,0.0,0.0,0.489351565519079,0.0,0.0164551740790809,0.0,0.0452298072036421,0.0042777847413166,0.0,0.0,0.0,0.0151470700332735,0.0,0.0,0.0074192482093019,0.0,0.017736860653683,0.0,0.0,0.0,0.0068413654648542,0.0,0.0,0.0,0.0,0.0,0.0027871902029926,0.0145070737966406,0.0010826506663062,0.0,0.0102525683786845,0.0,0.0119394571142903,0.17718631097765,0.0005190111603425,0.113900304648134,0.581642931917392,0.0,0.0220365206263653,0.0362933832718482,0.0310827779286889,0.0033759828772522,0.0,0.0,0.179903270063164,0.0054854924551125,0.0,0.0,0.704179515086597,0.0,0.0,0.0051082783616029,0.0396352030346826,0.0055319552802685,0.0,0.0,0.0007900579658228,0.0,0.0,0.0,0.0,0.0,0.0034080167579478,0.0,0.0,0.0,0.0,0.81284573095473,0.0,0.0,0.0,0.0,0.0,0.0,0.0,0.0,0.0,0.0820307314146118,0.109923696061528,0.0435443513676462,0.0,0.0453891689168793,0.0010430618308188,0.0,0.0,0.0,0.0,2.09215086593937,0.0,0.0,0.0,0.0018598140656264,0.0,0.00539055704096,0.0011190758379527,0.0067104676331096,0.0160554955030925,0.0,0.0,0.0,0.0,0.0,0.0,0.0,0.0,0.0,0.0080812001525249,0.0,0.0,0.0032245975758357,0.0,0.0,0.0,0.0,0.0154790063684488,0.0,0.0,0.0072960048079242,0.0052646049558398,0.0,0.0,0.0,0.0,0.0449362868818,0.0,0.0135846236393303,0.0322071174860971,0.0308769900236417,0.0,0.0,0.0,0.0,0.0,0.0,0.0,0.0,0.037484783835012,0.0,0.0,0.0007378377053369,0.0297835731752556,0.0,0.0,0.0,0.0,0.0016774451265101,0.0,0.0047861991006971,0.398598203514587,0.0019231419615015,0.0,0.0,0.0,0.0,0.0,0.0,0.0562151104660982,0.0,0.0,0.0080091559185975,0.0628451939438026,0.0,0.0,0.0,0.0,0.0,0.0,0.0,0.0,0.0048314068968199,0.054237524635607,0.0,0.0,0.0,0.0,0.0,0.0,0.0,0.0,0.0,0.0,0.0,0.0,0.0,0.0,0.0112553405576301,0.002260990582497,0.0,0.0,0.0,0.0270277259675851,0.0,0.0,0.0381035185572298,0.0516635294287228,0.0,0.0,0.0051965255950996,0.0,0.0,0.0,0.0,0.0,0.0,0.0,0.0,0.0,0.0,0.0022672426776223,0.0064609481836294,0.0,0.106539457238187,0.0
RSPagl,0.0,1.49816897780492,1.17139545340649,0.0218279377389962,0.0206708439590689,0.0082248154505367,0.0063164639286394,0.0083794483638498,0.0100069320827102,0.0,0.0494414480588516,0.0577185806513729,0.008429577736867,0.0,0.0058126575391569,0.904082797005776,0.0,0.205143947305828,0.121900873607337,0.0294051234534353,0.0313056573771096,0.0,0.0,0.0013245306273846,0.0133544461925252,0.0,0.0115304491599644,0.0,0.0011476264926113,0.121391006972284,0.0510157885921465,0.0,0.0028628043794628,0.0010711905019662,0.0024169480527469,5.81890500616315,0.0548306860041088,0.0005205395724231,0.0033878708655663,0.0007167653874635,0.0896217365311526,0.0,0.0,0.0172941126433179,0.0097809381278269,0.0259023674380163,0.0909494766544182,0.0888101164429092,0.0014044168691011,0.0,0.0010119171518296,0.0,0.0,0.0,0.040567385890076,0.0029892303315882,0.0030908150691068,0.0027607433085606,0.0,0.0,0.0028891137685132,0.014286548980907,0.0350471846194127,0.0015785110582576,0.0,0.0,0.0136712898691508,0.0,0.0006847777082306,0.0,1.07299725622032,0.15663906290941,0.21262059105119,0.0680903214616821,0.0031585700488425,1.3695845757956,0.0,0.0,0.004263108364179,0.0130710972907829,0.0,0.0,0.0019779391564287,0.0601654535672539,0.0,0.0,0.0,0.0222571692281799,0.123852584482811,0.0447795625097882,0.0049922755774493,0.0,0.0058423744462553,0.081649330353131,0.591707920435192,0.0,0.0,0.07682883886685,0.213126820361544,0.0,0.0,0.0026497716059746,0.0274649520338392,0.0,0.0,0.0009084307629403,0.0395565981041845,0.257442032582088,0.0,0.122730234552109,0.19368988286361,0.93901271646384,0.0065397793133928,0.0,0.0005164065211458,1.75819357986114,0.0463802182092216,0.0,0.0,0.0606476224733095,0.0024841439729104,0.104149121501343,0.0112433821634844,0.256525334046878,0.0,0.0,0.0824638590817191,0.0097253856768918,0.210522302973745,0.0007001493593634,0.172427930143191,0.139781482575416,0.211102857545824,0.015570691094053,0.0244788389489269,0.119260793864838,0.0064318300102119,0.0056156449990368,0.285103779724206,0.0015585038736549,0.0,0.0014840929473272,1.22270774272201,0.0,0.0067922794765969,0.0,0.0,0.0,0.0,0.038156896980757,0.0110529851898454,0.0111364877912064,0.0019696165024387,6.20605260178721,1.79128336639821,1.2190216562721,0.4906863202529,0.0,4.50501210285593,0.200172977483716,0.0,0.0,0.0022508128720325,0.0063210571898988,0.0008024862954465,0.205545656017688,0.0,0.0377034966445868,0.0264679326290005,0.0529072612784671,0.0,0.0012027271847011,0.0,0.0,0.0901616818677269,0.0,0.0,0.0,0.102419234288863,0.0,0.0579259854151799,0.0042624546416581,0.007034765325508,0.0,0.0,0.533956591619723,0.0014443050947884,0.217451648120351,0.0,0.0113697693624748,0.0045137049561994,0.0,0.0824400699758333,0.001647823365647,0.0,0.0018898250319754,0.362737547163882,2.09615971600158,0.359796766539959,1.45772996005483,0.220319545216656,1.76439524855375,0.151428098273412,0.0,0.381613153095004,0.0707449072947644,0.0131517982817436,0.0045290685311643,0.0,0.0,0.0323453864255461,0.0389700916748079,0.0011830415665252,0.0,0.0,0.0038613804909653,0.0018900417067685,0.0021598694279495,0.0,0.0023943989188819,0.0017901635560776,0.0030339165258179,0.0,0.0,0.0,0.0,0.0097928151137764,0.0073437881700785,0.01426445943908,0.0,0.0,0.0,0.0,0.0,0.0,0.0007334027101804,0.0,0.0005484496837843,0.0,0.009738789693122,0.0,0.0005173141516838,0.0016920698274,0.0017172035252192,0.0597880380068408,0.013618817167265,0.000554804450822,0.000926335694745,0.0017119429927576,0.0221605027974655,0.0,0.0,0.0007630169720131,0.0,0.0074909139399555,0.0149530242364875,0.0141984344157243,0.0007895786041667,0.0,0.0,0.0,0.0,0.0,0.0,0.0,0.0,0.0014034346493686,0.0,0.0,0.0011825058456665,0.0016975980794949,0.0006908492571761,0.001378239012299,0.0,0.0,0.0014208583889411,0.0,0.0,0.0,0.0,0.0,0.0,0.0,0.0005604217305007,0.0,0.0,0.0,0.0,0.0010591880695424,0.0,0.0,0.0,0.0,0.0,0.0,0.0061602853263958,0.0,0.0,0.0,0.0,0.0,0.0049263150034233,0.0034292679295452,0.0114194181364757,0.0,0.0,0.0,0.0061806949322081,0.0,0.0,0.00383495291934,0.0092986867121319,0.0,0.0006146108838585,0.000791067750563,0.0,0.010865830923222,0.0,0.0101621436464253,0.0047757023987625,0.0327682975056123,0.006051381520539,0.0,0.0016339002510886,0.0680765752401477,0.0049737759029675,0.0,0.0,0.0221456378033952,0.0,0.0032385827458253,0.0089476763901674,0.0,0.0,0.0,0.0073042734698104,0.0033602605719095,0.0087937593246496,0.0,0.0,0.0,0.0135713371317165,0.0,0.0,0.0031106871720958,0.0033615067096197,0.0,0.0071809780491585,0.0007074237978171,0.0,0.0,0.061734714167776,0.0,0.0019686484303837,0.0,0.0,0.0,0.0,0.0133563733118943,0.0068234606449684,0.0,0.0,0.472297100078615,0.112954918085109,0.102359858331257,0.0,0.0,0.0128498403526399,0.0059300861293991,0.0009491093182584,0.0,0.0019480902381431,0.0025580838859518,0.0,0.0,0.0,0.0100134055986375,0.0033652252039681,0.0,0.0,0.0,0.0,0.0,0.0030156222012656,0.0259022357651674,0.0,0.0,0.0559806782176949,0.0,0.0079175767340797,0.0,0.0016673974890906,0.0,0.0,0.048398406566362,0.0009274292552831,0.00185298916117,0.0005912065110521,0.0058360570528802,0.0007149651635285,0.0,0.0,0.0005559506968704,0.0,0.0,0.0018815033065497,0.223375892646467,0.0192829183670976,0.0725408485151922,0.044501588170121,0.0925636304353302,0.0009756212620593,0.0,0.0,0.0,0.002168917462708,0.0,0.0
RSPd,0.0,0.46450243833918,0.467030540697261,0.0,0.155695462123054,0.0,0.0,0.0024391000034949,0.0,0.0,0.174033839681345,0.0292777744689805,0.0199147402317489,0.0,0.0,0.391438193051407,0.0,0.0,0.0,0.0031000090543882,0.409722037215698,0.0006033359341214,0.0,0.0008314727105439,0.0028271052235097,0.0027243538037408,0.0136870509295947,0.002670055124908,0.0,0.0443610926190587,0.0005950066226754,0.0,0.0,0.0009528333667514,0.0041891319590073,0.354485690852159,0.0,0.0015070119633466,0.0,0.0,0.0492530683653635,0.0,0.0,0.0,0.0,0.0185061692714214,0.0716441457565434,0.0814136350431203,0.0,0.0,0.0024777518215433,0.0,0.0,0.0,0.0007511505689258,0.0,0.0,0.003085105104844,0.0,0.0,0.0,0.0,0.0,0.0,0.0,0.0,0.0,0.0,0.0,0.0,2.43319326732473,0.0635088456231358,0.0793625840648699,0.0,0.0005642925815091,0.636347136727977,0.0012761342108108,0.0,0.0,0.0,0.0,0.0,0.0,0.0202710580077503,0.0,0.0,0.0050715951997088,0.0,0.0,0.0,0.0,0.0007522802712911,0.010367851124384,0.0176841311294726,0.0,0.0,0.0020771693767489,0.029236243681215,0.0,0.0,0.0,0.0086541801674085,0.0077114709182198,0.0,0.0,0.0005933954980205,0.0190118001918042,0.0,0.0,0.0,0.0,0.0,0.00783614379651,0.0,0.0,0.0,0.0102881390568505,0.0,0.0,0.0,0.0020644036711211,0.0052090061356826,0.0270935903918397,0.0259076471149809,0.0,0.0,0.0,0.0062316027705726,0.0,0.0,0.056651820036889,0.0147756730410506,0.0609604018045691,0.0,0.0,0.0017601962251822,0.0118054209311144,0.0,0.0,0.0,0.0,0.005058314791278,0.0641537044318254,0.0,0.0,0.0,0.0,0.0,0.0,0.0006953528044738,0.0006303004334829,0.0,0.0,1.59042284209056,10.2769592420743,7.04824047068807,0.406907995853439,0.0,0.247875111427863,0.255587146829893,0.0,0.0065330878439009,0.0046010418647723,0.0006093244436481,0.0,0.0020994230958956,0.0,0.0,0.0,0.0,0.0,0.0,0.0,0.0,0.0,0.0038638181316385,0.0013545020953986,0.0036552711791289,0.0158549207487664,0.0,0.0012580323825059,0.0,0.0013649074760379,0.0,0.0,0.0045538362025048,0.0034588790833482,0.0,0.0,0.0037740161997831,0.0056374398036383,0.0,0.0093124893241953,0.0028651653769828,0.0,0.0025550266679722,0.0399263165241307,0.39727095867221,0.334389542806588,2.78222789171865,0.166725984586284,0.845363258133483,0.0,0.0,0.106981209889327,0.0262609581144354,0.0,0.0009825789764714,0.0,0.0,0.0,0.0,0.0,0.0010872327025354,0.0,0.0,0.0018886913578834,0.0008343622555043,0.0,0.0089266337762273,0.0040536162694582,0.0064327180484029,0.0,0.0,0.0,0.0,0.0,0.0,0.0040515815351881,0.0271622914233652,0.0,0.0,0.0,0.0,0.0,0.0,0.0,0.0007691511265997,0.0,0.0015539877475841,0.0,0.0,0.0011093044861611,0.0050565963960678,0.0,0.0,0.0025793266694092,0.0,0.0,0.021640042044994,0.0,0.0,0.0,0.0,0.0146281989430788,0.0204954879662963,0.0182413870395068,0.0,0.0,0.0,0.0,0.0,0.0,0.0,0.0,0.0,0.0,0.0,0.0,0.0,0.0,0.0,0.0,0.0,0.0,0.0,0.0,0.0,0.0,0.0024420218330171,0.0,0.0,0.0,0.0,0.0,0.0,0.0,0.0,0.0,0.0,0.0,0.0,0.0,0.0,0.0,0.0019051247286678,0.0009677871431441,0.0,0.0,0.0,0.0,0.0069042720090055,0.0,0.0,0.0,0.0,0.0,0.0,0.0,0.0,0.0049841111507319,0.0023589505337603,0.0,0.0,0.0012506004648714,0.0,0.0,0.0,0.0,0.0,0.0,0.0024731470962292,0.0,0.0009798653963969,0.016478545163106,0.0043339835760163,0.0,0.0,0.0,0.0007338295337551,0.0,0.020012543026185,0.0,0.0,0.0,0.0,0.0013323211492969,0.0,0.0,0.0,0.0,0.0,0.0,0.0,0.0,0.0034816740054112,0.0,0.0,0.0,0.0,0.0,0.0,0.0,0.0,0.0,0.0,0.0,0.0,0.0005873902114441,0.0,0.0,0.0,0.0992025039142772,0.434055447601067,0.0548855766624374,0.0006896435366888,0.0,0.0,0.0012847731579736,0.0,0.0,0.0047049060086811,0.0,0.0,0.0,0.0,0.0,0.0,0.0,0.0,0.0,0.0,0.0,0.0,0.0,0.0006963197539505,0.0,0.0,0.0,0.0,0.0,0.0,0.0,0.0,0.0375460123097092,0.0011807981716878,0.0,0.0,0.0043646714954455,0.0,0.0,0.0,0.0007482118392525,0.0,0.0007049368397794,0.0114848873338232,0.0110535684671853,0.0348435499139983,0.185463332917453,0.0338370341110206,0.0821468523056762,0.0,0.0,0.0,0.0,0.0,0.0,0.0
RSPv,0.0037652948612513,1.55553856125909,1.53352815984572,0.0135584281275362,0.203326940944474,0.0371956041824565,0.0,0.0,0.0033973195446746,0.0,0.0455752308805822,0.0200681818829189,0.0,0.000860991950389,0.0117171059387252,0.555869507086437,0.0,0.0505639079919395,0.0088265314066131,0.0044447530610107,0.401780635959497,0.0,0.0,0.0075529562250931,0.0310396058799404,0.0010046542611354,0.006864765297167,0.0051609107817489,0.0,0.05037420417711,0.0278708984421012,0.0,0.0073788775664364,0.0,0.0,2.02518973872445,0.168443008581323,0.0026170806659229,0.0,0.0,0.0999800457654046,0.0009055744288167,0.0,0.0158312935210672,0.0036955317705319,0.0111723248919318,0.107823985155106,0.378744651515962,0.0,0.0,0.0,0.0,0.0,0.0,0.0469114701916992,0.0126226889066089,0.003225720122954,0.0,0.0,0.0,0.0,0.0,0.0263629694118004,0.0,0.0,0.0,0.024810937083318,0.0014617495820365,0.0,0.0,0.745281256713466,0.0525497265796693,0.0478091754235207,0.0400484664044632,0.0710351394631749,0.217109309291473,0.0201412652396206,0.0005912193632714,0.0008507338904315,0.0250622938583703,0.002917014389864,0.0050652640117196,0.0,0.0218883091377661,0.0,0.0008993581753712,0.0022101134026859,0.003594908437714,0.0587207902645844,0.0089585805871938,0.0060089405762097,0.0151146092315377,0.0,0.305365088162589,2.43421028515519,0.0,0.0009540131670956,0.0112647884988084,0.525899939140445,0.0158744418767821,0.0011254100064219,0.0540381553529459,0.036482882568005,0.0,0.0,0.0,0.0092858580506068,0.0871964562493129,0.0,0.0275028930691887,0.0254038286844538,0.0517076308773345,0.0,0.0,0.0,0.644947549769313,0.150441931642335,0.0,0.0,0.0259851708886615,0.0027059464957387,0.0807846122487048,0.0,0.324912724667196,0.0,0.0,0.0994361010149242,0.0,0.0524430290060509,0.0042283866345747,0.0795542965144111,0.0247668876107447,0.885151276687273,0.0068712118679847,0.0023158815992755,0.0860927676890726,0.0,0.0160789179436425,0.224347305014192,0.0,0.0,0.0166952896775563,1.41436501188514,0.0012229430198308,0.0101903192138264,0.0,0.0,0.0,0.0,0.0313312197983683,0.0054755370879272,0.108121641251314,0.0,0.942786505900776,3.40469335638434,7.97886770440296,0.474866710610273,0.0007235874435213,1.71379444927103,0.0558953804951585,0.0358749067826516,0.0243252107878069,0.0012835943943309,0.0051028020509505,0.0,0.197131970554284,0.0,0.0202586082621548,0.0259261900246626,0.0702267927591031,0.0,0.000643761256755,0.0,0.0,0.683686945581328,0.256543978549305,0.0009353227214308,0.0005160439494274,0.473633248748729,0.145732372895533,0.101660470132595,0.0175732365296162,0.0237867554872137,0.0,0.0,0.0658740337206686,0.0,0.166233078334258,0.0051382457191528,0.0124682945337396,0.0,0.0,0.0490091100004809,0.0,0.0,0.0,0.134480481370669,0.346039338759906,0.0586792006369873,0.483088562542707,0.212282907209762,0.147348115027344,0.198521314436325,0.0,0.228515510041174,0.0411663570212697,0.0244150397535863,0.0089768334226968,0.0,0.0,0.271163329721542,0.0986861641772365,0.0039078326258257,0.0012316064761084,0.0010561494287399,0.001207889312527,0.0,0.0,0.0,0.020461461703061,0.0015409193958005,0.0008297683599765,0.0,0.0018550513150987,0.0014091029433583,0.0,0.0,0.0,0.0,0.0948555830429256,0.0,0.0,0.0,0.0047956108793528,0.0,0.0,0.0,0.0,0.0,0.001480005779339,0.0,0.0038913306681715,0.0,0.0,0.0179780177898747,0.0534559141383081,0.002037897834588,0.0,0.0,0.0016774609730719,0.0,0.0,0.0,0.0,0.0,0.127771103111799,0.0153414376512727,0.0,0.0,0.0,0.0,0.0,0.0,0.0,0.0,0.0005735484426061,0.0,0.0,0.0,0.0,0.0,0.0009534494891912,0.0,0.0,0.0,0.000774135147702,0.0005202701421662,0.0,0.0,0.0021900102495087,0.0,0.0,0.0030630948133673,0.0026459344280589,0.0009662624528211,0.0,0.0,0.0,0.0231992008063934,0.0015519664634689,0.0,0.0,0.0011072662696552,0.0011891567368381,0.0010555458973575,0.0,0.0,0.0,0.0,0.0,0.0064405188833899,0.0073569483577192,0.0215820641871899,0.36818203690654,0.0,0.0,0.0,0.0106437378944888,0.0034580527988046,0.0025294615391721,0.0042993183391199,0.0241237746500104,0.0,0.0,0.0,0.0,0.0063947478721861,0.0,0.0041875409495895,0.0022984252076887,0.010773185897324,0.0010800032899009,0.0,0.0,0.0538595998615403,0.0009628347631551,0.0,0.0,0.0153335327258707,0.0028809985015299,0.0,0.0028165284829849,0.0144345245201043,0.0,0.0,0.0210287960455034,0.0,0.0010286251022578,0.0017016079607526,0.0,0.0,0.219920630749802,0.0,0.0,0.0,0.0,0.0084212670887824,0.0033591797879844,0.0,0.0,0.0017003758220924,0.0658952878277091,0.0,0.001782657228487,0.0,0.0,0.0,0.0,0.0124361460696815,0.0024474213521552,0.0009635940677049,0.0,0.223932521664114,1.14452986546276,2.31231016960968,0.0,0.0,0.0293417452760487,0.0031243044421663,0.0,0.0008063638450629,0.0,0.001888270671233,0.0,0.0,0.0,0.0027770878397757,0.0021705392137769,0.0,0.0,0.0012423421479252,0.0,0.0,0.0092494953525629,0.0022648503984154,0.0,0.0,0.0150299322459209,0.0013233092721253,0.0013522968134799,0.0,0.0065712465272476,0.0,0.0,0.0,0.0,0.0060866730706514,0.0,0.0008322994904124,0.0,0.0,0.0010057929422598,0.0,0.0,0.0,0.0007804831338421,0.0244239852093234,0.0,0.0,0.0355630856220232,0.0074263256543484,0.0016954468696216,0.0,0.0,0.0,0.0005623159031899,0.0006617770391672,0.0
RT,0.0,0.213373382822439,0.0320040598278169,0.0228620052064975,0.0192097399037028,0.0016433879711413,0.0972049449927462,0.0082440962826858,0.0089861551516845,0.0,0.0312123757485804,0.0622463666792787,0.0027507295872394,0.0005500767015991,0.0135778599833883,0.0,0.0010122495759924,0.0011473136777359,0.002560005348294,0.0009965811723178,0.0889997476190721,0.0351431655187561,0.0048829198283595,0.0388679715281714,0.0010220128139094,0.0,0.0,0.0,0.0005152435324291,0.408738939765697,0.0139209709722171,0.0,0.43101549334052,0.0006164362236771,0.0007820557371108,1.24996930553718,0.0,0.0,0.0,0.0,0.0086065689251541,0.0,0.0,0.0030245448547145,0.0,0.0049824082968396,0.0,0.0,0.0035483422033873,0.0,0.0,0.0,0.0438389982500681,0.0,0.145850709070572,0.112517971104141,0.0095111138342968,0.021328137126261,0.0,0.0,0.0,0.0,0.0092779545175902,0.118017886133344,0.0,0.0,0.0009717082715818,0.0062325708653578,0.0035488978947438,0.0,0.231256623784903,0.0,0.0030639277873925,0.104995923494885,0.0311121751561996,0.132406134460917,0.0040249260852304,0.0,0.0,0.0035131007960149,0.0,0.0,0.0049493687580574,2.18781934716293,0.0,0.0026794157643256,0.0025891597764384,0.0,0.0030188993243436,0.0008631404561368,0.0032456697513502,0.00051971930411,0.0053313396342913,0.269487973306154,0.588684630993589,0.0015586421534929,0.0023869879651248,0.0,0.0883563227054131,0.0,0.0,0.004562353504811,0.0,0.0,0.0,0.0006152667884258,0.0,0.012469424430079,0.0,0.0368943774628602,0.0120935559379777,0.0227566209244176,0.0025412755447272,0.0008401109220452,0.0,0.0251864252565157,0.0,0.0,0.0,0.0,0.0012145769184518,1.39604274711349,0.0034644955144809,0.0,0.0,0.0013972758292006,0.0022279345785155,0.0042294387191402,0.1630534207327,0.0,1.4877968439116,0.0096336728879954,0.0,0.0006669822550153,0.0016190641722752,0.0,0.0,0.0079165638880827,0.0,0.0,0.0,0.0069576212223795,0.058555726038839,0.0,0.0382324500225881,0.0,0.0,0.0,0.0,0.0048378212633414,0.0450067412193172,0.0,0.0023882890993015,0.0377499486827272,0.0535356837608054,0.0,1.83056241077149,0.0,0.0,0.0005859779594175,0.0,0.0770086350981385,0.0,0.075270165026729,0.025025264282399,0.0756144321929849,0.0,0.0301704045058442,0.0029656835221769,0.0253045898133636,0.0,0.0,0.0,0.0,0.0,0.0408811239112111,0.0101535033097547,0.0,0.0349314133491659,0.0,0.0663177190644343,0.0,0.0,0.0008692381921061,0.0,0.0113204195976401,0.0063779818848835,0.0073265833896369,0.0,0.0037509655542135,0.0024121335331438,0.0,2.2408703102461,0.0013590099147982,0.0026399417930757,0.0,0.0063848089219737,0.0140556746013149,0.0048269419779275,0.0233270128120249,0.0,0.0059363399504828,0.85511081325986,0.0,0.540526504526865,0.960234423837955,0.166760193966164,0.0070663897232436,0.0,0.0,0.0,0.0024031426804667,0.0,0.0,0.0,0.0,0.0,0.0,0.0,0.001284350961158,0.0,0.0,0.0,0.0,0.0,0.0,0.0,0.0,0.0,0.0,0.0,0.0,0.0,0.0,0.0,0.0008122595607625,0.0,0.0,0.0168798898737232,0.0,0.0,0.194683249462932,0.0010166820804921,0.0014768132538678,0.0,0.0,0.0,0.0,0.0020534289642822,0.0200782982797954,0.0,0.0,0.0,0.0,0.0,0.0,0.0,0.0,0.0,0.0,0.0,0.0,0.0,0.0,0.0,0.0041290407684663,0.0,0.0,0.0,0.0,0.0,0.0,0.0526925741752204,0.0,0.0,0.0,0.0056374099067848,0.0,0.0,0.0,0.0,0.0,0.0049359879149294,0.0,0.0,0.000594418774287,0.0,0.0,0.0,0.0,0.0,0.002054452720065,0.319974421557313,0.0,0.0,0.0036370962747426,0.0005559591301208,0.0,0.0,0.0009158183208854,0.0005911696498332,0.0034970108077226,0.0,0.0,0.0,0.0,0.0,0.0088913521365375,0.0,0.0,0.0034001873610904,0.0,0.0,0.0,0.0008721516191122,0.0,0.0,0.0007705476437391,0.0,0.0,0.0,0.0052418899850996,0.0,0.0012505243948942,0.0011120064720072,0.0,0.0035531805226297,0.0,0.0,0.0,0.170157625548446,0.0,0.0007525521332026,0.0,0.0005454545888579,0.0,0.0010115219056531,0.0,0.0,0.0264980172716262,0.0,0.0030500041198685,0.0,0.0,0.001450912842065,0.0,0.0045764473620085,0.0,0.0,0.0,0.0,0.0,0.0,0.0060225775265362,0.0,0.0,0.0,0.0,0.0009337673904035,0.0241214237457609,0.0,0.0,0.0,0.0024424560099226,0.0016747450917334,0.0011012235182489,0.0,0.0,0.0,0.0,0.0,0.0,0.0141916971184497,0.0,0.0,0.0,0.0083657662234036,0.0007443703467292,0.0018957195532738,0.0,0.0,0.0,0.0,0.0,0.0,0.0015710695271204,0.0,0.0,0.0,0.0,0.0,0.0,0.0,0.0,0.0,0.0012728947058165,0.0,0.0,0.0031763099782352,0.0007613062296911,0.0,0.0371561476231123,0.0013937136860945,0.0035862589469455,0.0,0.0,0.0,0.0,0.0,0.0,0.0,0.009808451492484,0.0,0.0,0.0005535654249443,0.0221051615335224,0.0,0.0
SBPV,0.0,0.0,0.0,0.0,0.0,3.90010037181417,0.0,0.0,0.0,0.0,0.0,0.0,0.0,0.0,0.0,0.0,0.22831158317844,0.0,0.0,0.0,0.0,0.0,0.731957125237308,5.16602678893884,0.0,0.0,0.0,0.893362265135161,0.0,0.0,0.0,0.0,0.0,0.0802810237113209,0.0598031372084098,0.0,0.0,0.0,0.0,0.0,0.0,0.0,0.0,0.0,0.0,0.0,0.0,0.0,0.0,0.0,0.0,0.0,0.0,0.0,0.0,0.0,0.0,0.0,0.0,0.0,0.0,0.0,0.0,0.0323358030800825,0.0,0.0,0.0,0.0,0.0,0.0,0.0,0.0,0.0,0.0,0.0,0.0,0.0,0.0,0.0,0.0,1.06599759765314,0.0,0.0,0.0,0.0,0.0,2.57372426874212,0.0,0.0,0.0,0.0,0.0,0.0,0.0,0.0,0.0,0.0,0.0,0.0,0.0,0.0,0.0,0.0,0.0,0.0,0.0,0.0,0.0,0.0,0.0,0.0,0.0,0.0,1.72627396310312,0.0,0.0,0.0,0.0,0.0,0.0,0.0,0.0,0.0117271916416753,0.0,0.0,0.0,0.0,0.0,0.0,0.0,0.0,0.0,0.0,0.0,0.0,0.0,0.0,0.0,0.0,0.0,0.0,0.0,0.0,0.429072584356789,0.0,0.240696960322718,0.109343751816035,0.0,0.88278884457099,0.0,0.0,0.0,0.0,0.0,0.0,0.0,0.0,2.77437289780683,0.0,0.0,0.0,0.0,0.0,0.0,0.0,0.0,0.0,0.0,0.0,0.0,0.0,0.001389162422428,0.0,0.0,0.0,0.0,0.0,0.0,0.0,0.0,0.0,0.0,0.0,0.0,0.0,0.0,0.0,0.0,0.0,0.0,2.77498303248881,0.0,0.0,0.0,0.0,0.0,0.0,0.0,0.0,0.0,0.0,0.0,0.0,6.66609104028176,0.0,0.0,0.0,0.0,0.0,0.0,0.0,0.0,0.0,0.0,0.644409498663923,0.0,0.0,0.0,0.0,0.0,0.0,0.0,0.0,0.0,0.0,0.17958044746298,0.0,0.0,0.0,0.0,0.0,0.0,0.0,0.0,0.0,0.0,0.0,0.0,0.0,0.0,0.0,0.0,0.0,0.0,0.0066592485936189,0.0,0.0,0.0,0.0,0.0,0.0,0.0,0.0,0.0190265503162477,0.0,0.0,0.0,0.0,0.0,0.0,0.0,0.0,0.0,0.0,0.0,0.0,0.0,0.0,0.0,0.0,0.0,0.0,0.0580720594234275,0.0,0.0,0.0,0.0,0.0,0.0,0.0,0.0,0.0,0.0,0.0,0.0,0.0,0.0,0.0,0.0,0.534432966982044,0.0,0.0,0.0,0.0,0.0,0.0,0.0,0.0,0.0,0.0,0.0,0.0,0.0,0.0,0.311526941370908,0.0,0.0,0.0,0.0,0.0047824425246488,0.0,0.0,0.0,0.0,0.0,0.0,0.0,0.0,0.0,0.0,0.0,0.0,0.0,0.0,0.0,0.0,0.0,0.0,0.0212256867276134,0.0,0.0,0.0,0.0,0.0011268892841231,0.0,0.0,0.0,0.0,0.0,0.0,0.0,0.0,0.0,0.0,0.0,0.0,0.0,0.0,0.0008358098796132,0.0,0.0,0.0,0.0,0.0,0.165281778779576,0.0419323144173043,0.0,0.0562504152988786,0.0,0.0,0.0,0.0,0.0,0.0,0.0,0.0,0.0766612766744249,0.0,0.0,0.0,0.0,0.0,0.0,0.0045517161212083,0.0,0.0,0.0,0.0,0.0,0.0,0.0,0.0,0.0,0.0,0.0,0.0,0.0,0.0,0.0,0.0,0.0,0.0,0.0,0.0,0.0,0.0,0.0,0.0,0.0,0.662288921949053,0.0,0.0,0.0,0.0,0.0,0.0,0.0,0.0,0.0,0.0,0.0,0.0,1.18034368834603,0.0,0.0,0.0187655828948519,0.0,0.0
SCm,0.0,0.0,0.0,0.0,0.0,0.0029178162417423,0.0008388559037,0.0,0.0,0.0,0.0,0.0010474162545304,0.0,0.0,0.0,0.27872401414161,0.0,0.0,0.0,0.0,0.0,0.0,0.0,0.0,0.0,0.0,0.0,0.0029650430227841,0.0024881049883533,0.0557940403562352,0.0,0.0035318295359532,0.0449149000928201,0.0,0.0,0.0,0.0,0.0021234183753917,0.150572180165399,0.0,0.0102036005521806,0.0,0.0,0.0,0.0147845944068504,0.0,0.0,0.0,0.0,0.0,0.0,0.0,0.0006271882295987,0.0017712658469775,0.0193644655089756,0.0139427518897598,0.0208352866996282,0.0,0.0,0.0,0.0,0.0936693044903848,0.0,0.0253135818445285,0.0083146975181767,0.0,0.0,0.0334962232224025,0.0,0.0,0.0086802004391016,0.0013158412938834,0.0130175839715322,0.0166976521997967,0.0479052266113049,0.145924009190127,0.0,0.0009289789506037,0.0,0.0,0.0,0.0,0.0205782619753935,0.136968508098492,0.0,0.0,0.0,0.0088912978093767,0.0329074732904933,0.0272733401662786,0.0007671202168416,0.0,0.0017618889819185,0.0104773766409058,0.0,0.0,0.0,0.0,1.52182029755168,0.0,0.0,0.0,0.0,0.0083161663228814,0.0,0.0,0.0187199400532952,0.0619085291483794,0.0010069211869873,0.0,0.0,0.0,0.0,0.0,0.0,0.990548793719017,0.0,0.0345287905746715,0.03900519123954,0.0084478405240071,0.0,0.146926758448985,0.0009379144937955,0.0261424459848338,0.0,0.0025937569319324,0.0264887703463331,0.0,0.0,0.0,0.113642624206283,0.0643038979042334,0.0,0.0129781431995788,0.195143057573429,0.0,0.0,0.132823847577103,0.287306293202654,0.0,0.0,0.0031922283629406,0.0,0.0,0.0133518063264071,0.0,0.0,0.0,0.0033859534927208,0.0186133083248711,0.0059812867059341,0.0970160619214853,0.0225380315795463,0.0,0.0,0.0,0.0018166444513025,0.0,3.37266044965361,0.0,0.0,0.015233622276524,0.0007854522335154,0.0065275083970692,0.02346478573573,0.0731717352318132,0.0,0.041629014013095,0.013431601162233,0.0562217059428567,0.0,0.0,0.0,0.0011762194932059,0.0,0.0,0.0046574480159243,0.0,0.0,0.0,0.0008139179192166,0.0103630708713152,0.0,0.0089835919951323,0.0,0.0,0.0,0.0302359279660976,0.0,0.0,0.0033325946634149,0.0028895411875418,0.0149738946378899,0.0,0.0036992717612434,0.0,0.0,0.0,0.0,0.0,0.0,0.0,0.0802421671551401,0.0,0.0131522091503781,0.0113973207554601,0.0446106987594533,0.032221035531,0.0,0.0,0.0,0.0,0.0,0.0,0.0009585663814593,0.0,0.0,0.0,0.0,0.0007553690081026,0.0,0.0,0.0,0.0,0.0,0.0,0.0,0.0,0.0,0.0,0.0,0.0,0.0,0.0,0.0,0.0064540472710879,0.0,0.0,0.0023844482442646,0.0,0.004812321729529,0.0226717047302593,0.0,0.0,0.0,0.014823316912349,0.0,0.0240442685945343,0.0,0.0137087008898257,0.0,0.0,0.0,0.0070841145747157,0.0,0.0,0.0,0.0,0.0,0.0,0.0,0.0,0.0,0.0,0.0,0.19487905094657,0.0,0.0,0.0,0.0,0.0,0.0,0.0127036488221478,0.0432717044862966,0.0,0.0,0.187306994003413,0.0,0.0,0.002056955740703,0.0026617502992131,0.0041704705797147,0.0,0.0,0.0447434645010226,0.0,0.0,0.0,0.0,0.0,0.0,0.0338287449402103,0.0285800443449659,0.0188750607568853,0.0347191517046429,0.0019113809985563,0.0027158673360857,0.0079402111799415,0.0075749326139605,0.0,0.0,0.00070505262069,0.0,0.0,0.0,0.0,0.0017861442952549,0.322279797671733,0.0,0.0022442206158144,0.0,0.0023430273110262,0.0,0.0,0.0,0.0098564056504143,0.0040649172636952,0.0100001050832726,0.0,0.0016309766114977,0.0,0.0,0.0,0.0,0.19343483880925,0.0,0.121924005628841,0.0398750899735877,0.0081580106852932,0.0,0.0199489037828529,0.0,0.0,0.0066020910678801,0.0057422422193107,0.0027382812983577,0.0,0.0,0.0,0.007275990986615,0.0067932806989724,0.0036357363214038,0.0048035720466613,0.0489137846205478,0.0,0.0007527686153923,0.177408467718571,0.188712047719684,0.0,0.0058995256254755,0.0016032500458763,0.0,0.0,0.0048795560857621,0.0,0.0,0.0,0.0007476194791322,0.0138954045023964,0.0047572850743465,0.0194658083621838,0.0029869262846029,0.0,0.0,0.0,0.0005975605028031,0.0,0.382237925601577,0.0272279005599433,0.0,0.0019220001185246,0.0,0.0046433915030114,0.0040933338250114,0.015904523081913,0.0,0.010257040926763,0.0024327502298581,0.0074239935651933,0.0,0.0,0.0,0.0159107453285461,0.0,0.0,0.000927828158127,0.0,0.0,0.0,0.0008198563571246,0.0020913097896466,0.0,0.0256629685993992,0.0,0.0,0.0,0.0287545590805378,0.0,0.0,0.0,0.0071498933512557,0.0040071215642203,0.0,0.0156097994572688,0.0,0.0,0.0,0.0,0.0,0.0,0.0,0.0291356729759108,0.0,0.0,0.0006817312528637,0.0191528302780779,0.0043207687798988,0.0011913768406576
SCs,0.0,0.0,0.0,0.0,0.0,0.0,0.0027565990538923,0.0,0.0022545227569352,0.0,0.0,0.0,0.0013428185619475,0.0,0.0,0.24309755612814,0.0,0.0,0.0,0.0,0.0,0.0,0.0,0.0,0.0021436354291367,0.0,0.0158564866689243,0.0,0.0027963922909434,0.0110435482742531,0.0,0.0,0.0,0.0012288316728102,0.0022241788956677,0.0,0.0,0.0021375199474915,0.0731347868765785,0.0007794792891355,0.113613084385867,0.0,0.0,0.0,0.0,0.0,0.0,0.0,0.0,0.0,0.0,0.0,0.0,0.0,0.0,0.0,0.0,0.0019699427652789,0.0,0.0041273466676998,0.0131929214947388,0.144621861228368,0.0,0.0,0.0,0.0,0.0,0.0,0.0,0.0,0.0032718510306484,0.179062815135077,0.0994639110634319,0.0065206730749425,0.0162106785474302,1.06173157054513,0.0,0.000518318162494,0.0,0.0,0.0,0.0,0.0,0.0,0.0,0.0,0.0025166105981113,0.0483582218831553,0.0272985937818441,0.0790135619057776,0.0007201760402454,0.0,0.0007535929135093,0.0,0.0,0.0,0.0,0.0768665983393715,0.126728343953348,0.0,0.0,0.0008582895469107,0.0,0.0005218401419682,0.0,0.0,0.33072026953474,0.0199034013006211,0.0,0.0,0.0,0.0,0.0084735733313886,0.0,0.000541294832808,0.221984661103697,0.0,0.0,0.0,0.0,0.0,0.0,0.000745535946955,0.0,0.0,0.0,0.0,0.0084445715977001,0.0,0.0,0.0,0.0595934888273442,0.0,0.0255539440712563,0.0332675601920597,0.0,0.0025241474357572,0.0204954926855338,0.11288080066991,0.0,0.0,0.00113366116808,0.0,0.0,0.0008118465025864,0.0,0.0,0.0,0.0036414947314488,0.0,0.0,0.0029440252877194,0.0,0.0,0.0,0.0,0.0,0.0,2.48810208024084,4.03148459137673,0.0,0.0011057724774644,0.0,0.0,0.0,0.0,0.0005989381998996,0.0019369630984203,0.0026849865868623,0.0,0.0,0.0,0.0,0.0,0.0,0.0,0.0031506471911651,0.0023541335739933,0.0,0.0,0.0086955572694592,0.0,0.0,0.0,0.0,0.0,0.0,0.0168480115714632,0.0,0.0019128869232676,0.0078263231217034,0.0,0.0,0.0006913583938217,0.0,0.0,0.0,0.0,0.0,0.0012215832501852,0.0,0.0,0.0,0.0,0.0,0.0,0.0,0.0,0.0,0.0,0.0,0.0,0.0,0.0,0.0,0.0011144923781952,0.0,0.001104044478037,0.0,0.0,0.0,0.0007924081670137,0.0,0.0008126153880118,0.0092303826332626,0.0,0.0,0.0,0.0,0.0,0.0,0.0,0.0,0.0,0.0,0.0262078851005963,0.0,0.0,0.0,0.0,0.0,0.0,0.0021554222943577,0.0013184164853409,0.0,0.0,0.0009425432551762,0.0108864010607686,0.0017658095878068,0.0807705696994269,0.0,0.0,0.0007580636389123,0.0,0.0,0.0,0.0,0.0,0.0,0.0,0.0,0.0,0.0,0.0,0.0,0.0,0.0015058006658271,0.0,0.0010974701155788,0.00884174301711,0.0057910925915578,0.0,0.0,0.0,0.0,0.0,0.0,0.0,0.0,0.0,0.0071759588025378,0.0079086239616886,0.0,0.0,0.162629926205984,0.0,0.0,0.0,0.0,0.0,0.0,0.0,0.0,0.0,0.0,0.0159964451434509,0.0036902798517873,0.0037439759535843,0.0072066902053573,0.0,0.0,0.0032332669370056,0.0,0.0,0.0,0.0,0.0027736274675383,0.0,0.0,0.0,0.0064417053387313,0.0,0.0,0.0006248636525769,0.0,0.0238349971050961,0.0047747033803521,0.0,0.0,0.0,0.0,0.0124553647450466,0.0,0.0,0.0237082210223112,0.0,0.0,0.0,0.0007507781398271,0.0,0.0,0.0,0.0,0.0,0.0,0.0,0.0034690195636312,0.0,0.0,0.0,0.0019734032789079,0.0,0.0044965267963126,0.0,0.0005612293966066,0.0007599617410336,0.0,0.0,0.0,0.0,0.0009815793330269,0.0,0.0,0.0,0.0,0.0,0.0,0.0013605680937922,0.0,0.0,0.0,0.0,0.0,0.0,0.0,0.0008908948713094,0.0,0.149690232995745,0.116921224758822,0.0,0.0037054700446551,0.0012827014225133,0.0,0.0,0.0,0.0,0.0,0.0,0.0007853925947829,0.0,0.0,0.0,0.0,0.0,0.0,0.0,0.0,0.0,0.0,0.0005257864137498,0.0,0.0,0.0,0.0,0.0,0.0006074054183383,0.0030867298528452,0.0,0.0051406466592675,0.0011864094435201,0.0,0.0,0.0011157784698628,0.0,0.0,0.0,0.0,0.0,0.0,0.0,0.0,0.0,0.0,0.0,0.0,0.0,0.0,0.0
SF,0.138915300138677,0.0,0.0,0.0,0.0,0.0111109866472902,0.0,0.0,0.0,0.0,0.0,0.0,0.0,0.0,0.0,0.0,0.0027756700149528,0.0,0.0,0.0,0.0041895599504314,0.0215157844419612,0.13274231976555,0.0,1.99899926611161,0.237193451362732,2.00266682278552,0.0,0.0,0.0,0.0,0.0,0.0061308264351688,0.0355527692191709,0.0166961313067741,0.258371186136739,0.0,0.0,0.0,0.0,0.167307773897511,0.0216292672837341,0.0,0.0821234906790884,0.0165750159242884,0.0,0.0153664434349236,0.180039360387417,0.0,0.0317587446607111,0.0,0.0,0.0,0.0,0.0,0.0,0.0,0.0,0.0076538200434717,0.0,0.0,0.0,0.0574688864957574,0.004848978552573,0.0,0.0,0.0,0.0,0.0169588903928015,0.0,0.0088007762817836,0.0,0.0,0.0318504952978877,1.75363413427331,0.0047115213701692,0.630889123663577,0.0,0.677657735910234,2.71674874354342,0.0,0.122505721967386,0.0,0.0939064295575735,0.0,0.0,0.225693119625172,0.0,0.0,0.0,0.454068936692481,0.0803268674230606,0.0,0.0,0.0,0.0,0.399527771818173,0.0,0.0,1.66154428231364,0.0,2.99934937579359,0.0,0.0,0.0164311070159433,0.0,0.0,0.0,0.0,0.0,0.0,0.0,0.0069683501970558,0.0273917492503982,0.0,0.246476552888425,0.0162018581112812,0.0,0.0,0.0,0.0,0.0,0.0,0.0,0.0,0.0,0.426251560001099,0.0,0.0673378388139919,0.021215545612871,0.0,0.0,0.121352419500843,0.0,0.0,0.0358348498940738,0.0,0.0,0.0,0.0,0.0,0.0,0.0063021203244144,0.0,0.0975804622285991,0.0,0.0,0.0,0.0,0.140972308127916,0.0,0.0,0.0,0.0,0.0905622912123839,0.0,0.0527486911345382,0.0,0.0,0.0,1.83626605876197,0.513870644864516,0.0,0.0,0.0,0.0,0.0,0.0410971431503152,0.0065006700285695,0.0,0.0,0.0,0.0,0.0,0.0,0.0,0.0,0.0,0.0043793958110674,0.0018526423604695,0.0,0.0,0.0,0.0,0.0,0.0,0.0,0.0,1.42823773986634,0.153854717484922,0.0646524927274912,0.0,0.0,0.0,0.0,0.0,0.0,0.0095055350039031,0.0,0.00226365198831,0.002975927446148,0.0026170899476062,0.0060037228316127,0.0039383073817131,0.0,0.0,0.0,0.0454056870284276,0.0,0.0532434027105916,0.0,0.0,0.0,0.0190514259098086,0.0052601369021343,0.0,0.0,0.0,0.0,0.0,0.0,0.0,0.0,0.0,0.0,0.0,0.0,0.0,0.0,0.0,0.0011063718863091,0.0230001308435577,0.0210901874695467,0.319529686083762,0.102373711207002,1.38768471462751,0.0,0.0,0.0009037331614321,0.0,0.0,0.0,0.0,0.0,0.0,0.0,0.0,0.0,0.0,0.120010781771863,0.0068763579709385,0.0,0.0,0.0,0.0,0.0099007166123434,0.224772526714336,0.0,0.0,0.0,0.0,0.0,0.0,0.0,0.0,0.0,0.0,0.0,0.0,0.0,0.0,0.0,0.0,0.0,0.0,0.0,0.0,0.0,0.0,0.0,0.0,0.0,0.0197715802165795,0.326828588324417,0.0,0.0072041768981973,0.0,0.135516079666275,0.825922105700383,0.0140567824631985,0.0506451764839036,0.0,0.0225444405077193,0.0,0.0,0.0645138146411779,0.0,0.0,0.0,0.142902805077904,0.0119938043262468,0.0,0.0,0.0,0.0006859428366627,0.0816239040513135,0.0,0.0147350554836043,0.546330987828808,0.0,1.18311601286789,0.0,0.0,0.0,0.0,0.0,0.0,0.0,0.0,0.0,0.0,0.0,0.0,0.0,0.107854706829409,0.0098791804575772,0.0,0.0,0.0,0.0,0.0,0.0,0.0,0.0,0.0,0.15247766054689,0.0,0.0,0.0006111435199194,0.0,0.0,0.0516767469006599,0.0,0.0,0.0152809127065959,0.0,0.0,0.0,0.0,0.0,0.0,0.0,0.000741041194121,0.0289460647234747,0.0,0.0,0.0,0.0022138078797495,0.0,0.0,0.0,0.0,0.0,0.0120282838524083,0.0531046430501154,0.0,0.000973189957622,0.0,0.0,0.665420138055475,0.0,0.0,0.0,0.0,0.0,0.0,0.0,0.0,0.0,0.0,0.0,0.0,0.0,0.0,0.0,0.0,0.0,0.0,0.0,0.0,0.0,0.0,0.0,0.0,0.0,0.0,0.0,0.572837980958721,0.0,0.0191663779048408,0.0,0.0,0.0,0.0,0.0,0.0,0.0,0.0,0.0,0.0224198374137586,0.0007306410715145,0.0,0.0092571990086075,0.0,0.0,0.0,0.013504391523158,0.0
SI,0.330824650363825,0.0,0.0,0.507936976010507,0.0,0.0,0.180413091839781,0.096310420801212,0.172482329370933,0.0,0.0110151597455499,0.0092444135412177,0.0,0.0,0.0442509672315785,0.0,0.0,0.0,0.0,0.0,0.0,0.239756974913826,0.0,0.0,0.0,0.0,0.0,0.121814192003623,0.0,0.0,0.0398736954265791,0.0,0.020792030526292,0.0,0.0,0.279550555134249,0.0,0.0,0.0,0.0,0.0,0.0,0.0,0.0407233458644629,0.0,0.0227740260543673,0.0,0.0,0.179727581299319,0.0759539432704224,0.0,0.0,0.0243587861327946,0.126954489984402,0.0,0.0,0.0,0.0150746109281804,0.0,0.0,0.0,0.0,0.0285646584885059,0.0288570883654148,0.0,0.0,0.0,0.0,0.0,0.0,0.0,0.0,0.0,0.0038724669220203,0.0,0.0,0.0,0.0,0.0,0.0,0.0,0.181378158370393,0.0,0.165665034590323,0.0,0.0,0.0,0.0,0.0,0.0,0.0,0.0,0.0,0.0,0.0321829205363169,0.0,0.0,0.0,0.0,0.0,0.0,0.0,0.0,0.0,0.16525448339439,0.0,0.0,0.0,0.0,0.062015440528321,0.0780929085150773,0.0366807869758773,0.562915440240112,0.0,0.0375002478363863,0.0,0.0,0.0,0.0,0.0,0.0121410321959248,0.0038644467594836,0.0,0.0,0.0,0.0,0.0,0.198258888035553,0.0498517990320471,0.0,0.0014177484058584,0.0,0.0,0.0,0.0,0.0,0.0,0.0,0.0,0.0,0.0,0.0,0.0,0.0,0.0,0.0,0.0,0.0,0.0,0.0,0.0039027012656211,0.0,0.0101616798648111,0.0,0.0,0.0,0.0513692914491729,0.0,0.0,0.0,0.0,1.87625454910051,0.0,0.0136803949514743,0.0,0.0,0.0,0.0,0.0,0.0,0.0,0.0,0.0,0.0,0.0,0.0041392540304089,0.00500023110538,0.0,0.0,0.0,0.0,0.0,0.0,0.0,0.0,0.0061528270539143,0.0,0.0,0.0,0.100947555892552,0.0,0.0,0.0011138990463994,0.0,0.0,0.0157767527039875,0.0,0.0,0.0,0.0,0.0,0.0,0.0282911862872551,0.0,0.0,0.0,0.0036897552937954,0.0448870981765083,0.0,0.0,0.0,0.0,0.0201436938596062,0.0,0.0,0.0090695319474766,0.0099761803981863,0.0066005893934648,0.0,0.0,0.0,0.0,0.0,0.0054267387733986,0.0,0.0,0.0,0.0,0.0,0.0,0.0545150582236971,0.0,0.0,0.0,0.0,0.0,0.0034574724929022,0.0,0.0,0.0032951741936019,0.0,0.0014145829367562,0.0,0.0,0.0869891599011007,0.0,0.0,0.0,0.0,0.0,0.0,0.0,0.0,0.0008511717415263,0.0016188423169284,0.0026318740367763,0.0,0.0112717441041726,0.0045395402776195,0.0,0.0,0.0030697132999845,0.0059214755099962,0.0,0.0,0.0,0.0022680520194846,0.0008182350476751,0.0,0.0,0.0,0.0011608998854161,0.0060118323416153,0.0,0.0,0.0,0.0,0.006537202362267,0.0,0.0,0.0,0.0,0.0030603658309697,0.0,0.0,0.0,0.0005514100026525,0.0,0.0,0.0,0.0,0.0,0.0329910900976924,0.0,0.0,0.0,0.0,0.0,0.0,0.0,0.0,0.0060156344345291,0.0,0.0,0.0,0.0,0.0,0.0,0.0,0.0,0.0,0.0,0.0,0.0,0.0,0.0,0.0,0.0,0.001829462606688,0.0044916272026748,0.0013603363502247,0.011388694131036,0.0,0.0,0.0,0.0,0.0,0.0,0.0,0.0008131420951849,0.0010682946663384,0.0,0.0,0.0,0.0,0.0,0.0091894938288642,0.0048131012192459,0.0,0.0,0.0,0.0,0.0,0.0,0.0,0.0,0.0048308262221314,0.0033691358004811,0.0,0.0,0.0,0.0,0.0,0.0,0.0,0.0,0.0,0.0,0.0,0.0,0.0,0.0,0.0,0.0,0.0,0.0,0.0,0.0,0.0,0.0,0.0052225228159629,0.0,0.0,0.0,0.0,0.0,0.0,0.0,0.0,0.0,0.0,0.0,0.0,0.0,0.0,0.0,0.0,0.0,0.0,0.0,0.0,0.0,0.0,0.0,0.001377496778822,0.0,0.0007833541069528,0.0,0.0,0.0,0.0,0.0,0.0,0.0,0.0014935345993514,0.0,0.0,0.0,0.0,0.0,0.0,0.0,0.0,0.0,0.0,0.0,0.0,0.0
SIM,0.0,0.0008954103148822,0.001534007485806,0.0,0.0,0.0,0.0,0.0,0.0010984132468683,0.0,0.0,0.0,0.382740990314351,0.0,0.0,0.0,0.0,0.0,0.0,0.0,0.0,0.0,0.0,0.0,0.0,0.0,0.0,0.0,0.0,0.0,0.0,0.0009153484302861,0.0,0.0,0.0,0.0019698728609191,0.0005911691114221,0.0,0.0,0.0056536711070932,0.0041759489023061,0.0,0.0529076391059689,0.0007060794065033,0.0,0.0010617333168599,0.0049718798454587,0.0018125113438736,0.0,0.0,0.0788839771512063,0.0,0.0,0.0,0.0,0.0,0.0006951000819951,0.0018661988606087,0.0,0.0,0.0,0.0021117584146786,0.0,0.0,0.0,0.124736738128413,0.0026623237818427,0.0010648061103939,0.0,0.0,0.0,0.0,0.0,0.0,0.0007364046395997,0.0,0.0,0.001426527215475,0.0,0.0,0.0,0.0,0.0,0.0,0.0011008640347484,0.0,0.0,0.0,0.0,0.0,0.0,0.0,0.008309714005927,0.0013938007023579,0.0008437542996202,0.0,0.0,0.0,0.003732519696919,0.0,0.0,0.0012826038306828,0.0,0.0010036976096035,0.0,0.0005712289727646,0.0,0.0,0.0,0.0,0.001076011886121,0.0,0.0044702045622766,0.0,0.0,0.0,0.0,0.0019085502803891,0.0068315750493843,0.000784524135574,0.0,0.0,0.502268034852479,0.0893535886211711,0.0,0.0,0.0,0.0044973415593408,0.0,0.0,0.0,0.0,0.0007273152538046,0.0,0.0100180816684873,0.0,0.0886718186590119,0.0,0.0022813897689477,0.0010324238138003,0.001541374591155,0.0,0.0,0.0,0.0,0.0,0.0,0.0021489070746647,0.0,0.0,0.0,0.0,0.0,0.0,0.0,0.0009558604424214,0.0,0.0,0.0,0.0008916057682986,0.0,0.0,3.07707574394375,0.0,0.0,0.0011729699217111,0.0,0.0,0.0,0.0,0.0009630918122274,0.0005715210378927,0.001288294915333,0.0,0.0008180449933859,0.0,0.0038051480243364,0.001454350927978,0.0,0.0,0.0038179260894871,0.0,0.0,0.0,0.0006262469559997,0.0,0.0,0.0123128743341606,0.0005910855701568,0.0035620934512705,0.0019632144006398,0.0009122869864081,0.0,0.0032794884615478,0.0,0.0,0.0,0.0,0.0,0.001111068587287,0.0,0.0,0.0,0.0,0.0,0.0,0.0,0.0,0.0,0.0,0.0010811225680022,0.0037317762159114,0.0,0.0,0.0,0.00083373288575,0.0,0.0,0.0,0.0,0.0,0.020944823289921,0.0,0.0,0.0013960635856587,0.0,0.0,0.0,0.0,0.0,0.0,0.0,0.0,0.0,0.0,0.0005244589534064,0.0,0.0,0.0,0.0,0.0006029371814222,0.0,0.0,0.0007887637865482,0.0032518461821619,0.0006186102820949,0.0,0.0,0.0006969966148614,0.0155845412357156,0.0,0.0,0.0,0.0,0.0,0.0,0.0008090593066733,0.0,0.0,0.0011659702069441,0.0,0.0,0.0,0.0,0.0,0.0,0.0015321871209915,0.0,0.0,0.0,0.0,0.0,0.0,0.0,0.0,0.0009215893070386,0.0,0.0,0.0,0.0,0.0,0.0,0.0,0.0,0.0,0.0,0.0,0.0,0.0,0.0,0.0,0.0,0.0,0.0,0.0,0.0016777163217336,0.0,0.0,0.0,0.0,0.0,0.0048337005627448,0.0,0.0011322294212725,0.0,0.0,0.0,0.0055063389424486,0.0,0.0,0.003515337799342,0.0,0.0,0.0,0.0006354377039428,0.0,0.0,0.0,0.0,0.0026799856527938,0.0,0.0037854037760949,0.0,0.0,0.0007591945288966,0.0,0.0005307992134969,0.0,0.0,0.0,0.0,0.0179742134168334,0.203745923370081,0.0,0.0,0.0,0.0015221634446929,0.0,0.0,0.0,0.0,0.0019802822824826,0.0,0.0,0.0009907731557665,0.0035769323963836,0.0,0.0027906678442231,0.0,0.0,0.0,0.0,0.0,0.0,0.0,0.0,0.0,0.0,0.0,0.0,0.0086336483046909,0.0,0.0,0.0029494876754914,0.003398015672944,0.0,0.0,0.0,0.0,0.0,0.0,0.0037956109658011,0.0,0.0,0.0,0.0,0.0,0.0,0.0,0.0,0.0,0.0,0.0,0.0,0.0,0.0,0.0,0.0,0.0,0.0019756324679304,0.0,0.0,0.0,0.0,0.0,0.0,0.0274806867922791,0.0,0.0031500718618164,0.0,0.0,0.00321673198389,0.0015113441345539,0.0,0.0,0.0,0.0,0.0,0.0,0.0,0.0,0.0007995691423684,0.0,0.0,0.0009144419344675,0.0,0.0006052753794892,0.0
SMT,0.0,0.105836397338056,0.0,0.0,0.0,0.0,0.0,0.0,0.0,0.0,0.0,0.0,0.0,0.0316882121327763,0.0,0.0,0.0,0.0105535938398878,0.0055372593979845,0.0097202359992615,0.0,0.0,0.0,0.0,0.0,0.0,0.0,0.0,0.0,0.0,0.0,0.0,0.0,0.0,0.0,0.0,0.0,0.0,0.0,0.0,0.0,0.0,0.0,0.0,0.0,0.0,0.0,0.0,0.0,0.0,0.0,0.0,0.273625785293409,0.0,0.448576846058686,0.0372683625111234,0.0,0.0,0.0,0.0,0.0,0.0,0.0,0.0,0.0054438568528062,0.0,0.0,0.0,0.0,0.0,0.0,0.0,0.0,0.0,0.0,0.0,0.0,0.0,0.0,0.0,0.0,0.0,0.0094707685622921,0.0,0.0,0.0,0.0,0.0,0.0,0.0,0.0,0.0,0.0675666281966642,5.24772033500892,5.50773500274341,0.0,0.0,0.0,0.0,0.0,0.0,0.0,0.0,0.0,0.0,0.0,0.0,0.0,0.0,0.0,0.0,0.0,0.0,0.0,0.0,0.0,0.0,0.0,0.0040750213823626,0.0,0.0,0.0323489767186161,0.0,0.0,0.0,0.003903995475497,0.0,0.0,0.0,0.0,0.0,0.0,0.0,0.0,0.0046281624908423,0.0,0.0,0.0385448822577492,0.0210751850119777,0.0,0.0,0.0,0.0052342752801997,0.0,0.0,0.0,0.0,0.0,0.0,0.0,0.0199314823905897,0.0,0.00511085036393,0.0,0.0,0.0,0.266580503092821,0.0,0.0,0.0,0.0,0.0,0.0,0.795324316920056,0.0051982455545093,0.0337079119343844,0.0,0.0,0.0,0.0,0.0,0.0,0.0,0.0,0.181816257431789,0.0495579679852696,0.0,0.386256115746728,0.0132374692118909,0.246190198707245,0.0,0.0013639620770516,0.0,0.0,0.0,0.0,0.0,0.0114487771209595,0.0,0.0,0.0,0.0,0.140264336826231,0.0,0.0,0.0,0.0022353775793083,0.0,0.0,0.0,0.0,0.0,0.0,0.0,0.0013245636125088,0.0195881085288239,0.0,0.0,0.0,0.0,0.0,0.0,0.0,0.0,0.0,0.0,0.0,0.0,0.0,0.0,0.0,0.0,0.0,0.0,0.0,0.0,0.0,0.0,0.0,0.0,0.0,0.0,0.0,0.0,0.0,0.0029923823236846,0.0,0.0,0.0,0.0,0.0,0.0,0.0,0.0,0.0,0.0,0.0,0.0,0.0,0.0,0.0,0.0,0.0,0.0,0.0,0.0,0.0,0.0,0.0,0.0,0.0010337244916553,0.0,0.0,0.0,0.0,0.0,0.0,0.0,0.0,0.0,0.0,0.0,0.0,0.0,0.0005971029765252,0.0005145841273184,0.0,0.0,0.0,0.0,0.0,0.0,0.0,0.0,0.0,0.0,0.0,0.0,0.0,0.0,0.0,0.0,0.0,0.0,0.0,0.0,0.0023576050823879,0.0,0.001137310098899,0.0,0.0,0.0,0.0,0.0,0.0,0.0,0.0,0.0,0.0,0.0,0.0137124350817076,0.0,0.0,0.0,0.0,0.0,0.0,0.0,0.0,0.0,0.0,0.0,0.0,0.0,0.0,0.0,0.0,0.0,0.0,0.0,0.0,0.0,0.0,0.0,0.0,0.0,0.0,0.0,0.0,0.0,0.0,0.0,0.0,0.0,0.0,0.0,0.000747518012164,0.0,0.0,0.0,0.0,0.0,0.0,0.0,0.0,0.0,0.0,0.0,0.0,0.0,0.0,0.0,0.0,0.0,0.0,0.0,0.0,0.0,0.0,0.0,0.0,0.0,0.0,0.0,0.0,0.0,0.0,0.0,0.0,0.0,0.0,0.0,0.0,0.0,0.0,0.0,0.0,0.0,0.0,0.0,0.0,0.0,0.0,0.0,0.0,0.0,0.0,0.0,0.0,0.0,0.0,0.0,0.0,0.0,0.0,0.0,0.0,0.0,0.0,0.0,0.0,0.0,0.0,0.0,0.0,0.0,0.0,0.0
SNc,0.0957322480445306,0.0075957608707286,0.008647267764472,0.0900920415212898,0.0,0.0049832100311875,0.0618679369459123,0.0,0.0147563434508149,0.0,0.0,0.0,0.0,0.0038273325289799,0.0129954740919008,1.90697932397687,0.0,0.0,0.0007392901349004,0.0,0.0022005523386455,0.0626695930445535,0.0815993679093776,0.0833906868637382,0.0038896004068391,0.0,0.0030291463976045,0.76433559677707,0.0154319427486424,0.0,0.0067946219640971,0.0852920397561172,0.876152932628586,0.0226875380491061,0.0228542260788981,41.3210553896501,0.0364069790265314,0.0,0.250266345388174,0.0,0.0526137618947255,0.0062218977988967,0.0,0.0015035221150718,0.437153203928491,0.0254619676150817,0.0477327653495717,0.0466471556235913,0.0430139736717643,0.0058897087223351,0.0151749745433526,0.0,0.0041719218471549,0.176484185138827,2.49972513546527,1.20854183802733,0.101605099761388,0.0145887585692684,0.0062543040113068,0.0,0.0,0.0,0.0049729971944376,0.508922148225007,0.0,0.0943191986389155,0.0072235273189336,1.27881069436989,0.0102081114937968,0.0006671705714812,0.0011483636977553,0.0,0.0,0.0034008483879116,1.06047060963387,0.0,0.0630349641837009,0.0,0.001171381301201,0.0035695576730683,0.0005840913833835,0.0226511661098604,0.0,3.37997631824955,0.0,0.0,0.0374775711502619,0.0030440408108997,0.0889222129615433,0.0090041447739232,0.0015500062728877,0.0028762267040696,0.121759635546152,0.39847750621567,0.225245737869957,0.0,0.0073449809926039,0.0,34.6973386502153,0.0006922836598446,0.0,0.0280401678936165,0.0,0.005705782763507,0.0191318116263138,0.0,0.0027325137790265,0.0520586940244383,0.133955598575769,0.0054015331529131,0.0036447405146534,0.0,0.0984178027781755,0.000548625496061,0.0385688850537956,3.48592218758182,0.0050396006669573,1.69712081096115,1.58758427574653,0.0085107095405149,0.005457123656896,3.00953050878696,0.0,0.155310530294255,0.011552583641651,0.0,0.140410657238387,0.0,0.0205822571503371,0.0,0.68189694860023,0.311796638885632,0.0117102561065412,0.0724133688584263,3.10729583656821,0.0,0.0,1.13411557791887,1.31710356239556,0.0,0.0848904735376869,0.0,0.0024511519336103,0.0,0.0445647372948602,0.0023928524087465,0.0,0.0,0.0265160121590374,0.0098555887186015,0.0264847357492268,1.81807843941637,0.282047866061314,0.010115509865863,0.0077026763284799,0.0206081778688147,0.921444651219665,0.0,15.6833951459465,0.0,0.0013657505151985,0.803295647123149,0.0,0.0911118922292303,2.42731057084973,8.76208476293152,0.0,0.17986112683875,0.062156982644554,0.898483782747816,0.0035016976736413,0.0,0.0272697127874469,0.107712221229022,0.0,0.0022558504146023,0.100123168778857,0.0,0.003367709386309,0.0105169658595181,0.140881121447447,1.07096217092535,0.0108882529043414,0.578732200715579,0.0,0.0,0.0109614989390783,0.438692727019656,0.0060795087288752,0.0038685493015188,0.0,0.235894365747203,1.14370877748985,0.0,0.0,0.0411280283988037,0.0024231191016802,0.0057925719592981,0.0015067234381733,0.0043075905321048,0.0,0.0366388264720691,4.12446333051218,0.0037002809408871,0.276709170758958,0.354459310809037,1.19457634101505,1.0051988973267,0.0,0.0211629274132584,0.0066132656639263,0.0,0.007975557322477,0.0010704918240423,0.0014027047105919,0.0,0.0054481942096521,0.0,0.0,0.0,0.0,0.0,0.0,0.0032971889988693,0.107422784202,0.0,0.0007858836549161,0.0013024645628917,0.0007554297265182,0.0,0.0033822033419612,0.0041991075192232,0.0050836705169647,0.0006538545729385,0.0,0.0065619540012843,0.0314903874634427,0.0,0.0234442745022255,0.0012546511222765,0.024012731944463,0.474636824178783,0.0100114856033429,0.0221257830030742,0.128881399714701,0.0038271435635112,0.0,0.0,0.0,0.0918310823796078,0.0,0.0,0.0,0.200667980604305,0.004084101705997,0.0222089202734693,0.0,0.006490838673422,0.0,0.0261091496853084,0.0,0.0021671312028262,0.0076495556179594,0.0221521524303548,0.0040051643105758,0.0,0.0068157250656103,0.0,0.0,0.0,0.0,0.0,0.222869264569043,0.0,0.0,0.0026472873307844,0.0943766728946706,0.0011280748735621,0.0,0.0,0.0,0.0,0.0007062310326722,0.0437318429533792,0.0108849170377068,0.0072443763818785,0.0,0.0,0.0,0.0,0.0069598454208579,0.0,1.23910235253896,0.0,0.0,0.0,0.0,0.0077265504910494,0.002254511954784,0.005881712712323,0.0007547634199437,0.152743905803728,0.0271050875799975,0.031535178613037,0.0,0.0008076793074878,0.0,1.34819519236865,0.0,0.0007250687992953,0.040486600969337,0.0,0.0045375090099096,0.0050597617523329,0.0,0.0,0.0377697594943695,0.0162368293552798,0.0,0.0,0.0,0.0776763065040764,0.0007800557439129,0.008239824756982,0.967098542640809,0.0024251080895142,0.106454795602588,0.111846051497065,0.0013230932974754,0.0,0.314186196268746,0.0,0.057923839742966,0.0120458664764903,0.0,0.035338335437527,0.0584697997236678,0.0025047693361282,0.0,0.10320149209746,0.0117635854768221,0.0308491732415438,0.0006563604377495,0.257939731238715,0.0014906668640676,0.0,0.184760540981203,0.0,0.0020975759983156,0.0085541749851617,0.0012102823356812,0.000730247339552,0.0,0.009231890436975,0.0005301694148755,0.0,0.0,0.0232908767187201,0.0100372619388456,0.0184747989238469,0.07359888614765,0.0308546468332913,0.0091372655275906,0.0283012842230108,0.0234857296373426,0.0,0.0,5.92286621360708,0.0,0.001205742815482,0.0543091921763826,0.0,0.0307706066915132,0.0114967164329243,0.0299305920245016,0.0340911511170105,0.0374955976912006,0.0015901685695933,0.0341788162729426,0.0,0.0,0.0,0.0290082550995035,0.0,0.0011802228183077,0.0065260648705694,0.0,0.0008829171821955,0.0009586654260121,0.0,0.0084662348651824,0.0016641209648488,0.0076792497729496,0.0,0.0008325408047633,0.0119384184438415,0.0578538493140743,0.0048595787878211,0.0,0.0089170438745731,0.0,0.192502333681115,0.0,0.0,0.0035885448009728,0.0008421678095955,0.0019373332951475,0.0005917908867833,0.0112526616281296,0.0,0.0025866660313404,0.324775331539434,0.0010333760209329,0.0,0.0073415538102023,0.155507613320313,0.0981609902260671,0.0
SNr,0.0,0.0,0.0,0.0,0.0,0.0,0.0,0.0024822171799636,0.0007115173411523,0.0,0.0011422615762319,0.0028827226041981,0.0017302103918392,0.0,0.0,0.0,0.0006978209732048,0.0,0.0008125489607514,0.0005495487861779,0.0,0.0,0.0,0.0,0.0,0.0,0.0,0.0,0.0,0.0149525341500912,0.0,0.0,0.0242121489004828,0.0,0.0,0.0,0.0,0.0009361131617971,0.0,0.0,0.0,0.0,0.0,0.0,0.0,0.0,0.0,0.0,0.0,0.0,0.0,0.0,0.0,0.0,0.0,0.0427725783897563,0.0296710595170508,0.0036680694803897,0.0,0.0,0.0,0.0021143003795304,0.0,0.0,0.0016374681221077,0.0,0.0,0.017427148643471,0.0,0.0,0.0,0.0,0.0,0.0,0.0,0.0,0.0,0.0012546643174048,0.0,0.0,0.0,0.0,0.0036082232716465,0.0270876250954218,0.0027185279571668,0.0,0.0,0.0,0.0,0.0,0.0,0.0,0.0,0.0,0.0,0.0,0.0,0.0,0.0,0.0,0.0029744116310371,0.0,0.0,0.0,0.0,0.0008862901635506,0.0,0.0,0.0,0.0,0.0,0.0005835473576902,0.0,0.0,0.0,0.0,0.0,0.0589222783384409,0.0,0.0,0.0,0.0,0.0061297580968615,0.0,0.0,0.0029878106164069,0.0,0.0115321257476437,0.0,0.0,0.0,0.0,0.0,0.0,0.0,0.0,0.0007507495876863,0.0147605632268022,0.0,0.0,0.0,0.0,0.0,0.0,0.0,0.0,0.0,0.0,0.0,0.0007742650021857,0.0043959612565842,0.0311130967372591,0.0655301813826197,0.0,0.0,0.0,0.0186229387642675,0.0,0.0,0.0,0.0,0.0,0.001127876856816,0.004308258316371,0.0,0.877351766095184,0.00166736382813,0.0,0.0018604258527347,0.0063307945010515,0.0,0.0005935627521979,0.0,0.0,0.002038079662696,0.0,0.0,0.0031404757275151,0.0,0.0,0.0015891479896508,0.0,0.0,0.0,0.0,0.0011422755620676,0.0,0.0,0.0,0.0028357103848557,0.0046374498756887,0.0,0.139877820613126,0.0009474376820232,0.0019915983577595,0.0006280811962825,0.0,0.0,0.0,0.0077432976325812,0.0,0.012396588046747,0.183445210146546,0.0,0.0,0.0,0.0,0.0,0.0,0.0,0.0,0.0031174391943333,0.0,0.0,0.0,0.0009796159778741,0.0,0.001212957456799,0.0,0.0,0.0,0.0015487308721189,0.0,0.0009576580751182,0.0,0.0,0.0,0.0,0.0,0.0,0.0,0.0,0.0,0.0,0.0,0.0,0.0,0.0,0.0,0.0,0.0016969222435251,0.010586362963363,0.0,0.0,0.0,0.0,0.0019939180162746,0.0010270696499287,0.0021054059762922,0.0034882861562873,0.0,0.0,0.0014101048436292,0.0,0.0,0.0,0.0037944303831162,0.0,0.0,0.0,0.0,0.0,0.0,0.0,0.0,0.0063543515876166,0.0,0.0,0.0,0.0,0.0,0.0,0.0,0.0006875227058532,0.0,0.0,0.0,0.0,0.0,0.0,0.0,0.0,0.0,0.0,0.0,0.0,0.0005303916046397,0.0,0.0,0.0,0.0,0.0016147458039509,0.0,0.0,0.0,0.0028945649767414,0.0,0.0,0.0,0.0,0.0,0.0,0.0,0.0,0.0,0.0,0.0,0.0,0.0,0.0,0.0,0.0,0.0,0.0,0.0,0.0,0.0,0.0,0.0,0.0010891538308587,0.0,0.0,0.0,0.0,0.0,0.0,0.0,0.0,0.0,0.0,0.0,0.0016188455196004,0.0,0.0,0.0012076049361228,0.0,0.0,0.0,0.0,0.0,0.0,0.0,0.0,0.0,0.0,0.0019009803986131,0.0,0.0052527496736117,0.0,0.0,0.0,0.0,0.0,0.0,0.0,0.0,0.0,0.0,0.0,0.001638209090454,0.0,0.0,0.0,0.0,0.0,0.0007602063971061,0.0,0.0,0.0,0.0,0.0,0.000955491674958,0.0,0.0,0.0,0.0,0.0,0.0,0.0,0.0,0.0,0.0,0.0,0.0,0.0,0.0,0.0,0.0,0.0,0.0014055060127157,0.0,0.0,0.0,0.0,0.0,0.0,0.0,0.0,0.006158152430551,0.0,0.0,0.0,0.0014588173228249,0.0009809254189155,0.0,0.0,0.0,0.0,0.0,0.0,0.0,0.0,0.0,0.0,0.0,0.0,0.0,0.0
SOC,0.0,3.09354131750681,17.2089282861835,0.0,0.0,0.0,42.1291271274773,1.41941315053063,127.129870493399,0.0,0.0,0.0,0.0,0.0,25.9763100796756,0.0,0.0,1.49827820754816,0.320316604926246,3.08900128017901,0.0,0.0,0.0,0.0,0.0,0.0,0.0,0.0,1080.95598478911,0.0,0.0,0.0,0.0,8.76730486204311,7.43498879956746,64.8170277869988,0.0,0.0,33.0611074550314,0.0,98.4520838062052,0.0,0.0,0.0,0.0,4.72829259281515,0.0,0.0,0.0,0.0,0.0,0.0,0.0,0.0,1.01551712427382,0.0,86203.7869021482,87.3766790117673,0.0,0.0,0.0,0.0,0.0,0.0,39.5369122074648,0.0,0.842008322428871,0.0,0.0,1309.87650170998,0.0,0.0,0.0,0.0,86.8877279075269,0.0,0.0,2419.92006922404,0.0,0.0,0.0,0.575100711286007,402.73157556055,0.0,16775.2590737039,27967.5295230326,48.5849261079061,5.81016972087723,0.0,0.0,0.0,0.445850663041252,95.6955749047748,27.8767722721798,0.0,0.0,0.0,0.0,19615.3428754311,0.0,0.0,119.846423373894,0.0,155.262140079023,23.5046057024503,0.0,0.0,0.0,0.0,10.4637584674165,6.27663164727857,0.0,260.684839243207,0.0,13.7011175472038,0.0,0.0,52850.1164759304,0.0,606.09722520292,0.471631637861914,0.0,3.19543932167447,0.0,0.0,4080.1091552685,0.0,140.194415311143,0.439309281016777,0.0,0.0,0.0,15.4984291742961,0.0,4707.7904553205,2.24450270259416,0.0,59173.4773334292,10761.2926411752,0.0,3123.58047092737,0.0,1.19469413800409,0.0,0.0,0.0,0.0,0.0,0.0,0.0,0.0,2379.50965299066,189.415323647808,0.0596989399882448,3.89736982208519,4.21672084700623,0.0,0.0,0.0,0.0,0.0,0.0,0.0,0.0,0.0,33.7351016056608,0.0,0.0,0.0,0.793408157622253,0.0,0.0,0.0,14074.2687998067,20.7370763641782,0.413339830065174,209.223793181493,53.174526352394,0.0,1.52122656612086,161.345355776049,0.0782082981701105,5.83875183430512,0.0,32.3755958104204,0.613904210755018,0.0,824.332512633776,0.0358967029700043,128.535088297221,298.915539026145,12665.719229142,0.0,0.0,0.0,0.165745524168101,0.809806066884476,0.0,0.994123558702606,4.38401594597632,0.0,0.0,171.513515535341,0.0,0.0,0.0,0.0,106.484616076007,0.0,0.0,19.3605640169849,56.5467204912883,0.0,0.0,0.0,26.1591843187031,0.581285431009257,5.76790873285445,1221.11022873157,0.0,0.0,0.0,0.0,5.21258286468398,0.0,0.0,0.0,0.0,0.0,0.0,0.0,0.0,0.0,0.0,0.0,0.0,0.0,623.095956419686,0.0,0.0,0.0,0.0,20.2771478680205,28.0883140109141,29.2197634244381,0.0,0.0,0.0,0.0,581.095926047444,0.0,0.0,6.13969520898505,0.0,0.0,0.0,6.83583681030193,3.88606133286325,0.0,731.56392540146,0.0,1.7779512149426,0.0,0.0,0.0,0.0,0.448932529693649,0.0,0.0,0.0,0.0,0.0,0.0,40.7990358766445,0.0,5.66065055697866,0.0,0.0,0.0,0.0,0.0,0.0,0.0,0.0,0.0,0.0,1373.10381288582,0.0,11.9401402678853,0.0,0.0,1359.21690617237,0.0,0.0,0.0,126.929024488862,2.35403716108193,0.0,0.0,0.0,0.0,113.025082243801,88.25166876992,98.6207461700636,0.0,0.0,0.0,0.0,0.0,0.0,176.699336844025,0.0,0.0,23.0042753971654,0.0,0.0,0.0,0.0,0.0,9.97407143265682,0.0534189425642998,705.918896342929,0.0,15.8710992537982,0.0,3.06284107177966,0.0,0.0,0.0,0.0382476752635103,0.0,6.1391521036203,0.0,0.0,0.0,0.0,61.3787627755768,1.85223358183695,0.0,0.0,0.0,13.2596143668176,0.0,0.0,7.26255978024745,0.0,0.0,0.0,0.0,0.0,0.0,0.0,0.0,0.0,0.0,0.0,2.37635326875725,0.0,0.0,0.0,0.0,0.0,0.057849279995543,3.1099390484742,2.36179981272008,0.0,0.0,0.0,0.0,0.0,0.0,0.0,0.0,0.0,19.4627468729432,0.0,0.0,0.0,0.0,0.0,0.0,0.0,0.0,0.332626684239594,0.0,16.0042386085834,0.0604959015269567,0.0,0.923261034720588,51.6293360998528,0.0,3.05998496374987,0.0,0.0,0.0,9.48417055681099,0.0,0.0,67.508949624456,27.3805932759581,768.302759549433,0.0,0.0,0.0,0.0,0.0,0.0,0.0,0.165006844621245,0.328498289069137,0.0,0.0,0.0,0.0,52.4178885738814,0.0,229.304900291452,0.0
SPA,0.325717198347578,0.0,0.0,0.0,0.0,0.0,10.7114397392341,0.403416564752622,0.0,0.0,0.0,0.0,0.0,0.0,0.0,0.0,0.0,0.0,0.0,0.0320164085831126,0.0,0.637792055362498,0.419202506846622,0.0,0.0,0.0,0.0866608495839183,1.10449098337676,0.0007909505972613,0.0,0.0,0.0,0.0,0.10143278823353,0.0184864622811672,0.0,0.0,0.0,0.0,0.0008161727381197,0.0235121426933046,0.0,0.0,0.317306295880466,0.0,1.2261211487649,0.0,0.0,0.371009862448723,0.168135283795574,0.0,0.0,0.0,1.56922062635224,1.81785173044964,0.332566608416679,0.0010478900630175,5.87935623402177,0.131694575497968,0.0,0.0,0.0,0.0,0.372369595551607,0.0,0.0018018217137242,0.0,0.0075610167654771,0.0990843628224962,0.0,0.0,0.0,0.0,0.0,0.0,0.0,0.0,0.0044225654717411,0.0069034676117586,0.0,0.0,0.117706241527701,0.0010951542970287,0.0,0.0019005368254056,0.0022523713037047,0.0,0.0,0.0,0.0,0.0006015927157338,0.0,0.0,9.89769749505343,4.35690872310635,0.0,0.0,0.0,0.0,0.0,0.0,0.0,0.0,0.0,0.0012071146411184,0.0015306383660216,0.0,0.0,0.0,0.0,0.0,0.0,1.77960176035923,0.0,0.150549884471128,0.0,0.0,0.0035955542465982,0.0600248991472468,0.0,0.802367143616493,0.286935693554871,0.0,0.0092615993778894,0.0,0.0021751634571742,0.0,0.128380422907857,0.0,0.0,0.0,0.0088236428276997,0.0,0.0060129286157335,0.0,0.0,0.0068005831973557,0.006199418859702,0.0,0.0,0.0,0.0,0.0,0.0,0.0,0.0,0.0,0.0,0.0,0.0,0.0652833086162532,0.0,0.0,0.0,0.0,0.0,0.467589574479642,0.0,0.0,0.0,0.0,2.71768089187141,0.0,0.483342003450719,0.0,0.0327843021806442,0.001413538784684,1.19178936003448,0.130027843727301,0.0009036340507243,0.0,0.0,0.0,0.0018184136080488,0.0325967560791899,0.0,0.0,0.60612079515132,0.0,0.198513557687911,3.57455764575717,0.0,0.0,0.0009854389921968,0.0,0.271722968707307,0.3593011021844,0.0129027102746326,0.0011112785541942,0.0960236320989823,0.0,0.0,0.0,0.0087513066678517,0.0051926633142971,7.4748935458475,0.0,0.0,0.0,0.0,0.0,0.0,1.33293222610203,0.0,0.0077151281357938,0.0055366394127586,0.513814144420503,0.0,0.0,0.106973623723169,0.127958076866411,0.0,2.65201669795571,0.0,0.0,7.90571759633197,2.75237866714665,0.956123508069086,0.0,0.0,0.0,0.0034306037792747,0.0006376270404392,0.0,0.0,0.0017197623085868,0.0,0.0,0.0027888168498474,0.0,0.610491426506568,0.0475506397431266,0.0,0.0,0.0074733385879062,0.0407962575886673,0.476958416803595,0.0009427167357534,0.0040095198035615,0.797921349478795,0.0,1.89885064602949,0.0048865667610143,0.0097051455033498,24.5440179505763,0.0,0.0087629439974708,0.0099129777425559,0.0122672205029571,0.0,0.0,0.0,0.161968420465438,0.0024009894815543,1.01874994876781,0.0,0.0,0.969844013802498,0.174156178653527,0.0,0.0,0.367835665355268,1.02979219734793,1.61930242691788,0.178613769465292,0.0046203286299821,3.9528235950891,0.0284510634265132,0.0,0.002972079645635,0.001556399341534,0.116870674623235,0.979299460918446,0.0,0.0017921679269534,0.0,0.0011420607495331,0.0718186511289876,0.0,0.0,0.0,0.0,0.0,0.280395640999749,0.0,0.0207296326066969,0.0036088860758103,0.0797348693407293,0.0663034786119114,0.0,0.0301528784482279,0.00173469790057,1.84050079878885,0.0032638330087741,0.003131994984229,0.0521408201690078,0.0020068488966472,0.0034524736352402,0.0008335787928327,0.0,0.0,0.009968628844102,3.91129155801,3.17662244250064,0.0,0.0,0.0,0.0,0.0,0.0,0.0082880752206405,0.0,0.0,0.0059205193964312,0.0,0.0,0.0,0.0,1.06008023167311,0.0,0.0,1.36571411027222,0.0,0.0463968064562405,0.0,0.0,0.0024501481758319,0.0310794896602759,0.0,0.621032087606031,0.629421813234496,0.0,0.0009821695260209,0.0,0.0011601321974421,0.0301900590723134,0.175377957567523,0.0,0.0,0.1815523861331,0.0193134394350249,0.0,0.0,0.0,0.0022946782984075,0.0047718411475454,0.0012226423023383,0.0,0.0,0.0,0.0,0.0130211897234666,0.0,0.0,0.0,0.0,0.0,0.0,0.0040669766243419,0.448222889759252,0.0,0.0,0.0,0.0,0.0,1.30190560625055,0.0,0.0171424841752925,0.0,0.0095929768436386,1.87770520368454,0.0,0.95956691639593,0.0032878389296536,0.0055664980662774,0.0084167781523811,0.784473279673489,0.197529556901672,0.0378671500102863,0.0,0.0,0.0,0.005066156579609,0.0293384590216173,0.0129485200358628,1.3255504125618,0.133617918974547,0.0041877742348015,0.116032871158769,1.93839261216612,0.003005678419772,0.0,0.0,0.0,0.112303554121697,0.0296269317295769,0.0028300068300642,0.0017322256333,0.103978505313175,0.0,0.0,0.455398488104765,0.0198143889535586,0.0,5.20342900122595,0.0,0.0,0.0007363260653198,0.0,0.0,0.0,2.39770736214298,0.0,0.0397005125934177,0.146649203727374,1.94407310176982,0.0072374319415028,0.0
SPFm,0.0,0.0,0.0,0.0,0.0,4.73154368809126,0.0,0.0,0.0,0.0005436491961543,0.0,0.0,0.0539645331421377,0.0,0.0,0.0953920842077721,0.0,0.0,0.0,0.0,0.0,0.0,0.0,0.0,0.0,0.0,0.0,0.0,0.0,0.059789289293658,0.0,0.0678805118077177,0.0,0.0,0.0,0.0,0.289264740848445,0.0438753999290872,0.195680048905303,0.0,0.0,1.90028829312953,0.0,0.0,0.124622437218432,0.0,0.0,0.0,0.0,0.0,0.0,0.0,0.0,0.0,0.0,0.0,0.0,0.0,0.0,0.0006065124838815,0.0,0.0028201188099638,0.0,0.0,0.0,0.0,0.0,0.0,0.0,0.0013229224035001,0.0343930938459649,0.044985518487079,0.223502821101758,1.03796955579112,10.8740719863982,0.429865069330327,2.25632119475735,0.0,0.108455475178963,5.32369879659909,0.0,0.0,0.0,0.0,0.0,0.0,0.0,0.0,0.136686055793302,0.029647477114589,0.30381701140278,0.224494264878759,0.0,0.0,0.0,0.229289981793844,2.46222529338746,0.117539263599497,11.3327974622146,0.308720046224452,0.0,0.503543565341721,0.107116905137392,0.0012459365037453,0.0,0.0,0.0949668448649549,1.02581239103947,0.0,0.0,0.0,0.0,0.0,0.0,0.0,19.1993625909767,0.0,0.0,0.0,0.434558793233072,0.0,0.590957046107441,0.0,0.0,0.0,0.0,4.97599976313454,0.0,0.0,0.0,0.0,0.121337170452223,0.0,0.0298041080069281,0.505044002249361,0.0,0.0,0.0,1.86948097475098,0.0,0.0,0.062683385735089,0.0,0.896081234506261,0.853619098298163,0.0716719010937836,0.0,0.0,0.401905597164479,2.83494506046396,0.1688516332885,1.60206772288803,0.207579798657399,0.0,0.0,0.0,0.0,0.363810902565781,1.96648659395594,0.129299439985454,0.0625558292899845,0.0,0.0273096666603962,0.705554873338783,0.0,0.0,0.0,1.93295764346902,2.11250542780525,0.765964793316933,0.000616041386994,0.0052331008522599,0.0,0.0,0.0,0.0,0.0,0.0,0.0,0.0,0.0,0.0,0.0,0.0,0.0,0.0,0.0,0.0,0.0,0.0,0.0,0.0,0.0,0.0,0.0,0.0,0.0,0.0,0.0,0.0,0.0,0.0,0.0,1.42351406708297,1.00002581425783,0.0,0.0,0.0,0.0,0.0,0.0,0.0,0.0,0.0,0.0,0.0,0.0,0.0,0.0,0.0,0.0,0.0,0.0,0.0,0.065793653866305,0.0,0.0009583288941819,0.0,0.0,0.0,0.0,0.0,0.0,0.0,0.0,0.0,0.0,0.0,0.0289062111330768,0.0,0.0016355155435555,0.0,0.0,0.0,0.0,0.0,0.0438032585850551,0.0072366355895511,0.0,0.139965228608329,0.0,0.0,0.0,0.0138855270244677,0.0,0.0,0.0,0.0,0.0,0.0,0.0,0.0,0.0,0.0,0.0,0.0,0.0,0.0,0.001168782743551,0.0,0.0049942773602289,0.0,0.0,0.0,0.0,0.0,0.0,0.0,0.0,0.0,0.0,0.0081957020631963,0.0578207254749679,0.392008318147772,0.0,0.0,0.0006926993178911,0.0064898630072034,0.0,0.0,0.0,0.0,0.0,0.0,0.0007637190801718,0.0,0.0122144591140481,0.0040857131016224,0.0103620536348439,0.018298952002618,0.0457751633092182,0.0139914019918457,0.0,0.0,0.0,0.0,0.0246747450690127,1.16753383918202,0.0,0.0,0.0,0.0,0.0,0.0,0.0,0.0078594983258093,0.107437472538188,0.0,0.0,0.0,0.0,0.0,0.0,0.0,3.4384475054166,0.0,0.0,0.0,0.0235862266478477,0.0,0.196114317150684,0.0,0.0,0.0,0.0,0.452118434842233,0.0,0.0,0.130641795409236,0.0,0.0035163546895814,0.0,0.0005326222904063,0.0381963039225226,0.0,0.0,0.0,0.0,0.0011541944557477,0.0,0.035878195798279,0.0,0.0,0.199014229568576,0.0,0.0,0.0,0.0257975829055349,0.573681646093856,0.0,0.129282190397056,0.0,0.0,0.0,0.0,0.0,0.0,0.392814897274351,0.100564084033096,0.0,0.0,0.0,0.0,0.0,0.0,0.0,0.412689780665463,0.209491594690139,0.0362935150104515,0.0,0.0,0.0,0.0,0.0,0.0,0.0,0.0,0.0,0.0,0.0,0.0037385715882618,0.426690018317932,0.0,0.0,0.0,0.0,0.0,0.0,0.0,0.0,0.0,0.0,0.0,0.0,0.0,0.0,0.0,0.0,0.0,0.0,0.0,0.0,0.0,0.0,0.0,0.0,0.0,0.0
SPFp,0.979283957489394,0.0,0.0,0.126149515826541,0.0,2.64329495296198,0.141360522290728,0.540854087473008,0.0402912401827953,0.0009651674213302,0.0,0.0131836038921672,0.0,0.0,0.0178452470442885,5.55678608963642,0.03382874047017,0.0,0.0400652747520319,0.0,0.007933415513229,0.897684102523064,5.7154718654421,0.643756866756715,0.0,0.0,0.0332325354509144,7.52047278419319,0.0304845700376849,0.264527643480852,0.0403173725487867,0.0376459408264641,0.15102925087393,1.54816622700007,0.0784763031782664,5.72164826735483,0.248898083971736,0.0,1.70254246557194,0.0,0.0,0.457568007518267,0.0,0.0036055506912297,0.0885475824077557,0.714303775371736,0.0459394337105219,0.0,0.0898475770032336,0.0919884441474628,0.0,0.0,0.0,0.197672482578319,5.24366679684554,1.40150701424112,1.08819960167462,0.27304409326373,0.561987617524432,0.0,0.0,0.0,0.0,0.158325164786239,0.15690918364021,0.0024515079962771,0.023713095775346,0.149932445635709,0.565964585361114,0.0,0.0,0.0819614336924028,0.141947026550878,0.0998858733449906,9.7055437476765,0.0,1.08871093550225,0.0392629396621656,0.0039070749113682,0.739056718974263,0.0620468349904347,0.135843963661504,0.582961492921112,0.556988148942545,0.0068218332036893,0.0974482345401524,4.9653962199742,0.304506766837572,4.207600822637,0.974598566929678,0.0,0.0050462181984559,0.0261732530176872,0.0,0.0,0.194258785210072,0.794340963902222,0.0138240046035343,25.0956350344545,0.0637181937296939,0.0637799392811171,0.521989528961461,0.0576094537886485,0.0,0.20060955531465,0.0,0.136926772995318,0.456235770831705,0.0027993372475349,0.0,0.0,0.0,0.0902753483393056,0.0255593706682951,0.124701448982995,19.8006764216636,0.0,0.16444091790906,0.968238028830251,0.262505655772796,0.0237386721753184,1.16685042411631,0.0,0.476265696304262,0.0316569573542332,0.126201263548931,2.1063261347014,0.157308011092326,0.0,0.124859370188154,2.53302913591079,1.49694902947055,0.0,0.362774068613672,4.56098022177453,0.0,0.0,3.00759461877922,5.7124766038053,0.0138978801969352,0.0030959460808805,0.0776389314616007,0.0,0.32847920467794,0.256917899186392,0.01269019679515,0.0135378673591263,0.0,0.444570142499986,1.16421017286973,0.0547544716680564,2.50496693342259,0.496905173348981,0.0,0.0,0.0,0.0,0.273850855022486,18.6786483904755,0.658759564273182,0.003784878063891,4.22038096128278,0.0,0.138255659425781,0.169951478815315,1.26870307966033,0.0510278406513199,0.868976745925721,0.455999610520188,3.56298104811968,0.0,0.0,0.0039797525865857,0.0159130566031818,0.0,0.0,0.0,0.0,0.0,0.0,0.0,0.204414799597153,0.208127462349728,0.0619970934470084,0.0,0.0,0.0,1.50557765643649,0.0053101706182969,0.0216126709589796,0.419240037035643,0.025248697694573,0.631096275890782,0.0,0.0328168204990967,3.72638663282479,0.0,0.0,0.0,0.0,0.0,0.0,1.14657569036617,0.204946096400355,2.91609367238843,2.04784624553023,0.78307597193257,0.816524077655677,0.0,0.0523842348467663,0.0,0.002912637939904,0.00597361898474,0.0,0.219719642423542,0.007081632733935,0.0,0.0005986772840442,0.0,0.0081072608539108,0.0008807713114469,0.0027990097926566,0.0,0.0334474992265525,0.559668226314542,0.0,0.0,0.0,0.0,0.0033972429715711,0.0,0.0,0.130998101649194,0.0060242884466045,0.0013415238269884,0.0980642891523194,0.020566975464947,0.00102573727964,0.0208387409436322,0.0,0.0102533039018925,0.0860234955189789,0.0272817721423364,0.0083787114944771,0.0024965851286209,0.0136446726099235,0.0030048253984674,0.0,0.0,0.0,0.059456257557774,0.0009405987571898,0.0,0.0205096111209327,0.0027599600703977,0.0,0.0,0.001849183636235,0.0,0.0,0.0,0.0,0.0,0.0,0.0010623898331985,0.0,0.0055765798486948,0.0017730925013704,0.0,0.0,0.0,0.0,0.0898944681608338,0.00347605178202,0.0067108220045444,0.0043118073366162,0.0,0.0,0.0008148459733813,0.0386175567416437,0.0,0.006591005468618,0.0212472031624011,0.677065407572916,0.0280215560083977,0.0819471985314288,0.018994975561913,0.0005578519565375,0.0291071654057374,0.0108198956980511,0.0103796582274234,0.006802129756516,0.0,0.0,0.0,0.0,0.0104931673957806,0.0187171690013334,0.0123747086912919,0.0,0.0061075375835746,0.0031457343220182,0.0,0.0018937574442587,0.0294513154533467,0.106482369580908,0.002118975135712,1.05824365910392,0.0202144123666788,0.0076520127470721,0.0852912671650412,0.0035194475599977,0.0059175564757779,0.0068811450102686,0.0,0.0131656909045308,0.0682760387053681,0.0,0.0,0.0,0.0,0.0,0.0,0.0074314760167465,2.49790416311266,0.0,0.0,0.0,0.0060065329969528,0.0,0.0975218030246424,0.0,0.0623540885188078,0.0,0.0,0.546526672394826,0.0435774848430704,0.0009792895798054,0.035541830256383,0.0736488171920487,0.0644935887239573,0.0180377525568012,0.0065429962617113,0.0,0.0,0.0,0.0,0.193779077842377,0.0,0.0015832583646835,0.0296925674539884,0.0,0.0441449922998878,0.140620710598597,0.0,0.0,0.0,0.522768312024123,0.474029646643709,0.0577081586698004,0.536885034687135,0.0082360004663515,0.0,0.0,0.0,0.0301289736883652,0.0227710499678487,0.262511081249631,0.119132987654125,0.0021558550081431,0.214825537303112,0.0,0.158728065192566,0.0011475138981432,0.0053288239084092,0.0197160092669653,0.257861728789083,0.138490799916396,0.183304763404343,0.004655775971764,0.0,0.0057190585293437,0.0034999512384743,0.0,0.0,0.001381275582335,0.0,0.0,0.0,0.0,0.003520717142182,0.0644727370448712,0.0,0.0015740436099593,0.0,0.0005750282467255,0.110566692241742,0.0013374882664613,0.0,0.240084865940229,0.0,0.0884141874194458,0.0,0.0,0.0,0.0,0.0,0.0,0.0,0.0,0.0,0.273535430429274,0.0126838319064349,0.0696114229376111,0.0395637505823876,0.25403848662048,0.074042912738895,0.0
SPIV,0.0,0.0,0.0,0.0,0.0,0.0,0.0015176605059826,0.0011822277713994,0.0018213052409058,0.0025354725883413,0.0,0.0,0.018511869370863,0.0,0.0,0.0,0.0015529809124423,0.0,0.0,0.0,0.0,0.0,0.0,0.0,0.0008692628096313,0.0,0.0,0.0,0.0865267894125177,0.0,0.0,0.0,0.0,0.0009994557037324,0.0043523179795875,0.0018486433959301,0.0012033009229251,0.0225565133370339,0.0,0.0007834565958245,0.0051581655659665,0.0,0.0013831872953958,0.0,0.0,0.0015967084727439,0.0019292360312433,0.0022854815384384,0.0,0.0,0.0,0.0368257646022158,0.0,0.0,0.0,0.0,0.063732724088202,0.0028980439533054,0.0,0.0,0.0,0.0,0.0,0.0,0.0263906106717799,0.0069490406624059,0.0011475049065524,0.103887226746163,0.0,0.139785438950456,0.0,0.0,0.0,0.0,0.0,0.0,0.0,0.0045921653106382,0.0,0.0,0.0,0.0,0.0153144273830615,0.0,0.0551444843923345,0.0,0.0011010238205932,0.00059669523506,0.0,0.0008130188489309,0.0,0.000824427831962,0.0,0.0,0.0,0.0,0.0,0.0,0.0,0.0,0.886748203307923,0.0016918375978914,0.0061109664305407,0.0,0.0,0.0095868437385403,0.0,0.0,0.0929207418453934,0.0,0.0,0.0,0.011084901651338,0.0006792718355398,0.0007769703476001,0.0,0.0,0.221407183924756,0.0961885726604043,0.0032643727707502,0.0008063731219613,0.0,0.0124143064029617,0.0,0.0275908741417457,0.0805516658875649,0.0,0.0088220901139848,0.0,0.0,0.0,0.0,0.0008399615148,0.0,0.0,0.0,0.0086978778898833,0.0,0.0,0.0,0.015062034092101,0.0,0.0,0.0,0.0,0.0,0.0,0.0113828125291684,0.0,0.0,0.0,0.0,0.0,0.0,0.0,0.0,0.0,0.0,0.0018729344893355,0.0017160439457168,0.0,0.0,0.004812348725368,0.0,0.0,0.0022699944675446,0.0,0.0,0.0,0.0,1.43091704428521,0.038156926074385,0.105361047392298,0.0883205310784546,0.0013435520501414,0.0,0.0019186889686075,0.0019821602482829,0.0,0.0,0.0039194398265576,0.0,0.0,0.0,0.1297450291407,0.0006479771049704,0.0012194129104336,0.0,0.0,0.0,0.0038975571772864,0.0009465590796427,0.0,0.0016236262801307,0.003713290183772,0.0,0.0,0.0,0.0,0.0007969580181358,0.0,0.0,0.0,0.0,0.0,0.0,0.0008026750533262,0.0,0.0,0.0,0.0,0.0013781683138572,0.0007015513120665,0.0,0.0,0.0008869584387189,0.0,0.0007719739157021,0.0,0.0,0.0,0.0065065139806622,0.0,0.0,0.0,0.0028851406683125,0.0,0.0,0.0,0.0,0.0,0.0,0.0,0.0008193131765198,0.0,0.0011289748348545,0.0,0.0308071226756197,0.0,0.0,0.0,0.0,0.0022336116040887,0.0018618015171242,0.0020926765960773,0.0,0.0,0.0,0.0036133638137853,0.0291937614082152,0.0,0.0,0.0,0.0,0.0007687353407617,0.0010630293915599,0.0025449326196229,0.0,0.0,0.0,0.0,0.0,0.0,0.0,0.0,0.108022406643539,0.0006765121433106,0.0,0.0,0.0,0.0,0.0,0.0,0.0129355292757006,0.0,0.0006482041593482,0.116981695499399,0.0,0.0122268973442863,0.0,0.0,0.0,0.0,0.0,0.0,0.0,0.0118675051042648,0.0,0.0,0.0,0.0,0.034270913893792,0.0,0.0101369724929808,0.008527375787658,0.0041349287552607,0.0008225216068467,0.0032875320686303,0.0006148661523298,0.0,0.0007732628560994,0.0,0.0013282006845603,0.0006184069379505,0.0,0.0,0.0,0.0,0.0,0.0,0.0034658029574523,0.0,0.0069846452660402,0.0008373854367979,0.0,0.0,0.0,0.0483746700389512,0.0,0.0,0.0,0.0082421459768832,0.0,0.0006190439082579,0.0,0.0016101189198622,0.0709558301580145,0.0,0.0,0.0,0.0,0.0101097928583109,0.0031613118267349,0.0243550297798112,0.0699799977664482,0.0,0.0036459869792966,0.0,0.0,0.0038061588542924,0.0038693073065289,0.0035436650241717,0.0,0.0,0.0017866573358755,0.0046832193720392,0.0251334583469175,0.0,0.0,0.0,0.0,0.0,0.0,0.0,0.0009120409471073,0.0,0.0061130806977,0.0,0.0,0.0,0.0,0.0,0.0,0.0030995422979084,0.0024696340252758,0.0,0.0,0.0,0.0,0.0,0.0,0.002267261860756,0.0,0.0,0.0021691240251075,0.0074909117538934,0.0,0.0,0.0,0.343475630132164,0.0,0.018758535275731,0.0208994768348705,0.0,0.0,0.0011982723988245,0.0,0.0,0.0,0.0007853753070211,0.0,0.0,0.0035005610762241,0.0,0.0,0.0013177803016052,0.0,0.0,0.0,0.0019805142922175,0.0015181482026199,0.0,0.0051510513190839,0.0078996594375134,0.0,0.0,0.0,0.0,0.0005542263098391,0.0,0.0,0.0,0.0,0.0,0.0035264719717801,0.0016599235328953,0.0,0.0
SPVC,0.0,0.000597792802099,0.0,0.0,0.0,0.0,0.0041152699548316,0.0007439579652294,0.0009842054523218,0.0067423490101245,0.0,0.0,0.0,0.0,0.0,0.0,0.0,0.0,0.0,0.0,0.0,0.0,0.0,0.0,0.0,0.0,0.0,0.0,0.0115543929661866,0.0,0.0,0.0,0.0009625321780989,0.0005746229623907,0.0025070174517245,0.0034464338320106,0.0,0.0008923836335179,0.0025341345441486,0.0048909996638053,0.0060663824177725,0.0,0.001546006631654,0.0,0.0,0.0036814137917823,0.008794055531253,0.0039941050702266,0.0,0.0,0.0,0.0,0.0,0.0,0.0,0.0,0.158050077768225,0.0052096009103961,0.0,0.0006707984846326,0.0005227386004114,0.0045136676967786,0.0,0.0010109771219136,0.0067330811097445,0.007712637853087,0.0012545526414868,1.64068296517495,0.0,0.0025542818958227,0.0,0.0,0.0,0.0,0.001535327801382,0.0,0.0,0.0378389111669429,0.0,0.0,0.0,0.0,0.0,0.000635823030593,2.19936312711252,0.403476279804158,0.0008841649231411,0.0,0.0,0.0,0.0012690635888724,0.0018360610902367,0.0124914842807786,0.0015211108009867,0.0006908951739404,0.0,0.0,0.0,0.0060467973389876,0.0,0.0661165822202034,0.0072995341423046,0.0,0.0042157495482414,0.0,0.0009082163203597,0.0,0.0,0.793457017550738,0.0,0.0,0.0,0.0148681339648777,0.0,0.0033021900777375,0.0351522150490817,0.0008814564747314,2.75439350212951,0.498374733706963,0.0029295573078924,0.0007946931099078,0.0,0.0130388699982303,0.0005433493175779,0.0074263737059945,0.116516362309405,0.0,0.0095396402872303,0.0,0.0,0.0,0.0,0.0013859770134327,0.0,0.0070712207483417,0.0,0.0,0.0410863118115401,0.0104840445908079,0.0109085311832852,1.11125974793121,0.0,0.0,0.0,0.0005334472446878,0.0,0.0,0.0,0.0,0.0,0.0,0.0,0.0,0.000714487060311,0.0015720549064083,0.001148162701658,0.0,0.0,0.0018425488230671,0.0018437351772846,0.0006738607369141,0.0,0.0,0.0006058414518525,0.0,0.0053466184872415,0.0156003302139112,0.0,0.0,0.0,0.0585540372594171,3.30758112511969,1.86067633414754,1.3809016283933,0.0019835216882881,0.0,0.0069581996103331,0.0025198831293923,0.0,0.0,0.0067529190531469,0.0,0.001286761805416,0.072102886752231,0.0016229521914262,0.0007772472317643,0.0025706625209466,0.0,0.0014649576203974,0.001660279410732,0.0183913307794066,0.147653934744121,0.0,0.0100216935725044,0.432031423528584,0.0,0.0,0.0,0.0,0.0014120496377648,0.0,0.0,0.0,0.0,0.0,0.0,0.0012066240492043,0.0,0.416163495822132,0.0,0.0,0.0012223059197258,0.0,0.0,0.0,0.0017129072616981,0.0,0.0020230062750989,0.0,0.0,0.0,0.0012836108298179,0.0,0.0005475886538389,0.0323033929535283,0.0,0.0,0.0,0.0,0.0,0.000644426681972,0.0,0.0,0.0009428841403068,0.0,0.0032755110794366,0.0008756043015616,0.0,0.0005267051045556,0.0,0.0,0.0008512308112653,0.0028911512321209,0.0041127382249613,0.0198145296503453,0.0,0.0009099251587953,0.0058193313808842,0.0008709026446559,0.0476673541668971,0.0,0.0,0.0,0.0,0.0014840107718691,0.0038723859163465,0.0037873211611681,0.0005853082265116,0.0,0.0006109125462157,0.0,0.0,0.0,0.0014948482554492,0.0006776269024537,0.13696610664088,0.0031037141358234,0.0,0.0065407771923805,0.0162411286213026,0.0715369015284878,0.0,0.0,0.0222304501200519,0.0,0.0,0.346847631268168,0.0,0.0024429345982594,0.0,0.0005170242802892,0.0,0.0,0.0010635088749114,0.0012063195058589,0.0,0.0116281744982928,0.0,0.0,0.0,0.0,0.0329116105333007,0.0030918602639308,0.330945414311813,0.10635285269656,0.0056687170485956,0.0009595510935161,0.0096872331148937,0.0011044905451444,0.0,0.0007547664822146,0.0081719726512065,0.0049820349536423,0.0015207902488831,0.0,0.0,0.0,0.11705224952735,0.0,0.0147020324808571,0.0061216165586783,0.0,0.0241117038497751,0.0006872616932476,0.0,0.0,0.0,0.0948574070920867,0.0,0.0,0.0,0.0074171807771014,0.0,0.0014620460274532,0.0125101932183769,0.0017447653012267,0.131648087286091,0.0195197944600697,0.0,0.0,0.0034830348759388,0.0043655413684661,0.0005624789241141,0.002415364965415,0.0216309654691501,0.0005581569236808,0.0061359461275021,0.0,0.0,0.0594778584429827,0.0114648876812392,0.006303013270111,0.0,0.0322873136232042,0.0019707387871114,0.0,0.0455446677232226,0.0401118811411212,0.0017652977321596,0.0017367437397263,0.0,0.0,0.0,0.0,0.0,0.0,0.0,0.0,0.0,0.0,0.0,0.0016019245895689,0.0026255160873745,0.0064466999998921,0.0034572477879308,0.0010418895939645,0.0,0.0722399328239062,0.0006945892343333,0.0,0.0,0.0,0.0066373111362242,0.0006655333444454,0.0073329611484433,0.0138162439553896,0.0006539117498901,0.0006965209135749,0.0052464242706807,0.0031215753321842,0.0843161037298072,0.0202872568961114,0.0188152154853631,0.0167121290678775,0.0,0.0459554858850013,0.0,0.0,0.0,0.008538087283931,0.0010554180708288,0.0005467821444567,0.0082877226959781,0.0,0.0,0.0010886873685889,0.0083288607360757,0.0009186564231125,0.0012948636166087,0.0005371001602533,0.0009385652365389,0.0015091036836205,0.0022479073546516,0.0599659566318993,0.0,0.0,0.0,0.0,0.0019570217610844,0.0,0.0,0.0044848549638795,0.0,0.0015672619284165,0.116683214780302,0.0147844432697966,0.0013700207165968,0.177056322557449
SPVI,0.0,0.0019895363472824,0.0010785283192679,0.0,0.0,0.0,0.0,0.0,0.0,0.0168891621377844,0.0,0.0,0.498882016376402,0.0,0.0,0.0,0.0,0.0,0.0,0.0,0.0,0.0,0.0,0.0,0.0,0.0,0.0,0.0,0.0188092018652319,0.0,0.0,0.0,0.0,0.0,0.0,0.0,0.0,0.0691323461671626,0.0,0.013739404909937,0.0010272879105145,0.0,0.0137794037661844,0.0,0.0,0.0,0.0,0.0,0.0,0.0,0.0035469889935185,0.0139185439843006,0.0,0.0,0.0,0.0,0.377698272078128,0.0,0.0,0.0043065463900186,0.0009256152214521,0.0111635880456094,0.0,0.0,0.071014369194988,0.0593538859834599,0.0,0.57466220410091,0.0,0.0087715861502762,0.0,0.0,0.0,0.0,0.0,0.0,0.0,0.0535645206917003,0.0,0.0,0.0,0.0,0.0985891522142334,0.0,0.304126058957474,0.0333902321731026,0.0,0.0,0.0,0.0008447977333196,0.0,0.0,0.0,0.0,0.0,0.0,0.0,0.0,0.0307873238350208,0.0,0.0546286898268554,0.0010439267773331,0.0,0.010835523679445,0.0,0.0014919396660009,0.0,0.0,0.220455419017789,0.0,0.0006662423597355,0.0,0.0010007439053398,0.0,0.0,0.007638012222184,0.0,1.1016507483854,0.23256466803925,0.0,0.0,0.0007049326221122,0.0339486472065486,0.0,0.0224783629651532,0.0959719708326672,0.0,0.0009098115918325,0.0,0.0,0.0,0.0005170933190655,0.0,0.0,0.0151901281593719,0.0,0.577757126910552,0.0366529297796504,0.0107691841326968,0.0020009179599356,0.564097894901856,0.0,0.0,0.0,0.0,0.0,0.0,0.0024550396684523,0.0,0.0,0.0,0.0,0.0,0.0,0.0,0.002163030668503,0.0,0.0,0.0217954700183462,0.0005988024557243,0.0,0.0,0.290780031034184,0.0009143590579685,0.0,0.0,0.0140493007782434,0.0,0.0,0.0,0.0881270121583192,0.615507101304985,2.01049483851706,0.584985810339645,0.0,0.0,0.0,0.0,0.0,0.0,0.0,0.0,0.0,0.0418535095250978,0.002709391966223,0.0,0.0,0.0,0.0,0.0,0.0,0.0403369292711916,0.000573975096332,0.0218383120415804,0.0739923834507134,0.0,0.0,0.0,0.0,0.0,0.0,0.0,0.0,0.0,0.0,0.0,0.0,0.0,0.0,0.0,0.0016347322041076,0.00241842151519,0.0,0.0,0.0,0.0,0.0,0.0,0.0008128385998008,0.0,0.0,0.0623954188459425,0.0,0.0,0.307890080542137,0.0,0.0,0.0,0.0,0.0,0.0,0.0,0.0,0.0,0.0,0.0,0.0,0.0023170898511921,0.0089251701761494,0.0,0.0,0.0009875173956566,0.0,0.0,0.0,0.0,0.0071364353052082,0.0146928961791363,0.0030041548652338,0.0072999841389811,0.0,0.0,0.0,0.0,0.0,0.0,0.0,0.0,0.0,0.0,0.0011808622921143,0.0,0.0,0.0,0.0,0.467525506653186,0.0,0.0,0.0022578135884839,0.0021605034578275,0.0634109022341513,0.0,0.0,0.0801068375004188,0.0010591807094519,0.0006267564219423,0.143480056067303,0.0,0.0016741739243678,0.0008310648889931,0.0,0.0,0.0,0.0,0.0,0.0,0.00385566580475,0.0,0.0,0.0,0.0,0.158314101383648,0.004300889984012,0.0,0.0131946421187433,0.0,0.0,0.0555359750115553,0.0021664264835537,0.0,0.0,0.0007213671290545,0.0,0.0,0.0,0.0,0.0,0.785683997861892,0.0,0.0336054666692966,0.0021152319723884,0.0,0.0772203499894364,0.0,0.0,0.0,0.0036589088079846,0.0026017982434448,0.0,0.0,0.0,0.0,0.0,0.0,0.0348666102380571,0.0,0.114686605554131,0.031635314000266,0.0,0.0,0.0337175150596143,0.0,0.0471053679868995,0.0110889152237116,0.029005690939212,0.0007463734251287,0.0,0.0,0.0,0.227582268332311,0.0423488322978978,0.0175231893019687,0.0,0.112668432837115,0.0008508989261749,0.0487616058177257,0.369814670975964,0.189766877366987,0.0006648574643779,0.0577544664823416,0.0,0.0,0.0,0.0,0.0,0.0,0.0010642090171337,0.0,0.0,0.0,0.130695148428006,0.0078112227331659,0.0,0.0005546951528416,0.0010694948704976,0.0,0.0,0.679544231037076,0.0044225113363557,0.0,0.0,0.0275134594372773,0.0016638518049121,0.0070182761999696,0.0258109883085751,0.0493750478415975,0.0,0.0,0.0533341736656988,0.0068315562248803,0.107587272799549,0.148506566335233,0.073649405648656,0.0,0.0,0.0,0.0,0.0,0.0,0.0,0.0,0.0,0.0246686781136505,0.0010205731110499,0.0,0.0,0.169638995720126,0.0,0.0007665127096246,0.0,0.0009575858661499,0.0197754588643266,0.002167552424736,0.0421895516611783,0.0,0.0,0.0,0.0,0.0,0.0,0.0,0.0172781191053823,0.0,0.122877769900237,0.406860340067315,0.0067982867965071,0.0359843748777023,0.0
SPVO,0.0,0.0,0.0,0.0,0.0,0.0,0.0,0.0,0.0,0.0,0.0,0.0,0.828256648126745,0.0,0.0,0.0,0.0,0.0,0.0,0.0,0.0,0.0,0.0,0.0,0.0,0.0,0.0,0.0,0.0459420251041654,0.0,0.0,0.0,0.0,0.0,0.0,0.0,0.0,0.005110159526113,0.0,0.0,0.0,0.0,0.0,0.0,0.0,0.0,0.0,0.0,0.0,0.0,0.0061909787144712,0.0095160232247369,0.0,0.0,0.0,0.0,0.335374350733731,0.0,0.0,0.0012634189412206,0.0,0.0,0.0,0.0,0.0,0.0085398339628128,0.0,1.16093947503094,0.0,0.0187544529314708,0.0,0.0,0.0,0.0,0.0,0.0,0.0,0.0,0.0,0.0,0.0,0.0,0.102534350374149,0.0,0.141274228491687,0.0,0.0,0.0,0.0,0.0,0.0,0.0,0.0,0.0,0.0,0.0,0.0,0.0,0.0,0.0,0.0849906467737754,0.0,0.0,0.0021794903502623,0.0,0.0,0.0,0.0,0.153742879654202,0.0,0.0,0.0,0.0,0.0,0.0,0.0,0.0,3.09391101611526,0.733324150546722,0.0,0.0,0.0,0.0,0.0,0.0293570895241557,0.0,0.0,0.0,0.0,0.0,0.0047441894849643,0.0018495883107239,0.0,0.0,0.0214444170552909,0.0,0.686109090023455,0.0,0.0015513487386922,0.0,1.01598945018479,0.0,0.0,0.0,0.0,0.0,0.0,0.0147472536761166,0.0,0.0,0.0023150493110422,0.0,0.0,0.0,0.0,0.0,0.0,0.0,0.0,0.0,0.0,0.0,0.303978060172298,0.0,0.0,0.0,0.0308778001974701,0.0,0.0,0.0,0.100680944260813,0.240597969776789,0.728302599190161,2.0109569414093,0.0,0.0,0.0,0.0,0.0,0.0,0.0,0.0,0.0,0.181791049626866,0.0,0.0,0.0,0.0,0.0,0.0,0.0,0.447801415646806,0.0,0.004071520577377,0.161658343506692,0.0,0.0,0.0,0.0,0.0,0.0,0.0,0.0,0.0,0.0,0.0,0.0055958327097131,0.0,0.0,0.0,0.0,0.0,0.0,0.0,0.0,0.0,0.0,0.0,0.0,0.0,0.0,0.22273122531555,0.0,0.0,0.0,0.0,0.0,0.0,0.0,0.0,0.0,0.0,0.0,0.0,0.0,0.0,0.0008520493275839,0.0149750642718284,0.0,0.0,0.0,0.0,0.0,0.0,0.0,0.0,0.0099542806450164,0.0,0.0,0.0,0.0,0.0,0.0,0.0,0.0,0.0,0.0,0.0,0.0,0.0,0.0,0.0,0.0,0.0,0.0,0.632384409823611,0.0,0.0,0.0,0.0,0.0,0.0,0.0,0.0,0.0,0.0,0.284838504085825,0.0,0.0,0.0,0.0,0.0,0.0,0.0,0.0,0.0,0.0,0.0,0.0,0.0,0.0,0.103430103050197,0.0,0.0715254576976345,0.108006288541993,0.0,0.0,0.0,0.0,0.0,0.0,0.0,0.0024520038619039,0.0,0.0,0.0,0.0,0.0,0.0,0.0,0.0,0.0,0.0154202920739161,0.0,0.0,0.0,0.0,0.0,0.0,0.0,0.0,0.0,0.0,0.0,0.0,0.0,0.57520921751243,0.210893011282994,0.0,0.0,0.0,0.0,0.0077185794813435,0.0,0.0645944578578917,0.0,0.0,0.0,0.0,0.108241455509157,0.0,0.0,0.0,0.0093473301287727,0.0,0.144595576973188,0.384310466325556,0.260410731676459,0.0,0.324271100861874,0.0,0.0,0.0,0.0,0.0,0.0,0.009673454645436,0.0,0.0,0.0013998759407281,0.0106076345429805,0.0087052983154555,0.0,0.0,0.0,0.0,0.0,0.0,0.0,0.0,0.0,0.0813792380140402,0.0,0.0,0.0,0.0475260233529843,0.0,0.0,0.0,0.0,0.372779892711527,0.388359339346459,0.455031777773653,0.0,0.0,0.0078302013403097,0.0,0.0,0.0,0.0021909225395397,0.0,0.0,0.0410510053621547,0.0,0.0,0.0,0.0,0.0,0.0,0.0,0.0208071307483759,0.0071370904257704,0.0,0.0712737546944617,0.0,0.0,0.0,0.0,0.0,0.0,0.0,0.0,0.0,0.0,0.0673185874397813,0.029179934236899,0.0,0.0
SSp-bfd,0.0,0.170255268299988,0.0085741597970468,0.0426821045563392,0.0007602304933241,0.0,0.0019232179365623,0.0111407121581367,0.0126586032558403,0.0,0.0034494905766353,0.0051330013653499,0.0023176004041137,0.0017377307693687,0.0070000854944113,0.468244235236475,0.0,0.454762024063819,0.172527220111566,0.22085203134033,0.0123750084381485,0.0019549233997914,0.0,0.0,0.0114733384004506,0.0,0.0,0.0067051289230415,0.0,0.0443819513192276,0.0127200764453908,0.0,0.0040354232888602,0.0,0.0008018915965946,4.89136587862284,0.0152764743034737,0.0006069809447494,0.0014721787679283,0.0,0.0020543032341892,0.0,0.0,0.0074217071230723,0.0005946267512713,0.140679958021555,0.130254700402882,0.0090696159135513,0.015580918462387,0.0010662899593014,0.0022813543523217,0.0,0.0107522499067158,0.0,0.0655267692117009,0.0,0.0329786126732868,0.0,0.0,0.0009772478907026,0.0,0.0700393377594751,0.0023529088027032,0.000565735963078,0.0116765247875905,0.0,0.0,0.0047081480266695,0.0032983653909428,0.0,0.0826864093719057,0.0149960665757716,0.0125082838478436,0.0016261403997862,0.0017896299688771,0.155462349307458,0.0,0.0010524908522549,0.0,0.0,0.0,0.0,0.034355136013096,0.0205641609799295,0.0034871641361015,0.0016608371472551,0.0,0.0056179301330418,0.064545249220139,0.0208557705939165,0.0,0.0,0.0031205714958598,0.640779040974588,1.85637133559203,0.0,0.0,0.0,0.770802914620521,0.0,0.0182569293945742,0.0007708805796479,0.0026427643200421,0.0,0.0,0.0,0.0032259312173059,0.0256268557187708,0.0,0.17596651526565,0.0074540655474467,0.105023089855649,0.0038323300529529,0.0,0.0007390993055767,0.165433397098027,0.0008928995295492,0.0138087543827102,0.0114027445054631,0.0016282796658511,0.0667234049578761,0.116681417119683,0.0074512881090518,0.128186938782395,0.007831727749222,0.0075894025962146,0.0090045153253327,0.0279239511387556,0.0388845765422824,0.0,0.396139991600438,0.0465614529682985,0.0041655037673909,0.0110686889263758,0.0195980356849746,0.0,0.0,0.0478719316939964,0.102583604027615,0.0042588765396228,0.0134264629318847,0.0,1.04779061412847,0.0,0.0013702527747835,0.0,0.0,0.0,0.0,0.0079110417274826,0.0077884778449152,0.0702244025792711,0.0062673947651331,0.0388435664671136,0.0433800060390409,0.003792626558622,0.273235946284378,0.0,1.12365067331,0.0203801066495678,0.0,0.0009399973663805,0.0035861543611853,0.0287417248273183,0.0026306896481437,0.233254237161242,0.006255020380872,0.0026453923919365,0.0049184954946437,0.0627708567268003,0.0031092269025537,0.0077991371172375,0.008688664291974,0.0065583652262185,7.42872961751093,0.33957771107728,0.0,0.207345381484628,0.47337445378206,0.652600800167487,3.56095745384464,0.0064375340976639,0.0,0.0012543459235097,0.0,0.537170910168165,0.0,0.147742364790755,0.0,0.0075425655039531,0.0,0.0,0.113466688450833,0.001017644556158,0.0033885741514362,0.147509636310113,0.250250658065199,0.105140947962617,0.0942263384167571,0.175051778929381,0.0069987336049098,0.0448537872138954,0.0729121745296978,0.0,0.233770198716311,0.533104481699027,0.0117610917144589,0.0044102784326893,0.0,0.0,0.0080682388108339,0.0019892982217685,0.0071025110079733,0.0,0.0,0.0127842560547049,0.0488331481835636,0.0155589656069092,0.0010078563734812,0.0,0.0,0.0040269818351838,0.0,0.002707221907797,0.0013580608530496,0.0,0.0786713039445267,0.0413243689457294,0.0639266356207898,0.0,0.0011394499127945,0.0,0.0,0.0083554635337648,0.0,0.0016107727654319,0.0020569043615462,0.0,0.0,0.0174805884613685,0.0,0.0009719835405365,0.0,0.0,0.590986739125824,0.0052405872994842,0.0014091926682052,0.0,0.0006687561682687,0.0061563875749266,0.0,0.0,0.0038187073958662,0.0,0.117036860282681,0.137997467087149,0.0027583354687543,0.0140691738603733,0.0052016460021341,0.0,0.0,0.0012831876050872,0.0016755896465151,0.0,0.0,0.0700401316257414,0.0009226294458767,0.0,0.0,0.0,0.0,0.0013554521472978,0.0006252531218016,0.0012688713607319,0.0,0.0,0.0452875595676267,0.000989469860352,0.0,0.0,0.0,0.0,0.0,0.0,0.0,0.0,0.0018333308432243,0.0,0.0,0.0,0.0,0.0428699942657606,0.0010428280015703,0.0865014690029805,0.0145830872524899,0.0006644872714449,0.0,0.0,0.0,0.0,0.0,0.0044737682727398,0.0699382925403022,0.127648230010793,0.0,0.0,0.0,0.0175696137254878,0.0,0.0207011525945406,0.0014011767603996,0.000816324375898,0.0,0.0,0.0,0.0,0.0,0.0033367352504597,0.0594081417645335,0.0012047916151478,0.0077958803206373,0.005946677131594,0.0,0.0038484887209982,0.0194982871482942,0.0007563949973212,0.0705219434101839,0.006932169743236,0.0,0.0791569570385792,0.0015739898540292,0.0116994016909141,0.0031904713505102,0.0079456149594274,0.0353887627710843,0.0009048707770969,0.0475421436063554,0.0021702172062472,0.0,0.0,0.0,0.0008447031924941,0.0,0.0016891668423192,0.0,0.0011196991101122,0.0892062594691439,0.0052964737734867,0.0024839913798985,0.0968905629948839,0.0,0.146779729721258,0.0,0.0005286790348707,0.0,0.0,0.0,0.0,0.0047089331405419,0.0027908071972092,0.0013111276485024,0.0,0.0140326836132626,0.011021330583821,0.0109546064538875,0.0,0.0,0.0013041723097342,0.0,0.0,0.0009474827083933,0.0,0.0070651598826019,0.0,0.0,0.0234675202192952,0.0,0.0,0.0,0.0066611477154841,0.201191442273672,0.152934051544822,0.0648512622180647,1.18546989476377,0.042255082172398,0.0,0.0244197711823299,0.0385060896531961,0.0691779994758387,0.571041994519634,0.0,0.0,0.0,0.0,0.275736057204377,0.000648703847228,0.0050029963739409,0.0,0.0039129738196188,0.0,0.0,0.0008715433526319,0.0011262462766415,0.0327375602772534,0.063328490097804,0.0642734274715736,0.0082561189700374,0.0194945947813786,0.0525277363612963,0.0033157770455379,0.0052842327164407,0.0016687832866289,0.0,0.0,0.0,0.0006464193939107,0.0,0.0006394586147875
SSp-ll,0.0,0.281739949129993,0.0,0.0271491452158899,0.0005520855883358,0.0,0.0,0.0,0.0084858171317361,0.0,0.0028366240850152,0.0041281813720771,0.0,0.0007079306888684,0.0046378435330012,0.110804942160272,0.0,0.240939623406088,0.0441741160445687,0.202164859667545,0.0109854048418228,0.0,0.0,0.0,0.0033985703177132,0.0,0.0006427962230933,0.0,0.0005623374566601,0.0,0.00916684702781,0.0,0.0,0.0,0.001077887949179,0.0,0.0345024625863664,0.0,0.0081473753346203,0.0,0.0006473690953654,0.0,0.0,0.0037752484298337,0.0014413383637211,0.0378553613200584,0.0167623866338161,0.0,0.0038756028075789,0.0,0.0,0.0014177518035347,0.0,0.0,0.0,0.0,0.0,0.0,0.0,0.0009048472068503,0.007964575598422,0.0726751397671396,0.0042126188788312,0.0,0.0378852364957204,0.0009417898267231,0.0022365608737651,0.0,0.0012828763148592,0.0,0.0760188229656923,0.0,0.0,0.0060588806910571,0.0123520413482341,0.0757770607358704,0.0,0.0123803299944754,0.0,0.0,0.0,0.0,0.0349987717357894,0.0,0.0,0.0,0.0005805548777406,0.0,0.0295788602661834,0.0039579886170956,0.0,0.0,0.0,0.0,0.0,0.0,0.0,0.0,0.0993225848457975,0.0,0.0248197420543037,0.0070520858264545,0.0071097199482299,0.0011931282024771,0.0005800605591917,0.0012720291834761,0.0,0.0225359292102323,0.0055304970239874,0.0429757739630423,0.0096278379376363,0.0359377239538428,0.008442370848067,0.0,0.0011316433606286,0.32078692290865,0.0,0.0,0.0095540286735676,0.016011403896822,0.0115504391162321,0.0,0.0,0.0,0.006684103006518,0.0157522177107553,0.0160543752775567,0.0171765615687966,0.0531678533155983,0.0,0.0,0.0161884258122711,0.0030438914147374,0.0014802178841087,0.0321088118210022,0.0,0.001996224361826,0.066871915774202,0.196643186654927,0.0077924703536249,0.0,0.0,0.259157130426973,0.0,0.0006812833092448,0.0,0.0,0.0,0.0,0.0082030064219828,0.0,0.083543290631583,0.004847868011385,0.131252101914129,0.0352880857179405,0.0268949056067655,0.168261897419993,0.0,0.260320137681417,0.0058603825497041,0.0,0.0,0.0,0.0093040700466458,0.0,0.054364930777672,0.0,0.0029425614824445,0.0056694703927459,0.0320561822762165,0.0055122844655619,0.0006471725107394,0.0,0.0,0.0,4.55272244938909,0.0,0.0,0.603990104233783,0.0,0.0,0.0,0.0005317214527801,0.0,0.0019167336183842,0.13325486464918,0.001108450001247,0.183474641437194,0.0,0.0104956595636325,0.0085649257923172,0.0,0.0,0.0011643670211455,0.0,0.0,0.017950703395185,0.0,0.0073948205825981,0.0202280662078905,0.0,0.0,0.0626419398002708,0.0,0.403767829178958,0.0,0.0,0.0052332853793276,0.0,0.0,0.0117572519298497,0.0183742562812166,0.0,0.0,0.0,0.0,0.0,0.0037172143788271,0.0,0.0007432483602308,0.0007300807048185,0.0,0.0,0.0,0.0008112402639539,0.0,0.0504805888510594,0.0102516336266047,0.0621977042603375,0.0,0.0,0.0,0.0,0.0,0.0,0.0,0.0,0.0,0.0,0.0028225746654157,0.0,0.0,0.0005986478812134,0.0,0.0,0.0100742162214736,0.0,0.0012124356885273,0.0045778917428413,0.00346657003954,0.0,0.0,0.0006691930644604,0.0,0.0,0.0137794642429224,0.0,0.0,0.0,0.0,0.0,0.0,0.0,0.0,0.0,0.0,0.0,0.0,0.0006637796653019,0.0020771832116184,0.0022794594614003,0.0,0.0,0.000868965509412,0.0,0.0,0.0,0.0,0.0,0.0,0.0,0.0,0.0,0.0,0.0,0.0,0.0056121154194237,0.0,0.0,0.0,0.0,0.0,0.0,0.0,0.0,0.0026888808650769,0.000551752467329,0.0,0.0,0.0,0.0,0.0,0.0,0.0,0.0,0.0,0.0,0.0063853166566058,0.0,0.0235119266068619,0.0028364878978657,0.0029949120872294,0.0010100399612476,0.0005265784292167,0.0,0.0,0.0,0.0123115046145482,0.0100764024208113,0.0018834605880249,0.0042410955489089,0.0114183825963356,0.0,0.0020232763834686,0.0548881812648761,0.0,0.0,0.0,0.0055249744342726,0.0,0.0,0.0,0.0014466033251841,0.005114590666625,0.0114735077374366,0.0019807826003884,0.0062594824659987,0.0034267744625786,0.0,0.0,0.0,0.0017743444739167,0.0,0.0,0.0,0.0,0.0,0.012643975443003,0.0054251916196844,0.0,0.0,0.0369512941693765,0.0,0.0,0.0,0.0,0.0,0.0,0.0054775313936127,0.0,0.0,0.0,0.0366342871723734,0.0025179869871081,0.0131837726099572,0.0,0.0,0.0092151557207708,0.0012099590691306,0.0,0.0,0.0,0.0029494919290043,0.0,0.0,0.0,0.0,0.0,0.0,0.0161254224024486,0.0,0.0,0.0,0.0,0.955194900427632,0.0,0.0,0.155459504857999,0.0,0.0,0.0,0.0,0.0,0.0012528760904964,0.0513547669637958,0.0,0.0088902994268385,0.0,0.0,0.0011477088721609,0.0,0.0,0.004010729807291,0.0,0.0,0.0033521592375765,0.0,0.0013838465357729,0.0,0.0,0.0,0.0,0.0,0.0,0.0,0.0,0.0,0.0
SSp-m,0.0,0.0,0.0082677458183365,0.0,0.0,0.0,0.491619667703033,0.154495506008388,0.0031311839092464,0.0,0.0,0.0,0.004386547689309,0.0,0.0,0.0601866394361914,0.0,0.0,0.0,0.0,0.0,0.0,0.0,0.0,0.0,0.0,0.0,0.0104887957545007,0.0005717885202899,0.011321110957343,0.0025857150488642,0.0,0.0170711433961246,0.0,0.0,6.22475714533626,0.0008875601238261,0.0033741188322022,0.0,0.0,0.0,0.0,0.0,0.0,0.0,0.0120102168597699,0.0,0.0,0.001784064035775,0.0,0.0,0.0,0.0985275229734775,0.0036299068818975,0.320662649289995,0.167129950712908,0.026512977266985,0.475161308371703,0.0,0.0,0.0,0.0,0.0,0.0007563240981914,0.0241638931223036,0.0,0.0005360523935736,0.0267802457252478,0.0,0.0,0.0,0.0,0.0,0.0,0.0,0.0,0.0,0.0,0.0032680566187318,0.0006546634842301,0.0,0.0,0.034215019550891,0.0371194785286092,0.0022574380314631,0.0,0.0,0.0,0.0,0.0,0.0,0.0,0.0,5.38778144486377,3.28723423448611,0.0,0.0,0.0,0.332281814935409,0.0,0.0006446475883751,0.0,0.0,0.0,0.0,0.0008167128823642,0.0,0.0,0.0134731634874989,0.0153937555926146,0.0,0.0008672436051532,0.0,0.0,0.0,0.0062260660112168,0.0,0.0347545994367114,0.01241756559437,0.0,0.0091451494396502,0.0938791465153465,0.0015534555639311,0.229598073762936,0.0,0.0014779240134353,0.0005645960369583,0.0,0.0022887425107061,0.0,0.603048632617731,0.0077333169149216,0.0,0.0,0.006249730345911,0.0,0.0019694623269739,0.0069370482331792,0.0107173511496539,0.0,0.0092471075623353,0.0,0.0,0.0,0.0,0.0,0.0,0.0,0.0,0.0,0.0030247056162242,0.0067514407556348,0.0,0.0,0.0,0.0,0.194799970507861,0.0,0.208114652059601,0.0,0.0,0.0,0.0023791340398517,0.0044455942243355,0.0081081028939139,0.235969604005264,0.0,0.0006916287753726,0.0006137945635048,0.0196012889658968,0.0,0.0077838074145303,0.0137075189196145,0.0169868676864706,0.0,0.0,8.14288257101812,0.314459594553364,0.0,0.171274803678945,1.91740186731403,0.0293566538005229,0.0,0.0012303319274187,0.0,0.0,0.0,0.130025380867399,0.0,0.0,0.0,0.0009511638530833,0.227185418589086,0.0005578744583186,0.0,0.608965152829976,0.0,0.0,0.0,0.0,0.0,0.0,0.0676959299581511,0.0,0.180560928155991,0.806572155814189,0.0773666957551519,0.003610810239217,0.0,0.0,0.0,0.0029450411760983,0.0,0.0,0.0,0.0885298372363225,0.19895800474114,0.0011347206076326,0.0,0.0,0.0,0.0103356672841032,0.0,0.0,0.0,0.0,0.0,0.0,0.0,0.0,0.0,0.0,0.0,0.0,0.0,0.0,0.0021217450617077,0.0,0.0,0.0086970909305919,0.0,0.010362194515395,0.0,0.0,0.966598198559521,0.0,0.0029163837710295,0.0,0.0,0.0,0.0,0.0,0.0,0.0,0.0145457471451974,0.0,0.0,0.0146713443168426,0.0,0.0,0.0,0.0145809383461428,0.0018197661125638,0.0,0.0,0.10172936068825,0.376968493259201,0.0,0.0,0.0,0.0,0.0,0.0006016950646132,0.0,0.0,0.0,0.132364381745181,0.0,0.0,0.0,0.0,0.0,0.0,0.0,0.0,0.0,0.0,0.0136520637985683,0.0010373867338475,0.0,0.0,0.0382353159970161,0.0045410476198926,0.0781229921752721,0.0158135929070966,0.0,0.0,0.0,0.0,0.0,0.0,0.0,1.39991127510396,0.728042726980226,0.0,0.0,0.0,0.000564477383906,0.0,0.0025495723780527,0.0,0.0,0.0,0.0,0.0005881054068966,0.0,0.0,0.0582121495596517,0.0009770944236881,0.0,0.0,0.0,0.0,0.0,0.0,0.0,0.188871518181936,0.0142708920191774,0.0,0.0135412910879829,0.0033249216216317,0.0036633737875359,0.007300813985456,0.000669024392447,0.0090659026528217,0.0,0.0,0.0,0.0,0.0137022917363342,0.0,0.0,0.0,0.0,0.0,0.0023296517189896,0.10589721506624,0.0005895640474611,0.0,0.105061161341104,0.0,0.0,0.0,0.0,0.0,0.0,0.0,0.0,0.0,0.001955487598324,0.0,0.0,0.0,0.0,0.0,0.0,0.0,0.0,0.0,0.0,0.0,0.0043604751174356,0.0009071106678436,0.0,0.0,0.0147274134062534,0.0,0.0,0.0,0.004163847164983,0.358163664834377,0.219390055115344,0.18421992784622,0.0,0.0,2.2811960665396,0.0,0.0,0.0459796618539568,0.662924044076901,0.0,0.0,0.0005876214393096,0.0,0.0,0.0,0.0007126256866146,0.0,0.0,0.0,0.0021975864636063,0.0033255134310132,0.0006649585559829,0.0154113148473233,0.481645065205607,0.0,0.0,0.0,0.0,0.0,0.0,0.0022337601314352,0.0,0.0,0.0031062458654167,0.0124130289101351,0.0,0.0
SSp-n,0.0,0.001808059556152,0.0045417544645168,0.0056877687588737,0.0,0.0,0.0382658346551135,0.020705659271524,0.0005635875702644,0.0,0.0,0.0,0.0,0.0,0.0005526589320079,0.170500345125938,0.0,0.0102820886829028,0.0094563849865855,0.010340456464838,0.0,0.0,0.0,0.0,0.0,0.0,0.0,0.0045587570998032,0.0,0.024676855129862,0.0009586099984663,0.0,0.0028463650192536,0.0,0.0,4.97013808230942,0.0014463465838061,0.0,0.0,0.0,0.0,0.0,0.0,0.0007234157753474,0.0,0.0425880749004306,0.0053284340775595,0.0,0.0,0.0,0.0,0.0,0.211831748274654,0.0,0.146086060958746,0.047376959057679,0.0063185060167024,0.0,0.0,0.0,0.0014586395949948,0.0039438606737098,0.0,0.0006686523333647,0.0165742562387956,0.0,0.0,0.0,0.0,0.0,0.0,0.0011920082400252,0.0,0.0,0.0,0.0016904920863032,0.0,0.0,0.0,0.0,0.0,0.0,0.0118748391337753,0.0082554976832128,0.0,0.0,0.0,0.0,0.0045900455361639,0.0007279557647937,0.0,0.0,0.0010671236914453,3.03956010803012,4.56518504885872,0.0,0.0,0.0,0.366197221887456,0.0,0.0006130178927313,0.0005843335770583,0.0,0.0,0.0,0.0,0.0,0.0022592785940343,0.0,0.085845165935186,0.0,0.0017591653155992,0.0,0.0,0.0,0.0086999237972942,0.0,0.0,0.0008841699180633,0.0,0.019971394729641,0.0680361656150513,0.0,0.229518615440266,0.0,0.0,0.0009521312112007,0.0021658543113666,0.0062976542690377,0.0,0.78781700306151,0.019999568587052,0.0,0.0,0.001081077985594,0.0,0.0,0.0059376527730159,0.0134628908051063,0.0,0.0011253224210257,0.0,0.0,0.0,0.0,0.0,0.0,0.0,0.0,0.0013719760598422,0.0049462551180556,0.0079766451243185,0.0,0.0,0.0,0.0,0.249668744467247,0.0,0.448111049350495,0.0,0.0,0.0,0.0,0.0050013627446174,0.0,0.250192859108291,0.0,0.0010825429773082,0.0010267534493977,0.0482269376405128,0.0,0.0,0.0,0.0,0.464561006904127,0.0088461785890671,2.75477885283199,6.35988847258475,0.0,0.676368396262094,1.95420149660888,0.0224841402926354,0.0,0.0,0.0,0.0280300517828557,0.0,0.166037032096071,0.0,0.0006589755839867,0.0008890078582593,0.0,0.0154699482902986,0.0,0.0,0.470986132933091,0.0,0.0,0.0,0.0,0.0,0.0,0.0239311322555293,0.0,0.290881616705648,0.902049172449472,0.0288873296774708,0.0012142222035378,0.0,0.0,0.0,0.0035377425891759,0.0012581717381948,0.0,0.0,0.0311624697443982,0.260271815862994,0.0034178972676057,0.0,0.0,0.0,0.0,0.0,0.0,0.0,0.0,0.0040298894616388,0.0050339457064656,0.0042964910459958,0.0,0.0008167569757401,0.0,0.0,0.0030064076091016,0.0005828546329105,0.0027833766220539,0.0019631983917292,0.0,0.0,0.0047545677744716,0.0,0.0008901519596114,0.0,0.0,0.342216368960066,0.0005642105393831,0.0,0.0,0.0,0.0023123115027557,0.0,0.0,0.0,0.0,0.103451443998895,0.0141104689526379,0.0,0.0049863912272845,0.0011908531524589,0.0,0.0,0.0193015393555171,0.0013069521950812,0.0,0.0,0.0367199743630068,0.0033748398840854,0.0,0.0,0.0,0.0,0.0,0.0,0.0,0.0,0.0,0.0327276948771494,0.0,0.0,0.0,0.0,0.0,0.0,0.0,0.0,0.0,0.0,0.0008057434069838,0.0,0.0,0.0,0.0112964858557451,0.0,0.0252177837776671,0.0093664068626905,0.0,0.0,0.0,0.0,0.0,0.0,0.0,0.205224161952644,0.512420217269653,0.0,0.0,0.0,0.0,0.0,0.0026074045896105,0.0009355950544491,0.0,0.0,0.0,0.0,0.0,0.0,0.0,0.0171406668173721,0.0,0.0,0.0015961971466149,0.0,0.0,0.0007737544780031,0.0,0.0386201153484379,0.0,0.0,0.0783109174933628,0.0,0.0,0.0030857060630764,0.0009490306877381,0.0014156999550916,0.0,0.020838954424081,0.0009485542883243,0.0,0.0,0.0,0.0006738941241228,0.0,0.0,0.0,0.0,0.0610444496804498,0.0010174136501386,0.0,0.0818612559623485,0.0,0.0,0.0,0.0,0.0,0.0,0.0,0.0,0.0007090554885382,0.0028613051772512,0.0,0.0,0.0,0.0,0.0,0.0,0.0,0.0,0.0,0.0,0.0,0.0,0.0029988999582273,0.0,0.0,0.0096295877290007,0.0,0.0,0.0,0.0,0.240040370516005,0.109649197687957,0.044280254726418,0.0518568641236613,0.0037390720169584,0.0594586693875884,0.761657783377636,0.0,0.0837912962581149,0.310746984309045,0.0,0.0,0.0,0.0,0.0157388660510123,0.0,0.0,0.0,0.0008303528050006,0.0,0.0009198895956442,0.0,0.0,0.0090108293726341,0.41668467985338,0.0,0.0,0.0,0.0,0.0,0.0,0.0,0.0,0.0,0.0,0.0039752320714861,0.0,0.0
SSp-tr,0.0,0.155124102861531,0.0,0.0604761148441626,0.0049526285671614,0.0,0.0093565992333758,0.0005877879458766,0.0022530578736937,0.0,0.0083056270116689,0.0112771831538404,0.0,0.0005182369080397,0.0044757127405612,0.632057652184604,0.0,0.363866027466158,0.0352331348497397,0.263245512527152,0.0258096244585627,0.0,0.0,0.0,0.0202079692001786,0.0,0.002499591264384,0.0013311947280159,0.000873616083902,0.0736477946835022,0.009575896961451,0.0,0.0045918076690203,0.0,0.0,5.4101018807151,0.0487125041648042,0.0009071296297434,0.0191935671192388,0.0,0.0,0.0015117892204027,0.0,0.0005718326859952,0.0034053607163532,0.0,0.0,0.0,0.002481763476164,0.0,0.0009834855184318,0.0009913609191278,0.0028486244093474,0.0,0.189486051153163,0.0090872611429852,0.0126336024896317,0.0,0.0,0.00369057875335,0.0221504342018554,0.128190558514278,0.0053069377830087,0.0013144061247233,0.0133503025645592,0.0,0.0011879896612268,0.0,0.0011894128055363,0.0,0.1231272496108,0.0038354005733054,0.0035618446746338,0.0090833121519983,0.0010894790003859,0.202948199426488,0.0,0.0,0.0,0.0,0.0,0.0,0.018497798701902,0.0621071904339451,0.0006232436421926,0.0,0.0,0.0038113445521962,0.05786818155034,0.0231395527582082,0.0,0.0,0.0,1.24418545237435,0.615861154058882,0.0,0.0,0.0057753330838727,0.880243155823452,0.0,0.0015227981806905,0.0,0.0069838105203647,0.0047197403833597,0.0,0.0,0.0112152577023356,0.0271157120371842,0.0112381436755823,0.0393866139408849,0.0046280445739249,0.0,0.0,0.0,0.0,0.524282448691519,0.0,0.0014708061148968,0.0185768516929135,0.0222857149492137,0.0,0.138223611324781,0.0009065692592111,0.237055362699376,0.0005394255738861,0.0,0.0134339711334998,0.0,0.0490010815432522,0.0,0.278401984409752,0.0562807712058049,0.0,0.0042677971170547,0.0553919281380906,0.0,0.0,0.0333805176814735,0.279341593268538,0.0033874634764719,0.0010402634149783,0.0,0.643204048387953,0.0,0.0015039745704293,0.0,0.0,0.0,0.0,0.0162651834571681,0.0072300759673039,0.147202521300462,0.0033955140041333,0.093068808590275,0.0269261006972137,0.0166050996268918,0.387178059034322,0.0,1.28760992006783,0.0342064973050905,0.0,0.0,0.0,0.0279042717107351,0.0021398362716599,0.366117301543529,0.0038541315677932,0.0030223188683045,0.0076383910944074,0.0878004108676299,0.0008593886997608,0.0,0.0010788496720235,0.001322368403306,0.554028926837193,2.30524781116511,0.0,0.0228682117934084,3.23464940133844,0.615742098455304,0.493523926002559,0.0172592753127568,0.0,0.0020481602076806,0.0007557231709329,0.0012246413043009,0.0,0.250166752615871,0.0,0.0,0.0,0.000563719786557,0.170936018144488,0.0,0.0005434009540694,0.0,0.0169575294525048,0.0,0.0,0.0497305861679521,0.0,0.0,0.165526565194519,0.0,0.578026045074664,0.197230643628678,0.0101645237197831,0.0082535072630059,0.0,0.0,0.0,0.0,0.0100970623131234,0.0,0.0,0.0,0.0,0.0,0.0,0.0016829033727895,0.00127820845833,0.0,0.0,0.0007983178098321,0.0,0.0,0.0557038101347309,0.0081221984021167,0.081166620178159,0.0,0.0,0.0,0.0,0.0,0.0,0.0,0.0,0.0,0.0,0.0025237561542362,0.0,0.0015155732147914,0.0,0.0,0.766330424951258,0.0210057062614247,0.0010605580344977,0.0010108116439931,0.0,0.006863581718585,0.0,0.0,0.0,0.000653544452892,0.0,0.0,0.0,0.0012068916894267,0.0,0.0,0.0,0.0,0.0,0.0,0.0,0.0115832279192581,0.0005744379638942,0.0,0.0006601179404933,0.0114898178440808,0.0166834005482611,0.0,0.0,0.0,0.0,0.0,0.0,0.0,0.0,0.0008362027214308,0.0,0.0,0.0,0.0,0.0,0.0,0.0,0.0,0.0,0.0,0.0,0.0057052831629458,0.0018166256740124,0.0064716356168748,0.0088988983490096,0.0,0.0,0.0,0.0,0.0,0.0,0.0,0.193936744922204,0.0134298462135522,0.0,0.0,0.0,0.0256696970862874,0.0,0.0084955509462855,0.0,0.0037447839459517,0.0014954477162253,0.0,0.0,0.0,0.0,0.033077889982349,0.0,0.0,0.0,0.0,0.0,0.0,0.0875559918631302,0.0,0.0,0.002351372503386,0.0090439919734414,0.0,0.0010186182797514,0.0018488718622974,0.0118011172316849,0.0038081426068248,0.0,0.0016280792869273,0.0,0.0,0.0,0.0,0.0,0.0031787157898845,0.0,0.0061092819172959,0.0,0.0,0.0092651200651861,0.0089704460565998,0.0035655801069154,0.0,0.0,0.0889097002553065,0.0,0.0,0.0,0.0,0.0,0.0,0.0075782925090492,0.003825020810724,0.0035336322568917,0.0,0.0838739008248824,0.0204168872603583,0.0432611974214367,0.0,0.0,0.0753873231028701,0.00659594010712,0.0,0.0,0.0,0.0128666823724349,0.0,0.0,0.001299170086552,0.0,0.0,0.0,0.0053373558817484,0.0063175022843702,0.0116513849170358,0.0,0.0882371833140601,0.550384204039111,0.0048256868416658,0.0538178333900587,0.826906407200333,0.105727613105952,0.169551424874876,0.0,0.0,0.0,0.0007893908182414,0.0,0.0,0.0017291705863572,0.0,0.0019040260416921,0.0,0.0,0.0015461780330438,0.0,0.0,0.0008891637526621,0.0008905796117012,0.0,0.0,0.0136510161533565,0.0,0.0,0.0022874652944916,0.0,0.0,0.0,0.0,0.0,0.0
SSp-ul,0.0,0.0,0.0,0.0,0.0,0.0,0.0,0.0085782907078377,0.0,0.0,0.0,0.0,0.0050740111341743,0.0,0.0,0.293040489561233,0.0,0.0,0.0,0.0,0.0,0.0,0.0,0.0,0.0,0.0,0.0,0.0,0.0,0.0595435083983135,0.0,0.0,0.0,0.0019488054678529,0.0,5.3870450683332,0.0,0.002014226676399,0.0,0.0005561240091866,0.0100939817259363,0.0,0.0,0.0,0.0,0.0,0.0,0.0,0.0,0.0,0.0025485160956497,0.0,0.0,0.0,0.133288356553809,0.0278880266523086,0.0112643904377306,0.0,0.0,0.0,0.0,0.0,0.0,0.0,0.0139323298942715,0.0,0.0023757491414149,0.0,0.0,0.0,0.0,0.0012213789804361,0.0010851776494436,0.0,0.0,0.0,0.0,0.0,0.0,0.0,0.0,0.0,0.0,0.0393738151400376,0.0,0.0,0.0,0.0016493357703875,0.0171142959274232,0.0033145637474115,0.0,0.001825875633802,0.0107415715827252,4.12294637641505,0.88435879735771,0.0,0.0,0.0014250664987855,0.60341521349678,0.0,0.0,0.0,0.0,0.0,0.0,0.0021356455001486,0.0013769170482922,0.0,0.0,0.0,0.0,0.0,0.0,0.0,0.0,0.0,0.0,0.0,0.0032964154432694,0.0,0.0,0.16905892175214,0.0081675956819162,0.305089758719343,0.0,0.0,0.0,0.0,0.0,0.0,0.585594572470945,0.0137038988818705,0.0,0.0,0.0,0.0,0.0059734587864541,0.0,0.0,0.0,0.00269275322085,0.0,0.0,0.0,0.0,0.0,0.0,0.0,0.0,0.0,0.0035471960789232,0.0062605616956528,0.0,0.0,0.0117597637311078,0.0063829304033254,0.195820085271187,0.0,0.604717773260334,0.0082784897944777,0.0,0.0,0.0029566750814007,0.0027439214400065,0.0008509477306206,0.290578112829807,0.005283243098402,0.0,0.0,0.0609660863827751,0.0,0.0008275584790776,0.0019002506206641,0.0,1.38397137312495,0.0,0.0,0.207143540220184,0.0,6.65674134152819,2.41951571858935,0.0259673376954264,0.0,0.0,0.0,0.0,0.0,0.190876635790512,0.0,0.0,0.00626453762797,0.0,0.13032999697598,0.0024089749243512,0.0011794733564853,0.101354710265069,0.0,0.0085255965771553,0.0,0.0081141627081274,0.0,0.0068695273322718,0.0637412412687613,0.0,0.449659249937711,0.414770524167958,0.0160235604919496,0.0016226053835205,0.0,0.0,0.0,0.0,0.0,0.0,0.0,0.0,0.0139216845856838,0.0,0.0,0.0,0.0,0.0030552856844693,0.0,0.0,0.0,0.0006680904008114,0.0,0.0007149515742704,0.0,0.0,0.0,0.0,0.0,0.0036044218544572,0.0,0.0029071883040407,0.0,0.000573923247934,0.0,0.0,0.0,0.0,0.0017673235423887,0.0035956596840036,0.3023548376487,0.0,0.0028647848283452,0.0,0.0,0.0512825770817708,0.0,0.0,0.0,0.0,0.0424402067968713,0.0,0.0018285647612077,0.0,0.0,0.0,0.0,0.0,0.0,0.0,0.0,0.0,0.0,0.0,0.0,0.0,0.0,0.0,0.0,0.0,0.0,0.0006053568631734,0.0,0.0,0.0,0.0,0.0,0.0,0.0,0.0,0.0,0.0,0.0,0.0006886196404115,0.0,0.0,0.0,0.0098326006212991,0.0,0.0294248959952407,0.0310831115221219,0.0114488742734574,0.0020755529319709,0.0,0.0013456528360301,0.0,0.001269736343771,0.0147279062174666,0.264212568064918,0.0,0.0,0.0,0.0,0.0,0.0,0.0,0.0084653441973532,0.0,0.0,0.0,0.0016907213379955,0.0,0.0,0.0,0.0,0.0,0.0,0.0,0.0,0.0,0.0,0.0010617367152661,0.0,0.0,0.0,0.0210913114937458,0.0,0.0038422387020974,0.0,0.0,0.0,0.0,0.0,0.0,0.0,0.0,0.0,0.0078505796114638,0.0,0.0,0.003893074811307,0.0079223949785988,0.0068424139571512,0.0,0.0,0.0,0.0,0.0,0.0,0.0,0.0,0.0,0.0,0.0,0.0,0.0015350880343051,0.0,0.0,0.0,0.0088354975895674,0.0087042912658382,0.0,0.0,0.0,0.0,0.0,0.0,0.0007012647273051,0.0,0.0,0.0012609413845295,0.0063204743591148,0.0,0.0,0.0,0.0,0.0395730084981951,0.041479978514204,0.0,0.134274375735206,0.0,0.0,0.0447098268640535,0.0,0.725448773846155,0.337858198905332,0.0,0.0,0.0,0.0,0.0,0.0018199589861696,0.0,0.0,0.0083533248943176,0.0009843398879574,0.0,0.0,0.0028007785293606,0.0,0.0855184148844202,0.0,0.004647265348945,0.0,0.0108096781160346,0.0,0.0017275774070205,0.0,0.0,0.0,0.0,0.0,0.0,0.0
SSs,0.0014027044772055,0.0148291411196691,0.0007735344047242,0.0686070266738885,0.0,0.0,0.273256693605894,0.139607383090137,0.0199709805584584,0.0,0.0,0.0,0.0065355116966724,0.0,0.013679043962767,0.0556603765857799,0.0,0.110901976245484,0.0485617925174456,0.134942801067039,0.0,0.0047742317451342,0.0,0.0040435051047506,0.0059579252954376,0.0024876437523399,0.0053443186538887,0.0529637785695021,0.0011041302336684,0.0191046602132018,0.0085988453505766,0.0,0.0176279255129552,0.0,0.0005530996105511,3.85040993914881,0.0016338913391949,0.0006790908051508,0.0041452053928479,0.0,0.0078524381344221,0.0,0.0,0.0110042053507998,0.0,0.0852646439776882,0.0237211074558372,0.0,0.0028760617291735,0.0,0.0,0.0,0.052223619475906,0.0129101468493272,0.159874144733428,0.0271148619286423,0.020495887015454,0.495099485038068,0.0,0.0,0.0209457192912285,0.0385873788180482,0.0059786501577015,0.0035815970013495,0.005923689358841,0.0,0.0016361412732948,0.016925203762514,0.0,0.0,0.0,0.0,0.0,0.0,0.0155764257723893,0.0024212752543384,0.0,0.0,0.0005624104844094,0.0,0.0,0.0,0.0279612927659057,0.035175700914427,0.0030167243426134,0.0006602901662643,0.0014284715962727,0.0,0.0656059961247285,0.0100150575695323,0.0,0.002884740387856,0.0112626537443955,2.13883633119824,1.19158851573698,0.0,0.0,0.0,0.430567951782608,0.0,0.0028116430647229,0.0039918531242947,0.0,0.0,0.0,0.0,0.0,0.0010220838764839,0.0087506508193498,0.111267921439953,0.0063104518349103,0.010133563652006,0.0171509505955805,0.0,0.0,0.0578454743887633,0.0,0.0390250680993883,0.0317613805275738,0.0,0.0390075798662077,0.096006840408797,0.0107040560506841,0.137132300269634,0.0005178456942323,0.0026762567491895,0.0029926318681023,0.0218717613675443,0.0286099108643844,0.0,0.39570872616783,0.0117820186971264,0.0028361708107297,0.0044731861463682,0.0184593023535609,0.0,0.0035443193331068,0.0196919443278966,0.0361788555600519,0.0,0.0036003259261948,0.0,0.0,0.0,0.0,0.0005803216554505,0.0,0.0,0.0,0.0016836977963771,0.0068551753857788,0.0071317935372878,0.0029713707839522,0.0,0.0,0.0021443090626188,0.0852933613632367,0.0,0.131119056453787,0.0024806597599416,0.0,0.0122628532873947,0.0006150753264952,0.0090667920280262,0.0074647069074783,0.168682234075781,0.0019104320400562,0.0037920535612003,0.0033886539685566,0.030614488523383,0.001081757365586,0.0019140493453283,0.0030997977202631,0.0091789163420694,0.779131010882181,0.130737523395348,1.59385857437684,1.25098116655824,0.035360702910517,0.819283960177215,7.06453890058128,0.0041121481431729,0.0012841821871599,0.0031588683496113,0.0,0.0315006237245347,0.0067324642356894,0.0689754671560255,0.0,0.0099871940504057,0.0088172610123216,0.0014904583629003,0.0789760361337965,0.0006796649636059,0.0009735894763678,0.863300260268006,0.0,0.0,0.0125680825283415,0.0178836970544969,0.0,0.0,0.0468251214388015,0.0,0.218849866284514,0.646114441900699,0.0831564106358877,0.0044104037593737,0.0,0.0,0.0,0.0022543053112854,0.0074047519804333,0.0,0.0,0.0405374717532104,0.12960447235679,0.0080801080364781,0.0,0.0,0.0,0.0036327103286856,0.0,0.0009828057853975,0.0011147654808063,0.0,0.0429549807215118,0.0467392472129521,0.0518249754173723,0.0,0.0016309433557155,0.0,0.0050141871300657,0.0107480537858112,0.0008633988724574,0.0071688412215932,0.0039605254137528,0.0,0.0,0.0076209071390692,0.0,0.0084655849626822,0.0016402246467532,0.0059244008758908,0.314103293867306,0.0,0.0007678052765799,0.0,0.0010711827533567,0.0326240398512065,0.0,0.0,0.0027164698706994,0.0,0.0804097484857946,0.0307123923870948,0.0043488898963459,0.0119644122013998,0.0019650942358834,0.0,0.0,0.0024846700761607,0.0038048607140043,0.0,0.0,0.0629581111867411,0.0973330322540385,0.0005368741297786,0.0,0.0014566197570037,0.0024172890482642,0.0012726233438216,0.0005656937444948,0.0,0.0,0.0005787540203705,0.0731545252803926,0.0013265358041445,0.0,0.0,0.0,0.0,0.0,0.0005626356569573,0.0,0.0,0.0,0.0035376713813485,0.0,0.0,0.0,0.0204551032781105,0.0012239212042603,0.0552246538343555,0.0042932753609869,0.0065244590619264,0.0018839457127746,0.0,0.0009574132208968,0.0,0.0038850823777404,0.0073223276755673,0.144704607196995,0.0297575149176978,0.0,0.0,0.0,0.0131541727719972,0.0,0.0042503983106898,0.0045879203180713,0.0,0.0025404708356295,0.0005564906700573,0.0008017461041509,0.0,0.0,0.0294480222447003,0.0124910845946503,0.0019562028194368,0.0,0.0070677999854855,0.0,0.0015050405689918,0.0106619086815832,0.0026251221442156,0.141705084764495,0.0225475158754441,0.0,0.0374690549915293,0.0058610323477009,0.008118270144007,0.0336437167376871,0.0005155324209246,0.0044156102196157,0.0012922344819108,0.0116693188806684,0.0017495428542274,0.0,0.0049975141628559,0.0,0.007013666585126,0.0,0.001203790775213,0.0016403302621402,0.0012900665287758,0.0883494332769935,0.003701913065671,0.0,0.0313177080972201,0.0,0.0,0.0,0.0,0.0008649589605443,0.0,0.0,0.0,0.0027269821615925,0.0044636251249433,0.0005739174808018,0.0,0.0,0.0027244981540595,0.0024425115504642,0.0,0.0,0.0043250749549372,0.0009906644522161,0.0,0.0009442552239396,0.0006964371817376,0.0061652110705188,0.0,0.0009829224308448,0.0261696317021031,0.0,0.0,0.0008871089417622,0.0028142305417225,0.0450210729234924,0.0494964969936454,0.0778274360107892,0.105269317309443,0.0181994038807698,0.199713950436328,0.154154506652849,0.0067420935749468,0.100599361862994,1.67486993695096,0.0,0.0017668290082506,0.0018629862515438,0.0,0.0030262889295926,0.003720237496796,0.0025817677914652,0.0,0.0138163023453525,0.0033043489335276,0.0016248593030276,0.0022714563545933,0.0009354955463218,0.0118720501967813,0.359434763520224,0.0,0.0,0.0,0.0,0.0,0.0,0.0035471746926885,0.0,0.0,0.0014410838027621,0.0126179167655596,0.0,0.0
STN,0.0,0.0048539641448524,0.0303813119493439,0.0940828983973623,0.0011295644399067,0.0016233148291235,0.077979065928273,0.0038857318426704,0.0097740258793068,0.0,0.0,0.0,0.0031919552465091,0.0,0.0,0.0640478073202068,0.0024774080657741,0.0186761551194118,0.0427395003051182,0.0250901138408244,0.0,0.0,0.0,0.0126092689408709,0.171201943070278,0.0222712657169644,0.024606773554522,0.0,0.0014543208167284,0.0,0.0005291322314347,0.0,0.0,0.0,0.0042975456376949,1.96451563170797,0.0054316060170464,0.012076264436912,0.0039412693749461,0.0,0.029795123960351,0.0,0.0,0.0,0.0,0.0066115223028303,0.0,0.0,0.002254956077344,0.0,0.0,0.0,0.0,0.0,6.36222238720262,2.09483505226958,0.0175115390230455,0.117591104622642,0.0,0.0,0.0,0.0008077447421259,0.0,0.0,0.001504134452436,0.0,0.0065414936571659,0.005238505483393,0.0,0.0,0.0,0.0,0.0022576428788248,0.116750830584868,0.0904091735214874,0.0098612623648851,0.0,0.0007389265463932,0.0,0.0018555713067825,0.0,0.0,0.006012461574234,0.0,0.0016261045219775,0.0015971044529307,0.0,0.000767024266153,0.004603251138485,0.0041262574882171,0.0,0.0021656830833737,0.0760680092035149,0.211978015840483,0.0974475881728593,0.0,0.0,0.0009308762259228,0.46996589058674,0.0,0.0016801869010216,0.0,0.0022717106930432,0.0,0.0022466708765491,0.0,0.0020539360701749,0.0121369455551739,0.003663944822459,0.0267460367422898,0.0043048144926923,0.000761769856266,0.0610386349333441,0.0020795102797528,0.0,0.11575948328169,0.0,0.0183464467325316,0.0,0.0058254999369541,0.0019081483821928,0.0,0.0,0.0096877330045211,0.0,0.0010505310200641,0.0297823592441068,0.0479008519767334,0.0163888079609075,0.0,0.0,0.0031540792095472,0.010116605810072,0.0,0.006340743601312,0.0011042067767403,0.0007875784040629,0.0319470780534538,0.0656566532822119,0.0,0.0,0.0,0.0498556071712641,0.0,0.0,0.0,0.0,0.0012177231016886,0.0,0.021837029299309,0.0005577205079384,0.242189965803513,0.0,0.0049798009379386,0.016235636045047,0.0201535417142148,0.0,0.0,0.273160461712855,0.0268170927416515,0.0,0.0,0.0046877647046622,0.0040748299562384,0.752458116247563,5.72330990948258,0.0,0.0,0.0026832477556064,0.0217438990191931,0.0,0.0,0.0,0.0006994712656321,0.0221466477476877,0.281495369922498,0.183870984454207,0.0868704136910456,0.898383415207855,0.0358296355169343,0.141456770555909,2.38906854124752,0.0029435426333958,0.0,0.0,0.0134596592634979,0.0029669269268931,0.012141554154438,0.0007360181558314,0.0127938144989377,0.0855474216537958,0.0,0.050491753818832,0.0,0.0,0.0113887929315687,0.0,0.0,0.0,0.0897473689598888,0.0,0.0,0.225340317933737,0.0,0.0152645306397783,0.0,0.0,0.0,0.0,0.0,0.0173996321548147,0.0502998938134811,0.0442978895488143,0.0,0.0,0.0101178882629161,0.0,0.0023917764487362,0.0,0.0,0.0,0.0045170261692885,0.0,0.0063091866486505,0.0060582718232248,0.000737457879494,0.0049722634006132,0.0106666789308375,0.0,0.0,0.0,0.0046566324341599,0.000695853120073,0.081064712396545,0.0108192135909773,0.0553165561821971,0.0052203840961873,0.001655714672622,0.0012067959393142,0.0,0.0,0.0,0.0184544576245601,0.0077786121033101,0.141072586382114,0.0,0.0062465765453095,0.0,0.0,0.151508469951124,0.0,0.0,0.0190947818440186,0.0,0.0044570594067655,0.002913053853525,0.0018005597588398,0.0023172039665698,0.0,0.0,0.0,0.0007235759788231,0.0,0.0006544444889301,0.0,0.0020971282812261,0.003732894261953,0.0,0.0038115016921052,0.0,0.0,0.0058132457634767,0.0,0.0,0.0,0.0011389467617478,0.0,0.0015015173553892,0.0,0.0171372058248142,0.0,0.0,0.0,0.0035767860017657,0.0114750630399575,0.0,0.0,0.0,0.0,0.0,0.0,0.0,0.0,0.0,0.0,0.0259489564086068,0.0093940339176777,0.0,0.0053094480141578,0.0024850474954693,0.0,0.053400561397363,0.0622620818501683,0.0748340007458552,0.0,0.0,0.0,0.0380709547490885,0.0,0.0,0.0614877006597173,0.0,0.0,0.0013873337184482,0.0,0.0,0.0030645481954697,0.0,0.0116934772646601,0.0038620679648563,0.0094643836485298,0.0824068754539673,0.0033576325508637,0.0156090574127337,0.0249103270052215,0.0066160265869054,0.0,0.0012414859334705,0.0,0.0,0.0,0.0,0.015486385134516,0.0,0.0,0.0106357537482066,0.0484390596955729,0.0201193764734449,0.0,0.0010328988132952,0.000690934366509,0.0362674282537588,0.0,0.0010367761299868,0.0090615752352804,0.0,0.0,0.0023351057873876,0.0,0.0,0.0,0.0390638923871378,0.0,0.0,0.0006611899125664,0.0,0.0,0.0,0.0129985276779184,0.0055296821190914,0.0063767875262684,0.0008151836881398,0.0467920256127149,0.0437454743290122,0.0785484030422965,0.0,0.0,0.0480905893888654,0.0027194721359203,0.0,0.0013244400219784,0.0070092276625352,0.003435233267868,0.000735148929453,0.0039699964033636,0.0,0.0,0.0,0.0006077608973675,0.0,0.0,0.0,0.0,0.0143228997653311,0.0469994870555377,0.0701467441537622,0.0416124246612658,0.0363791336333461,0.0140629789301309,0.0514329799744328,0.0,0.0010460759909361,0.0,0.0,0.0023336183396445,0.0030870922946526,0.0012318831776058,0.0008365710751133,0.0272254032039058,0.0072478990474223,0.0,0.0,0.0,0.0,0.0,0.0,0.0094124359568254,0.0,0.0631830891504086,0.0,0.0043625545586015,0.0028762348797046,0.0,0.0,0.0,0.0,0.0020520265904223,0.0
SUM,0.0,0.0,0.0012812546567291,0.0,0.0,0.0,0.0,0.0,0.0,0.0,0.0,0.123047211420902,0.0,0.0,0.0,0.0,0.0,0.0026197758086607,0.0110236113178191,0.0068498680529077,0.0,0.0,0.0,0.0,0.0632949549341392,0.0062414286335899,0.185133375765622,0.0,0.0,0.0,0.0012692900677519,0.0,0.0385182998894238,0.0,0.0,0.0,0.0,0.0,0.0,0.0,0.333030446775994,0.0,0.0,0.0,0.0,0.0,0.0,0.0,0.0007272947215539,0.0,0.0,0.0,0.0,0.0,0.0,0.0,0.0,0.0,0.0,0.0,0.0,0.0,0.0,0.0,0.0,0.0,0.0,0.0,0.0,0.0,0.0,0.0,0.0,0.0,0.0,0.0,0.0,0.0,0.0,0.0,0.0,0.0,0.0,0.0,0.0,0.0,0.0,0.0,0.0,0.0,0.0,0.0,0.0090701303672711,0.0030699618286841,0.0100620410362307,0.0,0.0,0.0,0.0,0.0,0.0,0.0,0.0,0.0,0.0,0.0,0.0,0.0,0.0,0.0,0.0,0.0,0.0,0.0380268700303517,0.0,0.0,0.0050399131725483,0.0,0.0,0.0,0.0,0.0,0.0,0.0,0.0,0.0,0.205939854569738,0.0,0.0,0.159863715962786,0.0,0.0,0.0130491851333696,0.0028066076286181,0.0,0.0021876202507982,0.0,0.0,0.0,0.0,0.0,0.0504840737657435,0.0058039927855418,0.0,0.0,0.0,0.0,0.0,0.0,0.0,0.0040238406628239,0.0,0.0,0.0008076219793887,0.0,0.0184604971775051,0.0,0.0,0.0,0.0075186136574187,0.0,0.0,0.0,0.0,0.0,0.0,0.0,0.0017002693849936,0.0,0.0,0.0,0.0,0.0,0.0,0.0127019482288813,0.0016892632947633,0.0050196978631422,0.0082629459009078,0.0018830896966236,0.0026002912013604,0.0435156078248488,0.0,0.992814131960909,0.0,0.0,0.0,0.0,0.0,0.0,0.0,0.0,0.0,0.0,0.0,0.0,0.0,0.0007014367224736,0.0,0.0,0.0,0.002990497583466,0.0,0.0581586872450718,0.0,0.0,0.0,0.0,0.0,0.0,0.0,0.0,0.0,0.0,0.0,0.0,0.0,0.0,0.0,0.0,0.171999902278965,0.0131288186511606,0.0,0.0,0.0,0.0,0.0,0.0,0.0010457510129099,0.0,0.0,0.0,0.0,0.0,0.0109511586111531,0.0,0.0,0.0,0.0,0.0,0.0,0.0,0.0121099576927709,0.012808189676547,0.0,0.0,0.0,0.0,0.0,0.0,0.116913346588458,0.0,0.0,0.0,0.0,0.0,0.0,0.0,0.0,0.0,0.0,0.0,0.0,0.0,0.0,0.0,0.0,0.0,0.0,0.0,0.0,0.0,0.0,0.0,0.0,0.0,0.0,0.0,0.0,0.0,0.0,0.0,0.0,0.0,0.0,0.0,0.0,0.0,0.0,0.0,0.0,0.0,0.0,0.0,0.0,0.0,0.0,0.0042038580311655,0.0,0.0048168626760143,0.0,0.129435951341423,0.0,0.0140146321069511,0.0286607997650738,0.0,0.0,0.0,0.0,0.0,0.0,0.0,0.0,0.0,0.0,0.0,0.0,0.0,0.0,0.0011652845768597,0.0,0.0,0.0,0.0,0.0,0.0,0.0118781926983,0.0,0.0,0.0,0.0,0.0,0.0,0.0,0.0,0.0,0.144565104246493,0.0,0.0,0.11040768498272,0.0,0.0,0.0,0.0,0.0,0.0,0.0,0.0,0.0,0.0,0.0,0.0010642741101204,0.0023138645888637,0.0,0.0,0.0,0.0,0.0,0.0,0.0,0.0,0.0,0.0,0.003147112931869,0.0083731682155653,0.0,0.0,0.0,0.0,0.0053861152093017,0.0,0.0009698326878447,0.0,0.0,0.0,0.0,0.0,0.0,0.0,0.0,0.0,0.0,0.0,0.0,0.0043479912821756,0.0019951175609063,0.0038922169753487,0.0058822740987175,0.0115468694573703,0.0055723930920081,0.0018898667568691,0.0,0.243305042291272,0.0,0.0,0.0,0.0,0.0,0.0,0.0,0.0,0.0,0.001990779899285,0.0,0.0,0.0,0.0,0.0069024476766256,0.0006900224178854,0.0165403116652047,0.0075295666858796,0.0024286409143671,0.0047806803662853,0.0,0.0,0.0,0.0,0.0,0.0
SUT,0.0,0.0,0.0,0.0,0.0,0.0,0.0,0.03910576451805,0.0,0.0,0.0,0.0,0.0,0.0,0.0,0.0,0.0,0.0,0.0,0.0,0.0,0.0,0.011519023246832,0.0,0.0,0.0,0.0,0.142541806030051,0.0,0.0,0.0014427879626898,0.0,0.0,0.0,0.0,0.0,0.0,0.0,0.0,0.0,0.0,0.0,0.0,0.0,0.0,0.0,0.0,0.0,0.0037797942673434,0.0,0.0,0.0,0.0,0.0,0.0,0.0,0.0,0.0291453248949602,0.0018636727941606,0.0,0.0,0.0,0.0,0.0,0.0,0.0,0.0115318769029671,0.0,0.0,0.0,0.0,0.0,0.0,0.0,0.0,0.0,0.0,0.0,0.0,0.0,0.0,0.0,0.0,0.0,0.0,0.0,0.0,0.0,0.0,0.0,0.0,0.0,0.0,0.0,0.0,0.0,0.0,0.0,0.0,0.0,0.0,0.0,0.0,0.0,0.0,0.0,0.0,0.0,0.0984837128390458,0.0,0.0,0.0,0.0,0.0,0.0,0.0,0.0,0.0,0.0,0.0,0.0,0.0,0.0,0.0,0.0,0.0,0.0,0.0,0.0,0.0,0.0,0.0,0.0,0.0,0.0,0.0,0.0,0.0,0.0,0.0,0.0364546966352782,0.0,0.0,0.0,0.0,0.0,0.0,0.0,0.0,0.0,0.0,0.0,0.0,0.0005521852938169,0.0,0.0,0.0,0.0,0.0,0.0,0.0,0.0,0.0,0.0,0.0,0.0,0.0,0.0036659443352689,0.0,0.0,0.0,0.0,0.0,0.0350566456682363,0.0,0.0,0.0,0.0,0.0,0.0,0.0,0.0,0.0,0.973881093884381,0.0,0.0,0.0,0.0,0.0,0.0,0.0,0.277290892514638,0.0,0.0,0.0,0.0175088216980743,0.0,0.0,0.0,0.0,0.0,0.0,0.0,0.0,0.0,0.0120965580268217,0.0340853668760261,0.0,0.0762854481128645,0.0,0.0,0.0,0.0,0.0,0.0,0.0,0.0,0.0,0.0,0.0,0.0,0.0,0.0,0.0,0.0,0.0,0.0,0.0,0.0,0.0,0.0009321810824008,0.0,0.0,0.0,0.0,0.0,0.0,0.0,0.0,0.0,0.0,0.0,0.0,0.0,0.0,0.0,0.0,0.0,0.0,0.0,0.0,0.0,0.0,0.0,0.0,0.0,0.0050394524032773,0.0,0.0015393408490541,0.0,0.0,0.0,0.0,0.0,0.0,0.0,0.0009884278262037,0.0,0.0,0.0,0.0,0.0,0.0,0.0,0.0,0.0,0.264877368553342,0.0,0.0,0.0,0.0,0.0,0.0,0.0,0.0,0.0,0.0,0.0,0.0,0.0,0.0,0.0,0.0,0.0,0.0,0.0,0.0,0.0,0.0,0.0,0.0,0.0,0.0,0.0,0.0,0.0,0.0,0.0,0.0,0.0,0.0,0.0,0.0,0.0030271146063701,0.0,0.0,0.0,0.0675313609346043,0.0,0.0,0.0,0.0,0.0,0.0,0.0,0.0011613701034036,0.161614465673407,0.0,0.0,0.0,0.0,0.0,0.0,0.0,0.0,0.0,0.0,0.0,0.0,0.003898576925743,0.0,0.0,0.0,0.0,0.0,0.0,0.0,0.0,0.0,0.034265420590137,0.0,0.0,0.0,0.0,0.0,0.0,0.0,0.0,0.0,0.0,0.0,0.0,0.0013586396583193,0.0,0.0,0.0,0.0,0.0,0.0,0.0,0.0,0.0,0.0,0.0,0.0,0.0,0.0,0.0,0.0429376255821905,0.0,0.0,0.0,0.0324949353677832,0.0,0.0,0.000808636336348,0.0,0.0,0.0,0.0014688240740375,0.0,0.0,0.0983960510733419,0.0,0.0,0.0,0.0,0.0,0.0,0.0,0.0644760726372831,0.0025901199611586,0.0,0.0,0.0027741026337914,0.0,0.0,0.0,0.0,0.0,0.0,0.0,0.0,0.0,0.0,0.064412902339965,0.0,0.0408400587648413
SUV,0.0,0.0,0.0036900424959565,0.0,0.0,0.0,0.0031234465299485,0.0,0.0083388327377687,0.0285874377289628,0.0046146583606382,0.0051159284582037,0.0,0.0013346421453869,0.0,0.199864645556738,0.0075438190971457,0.0013421185460209,0.0,0.0009590431128739,0.0,0.0,0.0,0.0,0.0043682390397323,0.0,0.0,0.0,0.055256670262069,0.0459620907662087,0.0006849588708165,0.0323208141152152,0.0,0.0047278598466471,0.0,0.0,0.208963592160961,0.0,0.0116478326189238,0.0062694919761918,0.0299944731152322,0.0,0.0,0.0,0.0232910619843732,0.0034788122911726,0.0103113656923072,0.0048120024740491,0.0,0.0,0.0,0.0,0.0,0.0,0.0,0.0,1.72283706398843,0.0,0.0,0.0,0.0,0.0027320405141761,0.0009295724827295,0.0,0.0,0.0,0.0547108495508967,0.922987893160291,0.0,0.538322504513897,0.0019075146166984,0.0,0.0021875355654794,0.0066977067670927,0.043378901210164,0.0047325938016268,0.0026808898622044,0.178932433432888,0.0016765768724838,0.0,0.0,0.0058044122246028,0.0,0.0090216725732708,0.645409815233667,2.37203153334309,0.0,0.0031987722420669,0.0032387591417523,0.0,0.0,0.0056489449656747,0.0228168369867808,0.0032890578024009,0.0,0.0,0.0,0.0,4.03790035834322,0.0,2.67763860046834,0.0056885513034178,0.0644702927402518,0.0529796549210546,0.0023055332170114,0.0844948560877809,0.0005672074561384,0.0613872781317572,1.27195208955448,0.0008300813444284,0.0044522176012627,0.0025547735887439,0.0399331435865923,0.0,0.0104696673607129,2.50954357646426,0.0011315441940152,0.0,0.918554082155722,0.267173445309906,0.0018800811495703,0.0,0.165466199943691,0.0316639767990026,0.147216481787906,0.0,0.0166556402235458,0.0468900904800111,0.0021038973869083,0.0,0.0,0.0,0.0092547834491532,0.0030420034958947,0.767750625512556,0.0,0.0,2.79857658866363,1.30155150436853,0.0096501714809337,0.0,0.0,0.0,0.0,0.0,0.0007202968798853,0.0,0.0,0.0,0.0008518893260855,0.0048799759028059,0.46752535009469,0.0,0.0,0.0041127559573215,0.0086509050919639,0.0211960585323975,0.0,0.0220838362788266,0.0,0.0006925244935292,0.0,0.0,0.0239957747189921,0.0,0.0173012656172638,0.0,0.0114937884112978,0.0323247341299733,0.0512478524172146,1.25041351663339,0.0,0.0,0.0,0.0035023225180238,0.0,0.0145730190237376,0.0062992920233098,0.0,0.0014564165645297,0.0239928061868977,0.0,0.0057420169298703,0.213453930747136,1.49129703459051,0.002902768882501,0.0045120712815272,0.0730297529038093,0.0,0.0098880879664087,0.0133207117363497,0.740260825314924,0.117707951456471,0.0150558917021885,0.0,0.0,0.0,0.0,0.0,0.0021978461864332,0.0,0.0,0.164286344721976,0.0,0.101779939359411,0.0370105857330415,0.0,0.0148146490412481,0.310084503983269,0.0,0.0,0.0229032607748571,0.0,0.0,0.0,0.0172767803512097,0.0,0.0008578569817487,0.0215510466645342,0.0006677965387571,0.0025049025518651,0.0,0.0029920228834843,0.0,0.625218984094404,0.0076489573141175,0.0,0.0,0.0,0.0,0.0,0.0,0.0,0.0034395615143888,0.0,0.0029784868858769,0.0,0.0628842924054132,0.0366821586296363,0.0174858031002169,0.0173029124561371,0.0,0.0010566139695071,0.0147145340788587,0.0144226896204323,0.179616918012017,0.0,0.0008487516025816,0.0048634598270383,0.101775570585307,0.0,0.0,0.0165385956466646,0.0,0.0077343742002985,0.0099535919124433,0.0042387578069908,0.0,0.0,0.18742414760201,0.0,0.0,0.0,0.0,0.0,0.0,0.0018597428969496,0.0,0.0,0.0,0.0,0.0027124549807984,0.0,0.0201223004620209,0.0,0.0095572484568978,0.0,0.0,0.115508938217299,0.0,0.0,0.0,0.0,0.0013090642588929,0.0,0.0,0.0870440701355767,0.0,0.0,0.0,0.0,0.0,0.0070888990979911,0.0314636074935103,0.0,0.0066403178805341,0.0028865715593532,0.0030324696599825,0.0016492771964192,0.0051670261635827,0.0044921618450131,0.0323681582620234,0.0,0.0046990064585724,0.0,0.0,0.0,2.46971737898451,0.0,0.137573688498543,0.024614592735522,0.0086641200461312,0.0127214620234607,0.0034447089003663,0.0901264205431906,0.0,0.0692732010428329,0.543269796709898,0.0031055411151604,0.003232297612407,0.0024438742719238,0.00957349851725,0.0,0.0056001513506928,1.3667164766076,0.0054357556194231,0.0,0.197274670811294,0.0179051092219815,0.0,0.114389078248046,0.0014945330732544,0.0,0.0,0.061248300712421,0.0031040771064444,0.0,0.0024872401746456,0.0,0.0,0.0140983756931572,0.0185058411268204,0.0,0.0935360412331604,0.0089908390951217,0.0,1.53816634706196,0.179356097454788,0.0,0.0,0.0,0.0,0.0,0.0,0.0012290636169897,0.0,0.0,0.0,0.0007673288606806,0.0,0.731567919041508,0.0,0.0,0.017000591806141,0.0177975300969796,0.0,0.0,0.502661256553492,0.0014142338356754,0.0,0.0,0.0,0.0242564880847148,0.0,0.0087001685719111,0.0,0.0052101588154584,0.0,0.0774883707974682,0.36997372308157,0.0,0.0,0.0,0.0,0.0,0.0,0.0016441717957958,0.0,0.0005314175951142,0.0310090017106915,0.0021584476997533,0.0025812759736559,0.300312570685033,0.0011652231204089,0.0013362071431126,0.0127063622666613,0.0602227815865455,0.0,0.0371995711980933,0.0042124265898791,0.608368910697325,0.226018632491089,0.010843145732682,0.0,0.0022361473671297,0.0,0.0,0.0,0.0032296233943699,0.0,0.0,0.129249076255747,0.0,0.0852067725524771,0.0,0.0,0.0319047139473172,0.147118738766723
TEa,0.0325276066236741,0.111756675438438,0.0636858592620285,0.0,0.0145448924559841,0.0,0.139611436974403,0.31071030713178,0.16625953239761,0.0,0.0,0.0,0.0,0.0,0.0,0.07864932673984,0.0,0.47392191269968,1.03959614932396,0.893857626892023,0.0,0.613930112621667,0.0778857152594216,0.0747274403238113,0.0,0.0,0.0,0.441423001498622,0.002015972874027,0.0247179512399326,0.196418490296204,0.0,0.0,0.0,0.0,7.11443332005553,0.0,0.0015692460334426,0.0240366857380558,0.0,0.134912587567478,0.0,0.0,0.0,0.0,1.5165941535608,0.0,0.259660333849671,0.0,0.0194078043796568,0.0,0.0,0.0019224036179036,0.0,0.142587719469106,0.003295397812623,0.0,0.137225899598893,0.0163644039975507,0.0,0.0,0.0,0.0142840675164666,0.0,0.0,0.0,0.0056038923285192,0.0,0.665791229708749,0.0,0.278292570982991,0.244262351978027,0.116777390861045,0.0133629694851365,0.0,1.26376223656287,0.0,0.0,0.0,0.0,0.0,0.0008884745275531,0.0,0.0081029498332196,0.0,0.0,0.0,0.1123569527493,0.0721255280787718,0.140395835336524,0.0017017936187103,0.0,0.0,0.0,0.0,0.0,0.0,0.0087638843676966,0.0854792628508773,0.004484853262609,0.0,0.0272663193759418,0.0,0.0,0.0073781598062328,0.0,0.0598192576892876,0.0118731159981392,0.0,0.0955815395477615,0.0513260461261367,0.149159334128872,0.0,0.0,0.0153097391698382,0.173442629774581,0.0468112168630149,0.0,0.0030950108201128,0.0,0.0,0.0097878436877732,0.0023949838944678,0.0324011003761573,0.0,0.0,0.0,0.0,0.0564948244944819,0.0,0.0969109170117623,0.0890342247234209,0.0,0.0235380511098235,0.0067092789001295,0.0267659667588938,0.0016728834607281,0.0,0.0040856684345241,0.0,0.0,0.0,0.542474683801847,0.0,0.0,0.0,0.0,0.0,0.0,0.0,0.0,0.0,0.0,0.554847120742822,0.608287912315188,0.0876349754025661,0.215805277729292,0.0,0.469248288601149,0.453295058114519,0.0,0.159935219035691,0.0,0.0,0.0,0.0536883264866339,0.0,0.0010276656685591,0.0,0.0080491094576678,0.0,0.001658786893167,0.0,0.0,0.0,0.0193514790214419,0.0060787442974547,0.0,0.069463798470239,0.0,0.589217877318928,0.0,0.0,0.0,0.0,6.99499594513572,0.0,0.0095193166538251,0.0,0.0,0.0,0.0,0.0058276078817306,0.0005896494863794,0.0,0.436427379441736,0.452056327114868,0.262262203442291,1.06599225365318,3.58886982508732,0.5053746267275,0.446225663898839,0.0,0.0,0.0743028159692962,0.0658543771039436,0.0024429224121387,0.0007837876430575,0.0,0.0,0.0063244440174529,0.0101257543339133,0.313421575511993,0.0,0.0,0.030953262005004,0.0723847848296301,0.0139847242649496,0.0,0.0,0.0,0.0,0.000700321686255,0.0053804509969791,0.0,0.0,0.0600982622162882,0.0559075326004849,0.133664135909744,0.0,0.0771799707328273,0.0,0.0373648880025746,0.0,0.0,0.0061537171150707,0.0139582465723769,0.0,0.0,0.0357831291963152,0.0,0.0,0.0084214004923119,0.0065382155263582,2.55013131850408,0.0,0.0,0.0,0.0006756259237163,0.0606210891400616,0.0,0.0,0.0007744076694215,0.0,0.223234151004184,0.0744170192243711,0.0213049942941332,0.0755739377206859,0.0268289319439372,0.0,0.0,0.0005226570268788,0.0391513832792276,0.0012270902513076,0.0,0.0,0.0133646935701027,0.0067337991267547,0.0,0.0,0.0,0.0007579637649913,0.0,0.0,0.0,0.0011580183177719,0.0,0.0238687492537238,0.0,0.0,0.0,0.0,0.0,0.0017695035643101,0.0,0.0,0.0,0.0009644559692615,0.0,0.0,0.0,0.0,0.0,0.0,0.0,0.0229285043847861,0.0022244653229227,0.0,0.0,0.0,0.0,0.0127936526042882,0.0,0.0,0.0,0.0,0.0,0.0,0.0,0.0,0.0282456974142207,0.0,0.0,0.0044206516342108,0.0,0.0,0.0016275386074976,0.0,0.0105245084191633,0.0069389659831261,0.0172282377477429,0.173495237604368,0.0,0.0056236070695304,0.0078900000421965,0.0025399051622489,0.0,0.0,0.0,0.0118819718755892,0.0,0.0021965679701803,0.0021417419021462,0.0,0.0,0.0,0.0475914319627834,0.0027910935649834,0.0,0.0,0.0,0.0108417284886315,0.0,0.0,0.0036217144531148,0.0007218588350634,0.0,0.0,0.0,0.0,0.0,0.0528521830237557,0.0,0.0,0.0,0.0,0.0,0.0,0.0,0.0,0.0,0.0,0.0276561870180177,0.0240285743546388,0.0,0.0,0.0,0.0193699982161751,0.0097341333930511,0.0,0.0304392911503429,0.0,0.0,0.0,0.0008122792530995,0.0,0.0,0.0,0.0,0.0,0.0,0.0,0.0,0.0,0.0,0.0,0.0,0.0046073300226142,0.0,0.131074028332395,0.0,0.0,0.0,0.0,0.703076220814368,0.0018676275397807,0.0,0.0,0.0164393994369125,0.0018302622478877,0.0,0.0,0.0008680540681074,0.0,0.0747257157575904,0.0445314574365368,0.0229722203313123,0.182315008777368,0.532292542148241,0.0684677054628183,0.0335803506202427,0.0,0.0,0.0,0.0,0.0,0.0,0.0
TR,0.136712743029738,0.0,0.0,0.609912072441521,0.0,0.0005873403430932,0.381498158323879,1.04224049911734,0.114526869267877,0.0,0.0,0.0,0.0,0.0005878923946065,0.203573829402933,0.0,0.0,0.0,0.0,0.0061207025954997,0.0,2.25435345113471,1.0785571257573,0.568428534158396,1.00774626993037,0.0220484413228968,0.163760423360324,1.78803561665613,0.0,0.0,0.0945046972739181,0.0,0.0,0.204986956646178,0.724414624056196,0.073038651166307,0.0,0.0,0.0,0.0,0.140095528569143,0.0,0.0,0.0694919604516827,0.0,0.421315699706463,1.76139636120276,0.547183740587141,0.776352591368138,0.860457161194955,0.0,0.0,0.0,0.159614570089735,0.0051592629461409,0.0009281614517918,0.0,0.160056668799291,0.164913252673808,0.0,0.0,0.0,0.054177605411904,0.0,0.0,0.0,0.0,0.0,0.170397962028119,0.0,0.0,0.0,0.0,0.0,0.0237426481419521,0.0,0.0239791365372455,0.0,0.0,0.0250531567273743,0.0292809650311044,0.0357522389555149,0.0,0.0005587754802874,0.0,0.0,0.512901735741096,0.0,0.0,0.0,0.0,0.0,0.0322924598912972,0.0,0.0,0.0076392011104302,0.0127370987978489,0.0,0.0,0.0021543423015344,0.0,0.0160639229002895,0.0,0.0,0.124296757928311,0.0,0.0,0.0,0.0,0.0,0.0012683948679883,0.0139721946810477,0.649404939379315,0.322195651865753,0.431390353138533,0.0,0.0066801753159945,0.0,0.0,0.0,0.185916780504027,0.0,0.0,0.0,0.0,0.0,0.0,2.35393239069553,0.0,0.0,0.0,0.0,0.0072940640483187,0.0,0.0,0.0037094940832341,0.0,0.0,0.0,0.0,0.0,0.0,0.0,0.0,0.0,0.0,0.0,0.0,0.0048649036692863,0.0,0.0,0.0,0.0,0.0,0.0,0.0007131452432631,0.0032953852925448,0.0,0.0,0.0,0.0009205679088709,0.380730929236802,0.0,0.0,0.0,0.0,0.0,0.0,0.0,0.0,0.0,0.0,0.0,0.0,0.0,0.0,0.0010874946253144,0.0,0.0,0.0,0.0193696517480606,0.0,0.0,0.0,0.0,0.0998293570102718,2.90778558430443,0.0,0.0006943558667287,0.125056821885543,0.0466873241329154,0.0,0.0,0.0,0.0,0.255020715902258,0.0013612839497311,0.0,0.0,0.0,0.0,0.0,0.0,0.0005343477765981,0.0,0.0,0.0,0.0,0.0,0.0,0.0,0.0009158605322016,0.0006252850308548,0.0,0.0,0.0,0.0,0.0,0.0,0.0,0.0,0.000610228813524,0.0,0.0,0.0,0.0,0.0,0.0,0.0,0.0,0.0,0.0,0.0094718278218919,0.0,0.0,0.0,0.0,0.0,0.0,0.0,0.0,0.0,0.0,0.0,0.0,0.0,0.0,0.0,0.0,0.003755590314356,0.0,0.0,0.0009562370950657,0.0,0.0,0.0,0.0,0.0,0.0,0.0,0.0,0.0,0.0,0.0,0.0,0.0,0.0,0.0,0.0,0.0,0.0,0.0,0.0,0.0,0.0,0.0,0.0,0.0,0.0,0.0,0.0,0.0,0.0,0.0,0.0,0.0,0.0,0.0,0.0007339412631794,0.0,0.0,0.0,0.0,0.0,0.0,0.0,0.0,0.0,0.0,0.0,0.0,0.0,0.0,0.0,0.0,0.0,0.0,0.0,0.0,0.0,0.0006777827065847,0.0,0.0,0.0,0.0,0.0,0.0,0.0,0.0,0.0,0.0,0.0,0.0,0.0,0.0,0.0,0.0,0.0,0.0,0.0,0.0,0.0,0.0,0.0,0.0,0.0,0.0,0.0,0.0,0.0,0.0,0.0007447778496676,0.0,0.0,0.0,0.0,0.0,0.0,0.0,0.0,0.0,0.0,0.0,0.0,0.0,0.0,0.0,0.0,0.0,0.0,0.0,0.0,0.0,0.0,0.0,0.0,0.0,0.0,0.0,0.0,0.0,0.0,0.0,0.0,0.0,0.0,0.0,0.0,0.0,0.0,0.0,0.0,0.0,0.0,0.0,0.0,0.0,0.0,0.0,0.0,0.0,0.0,0.0,0.0,0.0,0.0,0.0,0.0,0.0007351528532205,0.0,0.0,0.0,0.0,0.0,0.0,0.0,0.0,0.0,0.0,0.0,0.0,0.0,0.0,0.0,0.0,0.0,0.0,0.0
TRN,0.0030485127824605,0.0,0.0,0.0,0.0,0.0,0.0,0.0,0.0,0.0,0.0,0.0,3.28668680633182,0.0,0.0,0.0,0.0,0.0,0.0,0.0,0.0,0.0,0.0017131570645511,0.0,0.0,0.0,0.0,0.0,0.208448692860045,0.0,0.0,0.0063613556390046,0.0028038628616984,0.001216089925194,0.0,0.0152540842933175,0.15930366875304,0.510409261228842,0.0,0.0087535411396845,0.0,0.0,0.175093603596527,0.0,0.0,0.0,0.0,0.0,0.0,0.0,0.0673901315456518,0.0498654039939289,0.0,0.0014394183165055,0.0021757585875259,0.0017730925151769,0.0264544277225884,0.0020478504349062,0.0,0.0,0.0,0.0,0.0,0.000729995507127,0.0,0.20941236738483,0.0251603087708404,0.0130356013073388,0.0,0.0,0.0,0.0,0.0,0.0099284929728452,0.0714849918675608,0.0,0.0156045959897939,0.0009478274085701,0.0,0.0,0.0,0.0,0.0167745269639964,0.030874626418765,0.0,0.0012940777405348,0.0022239227055501,0.0,0.0,0.0,0.0015226086770666,0.0,0.0,0.0179215712263852,0.0,0.0,0.0,0.0,0.263621896613026,0.0,0.0,0.015176758994303,0.0073258103581468,0.0267687549583015,0.0,0.0138367906760865,0.0009667213713604,0.0132003801185862,0.0,0.0,0.0,0.0,0.003792071343276,0.0,0.0,0.0,0.0,0.0008739491310427,0.0,0.0161333391807439,0.0,0.0201823625105793,0.48516650185876,1.69592255554428,0.0,0.0048672171313138,0.0,0.0,0.0,0.0,0.0,0.0015161138875883,0.0,0.0,0.0316156048797517,0.0,0.750448610436459,0.196850757322501,0.117529264561964,0.0,0.0,0.0,0.0,0.0,0.0,0.0,0.0,0.153183332303323,0.0014920038440637,0.0,0.0,0.0621400552742228,0.0143192765343946,0.0,0.0,0.0,0.0025529716356114,0.0,0.0,0.0,0.0095875809365574,0.0,1.41252974664295,0.0008917087264052,0.0032546502670942,0.0042112784485676,0.0,0.0,0.0017834619718314,0.0050083146138708,0.0,0.0,0.0,0.0,0.0017047871261073,0.006561238752504,0.0021774775035502,0.0,0.0,0.0082045075835426,0.0034994953006436,0.0013689377046956,0.0045593444254189,0.0018189786142173,0.0,0.0,0.0,1.19552245284103,0.0016124422996371,0.0012446440469518,0.0061151336922689,0.0007622528159805,0.0,0.0250538636645147,0.0031984501944315,0.0,0.0,0.0,0.0,0.0,0.0,0.0,0.0088792876527483,0.0005960005429252,0.0,0.0021374669794946,0.0021899935318906,0.0266220232640478,0.0,0.0,0.0,0.0,0.0,0.0,0.0,0.0,0.0,0.0,0.0,0.0,0.0,5.27280164434484,0.0,0.0,0.0,0.0005906644194034,0.0,0.0,0.0,0.0,0.0,0.0,0.0,0.0,0.0,0.0,0.0,0.342536665055074,0.0044463700168623,0.0,0.0031952710968981,0.0048306239460715,0.0007224144661855,0.0,0.0006212273728894,0.0009549793180786,1.45221142014305,0.0014750579165955,0.0235229464350215,0.0,0.0,0.151471273037857,0.0,0.0013679984884014,0.0,0.0,0.0,0.0,0.0,0.372627241225493,0.0461342822338553,0.0,0.0,0.0031330024838384,0.0024412549635167,0.0,0.0,0.0,0.0,0.0,0.0,0.0,0.0,0.0,0.197684844114703,0.0,0.0,0.0,0.0,0.0,0.0,0.0,0.0,0.0211912310038247,0.0,0.0,0.0,0.0,0.0,0.0,0.0,0.0,0.0048419047746973,0.0,0.0,0.002034548870622,0.0,0.0,0.0,0.0,0.0,0.0,0.0,0.0,0.0,0.0,0.0,0.17108114527428,0.0,0.0,0.0102987311690604,0.004000045567806,0.0,0.0,0.0143231184211061,0.0,0.0133336073914871,0.0,0.0,0.0,0.0,0.0016429191202142,0.0,0.0,0.0040923303314224,0.0,0.0,0.0,0.0093059678992949,0.0,0.0111203995725988,2.34000717072355,1.80329204693363,0.0,0.0,0.0,0.0,0.0,0.0,0.0,0.0,0.000550945597577,0.0,0.0259180661233895,0.0,2.24879640143828,0.0,0.0549354301977899,0.0,0.130132559236517,0.0,0.0,0.0,0.0,0.0,0.0,0.506208261441231,0.0010076310338262,0.0,0.0,0.0352228298495064,0.0047140371455536,0.0,0.0,0.0,0.000630602505819,0.0,0.0384412634689133,0.0,0.0009732214775286,0.0,0.746347650293957,0.0008011577151857,0.0055162133601058,0.0061096320502439,0.0,0.0,0.0005486542577949,0.0022963809303157,0.0,0.0,0.0,0.0,0.0,0.0,0.0,0.0,0.0,0.0,0.0,0.0016979407635566,0.0007203753641523,0.0,0.0,0.0,0.0,0.0420791761359907,0.0009099710648864,0.0,0.0032589185191341,0.0,0.0,0.0494009419832357,0.0,0.0,0.0,0.0,0.0,0.0,0.0,0.0,0.0071044540238872,0.0,0.0,0.0,0.0014601869788676,0.01378405505658,0.0
TRS,0.0,0.245395913861215,0.0,0.0045665899117798,0.0,0.0,0.0,0.0,0.0,0.0,0.0,0.0,0.0,0.0,0.0907097144621718,0.0041777826231484,0.0,0.0,0.0,0.0,0.0162827930305398,0.0,0.0,0.0,0.0,0.0,0.0,0.0394222495831972,0.0,0.0191837758777897,0.0,0.0,0.0319024848353254,0.0,0.0,0.0,0.0,0.0,0.0,0.0,0.0,0.0,0.0,0.0,0.0,0.0,0.0,0.0,0.0,0.0,0.0,0.0,0.0,0.0063161488850105,0.0,0.0,0.0,0.0,0.0,0.0,0.0,0.0,0.0,0.0,0.0,0.0,0.0,0.0,0.0,0.0,0.0,0.0,0.0,0.0,0.0,0.0,0.0,0.0,0.0,0.0,0.0,0.0,0.0,0.0,0.0,0.0,0.0,0.0,0.0,0.0,0.0,0.0,0.0,0.0342064871696482,0.12969255988703,0.0,0.0,0.0,0.0578442674028355,0.0,0.0,0.0,0.0,0.0,0.0,0.0,0.0,0.0,0.0,0.0,0.0,0.0113127062989209,0.0,0.0,0.003772010910159,0.0,0.0,0.0,0.0,0.0,0.0096900343521279,0.0,0.0,0.0021286812461537,0.0,0.0,0.0,0.0,0.0,0.0,0.0,0.0,0.0,0.0,0.0,0.0,0.0,0.0,0.0065302274650236,0.0,0.0,0.245249867757564,0.0,0.0,0.0,0.0,0.0,0.0,0.0,0.0,0.0442855602431628,0.0009038435578977,0.0,0.0,0.0,0.289498841461219,0.0,0.0,0.0,0.0,0.0,0.0,0.0,0.007890619152036,0.0,0.0031986388314723,0.0,0.0,0.0,0.0006556856435342,0.0,0.0,0.0,0.0,0.0,0.0107414160544805,0.0112868635929385,0.0,0.0023484864864148,0.0,0.0,0.0,0.509911910169752,0.0,0.0,0.0,0.0,0.0006444550407252,0.0,0.0,0.0,0.0,0.0055991803848377,0.0,0.0,0.0,0.0,0.0,0.0,0.0,0.0,0.0,0.0304741647567206,0.0,0.0087452911338213,0.0,0.0,0.0,0.0,0.0717845953354155,0.015803569314866,0.0,0.136286372966952,0.0,0.0,0.0,0.0,0.0,0.0,0.0,0.0006938770385443,0.0,0.0,0.0543668826625245,0.0,0.0,0.0,0.0,0.0,0.0,0.0,0.0,0.0,0.0,0.0,0.0,0.0060229882385795,0.0,0.0,0.0,0.0,0.0173974820552355,0.0151559236948714,0.0,0.0,0.0,0.0,0.0,0.0,0.0,0.0,0.0,0.0359839855808725,0.0,0.0,0.0,0.0,0.0011100283430801,0.030681477651216,0.0,0.0,0.0,0.0016778270083463,0.0,0.0,0.0,0.0,0.0043241153113735,0.0,0.0,0.0,0.0362365835987166,0.0014059653757258,0.0014148447516872,0.0,0.0,0.0,0.0,0.0,0.0,0.0,0.0,0.0,0.22667240305286,0.0,0.496832421650652,0.0,0.103171916982857,0.0,0.0,0.20468013381497,0.0,0.0,0.0,0.0,0.0,0.0,0.0,0.0,0.0,0.0,0.0,0.0550958277986761,0.0679529834928536,0.0,0.0,0.0,0.0,0.0,0.0,0.0,0.0,0.0,0.0088192885693112,0.0,0.0,0.0,0.0,0.0,0.0,0.0162089295743402,0.0368742952315218,0.0,0.0017517340460271,0.0605990160619906,0.0,0.0,0.0,0.0,0.0,0.0,0.0,0.0006104030899005,0.0,0.0,0.0,0.0,0.0108028452531123,0.0,0.0,0.0,0.0,0.0,0.0,0.0,0.0,0.0,0.0,0.0,0.0,0.0577773919486933,0.0053577935433528,0.0,0.0,0.0,0.0,0.0,0.0,0.0939882924916622,0.0200934381568075,0.0,0.0,0.0225050374093035,0.0314017360904355,0.0,0.0,0.0,0.0,0.0,0.0,0.66219926550052,0.0,0.0125568880065872,0.0,0.0,0.0,0.0,0.0,0.0,0.0,0.0,0.0,0.0,0.0057956257777756,0.0075001841281713,0.0102313308509168,0.0031637819472653,0.0095464006759035,0.0137889167454604,0.0,0.0,0.268471382722505,0.0,0.0,0.0,0.0,0.0,0.0,0.0940834789474184,0.0,0.0,0.0,0.0,0.0,0.0,0.0,0.0051604881270696,0.0,0.0,0.0,0.0,0.0,0.0,0.0,0.0,0.0,0.0,0.0
TT,0.475798498484748,0.0,0.191556291892255,1.65572052104511,0.0,0.0428153543161835,0.0,0.240449488125243,0.550154761651937,0.0,0.0,0.0,0.0,0.158027435620564,11.3809077425351,0.0,0.0209856736820286,0.0,0.0,0.0,0.0,0.175445889472078,0.51477757444706,0.274176726256522,0.0306248859530838,0.0,0.0034310298366337,0.144814724593995,0.0,0.0,0.270285008975453,0.0023735523081118,0.0,0.443212760423833,0.510181888982929,0.0,0.0,0.0,0.0,0.0,0.0174984944695478,0.0379873416719483,0.0,0.689477744147518,0.0017841042367135,0.0014084434166917,0.435726291148766,0.0660581756707442,1.09335046787512,0.580982865603227,0.0,0.0,0.0,0.208060538915459,0.0,0.0,0.0,0.0078932883523866,0.100586938184059,0.0,0.0,0.0,0.270011278466267,0.0,0.0,0.0,0.0021275367397298,0.0,0.0805371807300814,0.0,0.0,0.0,0.0,0.0017425522995001,1.2179752955623,0.0,0.309156761428693,0.0,0.0,0.745403596937504,0.14577503548476,0.425287320741803,0.0,0.0,0.0,0.0,0.696477024337844,0.0,0.0,0.0,0.0006537239887838,0.0533036561110832,0.132836068855089,0.0,0.0,0.0659247594267271,0.131054465552197,0.0,0.0,0.16764727272605,0.0,0.911087823375111,0.0,0.0,0.582767015838047,0.0,0.0,0.0,0.0,0.0582681757599232,0.433781096520681,0.299902683547817,3.37927793402738,0.103028877029264,0.547384348417127,0.0,0.0,0.0,0.0049765563483661,0.0,0.0265771610241509,0.0,0.0,0.0,0.0,0.0,0.129880838978019,7.54983584164353,0.232425298044863,0.0228577321233537,0.0,0.0,0.0,0.0,0.0,0.0,0.0011845569411991,0.0,0.0,0.0,0.0,0.0,0.0,0.0199967774774168,0.0,0.0066221468363155,0.0301492751015093,0.0,0.0182829939976181,0.0594864981634129,0.0,0.0,0.0,0.0,0.0,0.0,0.0,0.0068887063856514,0.0,0.0,0.0505234079354375,2.45418234208166,0.0,0.0043433809766285,0.0,0.0,0.0007176963002549,0.0,0.0016398480538561,0.0,0.0,0.0,0.0,0.0,0.0,0.0,0.0,0.0,0.0,0.0,0.0,0.0,0.104872768654553,0.0,0.0,0.0006250416227224,0.15074030988722,0.0,0.0124900603903826,4.4043994839157,0.148131649489296,0.0,0.0,0.0,0.0,0.0,0.0,0.0,0.0,0.0,0.0,0.0,0.0105247508169058,0.0093050490999742,0.0,0.0,0.0,0.0329319314137313,0.0,0.011053454983777,0.0,0.0,0.0545556227668342,0.0,0.0025999570386465,0.0,0.0,0.0061822307452213,0.0,0.0,0.0,0.0,0.0,0.142699823026518,0.0,0.0025312573447635,0.0,0.0,0.0,0.0,0.0071900571852326,0.0108854749028053,0.0431977561583389,0.0,0.0,0.0,0.0049715773099723,0.0,0.0,0.0,0.0006611209544558,0.0,0.0135994878857622,0.0047663345563601,0.0,0.0,0.0,0.0,0.0,0.0048520183409043,0.0018401244434436,0.0,0.0518151774087078,0.0,0.0,0.001097010747367,0.0,0.0,0.021352242923819,0.0,0.0,0.0,0.0039459158404202,0.0,0.0,0.0,0.0,0.0016979872406613,0.0,0.0,0.0,0.0550289106566851,0.0,0.0,0.0,0.000810437492041,0.0,0.0007095366318947,0.0,0.0,0.0,0.0,0.0,0.0612564277527428,0.0,0.0069304902961833,0.0,0.0,0.240124871635345,0.0136338934153224,0.0063763330099522,0.0,0.0,0.0,0.0,0.0295632528423441,0.0,0.0,0.0,0.0,0.025682845079522,0.0,0.0,0.0,0.0124683586155613,0.0228494711479883,0.0,0.0,0.0387391257933248,0.0,0.11658610338578,0.0007201638135881,0.0,0.0276259451204528,0.0,0.0,0.0,0.0,0.0,0.0790512521427925,0.0,0.105060354018153,0.0010389719748805,0.0096563515060518,0.0,0.0,0.0,0.0,0.0008402010587297,0.0,0.0,0.0,0.0,0.0,0.0,0.0344520143731051,0.0,0.0083900999083143,0.0118602198384299,0.0,0.0,0.0,0.0,0.0,0.0,0.0,0.0,0.0,0.0,0.0,0.0,0.0,0.0076888559882069,0.0,0.0021501357445016,0.0060616015192055,0.0,0.0057905179416012,0.0301386221970741,0.0,0.0,0.0,0.0,0.0,0.0,0.0,0.0019034867458767,0.0,0.0,0.0168486649241148,0.0736001653761916,0.0,0.0180856333095774,0.0,0.0,0.0,0.0,0.0,0.0,0.0,0.0,0.0,0.0,0.0,0.0,0.0,0.0,0.0,0.0,0.0,0.0,0.0358430264703246,0.0,0.0,0.0,0.0,0.0,0.0029308768883431,0.25899463239627,0.0080409425558799,0.0,0.0,0.0,0.0,0.0,0.0,0.0,0.0,0.0,0.0,0.0,0.0039160316686987,0.0019504086521931,0.0,0.0,0.0,0.0007070900566671,0.0
TU,0.0,0.0,0.0013847158000014,0.0,0.0,0.0,0.0,0.0,0.0,0.0,0.0,0.0,0.0,0.0,0.0200413506987034,0.0,0.0,0.0,0.0,0.0,0.0,0.0,0.0,0.802432554608995,0.0753407610447644,0.0,0.0155331429130215,0.0,0.0,0.0,0.0,0.0,0.0,0.0,0.0,0.0,0.0,0.0,0.0,0.0,0.0,0.0,0.0,0.0,0.0,0.0,0.0,0.0,0.0030436305893285,0.0,0.0,0.0,0.0,0.0,0.0,0.0,0.0,0.0,0.0,0.0,0.0,0.0,0.0023812156157143,0.0,0.0,0.0,0.0,0.0,0.0,0.0,0.0011132768039323,0.0,0.0,0.0416214986074223,0.878733334493337,0.0,0.269899128046951,0.0,0.0,0.0,0.0,0.0,0.0,0.0,0.0,0.0,0.0,0.0,0.0,0.0,0.0,0.0,0.0,0.0,0.0,0.0,1.17174147093208,0.0,0.0,0.0,0.0,0.0,0.0,0.0,0.0,0.0,0.0,0.0,0.0,0.0,0.0,0.0,0.0,0.0,0.0,0.0,0.0,0.0,0.0,0.0,0.0,0.0,0.0,0.0,0.0,0.0,0.491288887730054,0.0,0.0,0.0,0.0,0.0,0.0,0.0,0.0,0.0,0.0,0.0,0.0,0.0,0.0,0.0,0.0,0.0,0.0,0.0,0.0,0.0,0.0,0.0,0.0,0.0,0.0,0.0,0.0,0.001951370344968,0.0,0.0,0.0,0.0,0.0,0.0,0.0,0.0,0.0,0.0,0.0,0.0,0.0,0.0,0.0,0.0,0.0,0.0,0.0,0.0,0.0,0.0,0.0,0.0,0.0,0.0008360934092828,0.0,0.0,0.0,0.0,0.0,0.0,0.0,0.0,1.02274760789107,0.0,0.0,0.0,0.0,0.0,0.0,0.0,0.0,0.0,0.0,0.0,0.0,0.0,0.0,0.0,0.0,0.017029961184936,0.0,0.0,0.0,0.0,0.0012958600709204,0.0,0.0090157112198949,0.0,0.0,0.0,0.0,0.0006233599572495,0.0,0.0,0.0,0.0,0.0,0.0,0.0,0.0,0.0,0.0,0.0053519630159806,0.0104225211398284,0.0027121688218454,0.0024698834813813,0.0,0.0,0.0405220921271764,0.0,0.0,0.0,0.0,0.0,0.0005781302785576,0.0,0.0,0.0,0.0,0.0,0.0,0.0,0.0,0.0,0.0,0.0,0.0,0.0,0.0,0.0,0.0,0.0,0.0,0.0,0.0009773339826268,0.0,0.0,0.0,0.0,0.0007813918934086,0.0,0.0,0.0,0.0,0.0,0.0,0.0,0.0,0.0,0.0,0.0,0.0,0.0,0.0,0.0,0.0704278059401871,0.0,0.0098530919618534,0.0,0.0009547955627968,0.0,0.0,0.0,0.0,0.0,0.0,0.0,0.0,0.0,0.0,0.0,0.0,0.0,0.0,0.0,0.0,0.0,0.0,0.0,0.0,0.0,0.0,0.0107579264547985,0.0,0.0,0.0,0.0,0.0,0.0,0.0,0.0,0.0,0.0,0.0,0.0092900183815791,0.0,0.0,0.0,0.0,0.0,0.0,0.0,0.0,0.0,0.0,0.0,0.0,0.0,0.0,0.0,0.0,0.0,0.0,0.0,0.0,0.0,0.0,0.0,0.0,0.0,0.0,0.0,0.0,0.0,0.0,0.0,0.0,0.0,0.0,0.0404907940591302,0.0,0.0,0.0,0.0,0.0,0.0,0.0,0.0,0.0,0.0,0.0,0.0,0.0449455253498575,0.0,0.0,0.0,0.0,0.0,0.0,0.0,0.0,0.0,0.0,0.0,0.0,0.0,0.0,0.0,0.0,0.0,0.0,0.0,0.0,0.0,0.0,0.0,0.0,0.0,0.0,0.0,0.0,0.0748191680384413,0.0,0.0,0.0,0.0,0.0,0.0,0.0,0.0,0.0,0.0,0.0,0.0,0.0,0.0,0.0,0.0,0.0,0.0
V,0.0,0.0,0.0,0.0,0.0,0.0,0.0,0.0,0.0,0.0,0.0,0.0,0.0,0.0,0.0,0.0,0.0,0.0,0.0,0.0,0.0,0.0,0.0,0.0,0.0,0.0,0.0,0.0,0.572390088758344,0.0,0.0,0.0,0.0,0.0,0.0,0.0,0.0,0.0,0.0,0.0,0.0,0.0,0.0,0.0,0.0,0.0,0.0,0.0,0.0,0.0,0.0,0.0,0.0,0.0,0.0,0.0,0.0,0.0,0.0,0.0,0.0,0.0,0.0,0.0,0.0,0.0,0.0,0.0,0.0,0.0,0.0,0.0,0.0,0.0,0.0,0.0,0.0,0.0,0.0,0.0,0.0,0.0,0.0,0.0,0.0,0.0,0.0,0.0,0.0,0.0,0.0,0.0,0.0,0.0,0.0,0.0,0.0,0.0,0.0,0.0,0.0,0.0,0.0,0.0,0.0,0.0,0.0,0.0,0.0,0.0,0.0,0.0,0.0,0.0,0.0,1.00559380783192,0.0,0.0,4.06227169004558,0.0,0.0,0.0,0.0,0.0,0.0,0.0,0.0,0.0,0.0,0.0,0.0,0.0,0.0,0.0,0.0,0.0,0.0,0.0,0.0,0.0,0.0,0.0,0.0,0.0,0.0,0.0,0.0,0.0,0.0,0.0,0.0,0.0,0.0,0.0,0.0,0.0,0.0,0.0,0.0,0.0,0.0,0.0,0.0,0.0,0.0,0.0,0.0,0.0,0.0,0.0,0.0,0.0,0.0,0.0,0.0,0.0,0.0,0.0,0.0,0.0,0.0,0.0,0.0,0.0,0.0,0.0,0.0,0.0,0.0,0.0,0.0,0.0,0.0,0.0,0.0,0.0,0.0,0.0016230561851223,0.0,0.0,0.0,0.0144427957126427,0.0,0.0,0.0,0.0,0.0,0.0,0.0,0.0,0.0,0.0,0.0,0.0,0.0,0.0,0.0,0.0,0.0687452182598099,0.0,0.0,0.0,0.0,0.0,0.0,0.0,0.0,0.0,0.0,0.0,0.0,0.0,0.0,0.0,0.0,0.0,0.0,0.0407396987601535,0.0,0.0,0.0,0.0,0.0,0.0,0.0,0.0,0.0,1.35406517021626,0.0,0.0,0.0,0.0,0.0,0.0,0.0,0.0,0.0,0.0,0.0,0.0,0.0,0.0,0.0,0.0,0.0,0.0,0.0,0.0,0.0,0.0288594902297331,0.0,0.0,0.0,0.0,0.0276660613036515,0.0,0.0,0.0,0.0,0.0,0.0,0.0,0.0,0.0,0.0,0.0,0.373409728708442,0.0,0.317601844965605,0.0146380898656381,0.0,0.0,0.0,0.360780526471693,0.0,0.0,0.0,0.0,0.0,0.0,0.0,0.0,0.0,0.0,0.0,0.0,0.0,0.0,0.0,0.0,0.0,0.0,0.682100729907504,0.0,0.0,0.0,0.0,0.0457385443106649,0.0,0.0,0.0,0.0,0.0,0.0,0.0,0.0,0.0,2.46653374109386,0.0822016798584281,0.0,0.0,0.0,0.0,0.0,0.0,0.0,0.0,0.0,0.0,0.0,0.0,0.0,0.128684959456085,0.0,0.0,0.0,0.0,0.0,0.0,0.0,0.0192405173126546,0.0,0.0,0.0,0.0083641819505899,0.0,0.0,0.0,0.0,0.0,0.0,0.0,0.0,0.0,0.0,0.0,0.0,0.0,0.0,0.0,0.0,0.0,0.0,0.0,0.0,0.0548919412453538,0.0,0.219829849331791,0.0,0.0,0.0,0.0,0.0,0.0,0.0,0.0,0.0,0.0,0.0,0.0,0.0,0.0,0.0,0.0,0.0,0.0,0.0,0.0,0.0,0.0,0.0,0.0,0.0,0.284215233800495,0.0,0.0,0.0,0.0,0.0,0.0,0.0,0.0,0.0,0.0,0.0,0.0,0.0,0.0
VAL,0.0,0.865200702569781,0.0187638611408125,0.0,0.0,0.0,0.0,0.0,0.0,0.0,0.0,0.0,0.0,0.0006990250921131,0.0,0.0,0.0,0.139319641450539,0.0035494029665294,0.005865687166227,0.0,0.0,0.0,0.0,0.0,0.0,0.0,0.0,0.0,0.494201874216926,0.0,0.0,0.0,0.0,0.0,4.68975199171536,0.0,0.0,0.0,0.0,0.0053657267784403,0.0,0.0,0.0,0.0,0.0,0.0,0.0,0.0,0.0,0.0,0.0,0.0707984810818742,0.0,0.0,0.0,0.0,0.0,0.0,0.0,0.0,0.0,0.0024786090014247,0.0,0.0,0.0,0.0,0.0,0.0,0.0,0.0,0.0,0.0218236469285246,0.0,0.0,0.176839187290362,0.0,0.0,0.0,0.0,0.0,0.0,0.0,0.0,0.0,0.0,0.0,0.0,0.0130238479205556,0.0,0.0,0.0012437254016663,0.0,12.4890563931581,7.26161639909492,0.0,0.0,0.0013492263524938,0.0,0.0,0.0,0.0,0.0,0.0,0.0,0.0,0.0,0.0,0.0,0.0348667903966243,0.0,0.0057616360669763,0.0,0.0,0.0,0.0,0.0,0.0,0.0,0.0,0.0,0.0,0.0,0.0,0.0,0.0,0.0,0.0,0.174312503476263,0.0,0.0,0.0,0.124564113609169,0.0010564426890431,0.0,0.0058748260648929,0.0,0.0,0.0,0.0,0.0,0.0,0.802878307363321,0.0,0.0,0.0,0.0,0.0,0.0,0.0024091494979309,0.0110506429334998,0.0,0.0,0.511200807806453,0.361890548643325,0.133953950901945,0.238467072557254,0.0,0.0,0.0,0.0,0.0,0.0,0.0225595648571183,0.0,0.0,0.0,0.0,0.0,0.0,0.0,0.0,0.0,0.0,0.0,3.78958555829367,0.610367696910546,0.0,1.28488216872247,0.0,0.202097543278776,0.0,0.0,0.0,0.0,0.0,0.0,0.0,0.0,0.0,0.0,0.0,1.59083145274859,0.0,0.0,0.0,0.0258502773632578,0.0752387997944806,0.0,0.0243162494295478,0.0,0.0163656352879288,0.262121136154573,0.0,0.477070460415072,0.0,0.0,0.0,0.0,0.0,0.0,0.0,0.0,0.0,0.0,0.0,0.0,0.0,0.0,0.0032474818147941,0.0012569073197744,0.0,0.0,0.0,0.0,0.0,0.0,0.0,0.0,0.0005274580384578,0.0,0.0,0.0,0.0,0.0,0.0,0.0,0.0,0.0,0.0,0.0,0.0,0.0,0.0,0.0,0.0,0.0,0.0,0.0,0.0,0.0,0.0012365046826096,0.0,0.0,0.0,0.0,0.0,0.0,0.0,0.0,0.0,0.0,0.0,0.0,0.0,0.0,0.0,0.0,0.0,0.0,0.0,0.0,0.0,0.0,0.007167667094592,0.0,0.0,0.0,0.0,0.0,0.0,0.0,0.0,0.0,0.0,0.0,0.0,0.0,0.0,0.0,0.0,0.0,0.0,0.0,0.0,0.0,0.0,0.0,0.0,0.0,0.0,0.0,0.0022757567362514,0.0025473071079961,0.0,0.0,0.0,0.0,0.0,0.0007363350365233,0.0,0.0,0.0,0.0,0.0,0.0,0.0,0.0,0.0,0.0,0.0,0.0,0.0,0.0,0.0,0.0,0.0,0.0005477106374511,0.0,0.0,0.0,0.0010842217592919,0.0,0.0,0.0,0.0,0.0,0.0,0.0,0.0,0.0,0.0,0.0,0.0,0.0,0.0,0.0,0.000673958697664,0.0,0.0,0.0,0.0,0.0,0.0,0.0,0.0,0.0,0.0,0.0,0.0111777411739976,0.0,0.0,0.0,0.0,0.0,0.0,0.0,0.0,0.0,0.0,0.0,0.0,0.0095581818351232,0.0,0.0,0.0,0.0,0.0,0.0,0.0,0.0,0.0,0.0,0.0,0.0,0.0,0.0,0.0,0.0,0.0,0.0,0.0,0.0,0.0,0.0,0.0,0.0,0.0,0.0,0.0,0.0,0.0111231956930061,0.0,0.0,0.0,0.0,0.0,0.0,0.0,0.0,0.0,0.0,0.0,0.0,0.0,0.0,0.0,0.0
VCO,0.0,0.0039362068955734,0.0032146970570899,0.0,0.0,0.0,0.0086825172388424,0.0026242663129473,0.0052451515764359,0.0,0.0,0.0,0.0,0.0,0.0,0.0,0.001887565895042,0.0,0.0,0.0015230320405059,0.0,0.0,0.0,0.0,0.0017377604341453,0.0,0.0,0.0,0.0,0.0,0.0,0.0,0.0,0.000779185739412,0.0191031544550783,0.0,0.0,0.0,0.0,0.423276454763747,0.02568610049628,0.0,0.0,0.0,0.0,0.0034210290521541,0.0008034192002493,0.0077937227835832,0.0,0.0,0.256746457639634,0.0,0.0,0.0,0.0,0.0,0.0,0.0034372595248791,0.0,0.0,0.0026422785010508,0.0020711682162397,0.0,0.0,0.006006274330639,0.0,0.0,0.0,0.0,0.0360824538770194,0.0,0.0,0.0,0.0,0.0,0.0,0.0,0.0305977109528721,0.0,0.0,0.0,0.0,0.0,0.0,0.0158238640928358,0.0,0.0021559398361569,0.0015942845323642,0.0,0.0028370967360825,0.000527267840618,0.0020039883595445,0.0113040370454365,0.0024616836392094,0.000682706215567,0.0,0.0,0.0,0.0,0.0,0.0115202040658436,0.0156294743247582,0.0,0.0238372456077263,0.0005514700544108,0.0,0.0,0.0,0.0007881986811283,0.0,0.0006051224613884,0.0,0.0219069366599409,0.0,0.0018784273420746,0.0,0.0010872194727312,0.0,0.0,0.0,0.0,0.0,0.0,0.0558573207151,0.0,0.0453929422452706,0.0,0.0236909435646724,0.0018035936309496,0.0,0.0,0.0,0.0047537564904289,0.0,0.0,0.0,0.0011220698557022,0.332557564818279,0.0,0.0,0.0,0.0,0.0,0.0,0.0,0.0005649157040963,0.0,0.0,0.0,0.0,0.0,0.0,0.0,0.0,0.0014615109694148,0.0022659833380912,0.0,0.0,0.0011646009211721,0.0048099230857932,0.0,0.0,0.0,0.0,0.0,0.0071888782887891,1.24444441498113,0.0,0.0043894437311798,0.0036857512780111,0.0010822753835665,0.0,0.0,0.0,0.004795674213355,0.0,0.0034486624800393,0.0019010492450458,0.0,0.0016080884817942,0.0113347605230479,0.0,0.0010722072887914,0.0,0.0210920944907829,0.0015883092335082,0.0,0.0104401868301808,0.0,0.0054336196076318,0.0051781305110732,0.0,0.0,1.79663899501883,0.0929297078143224,0.010760543935731,0.0008928564842998,0.0,0.0,0.0010157454327035,0.0,0.0,0.0,0.0,0.0,0.0,0.0,0.0006681563639779,0.0,0.0013416684595604,0.0034862937315429,0.0184024566951658,0.0,0.0,0.0,0.0014578069762636,0.0044700431753744,0.001553932567442,0.0,0.0,0.0,0.0,0.0,0.0005337643636224,0.0,0.0017652809637328,0.0,0.0,0.0,0.0,0.0,0.0,0.0,0.001540480794862,0.0,0.0078350551687961,0.0,0.0,0.0,0.0,0.0,0.0,0.0028679407372488,0.0108932659471447,0.0019511845393192,0.0,0.0,0.0426058245914141,0.0391807112233163,0.120965902655941,0.0,0.0,0.0,0.0,0.0007812729010101,0.0039568540674113,0.0111567695054053,0.0011614214119817,0.001806964101726,0.0032195266915512,0.0,0.0,0.0,0.0,0.0,0.0033844881017253,0.0024001462502894,0.0,0.922013417868794,0.260614445468417,0.555353472732924,0.0,0.0,0.007470730650037,0.0,0.0,0.0049656955810166,0.0,0.0,0.0,0.0,0.0,0.0,0.0,0.0,0.0,0.0287748454777352,0.0,0.0021172646605303,0.0,0.0,0.0,0.0,0.0053659335468348,0.0074929834821335,0.0123492176423212,0.0030831251918934,0.0,0.0013971270294928,0.0,0.0005607303989813,0.0181032663821387,0.0005889968789567,0.0044789371567225,0.0,0.0,0.0,0.0266945562619896,0.0,0.0,0.0202669187073463,0.0,1.76468407060134,0.0018070632587756,0.0,0.0,0.0,0.0,0.0,0.0058824506466509,0.000784765371877,0.0402082344211837,0.0017284632427015,0.0006193515792719,0.0,0.0069080827527668,0.0137592223903521,0.0,0.0,0.0007814694551975,0.0,0.0030729063202502,0.0215647041705036,0.0,0.0350507710070436,0.0,0.0210482571747657,0.0049715828712753,0.0,0.0,0.0,0.022724524700338,0.0,0.0,0.0087298722072078,0.0026750354859155,0.525583409390647,0.0902695104456036,0.0,0.0285727077862513,0.0,0.0,0.0,0.0,0.0005478103676556,0.0,0.0,0.0,0.0,0.0,0.0,0.0,0.0011110193179838,0.0069592818167016,0.0088647704966872,0.0,0.0,0.0202139189791631,0.0009209446401397,0.0,0.0,0.0,0.0,0.0,0.0036804615028406,1.07627184643214,0.0,0.0,0.0,0.0,0.0,0.0048133964554157,0.017564462260164,0.0006394862594156,0.0,0.0018049467292367,0.0,0.0,0.0,0.010051745401711,0.0,0.0006284619021621,0.0,0.0,0.0006328348915775,0.0,0.0436817290676529,0.0,0.023178095605695,0.0021395184767368,0.0,0.0,0.133976193131514,0.0324310825130445,0.0017670196094388,0.0,0.0,0.0,0.0007366563469344,0.0,0.0008442082338704,0.0,0.0,0.0,0.0,0.0,0.0,0.0
VII,0.0,0.0,0.0,0.0,0.0,0.0,0.0,0.0,0.0,0.006981891591648,0.0,0.0,0.0,0.0,0.0,0.0090236451678549,0.0,0.0,0.0,0.0,0.0,0.0,0.0,0.0,0.0,0.0,0.0005876591021236,0.0007169422361141,0.0,0.0,0.0,0.0007931227767181,0.0,0.0,0.0,0.0,0.0112896374415641,0.0,0.0,0.0007257541423985,0.0,0.00100337462411,0.0,0.0,0.0024463233823161,0.0,0.0,0.0,0.0,0.0,0.0,0.0,0.0,0.0,0.0,0.0,0.0,0.0,0.0,0.0,0.0,0.0,0.0,0.0,0.0,0.0,0.0,0.899605614495255,0.0,0.0,0.0,0.0,0.0,0.0,0.0,0.0,0.0,0.0,0.0,0.0,0.0,0.0,0.0,0.0,0.0,0.0,0.0,0.0,0.0,0.0,0.0,0.0,0.0,0.0,0.0,0.0,0.0,0.0,0.0,0.0,0.108013281317098,0.0,0.0046033620225688,0.0,0.0,0.0,0.0007583923714312,0.0048377738023363,0.0692501641197137,0.0,0.0,0.0,0.0,0.0,0.0,0.0638901795373053,0.00053258130831,0.0,0.108530816449012,0.0,0.0,0.0,0.0,0.0027762938972065,0.0509694102056309,0.0,0.002828455676425,0.0,0.0,0.0,0.0,0.0,0.0,0.0,0.0,0.0,0.0,0.0,0.0,0.0011209089377741,0.0,0.0,0.0,0.0,0.0012737974402334,0.0,0.0,0.0,0.0,0.0007164631105213,0.0,0.0,0.0,0.0,0.0,0.0,0.0,0.0,0.023122548986892,0.001285529513329,0.0,0.0,0.0,0.0,0.0,0.0,0.0382622344565914,0.0010318143342776,0.0,0.0,0.0055767780359273,0.0,0.0,0.0,0.0,0.0,0.0,0.0,0.0,0.0,0.0,0.0,0.0,0.0742236670338191,0.0037670932791912,0.0,0.0,0.0,0.0,0.0,0.0,0.0467240417160896,0.0,0.001215420788642,1.16093082834517,0.0,0.0,0.0,0.0,0.0,0.0,0.0,0.0,0.0,0.0,0.0,0.0,0.0,0.0,0.0,0.0,0.0,0.0,0.0,0.0011249346763862,0.0,0.0,0.0,0.0,0.0,0.0,0.0,0.0,0.0,0.0161289458885025,0.0,0.0,0.0,0.0,0.0,0.0,0.0,0.0,0.0,0.0,0.0,0.0005732431550639,0.0,0.004904790045213,0.0,0.0,0.0,0.0,0.0,0.0,0.0039971979986556,0.0,0.0044306491363554,0.0033116303366891,0.0,0.0006114073510496,0.0,0.0,0.0,0.0,0.0,0.0,0.0,0.0,0.0,0.0,0.0,0.0,0.0,0.0,0.217147732550652,0.0,0.0,0.0,0.0020008839512601,0.0065340710152044,0.0,0.0,0.0,0.0,0.0,0.0,0.0,0.0400398223586866,0.0013956614088577,0.0,0.0,0.0,0.0026339643500027,0.0031420120857153,0.0,0.0,0.0,0.0,0.0,0.0,0.0,0.0054414215487335,0.0741702797949407,0.0,0.0,0.0,0.0013772121591777,0.0,0.0,0.0,0.0,0.0,0.0,0.0,0.0,0.0,0.105932923709239,0.0,0.128634768205774,0.0,0.0008158254551405,0.0070455224433542,0.0,0.0,0.0,0.0041341800159584,0.101209337400509,0.0,0.0,0.0,0.0,0.0,0.0,0.0815527426314615,0.0,0.0,0.0231289116878676,0.0044765661712231,0.0,0.0099193481092495,0.0,0.0065072620172769,0.0099449120031157,0.121192231869459,0.0032285357217462,0.0,0.0,0.0,0.0026933674463722,0.0026687337910623,0.0,0.0,0.0178927784632615,0.0,0.0,0.457360528011964,0.051658761209929,0.0027051666981009,0.0,0.0,0.0,0.0,0.0,0.0,0.0,0.0,0.0,0.0008449688728805,0.0,0.0215263339110713,0.0012733727638409,0.0,0.0,0.0,0.0013515226841759,0.0,0.11053939062958,0.0046577449753881,0.0,0.0005479084612947,0.0,0.0,0.0,0.0,0.0103499650320406,0.0007425536302212,0.0009588186009858,0.0026793941638486,0.0308784473914437,0.0,0.0,0.0,0.0,0.0,0.0,0.0,0.0,0.0,0.0,0.0,0.0,0.0183488983043138,0.012697926650056,0.0,0.0,0.0050740135003589,0.0,0.0,0.0,0.0,0.0008467215254581,0.0037191206201184,0.0,0.0,0.0,0.0,0.0,0.0,0.0,0.0,0.0013193657633455,0.0,0.0033493307034541,0.0,0.0013083062667729,0.0,0.0
VISC,0.0644127144489225,0.0629599307153998,0.0039418565487816,0.495635453466086,0.0,0.000564273463744,1.65399519919794,1.51659750854758,0.288671409036585,0.0,0.0008097705287591,0.0019995757246677,0.0,0.0014833033199953,0.130912643320823,0.0177643929626673,0.0,0.0542593630628937,0.066510155992496,0.175416235294984,0.0,0.585642272232079,0.287721875152733,0.130415483320529,0.0014432586611407,0.0,0.0,0.642298833350155,0.0023468897882356,0.0440134494466981,0.209630031157299,0.0017077297397862,0.0616824626329699,0.0210499294820671,0.0,6.41254429829895,0.0,0.0,0.016767177178886,0.0,0.0,0.0102617126557748,0.0,0.0465913063499975,0.0032818222343794,0.916244106516136,0.635980705471922,0.0176351597628182,0.226074176720117,0.102458616911712,0.0,0.0,0.190238695642895,0.147282928102755,0.277332086296774,0.0352936815252299,0.0025978564487112,1.06583640098233,0.0357081617677652,0.0,0.0,0.0037649431314041,0.0498849101497695,0.0660323983147221,0.0023968903609462,0.0,0.0,0.0061365684749137,0.260410206625588,0.0,0.001500738323124,0.0,0.0,0.0016692401691417,0.114780273421024,0.0411179669519756,0.0149290988129158,0.0,0.0,0.0007190898079299,0.0006810855097427,0.0012767368368705,0.0026029559382551,0.14456874327023,0.0006337318823614,0.0,0.134838606050015,0.0013414510041439,0.0210655672101803,0.0047358356747313,0.0,0.0,0.0050665079229298,1.79769284591858,2.04045621746303,0.0007304361947147,0.0025267158458457,0.0,0.366897653175858,0.0,0.0015675789493225,0.0046417758077256,0.0,0.0,0.0,0.0,0.0,0.0011862512241389,0.0086758992791002,0.309253326768412,0.0357622778295954,0.0498155860410676,0.0507151688216569,0.0098129526771675,0.0,0.232459932330606,0.0,0.0129455070104267,0.133996348555865,0.0068409693250765,0.278771354318541,0.1022217971764,0.0,0.043064205815922,0.0,0.0008293978317175,0.018499886783574,0.256011146969816,0.168943114361252,0.0,0.504199069793575,0.0234975491729313,0.0038850525803885,0.0062827915202755,0.0512976061471731,0.0,0.0,0.006985313104508,0.0227588688892461,0.0,0.0006938293841924,0.0017412496866994,0.0194809507131548,0.0011371182076598,0.0686342312214108,0.0,0.0,0.0,0.001165743933814,0.0221182843270018,0.0249265073225651,0.0054897100535241,0.0142881695346941,0.0055819143897793,0.0042310686944354,0.0007930913873114,0.0660462437937191,0.0,0.12290953501448,0.0029838972623275,0.0,0.29616583038379,0.0,0.0422454489909996,0.0113657300533949,0.126529181345557,0.0005842385435384,0.0396312721477705,0.0072152448802482,0.0381764215778821,0.0,0.0,0.0,0.0005199187849474,0.391586686702423,0.0356437317233355,1.45020453277963,0.65554519896272,0.0088604277365767,0.335623201919066,3.16953650915413,0.0020553794409082,0.0025357958708925,0.0054821343031922,0.0,0.727777029900161,0.162176487495023,0.0196299918819034,0.0,0.0562234796096003,0.005612888648012,0.0007965849593818,0.0370228338898778,0.0,0.0,3.20767720882984,0.0081508108946645,0.0032810667882292,0.0037320923234099,0.0236457287543709,0.0031460119831043,0.0052567708280918,0.0982992944591536,0.0,0.0879480107522533,0.0879990560964981,0.173881549755201,0.0333611408010064,0.0,0.0,0.0022723480728575,0.0,0.227827942863402,0.0,0.0,0.318271373088495,0.265015037406954,0.0168096310305147,0.0,0.0,0.0,0.0,0.0,0.0038558643971696,0.0,0.0,0.0020542401366111,0.0031658323274122,0.0045261041587999,0.0,0.0969525671160216,0.0017828486334236,0.0505523009727361,0.0,0.0,0.0,0.0846603435773318,0.0,0.0,0.0215981926818592,0.0005807869755554,0.0428282985120877,0.0,0.0,3.12616858682557,0.0,0.0,0.0,0.0,0.0,0.0008585879762492,0.0,0.0057145283095007,0.0010244999150303,0.0856359856685931,0.0706453040608574,0.0,0.0640578132093862,0.0406141153817507,0.0,0.0,0.0264365681130737,0.0526059132554088,0.0096287334322355,0.0,0.0090502975950897,0.216931596196784,0.0029230891839992,0.0,0.0,0.0,0.0037194310496292,0.0430091425436717,0.0009013627508743,0.0,0.0,0.0168239294049659,0.0100959053443799,0.0,0.0,0.0,0.0,0.0007848461056745,0.0021494087561626,0.0,0.0,0.0,0.0,0.0,0.0,0.0,0.0048767661768323,0.0952918804659245,0.0374962494799487,0.0027181720997886,0.0,0.0,0.0007202730570735,0.0,0.0,0.0,0.0,0.406240878311149,0.367333131277783,0.0,0.0,0.0,0.0090292122400416,0.0,0.0014998762676291,0.0,0.0,0.0,0.0,0.0,0.0,0.0,0.022776381583835,0.0148918371704801,0.0,0.0014642747756394,0.0306446165571453,0.0,0.0052852196516143,0.0529013996918798,0.0,0.0469285659677151,0.0154477289342595,0.0,0.0447704671517651,0.0291307631114449,0.0,0.014879918822645,0.0,0.0028875108119814,0.0061759261655795,0.0858632265961048,0.008047767495994,0.0,0.0199505175595343,0.0,0.0,0.0,0.0,0.0,0.0,0.0134410345580983,0.0011037051691388,0.0,0.0022031930429372,0.0022278444542371,0.0027325221168367,0.0006849250205005,0.0459387298796887,0.0,0.0,0.0,0.0,0.0191513193444316,0.0150387309748339,0.0,0.0,0.0,0.0,0.0,0.0,0.0,0.0025278611111608,0.0,0.0,0.0234995572326135,0.0,0.0319346088361963,0.0,0.0011586762183853,0.0010321774606126,0.0168985885761452,0.0026451501585711,0.0034881146451197,0.0006202600122736,0.010563343380152,0.0077794328853785,0.0048949330014103,0.0429594698545235,0.0018337702830519,0.34877346990759,0.113326413886322,0.0006318498411185,0.0341230736323209,0.546840481483932,0.0,0.0,0.0011623343622385,0.0,0.0471959509857924,0.0298994672784962,0.0,0.0,0.004073620249565,0.0,0.0,0.0019092537685021,0.0,0.0028564984278996,0.591090007402491,0.0014405094512891,0.0,0.0021772122839909,0.0041909911559054,0.0,0.0,0.0397800752228323,0.0,0.0,0.0014794684115949,0.107001631750914,0.0011340998756356,0.0
VISal,0.0013455448362185,1.57557103826426,0.239976613130287,0.0123103997158429,0.0070654878124078,0.0,0.0220277959840987,0.0,0.0225925263253774,0.0,0.0169188664688953,0.0112864094107329,0.0334108445145128,0.0053561064283618,0.0,2.46566464748139,0.0067793854326999,3.52574252738037,4.58588485475254,0.886325117915723,0.0901647248785086,0.0,0.0,0.0,0.0,0.0,0.0,0.0,0.0065529916580556,0.129242090001903,0.0231315806470729,0.0,0.0,0.0061024098454756,0.0046191008586697,10.9252153020419,0.0213275755371363,0.0120263116663899,0.0611119214236057,0.0050861701180359,0.0033685703990493,0.0,0.0,0.0060840347167315,0.0019727189857109,0.0,0.0,0.0,0.0,0.0,0.0030297497728596,0.0,0.0,0.0,0.142528963500255,0.005884862608498,0.0303979643656904,0.0,0.0,0.293587739628627,0.463414439471696,2.01515163939567,0.0090392113678579,0.0,0.0099838749798477,0.000824130254513,0.0077194721185804,0.0023233704405363,0.0,0.0008429134503215,1.44294999817696,0.71222457762905,0.504432148687918,0.0288858648589153,0.0193662542123847,3.07422614631351,0.0,0.0081496578093676,0.0015038742566943,0.0,0.0,0.0,0.0256822802814743,0.0219915341743544,0.0010177471638997,0.0033496821521636,0.004532855680345,0.286412258948677,0.327130753353038,0.528863650465484,0.0,0.0038231750407394,0.0297458649126525,0.533338744404944,1.76562135648972,0.0,0.0,0.0800691906107284,1.19423272605099,0.0,0.0103477962926533,0.0168320168383898,0.0050255086589291,0.0305356158344456,0.0022316494227057,0.0075898840496517,0.370015165540584,0.143189831340815,0.0017685634700443,0.261366734169222,0.0417916626146108,0.692571511370936,0.0440885763197761,0.0,0.0033043726072381,0.763505969776698,0.0360144425567905,0.004685589142022,0.0285785995975943,0.0239491048758222,0.0,0.162844325746184,0.085929203118592,0.489442671889536,0.0069033308153131,0.0037281922651593,0.0315214478039764,0.0645810100671519,0.0361485797016106,0.0,0.41343643417312,0.389547973774672,0.29168197718601,0.106125147524438,0.150522457497751,0.009813884921181,0.0330238261127607,0.0632149414071734,0.290505570369156,0.0134691576224251,0.0053639393187375,0.0,4.67914546123843,0.0,0.0016028851841969,0.0014751920554544,0.0,0.0,0.0007222307265253,0.0253433943902291,0.0078409901153495,0.0597811794947185,0.0057027488690706,0.452551946124173,1.48540720902422,0.445234612839624,0.739622463116118,0.0,5.61294445988951,0.735703107503444,0.0,0.0110260522557576,0.0133683485956181,0.0220486422069063,0.0030848385521432,0.500592357713721,0.010859340154534,0.0089491629014647,0.0170242534717964,0.082334688209997,0.0050976975155426,0.0007325850824501,0.0027666228803859,0.0022666546730911,1.66650483976475,0.131874992837803,0.0,0.0,0.477324097009912,0.201152235397787,2.20021688444905,0.002559652640989,0.0027307589321836,0.0034536885927256,0.000743169989981,2.62898470703108,0.0083732334662327,0.319702477905727,0.0,0.0133693207833178,0.0164008079218495,0.0,0.182466777310573,0.0068410740188931,0.0060064146013514,0.0420045940225872,6.60210837008383,2.43572464090464,4.97348161057566,9.66392731886176,0.182036404486901,1.73769145077843,0.0940946506511504,0.0,0.464718768399298,0.435735577967884,0.0139172531207377,0.0036514541045575,0.0,0.0,0.0117920210612031,0.0,0.0100926466472936,0.0006293586319164,0.0,0.0,0.0,0.0014326991686987,0.0008747078276997,0.0,0.0,0.0301100495332323,0.0011512309765544,0.0081895751208448,0.0,0.007341614047315,0.868678945766195,0.94043111697286,0.179283770034521,0.0,0.0,0.0,0.0,0.0084691294146039,0.0,0.0059286391514528,0.0,0.0035891204406563,0.0,0.0,0.0,0.0,0.0065880202833791,0.0069404255803702,0.881217185572613,0.0023826688376908,0.0126930004978048,0.0055326394564802,0.0107954471319254,0.0846345668200575,0.0,0.0009206551475925,0.0,0.0,0.0,0.0,0.0,0.0,0.0,0.0067282017045757,0.0007247610988074,0.0,0.0,0.0,0.0,0.0187201872002608,0.0016176196864763,0.0,0.002542655676822,0.0139348876244448,0.0054202348953206,0.0,0.0,0.0005635464236952,0.0011763358500118,0.0019970671383317,0.0048745751897574,0.0,0.0,0.0,0.0,0.0,0.0,0.0007891690121067,0.0,0.0,0.0033163729806761,0.0,0.0,0.0,0.0,0.0134258732662044,0.0,0.0116123100376752,0.0055862125584817,0.0181202866108941,0.0030615709983463,0.0,0.00211910503072,0.0015089014763241,0.0039946066350821,0.0309315883074379,0.0198536922726162,0.0283791094721521,0.0,0.0,0.0013373915819319,0.0194942071201216,0.0,0.0153923699654269,0.0166623305495629,0.0021361939029494,0.0042998891869858,0.0020599859546756,0.0050114990068184,0.0,0.0028631282708907,0.0132731793668509,0.0180448212579373,0.011911935153789,0.0282213934945188,0.0488387005784732,0.0,0.0029571539457391,0.057216045035021,0.0066084498577348,0.0028430348291453,0.0065544663805426,0.0053107902022991,0.0,0.0,0.1823385888627,0.0057404310309915,0.0022970606474966,0.0104781104437308,0.0031295952509419,0.0163438817666077,0.0014261319633632,0.0,0.0,0.0,0.0320414187218174,0.0,0.0083080175394061,0.0092938836675487,0.0217961425425001,0.0391253747138807,0.0125352134523292,0.0053242809013945,0.0082902943417546,0.0,0.864385302309811,0.0,0.0008192691482872,0.0013119565247739,0.0005337644966512,0.0,0.0008564535234838,0.0077829158833687,0.0023036174885365,0.0012615544550593,0.0,0.139616218963884,0.179022262184896,0.0525411326545819,0.0,0.0,0.0396254643994601,0.0,0.0,0.0,0.0116700013763023,0.0048322284473787,0.0,0.0022721825122699,0.0080877140589286,0.0035949752744667,0.0014224262356131,0.0,0.0050747517946535,0.0084063436943084,0.0231568419463784,0.0033096813296963,0.43944183614348,0.0364604717485167,0.0,0.0,0.144687913054596,0.0126629589188059,0.810037213399397,0.0,0.0029904291188556,0.0016653357530736,0.0005933542325822,0.30975711175982,0.0162261059146376,0.0038497599319338,0.0008387415055443,0.0199807306363109,0.0070895232319623,0.0,0.0,0.0143833818658132,0.0088208317457227,0.0,0.612595781814661,0.476703913693016,0.263486316496533,0.0,0.0,0.272762655603129,0.0,0.0,0.0,0.0,0.0006654175352913,0.0008751141623261,0.0008179906686797
VISam,0.0,2.49662896167301,0.742703540950245,0.0374365293749031,0.0760704652790732,0.0,0.0149234183553635,0.0048352598205662,0.018012941699789,0.0,0.121069017156652,0.099420226322708,0.0019972460998869,0.0022743346781091,0.0,0.735883506746405,0.0,0.482431110850316,0.303717633466087,0.14037424989465,0.190425543791574,0.0,0.0,0.0030166145375202,0.0070582386588951,0.0,0.0,0.0,0.0,0.200899028436532,0.0496929737465258,0.0,0.0171686589385635,0.0,0.0,7.41675496644248,0.0065871369269359,0.0,0.0041915051629216,0.0005199551820993,0.0768484106444666,0.0,0.0,0.0271874743296406,0.002495006615465,0.0278738539155032,0.127384214261715,0.181210855284011,0.0043796508240942,0.0,0.0,0.0,0.0030955515978369,0.0,0.0284414142946302,0.0,0.0064445147642608,0.0021312815233208,0.0,0.0022796043107464,0.0054689695019983,0.0291542155895433,0.0510407168878874,0.0,0.0022142375145788,0.0,0.0,0.0,0.0009196279275833,0.0,1.95258329519706,0.42676703080106,0.187677132799413,0.029063164820543,0.0013487966977849,1.96996920134315,0.0,0.0,0.0017464601484255,0.0,0.0,0.0,0.0079869493692007,0.118016004484192,0.0,0.0,0.0,0.024014145689163,0.0840324704889795,0.0488835802740451,0.0,0.0006630179202267,0.0,0.586286851461348,2.21241319117889,0.0,0.0,0.0219486205085184,0.297736735755655,0.0015041969378889,0.0012059330615583,0.0009735424211051,0.0021982731698937,0.0,0.0,0.0,0.182671527672682,0.051249178129736,0.0,0.308996751621615,0.176612168849438,1.10938487319312,0.0033325186351864,0.0,0.0,0.253636486386451,0.0181779273923454,0.0013690276888152,0.0035131859189572,0.0063146717078073,0.0066898109588266,0.0866201321914122,0.001716043179898,0.237325124643146,0.0008849747294859,0.0013168366284501,0.0119776086068403,0.0,0.313912290755341,0.0,0.304973701113565,0.0880319048895226,0.398924588727095,0.0150125473977434,0.0104260189428276,0.0614139983188845,0.0,0.0114321706689651,0.0452972564654413,0.0006674023551384,0.0014868483353073,0.0131624787768901,4.76286772577737,0.0,0.0035267486219926,0.0,0.0,0.0,0.0,0.0892106664089726,0.0417388656194073,0.0376217271538966,0.0022837162644412,2.4664718095931,2.97859238137083,1.43126196230559,0.904740966110211,0.0,2.17634344434202,0.711744227170969,0.0015150206938675,0.0011509576450879,0.000801005053037,0.0785729581862738,0.0008520275407333,0.247067901735395,0.0008042743309037,0.0042838556598887,0.0081520040513558,0.0391517389285751,0.0,0.0007802936105272,0.0011530807256341,0.0,1.51174346411151,0.410414711520128,0.0071498694211034,0.0152342719792286,0.865265458873064,0.193611429092677,0.527292813754114,0.0,0.0010884394694657,0.0,0.0,0.6298116410275,0.0,0.155347132728943,0.0,0.0079797046168874,0.0,0.0,0.30054981520266,0.0010746822749069,0.00058806247715,0.0145882441435207,1.08968119726562,4.14859667013402,1.16507431194751,4.97733065530226,0.271950505486311,2.69436248142579,0.158277554759506,0.0,0.398695233519283,0.159844172901434,0.003458158959618,0.0011868242021183,0.0,0.0,0.0876972191277736,0.0240922968598842,0.0008740255693273,0.0005753998159766,0.0,0.00387246422059,0.0029447419939754,0.0042877350463782,0.0,0.0293198131527843,0.0101958965134359,0.002703796808638,0.0012287582912284,0.0,0.0005912457214777,0.0,0.0764482194990125,0.0842244559990167,0.0401140004277587,0.0040335509483726,0.0,0.0,0.0,0.0005648224333499,0.0,0.0,0.0,0.0,0.0010360285465934,0.00661745000715,0.0,0.0036661245327921,0.0,0.0,0.45649830216534,0.0019280653516037,0.0009232441034474,0.0006139946416331,0.0005697020296329,0.0,0.0,0.0,0.0009135068227552,0.0,0.004300192019516,0.0426800304184223,0.0256024891261665,0.0,0.0,0.0,0.0,0.0,0.0,0.0,0.0,0.0080825246323521,0.0010439082558539,0.0,0.0,0.0008318451128418,0.0,0.0013525330237243,0.0,0.0,0.0,0.0,0.0011083532412475,0.0,0.0,0.0020031989314891,0.0,0.0,0.0,0.0,0.0006278397505871,0.0,0.0,0.0,0.0005395781545486,0.0,0.0,0.0051361278117951,0.0008854040458263,0.0134624109806734,0.0022226148156611,0.0011808496144967,0.0,0.0,0.0,0.0,0.0,0.0005673315832551,0.0537876876999472,0.116245312821066,0.0,0.0,0.0,0.0035981953861339,0.0,0.0015815920895091,0.0,0.0011226525944664,0.0,0.0,0.0,0.0,0.0009145200957822,0.0012416132994859,0.04858320203907,0.005651341131377,0.117927310573252,0.0023867065805542,0.0,0.0,0.0028451983417366,0.0028597809908105,0.0045738276004957,0.0010111748864196,0.0024345840105712,0.0010026554699584,0.0,0.0075233682330945,0.0007596614578402,0.0005211950288225,0.002505565610119,0.0014119817515105,0.0019741659766708,0.0087672122000602,0.0,0.0,0.0,0.0203064636604556,0.0,0.0,0.0069948090408362,0.0,0.0080603905558274,0.0,0.0008385386176356,0.0010549188051499,0.0025648052083715,0.435557666503673,0.0,0.0013470060113352,0.0,0.0,0.0,0.0,0.0311802294328763,0.0123769141287363,0.0,0.0,0.75299013483531,0.68277961365005,0.474901700103488,0.0010867661112193,0.0,0.0,0.0006528037778443,0.0,0.0,0.0008581478757449,0.019991672071591,0.0,0.0,0.0018625876287328,0.0,0.0,0.0,0.0019419759908344,0.0106342646879703,0.0113462389455269,0.0016711483818418,0.119264650491816,0.0393562538048285,0.0,0.0015563365893901,0.10371980306568,0.023759883721159,0.0650474513876131,0.0,0.0,0.0,0.0,0.161204133023552,0.0,0.0,0.0,0.0021202957658014,0.0,0.0,0.0032039304681552,0.0011053665242956,0.0010363773437666,0.0044232560729853,0.110027975654592,0.452749028472813,0.110494519197394,0.805939247624664,0.0339842026215697,0.285798870147869,0.0044373901170912,0.0,0.0,0.0,0.0,0.0,0.0
VISl,0.0,0.488505194658734,0.204783584991223,0.0367885077347479,0.0150710079948863,0.0015300601859181,0.0197301665317658,0.0389749626163925,0.02592397499602,0.0,0.003320427022102,0.0026322121594144,0.0,0.0,0.006541294106407,0.294696164214197,0.0,0.0,0.0233366636034521,0.220461010342438,0.0092124836190127,0.0764392202343792,0.0034343237520659,0.0016210978704927,0.0712167490731262,0.003302291607073,0.0378443950109399,0.0169522263176779,0.0,0.0193040971997684,0.0889291611614131,0.0,0.0,0.0,0.0,5.37803309735686,0.0,0.0,0.002230859788769,0.0,0.205503129196477,0.0,0.0,0.0139915426699628,0.0,0.353913748946521,0.935676227761284,0.532598141219774,0.0304623084861309,0.0022750543948171,0.0,0.0,0.0028451384084914,0.0022218833272391,0.0138908545071694,0.0,0.0,0.0105832080461972,0.0,0.0,0.0,0.0,0.0095286463770605,0.0,0.0,0.0,0.0,0.0,0.184646542690405,0.0,0.66049824214325,0.973337054981023,0.512845189457763,0.0063056012641531,0.0,1.85772309145906,0.0,0.0,0.0018119213313215,0.0213989177041479,0.0015171034068963,0.0,0.0,0.0009325460592703,0.0,0.0,0.0006797583170445,0.0313579252056463,0.0225508336561119,0.035687624431897,0.0024072882694213,0.0007233683448739,0.0038179401881396,0.0489454376541109,0.380312489878619,0.0,0.0,0.0809415194861234,0.0,0.0,0.0,0.0,0.0,0.0,0.0,0.0,0.265682976657273,0.0011893124045695,0.0,0.0626683644029448,0.0580585741577473,0.250694668759671,0.0005921390263346,0.0005882369879553,0.0012666306840531,0.0,0.10647378707683,0.0,0.0,0.0,0.0873013017924842,0.0,0.0029974384401269,0.0620240118540639,0.0,0.0,0.0,0.0127944634229877,0.0577914862985185,0.0,0.0155715477468118,0.0347990405746989,0.153451819713097,0.0289998245398641,0.0,0.0459612873619098,0.001393447692359,0.0,0.0,0.0,0.0,0.0027147106071083,0.856995763283259,0.0,0.0013687289275723,0.0,0.0,0.0,0.0,0.0025560468314666,0.0011263932553947,0.0,0.0,1.54815314175644,1.64761598358254,0.37303586155429,0.344559151567834,0.0,0.944050867106364,1.61029934635254,0.0024454797635803,0.0025799146251287,0.0,0.0,0.0,0.0756223189071858,0.0,0.0,0.0,0.0,0.0,0.0,0.0,0.0,0.34386533954722,0.0624006869105346,0.0056148288203579,0.0042435478765963,0.0993299397533234,0.0027302857841324,0.0,0.0,0.0,0.0,0.0,1.42174334179948,0.0,0.0034125036105945,0.0005257656191495,0.0062019889065173,0.0,0.0,0.0021078614669376,0.0,0.0,0.0186565907667858,0.990618548105962,0.787367974798231,4.5641384280591,10.1524063849315,1.27277404826906,1.21329530753018,0.0,0.0,0.0373500042358673,0.0641689566217936,0.0,0.0,0.0,0.0,0.0272537857741394,0.0138579941298326,0.0021735616018195,0.0,0.0,0.0030126740002981,0.0090153809980508,0.0022406067332115,0.0,0.0005498138885317,0.0,0.0010233876168827,0.0,0.0,0.0,0.0,0.0,0.0,0.040661579933118,0.0,0.005197822412972,0.0,0.0,0.0,0.0,0.0,0.0,0.0,0.0,0.0112990051365904,0.0,0.0,0.0,0.0010020419225222,0.69482727233472,0.0,0.0,0.0,0.0,0.0,0.0,0.0,0.0058368379095953,0.0,0.0755213139914211,0.17217279641446,0.04468262873249,0.0039034203572569,0.0,0.0,0.0,0.0,0.0,0.0009440423086877,0.0,0.0,0.0019792037760563,0.0,0.0,0.0,0.0,0.0031669638844617,0.0,0.0,0.0,0.0,0.0,0.0177813167758875,0.0,0.0,0.0,0.0,0.0,0.0,0.0,0.0,0.0,0.0,0.0017233338429855,0.0,0.0,0.0,0.0,0.0,0.0,0.0,0.0,0.0,0.0,0.0,0.0,0.0,0.0076785602232371,0.0418800954085711,0.0,0.0,0.0,0.0,0.0,0.0,0.0,0.0,0.0,0.0,0.0,0.0,0.0,0.0,0.0213481744365272,0.0022256757150077,0.0513122329203331,0.0,0.0,0.0,0.0,0.003493581667849,0.0,0.0,0.0,0.0144516092520938,0.0,0.0182757487948949,0.0,0.0,0.0,0.0,0.0016096869468024,0.006911121783781,0.0,0.0,0.0,0.0068475252189876,0.0,0.0,0.0,0.0,0.0,0.0,0.0,0.0,0.0,0.0653280454155271,0.0,0.0005826453717773,0.0,0.0,0.0,0.0,0.000959224665253,0.0,0.0,0.0,0.183072174136596,0.15639330810663,0.0190100728223051,0.0,0.0,0.0242753384800144,0.0250330559287878,0.0008486796738821,0.0,0.0,0.0006530695064063,0.0,0.0,0.0,0.0,0.0,0.0,0.0,0.0,0.0,0.0,0.0105509288510087,0.0028782338388852,0.0016763937490771,0.001865374299527,0.0,0.0020579667283565,0.0,0.0,0.0,0.0,0.0,0.378083550015556,0.0,0.0,0.0,0.0,0.0,0.0,0.0,0.0,0.0,0.0067546529961693,0.135281195404651,0.084458762115536,1.19556795814016,2.08394712215199,0.336225468351732,0.191095665134903,0.0,0.0,0.0,0.0,0.0,0.0,0.0
VISp,0.0,0.0494475830016864,0.0093553990471339,0.0,0.0007683950471512,0.0,0.0007921969340742,0.0,0.0,0.0,0.0,0.0,0.0023139589239584,0.0,0.0,0.169635917994505,0.0,0.0,0.0,0.0,0.0023295775598176,0.0,0.0,0.0,0.0130945650393446,0.0007791968791419,0.0079978815996044,0.0,0.0,0.0010863876985968,0.0,0.0,0.0,0.0,0.0005824778675566,0.245041179767515,0.0,0.0009157749466845,0.0,0.0,0.0299535492711913,0.0,0.0,0.0,0.0,0.0,0.0,0.0304409614287092,0.0,0.0,0.0,0.0,0.0,0.0,0.001905563974817,0.0,0.0,0.0008015041153012,0.0,0.0,0.0,0.0,0.0,0.0,0.0,0.0,0.0,0.0,0.0,0.0,0.226721298011053,0.320472710312497,0.170414482072631,0.0,0.0010202465461002,0.313051889536423,0.0,0.0007731997618269,0.0,0.0,0.0,0.0,0.0,0.0,0.0,0.0,0.0,0.0058736425312587,0.0037540016877031,0.0084207224437261,0.0,0.003708707041898,0.0035599744690875,0.0054540621980647,0.0313108445326472,0.0,0.0,0.0146364471814372,0.0,0.0,0.0,0.0013724893729031,0.0,0.0,0.0,0.0,0.0730613117825894,0.0,0.0,0.0,0.0,0.0,0.0047751559424514,0.0,0.0,0.0,0.0104345046179558,0.0,0.0,0.0,0.0,0.0,0.0046174827896575,0.0366319075035481,0.0,0.0,0.0,0.004539351406685,0.0,0.0,0.0135113103730155,0.0116695340172013,0.0349202368346304,0.0022077544755657,0.0,0.0338750212033643,0.0014760301295818,0.0,0.0,0.0,0.0,0.0019021108044745,0.332051953545523,0.0,0.000870813229016,0.0,0.0,0.0,0.0,0.0017104915926207,0.0007355850451141,0.0,0.0,0.0993204530519578,0.184495210839867,0.0351487214828867,0.134544838700735,0.0,0.0835143625204771,0.297221730428297,0.001525923657618,0.0,0.0011019091048404,0.0017973697368095,0.0,0.0284670798374648,0.0,0.0,0.0,0.0,0.0,0.0,0.0,0.0,0.0921190448703039,0.0044901818109048,0.0030861689056018,0.0011087521732236,0.0050747963804941,0.0015920182951406,0.005926305479743,0.0,0.0,0.0,0.0,0.0,0.0,0.0074327017101199,0.0010299150053068,0.0007988978004114,0.0011358718141543,0.0,0.0021237416470327,0.0009198963313463,0.0,0.0,0.176623318537044,0.059372242568832,0.371622637456271,3.74575149615595,0.156155852301779,0.157963560708512,0.0,0.0,0.0095900844868741,0.0163427120646514,0.0,0.0,0.0,0.0,0.0,0.0016239694414831,0.0,0.0,0.0,0.0,0.0,0.0,0.0,0.0,0.0,0.0009759527038617,0.0,0.0,0.0,0.0,0.0,0.0,0.0,0.0,0.0,0.0,0.0,0.0007067571035779,0.0,0.0006893083651896,0.0,0.0,0.0,0.0,0.0,0.0,0.0009312380253533,0.0012884028119267,0.0042571198122257,0.0,0.0007580861913242,0.0,0.0008675474834586,0.0122836422130122,0.0,0.0,0.0,0.0,0.0,0.0,0.0037853964987737,0.0,0.0,0.0,0.0,0.0,0.0,0.0,0.0,0.0,0.0,0.0,0.0,0.0,0.0,0.0,0.0,0.0,0.0,0.0,0.0,0.0,0.0,0.0,0.0,0.0,0.0,0.0,0.0,0.0,0.000718916844593,0.0,0.0,0.0,0.0,0.0,0.0,0.0,0.0,0.0022445916086438,0.0,0.0,0.0,0.0,0.0018909369394698,0.0045836140765815,0.0,0.0005521142312377,0.0,0.0,0.0,0.0,0.0,0.0,0.0034972548304532,0.0,0.0,0.0,0.0,0.0,0.0,0.0,0.0,0.0008630740523615,0.0,0.0047313672012199,0.0,0.0006171420792448,0.0,0.0025844773951721,0.0,0.0,0.0,0.0,0.0,0.0053060310995424,0.0,0.0,0.0,0.0,0.0027474520941722,0.0,0.0,0.0,0.0,0.0105265586807277,0.0,0.0,0.0021490482812474,0.0007912340288499,0.0,0.0,0.0,0.0,0.0,0.0197952358481073,0.0,0.0,0.0,0.0,0.0,0.0,0.0,0.0,0.0,0.0,0.022050201105918,0.0249259411282768,0.0106371604003083,0.0,0.0,0.0,0.0,0.0,0.0,0.0,0.0,0.0,0.0,0.0,0.0,0.0,0.0,0.0,0.0,0.0,0.0,0.0013428647011566,0.0,0.0008799376139832,0.0,0.0,0.0,0.0,0.0,0.0,0.0,0.0,0.0,0.0,0.0,0.0,0.0034457039034359,0.0,0.0,0.0,0.0008618203888105,0.0,0.0,0.0086192654930566,0.004043033060753,0.0313050543114513,0.253203261996007,0.0117048552320798,0.0163498014085278,0.0,0.0,0.0,0.0,0.0,0.0,0.0
VISpl,0.0,0.0,0.0,0.0,0.0,0.0,0.0065273316436983,0.0026194215132636,0.0116290037037126,0.0,0.0,0.0,0.0407016182525129,0.0,0.0039162573815535,0.0,0.0055668558421091,0.258914172838192,0.435614894236158,0.0226812628168159,0.0,0.0211648783671772,0.0,0.0,0.0495341870938701,0.0,0.0135537653609817,0.0,0.0,0.0,0.0,0.0,0.0,0.006801428234832,0.0161969291319917,0.0,0.0,0.0,0.0050619611887369,0.0020239781834765,0.0996520714138772,0.0,0.0,0.0020882582117067,0.0,0.0551643425243177,0.221950432235909,0.111075634353464,0.0,0.0,0.0039607174612779,0.0,0.0,0.0,0.0026273517819358,0.0020638671578593,0.0009808570826893,0.0108561822691527,0.0,0.0030970071663717,0.0070763775890748,0.030537521038672,0.0006519142861257,0.0,0.0097289627022679,0.0,0.0099118694184829,0.0107132100554244,0.0,0.0,0.0,0.0,0.0,0.0,0.0203729010409388,0.0,0.0,0.0393617252557009,0.0008977156236835,0.0,0.0,0.0,0.0005180096906235,0.0,0.0278164270423293,0.0007281698889669,0.0058811163744892,0.0,0.0,0.0,0.0009273378601891,0.0,0.0302356757789789,0.0,0.0,0.0,0.0,0.0444375674022469,0.0329194613325963,0.0,0.0,0.018790458032889,0.0,0.002250184352458,0.0,0.0075658647889418,0.0,0.0061814634184858,0.0,0.0,0.0,0.0,0.0667448452303501,0.0,0.0143351298009097,0.0,0.0041508135191778,0.0036841398484018,0.0027841539368662,0.0,0.0380895923179791,0.0,0.006136605516768,0.0,0.0,0.0072987373112911,0.0,0.0544452387705664,0.0,0.0,0.0,0.0,0.0,0.0,0.0038707704284559,0.0,0.022687731551268,0.0,0.0,0.0,0.0010124059898224,0.0,0.0,0.0,0.0,0.0,0.0,0.0,0.0016088817358617,0.0,0.0,0.0,0.0,0.0,0.0,0.0,0.0,0.0,0.0,0.0,0.0032131738901385,0.0,0.0055866985372446,0.0,0.0,0.0,0.015761958691368,0.0,0.0,0.0,0.0018244890848897,0.0005706490398236,0.0,0.0,0.0,0.0,0.0059292821170087,0.0094724376925107,0.0,0.0147810401802438,0.290624840323357,0.0,0.0066330505066783,0.0,0.0,0.0,0.0095060076570287,0.0,0.0,0.0449610147422215,0.0563537109112986,0.0,0.0,0.0206496377201111,0.0175405084507341,0.0429377060376609,0.0,0.0,0.0,0.0,3.13955638898467,0.0,0.0,0.0,0.0,0.0,0.0,0.0,0.0,0.0030672879454586,0.0034618464990233,0.0304693965411135,0.0,0.0011342771399485,0.0,0.0031440241072336,0.0025668813508965,0.0022315923545082,0.0,0.0,0.0,0.0050054767021918,0.0,0.0113707436333171,0.0,0.0075138296352253,0.0388373549760938,0.0560599733455716,0.0,0.0,0.0022656240240643,0.0,0.0,0.0234156000196443,0.0,0.015851360546152,0.0,0.0,0.0,0.0,0.0,0.0,0.0120290666294349,0.0010157326750232,0.0,0.0,0.0007859310919457,0.0,0.005630036153207,0.223118517160575,0.0,0.0,0.0020724190984018,0.0,0.0038252833471541,0.0087531030140586,0.0196399262544625,0.0,0.0012377090981679,0.0064610509014559,0.0,0.0,0.0,0.0,0.0,0.0182755655717728,0.0018952391572206,0.0,0.0,0.0,0.0,0.0,0.0,0.0214381473013613,0.0,0.0051309108586411,0.0,0.0,0.0,0.0,0.0,0.0,0.0,0.0022756907434235,0.0,0.0,0.0176735630051311,0.0005790474616774,0.0099333395390098,0.0,0.0,0.0012450009995191,0.0,0.0042266316860976,0.0020354671571745,0.0211631402991051,0.0051562797971359,0.0,0.0,0.0,0.0056462346495393,0.106055737798839,0.0012552810635741,0.0061974517812623,0.0,0.0,0.0005391156223461,0.0,0.0,0.0,0.0452757183593159,0.0,0.0,0.0082018224497065,0.0016086012631636,0.0,0.0015835647648875,0.0,0.0,0.0260112114019382,0.0,0.106716016653516,0.0,0.0,0.0,0.0,0.0093283954174209,0.0023515888181118,0.0,0.0,0.0,0.0,0.0045911535565803,0.0,0.0042225611138854,0.0,0.0147222882459192,0.0,0.0,0.0,0.0,0.0760804820650591,0.0,0.0,0.0154164833181916,0.0105597497995369,0.0,0.0,0.0,0.0,0.0,0.0,0.0,0.0,0.0,0.0,0.0,0.0008950870233051,0.0,0.0,0.0,0.0,0.0143888677497022,0.0,0.0490531690502397,0.0,0.0,0.0025265130248271,0.0122160926889242,0.0010858701680918,0.0,0.0027437951544413,0.0,0.0,0.0027786776027526,0.003931552095437,0.0,0.0,0.0,0.0017014938329171,0.0,0.0,0.0,0.029157852953662,0.0015815532615258,0.00135052645882,0.0,0.0034762472649925,0.0,0.0373293030532454,0.0,0.0024241715271983,0.0,0.0,0.0,0.0033655795624503,0.0,0.0,0.105661753704201,0.0182177289003229,0.0,0.0,0.0179204374752972,0.00264395218274,0.0,0.0,0.0440288996870253,0.0,0.0,0.197644516157249,0.0,0.0,0.0,0.0,0.0,0.0,0.0,0.0
VISpm,0.0,0.616771587427077,0.476128512738452,0.0,0.0829720784068584,0.0,0.0035485853156034,0.0,0.0015256510737211,0.0,0.208706803494692,0.0985358462519296,0.0,0.0046449719349225,0.0071522302579003,0.620776401580111,0.0,0.0,0.0,0.0086404071689855,0.290547460814713,0.0015456702721061,0.0,0.0109904952187788,0.0105916487923338,0.0016442229778147,0.0900883693656092,0.0,0.0,0.12516477634108,0.0,0.0,0.0071171810110654,0.0,0.0013440448687993,3.39017873372714,0.0,0.0,0.0,0.0,0.602743658878979,0.0,0.0,0.0069451842392923,0.0,0.0357323815337916,0.0916943588030094,0.157042496799932,0.0,0.0,0.0,0.0,0.0,0.0,0.0035867098028979,0.0091822734814634,0.0,0.0042457828499305,0.0,0.0,0.0,0.0,0.0343748950713351,0.0007411599390946,0.0,0.0,0.0089004665872056,0.0,0.0,0.0,4.10508332889235,0.729114446403499,0.546735046223463,0.0510500609972974,0.00441379179017,2.78921819274718,0.0,0.0,0.0015272317330022,0.0080321446581813,0.0,0.0,0.0,0.0451461266029126,0.0,0.0,0.0012787866676547,0.012183598169412,0.0166364261211735,0.0243327754003637,0.0007701624635025,0.0,0.016698598716851,0.0984962802115339,0.299217163493038,0.0,0.0,0.12929351444241,0.0,0.0011310290499595,0.0,0.0042314116411932,0.0,0.0,0.0,0.0,0.193195997837738,0.0224372057252529,0.0,0.0,0.122250709538003,0.742772302536133,0.0112806192817567,0.0,0.0012695018887287,0.0,0.0020329042276043,0.0,0.0,0.0,0.0031140501712641,0.0,0.0,0.145403800405582,0.0,0.0,0.0,0.0093972531065666,0.0644327811013273,0.0,0.0,0.0578887616659272,0.0954456131420814,0.0153649354695683,0.0,0.0138951280713691,0.0,0.0,0.0,0.0,0.0,0.0367712791388472,0.615427654177873,0.0,0.0059385695002504,0.0,0.0,0.0,0.0,0.0653289359444911,0.0255124241013745,0.0,0.0,3.80903661470353,5.23477439270848,2.99511965443535,1.18553020985415,0.0,0.973489886875184,0.915781391401034,0.002008986859353,0.0,0.0,0.0013790453096159,0.0,0.101816206018095,0.0,0.0,0.0016471161926867,0.0051778846047872,0.0,0.0,0.0,0.0,0.0510318337871764,0.0713824662821473,0.0066951068628332,0.0076423950103544,0.0466121564956228,0.0110137459109016,0.0,0.0151890219401888,0.0,0.0,0.0,0.181528455215548,0.0,0.0511073452194278,0.0,0.008291310125995,0.0046525613932791,0.0,0.0906707769979156,0.0,0.0,0.0,0.601913341313039,1.39558312683356,1.4299725593083,8.15634117999451,0.580739885686537,5.4681267668232,0.0306802303875853,0.0,0.247834531048574,0.0539087423091501,0.0132884372575934,0.0025047683984222,0.0,0.0,0.0,0.0223926568141552,0.0,0.0,0.0,0.0,0.000586170636393,0.0,0.0,0.02748377959733,0.0104978252095441,0.0,0.0,0.0,0.0,0.0,0.0029104396651049,0.0022827004076342,0.0033704237037416,0.0,0.0,0.0,0.0,0.0006878836024109,0.0,0.0033398841437999,0.0,0.0,0.0006463222621056,0.0,0.0,0.0030793425031693,0.0,0.0011521123903373,0.011583007922747,0.0,0.0,0.0,0.0,0.0460905690403938,0.0,0.0,0.0044189996141329,0.0,0.0116987297567663,0.0253774085914189,0.0482650688890805,0.0,0.0,0.0,0.0,0.0,0.0,0.0,0.0,0.0,0.0,0.0,0.0,0.0,0.0,0.0013196943553878,0.0,0.0,0.0,0.0005381635064886,0.0,0.0,0.0,0.0011452792329557,0.0009591218760017,0.0,0.0,0.0,0.0,0.0,0.0,0.0,0.0,0.0,0.0,0.0,0.0,0.0,0.0,0.002365643641954,0.0,0.0,0.0,0.0,0.0,0.0124869830665475,0.0,0.0035628605684713,0.0,0.0,0.0,0.0,0.0,0.0,0.0084093444622245,0.0,0.0,0.0,0.0,0.0,0.0,0.0,0.0,0.0016522896554874,0.0095870381818582,0.0044499390640323,0.0,0.0007783947367009,0.0,0.0014749889521566,0.0,0.0,0.0,0.0006013477842627,0.0,0.0,0.0012620574572412,0.0,0.0,0.0,0.0023824779729874,0.0017374323948696,0.0,0.0,0.0,0.0239837188971383,0.0,0.0,0.0,0.0,0.0,0.0,0.0,0.0,0.0045550395036312,0.029865220368947,0.0,0.0008312990424054,0.0,0.0,0.0,0.0,0.0090860345247704,0.0061975217989862,0.0,0.0,0.517924181823219,1.1636880488486,0.614215344673157,0.0021234339070703,0.0,0.0170465838549393,0.0023714587758568,0.0,0.0,0.0,0.001718656963797,0.0,0.0,0.0,0.0,0.0,0.0,0.0,0.0,0.0,0.0,0.0074988737320134,0.0,0.0,0.0,0.0,0.0024605089869532,0.0,0.0,0.0,0.0,0.0,0.0693020869105813,0.0,0.0,0.0,0.0101244471168507,0.0014494505611749,0.0,0.0,0.0,0.0,0.0,0.0398192973634749,0.184824545566659,0.0903090729373723,0.815656084469451,0.0742908141208119,0.594666166089049,0.0066243786107498,0.0,0.0,0.0,0.0,0.0,0.0
VM,0.0006854984099908,0.193172127407952,0.0166876066360688,0.0012571935210503,0.0,0.0030184265394809,0.792790550894426,0.0187588878922266,0.0699028070173589,0.0,0.0,0.0012205346539058,0.0015454110882676,0.0169732279727932,0.000874073322053,0.0732686340085296,0.0,0.00469991962804,0.0008919467186883,0.0011647957466262,0.0,0.00084354511366,0.0006605815153478,0.0084673079613534,0.0,0.0,0.0,0.0041555483813555,0.0006285482147865,0.0174710031045405,0.0157217756736256,0.0,0.0234956730775335,0.0013747374196933,0.0,2.46994031533014,0.0081824162900708,0.0012331982395234,0.0062574643442808,0.0008178762290909,0.0067722606557406,0.0009792021846559,0.0,0.004582270391292,0.0021363244336462,0.005557064918922,0.0,0.0,0.0011591532586535,0.0,0.0,0.0,0.234588750473041,0.0020156471938287,0.122878239346083,0.0,0.0471468647100376,0.136336495325713,0.0,0.0,0.0,0.0007375004748333,0.0267068719960646,0.0054008860987296,0.014351800416821,0.0,0.0010429208308979,0.0138661482933402,0.0,0.0,0.0,0.0015891975018332,0.0012931493958165,0.0089224182002981,0.0622731796436898,0.004727761031141,0.0046754172643625,0.0022873100647519,0.0,0.0017846165710345,0.0,0.0006815648118838,0.0404673903415599,0.0799193867926437,0.002885547296003,0.0037013344427077,0.0,0.0012011400930367,0.002272878420765,0.0,0.0,0.0005507345737755,0.0367040296241779,1.51100608982851,2.56474658312913,0.0,0.0013141313770782,0.0,0.609806873680561,0.0,0.0020252573503036,0.0038707472748303,0.0016069428506518,0.0,0.0,0.0009440699576679,0.0013427038989609,0.0238498364767832,0.0017032114141944,0.343866019303667,0.0351701465250465,0.0597183074231742,0.0128553817403562,0.0,0.0,0.246915811862432,0.0,0.0182249506828516,0.0208791432303917,0.0100447273322734,0.0,0.0376273861145828,0.0045983627756475,0.0032556329963726,0.0006647703158721,0.0113154027105824,0.047894918091411,0.0211016243782329,0.303966430052422,0.0,0.0250693598797104,0.0032403714305042,0.0,0.0,0.0444900504544944,0.0,0.0056983150457583,0.147540590477534,0.318544343927856,0.0,0.0,0.0,0.0021363231547094,0.0,0.0035485332366597,0.0,0.0,0.0,0.0,0.009165321892413,0.0024326828598166,0.16609409022684,0.0196166277209952,0.0,0.0,0.0,0.471021490421952,0.0,0.207820879302714,0.0030888533468364,0.0,0.0264779097866353,0.0010465562103821,0.138893344044427,0.0073382715820206,0.0098833285035264,0.0008874294235541,0.0084210373731478,0.0067532064045365,0.0266732620207648,0.0,0.0,0.0,0.000676415720949,0.083900678827601,0.0431104716171495,0.332920348483956,0.0753738980709906,0.0014160446700476,0.147521762266053,0.350358832055993,0.0,0.002320647794434,0.0044486895737532,0.0,0.0136044760971786,0.0,0.0841604808605201,0.0,0.0163032084297028,0.002723082460663,0.0015950692111944,0.237430433163088,0.0008488027751106,0.0018734598451143,0.0704490636596056,0.0012429636614563,0.0,0.0,0.0,0.0,0.0,2.13707002334885,0.0007140464236841,0.0526329292451434,0.0314963154208607,0.0879776998438259,0.0346639664823802,0.0,0.0,0.0006262411476909,0.0015970648744209,0.0,0.0,0.0,0.0076057352025898,0.0,0.001524262854051,0.0,0.0,0.0,0.002981999846501,0.0,0.0,0.0055335047759639,0.0,0.0,0.0,0.0,0.0,0.0,0.0,0.0,0.0,0.0,0.0,0.0,0.0,0.001143758789498,0.0,0.0,0.0087712068071337,0.0,0.0,0.0,0.0,0.0013930723007391,0.0014862550437932,0.0019998902692583,0.0262023460292495,0.0,0.0005146191267082,0.0012127167043623,0.000517823785639,0.0,0.0,0.0041615230647435,0.0,0.0,0.0,0.0011655704654402,0.0016792642568938,0.0,0.0,0.0,0.0038252003062939,0.0028430384052194,0.0,0.0,0.0,0.0,0.0,0.0021236029465618,0.0,0.0007920531960076,0.0005549796875005,0.0026035133386893,0.0,0.0,0.0,0.0,0.0,0.0011605107703531,0.0027666760744619,0.0005482272343827,0.0,0.0,0.0,0.0,0.0,0.0,0.0008308547596088,0.0072789482217063,0.0,0.0,0.0016094381998552,0.0,0.0,0.0,0.0,0.0,0.0111721025444481,0.0090501004681989,0.0182502629415475,0.0,0.0,0.0,0.0375634647646077,0.0,0.0,0.0,0.0,0.0,0.0,0.0006080500449307,0.0,0.0019470284367639,0.0,0.0010737148040989,0.0,0.0005211188537043,0.000844940443448,0.0,0.0,0.0274183952484836,0.0038797806802538,0.0020745663619511,0.0008438742110415,0.0,0.0,0.0020365529520055,0.0065160631306672,0.0006196302486708,0.0,0.0,0.0073590582722224,0.0064011846999162,0.0,0.0,0.0010409543498805,0.0,0.0086476168436121,0.0,0.0015385454312845,0.0020565787483743,0.0027427151878912,0.0044341394280892,0.0045945238788574,0.0,0.0,0.0,0.0,0.0,0.0009831979137758,0.0,0.0,0.0,0.0,0.0078285561406589,0.0024201609048075,0.0077312747846677,0.0006689723480502,0.0,0.0,0.0,0.0,0.0,0.0226137721200773,0.0,0.0,0.0,0.0,0.0034132100056264,0.0,0.0005375110751942,0.0,0.0010889088859757,0.0,0.0007127571578853,0.0,0.0,0.0,0.0,0.0,0.0,0.000629782568089,0.0,0.0,0.0,0.0025514843982414,0.0,0.0007824863770337,0.0,0.0,0.0,0.0,0.001779877719974,0.0,0.0113508593650745,0.0010345287556649,0.0,0.0011795653577679,0.0,0.0,0.0013770073625204,0.0,0.0,0.0,0.0,0.0,0.0,0.0060362426647412,0.0,0.0,0.0,0.001528690538636,0.0026527095828563,0.0
VMH,0.0,0.0,0.0,0.0,0.0,0.651241900690041,0.0,0.0,0.0012326362121732,0.0,0.0,0.0,0.003213454150075,0.0,0.0,0.0843535345964242,0.0676127172982611,0.0,0.0,0.0,0.0,0.0305709050382796,0.0240866843976337,0.119312150787282,0.0,0.0,0.0,0.0555476272525575,0.0,0.0011786661859293,0.0,0.0,0.0,0.0075099473973751,0.0246955452596337,0.0,0.0,0.0011161113367582,0.0093796215356578,0.0,0.0009710373403664,0.164974968768409,0.0,0.0,0.0,0.0016285364073449,0.0,0.0,0.0,0.0,0.0,0.0,0.0,0.0010739787693742,0.0043678534821899,0.029149590388265,0.0,0.0009556871732249,0.0,0.0005528943444957,0.0,0.0006943467899728,0.0,0.0033568076021646,0.0008763496476185,0.0,0.0,0.0,0.0596555331509613,0.0,0.006109426201422,0.0190717203429474,0.01979501350274,0.0,0.298912686734763,0.104566060866309,0.0,0.0011493642961034,0.0,0.0,0.0,0.0,0.0,0.0,0.0,0.0,0.0,0.0123210636382255,0.0215360076970362,0.0277737487527029,0.0,0.0,0.0,0.0,0.0,0.0642019034087047,0.0742608656624763,0.0,0.200003117031314,0.0,0.0,0.0,0.0,0.0,0.0,0.0,0.000859373835942,0.0799163816650719,0.0,0.0,0.0,0.0,0.0,0.0,0.02533076061804,0.95692474171551,0.0,0.0,0.0009735450484502,0.0,0.0,0.0099070347434406,0.0017442837595121,0.0,0.0,0.0010472023144775,0.0641689525518213,0.0,0.0,0.0247276456018102,0.0038023429964064,0.0278207327823964,0.0,0.0068572758570658,0.0,0.0,0.0028059778886906,0.0,0.0,0.0,0.0,0.0,0.0,0.0694577348289716,0.0098865515566492,0.0014563345112237,0.0145506188332335,0.0,0.194966508304007,0.0018089073542301,0.0,0.0,0.0,0.0,0.0,0.0,0.0248709305090266,0.11208945947603,0.406268350626612,0.0050041573192088,0.0,0.0586536513779402,0.0007197226596391,0.0,0.0,0.0032627707112852,0.0,0.0515390040470055,0.0172338966735688,0.0073338689311706,0.0,0.00108082462082,0.0,0.0,0.0008642442509185,0.0,0.0025226011989378,0.0012272171400938,0.0,0.0,0.0045817569285295,0.0021102522892223,0.0,0.0,0.0,0.0,0.0,0.0,0.0,0.0,0.273801310886226,0.0,0.0,0.0016391827633714,0.0024192274107767,0.0007738525236995,0.0,0.0,0.0,0.0,0.0,0.0,0.0014421946638754,1.39961244843912,0.0072828366054452,0.0072936575893457,0.0105096408018439,0.0,0.0,0.0,0.0,0.0,0.0,0.0,0.0673465108148522,0.0,0.0,0.0,0.0,0.0,0.0,0.0,0.0,0.0,0.0094387440836164,0.0067871418413565,0.0,0.0,0.0,0.0,0.0006344294835925,0.0023454068249034,0.0048906775707005,0.0,0.0,0.0,0.0110334031743935,0.0,0.0,0.0,0.0,0.0,0.0014866568020508,0.0,0.0,0.0,0.0009296677239464,0.0006715920794594,0.0008154533415559,0.0192358486698985,0.0019895869548776,0.0,0.0,0.0,0.0,0.0,0.0,0.0,0.0,0.0,0.0,0.0,0.0,0.0010703975526651,0.0,0.0010307079576162,0.0,0.0,0.0,0.0009556140629075,0.0,0.0,0.0,0.0022339519051129,0.0,0.0,0.0,0.0127292926428911,0.0,0.0,0.0033514228413047,0.0052094065632596,0.0,0.0193985957914641,0.0167067424316808,0.0,0.0020100610679565,0.0,0.0,0.0,0.0,0.0,0.0,0.0007533596089577,0.0,0.0107394778067664,0.0024336104013262,0.0064819088664221,0.0041867440688024,0.0,0.0,0.004378550472478,0.0,0.0005672308291578,0.0021152750616269,0.0040476647718886,0.0,0.0220055208865683,0.0,0.0,0.0,0.0,0.0,0.0005639737423363,0.0,0.0,0.0238060629580403,0.0,0.0,0.0,0.0,0.0050377831536694,0.0,0.0,0.202626386563464,0.0,0.0,0.0,0.0,0.0,0.0,0.0039024696931904,0.0,0.0,0.0,0.0,0.0,0.0,0.0,0.0010092977277611,0.0055252810897043,0.0006933951975968,0.0030067111193578,0.0,0.0,0.0005439593547563,0.0,0.0,0.0,0.0,0.0,0.0,0.0,0.0,0.0,0.0023101647738514,0.0,0.0867407988771226,0.0,0.0,0.0,0.0,0.0,0.0,0.0,0.0,0.0008873973564017,0.14954937360453,0.0017998530348513,0.0,0.0209722059730453,0.0,0.0,0.0,0.0,0.0011570641994569,0.0,0.0,0.0,0.0,0.0,0.0,0.0,0.0,0.0,0.0,0.0,0.0,0.0,0.0008951173992158,0.0,0.0,0.0,0.0,0.0,0.0,0.0,0.0,0.0,0.0224157969960375,0.0,0.0,0.0019499713276611,0.0,0.0,0.0,0.0,0.0,0.0,0.0,0.0,0.0,0.0233911825799313,0.0005598035745657,0.0006243681711257,0.0,0.0,0.0
VPL,0.0,0.0,0.0,0.0,0.0,0.0,0.0,0.0,0.0,0.0,0.0,0.0,0.0055729903810956,0.0,0.0,0.160929306834964,0.0,0.0,0.0,0.0,0.0496516705873813,0.0,0.0,0.0,0.0,0.0,0.0,0.0031784572374474,0.0,0.165310706827525,0.0,0.001560453739504,0.0,0.0,0.0,0.0,0.0052320848437475,0.001075068863462,0.0040275476975054,0.0,0.0,0.0,0.0,0.0,0.0021257917252136,0.0,0.0,0.0,0.0,0.0,0.0,0.0,0.0030099845588405,0.0,0.0,0.0,0.0347665058199822,0.0,0.0005794122617011,0.0,0.0,0.0,0.0,0.0,0.0091266446030034,0.0,0.0,0.0052590836737165,0.0,0.0,0.236615056447328,0.0461044618460053,0.0,0.0,0.0,0.358502544815371,0.0,0.008665107367572,0.0,0.0,0.0,0.0,0.0120689598609387,0.0,0.0029505820309412,0.0014473778236903,0.0,0.0005871431145067,0.0,0.0,0.0,0.0,0.0,0.268466924299603,0.0,0.0,0.0,0.0,0.236730085239604,0.0,0.0078561668915928,0.0,0.0024644845105955,0.0,0.0,0.0,0.000586834800561,0.0081628949046737,0.0009950052378321,0.0,0.0,0.0,0.0,0.0,0.0,0.101233437866602,0.0,0.0136779060331782,0.0101745479612441,0.0054603344360359,0.0,0.0,0.0,0.0178837400230007,0.0013251022770975,0.0038721368789637,0.0223068937097464,0.0,0.0,0.0,1.45226852106905,0.0086820412807393,0.0,0.0,0.0202088681767068,0.0,0.0069529091802942,0.0648496933286514,0.154420649579952,0.0008579059521257,0.0006558230793691,0.0,0.0,0.0,0.0,0.0,0.0,0.0,0.0,0.0306598151252665,0.0,0.0945835706007973,0.0030155454980774,0.0,0.0,0.0,0.0,0.0,0.312824834750275,0.0,0.0032779457045759,0.0,0.0023954774733927,0.0,0.0,0.0,0.0,0.0,0.0,0.0,0.0005393735986675,0.00084266948739,0.0,0.0008503148340992,7.11061416362464,0.0,0.0,4.99083290385841,0.396938353343728,15.1199681054705,0.0,0.0,0.0029778819812954,0.002334873905349,0.0,0.0,0.0,0.0577881935233528,0.0014937340749531,0.0,0.0,0.0010148182243243,0.0,0.0014492685419165,0.0,0.0,0.0,0.0,0.0,0.0,0.0,0.0,0.0,0.0,0.0,0.0,0.0,0.0,0.0,0.0,0.0,0.0,0.0,0.0,0.0,0.0,0.0,0.0,0.0,0.0,0.0,0.0,0.000577676548026,0.0,0.0182245045557503,0.0,0.0,0.0,0.0,0.0,0.0,0.0,0.0,0.0,0.0,0.0,0.0,0.0,0.0,0.0,0.0007005535138012,0.0,0.0,0.0,0.0,0.0,0.0017685242686452,0.0008630285151508,0.0,0.0,0.0,0.0,0.0010589958147368,0.0007048908544435,0.0,0.0,0.0,0.0,0.0,0.0,0.0,0.0,0.0,0.0,0.0,0.0,0.0,0.0,0.0,0.0,0.0,0.0,0.0,0.0,0.0,0.0,0.0,0.0,0.0,0.0,0.0,0.0,0.0,0.0017923483098458,0.0,0.0,0.0008926000833568,0.0,0.0,0.0,0.0,0.0,0.0,0.0,0.0078911273355963,0.0,0.0,0.0,0.0,0.0,0.0,0.0048328907703094,0.0,0.0,0.0,0.0,0.0,0.04169051204034,0.0,0.0,0.0,0.0,0.0,0.0,0.0,0.0,0.0055776079758386,0.0,0.0,0.0006888402338577,0.0,0.0,0.0,0.0,0.0233599708363741,0.0,0.0,0.0,0.0,0.0,0.0,0.0,0.0,0.0,0.00052126707078,0.0095750679668594,0.0,0.0,0.0,0.0,0.0017583578495833,0.0,0.0,0.0039716760284004,0.0,0.0,0.0,0.0,0.0,0.0,0.0,0.0,0.0,0.0,0.0,0.0,0.0,0.0,0.0224541398881926,0.0,0.0176808861940069,0.0,0.0,0.0,0.0,0.0,0.0,0.0294067334078833,0.0,0.0014267086972519,0.0,0.0,0.0,0.0,0.0,0.0009727993333562,0.0,0.0,0.0,0.0005600893425447,0.0,0.0054949509214365,0.0,0.0,0.0,0.0,0.0,0.0,0.0,0.0,0.0,0.0,0.0,0.0,0.0,0.0,0.0024447592203153,0.0005629079665623,0.0146934671549604,0.0005587664453562,0.0,0.0,0.0,0.0,0.0,0.0,0.0,0.0,0.0,0.0,0.0,0.0015076850191429,0.0,0.0019670340045849,0.0,0.0,0.0018323537285163,0.0
VPM,0.0,0.0,0.0,0.0,0.0,0.0,0.0054966026230058,0.0,0.0015516782205759,0.0,0.0,0.0,0.004359869715397,0.0,0.0,0.0,0.0023975893462159,0.0,0.0,0.0,0.0,0.0,0.0,0.0,0.0,0.0,0.0018712953562604,0.0,0.0,0.0,0.0,0.0,0.0,0.001906578194779,0.0020373770579618,2.37475055645303,0.0014658384299241,0.0,0.0,0.0,0.0057183596906506,0.0,0.0,0.0,0.0,0.0055215616777264,0.0103488981970381,0.0,0.0,0.0,0.0,0.0,0.0,0.0,0.393326647364927,0.0019920501871143,0.0023231694089993,0.33181270955067,0.0,0.0,0.0,0.0,0.0,0.0,0.0,0.0,0.0022212615165522,0.0009856970546951,0.0032776005951377,0.0,0.0026982923452411,0.0019192464727059,0.0,0.0,0.0081406048334828,0.0,0.0,0.003485234669427,0.0,0.0,0.0,0.0,0.0010755363172638,0.0,0.0,0.0,0.0014592283692203,0.0,0.0070072707584278,0.0,0.0,0.0014564937950209,0.0205510770301795,0.0,0.0,0.0,0.0,0.0,0.0,0.0,0.0,0.0069454364968477,0.0,0.0,0.0005958580783648,0.0,0.0,0.0,0.0,0.0,0.0008823317894193,0.0,0.0206128268688717,0.0,0.0022980844445761,0.0,0.0,0.000820894008008,0.0,0.0,0.0009804011933951,0.0,0.0058138631203107,0.0,0.0,0.0006936112475161,0.0,0.0220494632614798,0.0,0.0,0.0036093244895557,0.0,0.0,0.0,0.0,0.0,0.0019342856724821,0.0019568652081216,0.0,0.0,0.0,0.0,0.0181520213664868,0.0,0.0,0.0013503570049311,0.0,0.0,0.0,0.0,0.0,0.0,0.0,0.0,0.0,0.0,0.478092045673702,0.0,0.0,0.0053000348585461,0.0009998749516684,0.0008396986925893,0.0017213854824117,0.0,0.0,0.0,0.0,0.0,0.0,0.0018672454208754,0.0,0.0,0.0,0.0,0.604861204264718,0.0,1.55163529575507,1.5945694712899,0.0,0.0157000658882567,7.88798656614434,0.0,0.0,0.0,0.0,0.0,0.0,0.0,0.0,0.0014826429862949,0.0149867772503632,0.0,0.0316432153881868,0.0015673095643331,0.0006144146068559,1.22578193441634,0.0,0.0,0.0,0.0,0.0,0.0,0.0052663659424546,0.0,0.666102353806363,1.89955643278881,0.014600652218229,0.0031732576509128,0.0,0.0,0.0,0.0016528923298016,0.0,0.0,0.0,0.0011345169983324,0.0029055017737181,0.0027758199075642,0.0,0.0,0.0,0.0013977607689936,0.0,0.0,0.0005508492737289,0.0,0.0,0.0,0.0,0.0,0.0,0.0,0.0,0.0,0.0,0.0,0.0,0.0,0.0,0.0,0.0,0.0,0.0039189299579174,0.0,0.0,0.0016315573426049,0.000665190437745,0.0007433540164071,0.0009467902724526,0.0821199199880341,0.0,0.0,0.0,0.0,0.0032607980888443,0.0092744693980925,0.0065521457170413,0.0,0.0007401991600237,0.0,0.0,0.0,0.0,0.0,0.0,0.0011406658751333,0.0021537117257055,0.0,0.0,0.0,0.0,0.0,0.0,0.0006707119748916,0.0,0.0013237096185019,0.0,0.0,0.0,0.0,0.0,0.0,0.0,0.0008184646507997,0.0,0.0,0.0,0.0,0.0,0.0,0.0,0.0,0.0,0.0,0.0,0.0209761688268787,0.0020748505435572,0.0,0.0005890269450662,0.0,0.00075861317989,0.0,0.0007499665552169,0.0016617500414013,0.0,0.0,0.0,0.0016677089491936,0.0,0.0,0.0059668439348114,0.0,0.0,0.0,0.0,0.0,0.0,0.0,0.0,0.0008362380372069,0.0,0.0228312045680848,0.0,0.0009530922483754,0.0,0.00291881681157,0.0006051115460439,0.0005583582868427,0.0,0.0010321995228709,0.0,0.0008585606170434,0.0015238385708238,0.0,0.0,0.0,0.0149997501454381,0.0009334129014334,0.0,0.0,0.0,0.0061119760222431,0.0,0.0,0.0047125989278679,0.0024426048742016,0.0006702282560255,0.0094861535956379,0.0,0.007972290894919,0.0,0.0,0.0,0.0,0.0010332735691272,0.0,0.0,0.0,0.0,0.0,0.0009455832199874,0.0,0.0,0.0022131262867979,0.0023301187362938,0.0,0.0,0.0005865866177466,0.0,0.0005755216022613,0.0,0.0,0.0,0.0,0.0,0.0006161448191339,0.0,0.0,0.0,0.0,0.0,0.0023403396327142,0.0,0.0,0.0,0.0,0.0,0.0,0.0,0.0061160417264657,0.0,0.0011601626631401,0.0013000233119162,0.0,0.0010404471257476,0.0021715212883583,0.0007677291732414,0.0,0.0,0.0,0.0,0.0,0.0008892690402816,0.0,0.0,0.0,0.0,0.0,0.0,0.0,0.0,0.0,0.0,0.0,0.0,0.0,0.0,0.0
VPMpc,0.0,0.0,0.0,0.0,0.0,0.0,0.0,0.0,0.0,0.0,0.0,0.0,0.0,0.0,0.0,0.0,0.0,0.0,0.0,0.0,0.0,0.0,0.0,0.0,0.0,0.0,0.0,0.0,0.0,0.0,0.0,0.0,0.0,0.0,0.0,0.0,0.0,0.0,0.0,0.0,0.0,0.0,0.0,0.0,0.0,0.0,0.0,0.0,0.0,0.0,0.0,0.0,0.0,0.0,0.0,0.0,0.0,0.0,0.0,0.0,0.0,0.0,0.0,0.0,0.0,0.0,0.0040017520577403,0.0,0.0,0.0,0.0,0.0,0.0,0.0,0.0,0.0,0.0,0.0,0.0,0.0,0.0,0.0,0.0,0.0,0.0,0.0,0.0,0.0,0.0,0.0,0.0,0.0,0.0,0.0,0.0,0.0,0.0,0.0,0.0,0.0,0.0,0.0,0.0,0.0,0.0,0.0,0.0,0.0,0.0,0.0,0.0,0.0,0.0,0.0,0.0,0.0,0.0,0.0,0.0,0.0,0.0,0.0,0.0,0.0,0.0,0.0,0.0,0.0,0.0,0.0,0.0,0.0,0.0,0.0,0.0,0.0,0.0,0.0,0.0,0.0,0.0,0.0,0.0,0.0,0.0,0.0,0.0,0.0,0.0,0.0,0.0,0.0,0.0,0.0,0.0,0.0,0.0,0.0,0.0,0.0,0.0,0.0,0.0,0.0,0.0,0.0,0.0,0.0,0.0,0.0,0.0,0.0,0.0,0.0,0.0,0.0,8.15109352690632,0.0,0.0,0.0,0.0,0.0,0.0,0.0,0.0,0.0,0.0,0.0,0.0,0.0,0.0,0.0,0.0,0.0,0.0,0.0,0.0,0.0,0.0,0.0,0.0,0.0,0.180504664385677,0.0,0.0,0.0,1.15680563954412,0.0125417182858871,0.0,0.0,0.0,0.0,0.0,0.0,0.0,0.0,0.0,0.0,0.0,0.0,0.0,0.0,0.0,0.0,0.0,0.0,0.0,0.0,0.0,0.0,0.0,0.0,0.0,0.0,0.0,0.0,0.0,0.0,0.0,0.0,0.0,0.0,0.0,0.0,0.0,0.0049772539641016,0.0,0.0,0.0,0.0,0.0,0.0,0.0,0.0,0.0,0.0,0.0,0.0,0.0,0.0,0.0,0.0,0.0,0.0,0.0,0.0,0.0,0.0,0.0,0.0,0.0,0.0,0.0,0.0,0.0,0.0,0.0,0.0,0.0,0.0,0.0,0.0,0.0,0.0,0.0,0.0,0.0,0.0,0.0,0.0,0.0,0.0,0.0,0.0,0.0,0.0,0.0,0.0,0.0,0.0,0.0,0.0,0.0,0.0,0.0,0.0,0.0,0.0,0.0,0.0,0.0,0.0,0.0,0.0,0.0,0.0,0.0,0.0,0.0,0.0,0.0,0.0,0.0,0.0,0.0,0.0,0.0,0.0053916933921091,0.0,0.0,0.0,0.0,0.0,0.0,0.0,0.0,0.0,0.0,0.0,0.0,0.0,0.0,0.0,0.0,0.0,0.0,0.0,0.0582078069741677,0.0,0.0390696174628475,0.0,0.0,0.0,0.0,0.0,0.0,0.0,0.0,0.0,0.0,0.0,0.0,0.0,0.0,0.0,0.0,0.0,0.0,0.0,0.0,0.0,0.0,0.0,0.0,0.0,0.0,0.0,0.0,0.0,0.0,0.0,0.0,0.0,0.0,0.0,0.0,0.0,0.0,0.0,0.0,0.0,0.0,0.009112840829519,0.0,0.0,0.0,0.0,0.0,0.0,0.0,0.0,0.0,0.0,0.0,0.0,0.0,0.0,0.0,0.0,0.0,0.0,0.0,0.0,0.0,0.0,0.0,0.0,0.0
VTA,0.371701756217372,0.1331127664237,0.323500789219491,3.7496038237703,0.0,0.0,0.094479443226604,0.0438890883443138,0.0696291679458859,0.0014779602288636,0.0008300059122783,0.0,0.102356415640748,0.0091753886937799,0.231550202734632,0.0,0.0123988327255557,0.0059705361714005,0.0035483373351239,0.00737853628485,0.0,0.25543241388418,0.122118335172471,0.319631785832889,0.0066502563323651,0.0,0.0,0.520642542261589,0.0,0.0,0.0262064049403616,0.0071378396626136,0.0105836115545629,0.0631939129566916,0.0463947147289483,7.3148182828445,0.0,0.0141242204675781,0.0,0.0035726705020355,0.047449709652315,0.0,0.0,0.0931366332323992,0.0046374735358254,0.0678947020037915,0.0679829580405123,0.0294480804383335,0.0937903596106232,0.0463054203543899,0.0072671222720759,0.0,0.0023002113914632,0.335746602158965,0.416955813509644,0.132777495000955,0.0081854601124849,0.0471074597702213,0.030252640319221,0.0,0.0,0.0,0.108163778016405,0.0257784956378127,0.861736588329772,0.0,0.118567337695811,0.0719790661089385,0.0246533748133366,0.0,0.0,0.0,0.0,0.762709494912213,3.96729673467291,0.0,0.785807415025046,0.0165717065118204,0.0170748787316181,0.227233856778201,0.0154165055163489,0.465774236297165,0.0,0.0478996595012572,0.0170649674102059,0.0604225990226027,0.0986848655822195,0.0016408080117242,0.0,0.0,0.0703408676348194,0.0222209468575986,0.0241481879413947,0.0723065741971602,0.180466913234151,0.0,0.109411243876467,0.0,0.0,0.226677222367448,0.0,0.590148773444792,0.0,0.0,0.0279470086117949,0.0158007490602042,0.0,0.0,0.0,0.0481782903517033,0.0311120604421634,0.016027236831592,3.16209706085672,0.0,0.151986616291868,0.0,0.0039559064207064,0.0,0.0,0.0,0.0404089304862304,0.032597127895405,0.178746140013798,0.0,0.0013535280498756,0.026830916617372,0.211618038346061,0.393293177931766,0.144781579801816,0.0151528955607574,0.0,0.0,0.0401399065749738,0.0,0.0,0.0070232792579514,0.112065337830029,0.0,0.0,0.0,0.0,0.0151138365680943,0.0074238693600309,0.0,0.0288664775372814,0.0027971462875196,0.0046135057290232,0.0,0.0,0.0,0.0018362805345392,0.0,0.0222409272429382,0.0,0.0023260127563254,0.15404386211124,0.0,0.0,0.0,0.0,0.0113010426016552,3.99215460400444,0.0227917601937022,0.0029989056330221,0.0847945011465361,0.388966242554894,0.0063324793703261,0.0,0.0,0.0,0.0,0.0112408771760181,0.0027128002895018,0.0047883593948483,0.0295133879671782,0.0073393432123257,0.0495943089269544,0.0524164147059026,0.0115399586472582,0.0099054115596416,0.0855718333088501,0.0037071055700528,0.227888048502468,0.0,0.0,0.0306867846133752,0.0983101292361942,0.0,0.0,0.130823549085255,0.0960711841724204,0.0,0.0079336728245239,0.0538367127730507,0.104308541605628,0.0298254369399728,0.001233423620288,0.0089277154282057,0.0012594731115849,0.0046430252595609,0.0020497100109353,0.0,0.0158618550167261,0.0,0.0,0.0,0.0387199542705103,2.41155670248494,0.0085705555604628,0.130522035357693,0.0172120224101568,0.0871594444426507,0.332267265708865,0.0116658948474998,0.0,0.0047230867556749,0.0052406264093421,0.0038538203641175,0.0189794999666433,0.0,0.0,0.0434224969638281,0.0007549881458069,0.0,0.0,0.0224557197532605,0.0006907273446234,0.0,0.0007211754249206,0.0,0.0529342888285397,0.0127965627236275,0.0281403992536578,0.0055415704225534,0.0,0.0,0.0494674872427816,0.0,0.0,0.002023522850793,0.0,0.0093093102660265,0.0249999754660852,0.0601332090495231,0.608670112005381,0.0,0.0238449787284177,0.0,0.0207751853798002,0.2876595475465,0.0,0.0051308991752273,0.0143051952522146,0.005958371582202,0.0038975771871618,0.0016401231644077,0.0422210838573664,0.0092508116915773,0.0224591581453267,0.0021947377874695,0.0028639490385769,0.0,0.0505375466057558,0.164139373916106,0.043621176331002,0.278037658574594,0.0062664948061924,0.0065714184871858,0.0,0.0,0.0,0.0219315973962008,0.0374392424965642,0.0217334003277433,0.086628351187746,0.0,1.27147815610196,0.0032248886538188,0.0,0.0040332009982031,0.0,0.0,0.0815192762792128,0.946436510135987,0.0,0.128419450790978,0.209196524141436,0.0038914604095955,0.0559165040522289,0.0073002519573526,0.196385513674099,0.0,0.0674408915139268,0.456063916493607,0.206472825096318,0.0850747991820987,0.00801716972118,0.0,0.0113835395027203,0.0,0.0183665233906041,0.0369875019136352,0.0064316557381442,0.0185397206712516,0.0,0.0,0.0,0.690116811859435,0.0247069686330389,0.047625804270798,0.180239484997158,0.0,0.0176344768854862,0.0205763350041477,0.0101776737438833,0.0,0.0431381810352039,0.115955101124498,0.002320156947757,0.0361182848541346,0.0098395713814464,0.239310029815196,0.0,0.0313580923360531,0.0,0.009359732920069,1.16703623081574,0.371464189813199,0.0,0.0,0.01637360440499,0.0613972206245724,0.0,0.0011255229467366,0.299412274007902,0.0779562322153118,0.0479265226800544,0.0274050847133198,0.0115441971614078,0.0,0.0,0.0420814566882367,0.0,0.0998112903367881,0.0193731668964197,0.0220826909504859,0.10786414114937,0.491608117811156,0.0,0.113266536828863,0.0,0.0008222294192903,0.0,0.0204550313953632,0.0097030759917661,0.0,0.002686472177114,0.0072993505511032,0.0,0.0,0.0280478858820315,0.0,0.0061981855299783,0.0449465598306494,0.0648439281132077,0.0,0.0,0.0,0.0,0.0,1.01308304783796,0.018168391805444,0.0,0.0309025867268774,0.133707163677649,0.0520070918883803,0.0,0.0,0.0,0.0,0.137477168430513,0.241641635599928,0.199619019868005,0.0019678223140106,0.0011084930576351,0.0104946086012665,0.0027596417236662,0.0017825471890833,0.0,0.0137754881710949,0.011897343503594,0.0411352716353891,0.182845215555474,0.0131645925468886,0.0,0.0537995756757973,0.0,0.0,0.113228449516195,0.0273455083076057,0.155621246553485,0.0,0.0246457573855984,0.43320883683062,0.0023806936690661,0.0,0.0,0.0,0.0011974311801658,0.0,0.0,0.0,0.0,0.0008117347276584,0.0,0.0136611291357019,0.30543463157112,0.0155887132554528
XII,0.0,0.0,0.0,0.000526977656675,0.0005781156216499,0.002207531746254,0.0,0.0,0.0,0.0071280529714462,0.0,0.0,0.0,0.0,0.0,0.0,0.005437846934034,0.0,0.0,0.0,0.0,0.0,0.0,0.0043359620934604,0.0,0.0,0.0,0.0011885085255939,0.0,0.0,0.0,0.0,0.0,0.0,0.0108819148738801,0.0,0.0,0.0,0.0,0.0,0.0,0.0409179453569982,0.0,0.0,0.0,0.0,0.0074738380127172,0.0,0.0,0.0,0.0,0.0,0.0,0.0,0.0,0.0,0.128415740339727,0.0,0.0,0.0,0.0,0.0,0.0,0.0007822962270642,0.0,0.0,0.0,0.661235871292576,0.0,0.0,0.0,0.0,0.0,0.0,0.0010193628970401,0.0,0.0,0.0,0.0,0.0007034467027976,0.0008971708660298,0.0,0.0,0.0,0.160243171141444,0.612857049679496,0.00248388185974,0.0,0.0,0.0,0.0,0.003615293516696,0.0075708600974496,0.0030903729479305,0.0,0.0014972494548238,0.0040397627882804,0.0,0.0,0.0007379069328892,0.0131849911613779,0.0,0.0,0.0,0.0,0.0,0.0,0.0,0.36960668285012,0.0,0.0,0.0,0.0,0.001313352542023,0.0007796000124122,0.0,0.0,0.0,0.0,0.0014853120586443,0.0,0.0,0.0,0.0,0.0072891102804892,0.0,0.0066319820600283,0.0,0.0,0.000700684186292,0.0,0.0,0.0,0.0,0.0,0.0,0.0,0.0075953805584422,0.0,0.0049029194671991,0.0701665040952546,0.0,0.0,0.0102074122077114,0.0281593649919698,0.0032015014565777,0.0,0.0,0.0005855145817561,0.0,0.0,0.0,0.0,0.0,0.0029991297643429,0.0,0.0,0.0,0.0,0.0,0.0,0.0029781138374182,0.0,0.0,0.0,0.0,0.0,0.0032588321844126,0.0007362599537047,0.0,0.0,0.0921779224397829,0.0613093253090984,0.104987658867029,0.0,0.0,0.0,0.0,0.0,0.0,0.0,0.0,0.0005606906580683,0.0005695733717638,0.0,0.0,0.003778771333627,0.0,0.0,0.0,0.0104238865106942,0.0297578695740892,0.0,0.0,0.126897422429893,0.0,0.0,0.0,0.0,0.0011801262130855,0.0,0.0,0.0,0.0033724995363371,0.0,0.0,0.0007887752330108,0.0,1.23378840593265,0.0,0.0,0.0,0.0,0.0,0.0,0.0,0.0,0.0,0.005342546148429,0.0,0.0,0.0,0.0,0.0,0.0,0.0014766100659568,0.0,0.0,0.0,0.0,0.0,0.0,0.0032077395574751,0.0,0.0,0.0,0.0022334446937193,0.0,0.0,0.0,0.0,0.0,0.0,0.0061289143636029,0.0,0.0,0.0,0.0,0.0,0.0,0.0095523576760503,0.0,0.0,0.0,0.0,0.0010243339755398,0.0012436840683935,0.0,0.0,0.0,0.0,0.0,0.0,0.0,0.0,0.0,0.0008647510309513,0.0,0.0,0.0,0.0,0.0,0.0,0.0,0.0,0.0,0.316195652775405,0.0,0.0,0.0,0.0,0.0,0.0,0.0,0.0,0.0,0.0,0.0,0.0,0.0,0.0,0.0,0.0,0.0410340592060179,0.294596381022097,0.0034123630566991,0.0,0.0,0.0,0.0,0.0008792830531566,0.002922416566992,0.0,0.0,0.0,0.0014715549691475,0.0,0.0,0.0010784666465112,0.0245220043251107,0.0,0.0,0.0,0.0,0.0,0.0,0.0,0.149066921813985,0.0,0.0,0.0,0.0052860860248922,0.0012779820144848,0.0009254397358259,0.0,0.0,0.0165144653338687,0.0,0.0,0.0,0.0,0.0,0.0,0.0057666027203545,0.0,0.0,0.0013134988342034,0.0,0.0,0.0,0.0,0.0028523841050016,0.0,0.0,0.0,0.0,0.0,0.0,0.0072357560323973,0.0649771258370547,0.0031770777564909,0.0,0.0012387986475173,0.0088441347412659,0.0024900502951536,0.0,0.0,0.0005688927269365,0.0,0.0,0.0,0.0,0.0009971683908176,0.0,0.0,0.0,0.0,0.0,0.0,0.0,0.0,0.0,0.0,0.0,0.0,0.0,0.0,0.0,0.0,0.0107888678242032,0.0285444145205346,0.085784273963839,0.0609110458165562,0.0,0.0,0.0,0.0,0.0,0.0,0.0,0.0,0.0,0.0,0.0,0.0,0.0052057345070614,0.0,0.0,0.0,0.0046652931899704,0.0269028430673252,0.0,0.0,0.15288794874616,0.0,0.0,0.0,0.0,0.0,0.0,0.0,0.0,0.0,0.0,0.0,0.0,0.0,0.915128987520479
