,AAA,ACAd,ACAv,ACB,AD,AHN,AId,AIp,AIv,AMB,AMd,AMv,AN,AOB,AON,APN,ARH,AUDd,AUDp,AUDv,AV,BLA,BMA,BST,CA1,CA2,CA3,CEA,CENT,CL,CLA,CLI,CM,COAa,COAp,CP,CS,CUL,CUN,DCO,DG,DMH,DN,DP,DR,ECT,ENTl,ENTm,EPd,EPv,FL,FN,FRP,FS,GPe,GPi,GRN,GU,IA,ICc,ICd,ICe,ILA,IMD,IO,IP,IPN,IRN,LA,LAV,LD,LGd,LGv,LH,LHA,LP,LPO,LRN,LSc,LSr,LSv,MA,MARN,MD,MDRNd,MDRNv,MEA,MGd,MGm,MGv,MH,MM,MOB,MOp,MOs,MPN,MPO,MPT,MRN,MS,MV,NDB,NI,NLL,NLOT,NOD,NOT,NPC,NTS,ORBl,ORBm,ORBvl,OT,PA,PAA,PAG,PAR,PARN,PB,PCG,PERI,PF,PFL,PG,PGRNd,PGRNl,PH,PIR,PL,PMd,PO,POL,POST,PP,PPN,PRE,PRM,PRNc,PRNr,PRP,PSV,PT,PTLp,PVH,PVT,PVp,PVpo,PYR,RCH,RE,RH,RN,RR,RSPagl,RSPd,RSPv,RT,SBPV,SCm,SCs,SF,SI,SIM,SMT,SNc,SNr,SOC,SPA,SPFm,SPFp,SPIV,SPVC,SPVI,SPVO,SSp-bfd,SSp-ll,SSp-m,SSp-n,SSp-tr,SSp-ul,SSs,STN,SUM,SUT,SUV,TEa,TR,TRN,TRS,TT,TU,V,VAL,VCO,VII,VISC,VISal,VISam,VISl,VISp,VISpl,VISpm,VM,VMH,VPL,VPM,VPMpc,VTA,XII,AAA,ACAd,ACAv,ACB,AD,AHN,AId,AIp,AIv,AMB,AMd,AMv,AN,AOB,AON,APN,ARH,AUDd,AUDp,AUDv,AV,BLA,BMA,BST,CA1,CA2,CA3,CEA,CENT,CL,CLA,CLI,CM,COAa,COAp,CP,CS,CUL,CUN,DCO,DG,DMH,DN,DP,DR,ECT,ENTl,ENTm,EPd,EPv,FL,FN,FRP,FS,GPe,GPi,GRN,GU,IA,ICc,ICd,ICe,ILA,IMD,IO,IP,IPN,IRN,LA,LAV,LD,LGd,LGv,LH,LHA,LP,LPO,LRN,LSc,LSr,LSv,MA,MARN,MD,MDRNd,MDRNv,MEA,MGd,MGm,MGv,MH,MM,MOB,MOp,MOs,MPN,MPO,MPT,MRN,MS,MV,NDB,NI,NLL,NLOT,NOD,NOT,NPC,NTS,ORBl,ORBm,ORBvl,OT,PA,PAA,PAG,PAR,PARN,PB,PCG,PERI,PF,PFL,PG,PGRNd,PGRNl,PH,PIR,PL,PMd,PO,POL,POST,PP,PPN,PRE,PRM,PRNc,PRNr,PRP,PSV,PT,PTLp,PVH,PVT,PVp,PVpo,PYR,RCH,RE,RH,RN,RR,RSPagl,RSPd,RSPv,RT,SBPV,SCm,SCs,SF,SI,SIM,SMT,SNc,SNr,SOC,SPA,SPFm,SPFp,SPIV,SPVC,SPVI,SPVO,SSp-bfd,SSp-ll,SSp-m,SSp-n,SSp-tr,SSp-ul,SSs,STN,SUM,SUT,SUV,TEa,TR,TRN,TRS,TT,TU,V,VAL,VCO,VII,VISC,VISal,VISam,VISl,VISp,VISpl,VISpm,VM,VMH,VPL,VPM,VPMpc,VTA,XII
AAA,0.452097164448619,0.0,0.0,0.0,0.0,0.0149905406542726,0.0736127959934644,0.0909344216834071,0.142065293417646,0.0,0.0201387215331386,0.0,0.0,0.0197087193421498,0.0856391852498199,0.0,0.135319383717223,0.0,0.0,0.0123578599329323,0.0,0.468732932356498,0.130549075545309,0.0214450507235238,0.003553806548903,0.0,0.002825531408658,0.0,0.0,0.0,0.0,0.066684009870481,0.0020680044123847,0.0,0.0645995303357448,0.0179220750545903,0.0135288479991636,0.0,0.0,0.0,0.0051192619151667,0.0686097340471095,0.0,0.0456399215859545,0.0,0.0,0.135047366083607,0.0023160664973611,0.0,3.46196198468974,0.0,0.0,0.0,1.28211695687285,0.0544969248610601,0.603165419509152,0.0,0.0,1.79830133167757,0.0,0.0,0.00102038720515,0.182126250139926,0.0213070522374913,0.0120616803747592,0.0,0.0006116079192539,0.0008354475256044,2.61705124656621,0.0019755898210043,0.000613499586395,0.0,0.0,0.0042018737941509,0.11124686594296,0.0,0.0,0.0,0.0024094181662835,0.0,0.0150391511999896,0.164552132073688,0.0,0.0016759749648421,0.0,0.0,0.0762160072010649,0.0,0.0,0.000861939951974,0.0483598104546983,0.0192184821182644,0.0,0.0,0.0018057231112458,0.0045146913806905,0.01986522602726,0.0,0.0044487752563694,0.0830733296758621,0.0017890431657655,0.0669203919541202,0.0,0.0,2.01147535313827,0.0,0.0030508755420455,0.0,0.0021134757057563,0.0960729349956599,0.0746485742080788,0.0187864882295099,0.0,0.0932647499141716,1.61132941057376,0.0039817760966798,0.0,0.0,0.0148173951598207,0.020900171826506,0.573838157024929,0.0,0.0010997616331016,0.0,0.0,0.0012326520751035,0.0051517321616691,0.476688044074089,0.0,0.0,0.0017443581619638,0.0062382094081755,0.0,0.0853610409659149,0.0436412615505235,0.0009121522044861,0.0,0.000866763038836,0.0,0.0,0.0,0.0213486484749846,0.0,0.154316975645208,0.0188696022138923,0.0,0.0,0.0,0.59581629723501,0.0752381939927739,0.0,0.0091163648833765,0.0,0.0,0.0,0.0035342094698643,0.0,0.0,0.0,0.0,0.140326240954754,0.366024375275726,0.0007035945066675,0.0,0.0,0.0034176525639958,0.0,0.27752188549249,0.0,0.976104666395841,0.0,0.0,0.0,0.0,0.0,0.0,0.0,0.0,0.0,0.0,0.0030795514009767,0.0,0.0039688228531054,0.0,0.0,0.045615386905868,0.136714408868684,0.0031348650827577,0.0,0.569183412665576,0.0,0.0,0.0,0.0,0.0,0.0622839977397718,0.0012844401879142,0.0,0.0,0.0,0.0,0.0,0.0,0.008859327710716,0.0,0.0,0.0,0.136722564140708,0.0,0.0,0.0,0.0,0.0,0.0,0.0,0.0,0.0,0.0,0.0,0.0,0.0,0.0,0.0,0.0022024207320726,0.0,0.0217775108283856,0.0,0.0,0.0019450950347357,0.0,0.0310925341312114,0.0064600217416515,0.0,0.0016657195094285,0.0,0.0008220911102306,0.0,0.0,0.0,0.0,0.0132522292088877,0.0,0.0,0.0009606299975499,0.0,0.0133842288566884,0.0,0.0,0.0,0.0025401363894816,0.0130918201752238,0.0,0.0016573975894881,0.0,0.0,0.0039374463337967,0.0,0.0,0.0,0.0,0.0,0.0,0.0046348268788454,0.0,0.0260308904411224,0.0,0.0046176213527519,0.0,0.0,0.0,0.0,0.0016333260078948,0.0,0.01441459430317,0.0,0.0,0.0018313433662124,0.0,0.0,0.0,0.0,0.0,0.0080524970691199,0.0,0.0,0.0027233197702767,0.0,0.0,0.0,0.0,0.069461107212196,0.0,0.0,0.0011714557277879,0.0,0.0019173605451409,0.0043060713758873,0.0,0.0,0.0,0.003387640901092,0.0,0.0,0.0,0.0,0.0,0.0,0.0008604947639094,0.0405671680662308,0.0,0.0052257415742353,0.0,0.0,0.0,0.0007309422539363,0.0,0.0013285104419049,0.0028557685193657,0.0,0.0007317087901,0.0,0.0,0.0,0.0,0.002793941106155,0.0,0.0,0.0,0.0024805312947366,0.0055429061282668,0.0,0.0022974338535383,0.0,0.0,0.0016314646144284,0.0032668471263254,0.0,0.0,0.0,0.0026546806740463,0.0,0.0006645719463223,0.0,0.001892659393155,0.0,0.0,0.0,0.0,0.0,0.0085479045308451,0.0,0.0,0.0037430776194381,0.0028683878034121,0.0,0.0,0.0,0.0941197716192293,0.0559774985994238,0.0,0.000655155751881,0.0,0.0,0.0,0.0,0.0,0.0,0.0,0.0,0.0400718615178081,0.0,0.0,0.0,0.0,0.0,0.0,0.104475092463254,0.0,0.0522145716977358,0.0,0.0,0.0,0.0,0.0,0.0,0.0,0.0,0.0,0.0,0.0,0.0,0.0,0.0,0.0,0.0025510522522769,0.0,0.0,0.096561474043399,0.0109975452989382,0.0006411805874665,0.0,0.0,0.0013064526483011,0.0,0.0,0.0,0.0,0.0,0.0,0.003067361090418,0.0,0.0,0.0013357346017348,0.0,0.0,0.0,0.0601765144527968,0.0
ACAd,0.0,9.79362297643418,0.0,0.0,0.0,0.0,0.0,0.0,0.0848557451538787,0.0,4.77437419584005,0.0,0.0,0.0,0.0038056077008363,0.0106680895549161,0.0,0.0,0.0857171449426131,0.081378446390043,1.99465919185292,1.38776566724437,0.0,0.0,0.0063884532588987,0.0185675861460431,0.0,0.0,0.001020916205547,17.5710871868519,5.79816631110725,0.0023898426602761,0.171172616353699,0.0,0.0,0.0168272272086173,0.0446912548997427,0.0,0.0,0.0,0.0147017899162486,0.0,0.0018228374086793,0.0,0.0023139652745819,0.0,0.52083360031431,0.0,0.0,0.0018984587829569,0.0,0.0,0.0,0.0,0.464863765827825,0.0,0.0,0.0856568381460773,0.0,0.000701537165034,0.0,0.0,1.66814462869894,0.0530048542497636,0.0080341221856266,0.0,0.0,0.0022514270914372,0.0,0.0,0.112434209620277,0.0,0.0,0.0,0.0,0.344976616323919,0.121811315367932,0.0,0.0145556433669975,0.0021110575884418,0.0,0.0,0.001216360694155,0.224923257416642,0.0012518556111096,0.0022134726106285,0.0,0.0,0.0,0.0,0.0,0.0473134023388482,0.0,0.0497687732229176,0.438345942520644,0.0,0.0,0.0,0.0,0.0155121911084221,0.0011670963611481,0.454339458779223,0.121985597661137,0.0,0.0,0.0089548927633671,0.0060962055773288,0.0,0.0041545882167134,0.345525129808365,1.10174197610261,1.19787757991189,0.0,0.0,0.001790331938689,0.0006772461040989,0.0,0.0,0.0,0.0,0.0,0.0,0.0032329605026773,0.0,0.0,0.0,0.0,0.0,0.0,0.0,0.0251806068243544,0.0249351160707978,0.0,0.0,0.002089346338394,0.0040611213099999,0.0,0.0,0.0008760962613364,0.0,0.0,0.0,0.0,0.0,0.0,0.0,0.0,0.0,0.0,0.418153502262616,0.0,0.0,0.0,1.49841577576134,0.464439494190995,1.55532137612349,0.2107341199721,0.0,0.0,0.0,0.0,0.0,0.0,0.0,0.0,0.0,0.0,0.0,0.0,0.0,0.0,0.0006538530638131,0.0019325940850084,0.0,0.170100036293651,0.272283304490947,0.0,0.0021508827145662,0.157448235590089,0.0,0.014060185424656,0.0047424358208965,0.0179559028949027,0.0,0.0,0.19955405715022,0.0,0.0,0.23716079914885,0.0,0.0,0.0,0.865110494944845,0.0039632734681596,0.0,0.0747545569505007,1.57569569837145,2.49682714579665,0.488490897144168,0.0493743395020328,0.0,0.615312348630189,0.201607109490449,0.0,0.0,0.0,0.0,0.0058352126158525,0.0,0.0008680596376228,3.40339437664128,0.0,0.0,0.0,0.0,0.0021423843505539,0.0037706015144894,0.0941385325311033,0.0,0.0213504812421683,0.0,0.0,0.0,0.0,0.0,0.0,0.0055948599884618,0.0,0.014851121808969,0.0011776835368982,0.106022479626799,0.0,0.0,0.001168336246543,0.003414100607119,0.0,0.0,0.0014133449690947,0.0635241533575398,0.045839063350569,0.0,0.0,0.0046081051895843,0.0,0.002058018607674,0.0681431723034256,0.0,0.0,0.0,0.0065444233984323,0.0,0.0047489669464039,0.0,0.0013280196601224,0.0,0.0635090886768278,0.0,0.0,0.0,0.0,0.0,0.0,0.0,0.0,0.0,0.0,0.0040781511193085,0.0,0.0039982972513811,0.0024737062385548,0.0,0.0,0.0,0.0,0.0,0.0,0.0035020116150807,0.0,0.0013359682921131,0.0060712606835373,0.0,0.0,0.0,0.0,0.0,0.0,0.0,0.0,0.0,0.0,0.0,0.0014027653781849,0.0,0.0029716511131974,0.0037015938651348,0.0,0.0968228432031211,0.0,0.000722562952264,0.0,0.0079559270967475,0.0,0.0118524280997419,0.0,0.0,0.0,0.0,0.0,0.0250521080297083,0.0014921292700348,0.0230523984739861,0.0,0.0008404101136016,0.0049203514225734,0.0065251171894119,0.0130459942917857,0.0,0.0058212053256833,0.121717530827106,0.311356879686066,0.0701288553049046,0.0,0.0,0.0,0.0,0.0,0.0,0.0,0.0,0.235004537252468,0.0,0.0028263256492927,0.0,0.0,0.0,0.0,0.0,0.106350778770601,0.0,0.0022759126872729,0.0,0.0,0.0,0.001419901489263,0.0,0.0,0.0012847801227777,0.000797804573867,0.0,0.0,0.002866469097837,0.0370288634990097,0.0,0.0182003590494821,0.0,0.0,0.0,0.0,0.465683061726495,0.0,0.0,0.0,0.0323462672252746,0.0,0.270894421144068,0.001453941584083,0.0,0.0,0.0,0.0,0.0,0.0017824794546803,0.0,0.0,0.0,0.0,0.118484577294745,0.0,0.0013303874291406,0.0,0.0,0.0015554263255524,0.0,0.00807060994469,0.0108496701094756,0.0,0.0,0.0,0.0,0.0,0.0174546552010066,0.0,0.0,0.0,0.0279921061755927,0.0,0.0,0.0137085377710666,0.0,0.0,0.0,0.0,0.0034497785427012,0.0,0.0033396398934671,0.0119188696040839,0.0876858831021506,0.0272235347985231,0.0,0.0034934361133035,0.0,0.0,0.0,0.0,0.0,0.0,0.0,0.0
ACAv,0.0,3.23347945155746,5.02155188384501,0.0,0.808329344589533,0.0,0.0,0.0,0.0628640489728454,0.0,8.49721706257107,0.0,0.0,0.0,0.0247829351154291,0.0025697308914797,0.0,0.0,0.0238036583051808,0.0817218788343867,0.920590274132714,0.551755170255752,0.0,0.0,0.0375910084681483,0.163181286535927,0.0,0.0,0.0023521605075391,3.55867561003456,4.27923469447253,0.000639454763619,0.0,0.0279939215455887,0.0,0.0240512332574012,0.0611092571708333,0.0007698283497195,0.0,0.0,0.0162338820022435,0.0266527190803354,0.0,0.0,0.0032093266877709,0.0,0.325458033473391,0.0457009676603031,0.0,0.21003926487941,0.0,0.0008651327237562,0.0909690965200221,0.0,0.0573869516845099,0.0,0.0,0.0521998861990695,0.0,0.0045128402307972,0.003271699213261,0.0008264687945441,2.3043467504253,0.195615734402814,0.0040961358560013,0.0008851051211689,0.0119676150447261,0.010412406370597,0.0,0.000940622979027,0.112392217915291,0.0,0.0506964723176488,0.0,0.00170656031691,0.0,0.195404423671974,0.0,0.182870440270048,0.0,0.0,0.0,0.0089561298730028,0.0,0.0072644082323878,0.0190561000789356,0.0,0.0,0.0,0.0010665745274923,0.0,0.0594308868224045,0.0,0.0981478007301399,0.0,0.0,0.0,0.0,0.0,0.132087947625239,0.0035425935740759,0.625347213010767,0.248362244375893,0.0014121005796552,0.0201922195963719,0.0046541516595887,0.0069249033038156,0.0011415732315878,0.0102906939636194,0.0,0.704587085426976,0.381490600562865,0.0,0.0133104422851479,0.0,0.003144651612247,0.0,0.0,0.0023601489799381,0.0,0.0,0.0,0.0120300685410837,0.0,0.0,0.004623793789352,0.0,0.0,0.0,0.0,0.0098906769247263,0.120407691267675,0.0878686336430502,0.0,0.0,0.0,0.0,0.0,0.000851882450038,0.0,0.0,0.380140020590826,0.0,0.0367267503342176,0.0,0.0,0.0,0.0,0.0,1.37688188045042,0.0,0.0,0.0,1.17438501772921,0.460231642118745,1.67262236102182,0.0286963650787662,0.0,0.0,0.0,0.0,0.0,0.0010268669762278,0.0,0.0,0.0,0.0,0.0,0.0,0.0,0.0,0.0,0.000777892701792,0.0,0.008260415802359,0.0,0.0071088775441491,0.0049198917513446,0.0,0.0,0.0,0.0312277494216267,0.0422348815766207,0.0,0.0,0.10521772263549,0.0,0.0,0.0,0.143876586914824,0.0,0.0,0.0114156827681472,0.0031666201214735,0.0,0.0270504346351623,0.240023240118305,0.742841527332989,0.204782278738288,0.0093330689691194,0.0,0.475011029969836,0.0089461107026942,0.0,0.0158364201214578,0.0,0.0,0.0652687915232975,0.0,0.0,1.22628033378694,1.46579879669254,0.0010930278438148,0.0061600111662191,0.0,0.0,0.0,0.0125972985158612,0.0,0.0,0.0,0.0,0.0,0.0,0.0037596478961452,0.0,0.0011859037946941,0.002374071813812,0.0082113272303674,0.0010020061696381,0.0208709794815581,0.0274842077235189,0.0,0.0023663359252607,0.0332745945681481,0.0,0.0,0.0091980983704102,0.0,0.0,0.0426001449391923,0.0,0.0269263564925851,0.0,0.0029689791553122,0.0590964698812607,0.0039432320756914,0.0,0.0,0.0322032854066534,0.0065843100373991,0.0094100780061939,0.0390964995859715,0.0006250195160818,0.0,0.0518828816457843,0.0116797055530466,0.0081521850915992,0.0343005158041967,0.0,0.0033392995351775,0.0355090700189527,0.0153863239146353,0.0,0.0,0.0,0.0361865829279494,0.0,0.0107386139127392,0.0052061644564806,0.0,0.0,0.0,0.0,0.0009259185774373,0.0009181222656959,0.0184536563795178,0.0490715334625686,0.0066571181434415,0.0192226689102445,0.0,0.0,0.0,0.0,0.0,0.0209248783310447,0.0,0.0118561815204284,0.0,0.0,0.0,0.006967839851957,0.0,0.0177783591227126,0.0093821379436926,0.0,0.258286230797686,0.0,0.0068617674312767,0.0,0.0243461332788714,0.0,0.071317986534276,0.0,0.0,0.0,0.0,0.0006883891644553,0.0790544403948083,0.0071213068958345,0.0,0.0,0.0052356673948709,0.0055824436378989,0.0144863196755738,0.0353424961169072,0.0,0.0243667426823995,0.0,0.121929134260636,0.017453992729046,0.0075912978645596,0.0,0.0,0.0030660735246556,0.0011938325892906,0.0,0.0016049948309644,0.0021455621508058,0.0910567514229824,0.0078881966449954,0.0232772569605049,0.0,0.0,0.0,0.0,0.003867111948414,0.0258255780562772,0.0,0.0221202985497724,0.0,0.0336684832485353,0.0,0.000742328711393,0.0,0.0,0.0009058016711325,0.0019139027372588,0.0,0.0,0.0,0.0139557890794129,0.0,0.0352239535920631,0.0,0.0,0.0008971289541687,0.0,1.37359392256029,0.0,0.0,0.0,0.0390050070126286,0.0,0.0977329567973973,0.0042864220063795,0.0,0.0,0.0,0.0,0.0,0.0063770301555482,0.0,0.0,0.0024102325750122,0.0,0.0,0.0,0.0,0.0,0.0015154498962644,0.0019248280932626,0.0,0.0020167578515791,0.0170091197836511,0.0031349922036851,0.0035260455031433,0.0,0.0,0.0022276903336785,0.0506978177208741,0.0,0.0,0.004723067635539,0.018975644380032,0.0009237270400022,0.0,0.0,0.0,0.0,0.0,0.0,0.0182833554515329,0.0,0.0,0.0,0.0240004145914587,0.013812126622716,0.0016310031558948,0.0305134354146683,0.0224117037643493,0.0,0.0,0.0,0.001848713220902,0.0,0.0156806034616465,0.0
ACB,0.606574755365268,0.28648503675233,0.0,2.98304330499826,0.0,0.004614527566646,0.736893992277718,0.43576349596925,0.900895465528666,0.0049287847470774,5.69703392871734,0.0,0.0,0.0,0.671809473492017,0.0,0.236649583237237,0.0,0.0,0.532091734047272,0.0,6.34739192689274,0.734195959456143,0.266083436179049,0.828043653280906,1.8283846521488,0.0,0.0,0.0007582143835379,0.0,0.0,1.26997580050519,0.86486034165203,0.0,0.0430664573069637,0.0,0.0708977649121025,0.0,0.0,0.0,0.075033723222794,0.033950365647538,0.0,0.38766459391379,0.0,0.622216906813139,2.36629649567249,0.0941632728360302,0.0926373704261635,4.63204878786137,0.0,0.0,0.463123380139027,4.21781539530414,0.196414196901429,0.0,0.0,0.0,0.0,0.0,0.0,0.0,2.44273055515831,3.57366900377606,0.0350424614939694,0.0,0.0101137751360913,0.0,0.334768289490475,0.0,0.0,0.0,0.0,0.0,0.125157659573437,0.0,0.473507150923985,0.0,0.0875864875658454,0.0938853213398022,0.702715509965714,0.627967370824933,0.0,0.598676586088875,0.0,0.0,0.15573705351604,0.0270047022895951,0.0,0.001293219740843,3.20380505269278,0.142342550138358,0.0,0.0442627082833255,0.132459359114332,0.0498541592977037,0.0,0.0,0.0068742916113795,0.158470537353046,0.001216285823483,0.0,0.0,0.0,0.88446650011071,0.0,0.0,0.0,0.0064417874685959,0.337551238286352,2.34999842322103,0.375315690465507,0.0,0.951825542676492,2.86618338268643,0.0401030571703902,0.0,0.0,0.014876476601642,0.0495511309171075,0.0,0.0,0.0019733817620379,0.0,0.0,0.0126697101357082,0.0963933438747477,1.29283111239622,0.180784688343843,0.0,0.0066519923736052,0.0,0.0,0.0,0.0650386583114943,0.0320094426812588,0.0,0.004146010962484,0.0,0.0075836467528517,0.0,2.16116826611581,0.0,0.36682559790929,3.67010723233714,0.0,0.0,0.0,0.107481521586122,1.11685664396735,0.0,0.0720679949617689,0.0,0.021495801477924,0.0,0.0088042556252143,0.0245187709265073,0.0,0.0,0.0,0.209520586235545,0.550406838454345,0.0,0.0,0.0,0.0,0.0,0.0,0.0,0.121309367767933,0.0,0.0,0.0,0.0,0.0372898648367593,0.0938227346222151,0.0,0.0054725405159008,0.0474472112022161,0.0,0.0802122693802041,0.0940900561504413,0.0214743726455565,0.0,0.0,0.704444318969892,0.609882353172878,0.0,0.0,2.49681696813129,0.0614452798004235,0.0,0.0,0.0,0.0,0.527978212780466,0.0149394337161805,0.0374381644232781,0.0365316844961856,0.0,0.0,0.0,0.0,0.0094915803416131,0.0,0.0,0.0,2.50635106044379,0.0,0.0,0.0543288097613882,0.0,0.0,0.0,0.0,0.279509119911381,0.131648673491487,0.0,0.0150211625344675,0.0,0.0,0.0,0.0102514799421589,0.128020221335198,0.0,0.0729974264804445,0.0,0.0,0.162252353656955,0.0,1.37687502143062,0.226060846715297,0.0,0.0531222247857052,0.0,0.0,0.0,0.0,0.0,0.0,0.119185525355789,0.0,0.0,0.0489070222624339,0.0,0.0946557755919658,0.0,0.0,0.0085653571823252,0.0070305971542246,0.0479872935942251,0.0,0.0,0.0073918117392148,0.0,0.557035554177334,0.0,0.0,0.169735276425037,0.0,0.0022264731930629,0.282081066994295,0.0599277503544341,0.0,0.0,0.0,0.0,0.0,0.0,0.0,0.0,0.103775464032004,1.70639260182045,0.0307391742304793,0.0,0.0232534372921754,0.0,0.0,0.0,0.0,0.0,0.272518075534409,0.266997244614763,0.0,0.0,0.0047282881919388,0.0067303115476264,0.0,0.0025464887641373,0.0,0.0,0.0,0.0,0.0,0.0,0.0405494015734354,0.0234348600940222,0.0,0.0,0.368177049263434,0.0176697611083342,0.0,0.0297545711064367,0.0858531994636973,0.0048972036053873,0.0,0.0,0.0,0.171192771659283,0.0,0.0,0.110709986290704,0.0,0.0,0.0,0.0,0.0,0.0063340882160371,0.0152882384000743,0.567676640252582,0.0,0.0,0.0329191969681875,0.0,0.0108488272091048,0.0011219819745568,0.0,0.0,0.0,0.369240440300583,0.0,0.0054736651468675,0.0,0.0,0.0028323024926583,0.0,0.0,0.279282554133953,0.0,0.0088397579411169,0.0,0.0012003856171184,0.0,0.028028631725531,0.0,0.0,0.0007221360800529,0.0,0.0086929575987745,0.0016283654173115,0.0,0.0,0.0,0.511789677130613,0.0164006510200749,0.0,0.0,0.0,2.01989996110728,0.0,0.0,0.0,0.0010118522976544,0.0,0.0037179319818373,0.0105936436209491,0.0,0.0,0.0,0.0,0.0199023128440076,0.0,0.0,0.0,0.0,0.0,0.0,0.0,0.0060877887738444,0.0007553905724152,0.0,0.0,0.0,0.0071658642825897,0.0219744425930699,0.0,0.001288913272112,0.0048947733545153,0.0,0.0061987670874602,0.0442978892865317,0.0168951723271502,0.0,0.0,0.519270201439802,0.0006213694757948,0.0,0.146488665184673,0.0537442338771217,0.0,0.0,0.0,0.0,0.0,0.220349339535378,0.0101983032540614,0.0008748681538837,0.0021069329585566,0.0,0.0,0.0,0.0,0.0,0.0,0.0,0.0,0.224590330305533,0.0
AD,0.0,0.0658666066022719,0.0234571923285226,0.0,1.10717178071447,0.0,0.0,0.0,0.0,0.0,0.170144088702274,0.0,0.0,0.0,0.0,0.0,0.0,0.0032463478660349,0.0,0.0,0.135068906713605,0.0,0.0,0.0,0.0042882396145127,0.0,0.0063625746268457,0.0,0.0,0.972443742405996,0.0276946939737091,0.0,0.0006058849996773,0.0,0.0,0.0006251415970849,0.0073187206263899,0.0,0.0040708252921888,0.0,0.0057965896422654,0.0,0.0,0.0,0.0,0.0,0.0052957890323351,0.010099550655695,0.0,0.0035663478319033,0.0,0.0,0.0,0.0,0.0027751499413963,0.239215390631103,0.0,0.0,0.0,0.0,0.0,0.0,0.0502850747941533,0.0069356341967475,0.0,0.0,0.0,0.0,0.0,0.0,0.016948029216821,0.0,9.72100940372946,0.0,0.0389872563077335,0.0,0.0096268174874342,0.0,0.0,0.0,0.0,0.0,0.0,0.0,0.0,0.0,0.0,0.0,0.0,0.0,0.032817806935734,0.058549795815276,0.0,0.0,0.0080717036497963,0.0,0.0022533862740728,0.0,0.0,0.0,0.0,0.0076255712586188,0.0096509404822924,0.0,0.0,0.0,0.161304797693101,0.133051635977398,0.0,0.0,0.0,0.0051121247481934,0.0,0.0,0.0,0.0007036808328528,0.0,0.0,0.0,0.0012186002400311,0.0,0.0,0.0,0.0,0.0,0.0,0.0113468290562329,0.0,0.0027008699339742,0.0,0.0,0.0,0.0061192517490119,0.0,0.0025638283034357,0.0039945398825427,0.0,0.0,0.0,0.0,0.0,0.0,0.0,0.0484319571266583,0.0007793256701055,0.0,0.0,0.0,0.0354870326726038,0.0,0.0,0.0,0.0,0.0209999176975284,0.154843053323425,0.219884314420214,0.0190610067622287,0.0,0.0,0.0,0.0,0.0,0.0,0.0,0.0,0.0,0.0,0.0,0.0,0.0,0.0,0.0,0.0,0.0,0.0006924046029286,0.0,0.0,0.0,0.0049695800872999,0.0,0.0,0.0007900525455141,0.0059272673877748,0.0,0.0,0.0116860841816454,0.0,0.0,0.0,0.0,0.0,0.0,0.0,0.0,0.0,0.0,0.0070553269286349,0.07608345069043,0.0150780646738221,0.0007629935377145,0.0,0.0828651973725543,0.0,0.0,0.0,0.0,0.0,0.0778697683729223,0.0,0.0,0.0,0.009741526749755,0.0,0.0,0.0020539081860045,0.0,0.0,0.0,0.0,0.0018880699114792,0.0,0.0,0.0,0.0,0.0,0.0,0.0,0.0,0.0,0.0,0.0,0.0,0.0,0.0,0.0,0.0054370569361051,0.0,0.0,0.0,0.0011529274639981,0.0,0.0,0.0,0.0,0.0,0.0152955882663126,0.0,0.0008230535054272,0.0028325839161408,0.0,0.0,0.0011805496302551,0.0,0.0,0.0,0.0,0.0006816844178998,0.0,0.0010997854109043,0.0,0.0012462927977316,0.0,0.0,0.0,0.0,0.0,0.0,0.0,0.0,0.0,0.0,0.0247991399301916,0.0,0.0,0.0,0.0007565117416803,0.0,0.0,0.0,0.0,0.0,2.51500766584639,0.0,0.0097244102870924,0.0,0.007115007605304,0.0,0.0,0.0,0.0,0.0269949303221279,0.0,0.0,0.0,0.0,0.0,0.0,0.0,0.0,0.0159579789899025,0.0262745002905894,0.0,0.0,0.0,0.0,0.0020888803203555,0.0,0.0,0.005120859632152,0.0,0.005911392530301,0.0,0.0,0.0,0.0,0.0,0.109211686114382,0.0011657066565803,0.0,0.0,0.0,0.0,0.0,0.0,0.0009631709015481,0.0,0.0,0.0,0.0006714087049366,0.0,0.0,0.0020372644781922,0.0,0.0031515585090885,0.0,0.0083499764010083,0.0,0.0,0.0,0.0025855354507713,0.0,0.0,0.0,0.0049541466232934,0.0,0.0,0.0,0.0,0.0,0.0,0.0,0.0,0.0190333518579579,0.0,0.0,0.0,0.0,0.0246734021569445,0.0016776735537829,0.0023944840238913,0.0,0.0,0.0,0.0010603481546082,0.0012122541734478,0.0,0.0,0.0,0.0,0.0190070541195257,0.0,0.0,0.0,0.0,0.0,0.0,0.0,0.0,0.0008373596032224,0.0,0.0,0.0,0.0,0.0,0.0,0.0,0.0,0.0,0.0,0.0,0.0,0.0,0.0,0.0,0.0,0.0,0.0,0.0,0.0,0.0,0.0,0.0,0.0,0.0,0.0,0.0006292751637649,0.0,0.0,0.0,0.0011344471920996,0.0,0.0,0.0,0.0,0.0,0.0,0.0404041346576397,0.0
AHN,0.0,0.0,0.0964915365023859,0.0430826720224817,0.0,1.1921068346085,0.0,0.0,0.0,0.0298869251370896,0.0,0.0,0.0,0.0,0.0161117557566515,0.0,2.75394092856794,0.0,0.0,0.0,0.0,0.0,0.0195061793808274,0.212028265850901,0.0730117876831112,0.0,0.0,0.0,0.0,0.0,0.0834819819520151,0.0,0.0,0.0,0.0,0.0,0.0683873905108495,0.0,0.0746985287043796,0.19452082013573,0.0131848318660062,0.181441116131635,0.0,0.0,0.0,0.0807862124533286,0.0230572990047703,0.005948038401443,0.0,0.103796391366691,0.0,0.0,0.0,0.0,0.0,0.0,0.0,0.0020186702153888,0.23599350013893,0.0,0.0,0.0260218071158409,0.697106263978217,0.0,0.0520068096057142,0.0,0.0,0.0,0.230065761366792,0.0,0.0,0.0,0.0,0.0079106579156262,0.265281176691293,0.0,0.0,0.0044859783852044,0.0,0.18537711925315,0.406687450444884,0.0,0.0,0.0,0.0,0.0016062730217824,0.145164997730765,0.0,0.0,0.0093318532143928,0.0570555989624156,0.0748908234651006,0.0,0.0,0.0,0.378333088701924,0.32361081849977,0.0,0.0,0.304846574049091,0.0,0.563165452880862,0.568678960517474,0.0,0.807797893772589,0.0,0.0,0.956751462131204,0.0076549037240451,0.0,0.0,0.0007180723294041,0.0,0.401948241430127,0.0718063473482129,0.0467399338693864,0.0,0.0,0.0,0.059250180320665,0.0,0.0,0.0,0.0,0.0,0.0029801884955057,0.227823760218617,0.0,0.0,0.0,0.0,0.0262152104817055,0.0070088063060383,0.172760789614467,0.160810958571071,0.0070380582481847,0.0,0.0,0.0,0.0,0.0,0.326512204005141,0.0114357184848735,0.0,0.0210091985897176,0.0,0.0,0.0,0.0,0.0781967605521298,0.0,0.0260884939031583,0.0,0.0084017663829045,0.0,0.0503717080692025,0.0,0.0,0.0054110619378562,0.0,0.0100560611222358,0.0,0.0,0.0,0.0,0.0,0.0,0.0,2.99564220622115,2.81761328096163,0.0,0.0,0.0,0.0,0.0,0.0,0.0,0.0,0.0,0.0,0.0,0.0010648124821905,0.0,0.0,0.0,0.0,0.0,0.0,0.0,0.0010586901797053,0.465538039220389,0.0,0.0,0.0,0.0,0.0014747452080898,0.0,0.0,0.00155227934832,0.0,0.0,0.0,0.0017733159875726,0.740268090170726,0.0,0.0,0.0,0.0972421780674782,0.0019341314585895,0.0,0.0,0.0169504188792941,0.0,0.0,0.0269663547906832,0.0,0.0,0.0,0.0353727500306749,0.0,0.0,0.0,0.0,0.0014263794499975,0.0,1.00491484207348,0.0,0.0,0.0013782009733894,0.0,0.0,0.0009076355958596,0.0045937663370865,0.0020623912793825,0.0,0.0,0.0,0.0,0.0,0.0,0.0,0.0,0.0,0.0,0.0,0.0256097850459409,0.0,0.0316133201501715,0.270442873227141,0.0007380448197179,0.520582942765508,0.0,0.0,0.0097468731395588,0.0024984730070163,0.0,0.0,0.0,0.0017511709783828,0.0,0.0,0.0,0.0,0.0,0.0315921521879074,0.0,0.0009855603277365,0.0012838133156254,0.0,0.0,0.002467724121624,0.199592038744141,0.0,0.105398967012789,0.0,0.0,0.0,0.0111883355087757,0.0,0.0,0.0,0.0,0.0020613124053267,0.0,0.0,0.0,0.0006341757523018,0.0,0.0,0.0017517488564247,0.0,0.0,0.0,0.0,0.019103918471216,0.0017276651663743,0.0,0.0,0.0,0.0493500619384021,0.0411837124403587,0.0,0.0,0.0,0.0349080507673499,0.0040413738959649,0.0,0.0,0.0913718729208366,0.0,0.0593390633632712,0.0,0.0055410670129966,0.0126120563325855,0.0,0.0,0.621154126680922,0.0024155598485321,0.0,0.0,0.0,0.0,0.0020323310891725,0.0,0.0055456979663019,0.0,0.0,0.0,0.0092475004497098,0.0,0.0,0.0,0.0,0.0,0.0088214696288032,0.0,0.0,0.0,0.0,0.0,0.0,0.0,0.799796473888412,0.0319768647054044,0.0,0.0,0.0018185837462746,0.0,0.0,0.0068952828539433,0.0526322125152836,0.0,0.573664379414632,0.0010759601969343,0.0,0.0,0.0,1.13020240482586,0.0882717658332688,0.0,0.0,0.0,0.0,0.0,0.0013186101972416,0.0,0.0,0.0010311966637637,0.0,0.0029364778868596,0.0,0.0,0.0,0.0,0.0,0.0,0.0,0.843129532726459,0.241907577344483,0.0,0.0,0.0,0.0,0.0,0.0,0.0,0.0,0.0,0.0,0.0,0.0,0.0196625964991427,0.0,0.0,0.0,0.0,0.0,0.0,0.0,0.123277502194209,0.0,0.0,0.0,0.0009406642355376,0.0,0.0,0.0,0.0,0.0,0.0,0.0,0.0,0.0731589491919334,0.0,0.0,0.0,0.0549781088114368,0.0
AId,1.58088414532851,0.0,0.0,0.0,0.0,0.0,4.84071443657986,0.0,0.0,0.0,0.0,0.0,0.0,0.0597912922235828,0.101848665787949,0.0013175468039071,0.0,0.0,0.002173169262219,0.105418536524613,0.0,1.90968721802986,0.0,0.0,0.027407019998601,0.0,0.0058291993207612,0.0,0.0056992295622799,0.0,23.5405798644436,0.0269469117072806,0.0,0.155196385840779,0.0052949634968276,0.0773496676985095,0.0151044457186677,0.0054635425424018,0.0054783280286793,0.0,0.0040607270435101,0.001604945495003,0.0,0.245817669416437,0.0074776336102007,0.0524345496708018,0.340647673840433,0.0,0.0,0.0,0.0,0.0015908009784211,4.79083944342198,1.45674544009394,0.519550794170652,0.0,0.0,0.478093249553682,0.0,0.0039363581084346,0.0015810387750236,0.0,0.127876909926375,0.0,0.0,0.0040684043376949,0.0,0.0045305170497729,0.0,0.0086352608052526,0.0031424912226779,0.0,0.0,0.0,0.0,0.0055271195567625,0.0,0.0,0.0146869169092337,0.0,0.0168214561644855,0.0,0.0105782119968544,2.55977402219241,0.0025991471607799,0.0,0.0,0.0694077906331722,0.0,0.0153510297025749,0.0,0.0419386948204817,0.0015587972981082,0.156217345606867,0.359500844790232,0.0,0.0021127275678556,0.0,0.0019591645609073,0.0008821709012741,0.0044839262381915,0.0,0.0,0.0037074817970283,0.363640346142382,0.010638794403431,0.149508998626893,0.0,0.0178954166599767,1.70195158079791,0.697711784003338,0.0147425113439314,0.0,0.0966377555803653,0.811941369556571,0.0018764693187024,0.0081457739758128,0.0,0.0085429269509346,0.0045484480744843,0.168008791849567,0.0,0.0130877050153994,0.0033338888412909,0.0,0.0020996159164026,0.0,0.751158156980254,0.449752524616414,0.0,0.0428233695750141,0.0,0.102263958714503,0.0,0.0083304054860346,0.003337255215792,0.0,0.0007137834416021,0.0010905707031918,0.0,0.0,0.0,0.0,0.0,0.0,0.0,0.001301910644324,0.0,0.0,0.0,6.38152564047614,0.0,0.0,0.0063265787526008,0.0,0.0,0.0969799801033788,0.0,0.0,0.0030018843730117,0.0,0.252609638512777,0.0082417571295902,0.0,0.0,0.0051063341665328,0.0,11.0454161309311,0.0,0.140867164411418,0.0,0.0042130453330621,0.0,0.0,0.0014154396604196,0.0,0.483502919970416,0.0379029054232385,0.0095256580681763,0.0,0.2785724680546,0.0780731204716869,0.0,0.0,0.0,0.246048531168153,0.381552946351352,0.0,0.0057166907622228,0.0,0.0,0.0,0.0,0.0086632939935013,0.0,1.70351361141272,0.0219029515070598,0.0149241451683743,0.0196990308589214,0.0008069365567898,0.006547657533227,0.0035429020277358,0.785676188976296,0.0,0.0,0.0055086169591621,0.0,0.0678634990957972,0.0,0.197510040457531,0.152221677872604,0.0,0.0,0.0,0.0,2.16433031460635,0.176125686736833,0.0,0.0,0.0,0.0,0.0,0.0137440983219876,0.000910427053582,0.0,0.0,0.0,0.0,0.0223478868340384,0.0,0.551215926021074,0.0,0.000662572060385,0.008557656778997,0.0,0.0006573476778353,0.0,0.002584963622181,0.0189511271646621,0.0,0.0,0.0,0.0094048748006031,0.0,0.0015913781360545,0.0303601218208872,0.0020966998924799,0.0019581935226514,0.0,0.0051649762591013,0.0,0.0096517012698952,0.0,0.0051342078750821,0.0,0.0262879374986191,0.0,0.0,0.0,0.0,0.0011447185718737,3.23305860165791,0.23708736304809,0.0017301945710083,0.0,0.0009120459937438,0.0,0.0,0.001012448859413,0.0,0.0,0.0,0.0124730126404717,0.0,0.0,0.0,0.0016989743593393,0.0,0.0019543081397352,0.0013740522927746,0.0,0.0,0.0034141343304274,0.0,0.0,0.0,0.0,0.0015417433034995,0.0,0.0,0.0,0.0,0.0,0.0,0.001052897128031,0.0,0.0826559832916793,0.0,0.0029604925227081,0.0,0.0120813332034616,0.0069678090319587,0.112161428053351,0.305223041276309,0.0,0.0,0.0019208511654134,0.0,0.0,0.0011152820563867,0.0,0.0511803498444878,0.0,0.0200930157403769,0.0105675609068618,0.0,0.0,0.0068595010982555,1.11852675984673,0.601215351023318,0.0860428196511641,0.0,0.0,0.0,0.0009710396265428,0.0013294372519687,0.0,0.0,0.0,0.0097437887974288,0.0020970773403347,0.0052998850909346,0.0,0.0,0.0007800814942005,0.0,0.0,0.64478619603879,0.0,0.0080453821865935,0.0,0.0477035345725551,0.0,0.0154873407953036,0.0061419777372256,0.0,0.0,0.0,0.002367115802456,0.0,0.0,0.0087581288035235,0.0,0.0036864367198166,0.0,0.0,0.0,0.0,0.220721466527855,0.383111445724829,0.0006394773505981,0.0,0.0038660724603506,0.0,0.0009796618842693,0.0,0.0,0.0,0.001122643345981,0.0,0.0103290310613579,0.0067576193326532,0.0,0.0,0.0009355842851312,0.0,8.23144563027559,0.0,0.0064715605503429,0.0,0.0017753486112816,0.0,0.0,0.0127797357561468,0.0,0.0883208620477906,0.0310941408847606,0.0,0.0,0.0402675101927411,0.0101266897937167,0.0,0.0,0.0145826707702882,0.0611012052145996,0.0,0.0,0.0,0.0,0.0,0.0,0.0,0.0014346087688077,0.0,0.325438936193058,0.0,0.003921323518713,0.0029939471992911,0.0,0.0031600068082586,0.0,0.0069360967085774,0.0,0.0,0.0012030878125674,0.0,0.0,0.0
AIp,1.14300184074058,0.015886697979191,0.0,0.0,0.0,0.0,0.827810285393349,4.01155662052361,0.0,0.0,0.0,0.0,0.0,0.0026760216596345,0.0707144462278407,0.0006371651361208,0.0069404977513632,0.0,0.0050139491887606,0.163049132606292,0.0,0.393974947643642,0.117575052075717,0.0038945251907537,0.0182158012920049,0.0881585734505948,0.0,0.0,0.001744187320027,0.0,0.0,0.0343112207532663,0.0,0.0,0.09161659296775,0.0663140359239899,0.0092621727937381,0.0,0.0033758232215176,0.0,0.0165391455592838,0.0151609545390553,0.0071181650376234,0.158406937572309,0.005703147268395,0.0,0.708764443718285,0.0865954503760222,0.339145437114907,1.62406121544259,0.0,0.0,0.239021432995163,2.12274883510897,0.0947041702934782,0.0,0.0,0.552557926543588,0.681816696632058,0.0015515090474955,0.0007571234899361,0.0,0.158040781168187,0.941727523473392,0.0,0.0,0.0008105878811258,0.0037334429968663,0.859741136923483,0.0,0.0008889602974171,0.0,0.0,0.0,0.0030938073731557,0.0055576082146028,0.0,0.0,0.0093094358239614,0.0,0.007952855704106,0.0,0.0038575426012914,0.007940746736855,0.0036792658455439,0.0,0.0166295675390561,0.372334372741637,0.0,0.0112041406892534,0.475110313177424,0.0432446834227838,0.0107290885751197,0.0349126929946195,0.0043967351512194,0.0,0.0,0.0083350870948846,0.0,0.0037718119584369,0.0007591228507173,0.0573673530004794,0.0,0.0,0.0,0.0008629362336205,0.0,0.0,0.0169958120317097,0.158826225621139,0.258922686821075,0.0609282389191029,0.0,0.123847362890987,1.38954833495831,0.0,0.0,0.0,0.0144586621383473,0.003126598195463,2.56803888722484,0.0012287332468702,0.0014149928679532,0.0,0.0,0.0,0.0,2.39353004551165,0.0352551713875464,0.0,0.0140076721211507,0.0,0.0178681153539186,0.0,0.0,0.0,0.0,0.0008979962151676,0.0,0.0,0.0036999819675339,0.0,0.0,0.0,0.0789357814394574,0.0,0.0,0.0,0.0,0.653224613278373,1.49123229505103,0.0,0.0,0.0084090955848834,0.002240243297381,0.0,0.0082453668845144,0.0,0.0,0.0,0.0,0.106846148510155,0.0010322033946643,0.0,0.0,0.0021058121173943,0.0,1.37708171359475,0.0,0.538937688453581,0.0009213571366913,0.0008018136860422,0.0,0.0,0.0115515265135571,0.0,0.148577491876171,0.0202908301881364,0.0006213660590103,0.0082670652834327,0.132364808501557,0.0039176015392909,0.0,0.0355020920632168,0.0,0.429942580993726,1.0431295349537,0.0,0.0,0.34302450737693,0.0,0.0,0.0,0.0025298724258091,0.0,1.22700333300401,0.0,0.004835114212239,0.038858972971971,0.0,0.0027052852225496,0.0,0.0175417753982556,0.0,0.0,0.0,0.0,0.0136376914062867,0.0,0.0833194571771887,0.050109123374903,0.0,0.0,0.0,0.0,0.247360335059291,0.283186611878547,0.0,0.0,0.0,0.0,0.0,0.0,0.0033652144165587,0.0,0.0,0.0,0.0,0.0358702020978206,0.0,0.333561261723179,0.0097545361156657,0.0045668329008025,0.0059428280040413,0.0,0.0,0.0,0.0010591913460814,0.0069184609743725,0.0,0.010162632753245,0.0,0.0,0.0043070944597886,0.0099333900102104,0.0245528003626063,0.0,0.0,0.0,0.003987038524652,0.0022125373745845,0.0037275665200405,0.0,0.0,0.0,0.0858864352133691,0.0,0.0,0.0267487992734466,0.0,0.0,0.0739345049985734,0.118397853820905,0.0,0.0,0.0,0.0,0.0,0.0,0.0,0.0,0.0305176844177325,0.0,0.0,0.0,0.0,0.0013187358331755,0.0197083177641126,0.0,0.0006382257381364,0.0,0.0,0.0204765695426125,0.0,0.0,0.0,0.0,0.0,0.0,0.0,0.0,0.0011911877209411,0.0,0.0011276272777345,0.0,0.0010511488262506,0.147689544538736,0.0,0.0042715296501805,0.0144358205132228,0.0111197444266067,0.0009886239765416,0.0368541633327591,0.0329521964910136,0.0,0.0,0.0017098320300789,0.0,0.0009374193282888,0.0,0.0012431639017383,0.0,0.0020532794720207,0.0105065218540732,0.0,0.0,0.0,0.0092252631483581,0.0,0.105697719759557,0.0369091865276109,0.0,0.0,0.0,0.0,0.0,0.0,0.0026091290316313,0.0009869585084018,0.0163076888369452,0.0,0.0006477541844063,0.0,0.0,0.0,0.0,0.0,0.193157359262433,0.0,0.0030386836196272,0.0,0.0181031786470372,0.0,0.0,0.0022979784783241,0.0,0.0,0.0,0.0,0.0,0.0,0.0,0.0,0.0064795217076628,0.0,0.0,0.0,0.0,0.575130695817791,0.0,0.0,0.0021341063428504,0.0019342223392038,0.0016762213836305,0.0,0.0,0.0,0.0,0.0,0.0,0.0146950206975957,0.0,0.0,0.0,0.0008811323592686,0.0,2.75252231933513,0.0,0.0,0.0,0.0,0.0,0.0,0.0483789117664343,0.0,0.198410864180252,0.259796932558304,0.0,0.0138810791399808,0.1349861986676,0.0,0.0,0.0,0.0,0.0962482098136086,0.0,0.0,0.0,0.0,0.0,0.0,0.0,0.0044421250757064,0.0,0.298005341263197,0.0,0.0029465158283257,0.0090016960042904,0.0,0.0025802881442904,0.0,0.0,0.0,0.0,0.0029422074186594,0.0,0.0,0.0
AIv,1.07178080771776,0.111002548401664,0.0,0.0026312727022945,0.0,0.0,0.508998653100387,0.0,2.11737084205899,0.0,0.149638075590474,0.0,0.0,0.0,0.368776387782747,0.0009545846201176,0.0,0.010362612712436,0.0074953676275234,0.121261500939944,0.0,0.870615861010426,0.0899843558456692,0.0,0.0173970141862302,0.0037002121795176,0.0054175653684643,0.0,0.0027656345304523,0.0,0.0,0.0330148804954311,0.0,0.0,0.0434126457555585,0.0334100643148477,0.0219511112438427,0.0024336741096382,0.0,0.0,0.003808390961418,0.0086309586910924,0.0049612329116562,0.246721373438706,0.0097086758166224,0.0,0.431098745800516,0.0,0.487493509417787,0.0,0.0,0.0,0.0627885112715466,1.87601084674646,0.0795159170715761,0.0,0.0,0.288431406259629,0.0,0.0044730870703082,0.0024897356303696,0.0,0.274817184311053,1.06591200496147,0.0,0.0,0.0,0.0078732990015609,0.0,0.0045358346911937,0.0030439785442927,0.0,0.0,0.0,0.0,0.0,0.0,0.0,0.0068041062029165,0.0007979211588854,0.0,0.0,0.0020150918857537,0.460184784713355,0.0050262062777513,0.004478248561303,0.0,0.226342520864326,0.0,0.0026710855147538,2.9451149708162,0.0265652814974235,0.0,0.0014918879862312,0.0559045811076417,0.0,0.0018473830758747,0.0099864309411781,0.0,0.0060899166325415,0.0041060666677215,0.0171142107794896,0.0,0.0028647246155543,0.402846648850635,0.005554254575938,0.0,0.0,0.016917009172785,0.681904377277818,1.47954258700176,0.32857860632562,0.0,0.0910432111618282,0.934390685335339,0.0,0.0041657142804208,0.0,0.0045451867037028,0.0043653689971157,1.40218669252686,0.0,0.0091119037799803,0.0,0.0,0.0,0.0,1.989099868743,0.218892317492844,0.0,0.0233622700167024,0.0,0.0436226937350005,0.0,0.0,0.0107809305286813,0.0,0.0,0.000655687838139,0.0,0.0,0.0,0.0140426104978867,0.0,0.220176634981065,0.0,0.0,0.0,0.0,1.02779351448494,0.926746806259187,0.0,0.0,0.0100788419103923,0.0,0.0032628806893365,0.0081584429902468,0.0,0.0,0.0022496199643276,0.0,0.208642771036216,0.0029986096122073,0.241102605042758,0.0,0.0014508072774427,0.0,0.0,0.0,0.0415108868390601,0.0,0.0011200925990936,0.0,0.0,0.0130116723726556,0.0,0.0,0.0008857448467441,0.0043861933009424,0.0,0.0140118399033797,0.0100484045859888,0.001332087813737,0.0,0.0,0.295408137823829,0.114535649068117,0.0,0.0,0.726735687594711,0.0,0.0,0.0,0.0052524770951692,0.0,0.314893175254648,0.0195969411647615,0.0184072259312429,0.0261975724966719,0.0,0.0113025692940007,0.0013626015040061,0.0491448997991923,0.0,0.0,0.0016353557388702,0.0,0.0319686003729943,0.0,0.0490075777922379,0.110938324066837,0.0,0.0007109461551434,0.0,0.0,0.0548273983715648,0.0036180543525473,0.995410707818545,0.0,0.0,0.0,0.0,0.0,0.0504858514155841,0.0,0.0,0.0,0.0,0.0379412587228481,0.0,0.202880656138042,0.0099890117505709,0.0,0.0071178391822784,0.0,0.0,0.0,0.0014723235239622,0.0,0.0853870094005724,0.0100938054608427,0.0,0.0007083660901921,0.0009808583482169,0.0,0.0222414818877907,0.0007776682333169,0.0,0.0,0.0059477841827733,0.0006479988286624,0.0016150243796951,0.0,0.0,0.0,0.0353893616750237,0.0,0.0,0.0,0.0,0.0,0.0,0.0287152559420421,0.0,0.0,0.0,0.0,0.0,0.0009129778738132,0.0008533936360056,0.0,0.0,0.0017194428601292,0.0,0.0,0.0,0.0017742242591684,0.0,0.0014139366996425,0.0,0.0,0.0,0.0059745144110098,0.0,0.0,0.0,0.0,0.0,0.0,0.0,0.0,0.0026938025850052,0.0,0.0,0.0006720529811941,0.0011317414656979,0.068732753405248,0.0,0.0050087604090903,0.0,0.0052386777558968,0.0,0.0029602104186354,0.0965612454763366,0.0,0.0,0.0016745312188913,0.0,0.0009261504278786,0.0013562950790527,0.0024820651131284,0.0,0.0009288030786662,0.0,0.0136497155260592,0.0,0.0,0.0009997537530309,0.354961950337283,0.683426306731459,0.238231348297823,0.0,0.0,0.0,0.0009198329200448,0.0014308320531629,0.0,0.0006593619742928,0.0014660702238762,0.0,0.0015998656305064,0.005544669612282,0.0,0.0,0.0,0.0,0.0,0.317412281989426,0.0,0.0074896848905178,0.0,0.0612956380587116,0.0,0.0019462606576471,0.0024896926404299,0.0,0.0,0.0,0.0,0.0,0.0,0.0,0.0,0.0028217639429508,0.0,0.0,0.0,0.0,0.76838614865692,0.0,0.0,0.0,0.002191816873323,0.000641135879228,0.0,0.0,0.0,0.0,0.001104382418193,0.0,0.0083765410897819,0.001470904670195,0.0,0.0,0.0010823791864393,0.0,0.996099372199804,0.0,0.0,0.0,0.002085638315081,0.0,0.0,0.0155020200876008,0.0038177950732196,0.0011228064428691,0.0034069441931264,0.0,0.0,0.0084771159252949,0.0024118670919007,0.0,0.0,0.0,0.0641094407822608,0.0,0.0,0.0,0.0083464045481825,0.0,0.0,0.0,0.0015079977869825,0.0,0.0202045373104299,0.0014464474831747,0.0042875781078165,0.0022142520318406,0.0,0.0022575027533232,0.0,0.0,0.0,0.0,0.0028398077387244,0.0,0.0032506801270945,0.0
AMB,0.0,0.0,0.0,0.0,0.0,0.0,0.0,0.0,0.0,1.23846159045748,0.0,0.0,0.0,0.0,0.0,0.0,0.0,0.0,0.0,0.0,0.0,0.0,0.0,0.0006585383442536,0.0,0.0,0.0,0.0015213506514518,0.0,0.0,0.011519039646038,0.0025749385713652,0.0,0.0,0.0,0.0,0.0,0.0,0.0,0.314217674118445,0.0,0.0026009587073625,0.00086097508627,0.0,0.0,0.0,0.0,0.0,0.0,0.0,0.0,0.0,0.0,0.0,0.0,0.0162220386178011,0.0,0.0,0.0,0.0,0.0,0.0,0.0,0.0,0.0,0.0,0.0,0.0347947954939706,0.0,0.0056168204227621,0.0,0.0,0.0,0.0,0.0009496597994469,0.0,0.0,0.0,0.0,0.0,0.0,0.0,0.0325707962720859,0.0,0.0125339249949937,0.0285892786499126,0.0,0.0,0.0,0.0,0.0,0.0,0.0,0.0,0.0,0.0,0.0,0.0,0.000727497860758,0.0,0.0,0.0,0.0,0.0378957736789846,0.0,0.0,0.0,0.0,0.0660462530800075,0.0,0.0,0.0,0.0,0.0,0.0,0.0,0.0,0.0,0.0,0.0,0.0,0.0,0.0,0.0,0.0,0.0050178811554688,0.0,0.0,0.0010118730373077,0.0,0.0,0.0,0.0,0.0,0.0020892856832136,0.0,0.0,0.0011026858472673,0.0,0.0,0.0095285979394568,0.0008044781178577,0.0,0.0066424201536479,0.0,0.0,0.0,0.0,0.0,0.0,0.0,0.0,0.0006499486904076,0.0,0.0,0.0,0.0,0.0055792382838261,0.0,0.0,0.0,0.0,0.0,0.0,0.0,0.0,0.0,0.0,0.0,0.0,0.0025614327103891,0.0070948763010099,0.0165229294986717,0.0,0.0,0.0,0.0,0.0,0.0,0.0,0.0,0.0,0.0,0.0,0.0169018520047058,0.0,0.0,0.0,0.0,0.0,0.0,0.0,0.0,0.0,0.0,0.0,0.0,0.0,0.0,0.0,0.0,0.0,0.0,0.0,0.0,0.0,0.0,0.0,0.0,0.0,0.0,0.0,0.0,0.0,0.0,0.0,0.0,0.0,0.730467300557384,0.0,0.0,0.0,0.0,0.0,0.0,0.0,0.0,0.0,0.0,0.0,0.0,0.0,0.0,0.0,0.0,0.0,0.0,0.0,0.0,0.010715375911715,0.0518497467486532,0.0,0.0,0.0,0.0,0.0,0.0,0.0,0.0484419518839998,0.0,0.0,0.0,0.0,0.0,0.0,0.0,0.0,0.0,0.0,0.0,0.0,0.0,0.0,0.0,0.0,0.0063646837462468,0.0,0.0,0.0,0.0,0.0,0.0,0.0,0.0,0.0,0.0,0.0035540659400576,0.0,0.0,0.0,0.0,0.0,0.0,0.0,0.0,0.0,0.0072573169306967,0.0,0.0,0.0,0.0,0.0,0.0,0.0007284639774395,0.0,0.0,0.0,0.0,0.0,0.0,0.0,0.0,0.0006761143359996,0.0,0.0,0.0,0.0,0.0,0.0,0.0,0.0,0.0,0.0026148081520772,0.0,0.0,0.0,0.0,0.0338328716965899,0.0,0.0,0.0,0.0,0.0,0.0,0.0013210836130738,0.0,0.0,0.0,0.0,0.0,0.0,0.0,0.0,0.0,0.0106731507812923,0.0,0.0,0.0,0.0,0.0,0.0,0.0,0.0,0.0,0.0,0.0,0.0,0.0,0.0,0.0017781791813689,0.0,0.0,0.0,0.0,0.0,0.0,0.0,0.0,0.0,0.0,0.0072542358605261,0.0,0.0,0.0,0.0,0.0,0.0,0.0,0.0,0.0,0.0,0.0,0.0,0.0,0.0,993.748698312237,0.0,0.0,0.0,0.0,0.0,0.0009202266604151,0.0006264550313154,0.0010060645637111,0.0,0.0,0.0,0.0,0.0,0.0,0.0,0.0,0.0,0.0198416583897517,0.0,0.0,0.0,0.0,0.0,0.0,0.0694571258285432,0.0,0.0,0.0,0.0,0.0008768427688374,0.0,0.0,0.0,0.0,0.0,0.0,0.0,0.0,0.0,0.0,0.003581656328079,0.0049082164313418
AMd,0.0,0.301559725769545,0.0726443991373994,0.0,0.0,0.0165199134788795,0.0,0.0,0.0,0.0,1.57585509682056,0.0,0.0,0.0,0.0,0.0,0.0,0.0030820443533276,0.0,0.0,0.0922248217631883,0.0014285932716023,0.0,0.0045974656904692,0.0294519952591697,0.0,0.0,0.0,0.0,0.745623455714792,0.160051718077629,0.0538154888344202,0.175437701186271,0.0,0.0,0.0,0.0119081037946495,0.0,0.0,0.0766719050523848,0.0032999302307205,0.0,0.0052476413649231,0.0,0.0022305530606841,0.0419405178132685,0.0256111030371587,0.0268796055941776,0.0,0.0188689219343166,0.0037761336437097,0.0,0.0,0.0063223321561158,0.0460282769762325,0.957963184790436,0.0,0.0021808191166975,0.0,0.0,0.0,0.0,0.188663307298488,0.0127412378057351,0.0,0.0,0.0,0.0,0.0,0.0,0.0,0.0,0.0,0.0,0.0,0.0,0.0184524621386939,0.0012406984811775,0.0,0.0,0.009587364513052,0.0123807721795322,0.0,0.059489104938168,0.0,0.0,0.0,0.0,0.0,0.0,0.170393102009613,0.778092076898575,0.0,0.0,0.0452437319662437,0.0,0.0,0.0,0.0,0.0064285636831177,0.0,0.0615914921518755,0.0608710278800051,0.0,0.0,0.0,0.520558939119363,0.0380009710600854,0.0,0.0312762237282371,0.0,0.168033662095647,0.0294639508093188,0.0021981148015235,0.0021811645766819,0.00101292712322,0.0,0.0,0.0,0.0064289435614728,0.0,0.0,0.0,0.0,0.0,0.0,0.0,0.0,0.175056893334684,0.406969591308098,0.0,0.0,0.0022639150392888,0.0,0.0082424818376143,0.0202880379961771,0.0,0.0,0.0,0.0,0.0,0.0,0.0044301008388129,0.126319277365681,0.099121595200037,0.0,0.0,0.0,0.0937693781417831,0.0,0.0,0.0026543411332575,0.0301238306089864,0.0497375699878825,0.173285458087214,0.0569833316063193,0.0315236374150834,0.0,0.0006469391348775,0.0,0.0,0.0105749123196396,0.0,0.0,0.0,0.0012049064298528,0.0,0.0,0.0,0.0,0.0,0.0,0.0,0.0,0.0034042500158487,0.0055600962342521,0.0,0.0,0.0077356331419961,0.0,0.0,0.0,0.0,0.0,0.0049030894608001,0.0,0.0,0.0,0.0,0.0,0.0096527761027976,0.0,0.0,0.0,0.0,0.0015970421673184,0.0169120652155253,0.121187475560097,0.0033383783570714,0.0,0.0,0.208577125911344,0.0,0.0,0.0,0.0,0.0,0.0,0.0,0.0,0.0617473944341818,0.01136253836875,0.0,0.0,0.0,0.0,0.0,0.0,0.0,0.0512774857663049,0.0,0.0,0.0,0.0,0.0,0.0,0.0,0.0,0.0,0.0009222061579379,0.0,0.0,0.0,0.0143195511241407,0.0,0.0,0.0,0.0,0.0,0.027433408547614,0.015453084620066,0.015010589609649,0.0,0.0,0.0,0.015960308506303,0.0,0.0,0.0,0.0014584627763885,0.0,0.0342521777698365,0.0,0.0,0.0274205321182084,0.0178339865530606,0.0035128067782588,0.0,0.0102039755440371,0.0,0.0012083132411575,0.0,0.0,0.0007314123486458,0.0124916815595519,0.0,0.0,0.0,0.0,0.0,0.0006528088841121,0.0931676429561759,0.0101971875587007,0.0048783485744831,0.0,0.0,0.0,0.0,0.0019379130130093,0.0,0.0,0.0,0.0023905045101198,0.0,0.0,0.0091694472161783,0.0010592920317147,0.0,0.0,0.0,0.0,0.0,0.0,0.0,0.0012633086850008,0.0,0.0,0.0,0.0,0.0215140106770848,0.0659507171081941,0.0,0.0,0.0127442745513807,0.0,0.0,0.0,0.0,0.0062496889393855,0.0,0.0131906563354772,0.0293486252547879,0.0006610059680361,0.0,0.0,0.146605136867816,0.0723147123521172,0.0,0.0023634340379793,0.0,0.0172731523040521,0.0,0.0,0.0,0.0,0.0,0.0,0.0,0.0,0.0,0.0,0.0,0.0,0.0,0.0,0.0034615527079478,0.0,0.0,0.0,0.0,0.0,0.0,0.0,0.0023303801150902,0.0022263292313896,0.0,0.0,0.0,0.0,0.0,0.0070218003017272,0.0,0.0439820778919583,0.0097634410987992,0.0,0.0,0.0,0.0,0.0611357192421565,0.0,0.0009312953752651,0.0,0.002396956796773,0.0089173433008807,0.0204125268634773,0.0024384175118763,0.0,0.0008992348930183,0.0,0.0,0.0,0.0,0.0,0.0,0.0,0.0,0.0,0.0,0.0080248155086874,0.0,0.0,0.0,0.0,0.0,0.0015585545118759,0.0,0.0,0.0015423784448788,0.0,0.0,0.0,0.0915760175482034,0.0,0.001139170099106,0.0,0.0,0.0,0.0,0.0,0.0030473177757025,0.0,0.0025687887054734,0.0,0.0,0.0,0.0,0.0293196485912707,0.0,0.0,0.0,0.0274848918881467,0.0,0.0008472984136575,0.0,0.0,0.0,0.0108288085499004,0.0
AMv,0.0,0.239436656390065,0.058151370844139,0.0,0.0,0.0136805532728055,0.0,0.0,0.0,0.0,0.483754752817709,0.411197460171066,0.0,0.0,0.0,0.0,0.0,0.0027993471015599,0.0,0.0,0.0626042357774288,0.0007303846862294,0.0,0.0062858987961867,0.0138326942417978,0.0,0.0,0.0,0.0,0.0,0.205714490838955,0.0313862243303491,0.288126215710441,0.0,0.0,0.0,0.0057453639950759,0.0,0.0,0.120407193965938,0.0015979766331152,0.0,0.0007033837529026,0.0,0.0033265318496408,0.0233169808315067,0.0127983113803685,0.0173073970857602,0.0,0.0149300263501127,0.0,0.0013222549903382,0.0,0.0173756278780547,0.0705136290912482,0.140869524843987,0.0,0.0026173101713115,0.0,0.0,0.0,0.0,0.150138178717774,0.0,0.0009626750470579,0.0,0.0,0.0,0.0,0.0,0.0007842444617521,0.0,0.0,0.0,0.0196535825205933,0.0,0.003917702248929,0.0,0.0,0.0,0.0020516932569668,0.0336562733587752,0.0,0.0536804892960501,0.0,0.0,0.0,0.0,0.0,0.0,0.362001446330561,0.0984001343090077,0.0,0.0,0.0521919774760215,0.0,0.0,0.0,0.0,0.0033845258694168,0.0,0.0294469809844253,0.103793701439427,0.0,0.0,0.0017011466589729,0.565338081365087,0.0150107875212921,0.0,0.0513767555908508,0.0,0.183590690807729,0.0101113978554805,0.0009080977732499,0.002525460190507,0.001365940556499,0.0,0.0,0.0,0.0081883766350542,0.0,0.0,0.0,0.0,0.0,0.0,0.0,0.0,0.209702465891032,0.110095282044093,0.0,0.0,0.0020861407011032,0.0,0.007022252890844,0.0229754271872053,0.0,0.0,0.0,0.0,0.0,0.0,0.0099575512040113,0.0797702290694364,0.0570839482622673,0.0,0.0,0.0,0.104313314360713,0.0409229175653627,0.0,0.0052820163845639,0.0333082387937088,0.057827116359765,0.0289588825587993,0.0239825166281536,0.0623311640164465,0.0140380187933531,0.001448324528562,0.0,0.0,0.0088818181845545,0.0,0.0,0.0096034656597618,0.0021128406614827,0.0,0.0,0.0,0.013810182836229,0.0,0.0,0.0,0.0,0.0051103773011785,0.0056786442850698,0.0,0.0,0.0109454868208175,0.0,0.0,0.0,0.0353260857587729,0.0,0.0056527028021828,0.0,0.0,0.0,0.0,0.0,0.0022455125754977,0.0,0.0,0.0,0.0,0.002382917895087,0.0112780794720538,0.0994794317149926,0.0026327712574378,0.0,0.0,0.0984871414376085,0.0013393819017725,0.0,0.0,0.0,0.0,0.0344535505615537,0.0,0.0,0.0236932490828436,0.0,0.0,0.0,0.0,0.0,0.0,0.0,0.0008910576853049,0.0070811040296201,0.0,0.0,0.0,0.0,0.0,0.0055834960772067,0.0,0.0,0.0,0.0020330350513542,0.0,0.0,0.0,0.0082419929829461,0.0,0.0,0.0,0.0,0.0,0.0200615065604193,0.0091621061086535,0.0330668251366973,0.0,0.0,0.0,0.0091148387641489,0.0,0.0,0.0020360742503132,0.0007983998402635,0.0,0.0143204696571483,0.0,0.0,0.0172570701627706,0.0108562805208875,0.0028322128424045,0.0,0.0,0.0,0.0031327826124176,0.0,0.0,0.0,0.0027973886411157,0.0,0.0,0.0,0.0,0.0,0.0,0.0596858938994778,0.0011885606117143,0.0019873817589156,0.0,0.0,0.0,0.0,0.0017645937482916,0.0,0.0,0.0,0.0035473703726885,0.0,0.0,0.0017380750600097,0.0009261508945204,0.0,0.0,0.0,0.0023481672417752,0.0,0.0,0.0,0.0,0.0,0.0,0.0,0.0,0.0316533765463056,0.0195910053355909,0.0,0.0,0.0086270634699657,0.0,0.0,0.0,0.0,0.0021713749382582,0.0,0.0065547081907727,0.0204290879647614,0.0,0.0006090492274684,0.0,0.120356775852659,0.049756451004986,0.0012349180478464,0.0039667505539009,0.0,0.0130480385590893,0.0,0.0,0.0,0.0,0.0,0.0,0.0,0.0,0.0,0.0,0.0,0.0,0.0,0.0,0.0037305234991183,0.0,0.0,0.0,0.0,0.0,0.0,0.0,0.0010556553798212,0.0010059028028298,0.0,0.0,0.0,0.0,0.0,0.0,0.0,0.0260208045698088,0.0094288547235307,0.0,0.0,0.0,0.0,0.0718485844599657,0.0,0.0,0.0,0.0017848235887963,0.0040402210590124,0.001478177553447,0.0011674746631803,0.0,0.0,0.0,0.0,0.0,0.0,0.0,0.0,0.0,0.0,0.0,0.0,0.0008852456634458,0.0,0.0,0.0,0.0,0.0,0.0016400833411992,0.0,0.0,0.0010885992804829,0.0,0.0,0.0,0.0144039630281221,0.0,0.0027289747172371,0.0,0.0,0.0,0.0,0.0,0.0,0.0,0.0007725779922014,0.0,0.0,0.0,0.0,0.0101956448774412,0.0,0.0,0.0,0.0104998592565294,0.0,0.0,0.0,0.0,0.0,0.016184293093689,0.0
AN,0.0,0.0014175027618999,0.0,0.0023734801460651,0.0,0.0,0.0,0.0019836975278271,0.0009498567647685,0.0,0.0,0.0632961236537384,1.79355274509213,0.0,0.0,0.0021361808631355,0.0,0.0,0.0016308772432071,0.0,0.0105845521345006,0.001670728356012,0.0066439526412161,0.0064713695267553,0.0,0.0321293322987267,0.0,0.0,0.0246713156668648,0.0,0.0,0.0,0.0,0.0045877491571744,0.0,0.0022004440692786,0.050306054476814,0.0,0.0,13.9595145996519,0.025022968525933,0.0,1.57605381791508,0.0703160398162363,0.0364314441607817,0.0024226609056397,0.0049293747391789,0.0,0.0014188526367346,0.0,0.0,0.171102464899279,0.0174113700460602,0.0,0.0444095852457489,0.0,0.097981290347878,0.0,0.0,0.0024943380735479,0.0144963358989494,0.0,0.0,0.0155272350440904,0.0,0.0120738073680397,0.0,0.0478759471308646,0.0,0.0,0.0039283247738152,0.0,0.0,0.0,0.0,0.003415406508583,0.0046352651424825,0.452097965749925,0.0297472203939799,0.0,0.0,0.0,0.0,0.0,0.0,0.0,0.0,0.0,0.0,0.0,0.0,0.0123039035626407,0.0027394317570368,0.0010712486396086,0.0013015719604211,0.0,0.0,0.0163752253720109,0.0008175233035279,0.0,0.0,0.0,0.0,0.0,0.0,0.0,0.0,0.0,0.307734363817992,0.0,0.0,0.0,0.0,0.0030967437419723,0.0,0.0,0.0024992437340856,0.0,0.0495575591296184,0.0,0.0156551242886329,0.0,1.05381355601087,0.0,0.0,0.0,0.0,0.0006212087315199,0.0,0.0071792240383752,0.0036745898496539,0.0,0.0512553604293389,0.0,0.0,0.0039722515790914,0.0075781882442827,0.0,0.0,0.28872241954518,1.99768518630122,0.0,0.0,0.0,0.0027480393513991,0.0102044487966985,0.0007044480202546,0.0,0.0,0.0,0.0,0.0,0.0,0.0084324441354815,0.0198878242772724,0.0,0.0028031268147097,0.0,0.0,0.0014646054118044,0.0,0.0,0.321892244975844,0.0,0.0,0.0013965176602634,0.0,0.0,0.0,0.0,0.0173490340943326,0.0,0.498086909400079,0.825119465401066,0.0023878771942823,0.0,0.004386290873393,0.0,0.0,0.0050762117394507,0.0063747105839252,0.003191263646249,0.0,0.0,0.0,0.0,0.0,3.28667211356664,0.0,0.0,0.0,0.0,0.0,0.0,0.0,0.0,0.0334174944599449,0.0019972320340043,0.0,0.0023113331364002,0.0407055178314912,0.0,0.0015936875255017,0.0028289716479993,0.0053959624959624,0.004455117914564,0.0,0.0094834044398258,0.0,0.0,0.0,0.0026768701646955,0.0006614080318588,0.0,0.0,0.0,0.0021993231701743,0.0,0.0,0.0,0.0179930527369344,0.0,0.0,0.0,0.0014086134420705,0.0,0.0,0.0009157571522713,0.0,0.0037593076912382,0.0033892060794304,0.0017683188937354,0.0016714981096392,0.0006171543882195,0.003741421951299,0.0,0.0,0.0304755096065401,0.0539322820394786,0.0,0.0,0.0,0.0019716490356973,0.0,0.0013781018578809,0.0400420449427246,0.0042758899495355,0.0,4.05223224594954,0.0084240896683494,0.0,0.0008719733925544,0.0488437157323338,0.0106924227488173,0.0010596139553002,0.0026524071591112,0.0,0.0032213526068464,0.0,0.0,0.138090400652962,0.0066265481118637,0.0,0.0447478521513379,0.0,0.035236277940398,0.0,0.0,0.0,0.0243239816188076,0.0283148976994216,0.0,0.011167345844484,0.0,0.00182830027537,0.0,0.004468974912895,0.0,0.0,0.0,0.0,0.0,0.0,0.0,0.0,0.002131707451858,0.216079017824372,0.0042001909573597,0.0,0.0,0.0,0.0,0.0,0.0,0.270852675641511,0.0,0.023940888758374,0.0,0.0,0.0007514586225633,0.036813232449387,0.0015638201345032,0.0014950346679979,0.0048445887585735,0.0,0.0,0.0055759640420702,0.0,0.0,0.0,0.0,0.0,0.0,0.0,0.0,0.0,0.0,0.0773793109675309,0.0,0.0,0.0,0.0008772671865429,0.0021514824637544,0.0,0.0011416610767313,0.0017821853639165,0.0118396793801353,0.0201701712369553,0.0022467320913374,0.0120158073558095,0.0020570512400054,0.358274205365698,0.0,0.0,0.0125159210394673,0.0,0.0,0.0,0.0106139355836016,0.0027987944884677,0.0,0.0446467604987934,0.0,0.0,0.0024688001157954,0.0,0.0,0.0,0.292620423783208,0.490267292268045,0.0,0.0,0.0,0.0009677722029385,0.0226253695878967,0.0,0.0,0.0,0.0011258955149509,0.0,0.0014603714674109,0.0031695557501376,0.003033106875991,0.0064401519693838,0.0007573545317952,0.0,0.0,0.0,0.0008923593630375,0.0,0.0,0.0,0.0,0.0,0.0014941527740981,0.0,0.0,0.0,0.0011564338939916,0.0066188854573008,0.0007712589135653,0.0618469797648974,0.229860437206114,0.0040410210203356,0.0,0.0103376367568396,0.0,0.0,0.0030636761536544,0.003548842601042,0.0045171615481484,0.0,0.0,0.0,0.0,0.0006099454351035,5.27279886127713,0.0,0.0,0.0,0.0,0.0,0.0,0.0,0.0,0.0301209982391148,0.0027030867058298,0.0010146663588533,0.0009743501683567,0.0050180105226732,0.0,0.0029694606603514,0.000947709072524,0.0,0.0014288660688866,0.0,0.0,0.0
AOB,0.0134686360281219,0.017808136164402,0.0,0.0068716049688027,0.0,0.0,0.0,0.0,0.0,0.0,0.028708592101867,0.0,0.0,1.93366451761378,0.510872760177833,0.0,0.0,0.0,0.0,0.0,0.0012461407651113,0.0,0.0,0.0,0.0054051200659933,0.065578852805051,0.0,0.0,0.0012754347828076,0.0,0.0,0.0093837553415502,0.0025942705749729,0.0,0.182175693670585,0.0008871807879515,0.0,0.0,0.0,0.0133940698853058,0.0,0.0009946829743997,0.0,0.0144272185481626,0.0,0.0,0.0057291752999545,0.005969244379705,0.0452733963477803,0.0,0.0,0.0,0.0067603774432849,0.0,0.0,0.0,0.0,0.004746618716716,0.0,0.0,0.0,0.0,0.0,0.0,0.0,0.0,0.0,0.0,0.0,0.0,0.0,0.0,0.0,0.0,0.0019535097727008,0.0008311521620268,0.0,0.0,0.0020696535807287,0.0,0.0054083375979413,0.443817526386359,0.0,0.0033688285959559,0.0,0.0,0.0402489718992469,0.0,0.0,0.0,0.0483817005588001,0.0,0.0902574049857635,0.0,0.0081159473991171,0.0,0.0,0.0,0.0,0.0018616676128085,0.0,0.0523375276284794,0.0,0.0,0.0,0.0,0.0,0.0,0.0,0.118549254689988,0.0044454976530399,0.0126153637095504,0.0831436009425159,0.0,0.064597224134803,0.0,0.0,0.0,0.0,0.0,0.0791958580052199,0.0,0.0,0.0,0.0,0.0,0.0,0.105716563332818,0.0104904610898532,0.0,0.0,0.0067594900895691,0.0028216481059816,0.0,0.0,0.0,0.0,0.0,0.0,0.0,0.0,0.0,0.0161176613375809,0.01717772652797,0.0,0.0013712473485774,0.0008486083118213,0.0,0.0,0.024004650626942,0.0,0.0,0.0,0.0,0.0,0.0008640360180813,0.0,0.0,0.0,0.0,0.0,0.0,0.0,0.0334787401076602,0.0,0.0,0.0,0.0,0.0,0.0,0.0,0.0,0.0,0.0,0.001618143597232,0.0,0.0,0.0,0.0,0.0,0.0,0.0,0.0,0.0,0.0010522440427881,0.0,0.0,0.0,0.0,0.171623201262382,0.0,0.0,0.0007011318841245,0.0,0.0,0.0029326176753738,0.0053951890250282,0.0025379186092672,0.0,0.0,0.0,0.0045320477322858,0.0168343856935402,0.0,0.0,0.0,0.0,0.0015999577606271,0.0,0.0,0.0043286010161435,0.0,0.0,0.0,0.0,0.0,0.0,0.0193111310411601,0.0,0.0,0.0,0.0,0.0,0.130991510683737,0.0,0.0,0.0,0.0,0.0,0.0,0.0,0.0,0.0,0.0007385861156809,0.0,0.0,0.0,0.0,0.0,0.0,0.0012318192758463,0.0,0.0,0.0084629655478134,0.0,0.0,0.0,0.0,0.0098547260708303,0.0,0.0007332702109665,0.0,0.0,0.0,0.0,0.0,0.0,0.0,0.0,0.0,0.0,0.001214079252671,0.0,0.0,0.0,0.0,0.0,0.0,0.0,0.0,0.0,0.0,0.0,0.0,0.0,0.0,0.0,0.0079961342211831,0.0,0.0,0.0,0.0,0.0008533674729404,0.0,0.0,0.0,0.0,0.0,0.0,0.0012196070996093,0.0,0.0,0.0,0.0,0.0,0.0,0.0483512172173053,0.0,0.0,0.0,0.0,0.0,0.0,0.0022037886466582,0.0,0.0,0.0,0.0,0.0012678814660836,0.0,0.0204868324785346,0.0,0.0,0.0,0.0,0.0,0.0,0.0,0.0095719895929718,0.0,0.0058412095252277,0.0,0.0,0.0,0.0,0.0,0.0,0.0,0.0,0.0,0.0,0.0,0.0,0.0,0.0,0.0,0.0,0.0013818209383973,0.0,0.0,0.0,0.0,0.0,0.0,0.0,0.0,0.0,0.0,0.0,0.0,0.0,0.0,0.0,0.0006071604470157,0.0,0.0,0.0,0.0,0.0170651102297791,0.0,0.0,0.0,0.0,0.0,0.0,0.0,0.0,0.0,0.0,0.0,0.0,0.0,0.0,0.0,0.0,0.0,0.0,0.0,0.0,0.0,0.0,0.0,0.0,0.0,0.0,0.0,0.0,0.0,0.0,0.0,0.0,0.0,0.0,0.0028680911913029,0.0006379467917228,0.0,0.0,0.0,0.0,0.0,0.0,0.0,0.0,0.0,0.0,0.0011511440084559,0.0012317909642953,0.0,0.0,0.0,0.0,0.0,0.0,0.0,0.0,0.0,0.0,0.0
AON,0.808106388104805,0.0626094550432504,0.0,0.182087392853441,0.0,0.0022218190990169,0.0109805647888686,0.0,0.435251266241611,0.0,0.20071681648583,0.0,0.0,0.359940030380248,9.61722214087506,0.0,0.0592225319057038,0.0,0.0,0.242783301098734,0.0,1.07178511929906,0.0668393934400466,0.0224195074324403,0.376542167240305,4.87341594080243,0.0,0.0,0.0010689534429699,0.0,0.0,0.164081329677541,0.0,0.0,0.361832773519832,0.0007453073877259,0.147987853636923,0.0,0.0,0.0,0.0102972975808998,0.0651908240507962,0.0022448110434007,0.0,0.0,0.0550063970862161,1.33654324070764,0.184292842287503,0.983630586597098,0.0,0.0,0.0,0.0,1.08672785626439,0.037455231196155,0.0,0.0,0.0929966723738341,0.0,0.0,0.0,0.0014916592699322,0.499594890712611,0.0,0.014107295017828,0.0,0.0,0.0020241954596611,0.0,0.0,0.0,0.0,0.0,0.142680739769969,0.0350968551086235,0.0,0.0020515848348928,0.0,0.0055573482628428,0.0,0.0,6.47393909155137,0.0007462915287198,0.0033431519181166,0.0010085453815522,0.0,0.0265444716604487,0.0145955978851448,0.0,0.0,0.164358075125442,0.0430310573199126,0.0972938405002369,0.0011891526391567,0.0202101029176706,0.0061994775408632,0.0,0.0008649396541771,0.0,0.300039842308756,0.0008781343578752,0.562613404750834,0.0,0.0,0.277637938638133,0.0060568389760474,0.0,0.0,0.0021716318749008,0.0706900592249364,0.36836062162134,0.461052289234629,1.09056955576194,0.382474824955012,1.87628887216385,0.0049841425145227,0.0,0.0,0.0083727415317106,0.0364838122738585,0.799606758552836,0.0,0.0017700759744067,0.0,0.0,0.0019413193935402,0.0136381776581752,3.41673474581185,0.230532074104441,0.0,0.0040081333052587,0.0,0.0028926987528694,0.0,0.002123487995101,0.0,0.0,0.0016630163788679,0.0,0.0,0.0,0.295113104733599,0.0,0.0377825673404011,0.546180778167432,0.0,0.0,0.0,0.0,0.770429107920143,0.0,0.0,0.0,0.0064096438637812,0.0,0.011851844087009,0.0124098645389042,0.0,0.0,0.0,0.0753810793565758,0.071664296200956,0.0,0.0,0.0,0.0,0.0,0.0,0.0,0.0177167804559136,0.0,0.0,0.0,0.0,0.0,0.001307392767583,0.0,0.0008174029829359,0.0058272386248943,0.0,0.0117531586641059,0.0009747640886179,0.0100733415889267,0.0,0.0,0.191700695564199,0.203579701281296,0.0,0.0,11.4121216611552,0.0028543674575262,0.0,0.0,0.0,0.0,0.158059916063052,0.0007363436007963,0.0146634309482816,0.0064703555088288,0.0,0.003979423468192,0.0017950845429263,0.0,0.0,0.0,0.0,0.0,0.138739403719732,0.0,0.0,0.0194726125148477,0.0,0.053999105078947,0.0,0.0,0.0091178744149248,0.0178539738460382,0.0,0.0110978486102816,0.0,0.0,0.0,0.0,1.31334066187179,0.0,0.0,0.0,0.0,0.0970324965185939,0.0,0.121140568688084,0.0311957819863343,0.0020812995474896,0.0104922015954857,0.0,0.0,0.0,0.0,0.0,0.0,0.246113471555224,0.0,0.0,0.0305827632269193,0.0,0.15634562512156,0.0,0.0,0.0,0.0051596443027323,0.0102617497724119,0.0006584841139502,0.0,0.0,0.0,0.186996101501217,0.0208456479586999,0.0,0.125000487046824,0.0,0.0,0.0,0.0,0.0,0.0,0.0,0.0,0.0,0.0,0.0,0.0,0.0709564816426009,0.0,0.0025732263275352,0.0,0.0,0.0,0.0,0.0,0.0,0.0,0.0503110391358826,0.0956971567180365,0.0,0.0,0.0,0.0022827371160171,0.0,0.0,0.0,0.0,0.0,0.0,0.0,0.0,0.0057891392762079,0.0164821655123232,0.0,0.0,0.187355987195663,0.0109616409638924,0.0106591741893894,0.001229715728281,0.0201772538916925,0.0,0.0,0.0,0.0,0.150409112335458,0.0007633235722985,0.0746885553189411,0.0,0.0011870044889083,0.0,0.0034266326307551,0.0,0.0,0.0019748838361057,0.0,0.0246139545861332,0.076205709854715,0.0,0.0,0.0445065270400255,0.0039873106947816,0.0,0.0,0.0,0.0010763497851165,0.0,0.0,0.0,0.0,0.0044995456958892,0.0,0.0,0.0122958655148065,0.213451151622848,0.0,0.0051044287717308,0.0,0.0050288062465022,0.0,0.0045624614464977,0.0,0.0,0.000691832571105,0.0,0.0,0.001123598612372,0.0,0.0,0.0,0.092139184684516,0.0,0.0,0.0,0.0,0.666072167129591,0.0,0.0,0.0,0.0,0.0,0.0019165480850705,0.0,0.0,0.0,0.000807911606151,0.0,0.0033000435229913,0.0,0.0,0.0,0.0,5.21402188161661,0.0,0.0,0.0328338619754439,0.0,0.0,0.0,0.0,0.0026766705934674,0.0,0.0,0.0,0.0009105138815088,0.0,0.001158575269106,0.006309186784889,0.0031504610845791,0.0,0.0,0.0853249183680235,0.0,0.0,0.0562149413446404,0.134601706503622,0.0,0.0,0.0,0.0,0.0,0.0062055296716279,0.0081824719022562,0.0,0.0,0.0,0.0113627127793551,0.0,0.0,0.0,0.0,0.0,0.0,0.0216943974697575,0.0
APN,0.0279049876499988,0.674062667443739,0.0,0.0,0.0,0.0063636798079685,0.0,0.0,0.0,0.177442948254873,0.0,0.0,0.0,0.0,0.0,2.21637321711391,0.0,0.0203952527513092,0.122493641908172,0.0,0.0084744656298963,0.0,0.0,0.0009082471380493,0.0,0.0,0.0,0.0,0.0,0.0,0.0,0.0,0.0,0.0,0.0,0.0,0.0,0.0,0.0,4.73763877707281,0.0027826321816832,0.159774056936108,0.0051360113530684,0.0,0.0,0.0,0.0033157534644614,0.0139684807833559,0.0,0.0,0.0,0.0012498287898832,0.0,0.0,0.0250322377034748,0.0,0.0265610291751041,0.0,0.0316157272234782,0.0,0.0,0.486244791881913,0.106767773631737,0.0,0.0,0.0,0.0044404181235282,0.0,0.0282593360251766,0.0120023519030025,0.0,0.0,0.0,0.0,0.0499673090910965,0.140461664922194,0.0032868589793031,0.0,0.0,0.0,0.0020678065292131,0.0,0.344605862522608,0.0,0.0,0.0191179353393237,0.0015938500396078,0.0,0.0,0.0205354568652094,0.0,0.0241926277935337,0.0,0.196497458717946,0.181671291751459,0.0,0.0,0.0,0.237581098078613,0.0,0.0691622063191983,0.0,0.0,0.0021292580233903,0.0,0.00125082801923,4.67953725800058,0.688754626204339,0.0537096702898555,0.0505436493934799,0.0,0.0043696823185628,0.0,0.0,0.0,0.0,0.0,0.0,0.0214412739030778,0.0,0.0009158003808562,0.0008528405721218,0.0,0.0716907185123853,0.446488211450303,0.0,0.0,0.0,0.0,0.0,0.0580353593443549,0.0,0.0,0.0,0.138375421442982,0.0,0.0,0.102258259481533,0.108837438781875,0.0,0.0252630298474386,0.0009752867931913,0.575551614371369,0.119736989051756,0.0,0.0,0.0,0.0,1.8123416709411,0.0,0.0,0.726930760367264,0.0,0.904142282714339,0.391145021276917,0.555457312093905,0.0,0.0,0.283641117385942,0.241460130030342,0.0,0.0,0.0,0.0,0.0335633984072027,0.147118970622118,0.0,0.0247390167629682,0.0,5.460554377625,0.0,0.0,0.0,0.0,0.467826850498666,0.103933833779968,0.0601545723358552,0.170510706414073,0.633763932595489,0.300193582835028,0.0552520651555558,0.0640555324938159,0.0,0.0,0.192106638793094,0.0754524249717555,0.0,0.0,0.0041826545081347,0.0,0.0,0.0,0.0,0.0,0.0086661898626362,0.0141501672188078,2.46560660437524,0.736600081917154,0.294728322357791,0.169580876073287,0.0,0.621132329286391,0.0732951459611731,0.0884627587896147,0.158522567972409,0.0,0.0,0.0,0.0,0.0050261964029227,0.0035394244410492,0.0,0.0,0.0,0.0,0.0,0.0,0.0,0.227761982635032,0.0,0.0,0.0,0.0,0.0,0.0237833706810871,0.0,0.0,0.0,0.0,0.0,0.000680985928262,0.0,0.0,0.0,0.0,0.0,0.0,0.0,0.0,0.0018884441883957,0.140686698797942,0.0,0.0,0.0,0.0,0.0,0.0,0.0,3.87951046402116,0.0,0.0493850822670265,1.58826318296849,0.0,0.0,0.0,0.0,0.0007894192608392,0.0,0.0,0.0,0.0135648662863351,0.0,0.0,0.0,0.0,0.0,0.0,0.0,0.0,0.0,0.0037547631705355,0.0089228163982101,0.0,0.0044881997508931,0.346697522675797,0.0021352998921397,0.0,0.0,0.0,0.0,0.0,0.0,0.0,0.005778223507702,0.0011419057777508,0.0,0.0,0.0,0.0,0.0,0.0,0.328507876033737,0.0,0.109128852797816,0.0,0.0,0.0,0.0,0.0,0.0,0.0071369763827736,0.0,0.0021868121818561,0.0054007300863512,0.0,0.0,0.16547073695634,0.0227797215588518,0.0,0.0108141921309115,0.0,0.0,0.104411807684562,0.0096131301170469,0.0,0.0,0.205993638587321,0.746673176179954,0.0088621636415534,0.0,0.0012228838905875,0.0,0.0,0.0,0.0279799694818821,0.0,0.0,0.0018851250239823,0.0,0.0,0.0,0.0007800052441149,0.0102221474980128,0.98388713122832,0.0,0.0,0.0,0.0,0.0,0.0011204636630454,0.0,0.0,0.0,0.0050428308146714,0.0,0.0,0.0,0.0012550110589465,0.0,0.0919389194349304,0.0,0.0,0.0160603825986801,0.0,0.0,0.0,0.0,0.492115864615668,0.001926830335287,0.0,0.243444063634884,0.0,0.0,0.0,0.0013220187111658,0.0,0.0009596842651586,0.0,0.0091237263321702,0.0,0.0,0.0010629516476897,0.0,0.0,0.0059167989424651,0.0,0.0045076190680767,0.0,0.543721076960721,0.0,0.032044684102258,0.307608776413159,0.0,0.0013565295995674,0.0007856681069698,0.0,0.0,0.0,0.0,0.0011195087030791,0.0060603532060232,0.0,0.0,0.627072575392698,0.0,0.0,0.0,0.0,0.0,0.0,0.0,0.0,0.0,0.0163190093198378,0.0,0.0,0.0,0.0,0.0,0.0,0.0,0.0056204644886594,0.0105113190097023,0.0185815255887579,0.0,0.0,0.0,0.0
ARH,0.0,0.0,0.0016055943692241,0.0,0.0,0.0124046572179591,0.0,0.0,0.0,0.0,0.0,0.0,0.0,0.0,0.0023103419556797,0.0,1.19541531296699,0.0,0.0,0.0,0.0,0.0,0.002087813869073,0.0535805270997411,0.0098149481743749,0.0,0.0,0.0,0.0009021639695979,0.0,0.0,0.0,0.0,0.0,0.0,0.0010031323454995,0.0028418415785825,0.0,0.0,0.164842588844368,0.0072809009734795,0.455367381803028,0.0009819071737886,0.0,0.0070565030641626,0.0019570871890207,0.0,0.0,0.001231071334623,0.0199089396199265,0.0,0.0013407780036284,0.0026887766254678,0.0,0.0,0.0,0.0,0.0055335767445188,0.0340366468455289,0.0009316803433676,0.0,0.0,0.0303480821053573,0.0,0.0376539346996132,0.0,0.001637228248182,0.0019076979185027,0.0328763752052589,0.0,0.0037024998583912,0.0,0.0,0.001980016094432,0.0064811214588545,0.0,0.0,0.0,0.0,0.0011119952948427,0.0,0.0,0.0,0.0,0.0,0.0190394899018298,0.0259710502629528,0.031754609518418,0.0,0.0,0.0,0.0,0.0006632248649707,0.0,0.0,0.0819145878731855,0.0,0.0021028497873188,0.0,0.0811206823605394,0.0010855182024361,0.0401928205046144,0.0,0.0,0.0609301674999947,0.0,0.0,0.0055552265813978,0.004819370420996,0.0,0.0,0.0,0.0,0.0811312708104842,0.0111458789033382,0.0,0.0,0.0,0.0,0.006062965526132,0.0,0.0,0.0,0.0,0.0,0.0095281789806827,0.0,0.0,0.0,0.0,0.0,0.0,0.0091238439278078,0.529146773087474,0.0484913010631096,0.0,0.0011510842784918,0.0010624475634797,0.0,0.0,0.0009575517534843,0.0243158296841634,0.003461877724117,0.802171769806402,0.0,2.4942097694945,0.853712484922591,0.0,0.407186171196071,0.0024649349577912,0.0,0.0,0.0,0.0,0.0,0.0,0.0007835990633953,0.136264462168773,0.0,0.0,0.0025393795409398,0.0,0.0,0.0,0.0,0.0,0.0,0.0,1.0720253868069,0.0383527949935747,0.0015137193789566,0.0,0.0,0.0,0.0,0.0,0.0,0.0,0.0,0.0,0.0,0.0024727181273441,0.0139424500382037,0.0,0.0065618287279507,0.0,0.0,0.0,0.0,0.0191473833886489,0.0588147126925803,0.0,0.0,0.0018850942365078,0.0,0.0,0.0067862940989326,0.0,0.0,0.0,0.005576110584235,0.0,0.0,0.0656933251466503,0.0,0.0024275794606952,0.0,0.0204784655197074,0.0019654042318398,0.0,0.0,0.0,0.0,0.0,0.0,0.0,0.0,0.0,0.0,0.0,0.0,0.0,0.0,0.0009280297049624,0.0,0.160638743161136,0.0,0.0,0.0,0.0,0.0,0.000985670683607,0.009680282407181,0.0033479118199426,0.0,0.0,0.0,0.0009541157457653,0.0261401326421073,0.0,0.014879398960216,0.0,0.0,0.0,0.0013101280729978,0.0007364846004879,0.0,0.0,0.328819757617979,0.0094587498523946,0.15166546990287,0.0013391699442636,0.0,0.0028787516830272,0.0,0.0,0.0,0.0012739203762988,0.0069768349921334,0.0,0.0,0.0015043954657248,0.0,0.0014932050625806,0.017527057130597,0.0,0.0063644085169543,0.0044552275364321,0.0,0.0,0.0,0.0033768894705263,0.0,0.007645306273555,0.0,0.0031943790226958,0.0035102158704566,0.0068451268449744,0.0,0.0013607648118913,0.0,0.0,0.0,0.0,0.0,0.0,0.0,0.0,0.0,0.0,0.0,0.0022282021724487,0.0,0.0014359611410715,0.0108032473594326,0.0028538326751205,0.0026870741209809,0.0037738465577116,0.0,0.0,0.0,0.0,0.0,0.0,0.0127445059423862,0.0,0.0030946793851098,0.0,0.012474940811129,0.0,0.0178573586082553,0.0,0.0029061996377642,0.0079378219102457,0.0,0.0,0.0,0.0015769594539427,0.0,0.0,0.0,0.0,0.0012055068057432,0.0012457563082407,0.0007602126333214,0.0,0.0,0.0,0.0024028863824024,0.0013250759898008,0.0,0.0,0.0,0.0,0.0040013068623006,0.0138292095160179,0.0,0.0,0.0,0.0024704029551967,0.0,0.0130930116484304,0.0890506269638902,0.0145756130955971,0.0,0.0016191112160598,0.0,0.0,0.0,0.0,0.0058897925167908,0.0,0.14272314871954,0.0023684372464097,0.755227853296337,0.431252304851322,0.0,0.231166287601181,0.0026783882869429,0.0,0.0,0.0,0.0,0.0,0.0,0.0,0.0680031709904708,0.0,0.0,0.0,0.0,0.0,0.0,0.0,0.0,0.0,0.0,0.143982858193985,0.0,0.0027569893402609,0.0,0.0,0.0,0.0,0.0,0.0,0.0,0.0,0.0007063464268972,0.0,0.0007714544073267,0.0,0.0,0.0056497177653911,0.0,0.0,0.0,0.0,0.0025499339515112,0.0,0.0,0.0,0.0017767732659781,0.0,0.0,0.0073421828106925,0.0,0.0,0.0,0.0075140010337946,0.0,0.0,0.0047903303117684,0.000654815001195,0.0,0.0,0.0086079697424485,0.0
AUDd,0.0,0.0734615397773971,0.0,0.0,0.0,0.0,0.0,0.0,0.0092526880500631,0.0,0.0,0.203423042755976,0.0,0.0,0.0,0.0090665370046432,0.0,4.80473264926479,1.77813708219785,0.0,0.0387219472379028,0.041724076454907,0.0,0.0,0.0,0.0,0.0,0.0,0.0040269307187173,0.0,0.0,0.0033527977646499,0.0,0.0,0.0,0.0,0.003870730450756,0.0,0.0,0.0654553288988116,0.0072181874906731,0.0,0.0,0.0133823138441331,0.0,0.0,0.176930850939188,0.0028751921148879,0.0,0.0123038569917773,0.0,0.0,0.0,0.0006752450353597,0.0478445290245712,0.0,0.0,0.0,0.0,0.0,0.0,0.0582993912213054,0.0,0.0,0.0,0.0,0.0,0.0,0.0,0.0,0.0,0.0504023023579718,0.0,0.0,0.0,0.0899123966407789,0.0009680163489183,0.0,0.001870252454967,0.0,0.0,0.0,0.0006942841396284,0.0,0.0008034864278262,0.0,0.0,44.3713213183603,0.0,0.296475266139041,0.0,0.0013608088550326,0.0,0.0710017986814062,0.0451173096041896,0.0,0.0,0.0,0.0,0.0,0.0,0.0047533282960667,0.0,0.0,0.0,0.0,0.0030978286773112,0.0,0.0100269994329844,0.0,0.0,0.164925734079198,0.0,0.0,0.0015975874392681,0.0,0.0,0.0,0.0,0.0,0.0,0.0051896265394596,0.0,0.0,0.0,0.0008350088233165,0.0,0.0,0.0158055808326788,0.0016502300264795,0.0307708948126133,4.57790332121512,0.0,0.0,0.0,0.0038881566235421,0.0,0.0,0.0,0.0,0.0,0.0051462568318359,0.856313181104906,0.0,0.0,0.0,0.0,0.0,0.0,0.0014318655377755,0.0,0.0,0.0,0.205159261757554,0.0,0.0505387595476968,0.0013787292863373,0.0,0.0,0.0,0.0,0.0,0.0,0.0066869899421023,0.0,0.0,0.0,0.0007843592323374,0.0,0.0,0.0,0.0,0.0,0.0,0.454442623243569,0.237028045716658,0.0,0.0103229189707527,0.364878366055374,0.0,0.109939380093706,0.0186721175176761,0.0,0.0,0.0010764071070695,0.420411759429277,0.0,0.0,0.0,0.0,0.0,0.0,0.138397876205689,0.0,0.0,0.0363186576047158,3.52568439622576,0.483323928595417,0.0,0.0,0.258913602814089,0.0,0.0050052446904722,0.0,0.0,0.0,0.0,0.0,0.0,0.0,0.0064907088683334,0.0,0.0,0.0,0.0,0.0,0.0,0.0,0.0,0.0,0.0,0.0,0.0,0.0,0.0,0.0,1.08780589417618,0.140733496773148,0.0,0.0,0.0193905527527457,0.0,0.0,0.0,0.0,0.0,0.0,0.0007410108049335,0.0032547784827356,0.0,0.0,0.0,0.0,0.0,0.0,0.0063600935947627,0.0,0.0,0.0,0.0,0.0,0.0,0.0,0.0,0.0,0.0176236168177431,0.0,0.0,0.0,0.0,0.0,0.0,0.0,0.0,0.0,0.0,0.0,0.0,0.0,0.0,0.0,0.0,0.0,0.0,0.0,0.0,0.0,0.0,0.0,0.0,0.0,0.0,0.0,0.0,0.0,0.0,0.0,0.0,0.0,0.0,0.0,0.0,0.0,0.0,0.0,0.0,0.0301976726719557,0.0,0.0,0.0,0.0,0.0,0.01043512284931,0.0067092492527858,0.0,0.0,0.0,0.0,0.0,0.0,0.0,0.0,0.00061360262675,0.0,0.0,0.0,0.0,0.0006327860872781,0.0008953398317617,0.0,0.0155128416564835,0.0,0.0,0.0,0.0,0.0,0.0,0.0,0.0,0.122508750344261,0.0,0.0048928586334598,0.0,0.0,0.0,0.0,0.0,0.0041321955498985,0.0,0.0,0.0,0.0,0.0,0.0,0.0,0.0,0.0,0.0,0.0,0.0,0.0027562163266568,0.0696182712167993,0.0,0.0,0.0,0.0,0.0,0.0,0.0020487662755691,0.0,0.0,0.0,0.0098064790390233,0.0,0.0,0.0,0.0,0.0,0.0,0.0,0.0,0.0,0.0,0.0,0.0,0.0,0.0,0.0,0.0,0.0,0.0,0.0,0.0,0.0786467662330473,0.0496362672390025,0.0,0.0040370402956041,0.0559223389307972,0.0,0.042497317365345,0.0049928684393825,0.0,0.0,0.0,0.0855937291832659,0.0,0.0,0.0,0.0,0.0,0.0,0.0,0.0,0.0,0.0,0.8685604177166,0.0766131771634332,0.0,0.0,0.0388368603542234,0.0028472335043988,0.0,0.0,0.0,0.0,0.0,0.0,0.0
AUDp,0.0,0.0275371939215417,0.0,0.0,0.0,0.0,0.0,0.0,0.001689898519598,0.0,0.0,0.0564434506488567,0.0,0.0,0.0,0.0,0.0,3.69340062841065,8.2284489545328,2.34367386266425,0.007385262620883,0.0550487466577042,0.0,0.0,0.0,0.0,0.0,0.0,0.0023562081712329,0.0,0.289534006833204,0.0010241708450254,0.0,0.0078750576265143,0.0,0.0,0.0028264228299685,0.0,0.0,0.0464937614553445,0.0138956691313364,0.0,0.0,0.0479574785255803,0.0,0.0,0.286396479750876,0.0479680600527258,0.0,0.0441540760104029,0.0,0.0,0.0,0.0048564922063534,0.0126228265841789,0.0,0.0,0.0,0.0,0.0,0.0,0.103861171930258,0.0,0.0,0.0,0.0,0.0,0.0,0.0,0.0,0.000674099451791,0.0307254078491419,0.0,0.0007001817211261,0.0,0.0,0.0010217744577335,0.0,0.0058977917934657,0.0,0.0008882995916933,0.0,0.0009504625194651,0.0,0.0007368593563136,0.0,0.0,171.248203311475,0.0,5.61608513013385,0.0,0.0016246570551765,0.0,0.0112808998078627,0.0198562017366234,0.0,0.0,0.0,0.0,0.0,0.0,0.0051881793325997,0.0,0.0,0.0,0.0,0.0,0.0053727521563097,0.0339190244766001,0.0,0.0,0.115055360840409,0.0,0.0,0.0,0.0,0.0,0.0,0.0,0.0009893336834393,0.0,0.0,0.0079868817032306,0.0,0.0,0.0,0.0,0.0,0.0064082163343157,0.0097319714688645,0.0,4.34362040098191,0.0016619367448302,14.5393385746824,0.0,0.005274427942961,0.0,0.0,0.0,0.0,0.0006373489810747,0.0046011459290792,0.444058563172296,0.0,0.0012393050306617,0.0,0.0,0.0,0.0,0.0088607925951553,0.0,0.0,0.0,0.121896461980757,0.0,0.008828921920411,0.0025551782586204,0.0,0.0,0.0,0.0,0.0,0.0,0.0069262043962659,0.0,0.0008090667257834,0.315523033662918,0.0006863727114915,0.0,0.075711061713346,0.0,0.0,0.0,0.0,0.172365536301737,0.0433986469959435,0.0,0.0094879599126401,0.0354502358470227,0.0,0.0486089642971205,0.0427519539752807,0.0019886592506415,0.0,0.0,0.656186066859055,0.0,0.0,0.0,0.0,0.0,0.0,0.0035659480413938,0.0,0.0,0.0543716023590849,4.59315241016882,0.304106615186367,0.0226829670040892,0.0,0.436393408824496,0.0,0.0007731307320923,0.0,0.0,0.0,0.0,0.0,0.0,0.0,0.0048883674739528,0.0,0.0,0.0,0.0,0.0,0.0,0.0,0.0,0.0,0.0,0.0,0.0,0.0,0.0,0.0,0.74370129239486,1.60925237131905,0.0,0.0,0.0225972353764268,0.0,0.0,0.0,0.0,0.0,0.0,0.0,0.0,0.0,0.0,0.0,0.0,0.0,0.0,0.0067708852588262,0.0,0.0,0.0,0.0010290471334432,0.0,0.0,0.0096113726452027,0.0,0.0,0.0182749423639615,0.0,0.0,0.0,0.0,0.0,0.0037375661178364,0.0,0.0,0.0006340789630596,0.0,0.0,0.0,0.0,0.0025254510342946,0.0017518072603623,0.0,0.0,0.0,0.0,0.0,0.0,0.0,0.0,0.0,0.0,0.0,0.0,0.0,0.0,0.0,0.0,0.0010939856651224,0.0,0.0,0.0015018086763973,0.0,0.0,0.0,0.0,0.0,0.0030275796059525,0.0,0.0,0.0,0.0,0.0,0.0032514283353831,0.0042600496908976,0.0,0.0,0.0,0.0,0.0012742448608078,0.0,0.0,0.0008070564196215,0.0008497692119429,0.0,0.0,0.0,0.0,0.0,0.0,0.0,0.0121931259348294,0.0,0.0,0.0,0.0,0.0,0.0,0.0,0.0,0.0792123787833876,0.0,0.0,0.0,0.0,0.0,0.0,0.0,0.0022023490488853,0.0009352588563902,0.0,0.0,0.0,0.0,0.0,0.0,0.0,0.0,0.0,0.0007007262899302,0.0,0.0009235350677051,0.0963014266489681,0.0,0.0,0.0,0.0,0.0,0.0,0.0020105071407472,0.0,0.0,0.0,0.0073526716258415,0.0,0.0,0.0,0.0,0.0,0.0,0.0,0.0,0.0,0.0,0.0,0.0,0.0,0.0,0.0,0.0,0.0,0.0,0.0,0.0,0.0413183580185016,0.0098032411092772,0.0,0.0050397398909296,0.0082387967085191,0.0011787401792882,0.0462854281318221,0.0106938728932132,0.0,0.0,0.0,0.128212253587958,0.0,0.0,0.0,0.0,0.0,0.0,0.0,0.0,0.0,0.0020262918189661,0.940236934736039,0.0843302413631651,0.0,0.0,0.0560596558207462,0.0022420698774143,0.0,0.0,0.0,0.0,0.0,0.0,0.0
AUDv,0.0,0.0281800800770671,0.0,0.0008859828390042,0.0,0.0,0.0,0.0,0.0114368338495073,0.0,0.0,0.117791186837388,0.0,0.0,0.0,0.0,0.0,1.84242329135714,2.28099621902101,6.78540902871078,0.0021984275765703,0.125526304255327,0.0203716146754868,0.0,0.0067056949094961,0.0056169976072229,0.0,0.0,0.0018410279916469,0.0,0.140022500837769,0.0053131862684385,0.0,0.0,0.0,0.0,0.0069253827864284,0.0,0.0,0.0,0.003817123497905,0.0016481847790067,0.0,0.033592934583349,0.0,0.0,0.332037031736234,0.0832788738544057,0.0,0.22486095968191,0.0,0.0,0.0,0.0061674129616723,0.0438352564887443,0.0,0.0,0.0,0.0,0.0,0.0024828622973076,0.038403797940518,0.0,0.0,0.0,0.0,0.0,0.0,0.236460753061728,0.0,0.0,0.0258623973494815,0.0,0.0041572917248981,0.0,0.0027844546817511,0.0,0.0,0.0034568803198363,0.0,0.0,0.0,0.0011848613522728,0.0,0.0010291545023776,0.0,0.0,113.303133386304,0.0,6.84131558327906,0.0,0.0074929836659931,0.0,0.0444028975277021,0.0163218511337657,0.0,0.0,0.0,0.0,0.0,0.0,0.0065907728889337,0.0,0.0018757452801614,0.0,0.0,0.0,0.0011033474016448,0.016187668713806,0.0,0.0062838458687321,0.0813694596589413,0.0,0.0312138839592517,0.0038565129271482,0.0,0.0,0.0,0.0,0.0014269542836221,0.0,0.0,0.0045249677892924,0.0,0.0,0.0,0.0,0.0,0.0120892383901576,0.0052399395665673,0.0084228428406285,8.38139381456992,0.0032927390715469,0.0,0.0,0.0023937814311297,0.0010883150567956,0.0,0.0,0.0,0.0,0.0026547738694506,0.0302471157364369,0.0,0.0,0.0,0.0,0.0,0.0122646465654913,0.015530469728002,0.0,0.0,0.0,0.0294460381809546,0.0030869101400093,0.0047209650085002,0.0010447597718469,0.0,0.0,0.0,0.0,0.0,0.0,0.0130804205715278,0.0,0.0,0.0,0.0336197637145644,0.0,0.201772224647193,0.0,0.0,0.0,0.0,0.220768024912901,0.199036350579931,0.0,0.0104354576158604,0.264030115503995,0.0,0.133928278424114,0.0251347614808271,0.000975773686404,0.0,0.0,0.143205350952218,0.0061213455908361,0.0,0.0,0.0,0.0011512344713433,0.0,0.0058571469409152,0.0014979877086399,0.0,0.131761602489381,0.900288611080209,0.140916638197532,0.219244996590306,0.0,0.0241278647391079,0.0084389003762233,0.0009213200060435,0.0,0.0,0.0,0.0,0.0,0.0,0.0,0.0077468572745904,0.0,0.0,0.0,0.0,0.0,0.0,0.0,0.0,0.0,0.0,0.0,0.0,0.0,0.0,0.0014264822416148,0.278672609863288,0.521216698804508,1.02891823711929,0.0,0.0860496349942663,0.0,0.0,0.0,0.0,0.0,0.0,0.0,0.0,0.0,0.0,0.0,0.0,0.0,0.0,0.0093043558895342,0.0,0.0,0.0,0.0,0.0011640687074528,0.0,0.0006681588113234,0.000659483429896,0.0,0.025497352962391,0.0,0.0020276329082484,0.0,0.0,0.0,0.0,0.0,0.0,0.0,0.0,0.0,0.0,0.0,0.0023403534985754,0.0,0.0,0.0,0.0,0.0,0.0,0.0,0.0,0.0,0.0,0.0,0.0,0.0,0.0,0.0,0.0,0.0,0.0008070202101583,0.0,0.0,0.0,0.0,0.0,0.0,0.0,0.0,0.0,0.0,0.0,0.0,0.0011129697462139,0.0,0.0120829792348639,0.0053130863218477,0.0,0.0,0.0,0.0,0.0,0.0,0.0,0.0016906853321689,0.00111863931808,0.0,0.0,0.0,0.0027537688172241,0.0009760541826839,0.0,0.0033301356717108,0.025158093873528,0.0,0.0,0.0,0.0,0.0,0.0,0.0,0.0,0.0787852204012968,0.0,0.0,0.0,0.0,0.0,0.0,0.0,0.0106692920073702,0.0,0.0017154828539358,0.0,0.000762788035674,0.0,0.0,0.0,0.0,0.0,0.0,0.0,0.0,0.0010962933358585,0.0149965181352932,0.0,0.0,0.0,0.0,0.0,0.0051810258866514,0.0069126766652788,0.0,0.0,0.0,0.0142787496664007,0.0040470602764828,0.0,0.0,0.0,0.0,0.0,0.0,0.0,0.0,0.0,0.0,0.0,0.0,0.0026200915512844,0.0,0.0,0.0,0.0,0.0,0.0,0.0639054087740417,0.0611696925369864,0.0,0.0042980482290353,0.0814309633123118,0.0,0.0515052182965707,0.0,0.0,0.0,0.0,0.0427357994719877,0.0,0.0,0.0,0.0,0.0,0.0,0.0,0.0,0.0,0.0039202377851855,0.180920325848045,0.0402490809980804,0.0405368449191509,0.0,0.0,0.0033175015884727,0.0,0.0,0.0,0.0,0.0,0.0,0.0
AV,0.0,0.38622434024769,0.0,0.0,0.38766132672304,0.0020499477046415,0.0,0.0,0.0,0.0,0.581681722871803,0.0,0.0,0.0,0.0,0.0036372550352752,0.0,0.0097823436384644,0.0,0.0,1.55429053019947,0.0,0.0,0.0,0.0254020539703089,0.0,0.0,0.0,0.0,2.77188589074245,0.0166461303567435,0.0057058352533504,0.0832260489257658,0.0,0.0,0.0008689364657976,0.0023646243912959,0.0,0.0,0.0429693636410108,0.0067736134653003,0.0,0.0093492443441795,0.0,0.0,0.0075384487072045,0.0030595332981918,0.0575103130271359,0.0,0.0012040955159544,0.003084252778306,0.0,0.0,0.0,0.0325423463281182,0.291987614894758,0.0,0.0,0.0,0.0,0.0,0.0007268338316401,0.108857110794733,0.0,0.0043387368600345,0.0,0.0,0.0,0.0,0.0,0.0662432844954643,0.0,0.142813823560266,0.0,0.009670866620869,0.0,0.0282129708377567,0.0016310817625029,0.0,0.0,0.0015856192027571,0.0,0.0,0.0145343103492045,0.0,0.0,0.0,0.0,0.0,0.0,0.0704398480602719,0.18743493601964,0.0,0.0,0.0808769211252163,0.0,0.0,0.0,0.0,0.0023416803114882,0.0,0.030788099168903,0.114917494711997,0.0,0.0,0.001540489345422,1.78907762855212,0.178637155147444,0.0,0.0039166070616513,0.0,0.0402681435326222,0.0,0.0,0.0010739733280183,0.0033410475100274,0.0,0.0,0.0,0.017174675399874,0.0014849983529658,0.0,0.0,0.0,0.0,0.0,0.0268805779824355,0.0,0.0462359131637843,0.0,0.0,0.0,0.018789841741968,0.0,0.0145040945668988,0.0568845118090014,0.0,0.0,0.0007158000406912,0.0,0.0,0.0,0.0444399437443993,0.109628850299094,0.0008574241345565,0.0,0.0,0.0,0.0976744062972562,0.0,0.0,0.0,0.0,0.0319895244530272,0.408007328782733,0.435158692552696,0.0886008105963456,0.0,0.0007777741809031,0.0,0.0130369328233672,0.0,0.0,0.0,0.0,0.0,0.0,0.0,0.0,0.0144439863175208,0.0,0.0,0.0,0.0,0.0123127243244458,0.0101899480141377,0.0,0.0,0.0260602761576845,0.0006364506460516,0.0,0.0,0.006837107000864,0.0,0.0009504786508596,0.0,0.0,0.0,0.0,0.0,0.0033003074041634,0.0,0.0,0.0,0.0,0.0,0.0901486337081198,0.1905893830916,0.0092340455356974,0.0022993930945783,0.0,0.290274822171587,0.0,0.0,0.0502848385882472,0.0,0.0,0.160316487191011,0.0,0.0,0.0151612977187764,0.0,0.0,0.0017992857254547,0.0006831182731485,0.0,0.0,0.0,0.0,0.0054001190544161,0.0,0.0,0.0,0.0,0.0,0.0,0.0,0.0,0.0,0.0008164078843942,0.0,0.0,0.0,0.0091932153329772,0.0,0.0007385362470769,0.0,0.0,0.0,0.0,0.0,0.0006187920759152,0.0,0.0,0.0,0.0041619161041065,0.0,0.0,0.0,0.0020900736636945,0.0,0.129449474137484,0.0,0.0,0.0033021874161971,0.0025919881946234,0.0102331410402757,0.0,0.0008800259595012,0.0,0.0013721998822563,0.0,0.0,0.0,0.0,0.0,0.0016751589345759,0.0,0.0,0.0,0.0,0.0247923065829034,0.0,0.0057535332626739,0.0,0.00076039584868,0.0,0.0,0.0177182549363846,0.0,0.0,0.0,0.0,0.0,0.0,0.0149997462961573,0.0034677458483927,0.0,0.0,0.0,0.0027418666572026,0.0,0.0,0.0,0.0,0.0,0.0,0.0,0.000811954754813,0.0007769789695528,0.0608963916555897,0.0,0.0,0.0038965259188385,0.0,0.0,0.0664986227391098,0.0,0.0027229675651076,0.0035472374595923,0.0126678484831053,0.0339974172284711,0.0013346071476637,0.0,0.0,0.0,0.115617858397383,0.0,0.0,0.0,0.0010450382739703,0.0,0.0,0.0,0.0007177611334348,0.0,0.0,0.0,0.0055763628008187,0.0,0.0,0.0034116652231447,0.0,0.0009300733101679,0.0,0.0132400028767722,0.0,0.0,0.0,0.0,0.0,0.0,0.0,0.0007132804513574,0.0036762552247443,0.0,0.0,0.0,0.0,0.0,0.0023092828784271,0.0,0.0065706129708976,0.0,0.0,0.0,0.0,0.0022924181630726,0.0087223361832593,0.0,0.0058318859362304,0.0,0.0,0.0271217863114581,0.0947748816868222,0.0,0.0,0.0,0.0,0.0,0.0,0.0,0.0,0.0,0.0,0.0,0.0,0.0,0.0049538599651076,0.0,0.0,0.0,0.0,0.0,0.0,0.0,0.0,0.0,0.0,0.0,0.0,0.0096788335145892,0.0,0.000693898119877,0.0,0.0,0.0,0.0,0.0,0.0,0.0,0.0,0.0,0.0,0.0,0.0,0.0040334363542568,0.0,0.0,0.0,0.0,0.0,0.0,0.0,0.0,0.0,0.0474323214405538,0.0
BLA,0.0,0.0175343210021931,0.0,0.0176833648958106,0.0,0.0,0.407290137895666,0.518515998176397,0.0,0.0007009976584621,0.506051285027019,0.0,0.0,0.0044209209053673,0.0397467797712189,0.0,0.220061914219259,0.0,0.0,0.33837754274524,0.0,2.58567497050973,0.426584630657657,0.0893231792546565,0.272007339911632,2.69387877932443,0.0,0.0,0.0,0.0,0.0,0.201618997429294,0.303338175119956,0.0,0.449545172734347,0.0536231165135362,0.0139893944820885,0.0,0.0,0.0,0.008888246256926,0.278462485558485,0.0,0.313795053738109,0.0,0.0,1.46532592332883,0.180934029061391,0.874363111347624,11.8037669501242,0.0,0.0,0.220698414509921,2.15762797029696,0.252809380113338,0.601554711161304,0.0,0.0,3.93380019365692,0.0,0.0,0.0,0.24457851603708,0.750995853030132,0.0,0.0,0.0,0.0,16.3527813093967,0.0,0.0049811807006769,0.0,1.05993982586721,0.0,0.142500640933688,0.0,0.0312184464614212,0.0007357012506628,0.0,0.0,0.0115725993763825,0.0,0.0,0.0441343727171383,0.0,0.0,0.188494382451028,0.547291902817431,0.0,0.0068083969062064,0.0,0.0149318624203843,0.0064493620767957,0.007328976609932,0.0093060272061859,0.0,0.0,0.0,0.0064903307856403,0.0934698440541006,0.0,0.0,0.0,0.0,3.69942798001891,0.0,0.0,0.0,0.0,0.095008449505186,0.253717578702283,0.0,0.0,1.49503093455366,5.0666403409412,0.0065908723923162,0.0,0.0,0.0070445670759668,0.0039228600755845,0.0132926918085972,0.0,0.0,0.0008251021632391,0.0,0.0,0.0,0.405561130930645,0.0,0.0,0.0055288050336376,1.23821471092401,0.0,0.0,0.0,0.0,0.0,0.0,0.0,0.0,0.0,0.556052022750218,0.0,0.0924981861841836,0.406488403280117,0.0,0.0,0.0,1.29835865683486,0.487744513181274,0.0,0.0014088946475159,0.0,0.0,0.0,0.0,0.0376269835195368,0.0,0.0,0.0,0.0526886413469311,0.293979622573926,0.0,0.0,0.0,0.0025164098837494,0.0,0.0,0.0,0.0,0.0,0.0,0.0,0.0,0.0,0.0112594181530376,0.0,0.0,0.0,0.0,0.0072039042643555,0.0014428035923001,0.007639140947715,0.0,0.0,0.991761095902732,2.25429606841769,0.0,0.0,0.342473463702657,0.0,0.0,0.0,0.0,0.0,0.546035837961815,0.0,0.0,0.0762252071206239,0.0,0.0214235717348238,0.00146964140249,0.0,0.0466831810826933,0.0,0.0,0.0,0.0976732865261072,0.0,0.473659171600503,0.008674644694176,0.0,0.0,0.0,0.0,0.103100799457328,0.108516506573827,0.0,0.0,0.0,0.0,0.0,0.0015306187645949,0.0,0.0,0.157696322037607,0.0,0.0,0.0343168832495585,0.0,0.497889837507973,0.0084787621650705,0.0124251217422716,0.0038895606425345,0.0,0.0,0.0,0.0,0.0,0.0,0.0,0.0181215498641939,0.002851028747821,0.0140033988893745,0.0,0.0205838638645409,0.0,0.0,0.0,0.0,0.0706957674786718,0.0,0.0,0.0,0.0,0.0853361751839767,0.0,0.0,0.0037890931562164,0.0,0.0,0.0957517247648087,0.366918566278449,0.0,0.0,0.0,0.0,0.0,0.0,0.0,0.0,0.0020378915226122,0.0,0.0013283861805435,0.0,0.0,0.0,0.0,0.0,0.0,0.0,0.0,0.0343861790741622,0.0,0.0,0.0,0.0,0.0,0.0,0.0074575455690962,0.0,0.0,0.0,0.0,0.0,0.0,0.0,0.0,0.0,0.0385399249793757,0.0009237710771016,0.0,0.0040716367366904,0.0123325656735011,0.0,0.0,0.0,0.0,0.0407248985190488,0.0,0.0,0.0,0.0,0.0684479347163321,0.0,0.0,0.0,0.0,0.0,0.0490725704840877,0.0,0.0,0.0,0.0,0.0007652339600656,0.0,0.0,0.0,0.0,0.0,0.0,0.0044462026016201,0.0,0.0,0.0,0.0,0.0,0.0,0.0,0.0,0.0,0.0,0.0031802443283821,0.0,0.0,0.0,0.0,0.0,0.0,0.0014711562338436,0.0,0.0,0.0,0.0553497471771142,0.0,0.0,0.0,0.0123678583258141,0.445210357889976,0.0,0.0,0.0,0.0,0.0,0.0,0.0006924663832779,0.0,0.0,0.0,0.0020376095987897,0.0857649755774181,0.0,0.0,0.0,0.0,0.0,0.641293650399465,0.0,0.0,0.0,0.0006429608556303,0.0,0.0,0.001197610127885,0.0,0.0,0.0008384010809188,0.0,0.0,0.000696055030815,0.0,0.0,0.0011803442073414,0.0,0.125903535392615,0.0,0.0,0.0,0.0057129898985205,0.0,0.0,0.0,0.0,0.0,0.0995810885738388,0.0,0.0,0.0051810715894758,0.0,0.00228557709958,0.0,0.0,0.0086281462706144,0.0,0.0,0.0,0.0151665335395666,0.0
BMA,0.0,0.0011060904233245,0.0,0.0065137187697487,0.0,0.0196528706764758,0.0930418277727876,0.168195246108735,0.0394119261820926,0.0024744497885723,0.0,0.0,0.0,0.0022632881050626,0.0388256384080834,0.0,0.848540447584706,0.0,0.0,0.090275880453997,0.0,0.427796350757731,1.0024543473348,0.0870616036376579,0.160805954818865,2.18513251349369,0.0,0.0,0.0,0.0,0.0,0.0596751239227811,0.0,4.44574064105373,0.816524215585209,0.0090041897834067,0.0073372182387443,0.0,0.0,0.0,0.0104016713365038,0.422746125396661,0.0,0.225597608121496,0.0,0.0,0.465451932859718,0.0953738038298482,0.987363104854697,13.2702806271756,0.0,0.0,0.009062779625983,0.230296368813814,0.0274938554709425,0.991134586114649,0.0,0.0319566869340802,5.23525434702687,0.0,0.0,0.0,0.336205151548535,0.0,0.0018722381746435,0.0,0.0,0.0,10.4714736247281,0.0,0.0,0.0,0.0,0.06434607115217,0.192450972239168,0.0,0.0,0.0,0.0,0.0,0.106522661047254,0.350000828468742,0.0,0.0,0.0,0.0,0.413825551279142,0.0603234878269317,0.0,0.0439526672238949,0.0,0.0196614758365445,0.0044726830041304,0.0,0.0,0.0140145474127536,0.0029572004505215,0.0,0.0061794824034722,0.129527323731053,0.0,0.216976317036665,0.0,0.0,5.69272173406278,0.0,0.0,0.0015752111346422,0.0009094069245375,0.0264663385617928,0.116336171771259,0.0024504882049955,0.262284093776754,3.93237270039307,0.0,0.0031087308909173,0.0,0.0,0.026670078493974,0.0123397705965138,0.802382181959708,0.0,0.0,0.0,0.0,0.0006755995512778,0.0,0.493397922546186,0.0,0.0,0.0010576452418937,0.0,0.0,0.0,0.0050292758650303,0.0,0.0,0.0,0.0,0.0,0.0,1.00510160025239,0.0,0.565627258142971,0.266343993261656,0.0,0.0,0.0,1.78685177926833,0.319073578212876,0.0,0.0,0.11066387425081,0.0,0.0,0.0,0.0066932145298551,0.0,0.0,0.0,0.153794778853116,0.0,0.0,0.0,0.0,0.0041176834317166,0.0,0.68255083701621,0.115309970868837,5.70412267935109,0.0,0.0,0.0,0.0,0.0,0.0,0.0,0.0,0.0,0.0,0.0,0.0,0.0062645932742747,0.0,0.0,0.168929556922589,1.07859530570813,0.001756063241288,0.0,0.708250030349745,0.0,0.0,0.0,0.0,0.0,0.269435330220565,0.0,0.0,0.0034024259780306,0.0,0.0,0.0,0.0,0.0415483405694715,0.0,0.0,0.0,0.0350234464558456,0.0,0.0,0.0,0.0,0.0026652660639635,0.0,0.0,0.0,0.0,0.0,0.0022195311444486,0.0,0.0,0.0,0.0,0.0,0.0,0.294123869205534,0.0,0.0,0.0064767429795027,0.0,0.016624582452889,0.0135096597272216,0.0014928989725986,0.0,0.0,0.0,0.0,0.0,0.0,0.0,0.0100226753601757,0.0,0.0,0.0882168405190502,0.0,0.0074492176110801,0.0,0.0,0.0,0.0,0.122230822044811,0.0,0.0,0.0,0.0,0.0162557531047629,0.0,0.0051546690698522,0.0029965182966417,0.0,0.0,0.0010565925101032,0.0,0.0,0.0,0.0,0.0,0.0196465299906711,0.0,0.0,0.0,0.0035174439696755,0.0,0.0044554713845195,0.0,0.0,0.0,0.0246848045238293,0.0,0.0,0.0,0.0,0.0303352373600706,0.0,0.0,0.0,0.0,0.0,0.0,0.0,0.0,0.0,0.0,0.0,0.0,0.005578315147547,0.0042078596742483,0.0,0.0,0.0167322602199899,0.0018067246127953,0.0,0.0,0.0,0.0,0.0,0.0,0.0,0.0706389498304617,0.0,0.006884464685187,0.0,0.0,0.0,0.0,0.0,0.0,0.0013179545278074,0.0,0.0011379939913988,0.0,0.0,0.0,0.0,0.0,0.0,0.0,0.0037589075667076,0.0,0.0,0.0,0.0,0.0,0.0,0.0017502960004007,0.0,0.0024086110368568,0.0,0.0,0.0017097122827715,0.0,0.0,0.0797279021438916,0.0054160859614877,0.0,0.0,0.0,0.0,0.0,0.0267262538096825,0.0426383163057014,0.0,0.0,0.0462935955378321,0.0,0.0,0.0,0.522590354574445,0.254251999411501,0.0,0.0,0.0,0.0,0.0,0.0,0.0012025551003375,0.0,0.0,0.0,0.0231501389539916,0.0,0.0,0.0,0.0,0.0,0.0,0.0721390527039243,0.0,0.0018880541666196,0.0,0.0,0.0,0.0,0.0,0.0,0.0,0.0,0.0,0.0,0.0,0.0047007764646465,0.0,0.0,0.0,0.0092850275794903,0.0,0.0,0.0,0.0121463564750304,0.0,0.0,0.0,0.0,0.0,0.0032044159836229,0.0,0.0,0.0,0.0,0.0,0.0,0.0,0.0109784240690861,0.0,0.0,0.0,0.0104790847100575,0.0
BST,0.0,0.0091907376041712,0.0725478625395886,0.32800182545275,0.277327243699896,0.146708896283742,0.0211095129153027,0.03091376990523,0.0,0.0417619445511156,0.0,0.0,0.0,0.0,0.106127674476807,0.0,1.16382222526776,0.0,0.0,0.0551902986961443,0.0349539464018812,0.640576259846421,0.310393410040598,2.18634084382069,0.0765100442700766,0.471657074390402,0.0,0.0,0.0007890310366346,0.0,0.971990416715834,0.384611346086372,0.0144574847106566,0.0,0.148259072289238,0.0142921736967335,0.0248182125070446,0.0,0.0,0.0,0.0095722325794515,1.25333373263032,0.0,0.0,0.0336061207812842,0.0,0.132840118259655,0.0572033559986382,0.0,0.505981434680051,0.0,0.0,0.0,0.0,0.125440506577392,0.528850555012842,0.0,0.0058311497144853,4.25991749517629,0.0,0.0,0.0015895682755989,0.844024372074889,0.0,0.0,0.0,0.0056711550109487,0.0,16.7255458465929,0.0,0.0061859434709045,0.0,0.0,0.0027046852581328,0.42490802209487,0.0,0.0,0.0321442097370059,0.0,0.124521923952931,0.58238361020239,0.0571433147612383,0.0,0.0303998676031365,0.0,0.0,0.492433440558314,0.0,0.0,0.0,0.80116527755511,0.0,0.0043933685070425,0.0035422897840764,0.0104116706442508,0.557643507227591,0.371513596713884,0.0,0.0032055831628761,0.265400213552444,0.0,0.476451631499361,0.0,0.0,2.90110929902507,0.0,0.0,0.134739834326865,0.0296845673526637,0.0106315957469583,0.0,0.0072836847477572,0.0397626294612042,2.29441949742736,0.353712747651109,0.0281399263185142,0.0014903874091033,0.0,0.122457661222047,0.149501168479443,0.0,0.0,0.0052562843704259,0.0,0.0,0.0021451041738686,0.128601701253095,0.0077337891815101,0.347643139966469,0.0,0.0028693218906845,0.0115502919731057,0.0033822577346648,5.95921815566586,0.123023881628174,0.0616817582996968,0.0,0.0135005686118935,0.0,0.0,0.0,1.52986414896834,0.0,0.11393010337419,0.586839081159473,3.81589148497777,0.0889165347394449,0.0,1.9189984622202,0.586471246658077,0.0,0.0027679459842714,0.0,0.0013478461572721,0.0,0.0068959882684833,0.0362731433282579,1.20330571701511,0.0,0.0,0.0,0.0,0.0,0.0,0.0,0.0,0.0,0.0,1.37677860167898,0.802358525420824,0.0,0.0,0.0,0.0,0.0,0.0,0.0,0.0,0.0,0.0,0.0043037407448555,0.0,0.0212879634125184,0.0,0.0,0.105139932766443,0.568398818127311,0.0,0.0,0.215229378282811,0.954635859065528,0.0,0.0,0.0,0.0,0.130401720475111,0.0,0.0030172974316377,0.0016187149494125,0.0,0.0,0.0109846638426219,0.002808615924896,0.110778439718843,0.0,0.0,0.0,0.28996322471446,0.0043528112502122,0.055689572684851,0.0,0.0036306840207232,0.0024166012003499,0.0,0.0083721084480969,0.0058402972290395,0.0146891041885989,0.0,0.0315902742988423,0.0,0.0,0.0,0.0,0.0436430375457533,0.0,1.15125976915307,0.0,0.0,0.0055140230886302,0.0,0.173078468975615,0.0699082069958894,0.0504060142866931,0.0030581368992115,0.0,0.0,0.0,0.0,0.0,0.0642873861344758,0.0195845414630872,0.0,0.0,0.117489305450011,0.0,0.0255776379521601,0.0,0.0,0.0,0.0023430793288459,0.403576214214818,0.0,0.0,0.0268825083830568,0.0541785706531508,0.0651511998260892,0.0,0.0044422307832493,0.0298854602244825,0.0,0.0,0.0,0.0245898158046126,0.0,0.0,0.0,0.0,0.230706337327142,0.0,0.0,0.0,0.072779854390672,0.0,0.0492554573272125,0.0,0.0021462796035792,0.0,0.0582698174304717,0.0,0.0,0.0,0.0,0.0728518587562971,0.0067998164625732,0.0,0.0,0.0140250862165267,0.0067761612496185,0.0020024566585545,0.0189416857513024,0.0,0.0,0.0,0.0,0.0,0.0231709779663272,0.0083894099383058,0.0,0.0,0.125993279944355,0.0,0.0007456924615437,0.0079099602314149,0.0049409916617788,0.124527232559962,0.0,0.0,0.0,0.156508796195848,0.0006534582742176,0.112004448099017,0.0,0.0,0.0,0.0,0.0,0.0685099376813284,0.0050035012850815,0.0,0.0,0.0,0.0,0.0,0.0,0.0066080404299963,0.0,0.0,0.0027760787873675,0.0053177787695307,0.0,0.0,0.0,0.0,0.0,0.0030440840963372,0.0011766719347696,0.0084939876355769,0.0,0.0,0.0039560879619939,0.0,0.0,1.31489125111416,0.0304947480058101,0.0021835829270155,0.0,0.0067553192622589,0.0,0.0,0.0019883887136351,0.019391637498883,0.0,0.436439963719806,0.122338232473139,1.29917527357749,0.0,0.0,0.0558336430738626,0.442817030688672,0.0,0.0,0.0,0.0,0.0,0.0,0.0019005152231752,0.0,0.0,0.0,0.0217806242645845,0.0035634275780386,0.0,0.0,0.0,0.0,0.0,0.0,0.330702221364364,0.147577244053384,0.0,0.0,0.0,0.0,0.0,0.0,0.0,0.0,0.0,0.0,0.0053219031889715,0.0007221264910653,0.0278031561759401,0.0,0.0,0.0347002805519525,0.009469071456218,0.0,0.0,0.0372409997341966,0.108547358448793,0.0,0.0,0.0,0.0,0.0492729507387349,0.0,0.0,0.0,0.0,0.0,0.0,0.0,0.0101092621489749,0.0,0.0,0.0,0.0614601582969894,0.0031876899543258
CA1,0.0,0.0,0.0095865004356537,0.0304985925675963,0.0010749960880073,0.0419513575270718,0.0,0.0593462525583606,0.0024876457885118,0.0,0.0,0.0,0.0,0.0,0.0922674802698695,0.0008504869720556,0.136478820794086,0.0063015758572067,0.0,0.232549643021894,0.0190809599694318,0.357153402596184,0.0576091006021958,0.0233941823316886,7.20093918227695,0.0,20.5064903454099,0.0,0.0032609035840916,0.0,0.599133919649323,0.342292763120484,0.0,0.0,0.107111360726177,0.0,0.670699443052909,0.0012311835990291,0.0,0.0422362418075368,0.0,0.281520719383833,0.0034525670948852,0.0,0.0,0.734402799894152,3.61723336067356,2.66905163652808,0.0,3.90183460480874,0.0,0.0011596248907455,0.0172690633462227,0.164481214123367,0.0,0.0,0.0,0.0280948853691882,1.24033356392904,0.0006512440149952,0.0,0.0006532973894485,0.0897071325269838,0.0,0.0,0.0,0.0393040786975351,0.0021148319167848,1.39140885685154,0.0009609081114209,0.0,0.0658132264521121,0.0,0.0334433074310576,0.0094419690678792,0.0,0.0,0.0,0.0913506421013084,0.150097341151928,0.0094777314358312,0.0,0.0008828294216763,0.0,0.000775775473586,0.0,0.0449168241396041,0.0,0.0,0.0112950953065609,0.0,0.194189461879062,0.0093264697448027,0.0,0.0021604754769471,0.0,0.0,0.0,0.0,4.68205859802121,0.0013250438327641,3.14957713086715,0.0,0.0023503694186308,1.10931024274098,0.0,0.0653982756873696,0.0074937698542443,0.0029155444830368,0.0,0.0,0.0022186752386285,0.0,2.6621056191654,0.16836703371139,0.0033909763917306,0.0,0.0,0.0006106022723819,0.0,2.34876313422902,0.0096375346901305,0.0500501852243304,0.0,0.0,0.0135750768999613,0.0184326956141143,0.0,0.0,0.0,0.0129649409976592,0.187877260165114,0.0603370112843024,0.0,0.0,0.0550041639431882,0.0014069045846921,0.0,0.0,0.0,0.0,0.297782530601255,0.0,0.988222975234059,0.0936542988255451,0.0,0.0,0.0,0.0,2.76160494056656,0.0,0.0,0.0,0.0162502078848379,0.0,0.108958608736454,0.0,0.0,0.0,0.0,1.93397678147308,0.0,0.0,0.0,0.0,0.0,0.0,0.0,0.0,0.0,0.0006624692791166,0.0,0.0,0.0,0.0,0.0,0.0,0.0,0.0322547067641385,0.0,0.0071000274671562,0.174713529636297,0.109628302019873,0.0,0.0030263423513677,0.0,1.00782577137862,0.0,0.0,0.0343136322392786,0.0490442573941552,0.0,0.0,0.001747500794805,0.0,0.0040925622089419,0.0,0.0071796317655064,0.072068285580111,0.0135592583693297,0.047770871599475,0.0095989617483771,0.0,0.0,0.0,0.0,0.0,0.247620028771805,0.0,0.0,0.0,0.0008320369488875,0.0,0.0078887314279583,0.0,0.0,0.0,0.0,0.0,0.0,0.0,0.0,0.0041391764060686,0.0,0.0,0.0,0.0,0.0,0.053986959884633,0.0,0.0191715831392852,0.0008730051141177,0.0,0.0,0.0,11.2625455424872,0.0,0.0023380022405625,0.0,0.0,0.118268058335353,0.0,0.0057379185928679,0.0,0.0010346196713393,0.724934324468639,0.0,0.0,0.0748644838775929,0.0,0.006981411541867,0.0024809402789475,0.0359083551871244,0.0,0.0,0.410314556535212,0.352527066856374,0.0,0.001074642110897,0.0,0.003078562952932,0.0419308746450041,0.0,0.0016867375151627,0.025016511078043,0.0,0.0337965535868865,0.0,0.0,0.0,0.0,0.0,0.0,0.0,0.0,0.0738515188681225,0.0032098550687175,0.0,0.0010704460506899,0.0,0.0,0.0,0.0,0.0,0.0,0.0,0.0,0.0155988120112745,0.0060710775390272,0.0,0.0,0.0016587990777717,0.0,0.0030783878300519,0.0,0.0,0.0308628731675457,0.0,0.0015500129857741,0.0,0.0896018735208654,0.0013735437369552,0.0,0.0011472021562226,0.0,0.0,0.0,0.0,3.36060701728832,0.0010881810001085,0.362668602898364,0.0,0.0027406731385735,0.0020790951897257,0.0,0.0,0.0022418374298274,0.0086970324009653,0.0,0.0,0.0,0.0,0.0,0.0,0.0013867474317518,0.0142676937283742,0.0,0.0009262246546122,0.0,0.0,0.00181194792209,0.073268538134446,0.0,0.0,0.0063423609192456,0.0,0.0,0.0,0.0,0.0059220695720256,0.0,0.0196807117334297,0.0,0.0,0.0389110823290968,0.0055986496607259,0.0,0.0,0.00198165292587,0.0,0.0,0.0,0.0,0.0,0.0,0.0,0.0,0.0,2.56433355365198,0.0,0.0,0.0,0.0,0.0,0.0028529299469319,0.0,0.0,0.0,0.0,0.300805990627875,0.0,0.0,0.0,0.0,0.0,0.0,0.0,0.0,0.0054223002664298,0.0,0.0009888315858847,0.0,0.0,0.0,0.0,0.0,0.0029645334085078,0.0,0.0039115532701033,0.0118403767294475,0.0811134469337467,0.0326796860495237,0.0,0.0010630396571564,0.0709021119518731,0.0,0.0,0.0,0.0,0.0,0.0,0.0,0.0015709216528383,0.0,0.0,0.0084174875328235,0.0,0.0,0.0008333510760384,0.0232408069089028,0.0007038211855175,0.0,0.0,0.0,0.0,0.0,0.0995535520063274,0.0
CA2,0.0,0.0,0.000624047157918,0.0,0.0006820527366751,0.0007712833676004,0.0,0.0,0.0,0.0,0.0,0.0,0.0,0.0,0.0,0.0,0.0,0.0,0.0,0.0,0.0,0.0018618233273069,0.0,0.0,0.0860315396611523,0.0,1.31067982949613,0.0,0.0,0.0,0.0163693186057231,0.0226371352183615,0.0,0.0,0.0,0.0,0.0748839100113411,0.0,0.0,0.0,0.121522504100138,0.0,0.0,0.0010549631266088,0.0,0.0,0.0651346257292683,0.063630680151214,0.0,0.0268296014525208,0.0,0.0,0.0019688550571739,0.0,0.0,0.0,0.0,0.0,0.0027839536087433,0.0,0.0,0.0,0.0055487761884818,0.023128175053063,0.0013323610424546,0.0,0.0174064101438639,0.0,0.0040654890314012,0.0,0.0017994198470843,0.0,0.0,0.0,0.0011486730479183,0.0,0.0,0.0,0.0170009046890299,0.0146685647509816,0.0055963513719607,0.0,0.0,0.0024720297264806,0.0,0.0,0.0,0.0310751470608576,0.0,0.0,0.006151861812781,0.0418950748550667,0.0,0.0,0.0,0.0,0.0,0.0,0.0,0.376856315904176,0.0,0.196814971844405,0.0,0.0,0.0089666922475368,0.0,0.0,0.0,0.0,0.0,0.0,0.0,0.0,0.0434733640686887,0.0,0.0,0.0037745865376625,0.0,0.0,0.0,0.629293706293229,0.0,0.0023362285642991,0.0,0.0,0.0007653984657521,0.0138495296586256,0.0,0.0,0.0,0.0,0.0,0.0,0.0,0.0,0.0379069766783156,0.0,0.0,0.0,0.0,0.0,0.0,0.0,0.0286370039638995,0.0048261402061333,0.0,0.0,0.0,0.0,0.0204666523891688,0.0,0.0,0.0,0.0,0.0026863265022841,0.0009165455816172,0.0,0.0,0.0,0.0,0.0,0.0,0.0,0.0,0.0,0.0,0.0,0.0,0.0,0.0,0.0,0.0,0.0,0.0,0.0,0.0,0.0,0.0,0.0,0.0,0.0024421899510425,0.0222831485592851,0.0124088191738917,0.0,0.0,0.0,0.0220450782806077,0.0,0.437357977291026,0.0,0.0021678678312387,0.0,0.0,0.0,0.0,0.0,0.0,0.0,0.0033396251011532,0.0007845888699149,0.0,0.0016439793826507,0.0,0.0,0.0,0.0,0.0,0.0495677036485764,0.0,0.0,0.0,0.0,0.0,0.0,0.0,0.0,0.0,0.0,0.0,0.0,0.0,0.0,0.0009795434911739,0.0,0.0,0.0,0.0,0.0,0.0,0.0,0.0,0.0,0.0,0.0,0.0,0.491118307849928,0.0,0.0,0.0,0.0222063159319768,0.0086188286448444,0.0,0.0,0.0,0.0,0.0672054485698709,0.0,0.0,0.0,0.0,0.0,0.0,0.0018210933140352,0.0,0.0,0.0028778288035023,0.0136145266237818,0.0,0.0,0.0,0.0007584947778278,0.005325744063571,0.0,0.0,0.001469857180389,0.0,0.0,0.0,0.0,0.0,0.0,0.0,0.0,0.0,0.0,0.0063578298414377,0.0,0.0,0.0,0.0,0.0,0.0,0.0,0.0,0.0,0.0,0.0,0.0064891467544986,0.0011630872135644,0.0,0.0,0.0,0.0,0.0,0.0,0.0,0.0,0.0,0.0,0.0,0.0172576138631397,0.0,0.0,0.0,0.0,0.0,0.0,0.0,0.24656952675198,0.0,0.0297135145950506,0.0,0.0,0.0,0.0,0.0,0.0,0.0,0.0,0.0,0.0,0.0,0.0,0.0,0.0,0.0028288620144654,0.0,0.0,0.0,0.0093755197357175,0.0,0.0018673633377099,0.0,0.0,0.0006694910797417,0.0035980083182055,0.0,0.0,0.0,0.0033597759152961,0.0,0.0,0.0023730155844353,0.0,0.0279282350980491,0.0013201245892656,0.0,0.0,0.0010274460191554,0.0,0.0,0.0,0.0,0.0,0.0,0.0,0.0,0.0,0.023768318276176,0.0,0.0,0.0,0.0,0.0,0.0,0.0,0.0,0.0,0.0,0.101405281520737,0.0,0.0,0.0,0.0,0.0,0.0,0.0056863634427675,0.0,0.0,0.0,0.0,0.0,0.0,0.0,0.0,0.0,0.0,0.0,0.0,0.0009263519615995,0.0108210971705424,0.0046892604027326,0.0,0.0,0.0,0.0,0.0,0.0,0.0,0.0,0.0,0.0,0.0,0.0,0.0,0.0,0.0,0.0,0.0,0.0,0.0,0.0,0.0,0.0,0.0,0.0,0.0188969734060313,0.0
CA3,0.0,0.0,0.0036991258029346,0.0,0.0085545439048755,0.0040171741587701,0.0,0.0,0.0,0.0,0.0,0.0,0.0,0.0041383145237539,0.0034017286576984,0.0,0.0,0.0007510932115227,0.0006406042311066,0.0,0.0010620196143619,0.0228851901039945,0.0481697949844002,0.0,0.0,0.0,16.4226268849186,0.0,0.0008363548653042,0.0,0.429993686493647,0.126744230133869,0.0,0.0,0.0719913115634608,0.000793459430222,0.667499366894846,0.0,0.0,0.0,2.22717378395066,0.0,0.0,0.0080923334154021,0.0,0.0105543941438645,0.439950752723722,0.849710323565085,0.0061852796997561,0.250831785866527,0.0,0.0,0.0203038984614572,0.0,0.0,0.0,0.0,0.0,0.12831469088095,0.0,0.0,0.0006610390374623,0.0133568802348373,0.147032909300572,0.0212756776817103,0.0,0.744607535221622,0.0008557847042736,0.0393397515248945,0.0,0.0,0.0245607318355363,0.0,0.0,0.0,0.0,0.0,0.0,0.119810679416662,0.09931425743441,0.0,0.0,0.0,0.0,0.0,0.0,0.0063420878057486,0.0,0.0,0.0,0.0,0.343624595341386,0.0012344886642523,0.0,0.0007737083475242,0.0,0.0,0.0,0.0,6.59017616243234,0.0007937783543362,1.32232308655066,0.0,0.0,0.0077784321116383,0.0,0.171395491237047,0.0524887934129668,0.0,0.0,0.0,0.0,0.0,0.30684052048671,0.0,0.0,0.0262116490550011,0.0,0.0009951558234853,0.0,1.00505790429811,0.0,0.0099384712266513,0.0,0.0,0.0034698431018462,0.104764259905065,0.0,0.0,0.0,0.0061005520215904,0.0,0.0,0.846840637801624,0.0,0.32632068073181,0.0024302535250638,0.0,0.0,0.0021493825918479,0.0,0.0,0.0,0.151853879953607,0.0048137090169933,0.0,0.0,0.0,0.0,0.188805483718047,0.0,0.0,0.0,0.011334104428688,0.013433849201785,0.0065585731622107,0.0,0.0,0.0,0.0159514308991138,1.96664434454658,0.0,0.0,0.0,0.0,0.0,0.0,0.0,0.0,0.0206404153407844,0.0,0.0,0.0,0.0,0.0,0.0042563397256175,0.0,0.0,0.0015036962808744,0.0,0.0051391203556679,0.0246890136453651,0.227942543143654,0.0,0.0,0.0,0.163741795920573,0.0,0.0,0.0025856472485125,0.023212148051293,0.0,0.0,0.0,0.0,0.0,0.0,0.0,0.038155181458104,0.0080287154924497,0.0131455903854471,0.0902401696952224,0.0,0.0,0.0007351896867921,0.005111913650638,0.0,0.382058434239459,0.0,0.0,0.0,0.0,0.0,0.0029777050328241,0.0,0.0,0.0,0.0,0.0,0.0,0.0,0.0,0.0065669382540638,0.0,0.0,0.0,0.0,0.0007485770490127,0.0010742799308277,0.0,0.0056522333417426,0.0064713181145295,0.0,0.0,0.0,7.1429700155598,0.0,0.0030406006739356,0.0,0.211887996826685,0.317450856211616,0.0,0.0084830285200461,0.0,0.0017916094307635,0.606158157997701,0.0010654970258608,0.0033954018768123,0.0,0.392801722427301,0.0,0.0026123098793933,0.0295629747424644,0.0,0.0,0.0351676141679923,0.0834864594612533,0.0055146095328555,0.0,0.0,0.0018326686913019,0.0440743286647241,0.0,0.0013540485123882,0.0071335726148711,0.0,0.0151285702083319,0.0,0.0021935359763832,0.0,0.0047186191438248,0.0,0.0,0.0,0.0,0.179043954957186,0.0035790605552634,0.0,0.0033820380584504,0.0,0.0,0.0,0.0,0.0,0.0,0.0,0.0,0.0641989750233815,0.0109699535311912,0.0,0.0,0.0044364288945888,0.0,0.0026565265472803,0.0034805656697851,0.0,0.15697029779617,0.0,0.0062110651049905,0.0,0.168004284446358,0.0016565749391933,0.0,0.0007963882355357,0.0,0.0,0.0,0.0,4.44591493226712,0.0041906132700299,0.211713807845737,0.0,0.0069133146708763,0.0,0.0,0.0185873033531818,0.0085226445933105,0.0140281751225852,0.0,0.0,0.0,0.0,0.0,0.0,0.0030805078243452,0.0152229686679321,0.0,0.0,0.0,0.0,0.0,0.0456641335605808,0.0,0.0,0.003149173542212,0.0269308750842275,0.0,0.0030138551494791,0.0,0.0342805346814635,0.0,0.0209961703954544,0.0,0.0,0.101653932124363,0.0119394086423334,0.0,0.0,0.0,0.0,0.0,0.0,0.0,0.0,0.0,0.0,0.0,0.0,0.0894131393774351,0.0,0.0,0.0,0.0008730381767063,0.0006382068732043,0.0,0.0007769865232565,0.0,0.0052330482034566,0.0265792463558567,1.38393606945213,0.0,0.0,0.0,0.0,0.0,0.0,0.0344010928869181,0.0,0.0960821924968346,0.0,0.0033257292911509,0.0,0.0,0.0,0.0,0.0,0.0027375132079537,0.0,0.0029538334350799,0.0075630438921598,0.0554799255641557,0.0433615402771771,0.0,0.0,0.0058483696694906,0.0,0.0,0.0,0.0,0.0,0.0,0.0,0.0077656600594609,0.0,0.0,0.00591072949624,0.0,0.0,0.0007006722831235,0.0158261545717689,0.0032900508108412,0.0,0.0017401843286596,0.0,0.0,0.0,0.139588261032086,0.0
CEA,0.0,0.004293241551981,0.0,0.0,0.0,0.0,0.419057134223521,0.237009305200668,0.0,0.0073946245029976,0.336818614198093,0.0,0.0,0.0,0.0230311242252974,0.0,1.01931940821615,0.0,0.0,0.118272653615405,0.0,2.22282016826314,0.178403605430419,0.239858565214901,0.0595519895988932,0.811646155998162,0.0,0.0,0.0020697842407795,0.0,6.44279230848337,0.0765804146710082,0.0504431543644221,0.0,0.0974931978787555,0.103655619146235,0.0096766888664005,0.0,0.0,0.0,0.001406746398557,0.454328378345524,0.0,0.120227962171248,0.0524865452799174,0.0,0.514615484217924,0.0764895446241524,0.0,2.20040264280486,0.0,0.0,0.186239118421618,0.474683120701828,0.385420861194569,3.43855338538284,0.0,0.0,10.6793613456311,0.0,0.0,0.0052219362392265,0.25219120815289,0.422439169512211,0.0035389536719351,0.0,0.0,0.0,79.8816922643081,0.0,0.0091900631958875,0.0054468546215135,0.0,0.0929340338276848,0.465457131815166,0.0,0.0328193043157558,0.0035797778742665,0.0,0.0,0.0371351181347772,0.0,0.0,0.0053286883452409,0.0,0.0,0.27703024478017,2.44140298887794,0.0,0.0643122391276081,0.524195527328908,0.0371179262927056,0.0024903337767159,0.028036007536037,0.0216479370539596,0.0431723706433855,0.0832740763711813,0.0,0.0240491804784602,0.049520673877766,0.0,0.0,0.0,0.0,7.04460137291337,0.0,0.0049779420115569,0.0,0.0033192364249606,0.0401843302430873,0.0925185410303146,0.0073597996511684,0.0,1.21810187244745,1.59131473494846,0.018587172593225,0.0,0.0,0.150575016799577,0.0254424698190743,0.0,0.0059239048420138,0.0043892237101326,0.0,0.0,0.0045474201652192,0.0,0.139593364583499,0.0245839014007541,0.0,0.0156791140778248,0.0,0.0,0.0,0.0,0.0,0.0,0.0041918690754273,0.0,0.0025299590684704,0.0,0.196334215068528,0.0,0.309401363455111,0.731339143271823,0.0,0.0,0.0,1.38781271564401,0.307373695437448,0.0,0.0,0.0705875865835594,0.0,0.0020305012584709,0.0044960896139159,0.0,0.0771312338297767,0.0,0.0,0.0593902604692547,0.233704830781092,0.0,0.0,0.292098853069524,0.0260081156267876,0.0,0.30171972190092,0.0,7.49299267967964,0.0,0.0,0.0,0.0,0.0046744583377248,0.0,0.0105713285845697,0.0044638934077384,0.0014756104698069,0.0,0.062134835158549,0.0,0.0189797499309567,0.011083602866975,0.0,0.497956701654444,1.78788596607378,0.0,0.0,0.264250973187436,0.0,0.0,0.0,0.0,0.0006882809016113,0.665543227937603,0.0,0.0007827682031173,0.0169360957091572,0.0,0.0,0.0,0.0031677096304401,0.0647258996661839,0.0040800766618357,0.0,0.0,0.0982248983037896,0.0011835025656752,0.000994676321608,0.0,0.0,0.0,0.0,0.0,0.0474849941447812,0.143924609140521,0.0,0.0171980797350727,0.0,0.0,0.0,0.0,0.0008802456411224,0.0,0.1803837029554,0.0,0.0,0.0163592123303791,0.0,0.103496818342944,0.0200200259155126,0.0025140525607596,0.0,0.0,0.0,0.0,0.0,0.0,0.0,0.0,0.0,0.0,0.042273761599295,0.0,0.0087126567592554,0.0,0.0,0.0,0.0,0.185373221305103,0.0,0.0,0.039657638966283,0.0,0.0224486224988492,0.0,0.0,0.0007936858822046,0.0,0.0,0.0344116236200169,0.0170345723870284,0.0,0.0604964612575586,0.0,0.0,0.0,0.0,0.0,0.0,0.0027354442577539,0.0,0.0344657452752967,0.0,0.0,0.0,0.0,0.0,0.0,0.0,0.0,0.0968800193788644,0.0,0.0,0.0,0.0040584083184398,0.0,0.0,0.0,0.0,0.0,0.0,0.0,0.0,0.006697715786155,0.001533794729037,0.0021875789696087,0.0,0.352251730959479,0.0043393519571563,0.0015358127233019,0.0118911503001511,0.0127476246064907,0.0039873088187311,0.0041489768365533,0.0,0.0,0.0160769009989393,0.0,0.0,0.0,0.0,0.0,0.0,0.0,0.0,0.002396671095212,0.0,0.0041698714568063,0.0,0.0,0.0,0.0,0.0046453252292552,0.0,0.0,0.0122233560019804,0.0,0.0312911456354329,0.0,0.0031251038216845,0.0,0.0,0.0037489193925977,0.0,0.0,0.0011132059839433,0.0,0.0030567329177835,0.0,0.0,0.257444710153276,0.0057859551693209,0.0,0.0,0.0022052905501232,0.0,0.0,0.0620316857532778,0.0,0.0,0.0414997222133099,0.100765880146812,0.0,0.0,0.0,0.9052310607468,0.260722330363954,0.0,0.0,0.0,0.0,0.0,0.0,0.0006801802411353,0.0,0.0016395741377087,0.0,0.0,0.005413125954739,0.0,0.0,0.0,0.0016083674863706,0.0,0.527745655516491,0.0,0.0282474362756434,0.0,0.0008946768820418,0.0,0.0008596906395892,0.0019511708808922,0.0,0.0022592853278267,0.0019432013110277,0.0,0.0,0.0052683091768285,0.0059760215956637,0.0,0.0,0.0,0.0369322191040762,0.0,0.0,0.0114333799322049,0.0046561164991219,0.0998580108102873,0.0,0.0,0.0,0.0,0.0960711724303039,0.0,0.0,0.0,0.0,0.0,0.0,0.0,0.0216395519317741,0.0,0.0,0.0,0.0229196102763419,0.0022277495444512
CENT,0.0,0.0,0.0041351832559055,0.0,0.0008948931300855,0.0,0.0025250560953295,0.000790684755687,0.0,0.0,0.0,0.0,0.0,0.0,0.0,0.0,0.0,0.0071392201262742,0.0142021271619935,0.0333045497716708,0.0,0.0,0.0,0.0024642506774029,0.0,0.0,0.0,0.0034767515805221,2.99639021641256,0.0428879920096843,0.0267201472978133,0.265353788238252,0.0,0.0,0.0,0.000795134855403,0.0014946484832707,0.233825626801406,0.005993558675073,36.5448702725852,0.00142108944324,0.0107281531645277,0.0,0.0174034998665055,0.0041040766127047,0.0,0.0,0.0,0.0,0.0,0.0,0.703062090685201,0.0007691588770603,0.0,0.0030633430069725,0.0,0.0019596658250982,0.0,0.0,0.0,0.022386747482651,0.0051703361167118,0.0,0.0045254046100793,0.469255073037272,0.0124360650817022,0.007809530804224,0.0,0.0563588245674497,0.0,0.0,0.0,0.0,0.0,0.0031267169708983,0.0,0.0,0.25528790983908,0.0016495499292028,0.0,0.0,0.0,0.0369067049284251,0.0,0.0174951144003726,0.140648787242018,0.0,0.026649005851751,0.0,0.0082759519506442,0.0079845981989583,0.026750601647452,0.0,0.0,0.0,0.0026552257617811,0.0062544547266648,0.0,0.0050221020568921,0.0,0.0170289612928738,0.0025878706617694,0.0,0.0801864709225481,0.0,5.5220269567873,0.0039615036552392,0.0043798442292756,0.043724480727045,0.0,0.0,0.0023377065664056,0.0,0.0,0.0,0.0043681911766355,0.0,0.0047944827574028,0.033985045077639,0.0310681069754744,0.0,0.0,0.0888354739621276,0.0,0.0,0.057426911714357,0.0,0.0,0.0053457118720632,0.0,0.0,0.0,0.038902287953535,0.0,0.0177961309536811,0.0024127753435147,0.0,0.0008414809387669,0.0006596342644203,0.355949805702874,0.101378623908014,0.0,0.0007460511177699,0.0024251831766237,0.0,0.0328537105547497,0.0,0.0015083148530616,0.0385828981875212,0.0006814895209186,0.0,0.0,0.0644839364712981,0.0011429033034449,0.0,0.0,0.0,0.0,0.0017067774363601,0.0030283153251757,0.0,0.0,0.0,0.0,0.0,0.0012440272450508,932.432198344194,0.0,0.0,0.0284581131204612,0.0892318417086782,0.0115292708035152,0.0190242817084323,0.0426218627672363,0.0,0.0008982453003428,0.0,0.0,0.0007938930386,0.0,0.0011362162349053,0.0014543386296706,0.0,0.0,0.0405201040605207,0.0,0.0,0.208259475856449,0.0,0.0,0.0021481996162845,0.0,0.0,0.0,0.0,0.0025206997097928,0.0066171676624176,0.0,0.0,0.0,0.0,0.0,0.0006298903327758,0.0,0.0,0.0,0.0,0.0,0.0,0.0,0.0,0.0,0.0,0.0013061980503482,0.0,0.0,0.0016818865575838,0.0,0.0,0.0,0.0,0.0,0.0,0.0,0.0,0.0,0.0,0.0,0.0,0.0,0.0018625335427467,0.0,0.000669980358699,0.0,0.0,0.0,0.0,0.888519048909069,0.0215632997528453,0.0,0.301292390276218,0.0,0.0,0.0,0.0,0.0058817255842151,0.0685201273375953,0.0049889904398007,22.3460128395844,0.0,0.0033469417075729,0.0,0.0175100897469625,0.0136008736928656,0.0,0.0,0.0,0.0,0.0,0.0,0.433233182990013,0.0011236149541859,0.0,0.0044663727407659,0.0,0.0,0.0,0.0,0.0,0.0077995891985859,0.0,0.0,0.002928379250062,1.75073936147445,0.0,0.0058040039148931,0.0,0.0006536119233294,0.0,0.0,0.0,0.0,0.0,0.0,0.0,0.0,0.0115701414014328,0.0010151487778547,0.0,0.0,0.0,0.0122966587532697,0.0,0.0555227680306321,0.508057340240497,0.0,0.0014193751139582,0.0,0.0,0.0074312894192424,0.0109634332014319,0.0,0.0,0.0,0.0006182455250041,0.0010353748037819,0.0,0.0,0.0,0.0280587301301717,0.0017182416457029,0.0298016093413983,0.0098935836721981,0.0,4.49284617131748,0.0,0.0024761823666812,0.0358960254647237,0.0,0.0,0.0013181385955086,0.0,0.0,0.0,0.0,0.0,0.0,0.0,0.0,0.0010448122817047,0.0,0.194621999168682,0.0,0.0,0.0294026712520754,0.0,0.0,0.0019810378910598,0.0,0.0,0.0,0.0140652962899869,0.0,0.0123558403560178,0.0036643632215151,0.0,0.0,0.0,0.26541542196391,0.0123477434141617,0.0,0.0019478619076172,0.0,0.0,0.0111656522214575,0.0,0.0006934032591589,0.0073105035878878,0.0,0.0,0.0076035391524259,0.0015642580166937,0.0,0.0007705739911702,0.0,0.0,0.0,0.0,0.0,0.0,0.0,0.0,0.0,0.0,0.0,623.939737517677,0.0,0.0,0.0010430760168909,0.0344230015323826,0.0,0.0023673513897387,0.0107377829286949,0.0,0.0,0.0,0.0,0.0,0.0,0.0,0.0016556091651375,0.0,0.0045473452729984,0.0806914649989794,0.0,0.0,0.342566336462568,0.0,0.0,0.0,0.0,0.0,0.0,0.0,0.0,0.0035907845457363,0.0,0.0,0.0,0.0,0.0,0.0,0.0,0.0,0.0,0.0,0.0,0.0
CL,0.0,0.360572802376468,0.0,0.0,0.0,0.0,0.0,0.0,0.0,0.00641659905048,0.0461732052714587,0.116725668650956,0.0,0.0,0.0,0.0852143194809926,0.0031868658272853,0.0009278439864041,0.0006706321527109,0.0102823797966147,0.0637303040942743,0.0,0.0,0.0,0.0,0.0,0.0,0.0,0.0,1.93299315093838,0.0,0.0,0.0244077371574663,0.0,0.0,0.0027511099575787,0.0200525228906538,0.0,0.0,0.312127211556806,0.0006898556223706,0.0062674042342489,0.008859141486995,0.0,0.0,0.0151263772347359,0.012532819598106,0.0038982211606973,0.0,0.0,0.0,0.0,0.0,0.0,0.270842636543228,0.665012806915407,0.0014215738252237,0.0,0.0,0.0,0.0,0.0127985353224733,0.045534757860963,0.0,0.0149788420165513,0.0,0.0,0.0,0.0,0.010735136604299,0.0052374868040272,0.0,0.0,0.0312831213834783,0.0462585389497684,0.0865219820939398,0.0111669284857783,0.0037244211060297,0.0,0.0,0.0,0.0037585984107168,0.0084561716060649,0.0196238882508896,0.0,0.0060623952659496,0.0,0.0,0.0,0.0,0.0326263965111208,0.0074620029051579,0.0,0.0734354943589921,0.13205144711242,0.0,0.0015102765315184,0.0,0.0361796083694675,0.0,0.0067259072083781,0.0026247460523745,0.387753126420049,0.0,0.0,0.0,0.567716775212664,0.13580010680584,0.0010659822467108,0.0876862693991823,0.0,0.115637063193436,0.0,0.0,0.0,0.0249241175057478,0.0,0.0,0.0089321008453428,0.0,0.0,0.0401565095776947,0.0,0.0234877626629486,0.0,0.0,0.0,0.0,0.0731918255808131,0.0,0.0188740428571176,0.0,0.0,0.0,0.0086923920103575,0.0,0.0,0.0088736221200378,0.0108134466069929,0.0,0.0,0.0,0.123816078117317,0.0487690435297624,0.0,0.0,0.0,0.0,0.0632828054079417,0.0,0.0,0.0719404505475662,0.0,0.121493930927171,0.0442106274974477,0.0514141845881685,0.407814845723664,0.0,0.0532377095725415,0.0117068468349047,0.0006718792853357,0.0,0.0,0.0,0.0374640292068062,0.0117507403210205,0.0,0.0,0.082320383777948,0.247931776680156,0.0,0.0,0.0,0.0,0.044385753836113,0.0,0.0113542934062675,0.0247094722410262,0.0736423932570289,0.0595027888920082,0.0184679334935922,0.0,0.0013268652622642,0.0,0.0419699943633353,0.0270220011492004,0.0,0.0,0.0179994530782614,0.0,0.0,0.0,0.493333111948985,0.0,0.0,0.0330308104826422,0.129075606636653,0.201041568077057,0.0193297087229122,0.0010658676282431,0.0,0.125037410146875,0.0174400174776113,0.0,0.168579601691512,0.0,0.0,0.0124617778114687,0.0,0.0,0.0104062263706683,0.0,0.0,0.0,0.0024753279496131,0.0035234246705724,0.0,0.0,0.0266660080277024,0.0,0.0,0.0,0.0,0.0,0.0,0.0,0.0,0.0,0.0,0.0,0.0,0.0,0.0,0.0,0.0,0.0,0.0,0.0,0.0,0.0406569983886773,0.0,0.0,0.0,0.0,0.0,0.0239172076185536,0.0,0.0,0.308427622403886,0.0,0.0107988739841367,0.516421714503648,0.0,0.0,0.0,0.0,0.0,0.0,0.0,0.0210022255314994,0.0173115630556679,0.0085965155376813,0.0,0.0211877367867167,0.0,0.0061807171227296,0.0,0.0,0.0,0.0,0.0,0.0098575633514119,0.0,0.113756720992279,0.0374382377722266,0.0011134150465699,0.0,0.0,0.0011166680237202,0.0,0.0,0.0,0.0,0.0052303498426858,0.0,0.0074580362678793,0.0222211168640996,0.0,0.0,0.0,0.0034411249731122,0.007160363460683,0.0,0.0096513929202664,0.0260843568448063,0.0,0.0,0.0,0.0,0.0133667595291387,0.0025618409828271,0.0,0.0031044221219935,0.0106474644630592,0.0,0.0012465898979209,0.0,0.0071095842464603,0.0012542819891044,0.0086175188790029,0.0053062164493164,0.0605941772446597,0.0203543681431757,0.0,0.0,0.0,0.104568783045276,0.0605656994919505,0.0315869922902913,0.0,0.0104052180785591,0.0,0.0,0.0,0.0082155458987523,0.0,0.0,0.0,0.0,0.0,0.0,0.0,0.0,0.0464791733866695,0.0076312756004871,0.0,0.0,0.0027235360688266,0.0,0.0,0.0,0.0,0.0,0.0129954120389935,0.0,0.0,0.0072396903144909,0.0,0.0,0.0118595572836635,0.0011037127310072,0.0,0.0327664212262438,0.0,0.0,0.0,0.0,0.0508401047901122,0.004378983767338,0.0,0.0181234839906313,0.024846750722998,0.0,0.0,0.0,0.0168698794317463,0.0,0.001726404248061,0.0,0.0008532740773039,0.0,0.0,0.0,0.0,0.0013976830231461,0.0,0.0173296286933201,0.0036060713525775,0.0174366866267212,0.0,0.0,0.0089586344329764,0.0,0.0,0.0,0.0,0.0,0.0,0.0,0.0,0.0012068502941559,0.0,0.0,0.0396241085529677,0.0,0.0,0.0045638991439939,0.0,0.0,0.0,0.0,0.0,0.0,0.0049635828646606,0.0,0.0,0.0010351591984559,0.0,0.0,0.0,0.0006485069330959,0.001151985282662,0.0,0.0,0.0,0.0,0.0,0.0
CLA,0.117823452428673,0.181627636486527,0.0081486533800515,0.0,0.0,0.0,0.137279109453818,0.0,0.195633602592603,0.0,0.277690061328517,0.0,0.0,0.0,0.103912669498782,0.0,0.0,0.0266878851495915,0.0353422989057455,0.212843033703147,0.0,0.759102598479363,0.0172696999353087,0.0,0.0084635890360651,0.167008435337274,0.0,0.0,0.0,0.0,5.6931994843249,0.0,0.033069812571894,0.0,0.0065135165092557,0.0164346250866199,0.0200868672492094,0.0,0.0,0.0,0.0008988296799445,0.0018771566439606,0.0,0.0,0.0013945243607592,0.171434059119466,0.342207786256084,0.0887827354898674,0.224562562755504,0.0,0.0,0.0,0.0250659697684608,0.0492494257520384,0.119015370282496,0.0,0.0,0.111455804810763,0.0,0.0,0.0,0.0,0.355896828988004,0.337184649161234,0.0015051774706775,0.0,0.0,0.0,0.0,0.0,0.0,0.0,0.0,0.0,0.0,0.0,0.0,0.0,0.0,0.0,0.0040891252710592,0.0,0.0,0.121368837761598,0.0,0.0,0.0,0.0,0.0,0.0019233029875733,0.45417143684344,0.0193151331285841,0.0,0.0016294623904096,0.0320898746776791,0.0,0.0,0.0,0.0,0.0138586319209403,0.0,0.0966469574227502,0.0172192170061259,0.0,0.143466342117018,0.0,0.0,0.0,0.0,0.143916790822286,0.228349509623072,0.349428519434661,0.0,0.0831873906677324,0.140165478986471,0.0,0.0,0.0,0.0014878156383522,0.0016041477774679,0.0,0.0,0.0,0.0,0.0,0.0,0.0015762474523624,0.225861878615303,0.457237219914977,0.0,0.0008171264111599,0.134870119250836,0.0,0.0,0.0,0.0064550157119032,0.0,0.0,0.0,0.0,0.0,0.0,0.0355074520036191,0.0,0.123712217676091,0.0,0.0,0.0,0.0,0.345592977689703,0.267494711543095,0.0,0.0,0.0510539739062223,0.0,0.0293131797737609,0.0137682953829819,0.0,0.0,0.0,0.0,0.0557923337415641,0.0,0.0,0.0,0.0,0.0,0.0,0.0,0.0,0.0,0.0,0.0,0.0,0.0124541941900849,0.010772699807808,0.0,0.0009444144456737,0.0091873248447441,0.0,0.0087208232563542,0.0,0.0092233450638438,0.0018005038878451,0.001054048600677,0.183594411182737,0.0945032804854054,0.0,0.00290203448611,0.248310232412008,0.0,0.0,0.0,0.0,0.0,0.203622314786081,0.0233159027189282,0.0502739905514303,0.0889086316589768,0.0,0.0,0.0,0.014972364495094,0.0,0.0,0.0,0.0,0.0372564405269744,0.0,0.0393161683106665,0.264096435868601,0.0,0.0,0.0,0.0,0.0180775328415261,0.0,0.0294959789310633,0.0,0.0,0.0,0.0,0.0,0.0206422462044881,0.0,0.0,0.0,0.0,0.0165359553095502,0.0,0.222105105126088,0.0,0.0,0.002735866097135,0.0,0.0,0.0,0.0,0.0,0.320860855267304,0.0,0.0,0.0,0.0,0.0,0.03039492695759,0.0,0.000670762281661,0.0,0.0,0.0009135757591321,0.013395078245998,0.0,0.0026136923575198,0.0,0.0238996273406225,0.0,0.0,0.0018269153084704,0.0,0.0,0.0130820407358808,0.0120216138617685,0.0,0.0,0.0,0.0,0.0,0.0,0.0,0.0,0.12079627401882,0.0,0.0019964201582144,0.0,0.0,0.0,0.0,0.0,0.0,0.0,0.0,0.0101673796473874,0.0,0.0,0.0,0.0,0.0,0.0,0.0,0.0,0.0,0.0,0.0,0.0,0.0,0.0036951109839748,0.0,0.0013305846288299,0.0240346188709774,0.0022307456367043,0.0,0.0132243059032398,0.0680222121953793,0.0,0.0,0.0,0.0,0.0047570293455104,0.0,0.0114099289989318,0.0313563862332976,0.0,0.0036878439140895,0.0,0.0,0.0,0.0,0.059841183207123,0.110695726221743,0.233470904363746,0.0,0.0,0.0,0.0,0.0,0.0,0.0,0.0,0.0428303326138263,0.0,0.0,0.0,0.0,0.0,0.0,0.0,0.451975915087459,0.0,0.0018441520553873,0.0,0.0,0.0,0.0029587143374731,0.0,0.0,0.0,0.0,0.0,0.0,0.0,0.021109841084579,0.0,0.0048582333221545,0.0,0.0,0.0,0.0,0.258637352633788,0.0,0.0,0.0,0.0097510396740012,0.0015050662081777,0.0015429339284399,0.0,0.0,0.0,0.0,0.0,0.0042767829525935,0.0,0.0,0.0,0.0,0.0,0.79626190663861,0.0,0.0,0.0,0.0,0.0,0.0,0.0174293502998209,0.0029222281074544,0.0086571785918031,0.0047469636963433,0.0025145059071061,0.0,0.0080347906509635,0.0,0.0,0.0,0.0172954799738597,0.0509594213651006,0.0,0.0,0.0,0.0,0.0,0.0,0.0,0.0,0.0,0.0240055527351296,0.0,0.0066430296869809,0.0112950138869294,0.0,0.0,0.0,0.0,0.0,0.0,0.0,0.0,0.002468924940314,0.0
CLI,0.0421624224120236,0.0,0.0017350720245812,0.0030227245294896,0.0,0.0101786060839832,0.0049355697270524,0.0,0.0,0.0007946111146911,0.0,0.00123227632262,0.0,0.0,0.001255951818103,0.0,0.0,0.0,0.0,0.0,0.0,0.0,0.0,0.012888877835458,0.0,0.0,0.0,0.0019913487687165,0.0,0.0,0.105050629736726,2.13597601093366,0.0,0.0,0.0,0.0,0.0190609106635145,0.0,0.0485005186369879,0.0,0.0,0.0657616692555422,0.126278560030263,0.0,0.0736796327140537,0.0,0.0,0.0,0.0,0.0,0.0,0.0020708735410392,0.0,0.0,0.0,0.0,0.0,0.0,0.0079016931309063,0.0,0.0,0.0070323787778838,0.0105756402176409,0.0,0.0131352439564781,0.0318239880863479,0.042755164224226,0.0,0.0,0.0,0.0,0.0,0.0,0.187715495027904,0.0192926228377244,0.0,0.0025390434312159,0.0012039604898705,0.0,0.0,0.0037515469731585,0.0,0.0,0.0,0.0,0.0032207149852343,0.0006875799429444,0.0,0.0,0.0,0.0,0.0188191975120281,0.0,0.0,0.0016378209441788,0.0045369509469571,0.0253251247597,0.0,0.0063718352571639,0.0,0.0,0.0214805969552473,0.0335803129796573,0.0382890334987206,0.0,0.0066065306891458,0.0,0.0,0.0,0.0134061485535076,0.0,0.0109018718290042,0.0287169045776062,0.0,0.0,0.0126479960197301,0.0,0.0,0.0,0.018809035343899,0.0,0.0,0.0,0.0,0.0014715668886755,0.0009668484704786,0.0023800852933673,0.0,0.0372410676360042,0.0,0.0,0.0,0.0,0.0,0.0548736894074998,0.0,0.0,0.0,0.0010813867241734,0.0,0.0,0.0,0.0,0.0186757243822342,0.0,0.0,0.0,0.0,0.0148170211204474,0.0,0.0,0.0,0.0,0.0,0.0,0.0,0.0,0.0,0.0040350053874973,0.0,0.0,0.0,0.0006807386873216,0.0,0.0766406987276931,0.0,0.0,0.0,0.100220199898615,0.0332757638262033,0.0,0.0,0.0,0.0,0.0,0.0,0.0,0.0,0.0,0.0,0.0,0.0,0.0014679825902469,0.0,0.0307977132703891,0.0,0.0,0.0062550928703919,0.0,0.0016730295234909,0.0093561069555645,0.0,0.0,0.0,0.0006551498826885,0.002061767854302,0.0,0.0,0.0,0.0,0.0,0.0,0.0,0.0,0.0015460396150925,0.0,0.0,0.0347672771479841,0.0,0.0088333700763892,0.0,0.0007888490926485,0.0,0.0,0.0062598749376785,0.0015149929087002,0.0,0.0,0.0,0.0,0.0,0.0,0.0,0.0,0.0,0.0,0.0,0.0,0.0,0.0,0.0,0.0,0.0039034147395096,0.0,0.0,0.0,0.0,0.0,0.0,0.0521205686251518,0.771834950616211,0.0,0.0,0.0,0.0,0.0134814312831463,0.0,0.0387641214704489,0.0,0.0,0.0317306608102757,0.0835656487391652,0.0,0.012534568861263,0.0,0.0,0.0,0.0,0.0,0.0,0.0011979871883072,0.0,0.0,0.0,0.0,0.0,0.0,0.0017000003168348,0.0,0.0017132669804992,0.0075015759206995,0.0053763826453021,0.0,0.0036981494429964,0.0458407014036612,0.012502827484433,0.0,0.0,0.0009561285041735,0.0,0.0,0.0,0.0535221718176341,0.0028573358302917,0.0,0.0,0.0017702475132623,0.0,0.0,0.0025497564017903,0.0,0.0,0.0,0.0,0.0024527309133471,0.0,0.0009509935301051,0.0,0.0,0.0551817660771436,0.0020435370197925,0.0,0.0,0.0006601080481719,0.0031428515376902,0.008947986499512,0.0,0.0035517964272868,0.0017751553580004,0.0,0.0087178589314103,0.0,0.0380368093024294,0.0011911706013874,0.007318259185993,0.0,0.0,0.0,0.0053313863101544,0.0,0.0070563714883085,0.0082795167512589,0.0,0.0,0.0096297229485242,0.0,0.0,0.0,0.0128413907383468,0.0,0.0,0.0,0.0,0.0,0.0,0.0022926594977178,0.0,0.0190583434896661,0.0,0.0,0.0,0.0,0.0,0.0440129721272134,0.0,0.0,0.0,0.0,0.0,0.0007161277251761,0.0,0.0,0.0186710638732559,0.0007643336605554,0.0,0.0,0.0,0.0,0.0,0.0,0.0,0.0926133718951797,0.0,0.0,0.0,0.0,0.0,0.0054069251075698,0.0,0.0,0.0,0.0,0.0,0.0164366242998693,0.0023502795523204,0.0,0.0,0.0012575030443667,0.0093483591030017,0.0,0.0,0.0,0.0,0.0,0.0,0.0,0.0,0.0,0.0,0.0,0.0,0.0,0.0,0.0167855087563392,0.0,0.0,0.0031922822494528,0.0,0.0,0.0034949834170414,0.0,0.0,0.0,0.0,0.0008333631840083,0.0,0.0,0.0,0.0,0.0,0.0,0.0,0.0,0.0007463642445112,0.0,0.0,0.0132324420996732,0.0
CM,0.0,0.0434245722738889,0.0,0.0,0.0,0.0395903028892153,0.096424241617738,0.0,0.0,0.0,0.0351125229532363,0.0,0.0,0.0,0.0011198059075897,0.0,0.0965112437017174,0.0,0.0,0.0018721502453649,0.0,0.0016116206047392,0.0,0.0076933467081421,0.0026349994259093,0.0,0.0,0.0,0.0,0.0,0.0,0.199026442577193,1.64530491684564,0.0,0.0,0.0,0.0326644418783101,0.0,0.0,0.0,0.0,0.0463978676008943,0.073091448122714,0.0,0.0,0.0060055394867267,0.0045537904496428,0.0,0.0009299606065002,0.0078673029209245,0.0,0.0296616845325507,0.0878952699979831,0.0970999076804456,0.252760936843106,0.413450689281551,0.0,0.0684215165876175,0.0269663286231048,0.0,0.0,0.0038457754370421,0.0767494059605874,0.0,0.0246857829976247,0.0,0.0,0.0009251174498781,0.0,0.0,0.0,0.0,0.0,0.0,0.0931818933475011,0.0,0.0134634810941224,0.0123637420602417,0.0,0.0,0.0061147660136218,0.0086427265350379,0.0,0.0287133238696549,0.0,0.0044479103084668,0.0010466318080247,0.0,0.0,0.0,0.167898258298647,0.0193777367507342,0.0,0.0272979535528457,0.0510654200050175,0.0,0.0147162891792871,0.0,0.0356718087174976,0.0,0.0007312739238659,0.0421737196812286,0.0,0.0,0.0,0.0,0.0,0.103703695723241,0.0068420024515157,0.126223988946015,0.0041807702268119,0.116002711015495,0.0124498560124988,0.0010112446657101,0.0037028128024647,0.0092572802064286,0.0,0.0059715840765962,0.0262566292447271,0.0263483398470413,0.0,0.0024755301823435,0.0,0.0329241009276144,0.0,0.0035120685852859,0.00132010306363,0.0006188453031485,0.106134101799823,0.0,0.0,0.0,0.0,0.0,0.0655196760207968,0.0,0.0,0.0137068690117165,0.0,0.0,0.0063160448033465,0.0,0.0,0.0,0.0351846156106951,0.0,0.0,0.0,0.0753244292769908,0.0494935282100996,0.0238417724135457,0.0,0.0460998168811316,0.0028759392400367,0.0,0.0071955001120985,0.431389652881092,0.055814845273511,0.0377148395375278,0.0,0.0202965767350034,0.0275055896185829,0.0,0.0,0.296338748594823,0.0743950952380535,0.0,0.0,0.0,0.1348235048528,0.0,0.0009003629729371,0.0,0.0,0.0040589102735609,0.0,0.0171503793000287,0.0028633350438314,0.0045992885064723,0.0,0.0172112324525179,0.0,0.0244181870372091,0.0,0.0,0.0,0.0,0.0,0.006496392486647,0.0,0.0,0.0,0.0,0.0,0.0,0.0514381719752345,0.0,0.0171558762009438,0.0,0.0,0.0,0.0072102549948536,0.0231820905783358,0.0,0.0,0.0,0.0,0.0,0.0,0.0284744310989556,0.0133944896955722,0.0029526177620837,0.0,0.0010751829993835,0.0206274888758355,0.0606419565896065,0.0,0.0,0.0,0.0,0.0,0.0,0.0,0.0008572979381626,0.0,0.0499553889406599,0.0,0.0,0.0012785046621134,0.0,0.0,0.0,0.004751507906267,0.0018216980779868,0.0,0.0,0.0028405907689377,0.0,0.0,0.235392933349985,0.178859188967622,0.242028191364013,0.0,0.0,0.0,0.0154631966979744,0.0,0.0,0.0,0.0,0.0276895167179873,0.0810076847168704,0.0,0.0,0.0032430934880647,0.0022068295817058,0.0,0.0,0.0019041212306592,0.0,0.0259597362361296,0.0633595598568139,0.0278034388072591,0.0727514973255024,0.165873719093091,0.0,0.020604964885168,0.0076321052987698,0.0,0.0,0.0018905122882784,0.0501575757673374,0.0104547400125635,0.0196462187031145,0.0,0.0,0.0008423618241674,0.0,0.0,0.0,0.0,0.0,0.0061575670499122,0.0447718205728811,0.0,0.0052145409324604,0.0078145162221197,0.0,0.0,0.0048079507521757,0.0,0.0,0.0,0.0,0.0016458711192926,0.0007909522976679,0.0,0.0,0.0,0.133376987470437,0.0074567076478882,0.0,0.0160656810251327,0.0249148640287651,0.0,0.0086464562267868,0.0,0.0212124614758665,0.0,0.0,0.0203969296862967,0.0,0.0,0.0,0.0,0.046215871713749,0.0175119474523762,0.0060668205678349,0.0700277604509666,0.0,0.0583906480267517,0.0041710427543022,0.0,0.0013076541871129,0.0047726774984197,0.0,0.0060701151914632,0.0182707232831913,0.0223310057686176,0.0,0.0,0.0,0.0,0.0,0.003336638166323,0.0,0.0,0.0598048584478123,0.0,0.0,0.0,0.0,0.0,0.0418069595029161,0.0,0.0,0.0068846075166555,0.0,0.0,0.0132324490849232,0.0,0.0,0.0,0.007450781998869,0.0,0.0,0.0,0.0636848283240502,0.0442605560007005,0.0,0.0,0.0901721027523678,0.0,0.0,0.0038303569024242,0.195161204308556,0.0094773033665606,0.0191394308598379,0.0,0.0,0.0079612854256941,0.0,0.0,0.108987875232753,0.0422377198436565,0.0,1.87424605136467,0.0,0.0768033457149899,0.0,0.0008352414502906,0.0010080166297647,0.0,0.0009935019057234,0.0,0.0103532776630189,0.0009130951571523,0.0015210481823927,0.0,0.0081333262937475,0.0,0.0133570206844732,0.0,0.0,0.0,0.0,0.004835366454976,0.0168779659185463,0.0,0.0,0.0,0.0,0.0,0.0,0.0377040937287735,0.0,0.003660471503216,0.0,0.0,0.0,0.003120506805849,0.008418869180657,0.0,0.0,0.0,0.0,0.0,0.0
COAa,0.0,0.0007887201036608,0.0,0.0011753789177327,0.0044828284845533,0.0,0.0338374696539884,0.357566989075873,0.093696971909731,0.0,0.0,0.0,0.0,0.105081427625031,0.0429234352585054,0.0,0.181514225642127,0.0,0.0,0.0,0.0,0.0719542581096849,0.539390276647499,0.0109279480084751,0.0108745691840907,0.0,0.0010024889624081,0.0,0.0029678826497619,0.0265393738931257,0.0,0.0115533736202518,0.0,3.04231132078475,0.352481347396957,0.0036332867987656,0.0037417350268315,0.0014811073705574,0.0,0.0,0.007657872476271,0.111818799418553,0.0,0.0546932623073256,0.0018805649918867,0.0149404026533232,0.0661148466504792,0.0020628504179185,0.297758210151468,10.8951679890074,0.0,0.0,0.0016160249119983,0.398054100636161,0.0023578779471535,0.397286209724898,0.0,0.0170181071969663,0.364855636497034,0.0,0.0,0.0,0.171647097467104,0.0,0.0,0.0,0.0,0.0,0.480792955841065,0.0014116488309952,0.0053492290341587,0.0,0.0,0.0158409517179382,0.0667693107394133,0.0,0.0,0.0,0.00131591066599,0.0,0.0184146604742258,0.577234190854695,0.0082289347456749,0.0,0.0010590060447708,0.0,0.126593867695791,0.177700836052682,0.0,0.0093458592077057,0.0,0.0571161216702222,0.0,0.0,0.0,0.0038536097171353,0.0,0.0,0.0009688413539065,0.0282294245006545,0.0008686253965904,0.0934345404866253,0.0,0.0,1.48344916287642,0.0,0.0,0.0181728943721391,0.0178370229124816,0.0138628024558792,0.0470789223389587,0.0053732243235946,0.144652692393384,0.0,0.0,0.0014015460371047,0.0017637660031157,0.0,0.0104705813551632,0.0065176577779165,0.962589038996559,0.0,0.0011746862696133,0.0,0.0,0.0053703420246602,0.0,0.663654760205031,0.0,0.0,0.0021351542451366,0.0,0.0049427639098901,0.0,0.0,0.0039267475535514,0.0,0.0007087217085443,0.0,0.0,0.0014256979099518,0.0432786241920463,0.0257752971858117,0.108225116570923,0.0285974562068481,0.0,0.0,0.0,0.762406135771427,0.155333986636732,0.0,0.0,0.0198997921315214,0.0011041470847891,0.0008025405647121,0.0,0.0009843280027792,0.0,0.0,0.0012148243178229,0.0360332755874885,0.0,0.0,0.0,0.0,0.0016807782433697,0.0,0.118496696476963,0.0,1.54589900814145,0.0,0.0,0.0,0.0,0.0,0.0,0.0,0.0,0.0,0.0021155627345777,0.0,0.0,0.0,0.0,0.0,0.0,0.204968136284464,0.0012575460443868,0.0,0.532932065809247,0.0,0.0,0.0,0.0,0.0,0.013860646603978,0.0061269648325863,0.0,0.0,0.0,0.0068115754250686,0.0,0.0008497896176769,0.012528075149043,0.0,0.0019298926816172,0.0,0.0020746423645429,0.0,0.0,0.000771121202836,0.0,0.0010407871610293,0.0015405656402992,0.0,0.0,0.0,0.0,0.0,0.0,0.0,0.0,0.0029162486233048,0.0,0.0,0.0349185832462371,0.0011250052839209,0.0008087003581924,0.0,0.0,0.0108396554462449,0.0068285729734259,0.0029263141073156,0.018042515160483,0.0,0.0006760464720048,0.0,0.0050418057899676,0.0,0.0,0.0,0.0022582643710603,0.001452982179817,0.0012478706392359,0.0008471120555509,0.0021796202435597,0.0014399537385311,0.0,0.0,0.0084693547168977,0.0,0.0028986595736906,0.0114141769225812,0.0116417817899021,0.0030596061910067,0.001378599679704,0.0,0.0157375592674005,0.0097455739192099,0.0,0.0,0.0064260407702743,0.0,0.0039838929337997,0.0,0.0,0.0138897770653475,0.0,0.0023848883059155,0.0011804817695259,0.0,0.0008455613082041,0.0,0.0,0.0,0.0,0.0089772264409278,0.0226216438244186,0.0054667899936335,0.0052377826805075,0.0,0.0,0.0,0.0,0.0,0.0010784995844387,0.0,0.0059289374048023,0.0,0.0,0.0179024903191633,0.0080859973501456,0.0,0.0049569991503507,0.0,0.0008317049782245,0.246888396916579,0.0,0.0133825036156686,0.0,0.0304751692611399,0.0008575390635232,0.0,0.0,0.0,0.0,0.0161889570958893,0.0,0.0087185054906172,0.0064834962214217,0.0030526132024993,0.0,0.0,0.0,0.0,0.0,0.0118404347640142,0.0081576955506422,0.0,0.0,0.0,0.0,0.0,0.0,0.001281006022872,0.0051848042522546,0.0,0.0065198748862897,0.004615328110153,0.0032915012874953,0.0018936627125604,0.0137289860884767,0.0,0.0,0.0031864932426934,0.0,0.0031123013140975,0.0024407521171902,0.0456499866402155,0.0271789851122091,0.0,0.025885241880082,0.0,0.0,0.0017450122076773,0.0,0.0,0.0008496750043346,0.0,0.0167498360094085,0.0,0.0,0.0,0.0318907598642112,0.0,0.0,0.0,0.0212464063661479,0.115128348590041,0.0,0.0,0.0,0.0017129629232415,0.0011429825569923,0.0,0.0009075865870914,0.0,0.0,0.0021580339757677,0.0,0.0,0.0024114219012451,0.0,0.0075563038973262,0.0,0.0,0.0,0.0,0.0259113806147531,0.0,0.0030198977606856,0.0,0.0,0.0,0.0,0.0,0.0,0.0,0.0024032863823367,0.0016369541111821,0.0184854017693889,0.0,0.0,0.0,0.0028561114607879,0.0,0.0007374360184245,0.0133285601708463,0.0117862216428499,0.0,0.0,0.0,0.0023734632917072,0.0,0.0,0.0065943589457283,0.0,0.0,0.0009397853006147,0.0120195135986546,0.0,0.0,0.00447130196224,0.0,0.0040983532310904,0.0,0.0,0.0
COAp,0.0,0.0009445853787438,0.0,0.0038078005485463,0.0091681693660073,0.0,0.0,0.271119550898641,0.00392298311871,0.0,0.0,0.0,0.0,0.704242859265345,0.0,0.0007504477301498,0.612569682942511,0.0030792681561159,0.0,0.0553326596585466,0.0,0.038663116341211,0.0811656572164191,0.0702968079879088,0.123291833977194,1.52263696101031,0.0,0.0,0.0074311313710941,0.0406174836916161,0.0,0.0551694890151425,0.0,0.143330371285475,4.13661187382107,0.0025315158737391,0.0108444388558684,0.0017661899421804,0.0,0.0,0.0089850671509552,0.323505266454156,0.0025745230200755,0.0109563326571736,0.0036633352070349,0.0,0.518379324574153,0.225779832475332,1.53003205830759,16.0792699945265,0.0,0.0023573668234149,0.0027236885500671,0.0,0.0586107633188176,0.0,0.0,0.0504292417794123,1.2926302514002,0.0019094533295103,0.0,0.0,0.0519344302400203,0.0,0.0,0.0,0.0,0.0052717212605058,1.47744289339462,0.0052031469896806,0.0040975066558304,0.0,0.0,0.0092788123885752,0.0263503081548291,0.0,0.0,0.0,0.0028561545031881,0.0,0.0676816210505075,0.262383875119264,0.0103861079499813,0.0,0.0039727803281585,0.0,0.879424584774542,0.395952554317505,0.0,0.0158002760653376,0.0,0.160092967545416,0.0,0.0,0.001687424806762,0.0,0.0,0.0,0.0,0.13848287379978,0.0047081494561853,0.174079003157193,0.0,0.002451081454352,0.0,0.0,0.0,0.0192409432195586,0.0106063366944388,0.0,0.0264822984919731,0.0185571748415965,0.0941003819365376,4.57689352292767,2.48383229509818,0.0026609337994328,0.0,0.0,0.0012646417449761,0.0035896346068451,0.490493677139383,0.0009938716110277,0.0093346418039884,0.0025325638832299,0.0,0.0097804344964515,0.0,0.501726180694018,0.0,0.0,0.0232737231432779,0.0,0.0497992225573938,1.59541426350992,0.004223153850522,0.0,0.0051235401063247,0.0007539777944058,0.0,0.0,0.0,0.145987761636781,0.0,0.282613800772633,0.0014953299387338,0.0,0.0118338164918082,0.0018876802173577,1.76602433145499,0.312177252828272,0.0,0.0014990019195829,0.0062698090423486,0.0024249631578049,0.0040633096874565,0.0,0.0,0.0,0.0,0.002211384133694,0.0156861950033311,0.0,0.001237089921973,0.0,0.0,0.001937644302667,0.0,0.0214661527260837,0.0,0.0508982871471098,0.0015254464904731,0.0025845393651586,0.0,0.0,0.0,0.0012427941500095,0.0,0.0,0.0,0.0,0.0,0.0043311933424407,0.0,0.0,0.0,0.0474558498020225,0.72449518008874,0.0,0.0,0.549870647425383,0.0182357839926074,0.0,0.0,0.0188434935185944,0.0,0.0,0.0043817756085999,0.0,0.0,0.0006178315832235,0.0161500516000695,0.0013410520398035,0.0,0.03969889278967,0.0,0.0021998161547003,0.0,0.0,0.0097960437204684,0.0,0.0,0.0,0.0024849253308428,0.0048573169360852,0.0,0.0,0.0,0.0,0.0,0.0,0.0,0.0009944346540769,0.013844672371347,0.0009779877968106,0.0,0.0979836347292726,0.0006233421309622,0.0009450385889201,0.0036176449834993,0.0,0.0,0.0,0.0071399355283686,0.0397937481972661,0.0,0.0,0.0,0.0050624926487926,0.0,0.0,0.0094782605443878,0.0,0.0192140252946934,0.530936851166628,0.0010145097787587,0.0101910907785046,0.007753008003594,0.0,0.0,0.0100685965673829,0.0,0.0,0.0251326528171487,0.0140192551736906,0.0,0.0188117712716646,0.0,0.0178215600113987,0.0954166077504063,0.0,0.004490012277919,0.0232334745483739,0.0,0.0014961051944612,0.0032117116266897,0.0,0.0889987895475256,0.0,0.0,0.0,0.0008556047130973,0.0,0.0,0.0,0.0,0.0,0.0079200638438993,0.0552704703513557,0.0074530018682666,0.0035210092350975,0.0,0.0,0.0,0.0,0.0,0.0,0.0,0.0066454221715606,0.0,0.0,0.0,0.0049476440564202,0.0,0.0048572773544112,0.0,0.0043161937482523,0.423302969876681,0.0,0.0300836894972599,0.0,0.200286779547545,0.0034328272843814,0.0,0.000969976661311,0.0,0.0,0.0,0.0,0.0390870931625993,0.0074902065986559,0.0327603104377499,0.0,0.0060538194437649,0.0,0.00270458842012,0.0,0.0252167107471037,0.0046655268199117,0.0,0.0,0.0016875857915945,0.0,0.0,0.0,0.0016414381433062,0.0058449304672421,0.0,0.0026368761752295,0.0019136565176218,0.0,0.002451054398174,0.0165617335812797,0.0,0.0,0.0037693550319453,0.0,0.0029357499212189,0.0022373593727279,0.125006373496147,0.0288435538540607,0.0,0.102715829732932,0.0,0.0,0.0,0.0058283727066216,0.0014098924927199,0.0,0.0,0.0,0.0,0.0,0.0,0.0110283859379215,0.0,0.0,0.0,0.237261253688085,0.217360972933391,0.0,0.0,0.0,0.0017559266175544,0.004994417999421,0.0,0.0012747060931044,0.0,0.0,0.0013103559027332,0.0,0.0,0.0025521557763069,0.0,0.009066522808992,0.0008176588931581,0.0,0.0,0.0,0.0058246975334898,0.0,0.0042105781796163,0.0,0.0019406492710631,0.0,0.0,0.0,0.0,0.0,0.0036108179067143,0.0058604281318684,0.0079324991233388,0.0,0.0,0.0,0.0126249837727926,0.0,0.0,0.0,0.0006151809118068,0.0177764910026296,0.0,0.0,0.0105636438242081,0.0,0.0,0.0068401882073728,0.0,0.0010059893521331,0.0012983779994056,0.0010008933044466,0.0011408204212638,0.0,0.0109769773609104,0.0,0.0,0.0,0.0,0.0047034283730736
CP,0.281596439954624,12.9134262388,0.0,0.0,3.03964430890673,0.0,5.94406277422731,0.0,0.0,0.0,12.2325665907699,0.0,0.0,0.0,0.076054645884042,0.0,0.0,2.04164408326192,2.83275065010034,0.0,2.79185944476563,25.1650652089006,0.0,0.0200222357703577,0.136837657777522,0.0,0.0,0.0,0.004509528266838,0.0,43.7120941084424,1.55457414457745,17.8709016964336,0.0,0.0,4.22476877234659,0.00880219265189,0.0,0.0847935388268309,0.0,0.018308674034246,0.0284379054503707,0.0,0.0,0.0,3.3018074109315,5.29405709383006,0.126623872991321,0.0,4.76972556481835,0.0,0.0028409744498501,22.3863802762934,2.90175733727482,10.1095832646198,1.92928025996445,0.0,0.0,0.0,0.0,0.0,0.0529377816648326,0.881573985027477,0.0,0.0364915223286497,0.0,0.0185555688804522,0.0016973401105297,11.0568175341035,0.0026540727962857,1.59199674774532,0.218504200578035,0.805823452614351,0.0,0.0,1.99441446942938,0.0661147494761502,0.0025785445858737,0.0,0.0,0.10589458800088,0.0,0.0,4.19224376988858,0.0018596607046688,0.0,0.0,12.0901861098839,0.0,6.81551221338899,1.738216804161,0.58612751583192,0.0,7.73814936256293,7.48231012192395,0.0,0.0,0.0,0.0,0.394495427187316,0.0045740770206802,0.0,0.0,0.0,3.8810560730329,0.0,0.0,0.0,0.0223212512419156,5.93527087045823,5.89282495437435,3.77428667169447,0.0,0.473162839937682,1.20172585124449,0.0634705536897254,0.0069998158659491,0.0,0.0,0.0186192269764361,0.0,9.96369744357532,0.0374896974606645,0.0,0.0,0.0052047886282763,0.0,0.461145591916987,3.67065937215856,0.0,2.0750663997213,16.9805754231214,0.0,0.0,0.372494003342679,0.177101379937274,0.0,0.0022348505586722,0.0058295440370122,0.0202138671764578,0.013328955406041,0.0,0.0,0.0,0.0427253165510968,0.0,0.0,0.0,0.0,1.99154349222052,1.54342715875516,0.576364345559961,0.0,5.81799526890343,0.352256986484573,2.01943950728584,1.26165590006713,0.0,0.0,0.0,0.281879716649857,0.519824853019006,0.0,0.0,37.8040437938092,0.0,0.0,0.0,0.0,0.0,0.0,0.0034471640534578,0.0,0.0,4.88273461197345,0.0,6.21253680866927,4.96208248848963,5.41103788597766,5.38962385122886,3.91073530457918,1.99556621901089,0.127188440683004,0.0,0.0,6.32016168685045,0.0687701182754176,0.0170521678760008,0.0,0.0,0.0,0.0,4.67904866074391,0.0,0.0,5.91465594620538,10.9420466942997,7.41672655805114,5.37667660102452,0.245007657594915,0.0,3.39041942827282,2.46275013157762,0.0,0.0,2.3644337875058,0.0,0.545655386553291,0.0,1.39030552122093,3.3371205136366,0.0,0.0,0.0031112439800731,0.0,3.48562364919383,0.0,0.0,0.0,0.0,0.0,0.0,0.0,0.0,0.0,0.0,0.159306267376163,0.0304535589731702,0.290602292051876,0.0020928664960739,9.40286305258291,0.0,0.0,0.127592179127289,0.0,0.008007995192531,0.0,0.0039625609327405,0.0,0.0,0.275370464764211,1.50530914003758,0.0054687119095573,0.0,0.0,0.0449407410701,0.0,0.0361459662578575,0.0250431050698398,0.006713538939631,0.0457164770418775,0.0028237163873768,0.0,0.0,0.0262042873670595,0.646316304830291,0.0,0.0656024158045506,0.0,0.0,0.0083918217594005,11.6339896366388,0.460895233103733,0.0,0.0,0.0,0.0,0.0,0.0,0.0,0.0076718922703099,0.0,0.0,0.0,0.0014927928863768,0.0311688372821621,0.0,0.0,0.002101426490081,0.0,0.0,6.76018826986375,0.123183687892624,0.0,0.0,0.0016170979952959,0.0143504957678272,0.0,0.0,0.0,0.0,0.0,0.0,0.0,0.0,0.0,0.286550737059101,0.0,0.0248776714522101,0.157013091914019,0.0482766147784984,0.0,3.92960046274139,4.65929187506118,0.0,0.0,0.0,0.0016158863911093,0.166613697296562,0.0037466537836201,0.0,0.0,0.0,0.0924827563306286,0.0,0.0115619536401905,0.0,0.0547154527505331,1.63892950114017,2.30316667447657,1.25233429172475,0.0,0.0,0.0,0.024739773894038,0.0069227043934813,0.0,0.0,0.0051046761992931,4.96600882516952,0.0,0.0673488652827826,0.0,0.0603706659413182,0.0103965181936225,0.0,0.0,1.48544470162495,0.0,0.0839955837315174,0.0,0.0048963402138724,0.0484140128518591,0.166454700774435,0.0303712979044384,0.0015029945438631,0.0038234255142513,0.0,0.0107514338944321,0.0140103114081547,0.0,0.201863302732345,0.0,0.0778883883837267,0.0,0.0,0.0,0.0,2.23204823787389,0.0,0.0405557160542195,0.0,0.0600089095715203,0.0,0.0227160229501637,0.0061629284767092,0.0,0.0,0.0,0.0,0.125223871258715,0.0,0.0,0.0,0.0057512070130726,29.115381997726,24.6099833219777,0.0,0.0,0.0006766830536499,0.0198393927831582,0.0,0.0,0.591716976641321,0.0,0.964840470300349,0.342404893855282,0.766879528601976,0.303130858771176,0.296802542190835,0.141072586876814,0.0,0.0,0.0077613212030661,2.97641162392559,0.0,0.0009123271115249,0.0,0.0,0.0,0.0,0.0,0.0019520746278127,0.0,3.0610908806207,0.872947264657082,0.458366930245247,0.695514553528379,0.0042453192704417,0.0,0.0108697345200536,0.0,0.0,0.0,0.0,0.0,0.198628856411494,0.0
CS,0.0364388757589845,0.320604635087745,0.0834157144758947,0.001511239093432,0.0,0.038817370972822,0.0,0.0,0.0,0.0134610703097992,0.0,0.0,0.0,0.0,0.0,0.0097416794802979,0.0,0.0053427577766152,0.0,0.0,0.0,0.0,0.0,0.0,0.0,0.0,0.0,0.0,0.0,0.0,0.0992885084745738,1.81675955060682,0.0,0.0,0.0,0.0,1.14972388361422,0.0,0.0,9.13159393251205,0.0,0.231670726899632,0.0,0.0,0.285979265552605,0.0,0.0,0.0,0.0,0.0,0.0,0.0,0.0,0.0,0.0,0.0,0.0,0.0,0.0007336293875432,0.0,0.0218881768998331,0.0024525913064509,0.0909414977838767,0.0,0.135121207522384,0.0078114042421286,0.403813328740392,0.0,0.0011038115546484,0.003769380558497,0.0,0.0,0.0068043209438344,1.26432726490174,0.0552168528047657,0.0093723559741431,0.103787998140744,0.0161466112159161,0.0,0.0,0.0062293228295868,0.0514308670649269,0.0,0.0,0.0,0.0,0.0,0.0,0.0,0.0,0.0,0.128339012776993,0.0,0.0195357843904782,0.0471462265044898,0.0,0.0476590835801037,0.0,0.0031014665987946,0.0337453263107559,0.0014585222285155,0.11757673245123,5.08937736291386,0.232108535034172,0.0,0.0006523950771955,0.0,0.0,0.0019667143218315,0.111278370406067,0.0,0.219176667594543,0.0518257967420936,0.0,0.0,0.0501807363949003,0.0,0.0,0.0438239630586221,0.0,0.0,0.0,0.0,0.0,0.0,0.0118666891551106,0.0,0.0,0.168704289092693,0.0,0.0061425013631133,0.0,0.0,0.0,0.0,0.0,0.0,0.0,0.159051487505173,0.0619728846700486,0.278609905487831,0.0,0.151559988505292,0.117511372180845,0.0,0.0,0.0,0.0,0.0,0.0,0.0,0.0655900586685124,0.0,0.0548324139702796,0.0,0.168411145429403,0.0,0.0,0.0,0.0,0.0,0.0,0.0,0.0,0.0,0.0023114653343832,0.0,0.0,0.513286790263465,0.239866954257721,0.0012977343679566,0.0,0.0,0.0,0.0152407299237854,0.0336531027012455,0.00088381501379,0.0014455494154328,0.048931973675389,0.0,0.0017201154100867,0.0052906421994574,0.0,0.0,0.211508573117194,0.0007529210464436,0.0,0.159293233790629,0.0,0.0,0.0471293477004962,0.0,0.0,0.0,0.0112306435961491,0.0013343724319201,0.021343714408952,0.0066461458408192,0.0,0.0,0.0,0.0,0.0075190506691691,0.0,0.0058871968643425,0.000736470795347,0.0,0.157630575143708,0.0,0.0074096888039777,0.0968938737259611,0.0893154625884787,0.0,0.0,0.0193383465593059,0.0,0.0,0.0,0.0245776086655464,0.0,0.0,0.0,0.0,0.0,0.0,0.0,0.0017724729766374,0.0,0.0,0.0,0.0,0.0,0.0,0.0,0.0,0.0,0.0,0.0,0.0,0.01987677523662,1.42994269125667,0.0,0.0,0.0,0.0,1.07946991461568,0.0,0.0175496665828772,6.5514173144615,0.0,0.124452668555447,0.0269658189329642,0.0,0.0827089534838673,0.0,0.0,0.0,0.0,0.0,0.0,0.0015105155288759,0.0,0.0,0.0,0.0,0.0,0.0,0.0,0.0,0.0063894247682873,0.0035493310338545,0.0167757319242447,0.0,0.0518743716903268,0.0163708601932826,0.100002871212298,0.0,0.0,0.0,0.0,0.0,0.0,0.567005195136498,0.0121629844417165,0.0,0.0278601864858703,0.0095076394828408,0.0,0.0,0.0,0.0061554955631018,0.0,0.0,0.0,0.0,0.0,0.0,0.0,0.0,0.728302219049074,0.0230782593310065,0.0,0.0046976435987741,0.0240333880848849,0.0,0.0085782502083774,0.0,0.0,0.0470311545162133,0.0046930906141938,0.0783640350211703,4.60469975273888,0.200854670206272,0.0,0.0039033896852716,0.0,0.0,0.0060975306687685,0.0580386517808505,0.0,0.129190445683455,0.0124217189443098,0.0,0.0,0.0209634825063102,0.0,0.0,0.0290927212903427,0.0388130296207072,0.0,0.0,0.0006203298915578,0.0,0.0,0.0031155938875628,0.0,0.0,0.0885890390567694,0.0,0.0013373241760969,0.0,0.0,0.0,0.0034321977399043,0.0,0.0,0.0,0.118752540984758,0.0089871157559653,0.227016501524171,0.0,0.051317435821526,0.0931455992681344,0.0093517631988559,0.0,0.0,0.0,0.0,0.0,0.0,0.0,0.154338987482293,0.0136424329874479,0.0,0.0534562477793434,0.0,0.0,0.0142004235565964,0.0,0.0,0.0,0.0,0.0,0.0220877503725437,0.0,0.0,0.0,0.0822262174531994,0.013352267234083,0.0,0.0,0.0,0.0,0.005225887708546,0.0087687719020451,0.0,0.0,0.0213277704694272,0.0,0.0,0.0,0.0090917119730563,0.0,0.186536755000425,0.0,0.0,0.0011245636912328,0.0,0.0,0.0130061426797447,0.0,0.0,0.0,0.0039878362675234,0.0,0.0023859225497896,0.0019524167293495,0.0,0.0,0.0,0.0,0.0,0.0,0.0,0.0016836042652926,0.0026170361299298,0.123087312321539,0.0
CUL,0.0,0.0019051833639743,0.0,0.0,0.0,0.0,0.0,0.001339167284832,0.0,0.0,0.0,0.0,0.0,0.0,0.0,0.0006969568726942,0.0,0.0025949212889475,0.0219420159769658,0.0311565538975128,0.0016638307940539,0.0051129974577583,0.0,0.0009281858589492,0.0,0.0,0.0,0.0,0.0304432062878588,0.05180911141256,0.0,0.0,0.0,0.0007492086637558,0.0,0.0012786345566377,0.0181556236144577,9.41304460096077,0.0056442449878494,29.0731580790108,0.0044184813302689,0.0,0.0,0.0580600081137821,0.0086952172236877,0.0,0.0015019607376245,0.000660751902328,0.0,0.0,0.0,0.85584069198378,0.0,0.0,0.0110220366855831,0.0,0.0200060216534013,0.0,0.0,0.0088428838563206,0.0327993236983064,0.001836787404337,0.0,0.0064095532747406,0.0,0.531336876711658,0.0,0.0,0.0040546337107373,0.0431633585900133,0.0012582763387913,0.0,0.0,0.0,0.0,0.0,0.0011204210303532,1.05923079061483,0.0093936190373377,0.0,0.0,0.0,0.116041903117259,0.0,0.0087938438837776,0.0062546223566107,0.0,0.0122247641486658,0.0,0.0035730649717657,0.0,0.0073095037823136,0.0,0.0,0.0026832352260042,0.0,0.0,0.0,0.0,0.0,0.0126568098965449,0.0,0.0,0.328212986458044,0.0011987691707898,3.13584991768045,0.0157740037583195,0.0,0.0504012734099326,0.0,0.0,0.0,0.0,0.0,0.0,0.0,0.001296098133922,0.0376444664495241,0.0,0.0012849974115939,0.0039701178915191,0.0010282044819457,0.176682585547671,0.0,0.0,0.0025446495973466,0.0,0.0,0.0,0.0029659413516191,0.0026150330731692,0.0,0.019814038139482,0.0363794983122648,0.0080571570210108,0.0054917314120789,0.0,0.0,0.0,0.341377024347108,0.0,0.0,0.0,0.0,0.0,0.00482726714947,0.0006212682201054,0.0022452853137262,0.0,0.0009687515099502,0.0,0.0035803471064168,0.0026425002496431,0.0,0.0015086422055077,0.0025853560556792,0.0,0.0,0.0019887456228025,0.0021771724026848,0.0,0.0,0.761058352718357,0.0,0.0,0.0009191345232083,0.0,0.0,0.0,0.0,0.0286399590735384,0.0015793675076847,0.0696959386324585,0.0,0.0006145254723881,0.0,0.0033747844012209,0.0,0.0009083199002506,0.0020183425180442,0.0006262659755473,0.0121406362242956,0.0,0.0,0.0,0.0,0.0,0.510226620348354,0.0,0.0,0.0,0.0,0.0,0.0,0.0,0.0,0.0120938363980521,0.0,0.0,0.0009185200495578,0.0,0.0,0.0012918972789176,0.0011176488240786,0.0010210089994801,0.0,0.0,0.0,0.0,0.0,0.0041861012406233,0.0,0.0009123227623453,0.0,0.0,0.0,0.0019366607865095,0.0,0.0,0.0017943662016791,0.0,0.0,0.0,0.0,0.0014213354789185,0.0,0.0,0.0011783834395043,0.0,0.002152124732751,0.0039898181509893,0.0013366705918121,0.0011528694746629,0.0021691737030325,0.0,0.0,0.0,0.0168809850850988,0.0664785863007206,0.0,0.0,0.0,0.0016575373706472,0.0,0.0010525618026935,0.0311720698615298,1.61606698042515,0.002802835688305,14.4617633755407,0.0035309980473798,0.0,0.0,0.0799337117224562,0.013598707911695,0.0008229355691549,0.0011742369877318,0.0,0.0,0.0,0.0,0.578625783721956,0.0,0.0,0.0173520918673619,0.0,0.0117745311103352,0.0,0.0,0.0036206035821822,0.0087988622628696,0.0030267896694439,0.0,0.00879408989118,0.90858542603532,0.0,0.0,0.0,0.0158684031187005,0.0439536153785924,0.0010807493954095,0.0,0.0,0.0,0.0,0.0,0.0009593955445702,0.582002281173806,0.0068271543339802,0.0,0.0,0.0,0.0698359202535211,0.0,0.0153699403950135,0.341453054906502,0.0,0.0176830240501192,0.0,0.0,0.0,0.0138195959013236,0.0,0.0,0.0068457493684844,0.0,0.0,0.0,0.0,0.0,0.0180501015691049,0.0,0.0,0.0835188838317935,0.0,2.66254734704655,0.0035532868990592,0.0,0.0704558636385915,0.0,0.0,0.0026421985807091,0.0,0.0,0.0,0.0,0.0012794746724733,0.003180662336659,0.0,0.0009600183730481,0.0047350416913772,0.0,0.248954150692365,0.0,0.0,0.0,0.0,0.0,0.0,0.0120682151858588,0.0017112956971875,0.0,0.0317985426573883,0.0,0.002279543195915,0.0033901264573105,0.0,0.0,0.0,0.295828479126598,0.0,0.0,0.0,0.0,0.0006986391174985,0.0,0.0008721357563547,0.0019124281801019,0.0,0.0014032196813256,0.0019890306026559,0.0173934243123286,0.0,0.0,0.0025812585221655,0.0019871812377517,0.0,0.0,0.0,0.0009587989822859,0.0,0.0,0.0,0.0,0.0,0.0019558305780714,0.0,0.0,0.0,0.0026508690082463,0.0016300196073059,0.0,0.0062140170673422,0.0182149276616877,0.0014093119150234,0.0,0.002917452844152,0.0,0.0010652758683757,0.0028702670346204,0.0007199768236964,0.0062590468809266,0.0,0.0,0.0,0.0,0.0,1.45303290498449,0.0,0.0,0.0,0.0,0.0,0.0,0.0,0.0,0.0126988378480867,0.0009232471996714,0.0,0.0007603471061561,0.0007895643760282,0.0,0.0014461732483974,0.0009244748914384,0.0017669916444029,0.0006781800856244,0.0,0.0,0.0
CUN,0.0,0.0039760080899989,0.0286526379487104,0.0,0.0,0.0007887041784093,0.0023200095487159,0.0,0.0,0.0215788038842559,0.0,0.0,0.0,0.0,0.000735401992078,0.0,0.0,0.0427314589149266,0.0595660557494154,0.0561656251770101,0.0006526226301675,0.0,0.0,0.0096524908213813,0.0007824384710014,0.0,0.0,0.010675606841436,0.0018053662021755,0.0016390662711497,0.0037645795146071,0.0,0.0,0.0,0.0,0.0,0.0,0.0014270017544761,1.40325850364422,0.621008943381916,0.0033232745658279,0.216756008788685,0.0017789415735196,0.0,0.0,0.0,0.0,0.0,0.0,0.0,0.0,0.0007541774295284,0.0,0.0090162878134725,0.0247303714735502,0.0,0.0,0.0,0.0,0.0,0.630924816185121,0.502427098606984,0.0260770879049743,0.0,0.134609273736202,0.0,0.0,0.0008089693428036,0.611294207390777,0.0019658596130068,0.0006874301431463,0.0,0.0,0.0,0.0249827066770325,0.0006470657425232,0.0,0.0076629170493058,0.0081806699021697,0.0,0.0012455352862034,0.0,0.0,0.0,0.0,0.0589909793840054,0.0032296670006914,0.139457925254628,0.151354492459647,0.0,0.0,0.0034942750037263,0.0,0.0023920832294079,0.0027880058108989,0.0054580991874945,0.0236165080684636,0.0,0.0877888758209066,0.0,0.0029774588021177,0.0,0.0,0.665852769695956,0.0112542150490919,0.0323271262213976,0.0619820867413601,0.0,0.0316730493162143,0.0012244803044205,0.0,0.0180195370956449,0.001786286618185,0.0,0.0006993510305984,0.205628752127361,0.0014590140537617,0.0,0.0,0.0184764447503239,0.0131060513987561,0.0,0.0151104580148313,0.0149040384846774,0.0,0.0289329281471954,0.0,0.0,0.0372772424328563,0.0,0.0,0.108506612733123,0.0609769821120082,4.85687834674634,0.277061719376605,0.0042029675818463,0.0,0.0331139841210124,0.0,0.0,0.0279396575622163,0.0,0.0133701485358344,0.166128867479559,0.0,0.0,0.0,0.0,0.824330733171665,0.0,0.0,0.0,0.0,0.0033565531399927,0.0,0.0,0.0,0.0,0.157219453853207,0.0711024766638133,0.0,0.0,0.0,0.0,0.127533114668678,0.006862476654064,0.0,0.0,0.315647843028016,1.54221650218129,0.0,0.0028227771345168,0.0,0.0,0.0014749290925228,0.0080982669668122,0.0,0.0,0.0192052377922268,0.0,0.0039849677075708,0.0039204162354019,0.0,0.0,0.0109832860452225,0.0592243646050773,0.0,0.0,0.0,0.0,0.028941561587868,0.0,0.0,0.0,0.0,0.0133745898494887,0.0604179525551802,0.0039900861738904,0.0022879700061637,0.0,0.0049958942762809,0.000648548216997,0.0060379837868786,0.0161275115466519,0.0040457150407712,0.0,0.0,0.0,0.0,0.0,0.0,0.0021520692085571,0.0006638424465576,0.0,0.0,0.0,0.0014530344871047,0.0020750651516497,0.0878748754724439,0.0,0.0006219692181561,0.0,0.0,0.0006343725554434,0.0,0.013704469396684,0.0,0.0009493225233833,0.000923151078672,0.0,0.0,0.0,0.0020442787711974,0.0,0.0,0.0,0.0,0.0,0.0100045127840292,0.0,0.118909102723099,0.0,0.0,0.0,0.0007519758435401,0.020253460202918,0.0,0.335765283353469,2.8726762315308,0.0007828201941894,0.099650234769549,0.0148381055341909,0.0018919409671983,0.0,0.0,0.0,0.0,0.0,0.0,0.0,0.0063830911241397,0.0008324723930603,0.0,0.0026688029007319,0.0255248841799397,0.0,0.0,0.0,0.0,0.20344687610101,0.0697791769042241,0.0026001052073314,0.0067331056676999,0.241915156665575,0.0,0.0,0.0,0.0097236355436303,0.0,0.0006424685772907,0.0,0.0,0.0,0.0,0.0,0.0,0.0,0.0026949003804385,0.0,0.0,0.0,0.0,0.0,0.0009110570300996,0.104608366542934,0.0009528520102246,0.0490415734855348,0.0,0.0,0.0140300673407392,0.0032475799971195,0.0,0.0,0.0,0.0023804458819901,0.0041817453685338,0.0,0.0124897101065656,0.0,0.0010003026433613,0.0,0.0260813400419137,0.04910376613292,0.0195656091773856,0.013560381086812,0.0,0.0493096612545509,0.112531863809952,0.0,0.0,0.0290496875771691,0.0021951585098844,0.0,0.0,0.0474983118982883,0.0008346822618846,0.0,0.0,0.0169691120472829,0.0016316491723955,0.0,0.0198055670119754,0.0,0.0009547688903246,0.0383255151379351,0.0,0.0,0.0204774530759621,0.0,0.0,0.0,0.0306377336388454,0.271066350058045,0.0,0.0030018103494247,0.0,0.0127940335297091,0.0,0.0,0.0,0.0,0.00119925045849,0.0,0.0,0.0,0.0,0.0,0.470446425681735,0.0,0.0,0.0,0.0,0.0009439212096396,0.0,0.0,0.0,0.0,0.0321188845224532,0.0085511699037045,0.0,0.0,0.0,0.0,0.0170276614133581,0.0,0.0,0.0,0.0,0.0,0.0,0.0060960625721859,0.0148788201159082,0.0,0.0,0.0013038562097111,0.0,0.0,0.0009867749199757,0.0,0.0,0.0,0.0,0.0,0.0014560270973954,0.0013093599274632,0.0,0.0014270001343048,0.0,0.0,0.0117863711852822,1.24983819174653,0.0,0.0426039534131118,0.0042575962440649,0.0,0.0055351172550336,0.0006140154377718,0.0,0.0,0.0,0.0,0.0014842091002635,0.0054972538315004,0.0009873759775303,0.0007432840134966,0.0,0.0,0.0
DCO,0.0,0.0,0.0,0.0,0.0,0.0,0.0,0.0008949514183488,0.0,0.0099480376421087,0.0,0.0012703906707907,0.0,0.0,0.0,0.0,0.0,0.0,0.0022851130484726,0.0,0.0,0.0,0.0,0.0007968298576991,0.0,0.0,0.0,0.0,0.0027579851386653,0.0,0.0,0.0133851219545632,0.0,0.0,0.0,0.0,0.0009545660564988,0.0017394495940067,0.0,222.091144623288,0.003624072941695,0.0,0.0,0.0034745251366246,0.0017343610365478,0.0,0.0,0.0,0.0,0.0,0.130340197261269,0.0,0.0,0.0,0.0006760610260763,0.0,0.0012998895447105,0.0,0.0,0.11603321569214,0.0325360793219989,0.0,0.0,0.0008339678761618,0.0285238321702371,0.0,0.0,0.0,0.0037401503067415,0.0751843329214612,0.000937162312618,0.0,0.0,0.0,0.0,0.0,0.0,0.0064564171903677,0.003792491059697,0.0,0.0023159506847357,0.0,0.0,0.0,0.0,0.0095966075923556,0.0,0.0,0.0,0.0,0.0,0.0013739685595256,0.0,0.0,0.0,0.0,0.0,0.0038127890178921,0.0,0.0,0.005589727259508,0.0,0.0164014478769735,0.0,0.0017125701236053,0.0,0.0,0.0,0.0513427839037001,0.0,0.0,0.0,0.0,0.0,0.0,0.0,0.0008887412327438,0.0,0.0497901872368664,0.0,0.0,0.0,0.0184935266046791,0.0,0.110111194233607,0.0078212334145524,0.0,0.0,0.0,0.0,0.0,0.0,0.0416716105458681,0.0,0.0,0.0023146171706896,0.0,0.0,0.0,0.0,0.432162984194565,0.0,0.0,0.0,0.0,0.0014535535679616,0.0,0.0,0.0,0.0007358412061731,0.0,0.0,0.0024189954304572,0.0007169413063748,0.0,0.0,0.0,0.0,0.0,0.0007796019696574,0.0,0.0,0.0045414760098729,0.0,0.0,0.0,0.0,0.0,0.0,0.0,0.0060778470694164,0.0049081215047254,0.0137342448561974,0.0,0.0,0.0,0.0,0.0,0.0,0.0,0.0,0.0,0.0,0.0,0.0175953888167466,0.0,0.0,0.0087663236804723,0.0,0.0,0.0,0.0,0.0,0.423039423354954,0.0007395008193006,0.0,0.0050861674713913,0.0,0.0,0.0,0.0020235367787659,0.0,0.0008130786214987,0.0,0.0,0.0,0.0,0.0,0.0,0.0,0.0007820949668566,0.0,0.0006331983609706,0.0,0.0,0.0,0.0,0.0,0.0,0.0,0.0075199117998228,0.0,0.0,0.0,0.0015782070072913,0.0,0.0,0.0015562543984392,0.0011110079673162,0.0,0.0,0.0025551163256026,0.0009024190830643,0.0,0.0061839552199185,0.0,0.0,0.001439238931676,0.0,0.0,0.0105690968064539,0.0,0.0019598984592394,0.0,0.0012995395068279,0.0,0.0026414070612583,0.0,5.87950795408443,0.0101699283425258,0.0,0.0,0.0081903056101238,0.0135590903952744,0.0,0.0,0.0,0.000921299792379,0.0,0.0,0.0011769943878676,0.0,0.0,0.0019402822106415,0.0,0.0,0.0,0.0,0.167373375352436,0.0516427657795524,0.0,0.0,0.0066011435916955,0.0817860164942688,0.0,0.0,0.0088984171098602,0.0127599350000047,0.0,0.0036453508145653,0.0,0.0,0.0,0.0,0.0,0.0007024656421231,0.0,0.0045698280333318,0.0,0.0042173303155922,0.0,0.0,0.0,0.0049351232141749,0.0236082501477101,0.0,0.0165035617949943,0.0,0.0,0.0,0.004243850013957,0.0,0.0,0.0,0.0,0.0,0.0185211963878591,0.0,0.0,0.0049246224166621,0.0,0.0,0.0049024190515534,0.0102357432273755,0.0380526038680089,0.0,0.0006831672839637,0.0199150106296548,0.0,0.0,0.0,0.0016708572197116,0.0,0.0,0.0,0.0023653521164787,0.0,0.0,0.0,0.0009899974563094,0.0016285523525259,0.004188234431145,0.0,0.0,0.027080885488994,0.0,0.0,0.0017910216699949,0.0019951249568589,0.0006725415287196,0.0,0.0281822267737119,0.003219413044865,0.0009665832517754,0.0049602581572906,0.0,0.0,0.0008028479696836,0.0438292210666139,0.0022621213422539,0.0,0.0026431875648517,0.0,0.0,0.0050581490507795,0.0041624541110672,0.0,0.0,0.0,0.0,0.0030291488523104,0.0,0.0017063551239415,0.0,0.0,0.0020785231846996,0.0,0.0,0.0017634546900848,0.0,0.0,0.0033322362681948,0.0,0.0,0.0020444095553333,0.0,0.0,0.0,0.0,0.0042081293651962,0.0010728158296962,0.002679992196904,0.0,0.0006812288412447,0.0047337751640805,0.0,0.0,0.0,0.0,0.0010289810537686,0.0,0.0,0.0,0.002254291053869,0.0,0.0,0.0234821204751776,0.0,0.0,0.0,0.0,0.0,0.0391667363254363,0.0,0.0,0.0107957027220775,0.0,0.0,0.0008689925672795,0.0056281402152458,0.0,0.0019943919392531,0.0007647725148482,0.0,0.0009756272187043,0.0,0.0,0.0
DG,0.0,0.0221446909395942,0.0841427987476699,0.0049563233809751,0.0724176620855792,0.0,0.0,0.0,0.0,0.0,0.0,0.0,0.0,0.0153667217215128,0.0037466565153886,0.0,0.0115581281539984,0.0144972991366628,0.0204043137507425,0.0,0.0884723179908096,0.005998778892359,0.079591836575959,0.0150310791430096,0.0,0.0,1.92964478285526,0.0,0.0172915524525652,0.0,0.0,0.346237767129429,0.0,0.0,0.0330703818727312,0.0057460835294087,0.328890519908249,0.0076408467041215,0.0,0.0,17.5612815523851,0.0,0.0128785203854938,0.0,0.0,0.0,0.966142627862676,1.53781298161948,0.0257449614837948,1.09702986444095,0.0,0.0018119702445312,0.0082183380609444,0.0,0.0103259523516077,0.0,0.0,0.138922232724871,0.0,0.0125519904683152,0.0011356579481183,0.0243663808245344,0.116737480701923,0.0,0.0,0.0,0.222934771737588,0.0247932475316808,0.0946388912151431,0.0113265916956031,0.0,0.0390754017676693,0.0,0.0,0.0544116518646683,0.0,0.0,0.0,0.0216771356901966,0.0055969271460095,0.0,0.0,0.034173552753819,0.0,0.0150242908389535,0.0019820279987286,0.0116079460403681,0.272610071247113,0.0,0.0489695650093149,0.0,0.432362800523337,0.0035953072078674,0.0010897515810159,0.0017854618337272,0.0,0.0,0.0,0.0,1.7311830106474,0.0070876692352833,0.5972862681114,0.0,0.0104549704957116,0.0968661979756477,0.007805297972963,2.90884960095645,0.198855450847893,0.0230167925548328,0.0,0.0,0.002707099348043,0.0,0.135937179220346,0.0,0.0084605306691861,0.0152885712949545,0.0,0.0060893428441068,0.009982593824232,7.14147052182677,0.0,0.0497376851446804,0.0,0.0,0.0113033524458039,0.0293402553024735,0.0,0.0,0.0,0.0,0.0,0.188723638631761,0.0,0.0058184823512741,0.195729550679999,0.0047784557680402,0.0030246301826486,0.0019622214114111,0.0,0.0,0.0287506887213234,0.0,0.0,0.0068538210604124,0.0,0.0,0.0008190743338948,0.0,0.999271819542385,0.0,0.0,0.0,0.0893256898996429,0.0493059638043365,0.099773048203178,0.0068227485922301,0.0,0.0096321268118313,0.11387481821687,0.148851536221262,0.0,0.0048031705694509,0.0,0.0,0.0,0.0,0.0232194565612591,0.0,0.0,0.0016687970098391,0.0064712332037531,0.0,0.0,0.0,0.0,0.0,0.0,0.0,0.0109435650798375,0.0081013909471083,0.0299235438427536,0.922333247744744,0.0,0.0075972340174669,0.0,0.140125561636142,0.0,0.0,0.0208207164128926,0.0,0.0,0.0056636231695284,0.025620172331851,0.0,0.0,0.0,0.0768408656675596,0.20983598457054,0.030131907359335,0.0942447402452268,0.60280953736138,0.0023781033395005,0.0136349945658783,0.0,0.0020491342771098,0.0,0.530731381932551,0.0,0.0,0.0100287691646034,0.0,0.0195543568938983,0.0207335297938428,0.0089679177328346,0.0,0.0,0.0,0.0,0.0,0.0,0.0,0.0316139736855641,0.0053092012333679,0.0098831098966461,0.0,0.0,0.0139237119612814,0.0,0.0025513399441116,0.0017752577347919,0.099935705634393,0.0284776598373841,0.0,0.0,0.211933354030026,0.0,0.0686123969345809,0.0,0.0,0.330707571033571,0.0159517699734596,0.0860123415801192,0.0,0.0171381647022108,0.337712085221268,0.0320191499841498,0.0,0.0,8.47781358586913,0.0,0.0499826161098958,0.209256985859612,0.0909140063671794,0.0293071981011618,0.0256241995691742,0.0526289267524062,0.0664329873160138,0.0,0.0,0.0102780575686301,0.0361338254500595,0.0237579686211542,0.0413378275551966,0.0654321266942193,0.0,0.49316602149054,0.0,0.059485340882394,0.0235816590673084,0.0069123149260535,0.0,0.0,0.0,0.0064428377166044,0.0636518229073011,0.0749722388637425,0.226302531858245,0.115465080123116,0.0,0.0,0.0,0.0,0.0,0.0,0.0252889645096897,0.0,0.170221698400338,0.0,0.0,0.0325266756611436,0.121114392874197,0.0,0.0484645922468107,0.0,0.0,2.41828608334088,0.0,0.0954933822705632,0.0,0.518113138828015,0.0104264918870171,0.0022412472342237,0.003669187698245,0.0,0.0,0.0,0.0058915871888736,1.3509271058318,0.0291050195214157,0.0786128082230607,0.0,0.0521055023918889,0.0,0.0727165285200396,0.152342407008905,0.127087629178432,0.0918518059792489,0.0040368534284424,0.0,0.0043430021000371,0.0016836593732751,0.0,0.0,0.0154893597066772,0.0131566857463925,0.0,0.0102530348690295,0.0084728860362741,0.015225468271746,0.002526019959545,0.195076536254954,0.0,0.0,0.0294625208752203,0.0344171247817929,0.0025122558442951,0.0507175960351405,0.0,0.0,0.0,0.901452379385907,0.0,0.029488986884872,0.0,0.0159048235846509,0.0072507993104859,0.0123428048311711,0.0,0.0036749721123079,0.0754177697214529,0.0209599010325429,0.0,0.143159120246917,0.0,0.0,0.0061805665409244,0.0,0.162970967638857,0.0,0.0,0.0,0.0219734292455719,0.0215667145117137,0.0,0.0199558879794655,0.0,0.0079154391992093,0.0825281895036265,0.108004924599589,0.0010515029507791,0.0251441818962458,0.0,0.0,0.0027591303332938,0.0,0.0,0.0,0.0203417527785686,0.0117414531393195,0.0488455373300129,0.0053145499245693,0.0,0.0056297772731645,0.0,0.0,0.0022614001442642,0.0077435978519291,0.0550860115935003,0.0328195342543342,0.154181897191438,0.247692713299258,0.0,0.0133845391338249,0.0301786027557813,0.0037544711699412,0.0,0.0,0.0,0.0,0.0,0.0,0.119928326099354,0.0,0.0,0.0845739936139173,0.0,0.0,0.0124909001314434,0.222851244243528,0.0461517410327469,0.0245402155366357,0.0203635677336545,0.0,0.081822748898021,0.0,0.292834495218097,0.0
DMH,0.0,0.0,0.0125223012091588,0.0165729215231726,0.0,0.190149473430614,0.0,0.0,0.0,0.068353669389449,0.0,0.0,0.0,0.0,0.0155650213082532,0.0,1.3079685803032,0.0,0.0,0.0033807138827662,0.0,0.0,0.0027391573969804,0.0916218495321414,0.0116512235983463,0.0,0.0,0.0,0.0,0.0,0.400708673617635,0.0064507632527152,0.0,0.0,0.0,0.0,0.0730461371825123,0.0,0.0,0.0,0.0025347012546467,0.916576115768712,0.0,0.0,0.0119165869216372,0.0114923278397521,0.0025106148877431,0.0,0.0,0.0109808104444734,0.0,0.0,0.0,0.0,0.0,0.0,0.0,0.0037294107784924,0.143087875609589,0.0,0.0,0.0046138560453483,0.26879535050344,0.0,0.100222620259687,0.0,0.0131141037789924,0.0,0.252475829822145,0.0,0.0,0.0,0.0,0.0339333490776528,0.148934783180162,0.0,0.0,0.0284303341893485,0.0,0.0253323952034587,0.0819528997526567,0.0,0.0,0.0,0.0,0.0230940646955658,0.0597700126865566,0.0,0.0,0.0012609046191974,0.0816914019831071,0.0616587313385636,0.0014425142140837,0.0,0.0,0.184090720295683,0.157876459817905,0.0,0.0019391934321528,0.204218650885205,0.0028362263329801,0.0711040771391378,0.0,0.0,0.533141504216329,0.0035183191634764,0.0,0.232396698576466,0.101579469861452,0.000819997130422,0.0,0.0,0.0,0.152585837596589,0.0235316916306369,0.0223801430729329,0.0,0.0,0.0379211715003074,0.0936812036244496,0.0,0.0,0.0,0.0,0.0,0.0095466450114594,0.148348868086935,0.0,0.0,0.0,0.0,0.0021443515877426,0.0,1.94020464342472,0.231731098523749,0.0015591938816165,0.0,0.0147410056520429,0.0,0.0,0.0,0.153407071093621,0.0039080163878929,0.936653883730217,0.0815132575088734,1.60093247851296,1.78934931017765,0.0,1.48919969064094,0.0191998794990199,0.0,0.002730569304773,0.375018159048095,0.0,0.0,0.0010164866617959,0.0,0.0,0.0,0.0,0.025824459172757,0.0,0.0,0.0,0.0,0.0,0.0,0.0,0.0,0.511420051421374,0.0,0.0,0.0,0.0,0.0,0.0,0.0,0.0,0.0016500049091345,0.0,0.0,0.0,0.0,0.0,0.0,0.0,0.0,0.0,0.0,0.0210563436353372,0.261782868047142,0.0,0.0,0.0,0.0009210158359563,0.0116315648575394,0.0,0.0,0.0,0.0,0.0,0.0,0.0,0.143535991966932,0.0,0.0,0.0,0.0127765989689252,0.0370593986404122,0.0,0.0,0.0036954208908494,0.0,0.0,0.0100321417003499,0.0,0.0,0.0,0.0271498015268677,0.0,0.0,0.0,0.0,0.0045651074529182,0.0,0.205384249957534,0.0,0.0,0.0007076501442012,0.0,0.0,0.0,0.0033312953415502,0.0009094736301901,0.0,0.0,0.0,0.0,0.0,0.0773297334136115,0.0,0.0,0.0,0.0,0.0,0.020157996900935,0.0,0.0048228933774387,0.0776953922487649,0.0,0.127215084425923,0.0,0.0,0.0048624687294468,0.0,0.0,0.0,0.0,0.0,0.0,0.0,0.0,0.0,0.0,0.0,0.0,0.0012238181925161,0.0024165625351234,0.0,0.0,0.0006995643673525,0.0670693803918061,0.0,0.0460884825775419,0.0,0.0,0.0,0.0166942889615459,0.0,0.0,0.0,0.0,0.0085191941577055,0.0035046478423393,0.0,0.0,0.0118642910018634,0.0,0.0,0.002385094908824,0.0,0.0,0.0,0.0,0.0160543346151242,0.0010885611594357,0.0,0.0,0.0025520673828887,0.0814485578215075,0.0,0.0,0.0,0.0,0.0485174960586186,0.0025192226094448,0.0,0.0,0.0442682182886072,0.0009463605940592,0.0274998995980715,0.0,0.0,0.0113183006856749,0.0,0.0,0.0798623963528067,0.0205408668457169,0.0,0.0,0.0,0.0,0.0031895167755243,0.0,0.003620119475986,0.0,0.0,0.0,0.0115702438174032,0.0,0.0,0.0,0.0,0.0,0.0055920910985025,0.0225511245187726,0.0,0.0,0.0,0.0,0.0,0.0,0.271886328252752,0.0307304880670694,0.0,0.0,0.0089117307183388,0.0,0.0,0.0031597643010996,0.0294403329993252,0.0,0.141173543006674,0.0143943452716285,0.417927951590631,0.380569811730523,0.0,0.354307262782395,0.0238769902261874,0.0,0.0,0.0,0.0,0.0,0.0,0.0,0.0,0.0,0.0,0.0068453454213059,0.0,0.0,0.0,0.0,0.0,0.0,0.0,0.0,0.0606605522033132,0.0,0.0,0.0,0.0,0.0,0.0,0.0,0.0,0.0,0.0,0.0,0.0,0.0026197130135068,0.0,0.0,0.0,0.0,0.0,0.0,0.0,0.0192020456508876,0.0,0.0,0.0,0.0,0.0014673147220418,0.0,0.0,0.0,0.0,0.0,0.0,0.0,0.0,0.0,0.0,0.0,0.0274574035022236,0.006872362727908
DN,0.0,0.0,0.0,0.0,0.0,0.0,0.0,0.0,0.0,0.0,0.0,0.0,0.0295355807011581,0.0,0.0,0.0,0.0,0.0,0.0,0.0,0.0,0.0,0.0,0.0,0.0,0.0,0.0,0.0,0.0,0.0,0.0,0.0,0.0,0.0,0.0,0.0,0.0042644864051527,0.0,0.0,1.98322935006397,0.0,0.0,1.40504638125204,0.0034806223177244,0.0,0.0,0.0,0.0,0.0,0.0,0.0,0.0023916830524607,0.0,0.0,0.0,0.0,0.0021422739961803,0.0,0.0,0.0,0.0,0.0,0.0,0.0,0.0,0.0087948093777998,0.0,0.0,0.0,0.0011191868156214,0.0,0.0,0.0,0.0,0.0,0.0,0.0,0.0347150188670819,0.0,0.0,0.0,0.0,0.0,0.0,0.0,0.0,0.0,0.0,0.0,0.0,0.0,0.0,0.0,0.0,0.0,0.0,0.0,0.0,0.0,0.0,0.0011834433506086,0.0,0.0,0.0191817867893339,0.0,0.0,0.0,0.0,0.0,0.0,0.0,0.0,0.0,0.0,0.0,0.0,0.0,0.0169272099520228,0.001333438358899,0.0018786799650768,0.0,0.0,0.134763819255269,0.0,0.0,0.0,0.0,0.0,0.0,0.0,0.0,0.0,0.0,0.0,0.0,0.0,0.0,0.0,0.0,0.0330918495051061,0.028003321289494,0.0,0.0,0.0,0.0,0.0,0.0,0.0,0.0,0.0,0.0,0.0,0.0,0.0,0.0,0.0,0.0,0.0,0.0,0.0,0.0,0.0,0.0411314745808885,0.0,0.0,0.0,0.0,0.0,0.0,0.0,0.0018208808198859,0.0016085092462874,0.0138212287488381,0.0,0.0,0.0,0.0,0.0,0.0,0.0,0.0,0.0,0.0,0.0,0.0,0.0,0.0,0.175080587879791,0.0,0.0,0.0,0.0,0.0,0.0,0.0,0.0,0.0,0.0,0.0,0.0,0.0,0.0,0.0,0.0,0.0,0.0,0.0,0.0,0.0,0.0,0.0,0.0,0.0,0.0,0.0,0.0,0.0,0.0,0.0,0.0,0.0026191019807007,0.0,0.0,0.0,0.0,0.0,0.0,0.0,0.0,0.001060341113344,0.0,0.0,0.0,0.0,0.0,0.0,0.0,0.0,0.0,0.0,0.0,0.0,0.0,0.0,0.0,0.0009497532899631,0.0,0.0,0.489580263473464,0.0,0.0,0.0077477980489913,0.0008466076453477,0.0,0.0,0.0,0.0,0.0,0.0,0.0,0.0055259918292022,0.0,0.0,0.0,0.0,0.0,0.0,0.0,0.0,0.0,0.0,0.0,0.0,0.0211629194769574,0.0,0.0,0.0,0.0,0.0,0.0,0.0,0.0,0.0,0.0,0.0,0.0,0.0,0.0,0.0,0.0,0.0,0.0040886706719914,0.0,0.0,0.0373823472795018,0.0,0.0,0.0,0.0,0.0,0.0,0.0,0.0,0.0,0.0,0.0,0.0,0.0,0.0,0.0037107405937273,0.0,0.0028480481004244,0.0027909086196485,0.0,0.0,0.0,0.0,0.0,0.0,0.0,0.0,0.0,0.0,0.0,0.0,0.0,0.0009678912246698,0.0,0.0,0.0,0.0,0.0,0.0,0.124468628100816,0.0,0.0,0.0,0.0,0.0,0.0,0.0,0.0,0.0,0.0,0.0,0.0,0.0,0.0,0.0,0.0013581477846031,0.0,0.0,0.0,0.0,0.0,0.0,0.0,0.0,0.0,0.0,0.0038030349044109,0.0,0.0,0.0,0.0,0.0,0.0,0.0,0.0,0.0,0.0,0.0,0.0,0.0,0.0,0.0,0.0,0.0,0.0006632895655403,0.0,0.0,0.0,0.0,0.0,0.0,0.0,0.0,0.0,0.0,0.0,0.0,0.0,0.0,0.0,0.0,0.0,0.151471785656097,0.0,0.0,0.0,0.0,0.0012298124564695,0.0,0.0,0.0,0.0009206551478251,0.0,0.0,0.0,0.0,0.0,0.0,0.0,0.0,0.0,0.0,0.0,0.0
DP,0.0,0.0692956744961801,0.0,0.0023476353245336,0.0,0.0,0.0079871985371256,0.0,0.0020184100788459,0.0019892400873435,0.325506334328265,0.0,0.0,0.0,0.159211249949404,0.0,0.0176945351031295,0.0050024773562498,0.0007354534889287,0.0339141671587146,0.0,0.193685096372298,0.0310356752549748,0.0,0.0356198273787072,0.0910248904195609,0.0,0.0,0.0,0.0,0.0,0.0132888729995022,0.0,0.0077742274993525,0.0181461525834521,0.0,0.0232267573721667,0.0,0.0,0.0,0.007985874611102,0.0387735834111387,0.0,2.38323425173047,0.0,0.0482785857804394,0.216059212626167,0.0269010473572896,0.125778091200407,0.0,0.0,0.0,0.0157166390736,0.100047678286272,0.0196559613737215,0.0,0.0,0.0046037381129999,0.0,0.0,0.0,0.0,0.876342411655846,0.0591479897100987,0.0117928838248264,0.0,0.0,0.0,0.0178638118658224,0.0,0.0,0.0,0.0,0.0,0.0081552148337096,0.0,0.0461054791572985,0.0,0.0096286319549749,0.0,0.0,0.0117581712296372,0.0,0.0025690660374377,0.0,0.0,0.0009894289494851,0.0173877775666617,0.0,0.0,0.0519991000254629,0.0222790270225692,0.0,0.0,0.0115055749196023,0.0008866553194647,0.0015222623027754,0.0,0.0,0.0734310944943597,0.0007243129837997,0.19102878780426,0.0822469901108298,0.0,0.097642256673674,0.0,0.0009973345368457,0.0,0.0107505090395853,0.0476898294241589,0.168044955408305,0.066331951764846,0.0132308830536797,0.0556394025604128,0.189144655556992,0.0013867802413051,0.0,0.0,0.0014971370886372,0.0,0.751541856337768,0.0,0.0,0.0,0.0,0.0014191807845871,0.0,0.245061996839101,0.0,0.0,0.0,0.0039921723431468,0.0,0.0,0.0007087225896016,0.0040890685641797,0.0,0.0,0.0,0.0,0.0,0.0414392508034461,0.0283934312587665,0.0,0.045116746352277,0.0,0.0,0.0,0.0,0.664526859290214,0.0,0.0,0.0,0.0173062959132028,0.0,0.0156010987268109,0.0020762408294233,0.0,0.0,0.0,0.0854437141269533,0.0338773361589523,0.0,0.0,0.0,0.0,0.0,0.164826897997031,0.0,0.0,0.0,0.0,0.0,0.0,0.0072136382567564,0.0040045427902543,0.0,0.0007356552100508,0.0006351009077811,0.0,0.011259328994832,0.0,0.0091217515600323,0.0,0.0,0.0,0.0694920439259552,0.0,0.0,0.761035640100587,0.0,0.0,0.0,0.0,0.0,0.0542901050410338,0.0056350693218634,0.0276459447160524,0.0140500339909425,0.0,0.0020188722377284,0.0067771087150523,0.0037273611553664,0.0,0.0,0.0,0.0,0.0438967389868712,0.0,0.0,0.0130378388553131,0.0,0.0,0.0016142588623778,0.0,0.0,0.0040657394745051,0.0,0.0,0.0,0.0,0.0,0.0,0.0033323619432639,0.000785499017114,0.0,0.0012727349316535,0.0,0.0188861406814197,0.0,0.0097485498701403,0.0057356438070744,0.0,0.0045742528014175,0.0,0.0,0.0,0.0036209335276942,0.0,0.0,0.0064886212333847,0.0,0.0012912526028496,0.0032082563184766,0.0,0.0175138784229178,0.002015258226325,0.0,0.0,0.0075440046973821,0.0040028613096172,0.0,0.0,0.0,0.0,0.0510945325307343,0.0048204791260971,0.0,0.0,0.0062381545709413,0.0017108471664655,0.0,0.0277680042779352,0.0,0.0058382303533837,0.0,0.0191333861940245,0.0,0.0051855250265327,0.0026271325802195,0.0,0.0339622301557189,0.0019301323188272,0.0,0.0,0.0,0.0012019034688969,0.003425503793866,0.0019717283836359,0.0007544621039257,0.0,0.0,0.0,0.0,0.0,0.0,0.0,0.0,0.0006296293294701,0.0,0.0,0.0,0.0,0.005104141215414,0.0,0.0,0.0911531183051371,0.0,0.0,0.0,0.0082934098732999,0.0,0.0,0.0058624335279106,0.0,0.0,0.0072887480469853,0.0,0.0377935998041618,0.0009894958327084,0.0104861853047814,0.0025601125830877,0.0009788881033604,0.0038722227412756,0.0042762084952265,0.0,0.0,0.0142356613445243,0.0171379962390361,0.0161346076408629,0.0054902833805482,0.0026366241976744,0.0,0.006830884107088,0.0,0.0031786551833727,0.0,0.0,0.0,0.165595059695924,0.0,0.0,0.0,0.0,0.0,0.0,0.0090210581041388,0.0234494087844218,0.0,0.0011523077802787,0.0,0.0,0.0,0.0011585607758983,0.0,0.0,0.0,0.0,0.0,0.0,0.0,0.0013378787590789,0.0,0.0019212941159199,0.0,0.0,0.0,0.0,0.562922984086608,0.0,0.0,0.0,0.0007721912451205,0.0,0.0,0.0,0.0,0.0,0.0007620971514356,0.0,0.0,0.0047787096459243,0.0,0.0,0.0011471478780411,0.0,0.143585220712909,0.0,0.0,0.0,0.0,0.0,0.0,0.0038051346620131,0.0008604977319527,0.0,0.0,0.0,0.0,0.0028984971693995,0.0192455932956167,0.0,0.0,0.0145608203132293,0.023438308034962,0.000958557655206,0.0,0.0335526818800884,0.0530313286261751,0.0,0.0,0.0,0.0,0.0,0.0054829816815908,0.0,0.0008983764026192,0.0058172889963631,0.0,0.0020850271774662,0.0044198495695838,0.0,0.0,0.0010486115819264,0.0,0.0,0.008371762411246,0.0
DR,0.0877336477353058,0.0304271300313445,0.0308118051468104,0.0026460691417693,0.0,0.0129829781850443,0.0165043932611794,0.0,0.0,0.0,0.0008242143490533,0.0,0.0,0.0,0.0025405767951886,0.0,0.0166975808353996,0.0,0.0,0.0008984048864267,0.0,0.0,0.0,0.0197891542833694,0.0,0.0,0.0,0.0075310531643349,0.0,0.0,0.15834555865689,1.70889777393928,0.0,0.0,0.0,0.0,0.103361505580815,0.0,0.0045580219365987,0.309414784956357,0.0,0.12764934120684,0.0271887977469711,0.0,1.47781646567243,0.0,0.0,0.0,0.0,0.0,0.0073276965890586,0.0012368045498719,0.0009444649897804,0.0,0.0,0.168307300048762,0.0,0.0,0.0,0.0,0.0,0.0061959704712902,0.029831275633917,0.0,0.0367694053433508,0.0,0.102081891391221,0.0,0.0,0.0,0.0,0.0,0.0216866351898963,0.0695300745391308,0.063939866678999,0.0,0.0108350875850513,0.0203829517128586,0.0,0.0,0.0060635048380154,0.0073928962080772,0.0,0.0,0.0006156736297956,0.0134583960572462,0.0006258210885969,0.0,0.0,0.0,0.447573067856798,0.0196591567413134,0.0,0.0017454462941446,0.005862401488475,0.0086812160552416,0.0567749654634475,0.0,0.0373603420183398,0.0141899949323528,0.0006452844643751,0.0696573911291126,1.31564465622055,0.0,0.0,0.0035966737042224,0.0,0.0,0.0098527041898181,0.0381223716669458,0.0,0.0891061649350227,0.0402408533809037,0.0,0.0,0.0310549691177662,0.0,0.002600086945479,0.0127987140280185,0.0279855412075996,0.0,0.0,0.0,0.0155127793360958,0.0,0.0176851198332075,0.0141298788459268,0.0,0.0904796206336892,0.0,0.0,0.0,0.0,0.0,0.152354071464995,0.0,0.0,0.0107149548100501,0.0079429206373239,0.0091629691791007,0.0083582502211018,0.0,0.0089548421366237,0.0682507849440065,0.0013052120011938,0.0,0.0,0.0,0.0756207117168157,0.0,0.0,0.0,0.689049723806427,0.0097875859675384,0.0,0.0035880981409022,0.0,0.0,0.009758246577274,0.0,0.0164673072867639,0.0009594074530422,0.0,0.0,0.0,0.0375457575340356,0.0,0.0,0.042280785239224,0.0712309271744498,0.0,0.0,0.0,0.0,0.0,0.0009585837947177,0.0,0.0,0.0035255980355303,0.0,0.0,0.0,0.0069123148475192,0.0,0.0175656484841157,0.0013314509704543,0.0,0.0,0.0,0.0,0.0019634853054318,0.0,0.0,0.0,0.0030789844701379,0.0039852715900408,0.0020114246567536,0.0024959882104469,0.0,0.0,0.0,0.0,0.0017799280437161,0.0,0.0022869258882412,0.0,0.0,0.0154259709402084,0.0,0.0153061222217638,0.0034032495114317,0.0031025712804348,0.0,0.0,0.0030864496952382,0.0074091317156459,0.0,0.0,0.0,0.0,0.0,0.0,0.0,0.0008969317030525,0.0,0.0068757164043859,0.0,0.0,0.0,0.0,0.0,0.0,0.0049730273566603,0.0,0.0,0.0,0.001488785456525,0.0,0.0,0.0513613970072177,0.63809425061923,0.0,0.0,0.0,0.0,0.0238454187350491,0.0,0.0019846413913361,0.0,0.0,0.0323501187036998,0.0,0.0,0.258422378132859,0.0,0.0,0.0,0.0,0.0,0.0,0.0016078573791216,0.001623838779255,0.0,0.0,0.0722030645791202,0.0,0.0,0.0,0.0,0.0,0.0013707548896383,0.0067319848772901,0.0,0.019347097479621,0.0,0.010382140713439,0.0,0.0,0.0,0.0,0.0,0.0,0.0127228288375183,0.0133236297032183,0.0,0.0,0.0083569537004348,0.0,0.0,0.0016051510153649,0.0,0.0,0.0,0.0,0.0038461325295539,0.0,0.0,0.0,0.0,0.0832824279941027,0.0056548951692142,0.0,0.0007259524930188,0.0020896607365273,0.0032330184278287,0.0101565080127739,0.0,0.0110792254684256,0.0017156369336641,0.0,0.0071291066653433,0.0,0.0,0.0,0.000974449926875,0.0,0.0,0.0036302812349193,0.0150496229304012,0.0,0.0223982879971946,0.007276908795872,0.0,0.0,0.013887751196261,0.0,0.0016834487883731,0.007327947780206,0.0297481108082199,0.0,0.0,0.0,0.0,0.0,0.0060353184126233,0.0029371767733129,0.0,0.023723981229492,0.0,0.0,0.0,0.0,0.0,0.0557582491672846,0.0,0.0,0.0059199483786408,0.0,0.0,0.0,0.0,0.0019694622815423,0.0260478496349674,0.0,0.0,0.0,0.0,0.0147242071292657,0.0,0.0,0.0,0.347706957113221,0.0,0.0,0.0,0.0,0.0,0.0063986837662338,0.0,0.0,0.0020359388539882,0.0,0.0,0.0,0.0174063805826871,0.0,0.004114619241319,0.0,0.0162069567098798,0.0,0.0,0.0,0.0,0.0,0.0,0.0,0.0,0.000673746615859,0.0,0.0,0.0,0.0,0.0,0.0,0.0,0.0,0.0012956154409721,0.0,0.0,0.0,0.0,0.0,0.0,0.0,0.0013570964189474,0.0,0.0,0.0,0.0,0.0,0.0,0.0,0.0,0.0007051315141263,0.0,0.0,0.0,0.0
ECT,0.072084068582953,0.0626008744052381,0.0,0.0009770867209798,0.0,0.0,0.198518369486057,0.0,0.180053494546153,0.0,0.188663179470239,0.0,0.0,0.0,0.0110874010795091,0.0064073141268159,0.0422456112342164,0.101098634855874,0.161822773190769,0.0,0.0,0.345932436615894,0.137229368479096,0.0045042627261847,0.0655357971512191,0.101508788813018,0.0,0.0,0.0067134661567364,0.0,0.0,0.005911748494962,0.0,0.0,0.0219724785115663,0.0,0.0088730258334563,0.0,0.0,0.05983894591492,0.0270362905956015,0.0275296649773141,0.0069513025750112,0.0969897750423361,0.008698768732998,4.30297742602051,0.958374948914473,0.160502475355606,0.627690160053714,3.05776798969647,0.0,0.0021432548724196,0.0886173368232303,0.450096168838684,0.14519122125801,0.0,0.0,0.0800157350736358,0.421242778513003,0.0,0.0,0.0025196907927568,0.0918141309522676,0.0,0.0,0.0,0.0076140457316462,0.0039278900427487,2.51186924860775,0.0007293774068857,0.0009597518610056,0.0,0.0,0.0,0.0041643749347554,0.0656293922132684,0.0,0.0,0.0549556151492026,0.0,0.0116447773495482,0.0,0.0062558056231206,0.0078308025410868,0.0027441286101199,0.0,0.0073170009079049,27.3484982221308,0.0,0.525359345562117,0.0626874535451344,0.0738668601247526,0.0043551764865879,0.0261083682230343,0.0361880709156492,0.0,0.0,0.0,0.0,0.0149773605210378,0.000987382850362,0.0692679428600995,0.0,0.0041415325696792,0.297520874643598,0.0011677517793139,0.005736798342621,0.0,0.0241868613477677,0.0870067022699264,0.140751869412922,0.0660093972178502,0.0,0.34509367595173,0.427417043518561,0.0013248682130619,0.0,0.0,0.005606499035476,0.009441466869192,3.10433168604776,0.0021280929124459,0.0030538478440952,0.0,0.0,0.0024218231031956,0.0,0.264091150523432,0.0143119604243461,0.0012027386502279,0.0403854437946348,2.49648711629983,0.0135084966750137,0.0,0.0,0.0,0.0053773261039655,0.0,0.0,0.0,0.0,0.0560717651030656,0.0,0.0,0.077684738387016,0.0,0.0,0.0,0.0,0.558466850683684,0.665500302895302,0.0,0.0,0.0260983765939074,0.0182357682082326,0.0154756253080823,0.0042953817281696,0.0,0.0,0.0,0.0,0.0290040904074967,0.0012807710220614,0.0,0.0187192592281268,0.0,0.0,1.253885595001,0.0,0.0,0.0010962428625134,0.003732163288135,0.0,0.0,0.140790444417546,0.0362635956735866,0.0116140429533185,0.043078019194303,0.0,0.0007539396561161,0.0787734766044758,0.0066225848060896,0.0,0.0,0.0,0.0,0.421188820586723,0.0,0.0,0.0390549826053344,0.0,0.0,0.0,0.0035397104045041,0.0,0.791610093404803,0.0,0.0278774624275772,0.354475344436323,0.0,0.0544932049053516,0.035698914646878,0.0057699429063231,0.0023235650079725,0.0,0.0028078339648606,0.0,0.0,0.0,0.0,0.0823150939452202,0.0,0.0,0.0014225958530256,0.0,0.0141299346010763,0.0129803950543775,0.0,0.0,0.0,0.0,0.0,0.0,0.0,0.0,0.0061469726875209,0.0,0.0050839391142614,0.231032299193626,0.0,0.167289852401307,0.0129449367510298,0.0013970169979729,0.0028118386636443,0.0,0.0,0.0,0.0011025236907939,0.0,0.0,0.003186139827428,0.0,0.0,0.0035238047020372,0.0,0.0142508945201024,0.0,0.0,0.0,0.0049104819373882,0.0140976475788736,0.0,0.0,0.0016442918062048,0.0,0.0884493738990257,0.0,0.0,0.0087455004819005,0.0,0.0006195423177381,0.0,0.0745141511378174,0.0007364109660795,0.0,0.0,0.0,0.0,0.0,0.0,0.0,0.0134421439290078,0.0,0.0,0.0,0.0010242173761079,0.0025916725982619,0.0120526084637625,0.0018623066006722,0.0007525999468733,0.0,0.398275458837477,0.0071192269981578,0.0,0.0,0.0,0.0,0.0024200738519297,0.0,0.0,0.0,0.0014767652967279,0.0,0.0010446045555849,0.0006267308650281,0.0027943496438669,0.105148268669517,0.0,0.0065962628612449,0.0,0.0161074485237156,0.0,0.0452091609013504,0.0708655179371413,0.0,0.0,0.0,0.0,0.0144578611109636,0.0018329209665266,0.0058800669371195,0.0,0.0013945894527373,0.0,0.0,0.0,0.0016112446625788,0.0045312881323964,0.0125548179122897,0.0277463560441079,0.0350828157462685,0.0,0.0,0.0,0.0,0.0,0.0,0.0,0.0,0.379818119080613,0.0019861376361212,0.0025907288396949,0.0,0.0,0.0,0.0,0.0,0.0920928596061073,0.0013430221153542,0.0062647553545823,0.0,0.0237113485456325,0.0,0.0,0.0041599941514614,0.0015951004226274,0.0,0.0,0.0,0.0018639287192558,0.0,0.0,0.0,0.0121813681751679,0.0,0.0,0.0,0.0,0.46732179775159,0.0,0.0,0.0,0.0075121744423571,0.0145979023571205,0.0,0.0,0.0,0.0,0.0,0.0,0.0012986795580245,0.0,0.0,0.0,0.0,0.0,1.01410826230994,0.0,0.0022692603052458,0.0,0.0015379378501231,0.0,0.0,0.117048929917908,0.0,0.0145128716785108,0.103479989709437,0.0,0.0424450490016442,0.0791110128704947,0.0044570050098639,0.0,0.0,0.0038859878889611,0.273637677009471,0.0,0.0,0.0,0.0,0.0,0.0,0.0,0.0007538418667623,0.0,0.0772698388023044,0.0,0.0043011157061742,0.0754978985046114,0.0,0.0038527331023374,0.0116912045976404,0.0,0.0,0.0,0.0033159008089766,0.0,0.0,0.0
ENTl,1.91951683803982,0.107592640169935,0.0,0.0107950087822142,0.146647709977997,0.0,0.0631345369081462,0.0,0.172185823180355,0.0,0.289574872535881,0.0,0.0,0.0310499914487203,0.0144760419078449,0.0035275202562802,0.0362115350530441,0.275356950450879,0.0444772433026543,0.564665127372064,0.0,0.499821700100766,0.206697332710831,0.0083137349134102,0.728455180907704,2.55546970642896,0.0,0.0,0.0195175077372125,0.337975575325551,0.0,0.0,0.0,0.0,0.695756684430694,0.0017118011382333,0.137025932226569,0.0007124062768558,0.0,0.0,0.14932878580417,0.0576230755379114,0.0007061986155882,0.240427708811806,0.0407571112785134,1.10759636454469,7.79904571218462,1.38140613149989,5.04206319337357,31.6306080451716,0.0,0.0062216309348605,0.0,0.376895879507015,0.0128024780086087,0.478466607636328,0.0,0.43214742263446,2.51446257513079,0.0010061359215696,0.0,0.0,0.312577757821731,0.283367290600161,0.0,0.0,0.157638450664027,0.0067856876650131,4.16096912118364,0.0097853866819189,0.0292469190924936,0.0113705751112342,0.470080207831495,0.0,0.0688289104106027,0.0,0.0,0.0,0.0810562201120784,0.0,0.0,0.133379019313944,0.0055674402657915,0.0100680273011877,0.0023102661728609,0.0,0.0941131580227851,0.190793736575002,0.0,0.0548565033376892,0.0,0.354560904470225,0.0207305709159359,0.0035377535092007,0.0441444428727685,0.0,0.0,0.0,0.0,1.13901543710291,0.0009757505219466,0.935034064579161,0.0,0.0033923089959531,0.411996068199506,0.0074960304968587,0.0108114451155165,0.0035819625088342,0.0316776218492114,0.0351273061528899,0.302344056722782,0.0551166814552792,0.140683921536324,1.8131427112954,1.38009922537976,0.000912825214232,0.0382259565199795,0.0,0.0174983445725326,0.039419334018708,11.866777358426,0.0,0.0356350775260129,0.0,0.0,0.0077398781263464,0.0,1.93558269444899,0.0,0.0,0.0148571222610633,0.14838344754364,0.0137761734498517,0.0,0.0,0.0,0.0039018518138252,0.0,0.0,0.0,0.0,0.0,0.165635963065253,0.0,0.208298901696374,0.0994708655097886,0.0,0.0,0.0,6.53319454083864,0.0,0.0023176725981458,0.0,0.0918735669328181,0.0710465274593584,0.10771613033428,0.0,0.0,0.0,0.0,0.0054921540848871,0.0,0.0026220928622567,0.0,0.0,0.0031049026406762,0.0,0.0,0.0,0.0,0.0013218701552516,0.0088638711746798,0.0,0.0,0.126538367922923,0.0187327574008016,0.0,0.0064568378184052,0.0,0.0,0.0103404652659317,0.0131848700064237,0.0,0.0,0.0,0.0,1.76136300119659,0.0,0.0,0.59797679490281,0.0,0.0,0.0,0.0,0.0,0.661632385338771,0.0,0.13992665201414,0.935757668497011,0.0,0.221822852939413,0.0869372000806854,0.0,0.0,0.0,0.0096029055260386,0.0,0.0102669015780895,0.0064556189947482,0.0,0.0940836830427785,0.0,0.0021831337800407,0.0,0.0,0.0,0.0062047895168397,0.0126319627503209,0.0,0.0,0.0,0.0,0.0114125711027845,0.0013245390086217,0.0,0.0,0.0237274290781744,0.0,0.107266579491511,0.0,0.0622953405039095,0.0124670671230698,0.0,0.0422900728294119,0.0,0.0,0.0,0.0043529736425701,0.0094919507863647,0.0,0.0680252241542168,0.0,0.0,0.007808482037977,0.0007182583408432,0.170881141223978,0.0014129836461838,0.0,0.0,0.0083780941342505,0.0094056863365023,0.0007616336606473,0.0,0.0061039049846458,0.0,0.433821555569261,0.213068387006299,0.101625823453266,0.0,0.0,0.0009885814086892,0.0,0.0046123743969008,0.0015243237543857,0.0,0.0,0.166290497342533,0.0,0.0019255422889875,0.0,0.0,0.0699120291166171,0.0,0.0,0.0,0.0,0.0019847106379621,0.0,0.0030440802481669,0.0011666035378954,0.0009300913431828,0.0,0.0,0.0,0.0,0.0,0.0,0.0034299336843011,0.0072563187340435,0.0,0.0,0.0027268042572892,0.0,0.0012288455604202,0.0,0.0020643328052047,0.397227853240748,0.0,0.0122589643878814,0.0,0.0799198182793252,0.0034415905770246,0.0011158648610268,0.0495881309480167,0.0,0.0,0.0,0.0,1.11459936493103,0.0013974026266645,0.190985441217711,0.0,0.0032641395468822,0.0,0.0020818471062449,0.0,0.0136774046289859,0.0082251415168134,0.0,0.0,0.0075468558452045,0.0,0.0,0.0,0.0014824200006776,0.0043547388181021,0.0,0.0029089841566552,0.0010491235056319,0.200983485983319,0.000879157707739,0.0061692574830661,0.0,0.0,0.0044439864021603,0.0,0.0370144771358998,0.14843109304222,0.000686804415065,0.0052104080178846,0.0,0.0187142067017713,0.0,0.0,0.0,0.0047680111098968,0.0,0.0,0.0,0.0,0.0,0.0,0.0,0.0,0.0705031086507696,0.0,0.0,0.0,5.60217095750255,0.0,0.0,0.0,0.0152052121785078,0.0197097231792598,0.124666071000661,0.0,0.0,0.0,0.0,0.0,0.0,0.0,0.0,0.0,0.001495312401684,0.0,0.0,0.0,0.0,0.0,0.003874688134685,0.0,0.0,0.137731929395231,0.0136803381111859,0.0,0.0140699047112163,0.0,0.0,0.0317573723081932,0.0029129966492988,0.0,0.0,0.0063335506018229,0.164297754677152,0.0,0.0,0.0,0.0,0.0,0.0,0.0,0.0040090019780559,0.0,0.0659951690186215,0.0,0.0426898481008718,0.172161478345185,0.0,0.0087698284880017,0.0252964877740448,0.0,0.0,0.0,0.0093323032310083,0.0,0.0,0.0007482395709031
ENTm,0.322442105033664,0.0308162599020881,0.0,0.0036600595545677,0.736348206754539,0.0,0.0,0.0547792691506775,0.0031050998354624,0.0,0.0795546152993128,0.0,0.0,0.0070730475875475,0.0044342386674247,0.0023815858750924,0.0181158595057498,0.0729341954282923,0.0254858953618903,0.226922323414113,0.0084513636507049,0.208787402716265,0.0020474692700966,0.0,0.541496022061799,2.25958924847042,0.0558579700055603,0.0,0.0109703838349788,0.0,2.77712432982638,0.0427191835739478,0.0,0.0,0.209836644062433,0.0,0.127516335971035,0.0034461774909249,0.0,0.0,0.262686612889856,0.0304132289405683,0.002447871895413,0.0,0.0076007329269146,0.0,2.36658004754669,3.50490271436771,0.420039087830287,5.2854081157053,0.0,0.0020587681199319,0.0,0.0115598636635801,0.0039258699370742,0.0,0.0,0.205232295532928,0.447855504775339,0.0047339459494894,0.0,0.0,0.0625577614951661,0.0,0.0688091005437554,0.0,0.0379645194785379,0.0060613023223932,1.0138711136493,0.0093693573819908,0.218038147869429,0.0,0.0,0.0,0.003009587146685,0.0,0.0,0.0,0.0112165827524558,0.003475542486968,0.0,0.0,0.0,0.0,0.0009895591820147,0.0126237106939281,0.0370554249228411,0.0,0.0,0.0089322592701587,0.0,0.217456848950148,0.0035628684116345,0.0,0.0109436053296612,0.0,0.0,0.0,0.0,2.2559961953649,0.0,0.527079501114154,0.0,0.0,0.302948753039539,0.0072505558242146,0.0191522232898588,0.0,0.0203876123310165,0.0,0.0,0.0154396250396426,0.0,1.04253823221689,0.272918715449757,0.0013964090152488,1.70279762814727,0.0,0.0037672267201659,0.0047577890691949,0.0,0.0,0.0314082041845422,0.0,0.0,0.0154017021189736,0.0,0.0328798730429099,0.0,0.0,0.0021710541853214,0.0,0.222592986961586,0.0,0.0,3.03758068801881,0.0019533622559872,0.0007641487440132,0.0,0.0,0.0,0.437267564615808,0.0,0.0,0.0,0.0,0.0,0.0,0.0,2.94186678768266,0.0,0.0,0.0,0.0898935481048686,0.0777567351640349,0.444327511746317,0.0,0.0,0.0,0.0,0.160194111475712,0.0,0.0,0.0,0.0,0.0,0.0,0.0,0.0,0.0,0.0023612724171359,0.0041465519110783,0.0,0.0,0.0037210208294413,0.0,0.0,0.0,0.0,0.0,0.0,0.0016890182741592,0.0408179002719133,0.0,0.0,0.285207259030756,0.547020245132197,0.0,0.0,0.0631196956488522,0.0,0.0,0.0,0.0077186281593938,0.0,0.0388961346206828,0.0,0.181266885171153,0.531310925498027,0.0325573892616906,0.109324688706848,0.156593444817219,0.0,0.0,0.0,0.0,0.0,0.0898520391619197,0.0,0.0,0.0096624387151902,0.0,0.0,0.0006937020449322,0.0,0.0,0.0,0.0,0.0,0.0,0.0,0.0,0.0058444237453997,0.0014697656191401,0.0039170219003586,0.0,0.0075317871979789,0.001231014002099,0.0,0.0,0.0095410069478739,0.0028484371476462,0.0,0.0272312613856201,0.0,0.0071918151118678,0.0,0.0106659853003867,0.0404718310317222,0.0,0.0659428875554492,0.0,0.0029335582435214,0.0,0.0029861660202847,0.204512719513318,0.0029361929115525,0.0,0.0,0.0249110048140816,0.0033430649262819,0.0050138006602196,0.0147330937770888,0.0080636984997054,0.0,0.154296901381529,0.503445285481397,0.0,0.0108032708794685,0.0,0.0020783261946343,0.0041284924553906,0.0477903021517774,0.0078945238478685,0.0034164825701443,0.0020129706049174,0.0611438901935762,0.0,0.0045411149651247,0.001388765975326,0.0,0.0092497982664606,0.0,0.0,0.0007289034211523,0.0,0.004834863906227,0.037761122719705,0.017517169149608,0.0025751149035457,0.0,0.0,0.0,0.0,0.0,0.0,0.0,0.0113567083695704,0.0,0.0,0.0,0.0,0.0,0.0,0.0,0.0,0.0492503904823094,0.0014389838309955,0.0083728755200696,0.0,0.117134060207045,0.0020238348238592,0.0,0.0039440071662098,0.0,0.0,0.0,0.0,1.96273218911025,0.0,0.0611947349797035,0.0,0.0019029117211057,0.0012315414898775,0.0117632134315821,0.0,0.0073674409721681,0.0240112709799489,0.0,0.0,0.0020857917112353,0.0,0.0,0.0,0.001616755566017,0.226169185734275,0.0,0.002673913543577,0.0,0.0,0.0009523879620089,0.044171266426954,0.0,0.0,0.0082966385586982,0.0,0.0,0.0064527767753184,0.0,0.0029114179432853,0.0,0.114632289096796,0.0036213143696236,0.0,1.51582046295953,0.0018966024101241,0.0,0.0,0.0,0.0,0.0,0.0285704145397553,0.0,0.0,0.0432219328026164,0.0,0.0,0.0,2.41498155047668,0.0,0.0,0.0,0.0179815452249651,0.009284003717864,0.19592138235561,0.0,0.0,0.0,0.0,0.215734861457017,0.0,0.0,0.0,0.0,0.0033901854572382,0.0,0.0,0.0,0.0,0.002465755539406,0.0040139521675172,0.0,0.0,0.0027031997429281,0.000650227554598,0.0,0.0,0.0,0.0011671379675062,0.0044145670025495,0.0019420172834735,0.0,0.0,0.0,0.0172576310933402,0.0,0.0,0.0,0.0,0.0,0.0,0.0,0.0109830217668252,0.0,0.0,0.0,0.0262491370490046,0.0443447467471273,0.0043599460077201,0.0192126061788838,0.0468597894051278,0.0,0.0,0.0,0.0066530774813454,0.0,0.0,0.0
EPd,0.890329052163331,0.0136433304697845,0.0,0.0,0.0,0.0,0.0461144434882194,0.827959028011117,0.364949105958043,0.0008426414479355,0.0,0.0,0.0,0.0135447124776131,0.888698929614441,0.0,0.0485079406437914,0.0040029622733831,0.0225991951720337,0.265410303175754,0.0,0.773350208378962,0.165742091649118,0.0,0.0404634173499071,0.537165812600242,0.0,0.0,0.0,0.0,0.0,0.023768144896668,0.0,0.0,0.406050821715249,0.0337372354857236,0.024417304251723,0.0,0.0,0.0,0.0011296732417602,0.0447299660568402,0.0,0.110445224783005,0.0016726697988435,0.111711454414006,0.851860399283405,0.236628575482914,4.60046624836974,1.87861948494328,0.0,0.0,0.0,2.99009683685697,0.0130126089158493,0.0,0.0,0.199744304907894,0.616804799247952,0.0,0.0,0.0,0.158156173575084,0.0,0.0052369764571003,0.0,0.0,0.0,1.40247013538198,0.0,0.0015554629451779,0.0,0.0,0.0282302809497574,0.0,0.0,0.0,0.0,0.0,0.0011192217425316,0.0,0.142860119545895,0.0,0.0052115744749144,0.0,0.0,0.0112245561123236,0.0,0.0,0.0,0.12498470841142,0.0332715860057768,0.0035652153325052,0.0049971557612729,0.0173212155230514,0.0,0.0,0.0,0.0,0.0502838902048285,0.0,0.220661987118222,0.0,0.0,0.348063129627198,0.0,0.0,0.0,0.0008366664674386,0.102810900608201,0.205810707052063,0.149872771973832,0.0,0.34976007475856,1.40245100853639,0.0012400340835096,0.0,0.0,0.0054743567510618,0.0053971111062659,2.36037116488981,0.0011840422712851,0.0,0.0,0.0,0.0,0.0,2.19136697355611,0.110797030890659,0.0,0.0008376390820978,0.0105975164600692,0.0,0.0,0.0,0.0,0.0,0.0,0.0,0.0,0.0,0.0,0.0,0.0,0.148333389987867,0.0,0.0,0.0,0.0,0.913980168989018,0.0,0.0,0.0,0.0014428796938152,0.0,0.0,0.0017370619594814,0.0,0.0,0.0,0.0,0.236773698819925,0.0,0.0,0.0,0.0017035357663626,0.0,0.464281416081849,0.0,0.0750591958015636,0.0,0.0,0.0,0.0,0.0147723113628013,0.0022351896575731,0.0,0.0,0.002904800621031,0.0,0.0,0.0022702741936002,0.0134716425020082,0.0,0.0,0.053849528313054,0.776224651466542,0.0,0.007766369821356,1.22051577014373,0.0,0.0,0.0,0.0,0.0,0.209607755764025,0.0,0.0043811193411959,0.0304577420643826,0.0,0.0,0.0,0.0,0.0,0.0,0.0,0.0,0.0650764525574284,0.0,0.108739988561222,0.0135005939523922,0.0,0.0,0.0,0.0,0.033888561567049,0.0180896000300242,0.0,0.0,0.0,0.0,0.0,0.0,0.324443847831777,0.0,0.0178607634627868,0.0,0.0,0.016730255305017,0.0,0.267366737893605,0.0092716645268572,0.0,0.0029339785218885,0.0,0.0,0.0,0.0,0.0,0.411202947639213,0.030561178989215,0.0,0.0,0.0135163237883759,0.0008278668306235,0.0165013103138501,0.0,0.0,0.0,0.0009236228685961,0.0145927866669762,0.0,0.0,0.0,0.10006858156512,0.0731502728964611,0.0,0.0028033579857882,0.0,0.0,0.0,0.0599434830120392,0.0505332164714168,0.0,0.0,0.0,0.0,0.0,0.0,0.0,0.0006137150245532,0.0083902757285403,0.0,0.0047144952502338,0.0,0.0051435209131025,0.0,0.0,0.0009699970375456,0.0,0.0,0.0951525337872768,0.0232246894532056,0.0,0.0,0.0,0.0,0.0006830637420052,0.000823611963889,0.0,0.0,0.0,0.0,0.0,0.0,0.0,0.0737233640932832,0.0,0.0032360729988584,0.0355278637569925,0.006150609631881,0.0,0.0297349675649508,0.047503707432894,0.0,0.0,0.0,0.0,0.0203424287981692,0.000988004933821,0.0087595689626487,0.0036585217611925,0.0,0.0191945042106374,0.0,0.0,0.0,0.0016977699306722,0.0137266737634618,0.0231532447828147,0.0185770467967582,0.0,0.0,0.0,0.0008939652009135,0.0,0.0,0.0,0.0014370911322285,0.100058052561083,0.0,0.0086312187854376,0.0,0.0,0.0,0.0,0.013451308971587,0.0722104432713713,0.0,0.0070846803424084,0.0,0.0006666504795688,0.0,0.0042139363135268,0.0022019069723646,0.0,0.0,0.0,0.0,0.0,0.0,0.0,0.0,0.0076570138642484,0.0,0.0,0.0,0.0,0.650035396246201,0.0,0.0,0.0,0.0007884077837086,0.0,0.0,0.0,0.0,0.0,0.0,0.0,0.0163043616549378,0.0,0.0,0.0,0.0,0.0,0.964755850247777,0.0,0.0013629330981955,0.0,0.0,0.0,0.0,0.0139675774493713,0.0,0.0145931821996631,0.0049377771842104,0.001227083196,0.0,0.0130469697210289,0.0023172040778082,0.000622106391038,0.0009939926877229,0.0,0.0824618857364106,0.0,0.0,0.0,0.0,0.0,0.0,0.0,0.0011714381154767,0.0,0.0676555699752193,0.0,0.0,0.0039002823992719,0.0,0.0,0.0,0.0,0.0,0.0,0.0,0.0,0.0089611640910128,0.0
EPv,0.801596702008523,0.0009021653276964,0.0,0.0039589490344432,0.0027334255598507,0.0,0.0310456574707545,0.484118128760163,0.0771826838259311,0.0,0.0,0.0,0.0,0.0106874040273068,0.10635461689715,0.0,0.093791003713744,0.0,0.0,0.0323383309900941,0.0,0.236675509251479,0.0874761865043326,0.0128754014583812,0.122545391864902,0.468259815645594,0.0,0.0,0.0,0.0,0.0,0.0168350944805308,0.0,0.0,0.464793042520831,0.0125310581678372,0.0036989939473177,0.0,0.0,0.0,0.0010878606969059,0.0566701038298708,0.0,0.0152628704433391,0.0,0.0,0.332724822742678,0.0482448289063444,0.993654557650231,13.1883623264609,0.0,0.0,0.0021974478923072,1.44128677234866,0.0129389759524714,0.11036935317727,0.0,0.0171349119306432,1.44303287968456,0.0,0.0,0.0,0.0437464926699634,0.0,0.0,0.0,0.0,0.0,1.94839263612525,0.0,0.0015665099769205,0.0,0.0,0.0163262238495526,0.0380093753282401,0.0,0.0,0.0,0.0,0.0,0.0073296521268164,0.432506640045705,0.0,0.0,0.0,0.0,0.0516145723279657,0.0,0.0,0.0013305151816859,0.0,0.0120337096278816,0.002560902971367,0.0,0.0,0.0,0.0,0.0,0.0007617210114616,0.0395550773665141,0.0,0.105044359822433,0.0,0.0,0.299403432416332,0.0,0.0,0.0,0.0008359163927136,0.0073663842525539,0.0484346579220481,0.0,0.0,0.225181222641498,2.23874371640317,0.0007510189050558,0.0,0.0,0.0055700011120392,0.0048603483146892,1.40596255329339,0.0,0.0,0.0,0.0,0.0,0.0,1.03192940081465,0.0,0.0,0.0,0.0037388343486737,0.0,0.0553151995521205,0.0,0.0,0.0,0.0,0.0,0.0,0.0,0.0052839822708103,0.0110866595535281,0.0026204567672729,0.066666956178727,0.0,0.003092894751948,0.0,0.211783345429738,0.385232073526246,0.0,0.0,0.0,0.0,0.0,0.0,0.0,0.0,0.0,0.0,0.0338958487161792,0.115844847880814,0.0,0.0,0.0,0.0,0.0,0.197943880321651,0.0,0.0939624503405813,0.0,0.0,0.0,0.0,0.0,0.0,0.0,0.0,0.0,0.0,0.0,0.0,0.0035570905164749,0.0,0.0,0.0576403233641802,0.860441685739177,0.0,0.0,0.622963837546785,0.0,0.0,0.0,0.0,0.0,0.0855808839841831,0.0,0.0,0.0022161293418499,0.0,0.0,0.0,0.0,0.0063667806009531,0.0,0.0,0.0,0.0258563357305402,0.0,0.0355031600205854,0.0,0.0,0.0,0.0,0.0,0.0055420280827892,0.0,0.0,0.0,0.0,0.0,0.0,0.0006107182890996,0.0031558733481348,0.0,0.0341408065181,0.0,0.0,0.0090453310549746,0.0,0.0460264154356192,0.0067849691347698,0.0021366478715234,0.0012780474703439,0.0,0.0,0.0,0.0,0.0,0.0,0.0019453195672815,0.0,0.0,0.0083688493260658,0.0,0.0077591402836543,0.0,0.0,0.0,0.000684716248332,0.0131756006095982,0.0,0.0,0.0,0.0,0.0387110551501363,0.0,0.0586150955608932,0.0,0.0,0.0,0.006978786702728,0.0106318196648385,0.0,0.0,0.0,0.0,0.0,0.0,0.0,0.0,0.0,0.0,0.0025959277120503,0.0,0.0,0.0,0.0,0.0,0.0,0.0,0.0,0.0151524118689075,0.0,0.0,0.0,0.0,0.0011952866880194,0.0,0.0,0.0,0.0,0.0,0.0,0.0,0.0008598800303297,0.0102761965126665,0.0,0.0007361217261737,0.0174442433822794,0.00261244819751,0.0,0.0007215809941356,0.0014455704325749,0.0,0.0,0.0,0.0,0.0209662635146611,0.0,0.0055765727057901,0.0,0.0,0.0,0.0007069846573986,0.0,0.0,0.0008870698133563,0.0007254184205206,0.0014559699843799,0.0,0.0,0.0,0.0,0.0,0.0,0.0,0.0,0.0,0.0834076698868591,0.0,0.0011216123283723,0.0,0.0,0.0,0.0,0.0268525858987908,0.0,0.0,0.0010183727429025,0.0,0.0,0.0164803247001082,0.0,0.0010807851650376,0.0,0.0,0.0,0.0,0.0023847418514777,0.0,0.0,0.0,0.0049625244177266,0.0,0.0,0.0,0.0,0.236904510573077,0.0,0.0,0.0,0.0,0.0,0.0,0.0,0.0,0.0,0.0,0.0,0.0062615732807548,0.0,0.0,0.0,0.0,0.0,0.171151253532715,0.0,0.0,0.0,0.0,0.0,0.0,0.0051921445248735,0.0,0.0,0.0011756768058671,0.0,0.0,0.0019889523264222,0.0,0.0,0.0015966358854977,0.0,0.0370150251430969,0.0,0.0,0.0295340302855764,0.0204734270139713,0.0,0.0,0.0,0.0017914384202404,0.0,0.0436025255112125,0.0,0.0,0.0,0.0,0.0012439650945599,0.0,0.0,0.0,0.0,0.0007494581605433,0.0,0.0092064748796719,0.0
FL,0.0,0.0,0.0,0.0,0.0,0.0,0.0,0.0,0.0,0.0,0.0,0.0041265392556884,0.0055466601522698,0.0,0.0,0.0,0.0,0.0,0.0,0.0,0.001140876280672,0.0,0.0,0.0009438868549739,0.0,0.0,0.0,0.0,0.0025803316345559,0.007537698397522,0.0,0.0035855564333293,0.0006574242554262,0.0,0.0,0.0,0.0049045001913854,0.0,0.0,26.5388812025985,0.0015793559497193,0.0,0.0891518176774341,0.0043485387099522,0.0013468132997106,0.0,0.0,0.0145206974320932,0.0,0.0,1.4248434683177,0.0009224662167582,0.001335003237554,0.0,0.0030792850532824,0.0,0.0138181871482363,0.0,0.0,0.0,0.0,0.0,0.0,0.000965184269522,0.0,0.0,0.0,0.0026743831204965,0.0,0.0,0.0,0.0,0.0,0.0,0.0,0.0,0.0,0.0,0.0,0.0,0.0,0.0,0.0,0.0,0.0,0.0058983397678974,0.0,0.0,0.0,0.0,0.0,0.0016257128048066,0.0,0.0,0.0,0.0,0.0,0.0,0.0,0.0,0.0165497094472763,0.0,0.0,0.0,0.0,0.0066309892221357,0.0,0.0,0.0182530583798444,0.0,0.0,0.0,0.0,0.0,0.0,0.0,0.0070242106121335,0.0214757338671785,0.0418427441462923,0.013548698446542,0.0019621294499787,0.0,0.234977695520439,0.0,0.0,0.0384367863052579,0.0,0.0,0.0,0.0009445531926795,0.0,0.0,0.001256204455706,0.0,0.0,0.0059649530916801,0.0,0.0048149967110136,0.0034342982517692,0.216015380940219,0.274995759707043,0.0,0.0,0.0,0.0,0.0023388886080744,0.0,0.0,0.0,0.0,0.0,0.0,0.0,0.0010223629079254,0.0024770800353733,0.0,0.0,0.0,0.0,0.0,0.0,0.0,0.0654831677046002,0.0,0.0029903658726142,0.0009667696381986,0.0,0.0,0.0,0.0,0.0,0.0,0.0035656775175306,0.0044349780519982,0.0022826580873087,0.0,0.0,0.0,0.0009827462124572,0.0025492601135629,0.0,0.0,0.0,0.0,0.0,0.0,0.0,0.067422851843664,0.0,0.0,0.0,0.0,0.0,0.25676476893783,0.0,0.0,0.0030403018131253,0.0,0.0,0.0,0.0040100217134584,0.0,0.0,0.0,0.0,0.0,0.0,0.0,0.0,0.0,0.0,0.0,0.0,0.0040126212199916,0.0,0.0,0.0,0.0,0.0,0.0071431097041412,0.0,0.0,0.0,0.0,0.0,0.0,0.0,0.0,0.0,0.0035319012629082,0.0,0.0,0.0,0.0006557376843059,0.0018514806184591,0.0,0.0,0.0038751032219865,0.122943916710318,0.0,0.0,0.0006614635771413,0.0,0.0,0.0,0.0252836831647935,0.0,0.0,6.4620509430445,0.0014912184353326,0.0,0.0,0.0020815428794201,0.0040988936962305,0.0,0.0,0.0,0.0,0.0,0.0,0.0,0.0008720460912501,0.0,0.0009774548947039,0.0,0.0049851718494236,0.0,0.0,0.0037055111956951,0.0,0.00157498938546,0.0,0.0012095039753918,0.0,0.0,0.0,0.0012106652117243,0.0011521740086358,0.0,0.0,0.0,0.0,0.0,0.0,0.0,0.0,0.0046805007551199,0.0,0.0,0.0,0.0,0.0,0.0,0.0,0.0,0.0,0.0,0.0,0.0,0.0,0.0022325685823816,0.0,0.0,0.0,0.0,0.0,0.0,0.0,0.0,0.0187282171995826,0.0,0.0055946233025899,0.0,0.0,0.0033385413419822,0.0,0.0,0.0193269177745816,0.0,0.0,0.0,0.0,0.0,0.0,0.0,0.0,0.0,0.0037788250229146,0.0,0.0,0.0,0.0101762901120388,0.0,0.0,0.0113893503251635,0.0,0.0,0.0,0.0006826932719629,0.0,0.0,0.0131492367441354,0.0,0.0,0.0,0.0,0.0,0.0011800985230203,0.187031350661474,0.0121792223647683,0.0,0.0006909792862319,0.0,0.0,0.0011017157745224,0.0,0.0,0.0,0.0,0.0,0.0,0.0,0.0,0.0,0.0,0.0,0.0,0.0,0.0,0.0,0.0,0.0,0.0,0.008952440983194,0.0011576845252971,728.303180461837,0.0,0.0,0.0,0.0,0.0006141708793197,0.0,0.0,0.0,0.0,0.0,0.0,0.0,0.0,0.0,0.0,0.0,0.0,0.193280533769873,0.0,0.0,0.372637427322669,0.0,0.0,0.0,0.0,0.0,0.0032150967016273,0.0,0.0,0.0067280327196019,0.0,0.0,0.0,0.0064613061552802,0.0,0.0,0.0,0.0,0.0,0.0,0.0,0.0
FN,0.0,0.0,0.0,0.0,0.0,0.0,0.0,0.0,0.0,0.0,0.0,0.0018369510287613,0.0,0.0,0.0,0.0,0.0,0.0,0.0,0.0,0.0,0.0,0.0,0.0,0.0,0.0,0.0,0.0,0.0048725833469264,0.0008865504670539,0.0,0.0011506249491877,0.0,0.0,0.0,0.0,0.0,0.0348903856413342,0.0,14.6081040808055,0.0,0.0009784089151386,0.0151381921304385,0.0,0.0,0.0,0.0,0.0,0.0,0.0,0.0,1.23695574623087,0.0,0.0,0.0,0.0,0.0021307331783869,0.0,0.0,0.0,0.0,0.0,0.0,0.0,0.0,0.010873387763915,0.0,0.000828940223536,0.0,0.0,0.0,0.0,0.0,0.0,0.0,0.0,0.0,0.038406618181392,0.0,0.0,0.0,0.0,0.0,0.0,0.0012014500957496,0.0,0.0,0.0,0.0,0.0,0.0,0.0,0.0,0.0008013939147555,0.0,0.0,0.0,0.0,0.0,0.0,0.0396548471827334,0.0,0.0,0.0848424401958554,0.0,1.80342622336406,0.0,0.0,0.0022757037717236,0.0,0.0,0.0,0.0,0.0,0.0,0.0,0.0,0.0040430972926907,0.0017574543869821,0.0047882407968477,0.0,0.0,0.0006585957628344,0.0,0.042866996715471,0.0,0.0,0.0,0.0,0.0,0.0,0.0,0.0,0.0,0.0,0.0,0.0,0.0020057841675021,0.0,0.0162236588354997,0.0287831192153145,0.0,0.0012182759229758,0.0,0.0,0.0,0.0,0.0260992338138086,0.0,0.0,0.0,0.0,0.0,0.0,0.0,0.0,0.0,0.0,0.0,0.0,0.0,0.0,0.0,0.0,0.0,0.0,0.0,0.0,0.0,0.0,0.0418165208278533,0.0,0.0140213432631493,0.0053499349880272,0.0,0.0013969351248165,0.0,0.0,0.0009965669370016,0.0,0.0,0.0,0.0,0.0,0.0130360814810466,0.0,0.0,0.0498677202443181,0.0,0.0,0.0,0.0,0.0,0.0,0.0,0.0,0.0,0.0,0.0,0.0,0.0,0.0,0.0,0.0,0.0,0.0,0.0,0.0,0.0,0.0,0.0,0.0,0.0,0.0,0.0,0.0,0.0,0.0,0.0,0.0,0.0040509685756316,0.0,0.0,0.0,0.0,0.0,0.0,0.0,0.0,0.0,0.0,0.0,0.0,0.0,0.0,0.0,0.0,0.0,0.0030087963883617,0.0,0.002221977165686,0.0,0.0,0.0,0.0,0.0009079538420408,0.0012554006913222,0.0,7.95639394019827,0.0,0.0,0.0,0.0,0.0,0.0,0.0,0.0,0.0,0.0,0.0,0.173837605529204,0.0,0.0,0.0,0.0,0.0015904040693476,0.0,0.0,0.0,0.0,0.0,0.0,0.0,0.0100623442300224,0.0,0.0,0.0,0.0,0.0,0.0,0.0,0.0,0.0,0.0,0.0,0.0,0.0195091087216212,0.0,0.0,0.0,0.0,0.0,0.0,0.0029088074496391,0.0,0.0,0.0,0.0,0.0,0.0,0.0014475766298596,0.0,0.0,0.0,0.0,0.0,0.0,0.0,0.0,0.0293631968742094,0.0,0.0032087770373415,0.0081192355377146,0.0,0.262750723575707,0.0,0.0,0.0060053123425993,0.0,0.0,0.0,0.0,0.0,0.0,0.0,0.0,0.0030748374052725,0.0,0.0008974031249072,0.0,0.0,0.0010986403593545,0.0,0.180494476537208,0.0,0.0,0.0,0.0,0.0006521715999552,0.0,0.0,0.0,0.0,0.0,0.0,0.0,0.003020714149093,0.0,0.0193605019913603,0.0044885437369148,0.0,0.0,0.0,0.0,0.0006907601162026,0.0,0.0,0.0007993819414678,0.0,0.0,0.0021848384600045,0.0,0.0,0.0,0.0,0.0,0.0,0.0,0.0,0.0,0.0,0.001526551116215,0.0011741955882526,0.0,0.0,0.0,0.0,0.0,0.0,0.0,0.0,0.0012353129891484,0.0,0.0,0.0,0.0,0.0,0.0,0.0,0.0,0.0,0.0,0.0,0.0116736904984024,0.0,0.0,0.0461292349155899,0.0,0.0,0.0,0.0,0.0,0.0,0.0,0.0,0.0007245844219827,0.0,0.0,0.0,0.0,0.0,0.0011545346114185,0.0,0.0,0.0,0.0,0.0,0.0
FRP,0.21784907832982,0.0239645310736987,0.0,0.0,0.0,0.0,0.137257290029023,0.0,0.0,0.0,0.0,0.0,0.0,0.0346342953700189,0.0162282987579267,0.0,0.0,0.0,0.0,0.0137312885545771,0.0,0.5046295821458,0.0,0.0,0.0055346816920569,0.0,0.0,0.0,0.0,0.0,2.79164519404571,0.0,0.254142273105537,0.0,0.0,0.0036591804575588,0.0033017456432748,0.0,0.0006985330039138,0.0033973233924127,0.0,0.0,0.0,0.0527933058980782,0.0,0.0,0.0283322782512358,0.0,0.0,0.008654367069034,0.0,0.0,4.57815802975689,0.149450147124108,0.0452103252207235,0.0,0.0,0.0,0.0,0.0,0.0,0.0,0.044008347419667,0.0,0.0,0.0,0.0,0.0,0.0,0.0,0.0,0.0,0.0063415433566299,0.0,0.0,0.0019113539061017,0.0,0.0,0.0,0.0,0.0006513620715608,0.0,0.0,0.688350434687479,0.0,0.0,0.0,0.0,0.0,0.0,0.0,0.0041895702665597,0.001928545563316,0.0975198242114203,0.236698784500103,0.0,0.0,0.0,0.0,0.0,0.0,0.0,0.0,0.0,0.037385189726525,0.0,0.0,0.0,0.0,1.4248439017707,0.118050486439046,0.160254089502546,0.0,0.0,0.0012905988242478,0.0,0.0,0.0,0.0,0.0,0.0178038017174077,0.0,0.0,0.0,0.0,0.0,0.0,0.0,0.0840898950631144,0.0,0.0036312966995762,0.0107932840081372,0.0,0.0,0.0031831098141419,0.0,0.0,0.0,0.0,0.0,0.0,0.0,0.0,0.0049631322356094,0.0,0.0,0.0,0.0,0.0,0.0,0.0,0.0,0.007597523057314,0.0,0.0,0.0,0.0442232291164077,0.0,0.0,0.0,0.0,0.0350185604106564,0.0,0.215843417259174,0.0046524620549687,0.0,0.0,0.0,0.0,0.0,0.0,0.0,0.0,0.0,0.0106632126395354,0.0,0.098222906096917,0.211717058188655,0.0028850272365933,0.0,0.0531412065114251,0.0,0.0,0.0,0.0,0.0314430207060452,0.0,0.0,0.0,0.0,0.0,0.0,0.0684695113791751,0.0,0.0,0.16133780365039,0.0,0.0030995992203954,0.0028371153373188,0.0,0.0,0.0,0.239234034978268,0.0,0.0080377195579352,0.0,0.0,0.0024095007746721,0.0,0.028757683666943,0.0177417906834884,0.0,0.0,0.0,0.0,0.0924700856097554,0.0,0.0,0.0,0.0,0.0,0.0,0.0153328755852255,0.0,0.0,0.0,0.0,0.0,0.0060277712139371,0.0006615524220482,0.0673471728877102,0.0,0.0,0.0014128619036941,0.0,0.0,0.0,0.0,0.0,0.0,0.0,0.0081022354034229,0.0,0.0,0.0,0.0058472601522655,0.0,0.0,0.0054148803339943,0.0025059659219312,0.0,0.0,0.0,0.0,0.0,0.0019181388479918,0.0,0.0,0.0,0.0,0.0,1.12235384019584,0.0292127173481481,0.0,0.0,0.0,0.0,0.0,0.0,0.0,0.0,0.0,0.0,0.0,0.0,0.0,0.0,0.0,0.0,0.0,0.0,0.0,0.0,0.0,0.0,0.0,0.0,0.0,0.0,0.0,0.0,0.0,0.0,0.0,0.0,0.0,0.0060701762572738,0.0,0.0,0.0,0.0008064920458043,0.0051641692348153,0.0178217331473487,0.107840303288815,0.0,0.0,0.0,0.0,0.0,0.0,0.0,0.0022788257331741,0.0,0.0057055216140321,0.0,0.0,0.0,0.0,0.677421034988043,0.170693282435401,0.0,0.0,0.0,0.0,0.0,0.0,0.0,0.0,0.0,0.0202112332435212,0.0,0.0,0.0,0.0,0.0,0.0,0.0,0.016028679649436,0.0,0.0007072196200369,0.0,0.0007849279341576,0.0,0.0025653121183321,0.0,0.0,0.0,0.0,0.0,0.0,0.0,0.0,0.0,0.0,0.0,0.0,0.0,0.0,0.0211991003653012,0.0019309268971048,0.0,0.0,0.0,0.0,0.0,0.0,0.0,0.0,0.0,0.0,0.0047309638211573,0.0,0.0,0.0009247881968636,0.0,0.0,0.368130213972191,0.0,0.0,0.0,0.0,0.0,0.0,0.0013086330667605,0.0,0.01455731165501,0.0193080862687266,0.0,0.0,0.0021093090276164,0.0007241778623382,0.0,0.0,0.0,0.0090743379586114,0.0,0.0,0.0,0.0,0.0,0.0,0.0,0.0,0.0,0.0248313908091973,0.0,0.0,0.0,0.0,0.0,0.0,0.0016338238242674,0.0,0.0,0.0,0.0,0.0,0.0
FS,0.190770667282204,0.0,0.0,0.0067261339893812,0.0,0.0,0.14830309808959,0.224509095726186,0.0,0.0012748982673166,0.038474926486293,0.0,0.0,0.003322495751086,0.0310455884367806,0.0,0.0414134770213286,0.0,0.0,0.0316020275348429,0.0,0.672693094237827,0.0534269856310733,0.0286790445722894,0.0064226132214061,0.0363176532923042,0.0,0.0,0.0,0.0,0.0,0.108091508054391,0.0021931485924387,0.0,0.0151728086571062,0.0662362187121405,0.0039749447066295,0.0,0.0,0.0,0.0,0.0252884140024041,0.0,0.045268116544212,0.0029563470388582,0.193569955450289,0.268267151585666,0.0038896855802433,0.0,1.70804971322518,0.0,0.0,0.0627160630596555,4.59360160677038,0.20414965378292,0.695969956166465,0.0,0.0,0.692709750191893,0.0,0.0,0.0,0.040677700043224,0.389708950082899,0.0017051301513955,0.0,0.0,0.0,2.79760923930376,0.0,0.0,0.0,0.0,0.0173807159697603,0.0618274375975431,0.0,0.0116191767377957,0.0010814188671031,0.0,0.0,0.0,0.002493704605319,0.0,0.0,0.0,0.0,0.0196461511952153,0.0213731484788439,0.0,0.0014928227222166,0.197217834252991,0.0061011463069064,0.0,0.0045171779673326,0.0056152094848763,0.0,0.0,0.0,0.0046925733699032,0.0095370162556002,0.0,0.0,0.0,0.0,0.453651062134487,0.0,0.0,0.0,0.0008376983972406,0.0584397916492546,0.0407600605285623,0.004918111015594,0.0,0.0564922326108598,0.861641070118957,0.0045740419718564,0.0,0.0,0.0146607711920766,0.0032969655098151,0.123684275489587,0.0277556056799478,0.0006360911632269,0.0,0.0,0.0,0.0,0.320955820647318,0.0010572324553389,0.0,0.0007610166747182,0.0,0.0,0.0,0.0237315077298559,0.0011541667269302,0.0,0.0,0.0,0.0,0.0,0.0,0.0,0.0271468662452632,0.0606028008516634,0.0,0.0023364775410587,0.0,0.206513908816483,0.10452226667795,0.158868760972568,0.0092464272978159,0.0,0.0,0.0,0.0,0.0,0.0,0.0,0.0,0.0057864391267494,0.156587162843074,0.0,0.0,0.0,0.0110521647243461,0.0,0.517322271094781,0.0,0.189957331616268,0.0,0.0,0.0,0.0,0.0,0.0,0.0036820237049045,0.0,0.0,0.0,0.0153489693532197,0.0,0.0034242038818998,0.0,0.0,0.0213613300433182,0.159667076699562,0.0015094721071144,0.0,0.241128441777692,0.0,0.0,0.0,0.0,0.0,0.134649764853395,0.0,0.0,0.0022151633144538,0.0,0.0,0.0,0.0017668753457536,0.0023014240661959,0.0,0.0,0.0,0.117318544118082,0.0,0.0343028033313964,0.0,0.0,0.0,0.0,0.0,0.0199137082821928,0.0168999388653611,0.0,0.0026344914830892,0.0,0.0,0.0,0.0,0.0018415659189839,0.0,0.0146130367741492,0.0,0.0,0.0080712237610091,0.0,0.186622901297193,0.0169887254978577,0.0,0.0,0.0,0.0,0.0,0.0,0.0,0.0,0.0133416559365741,0.0012774536167591,0.0,0.004449003042959,0.0,0.0025175344945411,0.0,0.0,0.0,0.0,0.0067106613224228,0.0,0.0,0.0116257395192078,0.0,0.0457503590127553,0.0,0.0010730384645912,0.0,0.0,0.0,0.0168462029962302,0.0197651575893429,0.0,0.0,0.0,0.0,0.0,0.0,0.0,0.0,0.0,0.0,0.0065197561261021,0.0,0.0,0.0,0.0,0.0,0.0,0.0,0.0,0.0099601899347691,0.0,0.0,0.0,0.0007687616455488,0.0,0.0,0.0,0.0,0.0,0.0,0.0,0.0,0.0036561826917708,0.0038179643406094,0.0,0.0,0.0346944538068768,0.0,0.0,0.0071769235283867,0.0077664289660518,0.0,0.0,0.0,0.0,0.0011207607948261,0.0,0.0,0.0,0.0,0.0,0.0,0.0,0.0,0.0,0.0,0.0027927904819078,0.0,0.0,0.0,0.0,0.0017795488565409,0.0,0.0,0.0006780846910692,0.0,0.010796745904842,0.0,0.0,0.0,0.0,0.0,0.0,0.0069664071846655,0.0,0.0,0.0,0.0,0.0,0.0,0.0033587165061127,0.0,0.0,0.0,0.0,0.0,0.0048752755917489,0.0,0.0,0.0,0.0102983052761857,0.0,0.0,0.0,0.0,0.096273027369141,0.0,0.0012088938219663,0.0,0.0,0.0,0.0,0.0,0.0,0.0,0.0,0.0,0.0086340460690681,0.0,0.0,0.0,0.0,0.0,1.0369118229855,0.0,0.0,0.0,0.0,0.0,0.0,0.0016832956742389,0.0,0.0017899773568294,0.0013044885106297,0.0,0.0,0.0036560739266226,0.0,0.0,0.0,0.0,0.0564558155811592,0.0,0.0,0.0021332622098891,0.0037050369224101,0.0,0.0,0.0,0.0,0.0,0.0444747945858028,0.0,0.0,0.0,0.0,0.0,0.0,0.0,0.0,0.0,0.0,0.0,0.0242250512259146,0.0
GPe,0.0,0.0526172946804138,0.0046153421828803,0.0,0.0,0.0,0.165619955530325,0.0,0.0,0.0,0.0,0.0,0.0,0.0,0.0,0.0,0.0,0.0,0.0550613551682391,0.08505022073336,0.0,0.419255360249798,0.0,0.0151207063231681,0.0,0.0,0.0,0.0743756952202163,0.0,0.0,0.0,0.146350094543887,0.170526614846275,0.0,0.0,0.858285092057402,0.0,0.0,0.0569843659835604,0.0,0.0,0.0368615559293916,0.0,0.0,0.0,0.0779027630679198,0.0311877622864965,0.0092487661427006,0.0,0.0,0.0,0.0,0.266290932938979,0.0,3.5836336838644,2.8206040533579,0.0,0.0292926178765567,0.0,0.0,0.0,0.0235272228353398,0.009614211822091,0.0,0.0109147357325888,0.0,0.0021627186468533,0.0,10.5432056000126,0.0,0.0,0.0108640855874243,0.0,0.0,0.0,0.0049975158644742,0.0172596266318353,0.0045528230027657,0.0,0.0,0.0,0.0,0.0,0.257567499824128,0.0,0.0,0.0132185124815762,12.2235706345298,0.0,0.890899591290477,0.0,0.0179899441431819,0.0,0.246062598855691,0.216479171833568,0.0,0.0,0.0,0.0148644117402745,0.00078042917429,0.0,0.0,0.0,0.0,0.271534225953708,0.0,0.0,0.0,0.005333507249991,0.183769117391818,0.0093757832498579,0.0754137120459824,0.0,0.0071282036873627,0.021045590200609,0.0072996300546948,0.0,0.0,0.0,0.0013926586291083,0.0,0.438090729700402,0.0,0.0,0.0,0.0033914642765402,0.0,0.0,0.0675379189174965,0.0,0.0832433104802865,0.292177857014484,0.0,0.0,0.157553615627724,0.0018586992490345,0.0,0.00080424973101,0.0,0.0,0.009258942170711,0.0,0.1012048769556,0.0568363420645163,0.0,0.0,0.0,0.0,0.24525841261727,0.0390015374153037,0.641781853054145,0.0851467425061282,0.0,0.0404277731427393,0.0009522050402209,0.0463276161521264,0.146157709307154,0.0,0.0127887908268858,0.0,0.0,0.0,0.0,0.0,1.17616092953662,0.0944441885719152,0.994252829810872,1.1014205616179,0.0,4.7440054461774,0.0,0.0,0.0,0.0,0.0657176664290348,0.0,0.321200340852135,0.146468225109719,0.189545308873346,0.134246611928789,0.156683654616589,6.36322925890848,0.0025823889586505,0.0,0.0058633014421035,0.10105275942749,0.0054786203683327,0.0022079577998327,0.0,0.0,0.0062072450727879,0.0,0.0,0.0,0.0,0.231726422255144,0.142625980746544,0.0286423302309302,0.0138976316055458,0.001892883566453,0.0026407947821704,0.0036517602633935,0.160654539132696,0.0054087635948335,0.0,0.387454269227009,0.211241827930306,0.0,0.0,0.0,0.0,0.0,0.0,0.0,0.0,0.0035070408088092,0.0,0.0,0.0058667089785436,0.0,0.0,0.0,0.0006615800113616,0.0,0.0,0.0118617337102159,0.0,0.0,0.0016116441687711,0.0,0.0163456127152566,0.0,0.0,0.001930343925367,0.0,0.0,0.0,0.0,0.0,0.0,0.0276255813711385,0.0119009338529542,0.0,0.0,0.0,0.0,0.0,0.0128392813948846,0.0,0.0,0.010134836633227,0.0006314526244774,0.0044372550087274,0.0,0.0,0.0018190925364418,0.0025463779238526,0.0,0.0,0.0,0.0,0.0120024746782101,0.0,0.0,0.0,0.0,0.0,0.0,0.0,0.0,0.0011824607689876,0.0,0.0307314418635557,0.030117524707128,0.0,0.0014996638737163,0.0,0.0,0.0,0.0,0.0,0.0,0.0028738179299527,0.0,0.0,0.0,0.0087132693649023,0.0,0.0,0.0,0.0,0.0,0.0,0.0,0.0,0.0,0.0,0.0019909247647379,0.0,0.0011645261252469,0.0,0.0,0.0057967114830431,0.0054224773713819,0.0,0.0,0.0,0.0016389767673564,0.0,0.0,0.0,0.0,0.0,0.0058571469874328,0.0,0.0,0.0,0.0055425173307322,0.0053549821672349,0.0009617198668117,0.0,0.0,0.0,0.0,0.0036866339196448,0.0,0.0,0.0,0.0,0.0022893804250397,0.0,0.0,0.0,0.0045689438681044,0.0022013667192633,0.0,0.0,0.0,0.0,0.0010011092763492,0.0,0.0,0.037601424042021,0.0378002258291478,0.0,0.0,0.0049191339881617,0.0,0.0,0.0052248248844524,0.0,0.0,0.0,0.0021179418597798,0.0,0.0,0.0,0.0637957789070377,0.08922247370971,0.0,0.0026876104596582,0.0,0.0,0.0,0.0,0.0,0.0,0.0,0.0,0.0,0.0,0.0,0.0,0.0,0.0,0.0,1.53549364398256,0.0,0.0,0.0,0.0015044619188568,0.0,0.0,0.0,0.0,0.0,0.0,0.0,0.0,0.0,0.0007432349678712,0.0,0.0,0.0,0.0032828859401666,0.0,0.0031970587031896,0.0,0.0,0.0,0.0,0.0,0.0,0.0,0.0070324636429999,0.0,0.0,0.0009415807991028,0.0,0.0,0.0,0.0,0.0020471668622718,0.0,0.0,0.0,0.0385654629978112,0.0
GPi,0.0707096284037306,0.0111369620885894,0.0192923833810734,0.0,0.0,0.0008802111861929,0.0697654126757524,0.0,0.0,0.0,0.0,0.0,0.0,0.0,0.0,0.0,0.0,0.0,0.0016860591141966,0.0114540810381961,0.0,0.0023066227996952,0.0,0.0097104303546015,0.0018054019298731,0.0,0.0,0.040349120479892,0.0,0.0509881173556705,1.47552712211706,0.111559862653279,0.0,0.0,0.0,0.22970035627429,0.0,0.0,0.0089100847378781,0.0,0.0,0.056129106332902,0.0,0.0,0.0,0.0,0.0012107269905053,0.0009694085155888,0.0,0.0,0.0,0.0,0.0417631987001618,0.787266213416867,0.701124562022494,3.95879698378034,0.0,0.0116908705289235,0.0,0.0,0.0,0.0053729621133928,0.0013649806465272,0.0,0.010809628401923,0.0,0.0,0.0,2.41167719036067,0.0,0.0,0.0,0.0,0.0,0.0,0.0,0.0039763213351467,0.0014992629895803,0.0,0.0,0.0,0.0,0.0,0.00469655673213,0.0,0.0039131545407526,0.0172953745101757,0.135881927691419,0.0,0.035160214532173,0.0,0.0077840955006204,0.0,0.126742306656219,0.071470170375067,0.0009249169550983,0.00340544743954,0.0,0.0125070936974047,0.0,0.0010338215760865,0.0,0.0,0.0,0.002791321034579,0.0,0.0,0.0,0.0088803322233238,0.0648298964657819,0.0041427122427365,0.022293988255186,0.0,0.0050973266702505,0.0057144902109136,0.002789835690949,0.0,0.0,0.000729165261116,0.001701854944553,0.0019325504309551,0.0448256937710102,0.0,0.0,0.0,0.0059625502722122,0.0,0.0,0.0124361160278398,0.0,0.002226018377383,0.0,0.0,0.0,0.158418858160576,0.0,0.0,0.0014089508427012,0.0014202132334368,0.0,0.0007631153342652,0.0065645366141181,0.0209060505657933,0.04817031851315,0.0,0.0,0.0,0.0,0.519265593570114,0.0,0.0,0.001548812130288,0.0,0.0029683642873379,0.0,0.0124643085689989,0.112672085543827,0.0,0.0090404963627629,0.0,0.0,0.0,0.0,0.0285373451671872,0.352491369429894,0.116982323724408,0.0,0.312029644091815,0.0,1.38950894701674,0.0,0.0,0.0,0.0,0.0,0.0,0.166786840121944,0.0474079828263793,0.0090999410385972,0.0280030199746596,0.0273640602337634,2.09687280711189,0.0030834426167465,0.0,0.0078884221972123,0.0055874556403029,0.0010943028410682,0.0018007148261799,0.0,0.0,0.0098808478228696,0.0,0.0,0.0,0.0,0.0385992701947206,0.0058784450774307,0.0,0.0,0.0,0.0020672797087778,0.0091729117571956,0.0010502533187501,0.0310223832763928,0.0,0.0016556838891117,0.0109403831611136,0.0,0.0,0.0,0.0,0.0,0.0,0.0,0.0,0.0,0.0,0.0,0.0,0.0,0.0,0.0,0.0,0.0,0.0,0.0,0.0,0.0,0.0,0.0,0.0,0.0,0.0,0.0006432204743154,0.0,0.0,0.0,0.0,0.0,0.0,0.0082761414931349,0.0,0.0,0.0,0.0,0.0,0.0,0.001046549951436,0.176306978151983,0.0,0.0079986814319417,0.0011238836409127,0.0007446906885971,0.0,0.0,0.0,0.0,0.0,0.0,0.0,0.0,0.0,0.0,0.0,0.0,0.0,0.0,0.0,0.0,0.0,0.0,0.0,0.0,0.0277702461170217,0.0,0.0,0.0016841212802208,0.0,0.0,0.0,0.0,0.0,0.0,0.0,0.0,0.0,0.0027229448273296,0.0,0.0,0.0,0.0,0.0,0.0,0.0,0.0039584410560534,0.0,0.0067229035910713,0.0,0.0,0.0,0.0,0.0015281218060035,0.0,0.0008638368210768,0.0,0.0,0.0,0.0008099005580835,0.0,0.0,0.0,0.0,0.0,0.0,0.0,0.0,0.0,0.0037072890843468,0.0,0.0,0.0,0.0,0.0,0.0,0.0012244991709797,0.0,0.0,0.0,0.0,0.0,0.0,0.0,0.0,0.0,0.0010862855813486,0.0,0.0,0.0,0.0,0.0,0.0,0.0,0.0009851886884686,0.0323632157916582,0.0,0.0,0.0031193600159378,0.0009418951940317,0.0,0.0036237463059666,0.0,0.0,0.0,0.0006055190477434,0.0,0.0,0.0,0.0362268813577664,0.0026186754342021,0.0,0.0010472076040491,0.0,0.0,0.0,0.0,0.0,0.0,0.0,0.0,0.0,0.0,0.0,0.0,0.0,0.0,0.0,0.178329364841551,0.0,0.0,0.0,0.0007564671158995,0.0,0.0,0.0,0.0,0.0,0.0,0.0,0.0,0.0,0.0,0.0,0.0,0.0,0.0,0.0,0.0024539368488195,0.0,0.0,0.0013584984869211,0.0,0.0,0.0,0.0,0.0,0.0,0.0,0.0,0.0,0.0,0.0,0.0,0.0007860432791789,0.0,0.0,0.0,0.0109693853680329,0.0
GRN,0.0267063385737615,0.0026881796811544,0.0,0.0,0.0,0.0,0.0,0.0,0.0,0.0,0.0,0.0,0.0,0.0,0.0,0.0040020893537824,0.0,0.0,0.0,0.0,0.0,0.0,0.0,0.0056441641977635,0.0,0.0,0.0,0.0242817694567453,0.0010333830451628,0.0,0.351581026143099,0.62871560896374,0.0,0.0,0.0,0.0,0.0104616844085231,0.0,0.0,52.7161511872244,0.0080480184279968,0.0076748318565265,0.0,0.0,0.0,0.0,0.0,0.0,0.0,0.0,0.0,0.580394056747463,0.0,0.0,0.0169628954200971,0.0,2.7154105749321,0.0,0.0107759248528308,0.0,0.0271151420127457,0.0068683145905032,0.0,0.0,0.0,0.00717580298984,0.0,0.288998788386855,0.0,1.50982053602306,0.0,0.0,0.0,0.0,0.033175037337999,0.0040608716070757,0.0050434347733267,0.0,0.0008605870711703,0.0,0.0013561440609469,0.0,0.214201899072272,0.0,0.15380403620282,0.0,0.0038912266656829,0.0,0.0,0.0,0.0,0.0,0.0,0.13306173647046,0.0836738226946725,0.0,0.0114691006427189,0.0018642361643024,0.224806846893514,0.0,0.86954734689171,0.0,0.0,0.196023363832192,0.0,2.33290788244254,0.0,0.0,0.338873324879872,0.0380087442290684,0.0,0.0070772862358605,0.0018196237144371,0.0,0.0,0.12871588596922,0.0,0.466621020672677,0.0784693677099709,0.0522044162983133,0.0009317728582331,0.0,0.0,0.0,0.0,1.23819084606511,0.0,0.0,0.0092635477980395,0.0,0.0032005419369808,0.0,0.0,0.0,0.0942173054550272,0.0,0.0,0.27373433712582,0.612101444625735,0.637935457554414,0.218505692277547,0.0,0.0179615155743257,0.0016237217652262,0.0,0.0,0.0,0.0,0.0061314167282894,0.0,0.0,0.266132732587952,0.0,0.0029776658313513,0.0,0.0031811030099215,0.0092812200447116,0.0,0.0332791815645027,0.0,0.0,0.0,0.0,0.0,0.0,0.0374960278757675,69688.8664323969,0.0009685025218192,0.0,1.08241862933978,0.0,0.160652509909772,0.372547529196866,0.611756524259193,0.0329245028043825,0.0,0.0264388349141878,0.0062823006374205,0.0126554083328118,0.0109769524854693,0.0212189735566718,0.0175185026036434,0.0011011476451132,0.0,1.28765949134427,0.0,0.0,0.024407895490595,0.0,0.0,0.0,0.0,0.0,0.0,0.0,0.007258416132785,0.0305167907575897,0.0064539559125039,0.0,0.0,0.000988604698844,0.0,0.0471245875537922,0.0,0.0362982602728488,0.0016779408721284,0.0,0.0,0.0904090868537795,0.0010120750253196,0.0059567808605583,0.0,0.0,0.0,0.0,0.0,0.0,0.0,2.28938504980408,0.0,0.0,0.0,0.0,0.0,0.0,0.0,0.0,0.0,0.0,0.0,0.0,0.0024998137131286,0.0023052320628707,0.0,0.0,0.0,0.0,0.0009195269972766,0.0,0.864114755407451,0.911226285285441,0.0,0.0016911063384397,0.0,0.0019807433605399,0.0,0.0,0.0099537243267483,20.5485271055024,0.0183789086726483,0.010048114496267,0.759095876899129,0.0,0.0,0.0,0.0,0.0,0.0,0.0,0.0,1.40783889801806,0.0,0.0,0.0026346603290204,0.0,0.645836654637238,0.0,0.0,0.0023490864612522,0.0,0.006793763324108,0.0,0.0,0.0,0.0225586374653289,0.0,0.397161176079448,0.0,1.01722488919208,0.0,0.0,0.0,0.0,0.004550889823382,0.0,0.0016777459022387,0.0,0.0016580229979047,0.0,0.0,0.0,0.846657505088534,0.0,0.377923749104277,0.0,0.0,0.0,0.0,0.0,0.0,0.0,0.0,0.206513176406182,0.118428972492119,0.0,0.0029469744413505,0.0006973589372638,0.10695286475288,0.0,0.293528199110809,0.0,0.302070444384065,0.309061182429528,0.0,7.52181890784919,0.0,0.0,0.582812847047259,0.057331637083649,0.0,0.0108337140260502,0.0006058032827782,0.0,0.0,0.0164958774539227,0.0,0.271401344774207,0.0381763863346751,0.0,0.001209493901882,0.0,0.0,0.0,0.0,0.351743417763553,0.0,0.0,0.0130546772469939,0.0,0.0,0.0,0.0,0.0,0.0171028277585567,0.0,0.0,0.261289081556723,0.456137864282955,1.25663931323676,0.0837645594425617,0.0,0.0,0.001489074785787,0.0,0.0,0.0,0.0,0.0,0.0,0.0,0.0802178304921686,0.0,0.0,0.0,0.0006606223094841,0.0042149097070649,0.0,0.175200742239524,0.0,0.0,0.0,0.0,0.0,0.0,0.0055716994568477,0.0,0.0045447997166643,0.0,0.0,0.146033202107619,0.135656498786734,0.465662185333732,0.718301585079901,0.0698998494963496,0.0,0.101466419353919,0.0366193392506389,0.0115965257991369,0.0,0.0646078145795182,0.0020993817917408,0.0,0.0,0.0,0.0,0.0,0.0,0.0,0.0,0.0,0.0,0.0,0.0027114263123059,0.110422401663243,0.0162473280873006,0.018659698673523,0.0080825246265705,0.0,0.0,0.0182751093261631,0.0,0.0038252878031471,0.0007189663793075,0.0,0.0011556988471319,0.0,0.0305010745620637,0.0
GU,0.16386001172845,0.0073761572802749,0.0027811807654894,0.0,0.0,0.0,0.203883338993562,0.0,0.0184786273792039,0.0,0.0,0.0,0.0,0.0,0.0016899288385996,0.0008337252807642,0.0,0.0,0.0,0.0489204956209419,0.0,0.317671972347246,0.0104981362193846,0.0022503728388647,0.0096976937510975,0.0,0.0024368635624034,0.0167832064224661,0.0099062971268702,0.0,0.0,0.0131338207688989,0.0,0.0,0.0,0.0346348786308348,0.0054267487652543,0.0079278732568912,0.0112222379848225,0.0,0.0034364474942384,0.0,0.0,0.0276896296027929,0.0097972006845625,0.034823124120391,0.128156836909829,0.0091116656503641,0.0145757135707816,0.0,0.0,0.0008883747547616,0.405974934057332,0.350360776519342,0.115953786463843,0.0,0.002177747733692,5.83601825256096,0.0,0.0040825470071591,0.0013011127386777,0.0,0.0,0.0,0.0,0.0039978789086236,0.0,0.0015344604441121,0.0,0.0077939187817722,0.0037282687412054,0.0,0.0,0.0,0.0326297001185434,0.0,0.0010356666277005,0.0,0.0057572734864024,0.0,0.0052671391349347,0.0,0.0042931484272662,0.102950408909455,0.0017532510258759,0.0,0.0,0.240625899130625,0.0,0.0110190969364385,0.0,0.0198316257883598,0.0,0.0883909971296736,0.0800548305069004,0.0,0.0007802853859369,0.0112574581285724,0.0007055765181585,0.0007219616313363,0.0019199510229464,0.0,0.0007821819103053,0.0,0.0351046239029235,0.0039932755091837,0.0,0.0,0.0169497024871138,0.0997383987988836,0.0388057077953378,0.0365642935718594,0.0,0.0127254461408315,0.043142111305413,0.0010636165049708,0.005045238836694,0.0,0.0224515561552079,0.0,0.0,0.0430803337950126,0.0227230785737068,0.0,0.0,0.0032709393415022,0.0,0.184633861041206,0.0745190837162697,0.0089517618215649,0.0828770007123305,0.0,0.0701081476556211,0.0,0.0,0.0050221710788382,0.0,0.0009163086755537,0.0008317173137151,0.0,0.0,0.0,0.007230519452851,0.0,0.0273510925156973,0.0,0.0023774996943576,0.0,0.0,0.0,2.00510756295529,0.0,0.0,0.0027912105412569,0.0029799445228079,0.0,0.0206520604484789,0.0,0.0,0.0020275381370172,0.0,0.0231462316399065,0.0102236458334001,0.0,0.0,0.0048105928255621,0.0,5.91814514225517,0.0,0.270968625189283,0.0016673139152229,0.005232187816301,0.0,0.0,0.0,0.0,0.490572255720992,0.0,0.0,0.0,0.518182234300105,0.117614149251199,0.0,0.0353278505780243,0.0,0.125606068775815,0.160143693026262,0.0020505311170959,0.0021407403386828,0.0026437422556582,0.0,0.0,0.0,0.0035094234838493,0.0,0.652092497017025,0.0,0.002185623462691,0.0105824451539234,0.0008132560972549,0.0108428921288658,0.0042182802782855,0.135231011650926,0.0,0.0,0.332071797719941,0.0,0.003858779186561,0.0,0.0284114828817951,0.135941465407211,0.0,0.0,0.0012499372671643,0.0,0.369571635270612,0.0472734836690964,0.0,0.0,0.0,0.0,0.0,0.0,0.0,0.0,0.0,0.0,0.0,0.0081935572756824,0.0,0.211484626298181,0.0,0.0008017638708346,0.008660322450765,0.0,0.0013786232213215,0.0,0.0016634752378348,0.0090855527582503,4.57214346896655,0.0,0.0014770817843219,0.0036913303731483,0.0,0.0075580913195939,0.0076206073276135,0.0017434507687884,0.0,0.0,0.0026289143941088,0.0,0.0055215722855024,0.0093165936499886,0.0006481840047929,0.0170200850831944,0.0114149856056775,0.0,0.0,0.0,0.0,0.001326994920391,0.327357666917797,0.0888719804774997,0.0006618587572445,0.0,0.0,0.0,0.0,0.0006723759962622,0.0,0.0,0.0,0.0,0.0,0.0,0.0,0.0012018929643312,0.006257068033567,0.0013582971652795,0.0017567523745799,0.0,0.0,0.0,0.0,0.0,0.0,0.0,0.0050886377528847,0.0,0.0014005474936003,0.0,0.0034180139966646,0.0,0.0013358989663885,0.0,0.0,0.0273841127189643,0.0,0.0063938579794641,0.0,0.0056200440605163,0.0,0.128761559082713,0.129182374885295,0.0,0.0,0.0006483370679525,0.0,0.0,0.0007141257480137,0.0,0.0,0.0,0.014006560795673,0.005069834923826,0.0,0.0,0.0027218058391732,0.0,0.0446539421179021,0.0449278648945616,0.0,0.0,0.0,0.0009680845169837,0.0019852156786703,0.0,0.0008140588498182,0.0011438388602121,0.0160833670632892,0.0010301414272432,0.0029572657034651,0.0,0.0,0.0,0.0,0.0,0.100462411522686,0.0,0.0049294051824994,0.0,0.0472284729925404,0.0,0.0044610158185167,0.0051747289916146,0.0,0.0,0.0,0.0,0.0023907983554287,0.0,0.005166947643187,0.0,0.0056745893643179,0.0,0.0,0.0,0.0,0.0218967383789258,0.109294382435738,0.0,0.0,0.0013945191019719,0.0,0.0,0.0,0.0,0.0,0.0015082297672047,0.0,0.0027265963300009,0.0033140020224252,0.0,0.0,0.0,0.0,4.03187155696215,0.0,0.0049165733018902,0.0,0.0031130933973073,0.0,0.0,0.0,0.0,0.376502215208367,0.0030302312068173,0.0006486002710097,0.0,0.104942606860806,0.0037342018865199,0.0,0.0,0.0018039844591212,0.0216167544328523,0.0,0.0,0.0,0.0,0.0,0.0,0.0,0.0023723971484753,0.0,0.273569265242799,0.0013111740323788,0.000868013932877,0.0020074842488399,0.0,0.0018622294300206,0.0,0.0027412443874778,0.0,0.0,0.0021925769422177,0.0,0.0,0.0006401308372176
IA,0.0,0.0,0.0,0.0007494454775056,0.0,0.0026899132424109,0.0118212596519314,0.0060480490967391,0.0,0.0,0.0,0.0,0.0,0.0,0.005594042159087,0.0,0.0979785012180591,0.0,0.0,0.0080228591212462,0.0,0.120687025957708,0.161224864640903,0.0118979617314633,0.0194653743916448,0.278249796083308,0.0,0.0,0.0,0.0,0.0,0.0178564066605931,0.0,0.199974396668679,0.0965847416991744,0.0011207389994268,0.0010415946964538,0.0,0.0,0.0,0.0,0.0403512744303638,0.0,0.0213701534496533,0.0,0.0,0.0848905256935049,0.0268104977259951,0.182811976204119,2.02106887444868,0.0,0.0,0.0017157611115075,0.0687088645304648,0.0042941829328859,0.129596648121361,0.0,0.0040264814091389,1.21655114225697,0.0,0.0,0.0,0.0285549317744726,0.0,0.0,0.0,0.0,0.0,1.64166991313207,0.0,0.0,0.0,0.0,0.0210148848731074,0.0342805325425323,0.0,0.0,0.0,0.0,0.0,0.0078406900576397,0.0512507382436272,0.0,0.0,0.0,0.0,0.0324231392869934,0.0038172936258507,0.0,0.0020868223378888,0.015622361769076,0.0044410245998063,0.0009586834007221,0.0,0.0,0.0016611356701027,0.0010179461723347,0.0,0.0011995511396253,0.01029105061968,0.0,0.0143091017075062,0.0,0.0,0.691375226026684,0.0,0.0,0.0,0.0,0.0017084060295107,0.0117887161267496,0.0,0.0355219470888281,0.171567730091978,0.308695260698391,0.0,0.0,0.0,0.002547925926574,0.0009725313959446,0.116888919372005,0.0,0.0,0.0,0.0,0.0,0.0,0.0529188424519753,0.0,0.0,0.0,0.0,0.0,0.0,0.0012554153001041,0.0,0.0,0.0,0.0,0.0,0.0,0.0857247325454802,0.0046738241825895,0.0426855381998694,0.065832550055522,0.0,0.0,0.0,0.16302240122777,0.0831546786991634,0.0,0.0,0.0225702268436027,0.0,0.0,0.0,0.0,0.0,0.0,0.0,0.0113456925092195,0.002601353521624,0.0,0.0,0.0,0.0,0.0,0.174730107493891,0.0012870815193721,0.559746699165563,0.0,0.0,0.0,0.0,0.0,0.0,0.0,0.0,0.0,0.0,0.0,0.0,0.0017544850178565,0.0,0.0,0.0244841016445271,0.16490925078655,0.0,0.0,0.119912889968211,0.0,0.0,0.0,0.0,0.0,0.0347378089220086,0.0,0.0,0.0,0.0,0.0,0.0,0.0,0.0030935481541447,0.0006820249813801,0.0,0.0,0.0097347289655779,0.0,0.0043252622937304,0.0,0.0,0.0,0.0,0.0,0.0,0.0,0.0,0.0,0.0,0.0,0.0,0.0,0.0,0.0,0.0321752801106448,0.0,0.0,0.0,0.0,0.0092566946123247,0.0020421360641027,0.0,0.0,0.0,0.0,0.0,0.0,0.0,0.0,0.0,0.0,0.0,0.0131588861529521,0.0,0.0016134680534564,0.0,0.0,0.0,0.0,0.0125487259435243,0.0,0.0,0.0,0.007600734537293,0.0062022019902269,0.0,0.0044148376152334,0.0,0.0,0.0,0.0007729445594988,0.0040056521091961,0.0,0.0,0.0,0.0,0.0013012014248499,0.0,0.0,0.0,0.0,0.0,0.0009212757739511,0.0,0.0,0.0,0.0,0.0,0.0,0.0,0.0,0.0075157441898577,0.0,0.0,0.0,0.0,0.0,0.0,0.0,0.0,0.0,0.0,0.0,0.0,0.0007225589489743,0.000628933357743,0.0,0.0,0.0190048417221034,0.0,0.0,0.0,0.0,0.0,0.0,0.0,0.0,0.0046654084032758,0.0,0.0,0.0,0.0,0.0,0.0,0.0,0.0,0.0,0.0,0.0,0.0,0.0,0.0,0.0,0.0,0.0,0.0,0.0,0.0,0.0,0.0,0.0,0.0,0.0,0.0,0.0,0.001787617187602,0.0,0.0,0.0,0.0,0.0,0.0,0.0,0.0,0.0,0.0,0.0,0.0,0.002457007389486,0.0,0.0,0.0,0.0070353274705663,0.0,0.0,0.0,0.0053567001111528,0.0707342539328012,0.0,0.0,0.0,0.0,0.0,0.0,0.0,0.0,0.0,0.0,0.0,0.0011047363196952,0.0,0.0,0.0,0.0,0.0,0.0307954233425722,0.0,0.001711076566258,0.0,0.0,0.0,0.0,0.0,0.0,0.0,0.0,0.0,0.0,0.0,0.0,0.0,0.0,0.0,0.0020927839745515,0.0,0.0,0.0045197417660513,0.0016223863224102,0.0,0.0,0.0,0.0,0.0,0.0027975839434656,0.0,0.0,0.0,0.0,0.0,0.0,0.0,0.0010436222131351,0.0,0.0,0.0,0.00252606909289,0.0
ICc,0.0,0.0,0.0,0.0,0.0,0.0,0.0,0.0,0.0,0.0,0.0,0.0,0.0,0.0,0.0,0.0,0.0,0.169135476213937,0.211486960019889,0.0,0.0,0.0,0.0,0.0,0.0,0.0,0.0,0.0,0.0,0.0,0.0021864429410503,0.0,0.0,0.0,0.0,0.0,0.0,0.0,0.0279721427013099,0.0,0.0,0.0037646973037549,0.0,0.0008594497605802,0.0,0.0029115175364093,0.0,0.0,0.0,0.0,0.0,0.0,0.0,0.0,0.0,0.0,0.0,0.0,0.0,3.03544597632156,1.61008845354027,1.94267853959061,0.0006942568520222,0.0,0.0155939863488669,0.0,0.0,0.0,0.0,0.0,0.0,0.0,0.0,0.0,0.0,0.0,0.0,0.0,0.0,0.0,0.0,0.0,0.0,0.0,0.0,0.010289614047967,0.0,0.0414231628935244,0.0006777024155341,0.0,0.0,0.0,0.0,0.0,0.0,0.0,0.0,0.0,0.0118008669093374,0.0,0.0,0.0,0.0,1.9925359426882,0.0,0.0006604659641905,0.0,0.0,0.0024895453815078,0.0,0.0,0.0,0.0,0.0,0.0,0.0059553142992112,0.0,0.0,0.0,0.0,0.0,0.0,0.0,0.0,0.0,0.0013034228099694,0.0,0.0,0.0,0.0,0.0,0.0,0.0,0.481187496470439,0.0,0.0,0.0,0.0007485006851018,0.0,0.0,0.171814126745151,0.0,0.0,0.0,0.0,0.0,0.0,0.0,0.0236408776747969,0.0,0.0,0.0,0.0,0.0,0.0,0.0,0.0,0.0,0.0,0.0041290209495563,0.0,0.0,0.0,0.0,0.0,0.0,0.0,0.0,0.0,0.0,0.0,0.0006557547934383,0.0042632817591485,0.0020492048756543,0.0009764727127271,0.0008890049860462,0.0,0.0,0.0036908591520273,0.0,0.0,0.0,0.0,0.0,0.0,0.0,0.0,0.0,0.0,0.0,0.0,0.0,0.0,0.0,0.0,0.0,0.293589953404987,0.0022793920280083,0.0,0.0,0.0030954596553865,0.0,0.0,0.0007700975662819,0.0,0.0,0.0,0.0,0.0,0.0,0.0,0.0,0.0,0.0,0.0,0.0,0.0,0.0,0.0,0.0,0.0,0.0,0.0,0.0,0.0,0.0037758938684367,0.0,0.0142876385623909,0.0,0.0,0.0,0.0,0.0,0.0,0.0,0.0,0.0,0.0,0.0006805895805655,0.0018594249419341,0.0,0.0,0.0,0.0,0.0,0.0,0.0,0.0141160228466125,13.3580934435933,0.0,0.0033321781482736,0.0,0.0030711167553024,0.0,0.0,0.0,0.0,0.0,0.0,0.0,0.0,0.0,0.0,0.0,0.0,0.0,0.0,0.0,0.82120166074271,0.251322410695678,0.0364226808011624,0.0,0.0,0.0229246957392567,0.0,0.0,0.0,0.0,0.0,0.0,0.0,0.0,0.0,0.0,0.0,0.0,0.0,0.000753973893987,0.0,0.0,0.0,0.0,0.0,0.0,0.0,0.0,0.0007516010106933,0.0,0.0,0.0,0.0,0.0,0.0,0.0,0.0,0.0,0.0,0.0010913387221112,0.0,0.0,0.0,0.0,0.0,0.0,0.0,0.0018859656185154,0.0009915498406015,0.065181714545403,0.0,0.0,0.0,0.0,0.0,0.0,0.0,0.0,0.0,0.0,0.0,0.0,0.0,0.0101284862036368,0.0,0.0,0.0014252494295383,0.0,0.0,0.0,0.0,0.0,0.0,0.0,0.0080000251304435,0.0,0.0,0.0,0.0,0.0,0.0,0.0108848872465801,0.0,0.0,0.0,0.0,0.0,0.0,0.0,0.0229869312213603,0.0,0.0,0.0,0.0,0.0,0.0,0.0,0.0,0.0,0.0,0.0011064754612839,0.0,0.0,0.0,0.0,0.0,0.0,0.0,0.0,0.0,0.0,0.0,0.0065208431213523,0.0022464036775812,0.0,0.0,0.0006524329574326,0.0,0.0,0.0006628578114347,0.0,0.0,0.0038127424115245,0.0,0.0,0.0,0.0,0.0,0.0,0.0,0.0,0.0,0.0,0.0,0.922013630664629,0.0,0.0,0.002542670284211,0.0,0.0,0.0,0.0,0.0,0.0,0.0,0.0,0.0,0.0,0.0,0.0
ICd,0.0,0.0014197354656652,0.0,0.0,0.0,0.0,0.0,0.0,0.0,0.0,0.0,0.0,0.0,0.0,0.0,0.0,0.0,0.485916230003061,1.04814706458525,0.0,0.0,0.0,0.0,0.0,0.0,0.0,0.0,0.0,0.0337332732419663,0.0,0.0,0.0,0.0,0.0,0.0,0.0,0.0,0.0015381263352271,0.0604544600783742,0.0,0.0,0.0049934316931101,0.0,0.0013528906858075,0.0,0.0199749081377719,0.0,0.0,0.0,0.0,0.0,0.0,0.0,0.0,0.0,0.0,0.0,0.0,0.0,2.88835731697969,3.6792680506536,0.888686428914725,0.0133530578507242,0.0,0.0171309457017126,0.0,0.0,0.0,0.0,0.0,0.0,0.0,0.0,0.0,0.0,0.0,0.0,0.0,0.0,0.0,0.0,0.0,0.0,0.0,0.0,0.0094372767070234,0.0,0.110040630730904,0.0250575003323718,0.0,0.0,0.0,0.0,0.0013534813895507,0.0010081029734767,0.0,0.0,0.0,0.0320652983562489,0.0,0.0,0.0,0.0,1.73015716545681,0.0,0.0,0.0043050844474663,0.0,0.022281533042957,0.0,0.0,0.0013601889398025,0.0,0.0,0.0,0.0039116044425349,0.0,0.0,0.0,0.0,0.0036583005398684,0.0,0.0,0.0,0.0,0.0015683053459301,0.0,0.0,0.0,0.0010339480317163,0.0,0.0,0.0,0.883733348455297,0.0,0.0,0.0,0.0010937299738682,0.0,0.0,0.0941120784259002,0.0,0.0179842062511485,0.0,0.0,0.0,0.0,0.0,0.0501028118464859,0.0,0.0,0.0,0.0,0.0029438309632946,0.0,0.0,0.0,0.0,0.0,0.0132612263696386,0.0,0.0,0.0,0.0,0.0,0.0,0.0,0.0,0.0,0.0,0.0,0.0,0.0009092176435389,0.0,0.0,0.0078375564364867,0.0,0.0014645064604848,0.0221770739203524,0.0,0.0207550126517031,0.0,0.0,0.0,0.0,0.0172320419174155,0.0,0.0,0.0,0.0,0.0,0.0,0.0,0.0026316594121441,0.0,0.0,0.463370167228703,0.0054783300572342,0.0,0.0,0.0070744152556466,0.0,0.0,0.000630702149095,0.0,0.0,0.0,0.0,0.0,0.0,0.0,0.0,0.0,0.0,0.0,0.0,0.0,0.0,0.0,0.0,0.0,0.0,0.0,0.0,0.0,0.0014819764389912,0.0,0.194196150783905,0.0,0.0,0.0,0.0,0.0,0.0,0.0,0.0,0.0,0.0,0.0,0.003389164411929,0.0,0.0,0.0,0.0,0.0,0.0,0.0053569560949716,0.0344739860225233,10.134453043495,0.0,0.0067373106130179,0.0,0.0016868560111964,0.0,0.0028971079727974,0.0,0.0,0.0,0.0,0.0,0.0,0.0,0.0010037409080879,0.0009557379622574,0.0,0.0,0.0,0.0,1.23901920242712,0.978574177375481,0.260313372055569,0.0014141497731026,0.0,0.0624223811136051,0.0,0.0,0.0,0.0,0.0,0.0,0.0,0.0,0.0,0.0,0.0,0.0,0.0,0.0,0.0,0.0,0.0,0.0,0.0,0.0,0.0,0.0,0.0679485175868983,0.0,0.0,0.0011460633430162,0.0028040992842341,0.0,0.0,0.0,0.0,0.0,0.0,0.0089981822592948,0.0,0.0,0.0,0.0,0.0389135645148305,0.0,0.0,0.0,0.0258851053820268,0.146015332497898,0.0,0.0,0.0024445242616831,0.0,0.0,0.0,0.0,0.0,0.0,0.0,0.0,0.0051745305670547,0.0,0.0106811107441635,0.0,0.0,0.0083805400856554,0.0,0.0,0.0,0.0,0.0,0.0,0.0042659079136363,0.136150890247126,0.0,0.0,0.0,0.0,0.0,0.0,0.0,0.0,0.0011080465416259,0.0,0.0,0.0,0.0,0.0,0.0602105485472264,0.0,0.0,0.0,0.0,0.0011794840656067,0.0,0.0,0.0,0.0,0.0033540848891906,0.0078815085052249,0.0,0.0,0.0,0.0,0.0,0.0,0.0,0.0040775952692575,0.0,0.0,0.0,0.016210550899088,0.0021197218446535,0.0,0.0,0.0020433482967521,0.0,0.0,0.0114985318509685,0.0,0.0014563610828935,0.0,0.0,0.0,0.0,0.0135010562062394,0.0,0.0,0.0,0.0,0.0,0.0327496573815064,0.0,0.26061477149938,0.0020812154302559,0.0,0.013935439039639,0.0008324866561409,0.0,0.0,0.0,0.0,0.0,0.0013213156751487,0.0,0.0,0.0,0.0,0.0
ICe,0.0,0.0070348734488396,0.0,0.0,0.0,0.0,0.0,0.0,0.0,0.0,0.0007647556364756,0.0,0.0,0.0,0.0,0.0,0.0,1.13154918923696,1.65494748631207,0.0,0.0,0.0,0.0,0.0,0.0,0.0,0.0,0.0,0.0,0.0,0.0,0.0,0.0,0.0,0.0,0.0,0.0,0.0132260047416602,0.108345047780831,0.462229508290023,0.0016057060113491,0.0436721234421367,0.0,0.0,0.0,0.0,0.0,0.0111577348348538,0.0,0.0,0.0,0.0,0.0,0.0,0.0007579942226541,0.0104661817307236,0.0,0.0,0.0010613076771113,4.29191346077547,4.04987005346364,3.38150042950991,0.0304122117668627,0.0,0.0796359624556299,0.0,0.0,0.0,0.0245195658329347,0.0031580771909002,0.0,0.0,0.0,0.0,0.0,0.0,0.0,0.0,0.0039666617770327,0.0,0.0,0.0,0.0,0.0,0.0,0.0230997977991958,0.0,2.42311017070412,0.168576979837704,0.0,0.0,0.0,0.0,0.0071600710547272,0.0042140012735065,0.0,0.0,0.0,0.153801915353438,0.0,0.0020848304937501,0.0,0.0,2.28340216610207,0.0,0.0068148062780872,0.0420861678811792,0.0,0.0812143877131815,0.0,0.0,0.0059243595061322,0.0,0.0,0.0,0.0,0.0,0.0,0.0,0.0,0.0273864707530219,0.0,0.0046059491623011,0.0,0.0,0.004539070867098,0.0,0.0,0.0,0.0,0.0,0.0,0.0,8.43004079204317,0.0,0.0,0.0,0.0,0.0,0.0,0.113195216841438,0.0,0.137013211710098,0.0071376605202994,0.0,0.0,0.0,0.0,0.263789307651973,0.0,0.0,0.0,0.0,0.0142683363915583,0.0,0.0,0.0,0.0,0.15537473930375,0.126758270140076,0.0,0.0,0.0,0.0,0.0,0.0,0.0,0.0034522385054727,0.0,0.0,0.0,0.004471502378954,0.0111069955719918,0.0,0.0700001992356844,0.0715688508295504,0.0,0.0039508367066829,0.128479940773886,0.0,0.0382656757644573,0.0,0.0,0.0,0.0,0.0813022550871183,0.0,0.0,0.0,0.0,0.0063313577442938,0.0,0.0,0.0020894339379119,0.0,0.0,2.01496937031895,0.0292998622652994,0.0,0.0,0.0305381876226486,0.0,0.0007420468890154,0.0018729131248146,0.0,0.0,0.0,0.0,0.0,0.0,0.0,0.0,0.0,0.0,0.0,0.0,0.0,0.0,0.0,0.0,0.0,0.0,0.0,0.0,0.0,0.0,0.0057218237723537,0.019669477282499,0.0138363644539389,0.0,0.0,0.0,0.0,0.0006182851226577,0.0,0.0,0.0,0.0,0.0,0.0,0.0,0.0,0.0,0.0,0.0,0.0,0.0151637194533387,0.0509152929981244,40.7284215575675,0.0,0.0120753599339267,0.0,0.0021737715802339,0.0,0.0,0.0,0.0,0.0,0.0,0.0,0.0015220046038565,0.0,0.0,0.0009155299485417,0.0,0.0,0.0,0.0,0.843166361406943,0.351592053440814,0.360304627136179,0.0016055204215335,0.0,0.378246068347855,0.0,0.0,0.0,0.0,0.0006982178787417,0.0,0.0,0.0,0.0,0.0,0.0,0.0,0.0,0.0066552721147717,0.0,0.0,0.0,0.0,0.0,0.0,0.0,0.0,0.0653126668484356,0.0,0.0,0.0027210450832266,0.0033983070173351,0.0,0.0,0.0,0.0,0.0,0.0,0.0202645519234889,0.0,0.0,0.0,0.0,0.0410601201246783,0.0031989038885046,0.0,0.0,0.0621483157099223,0.729567490856955,0.0,0.0,0.0007640952250581,0.0,0.0,0.0,0.0,0.0,0.0,0.0,0.0,0.0009618273151406,0.0,0.0042065234211614,0.0,0.0,0.0263639489631816,0.0,0.0,0.0,0.0009943110196284,0.0,0.0,0.0164140303808231,0.0,0.0060830677258453,0.0,0.0,0.0,0.0,0.0,0.0,0.0,0.0030014295390677,0.0,0.0,0.0,0.0,0.0,0.0526880700896632,0.0,0.0,0.0,0.0,0.0017109450279733,0.0,0.0,0.0,0.0,0.0050478998629109,0.0043200543353109,0.0,0.0,0.0,0.0,0.0,0.0,0.0,0.0020537464861571,0.0,0.0,0.0,0.0712968473884016,0.0632324769580065,0.0,0.0,0.0022588594613798,0.0,0.0,0.0166898950861284,0.0,0.0024068522931785,0.0,0.0,0.0,0.0,0.0026015566719645,0.0,0.0,0.0,0.0,0.0015861243438875,0.0,0.0,0.555355272039841,0.0065617463924952,0.0,0.0053800799212462,0.0,0.0,0.0,0.0,0.0,0.0,0.0009631005382496,0.0,0.0,0.0,0.0,0.0
ILA,0.0,0.183439903733595,0.0581566709276833,0.005903946314132,0.0,0.0,0.0132261725936492,0.0,0.0643196383215743,0.0,1.0166986277486,0.0,0.0,0.0,0.0968189754948827,0.0,0.011746311230632,0.0017063833515599,0.0,0.136524896040255,0.004585860167519,0.735694289960551,0.0633298812329281,0.0,0.0560606319880761,0.345865209298963,0.0,0.0,0.000962615750063,0.0,1.48216046920399,0.0276995095070845,0.0,0.0,0.0027920926077344,0.0,0.0215243815510292,0.0,0.0,0.0,0.0063792653018442,0.0499217422966819,0.0,1.00249680944402,0.0024344849070288,0.0,0.263702038431004,0.0119738700657746,0.0,0.581947687587954,0.0,0.0,0.020172452632585,0.0948896737264617,0.0556508223203791,0.0,0.0,0.0315034970159619,0.0,0.0015953988162881,0.0008667368304841,0.0,2.91632510205896,0.788375910125413,0.0109874692744513,0.0,0.0,0.0,0.0656917386645652,0.0,0.0012355508025425,0.0,0.0,0.0,0.0044397011805072,0.0006878244384657,0.064781950364139,0.0,0.0,0.0,0.0546060921829956,0.0,0.0,0.188896710792514,0.0,0.0,0.0,0.0,0.0,0.0,0.367529814860633,0.0249881668088128,0.0,0.0006901533211011,0.004392417451285,0.0,0.0,0.0,0.0,0.0809614732956356,0.0,0.163945011466195,0.0817136680104553,0.0,0.336230907739376,0.000686687441453,0.0,0.0,0.0033259876348911,0.0209640006410831,0.769734244852755,0.0649676856238132,0.0,0.364297436800558,0.235670233032477,0.0,0.0,0.0,0.0015258148036998,0.0,0.0626279502520056,0.0,0.0,0.0,0.0,0.0,0.0,0.136677573997937,0.582811382057826,0.0,0.0,0.0072317713700659,0.0020406025123731,0.0,0.0021493397484892,0.003959741985952,0.0,0.0,0.0,0.0,0.0,0.584523373433078,0.0403744152112023,0.0,0.372135256476067,0.0,0.0012947604116353,0.0,0.0,1.26558303039751,0.0,0.0,0.0,0.0350760652447292,0.0,0.0291284301171363,0.0070139551953956,0.0,0.0,0.0,0.0905817010281264,0.032530998118287,0.0,0.0,0.0,0.0,0.0,0.0,0.0,0.0,0.0,0.0,0.0,0.0,0.0018696982997217,0.0156851738524057,0.0,0.0,0.0026155166490083,0.0,0.0054378390493891,0.0,0.0164678668255391,0.0,0.0,0.145123766752886,0.0541700386482153,0.0,0.0,0.289363651198417,0.0,0.0,0.0029397213896672,0.0,0.0,0.0667140655579195,0.0082663145395229,0.0524368638346017,0.009571258708613,0.0,0.0,0.0338585171193898,0.0239887373171548,0.0,0.0,0.0,0.0,0.063493782538452,0.0,0.0,0.0207176160944456,0.0173468011736269,0.0,0.0,0.0,0.0026643605912013,0.0070813225921826,0.0272901716408421,0.0028367297449281,0.0,0.0,0.0,0.0,0.0028094109120935,0.0009201522077627,0.0,0.0,0.0,0.0346937975207565,0.0,0.0400281824630788,0.0199002110076457,0.0,0.0019444754198678,0.0,0.0,0.0,0.0,0.0,0.0,0.0,0.0,0.0,0.0082006985040344,0.0,0.0218535040659529,0.0,0.0,0.0,0.0006783234847299,0.0034317340960959,0.0,0.0,0.0,0.0,0.0357529963846638,0.0,0.0,0.0126398421692927,0.0,0.0,0.0,0.0181989027550194,0.0,0.0,0.0,0.0,0.0,0.0074945130655216,0.0040657834239415,0.0,0.0873980050194452,0.0544632695545608,0.0012929107434073,0.0,0.0,0.0,0.0,0.0,0.0007295640032337,0.0,0.0,0.0093892528573427,0.0,0.0,0.0,0.0,0.0,0.0006605871319118,0.0,0.0,0.0,0.0,0.0,0.0,0.0030192951896873,0.0125097622242311,0.0,0.0,0.0,0.0039432402436046,0.0,0.0,0.0028152459909701,0.0,0.0,0.0,0.0,0.018449168532362,0.0,0.0099213566772577,0.0051331193418108,0.0,0.0,0.0,0.0,0.0,0.0021616597563634,0.0088430293997853,0.304110181549992,0.0,0.0016551180053483,0.00684090260484,0.0114032290676951,0.0,0.0,0.0,0.0,0.0,0.0549436827475775,0.0,0.0,0.0,0.0,0.0,0.0,0.0031327774285176,0.203892847997243,0.0,0.0,0.0,0.0,0.0,0.001796192296014,0.0,0.0,0.0,0.0,0.0,0.0,0.0,0.0015696596421836,0.0,0.0124978694147051,0.0,0.0,0.0,0.0,1.02295594433039,0.0,0.0,0.0,0.0006969990439516,0.0,0.0006468811471979,0.0,0.0,0.0,0.0,0.0,0.0007407227612583,0.0,0.0,0.0,0.0,0.0,0.0,0.0,0.0,0.0,0.0,0.0,0.0,0.001347505380003,0.0008968053326209,0.0,0.0,0.0,0.0,0.0013210743111559,0.0058132428972453,0.0023464127307547,0.0,0.0026499504801737,0.0325913649214544,0.0,0.0,0.0316062141354267,0.0529175122892449,0.0,0.0,0.0,0.0,0.0,0.0051251973925135,0.0,0.0013629197368014,0.0031569899850264,0.0,0.0,0.0013140820449366,0.0,0.0,0.0,0.0,0.0,0.0134014218717493,0.0
IMD,0.10081822423207,0.0047969893239296,0.0073605725132258,0.0010886619044856,0.0,0.0339241051221138,0.191828549876474,0.0,0.0,0.0,0.0,0.0,0.0,0.0,0.0024387997341991,0.0,0.139162766225131,0.0,0.0,0.0029856573904657,0.0,0.0,0.0,0.0215421866568679,0.0,0.0,0.0,0.0091703378184942,0.0,0.0,1.04041573089529,0.0691066994701583,0.175646945513882,0.0,0.0,0.0,0.0135002765956606,0.0,0.0,0.0,0.0,0.0459150099913168,0.0022160978161124,0.0,0.0030832473459547,0.0,0.0,0.0008072340165557,0.0,0.0189915235779659,0.0,0.0018484072136826,0.0711400572607624,0.0564403535633318,0.093141200707564,1.29574760208303,0.0,0.0792768914290347,0.0314237029687072,0.0,0.0,0.0042921725627135,0.0476088883955474,1.00004063607563,0.0060502092013692,0.0007494350268997,0.0,0.0,0.0,0.0,0.0,0.0,0.0,0.0,0.112543424079908,0.0006353834223683,0.0057828350519078,0.0041634769090003,0.0,0.0,0.0014693817986604,0.0085621138758501,0.0,0.0759784462052367,0.0,0.0011978081351594,0.0018442193354166,0.0,0.0,0.0,0.214877850457407,0.0089597958343196,0.0,0.0029841613084346,0.0110936079038799,0.0,0.0145974763276819,0.0,0.034724043028343,0.0,0.0,0.0090801903817905,0.0,0.0,0.0011302315332504,0.0018590263901396,0.0,0.123879127446555,0.0060322980657845,0.0737680854918015,0.0,0.0780512664452431,0.0,0.0,0.0054006059217199,0.0109270318893855,0.0,0.0019100916445768,0.0333719988738034,0.0391104320716981,0.0032391910757408,0.0,0.0,0.0026805169373969,0.0,0.0015906024377914,0.0,0.0,0.281425160252163,0.0,0.0,0.0,0.0,0.0,0.0786251729246401,0.0,0.0,0.0089136779545939,0.0,0.0,0.0029160947733504,0.0,0.0014877995564691,0.0,0.0056268960911763,0.0,0.0123010098023266,0.0,0.0281021997280314,0.0195199568938655,0.0,0.0,0.650786198870817,0.0015679421700049,0.0,0.0,0.118903057450366,0.117293952851197,0.0217206447581512,0.0,0.0047966866265211,0.0332784110001134,0.0,0.0,0.0531567483688995,0.0383342787020685,0.0,0.0,0.0,0.144769511503283,0.0,0.001013498282519,0.0,0.0,0.0006266280458453,0.0,0.0,0.0007689906521885,0.0013109678842621,0.0,0.002787872404678,0.0,0.002382343195272,0.0,0.0,0.0031154169716905,0.0,0.0,0.0,0.0,0.0,0.0,0.0,0.0,0.0,0.0619431857948424,0.0,0.0,0.0,0.0,0.0,0.0008832792310818,0.005299489677972,0.000730480819972,0.0,0.0,0.0,0.0,0.0006179252809678,0.0998527714975119,0.0,0.0057544894494198,0.0,0.0,0.0197209523119208,0.100356757457287,0.0,0.0,0.0017851797992161,0.0,0.0,0.0,0.0,0.0018897031037298,0.0,0.0754092573545719,0.0,0.0,0.0013852838053691,0.0,0.0,0.0,0.0116828960743655,0.0,0.0,0.0,0.0071115670483061,0.0,0.0,0.880619588192473,0.0389354049683193,0.0105088677437516,0.0,0.0,0.0,0.0054328041835049,0.0,0.0,0.0,0.0,0.025083068524318,0.0089827244273023,0.0,0.0035772311039059,0.0,0.0,0.0,0.0,0.0024037286669198,0.0,0.0019004375726774,0.0355008143471486,0.0225884262417535,0.0265255204757163,0.748321863494173,0.0,0.0356876784778891,0.0099219708523014,0.0,0.0,0.0022410843892244,0.0381727337429441,0.24100871882834,0.0052829011419262,0.0,0.0,0.0,0.0,0.0,0.0,0.0,0.0,0.0020628626971999,0.0656799759852558,0.0,0.0,0.0065823451746168,0.0,0.0,0.0031941689770299,0.0,0.0,0.0,0.0,0.0011725391080177,0.0009729609421903,0.0,0.0,0.0,0.158139807314973,0.0062724638684616,0.0,0.001094905649811,0.0052700003786242,0.0,0.0086791468662277,0.0,0.0170802392292084,0.0,0.0,0.0114889252821218,0.0,0.0,0.0,0.0,0.0,0.0240606080204082,0.0055716304611533,0.0406096009293244,0.0,0.0358894855135696,0.0,0.0,0.0023993001844309,0.006767903520648,0.0,0.0014352930268444,0.015747737364079,0.0201080730751397,0.001281856458634,0.0006990482640024,0.0,0.0,0.0,0.0008813853987579,0.0,0.0,0.160033807859892,0.0,0.0,0.0,0.0,0.0,0.0465768378762183,0.0,0.0,0.0044162891130184,0.0,0.0,0.0088680551586781,0.0,0.0,0.0,0.0096734465350424,0.0,0.0,0.0,0.0060013461551399,0.0272461811762954,0.0516891839142437,0.0,0.358883034956091,0.0013714782549196,0.0,0.0,0.0532978824537858,0.0822647663272546,0.0104673140442377,0.0,0.0,0.0087997657379161,0.0,0.0,0.0295631493080031,0.0146462825712975,0.0,0.660574474633526,0.0,0.0829093519982291,0.0,0.0,0.0,0.0,0.0006700763833648,0.0,0.0,0.0,0.0,0.0,0.0,0.0,0.0014756384848342,0.0,0.0,0.0023769279384719,0.0,0.0,0.001871498379271,0.0,0.0,0.0,0.0,0.0,0.0,0.040254742914159,0.0,0.0,0.0,0.0,0.0,0.0,0.0020773676398306,0.0,0.0,0.0,0.0,0.0,0.0
IO,0.0,0.0049851192452539,0.0,0.0,0.0,0.0,0.0,0.0,0.0,0.943103388510443,0.0,0.0,0.0,0.0,0.0,0.0044224243495684,0.0,0.0008466300949271,0.0,0.0,0.0,0.0,0.0057288717049994,0.0,0.0,0.000733798890072,0.0,0.0,0.0,0.0,0.128098156900395,0.0082881886333648,0.0,0.0051154997418419,0.0,0.0,0.0039798666116686,0.0,0.0,0.0,0.0055368045870527,0.0,0.0,0.0,0.0,0.0,0.0,0.0,0.0,0.0,0.0,0.0009076868426671,0.0,0.0,0.0016469617736957,0.0,0.0027506156116701,0.0,0.0,0.0,0.0048089288461806,0.0021704974488746,0.0,0.0,0.976752946669273,0.0108805700715029,0.0076484210067935,0.0,0.0,0.0,0.0,0.0,0.0,0.0,0.0,0.0,0.0,0.219876449111327,0.0,0.0,0.0,0.0,0.066996272779958,0.0,0.0041394866275161,0.0,0.0,0.0,0.0,0.0,0.0,0.0,0.0,0.0504121353391768,0.0191480412328934,0.0,0.00062274390552,0.0,0.0120473889721156,0.0,0.0,0.0,0.0820218625593697,0.0,0.0,0.0,0.0,0.0,0.376851660149922,0.0089287627470783,0.0,0.0091825192578687,0.0,0.0,0.0,0.0157166676434115,0.0,0.0,0.0016362363088511,0.0,0.0,0.0,0.0,0.0,0.0,0.0136798467943773,0.0078293449118062,0.0,0.0104558362476958,0.0,0.0,0.0,0.0,0.0,0.0,0.0,0.0,0.016954496570373,0.0024869642304631,0.0811150003838343,0.0,0.0,0.0148907687874101,0.0037250885123146,0.0,0.0,0.0,0.0,0.0,0.0,0.0,0.0875818814450026,0.0,0.0,0.0,0.0,0.0,0.0,0.0064006732819273,0.0,0.0,0.0,0.0,0.0033257882242486,0.0,0.0,38.8989419738419,0.0,0.0,0.155178895012604,0.0263470112781964,0.0063420602311108,0.0704692898479025,0.0,0.0116427585350952,0.0361296031237776,0.0241436745153094,0.0165713270266694,0.0137780313101835,0.0157494882656905,0.0061184191756687,0.0015094913232595,0.0,0.0,0.0,0.0,0.0,0.0034185877448653,0.0,0.0,0.0,0.0,0.0,0.0060246114644268,0.0,0.0046667203942512,0.0100153271558377,0.0022036140413775,0.0,0.0,0.0097299806434691,0.0,0.0142977593826187,0.000633672193429,0.0092479294247685,0.0,0.0,0.205438657121724,0.0,0.0,0.0,0.0,0.0,0.0,0.0,0.001309219139799,0.0,0.0,1.43784095394635,0.0,0.0015125260191606,0.0,0.0,0.0,0.0,0.0,0.0,0.0,0.0,0.0,0.0,0.0061841983944144,0.0016505062387427,0.0,0.0061694714240476,0.0,0.0,0.0014713474015375,0.0280651585919367,0.0037674011850315,0.0047005962098393,0.0,0.005333668095928,0.0,0.0,0.0057559394769163,0.0,0.0,0.257507518117469,0.0105905603146647,0.0,0.0,0.0,0.0,0.0,0.0,0.0,0.0,0.0,0.0,0.029669939853961,0.0,0.0,0.0,0.0,0.0071361129051525,0.0,0.0,0.0,0.0,0.0,0.0,0.0042159448597289,0.0274749926811577,0.09901175150543,0.0,0.0,0.0,0.0100304546934029,0.0,0.0,0.0,0.0,0.0,0.0016697439461252,0.0011806500254768,0.0,0.0,0.0,0.0,0.0,0.0181399926514498,0.0,0.155159518075642,0.0,0.0,0.0,0.0,0.0,0.0,0.0,0.0,0.0016843170246088,0.0025193696293829,0.0,0.0,0.0,0.0019420551446968,0.0,0.0,0.0,0.0182676144913796,0.0150089943417058,0.0,0.111996413916334,0.0,0.0,0.75318107815509,0.0009909977561662,0.0,0.0012409385367104,0.0,0.0,0.0,0.0,0.0,0.0,0.0,0.0,0.0,0.0,0.0,0.0,0.0,0.0,0.0008421163345319,0.0,0.0021004974058412,0.0,0.0,0.0,0.0,0.0,0.0013232012820567,0.0,0.0,0.0104633145480631,0.0,0.0913857528872561,0.0016435699642352,0.0,0.0,0.0,0.0,0.0,0.0,0.0,0.0,0.0,0.0,0.0,0.0,0.0,0.0,0.0,0.0,0.0,0.0366689937933836,0.0,0.0,0.0,0.0007032383556181,0.0,0.0,0.0,40.6158743172382,0.0,0.0,0.0008616595119509,0.0131861642342674,0.0220324393345383,0.0799358686985896,0.0,0.0012857973342332,0.001164831088732,0.0,0.0,0.0,0.0,0.0,0.0,0.0,0.0,0.020703786976281,0.0,0.0,0.0,0.0014052821733782,0.0,0.0,0.0,0.0,0.0074584755281389,0.0,0.0012622520420388,0.0,0.0,0.0,0.0,0.0214379680394847,0.0,0.0,0.001660280304173,0.0,0.0006753683773096,0.0,0.0096550771493116,0.0
IP,0.0,0.0,0.0,0.0,0.0,0.0,0.0,0.0,0.0,0.0,0.0,0.0,0.0466290970989508,0.0,0.0,0.0,0.0,0.0,0.0,0.0,0.0,0.0,0.0,0.0,0.0,0.0,0.0,0.0,0.0,0.003129339441641,0.0009531337061363,0.0011218620562458,0.0,0.0,0.0,0.0,0.0011022280826844,0.0,0.0,11.6079144433154,0.0,0.0,1.15415041233502,0.0,0.0,0.0,0.0,0.0,0.0,0.0,5.0848167967016,0.0278074916621576,0.0,0.0,0.0,0.0,0.0019293443429495,0.0,0.0,0.0,0.0,0.0007301623942896,0.0,0.0,0.0,1.52680637014862,0.0,0.0,0.0,0.0410146841669363,0.0,0.0,0.0,0.0,0.0,0.0,0.0,0.100155730084404,0.0,0.0,0.0,0.0,0.0,0.0,0.0017395555159102,0.0,0.0,0.0,0.0,0.0,0.0,0.0,0.0,0.0008612586132583,0.0006683312963386,0.0,0.0,0.0,0.0024317689387587,0.0,0.0154906677095626,0.0,0.0,0.0047788206163314,0.0,0.244585933255306,0.0015155016177059,0.0,0.0,0.0,0.0,0.0,0.0,0.0,0.0,0.0,0.0,0.0499719987631755,0.0067695515905538,0.0027493523752883,0.0,0.0,0.0061086569217029,0.0,0.402546440886276,0.0,0.0,0.0,0.0,0.0,0.0,0.0,0.0,0.0,0.0,0.0,0.0317336341637437,0.0,0.0,0.0,0.120391781516272,0.0,0.0010324954997851,0.0,0.0,0.0,0.0,0.0,0.0,0.0,0.0,0.0,0.0,0.0,0.0,0.0,0.0,0.0,0.0010207845322586,0.0,0.0,0.0,0.114321191081272,0.0,0.0309649695194647,0.0042941094238625,0.0,0.0018531182796615,0.0,0.0,0.0130636034630914,0.0079644167424646,0.0597036047411637,0.0009252633001797,0.0,0.0009252111766181,0.0,0.0,0.0,0.0,0.0,0.0,0.0,0.0,0.0,0.0,0.0,0.209413540845635,0.0,0.0,0.0,0.0,0.0,0.0,0.0,0.0,0.0008238929429469,0.0,0.0,0.0,0.0,0.0,0.0,0.0,0.0,0.0,0.0,0.0,0.0,0.0,0.0,0.0,0.0,0.0,0.0,0.0,0.0,0.0,0.0157265617939404,0.0,0.0026960019792165,0.0,0.0,0.0,0.0,0.0,0.0,0.0,0.0,0.0013052502914827,0.0,0.0,0.0,0.0,0.0,0.0,0.0,0.0,0.0,0.0,0.011568542076032,0.0,0.0,0.0,0.0,0.0006935362068092,0.0,0.0,2.16514605040847,0.0,0.0,0.0149219823560713,0.0,0.0,0.0,0.0,0.0,0.0,0.0,0.0,0.125011135783589,0.0,0.0,0.0,0.0,0.0007320272525657,0.0,0.0,0.0,0.0,0.0,0.0,0.0,0.0780517114835442,0.0,0.0,0.0,0.0,0.0,0.0,0.0,0.0,0.0,0.0,0.0,0.0,0.0269554806473285,0.0,0.0,0.0,0.0,0.0,0.0,0.0064419339448773,0.0113781892507593,0.0,0.0,0.0,0.0,0.0,0.0009896858967881,0.0,0.0,0.0,0.0,0.0,0.0,0.0,0.0,0.0250897387376717,0.0,0.0,0.0,0.0,0.491398463565082,0.0,0.0,0.0084198052175179,0.0,0.0,0.0,0.0,0.0,0.0,0.0,0.0,0.00809431966653,0.0,0.0,0.0,0.0,0.0044872374625585,0.0,0.318894360795297,0.0,0.0,0.0,0.0,0.0018598781423978,0.0,0.0,0.0,0.0,0.0,0.0,0.0,0.0,0.0,0.0,0.011208576656781,0.0,0.0,0.0,0.0,0.0,0.0,0.0,0.0006839988297889,0.0,0.0,0.0418733572832355,0.0,0.0,0.0,0.0,0.0,0.0,0.0,0.0,0.0,0.0,0.0,0.0,0.0,0.0,0.0,0.0015600221678384,0.0,0.006191690960854,0.0,0.0,0.0011151726693119,0.0,0.0,0.0,0.0,0.0,0.0,0.0,0.0,0.0,0.0,0.0,0.0,0.0,0.0,0.197696324232117,0.0,0.0,0.0,0.0243299615717715,0.007162058572853,0.0,0.0,0.0,0.0011762873852759,0.0,0.0,0.0,0.0,0.0,0.0008060950056636,0.0,0.0,0.0,0.0,0.0036558454694915,0.0
IPN,0.0161233091523986,0.0522479281520454,0.0751838499200979,0.0048280983434532,0.0,0.0168630051203706,0.0,0.0,0.0,0.0,0.0,0.0,0.0,0.0,0.0011795994433109,0.0025225298397642,0.0,0.0,0.000634702992176,0.0,0.0,0.0009742606338383,0.0021233210299586,0.0023753571241531,0.0037424091902439,0.0,0.0021668065423594,0.0,0.0036494280652604,0.0095346371672493,0.0,0.981282331491722,0.0,0.001534669890373,0.0,0.0009274576348565,0.335631544446605,0.0007263889508457,0.0,4.08354224526909,0.0057173768667821,0.0615379348315372,0.0010342073154615,0.0,0.0,0.0056679490851532,0.0,0.0,0.0013567606951873,0.0,0.0,0.0,0.0,0.0,0.0018791032635929,0.0,0.0,0.0220295324988708,0.0,0.0019450722515791,0.0024966768981115,0.0008847382399881,0.114974526512158,0.0,0.0206350803751792,0.0,1.33241860972197,0.0029916367606585,0.0071529485652199,0.0046335281799861,0.0013034274122219,0.0,0.0,0.106378143608215,0.013389253562657,0.0,0.0172986823972285,0.0,0.0039198027843232,0.0,0.0,0.0,0.0,0.0,0.0019103148581792,0.0,0.0,0.088510999077172,0.0,0.0047932669386862,0.703221326300602,0.0451355317496248,0.0,0.0031065885691135,0.0108178124802242,0.0,0.017544171563587,0.0,0.0,0.107437412441765,0.0,0.0866670041806667,1.34251507951653,0.0,0.0131620662067047,0.005867250850594,0.0127554661309915,0.0,0.0037707876664578,0.0482677008730957,0.0054783074711917,0.107008783995659,0.0,0.0,0.0,0.0188862951695181,0.0022282659254578,0.0,0.0020684994716746,0.0369880564277579,0.0,0.0022815264897356,0.0033611271857983,0.0,0.0,0.0062590138195408,0.0152037681156776,0.0,0.0412709272142002,0.0,0.0054853177698153,0.0,0.043031160639824,0.0,0.0,0.004854977491082,0.0012992847188836,0.0,0.0,0.007301397827815,0.0983265054333459,0.0,0.0198216683684872,0.0513802299063716,0.02155265105091,0.0,0.0,0.0,0.0,0.0,0.0,0.0,0.0,0.0136578569670072,0.0,0.0246603167150184,0.0,0.0,0.0,0.0,0.0,0.0,0.003568212630365,0.0,0.0,0.0,0.0,0.0,0.0,0.0227764402997173,0.0011007944168653,0.001284387304443,0.0,0.0,0.0,0.0,0.0,0.0,0.0017513045186604,0.0047041711271453,0.0016917123377648,0.0065164953117046,0.0,0.0229821884580171,0.0557442258224971,0.0008467166692572,0.0,0.0252473425851813,0.0,0.0,0.0213815635168278,0.0,0.0,0.0,0.0,0.0,0.0077214567255006,0.0,0.0,0.0,0.0099161742847581,0.0089109782400582,0.0,0.0,0.0,0.0022802497299087,0.0015608630593208,0.0866635849240552,0.0,0.0,0.0009363366715019,0.0097415758965595,0.0,0.0,0.0081090926892116,0.0,0.0,0.000771778943913,0.0,0.0,0.0,0.0,0.0,0.0,0.0,0.0,0.0,0.0,0.0,0.0,0.0,0.0010300995465305,0.0010003087973609,0.0009100817236005,0.0,0.0,0.0,0.0024371835581391,0.0,0.0,0.746519039743117,0.0,0.0008804027654857,0.0,0.0,0.317358099445645,0.0,0.0,1.45292867629304,0.0012861757240823,0.0277692298547052,0.0,0.0,0.0,0.0,0.0,0.0,0.0,0.0,0.0,0.0,0.0,0.0,0.0011010074526485,0.0,0.0,0.0064141528946759,0.0,0.0,0.0,0.0,0.0255005881472323,0.0,0.005679279879438,0.0,0.216817868871991,0.001310037526916,0.0006914036630182,0.0018928750938843,0.0,0.0,0.0,0.0562155749044344,0.0019751418065346,0.0,0.0,0.0,0.0,0.0,0.0,0.0,0.0,0.0,0.0007603962614635,0.0015104384623524,0.0,0.0296315935267195,0.0,0.0024278676218016,0.561142422429551,0.021318060347739,0.0,0.0,0.0009556039362618,0.0,0.0018583945084633,0.0,0.0,0.0925847167382962,0.0,0.057431602696103,0.766533484673336,0.0,0.0049517896592138,0.0014927349253488,0.0037669802310064,0.0,0.0022554882239478,0.0009820047335998,0.0006668178246108,0.0085211320271784,0.0,0.0,0.0,0.0095248483010014,0.0012256021577415,0.0,0.0,0.0369114417433356,0.0,0.0015975007509321,0.0023798612237792,0.0045882115651785,0.0,0.0018026425784273,0.0089674411389501,0.0,0.0073915081345059,0.0,0.0034013658753811,0.0,0.0117970674828055,0.0,0.0,0.0027264131989111,0.0,0.0,0.0,0.0,0.0561085957986648,0.0,0.0044972159584985,0.0344671800002688,0.0180382850358162,0.0,0.0,0.0,0.0,0.0,0.0,0.0,0.0,0.0014113194137408,0.0,0.0007046735894781,0.0,0.0,0.0,0.0,0.0,0.0,0.001002005518697,0.0,0.0,0.0,0.0,0.0,0.0,0.0040115791703399,0.0,0.0,0.0,0.0,0.0,0.0,0.0,0.0,0.0,0.0010097640031256,0.0,0.0011393428278331,0.0,0.0130669377207542,0.011395125675868,0.0007271146334225,0.0,0.0,0.0,0.0,0.0059553506527536,0.0,0.0,0.0,0.0,0.0,0.0019957627002138,0.0,0.0,0.0,0.0051280306850137,0.0,0.0,0.0,0.0,0.0013372279394901,0.0,0.0316865696822217,0.0
IRN,0.169582649276485,0.0,0.0,0.0,0.0,0.0019896161605371,0.0118379833124378,0.0,0.0,0.0,0.0,0.0,0.0,0.0,0.0,0.0,0.0,0.0,0.0,0.0,0.0,0.0,0.0012557098765662,0.0224351478020472,0.0,0.0077602897377935,0.0,0.142652337128436,0.0,0.0107001687938605,0.814210118864231,0.0,0.0,0.005072326749674,0.0,0.0026568986428692,0.0,0.0,0.0,6.02947066246927,0.0101718426697168,0.0502468448853712,0.159402531547461,0.0,0.0,0.0,0.0,0.0,0.0,0.0,0.0,0.10248041636439,0.0,0.0,0.0434133705897249,1.07360140004369,1.38086401205287,0.0,0.040167776089514,0.0,0.0,0.0011322105996231,0.0,0.0,0.853619423311774,0.05090058411502,0.0,2.84864883393128,0.0,0.664862841813107,0.0,0.0,0.0,0.0,0.0054310975459559,0.0,0.0048084590693822,0.0,0.0,0.0,0.0045186209092065,0.0,0.0,0.0,0.870032899788361,0.0,0.0152279900328242,0.0,0.0,0.0,0.0,0.0,0.0,0.0889923310872885,0.068175794239076,0.0,0.0180202363070252,0.0010919074814718,0.100496899881264,0.0,0.321519852773431,0.0,0.0,0.803620136496413,0.0,0.424458469416996,0.0,0.0,2.52776103018384,0.0504713461471675,0.0,0.0103024357820606,0.0,0.0,0.0,0.0529515674002932,0.0,0.51493847342026,0.212930345732281,0.0054526360276585,0.0,0.0,0.0,0.0,0.0,0.217509347891195,0.0,0.0,0.0185822358243217,0.0,0.0,0.0,0.0,0.0,0.0632126976004012,0.0,0.0,0.0174098112046472,0.0513328199734722,0.0966028217048056,0.634760898550706,0.0014946472351731,0.0,0.223514036012953,0.0,0.0,0.0,0.0,0.0,0.0,0.0,0.0482309626686524,0.0,0.0,0.0,0.0013307226559089,0.0040889594179096,0.0,0.0312023093308613,0.0,0.0,0.0,0.0007869695721267,0.0,0.0484530090237988,0.124319564698085,0.0,0.0070191578930637,0.0,0.143083509531957,0.0348842387230172,1.647200067738,0.572907641695403,1.83594425072234,0.0047138964699858,0.0,0.0267528422761543,0.0,0.0,0.0,0.018089442930539,0.0,0.0,0.0,2.85670906289356,0.0,0.0,0.0115345309680416,0.0,0.0,0.0022642672451086,0.0,0.0,0.0044587632783318,0.358480626102174,0.0174777550049909,0.00228078156886,0.0,0.0,0.0,0.0107133672999567,0.0,0.0140850087570469,0.0,0.0074431192913496,0.0009160453517145,0.0,0.0,0.502820034596285,0.0024550409195916,0.0,0.0,0.0,0.0,0.0,0.0300276502352805,0.0,0.0,0.0,0.0,0.0,0.0,0.0,0.0,0.0,0.0,0.0,0.0,0.0,0.0,0.0,0.0,0.0014291106188385,0.0,0.0,0.0,0.0007226197888199,0.002682902044058,0.0,1.42863157912203,0.96973052843173,0.0,0.0,0.0,0.0014759483074064,0.0,0.0,0.0,9.92370620211329,0.0028424456685895,0.0033460528005799,0.0842612265324992,0.0,0.0,0.0,0.0,0.0,0.0,0.0,0.0,0.944997082147684,0.0,0.0,0.0025113108255036,0.0912494507317466,0.669442095688503,0.0,0.0,0.0011953640652607,0.0,0.0009036037514171,0.0,0.0,1.48779508610754,0.0014828546502834,0.0067040209156323,1.0999738232775,0.0,0.427116813495092,0.0,0.0,0.0,0.0,0.003676492855947,0.0,0.0,0.0,0.0,0.0,0.0,0.0,0.0,0.0,0.186793905990125,0.0,0.000694320291727,0.0,0.0,0.0,0.0,0.0,0.0,0.277736440599657,0.125373816022381,0.0,0.0037478321765654,0.0,0.0875346507815651,0.0,0.282274818110251,0.0,0.0,0.0,0.0,1.36652892304835,0.0,0.0230384851214713,1.55915071082719,0.0899320736786103,0.0,0.0207969067146151,0.0,0.0,0.0,0.0,0.0,0.839857153334444,0.0412966725867942,0.0,0.0,0.0,0.0,0.0,0.0,0.0721851848070741,0.0,0.0,0.0142413820045238,0.0,0.0,0.0,0.0,0.0,0.0,0.0,0.0,0.0087904490848594,0.0377071851644524,0.268629014600951,0.197793751154784,0.0,0.0,0.0,0.0,0.0,0.0,0.0,0.0,0.0,0.0,0.262275984228526,0.0,0.0,0.0,0.0,0.0056809680284837,0.0,0.152234048566403,0.0,0.0,0.0,0.0,0.0,0.0,0.0021056243610873,0.0,0.0011071994605248,0.0,0.0,0.087886166839799,0.341414360056937,0.14022814272265,0.241112743703504,0.0450805900624907,0.0,0.132079442912702,0.0326211660293383,0.0,0.0,0.0754993355555858,0.0,0.0,0.312288378084521,0.0,0.0,0.0,0.0,0.0,0.0,0.0,0.0,0.0,0.0053083568479422,0.0,0.0287379159434092,0.0047877094987714,0.0011449522962035,0.0,0.0,0.0,0.0,0.0026333573721605,0.0,0.0,0.0,0.0,0.176016480965274,0.33724848847766
LA,0.0,0.0019472531323497,0.0,0.0025485435650691,0.0319553082101998,0.0,0.036037546635059,0.0,0.0,0.0,0.0,0.0,0.0,0.0,0.004424379409281,0.0,0.0501602807241613,0.0183303993604358,0.0878977800957972,1.23013207190497,0.0006088551100704,0.382532167574646,0.107587694411313,0.0041431570478467,0.0344253142841519,0.365321617364127,0.0,0.0,0.0,0.0,0.0,0.0352171199480519,0.0269789520550481,0.0,0.0511487088604902,0.0031948246409415,0.0061240908054577,0.0,0.0011254461980136,0.0,0.0035777814009259,0.186075851427338,0.0,0.0073672931967393,0.0,0.0,0.589380181968262,0.143221064385703,0.353911963366361,3.0050096017981,0.0,0.0,0.0190005734867889,0.0363053804096499,0.194932363889949,0.0,0.0,0.0058409361255525,0.756426038119488,0.0,0.0,0.0035334920734991,0.0189104010951046,0.0674999393264017,0.0,0.0,0.0,0.0,17.2482935860586,0.0,0.0341036681744861,0.0446455373355233,0.110579760249337,0.0021449994287111,0.0235465869670389,0.0,0.0014321356515871,0.0,0.0,0.0,0.0253028823478764,0.027103690500766,0.0015389558331785,0.0037022030913576,0.0,0.0,0.124781140955161,19.0264100171426,3.4089028218995,0.0,0.0477053071258388,0.0030605884964941,0.0021231879998185,0.0,0.0008497050500815,0.0009753050648984,0.0,0.0,0.0013441315273038,0.0184375420734454,0.0,0.0238051693559347,0.0097136294636615,0.0,1.98486362600697,0.0,0.0,0.0,0.0,0.0094093832619573,0.0448004397762803,0.0026217959667227,0.0278493122805166,0.8161868446076,0.656600937972328,0.0006077499726519,0.0,0.0,0.0,0.0017680657624334,0.0,0.0,0.0,0.0,0.0,0.0031148352754023,0.0,0.0555534165741897,0.0,0.0,0.0055865785572276,1.27132227991249,0.0016719129669283,3.08917776720002,0.0014253203313639,0.0,0.0,0.0,0.0,0.0,0.0,0.42947056186157,0.0,0.0,0.0454904732265358,0.0,0.0007390969564119,0.0,1.24708296484047,0.192358335630645,0.0,0.0,0.0,0.0006754619094973,0.0,0.0,0.0062892590022455,0.0,0.0,0.0,0.0239746300676242,0.0,0.0,0.0,0.0,0.0,0.0,0.0,0.0,0.558983715898574,0.0,0.0,0.0,0.0,0.0026005865583853,0.0025383996885719,0.0,0.0,0.0009083628758499,0.0,0.0,0.0,0.0,0.0,0.0,0.60921337201249,0.170405605327831,0.0,0.0,0.092387261787971,0.0573670923667818,0.0,0.0,0.0,0.0,0.216358751231103,0.0,0.000918434697656,0.184660913179651,0.0,0.0,0.0,0.0,0.0702726800568631,0.0,0.0032916883780313,0.0,0.0172440659856313,0.0,0.0585539870686466,0.0031701725602417,0.0,0.0,0.0,0.0,0.0084062039379675,0.0187224242588,0.0,0.0,0.0,0.0,0.0,0.0007764254494968,0.0,0.0,0.0928040742340182,0.0,0.0,0.043517647661051,0.0,0.0510685261278832,0.0081127568336026,0.0,0.0078229207182191,0.0,0.0,0.0,0.0,0.0,0.0,0.0,0.0193281613439606,0.0,0.0016450485785909,0.0,0.0111212546705505,0.0,0.0,0.0,0.0,0.0987411291124492,0.0,0.0,0.0,0.0,0.0174437150311462,0.003193066844819,0.0,0.0018579735698911,0.0,0.0,0.0093523226326905,0.0262819289486668,0.0,0.0,0.0,0.0,0.0,0.0,0.0,0.0,0.0,0.0,0.0,0.0,0.0,0.0,0.0,0.0,0.0,0.0,0.0111495662978328,0.0058036202612171,0.0,0.0,0.0,0.0,0.0011312024647103,0.0,0.0,0.0,0.0,0.0,0.0,0.0,0.0,0.0277992714369419,0.0,0.0018387150590535,0.0014670870880402,0.0013298027605114,0.0,0.0,0.0022180269232579,0.0,0.0,0.0,0.0,0.006111168318418,0.0,0.0,0.0,0.0006235685419993,0.0128342335060335,0.0,0.0,0.0,0.0,0.0007247648215178,0.0258956852908041,0.0,0.0,0.0,0.0,0.0,0.0,0.0,0.0,0.0,0.0482759514549618,0.0,0.0,0.0,0.0,0.0,0.0,0.0,0.0,0.0,0.0008575683971918,0.0,0.0,0.111294511331743,0.0,0.0,0.0,0.0,0.0,0.0010549457760463,0.0,0.0080354447571949,0.0,0.0,0.0044546444374302,0.0,0.0,0.0,0.421441628736141,0.15036039060559,0.0,0.0,0.0,0.0,0.0,0.0,0.0,0.0,0.0,0.0,0.0,0.0098738630486434,0.0,0.0,0.0,0.0,0.0,0.0770807367950654,0.0,0.0,0.0,0.0,0.0,0.0,0.0009799220219044,0.0,0.0,0.0,0.0,0.0,0.0013400541468738,0.0015015174229184,0.0,0.0,0.0,0.0807311886822889,0.0,0.0,0.0,0.0010206827103182,0.0,0.0,0.0,0.0,0.0,0.011965557237097,0.0,0.0,0.0177607373724266,0.0,0.0,0.0,0.0,0.0191864534365157,0.0,0.0,0.0,0.0016025439424066,0.0
LAV,0.0,0.0,0.0,0.0,0.0,0.0,0.0,0.0,0.0,0.0,0.0,0.0,0.0,0.0,0.0,0.0,0.0,0.0,0.0,0.0,0.0,0.0,0.0,0.0,0.0,0.0,0.0,0.0,0.0008937400089664,0.0,0.0,0.0,0.0,0.0,0.0,0.0,0.0,0.0008052641823277,0.0,11.3577572144356,0.0,0.0,0.0,0.0,0.0,0.0,0.0,0.0,0.0,0.0,0.0,0.138708353507661,0.0,0.0,0.0,0.0,0.0039605463839537,0.0,0.0,0.0008067735673082,0.0,0.0006179620488094,0.0,0.0,0.0,0.0069785092774043,0.0,0.0,0.0,2.40917193815916,0.0,0.0,0.0,0.0,0.0,0.0,0.0,0.0084237687468944,0.0,0.0,0.0,0.0,0.0090662702170103,0.0,0.001135293814903,0.0,0.0,0.0,0.0,0.0,0.0,0.0006506134548899,0.0,0.0,0.0,0.0,0.0,0.0,0.0,0.0,0.142143594646521,0.0,0.0,0.0152547683367658,0.0,0.562532797963271,0.0,0.0,0.0139630951499092,0.0,0.0,0.0,0.0,0.0,0.0,0.0,0.0,0.0007008790614245,0.0,0.0,0.0,0.0,0.0,0.0,0.0,0.0078343787059503,0.0,0.0,0.0,0.0,0.0,0.0,0.0,0.0,0.0,0.0,0.0,0.0197035081587998,0.0,0.104357478384911,0.0059168111946728,0.0,0.0,0.0,0.0,0.0,0.0,0.0,0.0021998559368624,0.0,0.0,0.0020526659937841,0.0,0.0,0.0,0.0,0.0,0.0,0.0,0.0,0.0,0.0,0.0,0.0,0.0,0.0,1263.69396764739,0.0,0.0,0.0,0.123023302954791,0.0025714016363305,0.0083776109158533,0.0313935633956077,0.0,0.0,0.0,0.0,0.0,0.0,0.0,0.0,0.0,0.0,0.472001919586823,0.0,0.0,0.0,0.0,0.0,0.0,0.0,0.0,0.036236509646119,0.0,0.0,0.0008429370995442,0.0,0.0,0.0,0.0,0.0,0.0,0.0,0.0,0.0,0.0,0.0,0.0,0.0,0.0,0.0,0.0,0.0,0.0,0.0,0.0,0.0,0.0153883344145786,0.0,0.0,0.0,0.0,0.0,0.0,0.0,0.0,0.0,0.0,0.0,0.0,0.0,0.0,0.0,0.0,0.0,0.0,0.0,0.0,0.0,0.0029271956070548,0.0,0.0,0.0,0.0,0.0,0.0,0.0,17.271680548644,0.0,0.0,0.0,0.0,0.0,0.0,0.0,0.0,0.0,0.0,0.0,0.292942148971732,0.0,0.0,0.0,0.0,0.0078721665522758,0.0,0.0,0.0008314165077013,0.0,0.0010396582638735,0.0,0.0,0.0416086038194899,0.0,0.0,0.0,0.0,0.0,0.0,0.0,0.0,0.0,0.0,0.0,0.0,0.0281588701264602,0.0,0.0,0.0,0.0,0.0046820879825262,0.0,0.0,0.0,0.0,0.0,0.0,0.0,0.0,0.0,0.0,0.0,0.0,0.0,0.0,0.0,0.0,0.0,0.105410478751315,0.0,0.0,0.0357004968975796,0.0,1.08800364715545,0.0,0.0,0.0057221440271526,0.0,0.0,0.0,0.0,0.0,0.0,0.0,0.0,0.0,0.0,0.0,0.0,0.0,0.0,0.0,0.0,0.0010570068303115,0.0,0.0,0.0,0.0,0.0,0.0,0.0,0.0,0.0,0.0,0.0,0.0256603936869549,0.0,0.179492100415588,0.032036132305047,0.0,0.0,0.0,0.0,0.0,0.0,0.0,0.0,0.0,0.0,0.0100484365975369,0.0,0.0,0.0,0.0,0.0,0.0,0.0,0.0,0.0,0.0,0.0,0.0,0.0,0.0,246.480092492791,0.0,0.0,0.0010476994817759,0.0296580477976516,0.0023842259339502,0.0015437114749174,0.0,0.0,0.0,0.0,0.0,0.0,0.0,0.0,0.0,0.0,0.0,0.146786500852844,0.0,0.0,0.0,0.0,0.0,0.0,0.0,0.0,0.0,0.0368699541525867,0.0,0.0,0.0,0.0,0.0,0.0,0.0,0.0,0.0,0.0,0.0,0.0,0.0,0.0
LD,0.0,0.925451938993953,0.0,0.0,0.0,0.0,0.0,0.0,0.0,0.0,0.0,0.942841566989586,0.0,0.0,0.0,0.0722570668632846,0.0,0.0,0.0188739132612947,0.0,0.465682663711552,0.0,0.0,0.0,0.0012052102640314,0.0,0.0365050720421963,0.0,0.0,0.0,0.0,0.0,0.0,0.0,0.0,0.0025586956384901,0.0,0.0,0.0,0.0,0.0264016246354644,0.0243196306135581,0.0043117604432834,0.0,0.0,0.0,0.0395700001816584,0.0477936680476364,0.0,0.0,0.0,0.0,0.0,0.0,0.0081590374673335,0.321972015304317,0.0,0.0031935264344088,0.0,0.0,0.0,0.0064974361372175,0.17523537760948,0.0,0.0,0.0,0.0025192130415585,0.0,0.0,0.0044110846848234,2.11732883369701,0.0,23.5104645414297,0.0,0.0383189808927176,0.23111602866676,0.0077340496699197,0.0,0.0,0.0,0.0028062080930097,0.0,0.0,0.0,0.0,0.0010097294872354,0.0,0.0,0.0,0.0,0.0,0.0075509159532154,0.0,0.0102289952930618,0.0934480686609988,0.0,0.0,0.0,0.0,0.0041791651084133,0.0015500284885076,0.0051168820708331,0.101082733343795,0.0,0.0018153898154955,0.0,14.4470286227162,0.706133468405886,0.0037854153731121,0.0,0.0,0.0369640939207858,0.0,0.001196583695152,0.0,0.0192713476309655,0.0,0.0,0.0015849146715388,0.0,0.0,0.0,0.0,0.0,0.0,0.0,0.0,0.0,0.0,0.0,0.0217903882486856,0.0,0.0,0.0,0.0067771020704406,0.0805937299006617,0.0,0.0,0.0,0.0,0.0,0.0,0.0,0.214606582819467,0.0,0.0,0.0,0.0,0.189434603063873,0.0,0.0,0.105643939898084,0.167878769060293,1.07577514796055,2.42708627913128,0.872313275682209,0.230853235153801,0.0,0.0155201048295574,0.0,0.0088405835856567,0.0,0.0,0.0,0.028084745614017,0.0,0.0,0.0,0.0589248376123992,0.0,0.0,0.0,0.0,0.0,0.0822886246780416,0.0747817424918289,0.0,0.0,0.123240863934084,0.0,0.0,0.0026072855066184,0.0,0.0,0.0,0.200394282831919,0.0,0.0,0.0,0.0,0.0096398726291716,0.0,0.0,0.0,0.0,0.0011967546686389,1.44289871388035,1.95273054488946,0.660584609143147,0.22661497265309,0.0,4.1039056776255,0.0,0.0064196606302256,0.238833972947495,0.0018865079571556,0.0,0.0725931080941025,0.0,0.0,0.0082211079069227,0.0088049222373933,0.0,0.0,0.0,0.0,0.0,0.0,0.0049971017300808,0.0,0.0,0.0,0.0,0.0,0.0,0.0009691731190668,0.0,0.0,0.0,0.0,0.0,0.0,0.0,0.0,0.0,0.0304830968247955,0.0,0.0,0.0,0.0,0.0,0.0,0.0,0.0,0.0,0.0074822294530128,0.0,0.0009823670463628,0.0,0.002842753975321,0.0020476699906701,0.715835558778968,0.0,0.0013868935839378,0.0,0.0,0.0008199437192816,0.0,0.0,0.0,0.0007148345456183,0.0,0.0,0.0,0.0,0.0,0.0060547686024952,0.0,0.0,0.0,0.0,0.042153125255554,0.0,0.0235736689416363,0.0009885659458847,0.0,0.0,0.0,0.0104495264812563,0.0,0.0,14.9731337194384,0.0,0.0015012079645193,0.0,0.0021524451939155,0.0,0.0,0.0,0.0,0.0033113968369066,0.0,0.0,0.0,0.0,0.0,0.0,0.0,0.0,0.008239446487807,0.0055889622944575,0.0,0.0,0.0033963571307268,0.0,0.0,0.0,0.0,0.000812327423585,0.0137443921184375,0.0010343471135001,0.0192977621819531,0.0242172188144851,0.0,0.0011053111791884,1.63561146123291,1.45099977160364,0.0351007376056133,0.0014332807908553,0.0,0.0023685584263547,0.0,0.0,0.0,0.0,0.0,0.0,0.0,0.0,0.0,0.0,0.0012597935445041,0.0,0.0,0.0066884417518864,0.0022325114106893,0.0,0.0,0.0,0.001027243464422,0.0,0.0,0.0,0.0021692091813611,0.0017268070585283,0.0,0.0016481410042516,0.0,0.0,0.0037323660478345,0.0011521328400918,0.0,0.0129042554924514,0.0,0.0,0.0,0.0,0.0596391901127558,0.0062264685391514,0.0,0.0,0.0,0.0,0.0024359236310961,0.0021773823264829,0.0,0.0,0.0013729861959657,0.0,0.0,0.0,0.0,0.0,0.0,0.0,0.0,0.0,0.0,0.0389741351083841,0.0,0.0,0.000826378803574,0.0,0.0,0.0,0.0,0.0,0.000840547797506,0.0,0.0,0.0171386985538059,0.0,0.0,0.0060993771837883,0.0,0.0,0.0,0.0,0.0,0.0,0.0,0.0,0.0,0.0013239096023975,0.0,0.0,0.0020027943385681,0.0,0.0,0.0,0.0011482401990815,0.0,0.0,0.0,0.0,0.0,0.0009534301878448,0.0
LGd,0.0042303498636313,0.0023586349938241,0.0127925031959729,0.0,0.0,0.001689684023327,0.0,0.0,0.0,0.0,0.0,0.0,0.0,0.0,0.0,0.0017034347378428,0.0,0.0,0.082710215514286,0.0,0.007376200286095,0.0,0.0,0.0009614714243254,0.0,0.0,0.0123389284842306,0.0,0.0,0.0,0.0,0.0,0.0,0.0,0.0,0.0,0.0,0.0,0.0047427938096895,0.0,0.0059329416975196,0.0257697950026157,0.0,0.0,0.0,0.0,0.0055656429059811,0.0027100346566792,0.0,0.0,0.0,0.0,0.0,0.0,0.0,0.0025081952523265,0.0,0.0006823776658093,0.0,0.0,0.0015049781803825,0.0099910803855231,0.0276043546722022,0.0,0.0,0.0,0.0,0.0,0.0046456774267213,0.0,0.0,2.32937397739233,13.7031585161521,0.0,0.0,0.0018914925250516,0.0,0.0,0.0,0.0,0.0,0.0,0.0,0.0,0.0,0.0006418844733383,0.0,0.0,0.0,0.0066318720920171,0.0,0.000972309788983,0.0,0.0,0.0,0.0,0.0,0.0,0.0,0.0031234167526172,0.0,0.0011388291537401,0.0,0.0006931365057383,0.0,0.0,2.50921718288074,0.0548646790517568,0.0020270612723991,0.0,0.0,0.0,0.0,0.0,0.0017807673918128,0.0,0.0,0.0,0.0,0.0,0.0,0.0,0.0,0.0,0.0,0.0,0.0,0.0,0.0,0.0,0.0049734836557326,0.0679747095248477,0.0,0.0,0.0058878953895657,0.0,0.0,0.0,0.0,0.0,0.0,0.0025799752225726,0.0,0.0450267199599084,0.0,0.0,0.0,0.0,0.409564061083393,0.0030203592766863,0.0,0.0197122208939815,0.0,0.157064443195705,0.0625901434944638,0.0716212098950376,0.0,0.0,0.0013457058751236,0.17852963954036,0.0,0.0,0.0,0.0,0.0,0.0,0.0,0.0,0.0,0.0,0.0,0.0,0.0,0.0,0.0148791641487889,0.0,0.0,0.0011928688591822,0.003808889554148,0.001224614556434,0.0,0.0,0.0,0.0,0.0,0.162773254706872,0.0,0.0,0.0,0.0,0.0,0.0,0.0,0.0,0.0,0.0,0.712193382702918,0.426802039464464,0.973375040839345,0.320456980370667,0.0,0.728842925556793,0.001634549312781,0.0195010520198955,0.0471349463720026,0.0014331095646906,0.0,0.0,0.0,0.000655385720483,0.0,0.0,0.0,0.0,0.0,0.0,0.0,0.0,0.0,0.0,0.0,0.0,0.0,0.0,0.0,0.0016936508914123,0.0,0.0,0.0,0.0,0.0,0.0,0.0,0.0,0.0,0.0024990847481619,0.0,0.0,0.0,0.0,0.0,0.0,0.0,0.0,0.0,0.0,0.0,0.0184295314803821,0.0006632835613331,0.0,0.0120846701941887,0.0222387291444905,0.0,0.0,0.0,0.0,0.0,0.0,0.0,0.0,0.0,0.0008631565709185,0.0,0.0,0.002448016594997,0.0,0.0036321412642436,0.0,0.0026400765952371,0.0,0.0119546691060538,0.0024968013670112,0.0,0.0101379319180304,0.0,0.0,0.0,0.0,0.0,0.0,0.0,4.31370223038098,0.0,0.0,0.0029409339781596,0.0,0.0,0.0,0.0,0.0,0.0,0.0,0.0,0.0,0.0,0.0,0.0,0.0,0.0,0.0,0.0,0.0,0.0,0.0,0.0,0.0,0.0,0.0025267637176168,0.0,0.0,0.0,0.0,0.0077016406914603,0.0,0.0,0.441665476576446,0.0766247484675164,0.0114156334604069,0.0,0.0,0.0,0.0,0.0,0.0,0.0,0.0,0.0,0.0,0.0,0.0,0.0011224849481801,0.0,0.0,0.0,0.0006973467862655,0.0,0.0,0.0,0.0,0.0015135434464464,0.0251506383612175,0.0,0.0,0.0,0.0,0.0,0.0,0.0,0.0030175318519634,0.0,0.0,0.0,0.0,0.0,0.0,0.0,0.0,0.197463740908325,0.0012306203575534,0.0,0.0,0.0,0.0,0.0,0.0,0.0,0.0,0.0018658957245314,0.0074055622906496,0.0,0.0,0.0,0.0,0.0,0.0,0.0,0.0,0.0,0.0,0.0,0.0,0.0,0.0,0.0,0.0,0.0,0.0,0.0,0.0,0.0,0.0,0.0,0.0,0.0,0.0,0.0,0.0,0.0,0.0,0.0,0.0,0.0,0.0,0.0,0.0,0.0,0.0,0.0,0.0,0.0,0.00090063451979,0.0,0.0043699550882553,0.0,0.0,0.0,0.0,0.0
LGv,0.0,0.0193310918581234,0.0449303564861244,0.0,0.0,0.0020391205384102,0.0,0.0,0.0,0.0,0.0,0.0,0.0,0.000717808293012,0.0,0.0036278513724101,0.0,0.0038405826848829,0.0587310708012867,0.0,0.0108460687989784,0.0,0.0007653920841543,0.0033893716166251,0.0,0.0,0.0419903636776994,0.0,0.0,0.0,0.0,0.0,0.0,0.0,0.0009465439923379,0.0,0.0,0.0,0.0,0.0252002291629865,0.0045458953155549,0.0179211840930232,0.0,0.0,0.0,0.0,0.0014731234830243,0.0321856376106048,0.0,0.0,0.0,0.0,0.0,0.0,0.0054855025716994,0.0,0.0,0.0016529333515157,0.0,0.0,0.0,0.0072179388681103,0.027787304726551,0.0,0.001346209509151,0.0,0.0032824968102325,0.0,0.0,0.0,0.0015156266389442,0.0475798563163531,1.46926954891424,0.0,0.0023387906947314,0.0105126404084896,0.0,0.0,0.0016519901549341,0.0,0.0,0.0,0.0,0.0,0.0,0.0009383633587493,0.0006261527959363,0.144846065662073,0.0,0.0026127466738826,0.0012746501360799,0.0053214705632572,0.0,0.0,0.0,0.0,0.0,0.0,0.0,0.0175569067795271,0.0,0.0037605038388021,0.0,0.0,0.0055832793771562,0.0,5.05198902969183,0.177776779271629,0.0037511653492881,0.0,0.0,0.0,0.0,0.0026110706609882,0.0026609010545755,0.0,0.0,0.0,0.0,0.001271035995094,0.0,0.0,0.0,0.0087880647131025,0.0,0.0,0.0033587959449889,0.0,0.0,0.0,0.0037054299007723,0.149071077973017,0.0,0.0,0.0200439129197809,0.0208940505811451,0.0,0.0014531228480464,0.0006802451473579,0.0006911726887997,0.0,0.0059836041523093,0.0,0.0875720427889077,0.0,0.0,0.0,0.0,0.23003184645493,0.0031907116182213,0.0,0.0448953211182994,0.0,0.213049306547335,0.0784714526027347,0.0668280919267722,0.0029983230503462,0.0,0.0111362909073534,0.0994724338899848,0.0,0.0,0.0,0.0,0.0,0.0,0.0,0.0,0.0630263919201321,0.0,0.0,0.0,0.0,0.0,0.0121458458040052,0.0,0.0,0.0,0.0035462022608183,0.0011025064130741,0.0,0.0022563985949247,0.0,0.0,0.0022837029417306,0.0916534524594906,0.0,0.0,0.0,0.0,0.0,0.0,0.0214200187252436,0.0,0.0,0.0,0.504476173718902,0.187695576638518,0.512876531785893,0.170338078174678,0.0,0.546584629576231,0.0014681846900549,0.0198039246422027,0.001018256189235,0.0,0.0,0.0,0.0,0.0019196024396619,0.0,0.0,0.0,0.0,0.0,0.0,0.0,0.0,0.0016747456616144,0.0,0.0,0.0,0.0,0.0,0.0,0.0,0.0,0.0,0.0,0.0,0.0,0.0,0.0,0.0,0.0,0.0015407913065258,0.0,0.0,0.0,0.0,0.0,0.0,0.0,0.0,0.0,0.0,0.0,0.0,0.0917647139730335,0.0,0.0193932665491338,0.285103791705592,0.0,0.0,0.0,0.0,0.0020242533983879,0.0,0.0,0.0,0.0,0.0,0.0,0.0,0.0008972153391528,0.0,0.0008129127672398,0.0,0.0,0.0,0.0010849022286873,0.0042360710198791,0.0,0.0129352292072525,0.0,0.0,0.0,0.0,0.0,0.0,0.0,1.84818210507384,0.0,0.0,0.002054834564473,0.0,0.0,0.0,0.0,0.0,0.0,0.0,0.0,0.0,0.0,0.0,0.0,0.0,0.0,0.0,0.0018529575082475,0.0,0.0,0.0,0.0,0.0,0.0,0.0,0.0,0.0007922192951367,0.0,0.0,0.0,0.0,0.0,1.85386622402815,0.179435218125748,0.066964944173699,0.0,0.0,0.0,0.0,0.0,0.0,0.0,0.0,0.0,0.0,0.0,0.0,0.0,0.0,0.0,0.0,0.0,0.0,0.0,0.0,0.0,0.001190638421312,0.0234703624440853,0.0009819250639472,0.0,0.0210714602270867,0.0,0.0,0.0008257857659833,0.0,0.0,0.0010162021067141,0.0,0.0,0.0,0.0,0.0,0.0,0.0,0.236690125780391,0.006403123511435,0.0,0.0022837411157752,0.0,0.0,0.0,0.0,0.0,0.0,0.0032159706285718,0.0081798660064864,0.0,0.0,0.0,0.0,0.0,0.0,0.0,0.0,0.0,0.0,0.0,0.0,0.0,0.0,0.0,0.0,0.0,0.0,0.0,0.0,0.0,0.0,0.0,0.0,0.0,0.0,0.0,0.0,0.0,0.0,0.0,0.0,0.0,0.0,0.0,0.0,0.0,0.0,0.0,0.0,0.0,0.0,0.0,0.0066062702474858,0.0,0.0,0.0,0.0,0.0
LH,0.0,0.0995396708638855,0.136623484864437,0.0029325926413834,0.0,0.131117496999677,0.0,0.0150301034639446,0.0183939690791364,0.0121991409863074,0.0070669444662587,0.0,0.0,0.0,0.00252676755736,0.0071160324253447,0.0,0.0051591636049051,0.0,0.0144321314824553,0.0111986729619796,0.0009138895289029,0.0,0.0385876578295941,0.000851470917568,0.0,0.0,0.0,0.0,0.0,0.0055720230743968,0.328747320811773,0.0008428713236444,0.0,0.0,0.0,0.0866056250914694,0.0,0.0,0.452312751108989,0.0,0.153599094790174,0.0,0.0,0.0,0.0,0.0046094457528869,0.0,0.0055925805991835,0.0,0.0,0.0,0.0,0.0477751241754733,0.214990865202627,6.09845207781868,0.0,0.0041501281316499,0.0,0.0,0.0011828537850303,0.016959162114627,0.169516726365926,0.0,0.0169768798552089,0.0,0.0558106433031366,0.0,0.0,0.0,0.0,0.0,0.0,1.81460569768682,0.2092748410474,0.0109938055801779,0.146399981534559,0.0,0.0,0.0,0.0479721044399406,0.173959265160607,0.0101438558169095,0.003080235168764,0.0,0.0033229657084906,0.0023170173183993,0.0,0.0,0.0,0.0,0.0056486151660944,0.0,0.0,0.0101407681891612,0.0,0.0884364177126139,0.0,0.0046056339213821,0.0454842820459441,0.001621552587431,0.206019546065452,0.669045244262312,0.0,0.0331027417228002,0.0008571169423012,1.07244780161074,0.19541327853832,0.0125138633025916,0.0179783374166407,0.0127754543970677,0.030871580576736,0.0927837265636745,0.0026799172093548,0.0117058200808285,0.0338663312895034,0.0,0.0,0.002164178905846,0.0029071601697265,0.0157361386573351,0.014166385544277,0.0,0.0,0.0011729955613863,0.0,0.0,0.0117867892353975,0.0762799846467437,0.0,0.0034947633598004,0.0818309054936418,0.0041172502274867,0.0,0.0581625915362608,0.001349748074864,0.0,0.0013908457888929,0.0038378568459921,0.0,0.0,0.0540560805980073,0.0709861751692725,0.346522306329675,0.0237100291590098,0.0,0.0,0.0,0.391688128280906,0.0311864037392254,0.0,0.025610140147773,0.0,0.0681478518819108,0.0,0.0472103947676423,0.106622814275478,0.0,0.0135904233547971,0.0070769081512373,0.0337426857683237,0.0167338693668882,0.0,0.0,0.0,0.0,0.0,0.0,0.697577825816146,0.0,0.0,0.0,0.0,0.0,0.001589858693562,0.0055373595817945,0.0,0.0,0.0092160587752139,0.0,0.0,0.153542958994567,0.0,0.0,0.0070961602465933,0.0182723405248154,0.0,0.0101685637317918,0.0,0.0,0.0528596111731359,0.0,0.0,0.0,0.0,0.001161951933509,0.0287966196052177,0.0291548727297384,0.0063124469543888,0.0,0.0,0.0509251912772947,0.0088858274691033,0.0,0.0,0.0,0.0,0.179156919822245,0.0,0.0,0.0,0.0070642500161499,0.0007586330702317,0.0,0.0690716826830582,0.0018239685349246,0.0,0.0067607058414178,0.0009652462817538,0.0,0.0,0.0,0.0,0.001004953417668,0.0,0.0616709722388617,0.0,0.0,0.0,0.0,0.0,0.0,0.0,0.0008276506139322,0.0,0.0,0.0,0.0,0.0,0.0721466052738278,0.244507864966658,0.0,0.0,0.0,0.0,0.0762074961522682,0.0,0.0,0.0429186828274547,0.0,0.0737048880630083,0.0307825573242942,0.0,0.0,0.0,0.0,0.0,0.0,0.0009965701080205,0.0,0.0,0.0,0.0,0.0433373398064435,0.540387972713746,0.0,0.0,0.0,0.0,0.0,0.0018736537245012,0.0625039990864295,0.0,0.0145147350126688,0.0,0.0211173119947442,0.0,0.0,0.0,0.0,0.0,0.0,0.008452218156868,0.0682488239679488,0.0,0.0745971324057932,0.0021321711620842,0.0,0.0,0.0,0.0631048646075293,0.0,0.0,0.0,0.0120917719105499,0.0,0.0,0.0,0.0,0.096663855428504,0.0040829940276713,0.0,0.0,0.0,0.0,0.0275958479826412,0.0,0.0,0.0869698609243138,0.0,0.0410156942564198,0.031673664989476,0.003874372614044,0.0,0.0034071128395199,0.0,0.0824461757411743,0.0082998618713827,0.0061453061624206,0.0031746114763351,0.0025717847604487,0.0,0.0,0.0,0.00839976731768,0.0,0.0,0.0,0.0072622412059854,0.0,0.0,0.0,0.0010928768435502,0.0,0.0031730785532612,0.0,0.0,0.0103496738491888,0.0,0.0,0.0134393295941034,0.0,0.0,0.0123852530848635,0.0,0.0,0.0031919463278576,0.0,0.0,0.0037933422728495,0.0152371668714917,0.0,0.106311857279007,0.0039609254732647,0.0,0.0,0.0,0.0,0.022144958961048,0.0,0.0,0.0,0.0,0.0,0.0037746015541062,0.0049530798409254,0.0,0.0,0.0,0.0197868400073226,0.0032891514589766,0.0,0.0,0.0,0.0,0.0,0.0019555143193901,0.0,0.0,0.0,0.0,0.0,0.0,0.0,0.0,0.0,0.0,0.0,0.0,0.0,0.0,0.0,0.0,0.0,0.0009254794986812,0.0,0.0,0.0,0.0,0.0,0.0,0.0,0.0,0.0,0.001000273337999,0.0,0.0,0.0,0.0,0.0,0.0,0.0011222119663344,0.0,0.0,0.0,0.0,0.0406327801983587,0.0
LHA,0.0,0.10447589844156,0.218012359458176,0.709990363071951,0.0008916680576743,0.671933634342708,0.0718589053319816,0.0,0.169093294303613,0.0994832908816166,0.0,0.0,0.0,0.0,0.0773459572245264,0.001412085727302,0.0,0.0,0.0,0.0803856411770395,0.0,0.0917749237507072,0.0456020215058205,0.748776523189587,0.0843689543496717,0.0,0.0069863743883776,0.0,0.0065673181661485,0.0,3.25914723507458,4.25939884108931,0.0,0.0,0.0,0.022404542050208,0.518743546309011,0.0015183608819688,0.0,0.0,0.0248297582473851,1.91693876507214,0.0042680292437163,0.0,0.780549860810395,0.0514307007262449,0.0356662339083685,0.0086615711894638,0.0,0.233273131278158,0.0,0.0013846156018059,0.0,1.0689953916447,0.608531622850234,6.45384237209052,0.0,0.036946051246457,2.15813182815648,0.0,0.0,0.0601877107057171,2.36492315339802,0.0,0.187915599594885,0.0,0.54484054323113,0.0,4.18839827196569,0.0,0.0008616007151633,0.0,0.0,0.0260931787091963,2.01940211222345,0.0067201367462306,0.50997694615666,0.051718609933019,0.890018097743082,0.0336631291888994,0.272299039575399,1.20807374030973,0.0,0.0,0.0,0.0328501095021047,0.21887290876732,0.0,0.0,0.0386357525116591,1.17322272511505,0.225964075125093,0.0,0.004010105264002,0.0386934233960999,0.013286389903736,0.813920088870565,0.0,0.125503150972663,0.454668056891835,0.0,1.31703848194828,4.22822352861814,0.0,3.84215230757128,0.0023196868063174,0.0531986400580375,0.0,0.0372174766003371,0.251699461713813,0.155971973796596,0.256968391558506,0.840908422011928,0.232697724296913,0.79244703744312,0.18104894809412,0.0014064350822479,0.0,0.092839725521278,0.648923183432333,0.0408194179550728,0.0,0.0069681698182127,0.0,0.0,0.0487705083653057,0.35693455557667,0.0584080450964353,0.254380772526586,0.0,0.008735915556794,0.0,0.0230229039600959,0.0,1.1141945141723,0.0103623143891613,0.002511789573912,0.0241372895402522,0.0,0.0024392793871788,0.0,0.369820438125148,0.0070130625048585,2.32915449003635,0.125569677595543,0.0,0.897214188015232,0.0,5.04317681290426,0.353553745996934,0.0,0.0181791958932973,0.0,0.0028970372782604,0.0,0.0692308824153793,0.0316964830382319,0.0,0.0261972066944663,0.0217409980403322,1.74277599559729,0.17958538629549,0.0017088771170767,0.0,0.0,0.0591238293134854,83.3552046245824,0.0,7.70014887252112,9.62438147479949,0.002153562722654,0.0018710922844209,0.0,0.0,0.0016290189866841,0.011160749200663,0.0,0.0,0.0017896838324059,0.0,0.0153352394960178,0.165935768701366,0.267918297639399,0.0,0.0,0.0638909019743794,0.0234214758897886,0.0708710949307002,0.0,1.03207043092208,1.17900873828846,0.0,0.0,0.0,0.0,0.127194403984361,0.0194274883784218,0.0015451613798581,0.0,0.0010239198937201,0.0203820827644165,0.004885638704582,0.0541164329452753,0.31535414659251,0.0,0.0075833399863099,0.0,1.84761364780573,0.0,0.0621917427026981,0.0019283794837596,0.0493193063433528,0.0,0.0,0.112757806578508,0.0,0.0,0.0,0.169288559320191,0.0,0.0,0.0,0.0,0.0039477029353509,0.0,0.438827485996042,0.0,0.0,0.0,0.0,0.0023090502804128,0.0071834786458741,0.0227259868841837,0.0097931603014936,0.0,0.0027018753375348,0.0,0.0009002711461179,0.0,0.0913538375298754,1.6862275788494,0.0,0.0,0.0009823025160115,0.0,0.550277607528377,0.0,0.0,2.76807151094135,0.0034256648645747,0.572095721392499,0.0135817014329263,0.0,0.0,0.003202141978994,0.0007458859644569,0.0,0.0,0.0017068469489175,0.0,0.0,0.0,0.0,0.0,0.135786743728141,0.0,0.0127593607837499,0.0096435691475076,0.0,0.0,0.0049608278252984,0.208321188950106,0.0,0.257650262714136,0.0,0.217624988216771,0.0,0.0016764013315088,0.0012142421279095,0.0,0.0,0.0,0.0740749451068924,0.0138265595868694,0.0,0.0,0.0899872095306006,0.0051220670828044,0.0011357311405214,0.0,0.0576889344433048,0.0,0.0,0.0,0.0358949869056388,0.0050846633661078,0.0120202654055241,0.0,0.002178829518926,0.540493410647203,0.0808187365247976,0.0,0.0,0.0020685990884072,0.0223573727680783,0.0500131145900252,0.0007933463721872,0.0078583797146373,0.352427334275142,0.0036444928921656,0.16656125836018,1.32828554625844,0.105238366982338,0.0265145457513842,0.003334337223445,0.0,0.0,0.0567256754418069,0.0126237339375537,0.0,0.005705662266689,0.0141995292769589,0.0025648594769334,0.0,0.0616634113536252,0.0,0.0007840322773941,0.0,0.0,0.0,0.0,0.0011531272615967,0.0,0.0,0.0260846766942375,0.140046228836998,0.0,0.0,0.0,0.0017143472283025,0.0,0.0065277851601387,0.0,0.318948797870376,0.0013725142603186,0.0,0.0188236473382775,0.0,0.0,0.0592803427015174,0.0,0.0,0.954681095723031,0.0137258319524744,0.0,0.0,0.0,2.17684236138313,0.313326774788459,0.0,0.0133292679433918,0.0,0.0,0.0,0.0017551752859865,0.0,0.0,0.0,0.0,0.103120253796467,0.0,0.0,0.0,0.0,0.0,0.0,0.319991707859017,0.0,0.675387651226457,0.0,0.0012025188782232,0.0007868709970235,0.0,0.0,0.0,0.0,0.0,0.0,0.0,0.0,0.0,0.0,0.0,0.0,0.0028028370501504,0.0,0.0216252470528949,0.647753323940255,0.0478422902554277,0.0550356440138889,0.0,0.0,0.0,0.0022059688780778,0.0038918444018986,0.0007894321324729,0.0,0.0,0.0,0.002277395142312,0.0,0.0,0.0415573535328282,0.0018701826064235,0.0008176518931244,0.0,0.502209591735853,0.0
LP,0.0010637640805975,0.595981686112743,0.0,0.0,0.0,0.0,0.0,0.0,0.0009630612152751,0.0036724786200434,0.0,0.743318073420148,0.0,0.0,0.0,0.0996166912065838,0.0,0.103645498186249,0.315885065701145,0.264314797523033,0.1822304554437,0.0,0.0,0.0,0.0,0.0,0.0,0.0,0.0,0.0,0.0,0.0,0.0,0.0,0.0,0.0028564313447698,0.0036905127648584,0.0,0.0,0.738058496262645,0.0029530175214595,0.0883387746965173,0.0052063285197373,0.0,0.0,0.0,0.130755125126551,0.0,0.0,0.0,0.0,0.0,0.0,0.0,0.0275882079524573,0.0,0.0,0.0,0.0020973828137979,0.0,0.0933440312402167,0.293104593639816,0.156821595160175,0.0,0.0057752956959763,0.0,0.0,0.0,0.0540515219030368,0.0036017545804689,0.0339011869349541,0.60548432878593,0.0,0.0,0.0216735103091641,1.55317059541737,0.0025768523804617,0.0,0.0,0.0,0.0011976839539512,0.0,0.0018151318915587,0.0,0.0,0.0017749966564674,0.0,0.0,0.0,0.027067832555545,0.0187004037100402,0.0122543309823647,0.0,0.0073187885941019,0.0837736527181602,0.0,0.0,0.0,0.027926208977214,0.0,0.0062363923826599,0.0,0.220822606651261,0.0228719723897415,0.0,0.0,10.3663899042578,0.43331865101119,0.0100157610805923,0.0,0.0,0.0719015846437754,0.0,0.0011367849561331,0.0036494679209645,0.014495869036852,0.0033948853059986,0.0,0.0019012099948808,0.0,0.0,0.0,0.0,0.0047287748961396,0.0096420247749207,0.0,0.0,0.0,0.0,0.0,0.106149285745403,2.21701368617356,0.0,0.0,0.0581805979754952,0.0138508566497072,0.0,0.0051706369122185,0.0017585139776011,0.0,0.003098198418755,0.0,0.282997836921498,0.238847742977329,0.0,0.0,0.0,0.0,1.23369436566311,0.0,0.0,0.109762514618746,0.0,1.37065444877999,0.634228433736036,0.260029900233811,0.131847314680206,0.0,0.146562227422929,1.06031465876529,0.0047178576556167,0.0,0.0,0.0,0.0,0.0,0.0,0.0,0.146493760918069,0.0,0.0,0.0,0.0,0.0,0.155357872441968,0.0746128480562365,0.0,0.001710354865168,0.203158498689601,0.0,0.002304755240698,0.0098577076629427,0.0,0.0,0.003433108730426,0.933182169318128,0.0,0.0,0.0,0.0,0.0,0.0,0.174879795058355,0.0,0.0,0.0303431783497859,3.08037092334981,1.97056908166631,1.85727385083999,0.313008252440724,0.0,2.78830418324586,0.0048784081385223,0.107592682322043,0.362633619234974,0.0,0.0,0.0,0.0,0.0029975220829492,0.0055125628994793,0.0,0.0,0.0,0.0,0.0,0.0,0.0,0.0170444205324949,0.0,0.0,0.0,0.0,0.0,0.0,0.0,0.0,0.0,0.0,0.0,0.0,0.0,0.0,0.0,0.0,0.0,0.0,0.0,0.0,0.0,0.0,0.0,0.0,0.0,0.0,0.0047242187976233,0.0,0.0072396651565458,0.648855753407047,0.0,0.0480630781021077,0.85893510710803,0.0,0.0,0.0,0.0,0.0,0.0,0.0,0.0,0.0032410921027234,0.0,0.0,0.0,0.0,0.0,0.0010755124201338,0.0,0.0,0.0120363815381507,0.02325515518404,0.0168156043684413,0.0,0.110354824209064,0.0054185520167269,0.0,0.0,0.0,0.0,0.0,0.0,0.0,0.0,0.0136833634700469,0.001852386096014,0.0008086416645735,0.0032288728081926,0.0,0.0,0.0,0.0,0.0,0.0,0.0012433926772883,0.0010220080297938,0.0,0.0,0.0,0.0,0.0042342182816612,0.0066252081755494,0.0,0.0,0.0017048818961373,0.0,0.0,0.0,0.0072966916535257,0.0,0.0074944168957767,0.0,0.0036156874677464,0.0492994929237243,0.0035231238495034,0.0,1.21009999840899,0.451358127664176,0.286782673021865,0.0027664956563081,0.0,0.0030104264563071,0.0,0.0,0.0,0.0,0.0,0.0,0.0,0.0,0.0,0.0,0.0,0.0034292109766989,0.0517460802316549,0.0179427611707404,0.0010962808960392,0.0,0.0,0.0,0.0008628705813375,0.0,0.0,0.0,0.0976002688304662,0.0,0.0,0.0093187485192724,0.0,0.0,0.0079336560990911,0.0015226810560786,0.0,0.0026280138070288,0.0,0.0,0.0015488843206866,0.0,0.743503931293608,0.0045829413846213,0.0,0.0032255659054583,0.0,0.0,0.0,0.0009405840294048,0.0,0.0,0.039710421119469,0.16403267001066,0.0,0.0,0.0,0.0,0.0,0.0,0.0,0.0008201789837955,0.0,0.0232532106714956,0.0,0.0011672498217726,0.0,0.0,0.0,0.0,0.0,0.0,0.0,0.0,0.0,0.0114730624115035,0.0012386410447659,0.0,0.0,0.0,0.0,0.0,0.0,0.0,0.0,0.0,0.0,0.0,0.0028600847998549,0.0,0.0,0.0006269417363662,0.0,0.0,0.0,0.0,0.0006900151206595,0.019758565154573,0.0,0.0,0.0,0.0043184152326908,0.0
LPO,0.0,0.0085685581279241,0.0411406390376571,0.260419033580617,0.0,0.156962648950957,0.008902187765688,0.0,0.0,0.0194656016836543,0.0,0.0,0.0,0.0,0.035636943046095,0.0,0.0,0.0,0.0,0.0100598801630333,0.0,0.0699834654759555,0.0356147527307366,0.203034741008424,0.0257780364204278,0.0,0.0093188532431788,0.0,0.0,0.0,0.396045140113938,1.40604680067306,0.0,0.0,0.0073861321325152,0.0,0.152981665633094,0.0,0.0,0.0,0.0067360583355356,0.274317739220184,0.0,0.0,0.0572327564016324,0.0,0.0136849975714826,0.0014853587893593,0.0,0.140954055930086,0.0,0.0,0.0,0.0,0.0334332613033586,0.959818043462068,0.0,0.0006951220333519,0.638734432841897,0.0,0.0,0.0007427755905025,0.621488561301072,0.0,0.0669020129593031,0.0,0.199158757674956,0.0,1.45489075552746,0.0,0.0,0.0,0.0,0.0116338538385843,0.260605530934794,0.0,1.05691527671624,0.0101687072777747,0.788548627611705,0.0112408842531895,0.412093262896542,0.253138986621057,0.0,0.0,0.0,0.0054597157067212,0.0502081736852384,0.0,0.0,0.0,0.179693940808213,0.0896680566824834,0.0031019540190036,0.0,0.0023281894132407,0.0,0.345328939465337,0.0,0.001512439761277,0.13502737811302,0.0009989619244912,0.365141573102349,0.618648860832628,0.0,0.952771118375402,0.0,0.0,0.0057727130847004,0.004495990450587,0.0190170005633464,0.0375627390274929,0.0057461848343689,0.242664280979773,0.0899478414110792,0.145817846100267,0.050940631675272,0.0,0.0,0.0205494112597814,0.151909490025775,0.0,0.0,0.0,0.0,0.0,0.0056223579302717,0.155317543213463,0.0025680694874957,0.0322504506817182,0.0,0.0,0.0,0.0,0.0,0.197734063966905,0.0,0.0,0.0066688881119145,0.0,0.0,0.0,0.185108058447962,0.0,0.617495989619016,0.0372816103057015,0.0,0.457482304600036,0.0,1.03794247155298,0.11677765486148,0.0,0.0255817422195931,0.0,0.0,0.0010510305876572,0.0196487952456795,0.0031162343071302,0.0,0.0,0.0,0.62762463495074,0.0,0.0,0.0,0.0,0.0,0.0,0.0,0.574574954301526,1.08524500984748,0.0,0.0,0.0,0.0,0.0,0.0,0.0,0.0,0.0,0.0,0.0,0.0,0.0330091441572303,0.0,0.0,0.0151825505722538,0.0239650417632439,0.0153543367258965,0.0,0.261476527014703,0.334545447174198,0.0,0.0,0.0,0.0,0.0161251508355575,0.0,0.0,0.0,0.0,0.0,0.0,0.0021868198798196,0.0,0.0,0.0,0.0,0.394294316090761,0.0,0.0044835696028578,0.0,0.0031941622557582,0.0,0.0,0.0082080020097164,0.0,0.0,0.0,0.0506821334199196,0.0,0.0,0.0,0.0,0.0026435388895787,0.0,0.0630211152885109,0.0,0.0,0.0,0.0,0.0032739362925983,0.0056061554524258,0.0060967408750376,0.0009376518143934,0.0,0.0061795446782627,0.0,0.0,0.0,0.0072152867090507,0.386036285249552,0.0,0.0,0.0014560671348702,0.0,0.161310643454356,0.0,0.0110020183007459,0.297530429103895,0.0033942921091193,0.117262609899602,0.0017012268063961,0.0,0.0,0.0,0.0009072054899458,0.0,0.0,0.0,0.0,0.0,0.0,0.0,0.0,0.0438570217838775,0.0,0.0,0.0024898901717792,0.0,0.0,0.0,0.0211102116377851,0.0,0.103405969841153,0.0,0.0646249188122542,0.0,0.0,0.0,0.0,0.0,0.0,0.0054732972141074,0.0,0.0,0.0,0.020742181719586,0.0,0.0032025437249691,0.0,0.0,0.0,0.0,0.0,0.0131115664595481,0.0015985911507133,0.0,0.0,0.0015199622293238,0.0374728650308948,0.0326691887744824,0.0,0.0,0.0,0.0149338825597903,0.0332022786366042,0.0,0.0,0.119309740774894,0.0,0.0521946604592908,0.175646153046895,0.0,0.0,0.0,0.0,0.0042829763349096,0.0020210580205211,0.0,0.0,0.0,0.0,0.0,0.0,0.0141300972236738,0.0,0.0,0.0,0.0,0.0,0.0,0.0009996084003047,0.0,0.0,0.0048940266804823,0.0244297634399408,0.0,0.0,0.0,0.0,0.0,0.0,0.0,0.0823440031193069,0.0,0.0,0.009778222702983,0.0,0.0,0.0021430290637308,0.0,0.0,0.202932586131283,0.0031361706447244,0.0,0.0,0.0,0.415823650458832,0.110434067956007,0.0,0.0060232963912358,0.0,0.0,0.0,0.0,0.0006599321987771,0.0,0.0,0.0,0.0,0.0,0.0,0.0,0.0,0.0,0.0,0.0165071949812004,0.0,0.0820876520870694,0.0,0.0,0.0,0.0,0.0,0.0,0.0,0.0,0.0,0.0,0.0,0.0,0.0032813563760049,0.0,0.0,0.0,0.0,0.0,0.508275799794971,0.0054480572408338,0.0465201773171531,0.0,0.0,0.0,0.0,0.0,0.0,0.0,0.0,0.0,0.0,0.0,0.0,0.0023216187747754,0.0,0.0,0.0,0.0914876203453015,0.0
LRN,0.0,0.0017092875399775,0.0,0.0,0.0,0.0,0.0,0.0,0.0008466792422823,1.47040957691286,0.0,0.0062448797632612,0.0,0.0,0.0,0.0,0.0,0.0,0.0006671498478275,0.0,0.0,0.0,0.0129689447112226,0.0025666239496973,0.0,0.0179823711277408,0.0,0.0,0.0044601492890546,0.029431144533181,0.0,0.0,0.0,0.0111940096357963,0.0,0.0007434799570022,0.0,0.004754486123673,0.0,6.42090479861918,0.0462496151706919,0.0023025230650046,0.0079877067473034,0.0,0.0,0.0,0.0,0.0,0.0,0.0,0.0,0.0157723482953297,0.0,0.0,0.002136626134662,0.0,0.0341623072631905,0.001056263473323,0.0,0.0015667010772252,0.0058987639697284,0.0007820762330519,0.0,0.0,0.0,0.006267680799712,0.0,0.108227122248827,0.0,0.0267153890715803,0.0,0.0,0.0,0.0,0.0015878614648844,0.0,0.0026991987792077,0.91140446411369,0.0019245660603171,0.0,0.0,0.0,0.48064153576628,0.0,0.0782197430262833,0.0753156505232585,0.0,0.0,0.0,0.0,0.0,0.0007976426101577,0.0,0.0075442789722503,0.0017379632963598,0.0,0.0,0.0024630386011676,0.0043926875988207,0.0,0.0347419025918835,0.0,0.0,0.109782972296571,0.0,0.341915307938025,0.0,0.0,0.223271811437174,0.0,0.0,0.0,0.0,0.0,0.0,0.0091251012450418,0.0,0.0,0.0066186269425739,0.0112260474470984,0.0011355532482109,0.0,0.0010208892956465,0.0012135716598426,0.0,0.176051205834931,0.0,0.0,0.0017326983572684,0.0,0.0,0.0,0.0069324997191814,0.0,0.0091624417749649,0.0,0.0,0.0174110318215861,0.027946149656082,0.0234860184805555,0.0050090554019482,0.0,0.0024681692018363,0.0162932794863797,0.0,0.0,0.0,0.0021936870426126,0.0,0.0,0.0,0.0142748621547447,0.0,0.0,0.0,0.0,0.0,0.0,0.0031351628245058,0.0,0.0,0.0,0.0008888077079604,0.0,0.0,0.0010994532917458,0.0,0.0041899201095529,0.0,0.0339148411505396,0.0,0.0389127137742913,0.0520996143249174,0.0,0.0010945129381302,0.0122827266231042,0.0,0.0,0.0,0.0,0.0,0.0007385582210302,0.0,0.0,0.123027244740452,0.0,0.0,0.0,0.0,0.0,0.0,0.0,0.0,0.0305781904927191,0.0,0.0,0.0081488010754551,0.0,0.0,0.0007708827454993,0.0393654447051046,0.0,0.0022990531971615,0.0013480798845571,0.0087119968101175,0.0035021757461078,0.0,0.0,0.0,0.0,0.0022673466297027,0.0,0.0,0.0,0.0,0.0,0.0,0.0,1.91632573309625,0.0,0.0025554792964486,0.0,0.0,0.0,0.0,0.0,0.0,0.0,0.0,0.0,0.0,0.0106196482838263,0.0064840514954058,0.0,0.0132473225352327,0.0,0.0,0.0032619931862911,0.0508527163859996,0.0,0.0704299765294743,0.0,0.0096725907478903,0.0,0.0,0.0,0.0017873658721525,0.0035975415516252,2.71141358909958,0.0394080318528902,0.0006104713283117,0.0352879854760471,0.0,0.0,0.0,0.0,0.0,0.0,0.0,0.0,0.053515681606963,0.0,0.0,0.0012877342412179,0.0,0.0072125254009786,0.0018055083033855,0.0,0.0025702241929044,0.003622569905102,0.0,0.0,0.0,0.0,0.0,0.0,0.0272309014220373,0.00084442363501,0.0717679094441221,0.0,0.0,0.0,0.0,0.0,0.002207274575381,0.0048468385601266,0.0492455355057336,0.0006580839893581,0.0,0.0,0.0,0.170076963007034,0.0,0.0327622425983202,0.0019489294897592,0.0,0.0,0.0,0.0,0.0,0.0,0.0,0.0084647799434532,0.0031849260808092,0.0,0.0,0.0,0.0,0.0,0.0094474472500259,0.0,0.023079939187098,0.0222837425017226,0.0,0.674636756455452,0.0,0.0,0.0579791023308192,0.0,0.0,0.0,0.0,0.0,0.0,0.0014056766284982,0.0,0.0,0.0019758430529444,0.0,0.0006824782290536,0.0,0.0,0.0,0.0,0.0020216396563271,0.0,0.0,0.0,0.0,0.0,0.0,0.0048181636431208,0.0,0.0014981233402859,0.0,0.0,0.0105761312623524,0.0097143767175626,0.103277545132031,0.0,0.0,0.0049538956942242,0.0,0.0,0.0,0.0,0.0,0.0,0.0,0.0,0.163086284856792,0.0,0.0,0.0,0.0,0.0,0.0,0.0,0.0,0.0,0.0,0.0,0.0,0.0,0.0,0.0,0.003225829160958,0.0007829681912713,0.0153094751673241,0.0163230267905006,0.0118199085808854,0.0035495080629837,0.0,0.0018659784687135,0.0056033938965144,0.0,0.0,0.0,0.0,0.0,0.0,0.0,0.0,0.0850855531571994,0.0,0.0,0.0,0.0,0.0,0.0,0.368977924301004,0.0,0.0286730329343712,0.0,0.0,0.0033121702493037,0.0,0.0,0.0007169118467708,0.0176767139503913,0.0,0.0,0.0015853060582186,0.0009330619879617,0.0,0.0,0.0632077083625231,0.0
LSc,0.0,0.0056189030652127,0.0,0.0,0.0,0.0452151313316312,0.0,0.0,0.0,0.0006428506588922,0.0,0.0,0.0,0.0,0.0009933642492949,0.0,0.0,0.0,0.0,0.0,0.0,0.0143963788908554,0.0035992208901316,0.0,0.0,0.0,1.90413758313338,0.0,0.0,0.0,0.335660627454242,0.0499489593798722,0.0,0.0,0.0,0.0020187315142211,0.0300481228445672,0.0,0.0,0.0,0.0,0.0547858389727033,0.0,0.0091543668601202,0.0314121741582353,0.0034596029478852,0.0142216195162919,0.001716414644677,0.0,0.0,0.0,0.0,0.0,0.0,0.0,0.0,0.0,0.0,0.0022766053629893,0.0,0.0,0.0,0.0123313076382274,0.0,0.0046656481892998,0.0,0.0644806920880897,0.0,0.0,0.0,0.0,0.0,0.0,0.0,0.114224248438959,0.0,0.20617114997041,0.0,3.3295994761251,0.0,0.0276151102750345,0.0,0.0,0.0,0.0,0.0007868364453181,0.0,0.0,0.0,0.0,0.0,0.0291303238325291,0.0,0.0,0.0,0.0,0.0522947930177974,0.0,0.0,0.0574860080191908,0.0,0.180206249744636,0.0,0.0,0.0,0.0,0.0,0.0045976106210203,0.0021475489696953,0.0,0.005345761402188,0.0,0.0,0.0332101768589537,0.0,0.0,0.0046478550811676,0.0,0.0044108889017566,0.0145601835367373,0.0050397235092315,0.0,0.0,0.0,0.0,0.0,0.0,0.0,0.0,0.0,0.0013586736011399,0.0,0.0,0.0,0.0209425048954776,0.0137095373901845,0.0,0.0,0.0,0.0,0.0,0.016071409385253,0.0,0.0,0.0,0.0,0.0,0.0,0.0,0.0130107346996578,0.0,0.0,0.0,0.0042404075265686,0.0,0.000981773449048,0.0,0.0,0.0,0.0,0.678442368587577,0.0,0.0,0.0,0.0,0.0,0.0,0.0193512751316902,0.0,0.0044814767683896,0.0,0.0,0.0,0.0,0.0,0.0,0.0031644038113868,0.0,0.0,0.0,0.0010065300224919,0.0,0.0215650571133228,0.0,0.0,0.0,0.0,0.0,0.0,0.0,0.108361049346636,0.0,0.0,0.0,0.0,0.0,0.0014775083531707,0.0017456516209318,0.001821191857491,0.0,0.0008752917873033,0.0015339662983123,0.0,0.0,0.0,0.0,0.0,0.0414137960920433,0.0,0.0,0.0007676392435804,0.0,0.0,0.0,0.0033998199589746,0.0067912034030984,0.0,0.0,0.0019697715144491,0.0,0.0,0.0,0.0,0.0006789450325503,0.0,0.0,0.0,0.0,0.0012315981583644,0.0,0.0027431804132459,0.0006198093099083,0.0,0.0,0.0,1.74987244623474,0.0,0.0,0.0,0.141461970279069,0.0171510895615934,0.0,0.0,0.0,0.0,0.049893184208622,0.0,0.0,0.0,0.0,0.0090851372320168,0.0,0.019814125274367,0.0098521930499425,0.0,0.0116885861938765,0.0,0.0,0.0,0.0,0.0,0.0,0.0,0.0,0.0,0.0,0.0,0.0,0.0,0.0,0.0,0.0114581274815077,0.0,0.0167751616219022,0.0,0.0104375727943077,0.0,0.0,0.0,0.0,0.0,0.0,0.0,0.0066752533125421,0.0,0.0382373100932427,0.0,0.0084127072753402,0.0,0.0,0.0,0.0,0.0,0.0,0.0,0.0,0.0,0.0,0.0,0.0,0.0178746973763658,0.0,0.0013278851528946,0.00090669935976,0.0,0.0,0.0,0.0,0.0512297068832861,0.0,0.0480903907107381,0.0757887479280027,0.0,0.0,0.0,0.0,0.006032094729542,0.0,0.0021933835150302,0.0076852100403389,0.0006159542036917,0.0,0.0,0.0,0.0,0.0130529660886543,0.0,0.0009864610709335,0.0,0.0065055421136405,0.0,0.0,0.0,0.0,0.0,0.0027297977265036,0.0,0.0,0.0,0.0,0.0,0.0,0.0,0.0137377440812002,0.0029587004713159,0.0,0.0,0.0,0.0,0.0,0.0,0.0,0.0126511732740062,0.0,0.0,0.0,0.0,0.0,0.0128305024396652,0.0,0.0,0.0,0.0,0.0,0.0,0.0,0.0,0.0,0.0,0.180851190122054,0.0,0.0,0.0,0.0,0.0,0.0,0.0797408250893579,0.0,0.0,0.0,0.0,0.0,0.0,0.0,0.0,0.0136103926280198,0.0007813679065067,0.0,0.0006782008001943,0.0037552715130936,0.0,0.0068114679998078,0.0,0.0,0.0024593986058149,0.0,0.0,0.0165199903747761,0.0,0.0045138995578769,0.0,0.0,0.0,0.0,0.0,0.0,0.0,0.0,0.0,0.0,0.0,0.0,0.0,0.0,0.0,0.0,0.0227150184714239,0.0
LSr,0.0,0.034733802404313,0.109108659832218,0.185364306724937,0.0069924659235298,0.367293577764468,0.0007644953652716,0.0,0.0132771008944473,0.0198586902229425,0.0,0.0,0.0,0.0,0.0446180859805137,0.0,0.0,0.0,0.0011709900835742,0.0,0.0,0.0765681449249939,0.0259437359318884,0.0360431218525231,0.791472859414505,1.0989815916857,1.21142545899474,0.0,0.0,0.0094555628751225,0.0,1.46744749760252,0.0,0.0,0.178088263010445,0.0,0.253170890950332,0.0,0.0,0.0,0.0,0.225776558134677,0.0,0.0,0.449676144418616,0.220387937294134,0.199957047066101,0.122661002482457,0.0452328061055569,0.711582073994673,0.0,0.0,0.0034796669560884,0.0,0.0202504672549446,0.0,0.0,0.0029165223212324,0.16411801630886,0.0,0.0,0.0006615600008936,1.40484964788,0.0,0.083061049877108,0.0,0.46792867348695,0.0,0.0345552582009969,0.0,0.0,0.0,0.0,0.0,0.437383284638592,0.0,0.177945943211664,0.0,5.50172763706238,0.954100204218313,1.77148270957584,0.0,0.0,0.0,0.0,0.012263505266138,0.0174152845696114,0.0,0.0,0.0010852914138286,0.0,0.271739292747264,0.0047957276685706,0.0,0.0,0.0,0.607577701369794,0.0,0.0,0.897394506133795,0.0039769890917473,1.60214400926091,0.0,0.0,0.307037427084927,0.0,0.0,0.10768340340694,0.003058495754746,0.0,0.0655627410268215,0.0302724377353414,0.0,0.486795112714471,0.0597890001106902,0.0,0.0,0.0,0.0075475220147785,0.133057429226809,0.0,0.0,0.0,0.0,0.0,0.0084399521730154,0.390054583799053,0.0041074534791449,0.0,0.0,0.0,0.0,0.0042164336085972,0.0,0.121873707652062,0.0122066122362229,0.0,0.0015555722611524,0.0,0.0,0.0,0.940860909115598,0.0,2.33051319342736,0.176669197625886,0.0,0.417258229780083,0.0,0.0,0.267035766077478,0.0,0.0,0.0,0.0131333943841035,0.0,0.0332683958465291,0.0,0.0,0.0,0.0,2.72484016880737,0.0,0.0,0.0,0.0,0.0,0.0,0.0,2.45982762752704,0.744340410134131,0.0,0.0,0.0,0.0,0.0,0.0,0.0,0.0,0.0,0.0,0.0,0.0008763522201153,0.0,0.0,0.0,0.0,0.0250452702391859,0.0,0.0,0.644566095134227,1.3066968110287,0.0,0.0,0.0,0.0,0.0020721707716476,0.0,0.0085718821570221,0.0213562270742811,0.0,0.0,0.0049634655348049,0.0,0.0,0.0,0.0,0.0,0.48826669073717,0.0,0.0049855568468209,0.0054666417372461,0.0337624998578809,0.0,0.0,0.0520549657136046,0.0,0.0,0.0074487949354887,0.0178730484901331,0.0,0.0,0.0,0.0,0.0,0.0,0.0,0.0,0.0,0.0115290177342958,0.0,0.0074440207961473,0.0048827416962244,0.0,0.0,0.0,0.743857486456775,0.0,0.0,0.0,0.0481238671425051,0.40035217125094,0.0,0.0,0.0055550000728091,0.0007372908596149,0.336816861621772,0.0,0.0,0.0,0.0,0.1448958057816,0.0,0.0,0.0,0.0,0.0366186176106765,0.013875059921773,0.0062277079720834,0.082121343295141,0.0,0.0,0.0,0.008622734643566,0.0,0.0,0.0,0.0044463200291617,0.0024234969759168,0.0,0.0,0.0,0.429752721929844,0.0,0.113791403152738,0.0,0.178825025141612,0.0,0.001457415945552,0.0,0.0,0.0,0.0,0.0026321890174544,0.007458184554822,0.0,0.237853148765662,0.0,0.13034460256532,0.0,0.0,0.0008449588561512,0.0,0.0,0.0,0.002120999888449,0.0018782283120024,0.01284866457988,0.0,0.0007310725752906,0.0,0.118487777541514,0.0,0.0,0.0015714679484258,0.0,0.0,0.0,0.0,1.49321968666664,0.0,0.0,0.488769703181007,0.0043603985008189,0.0287635680918839,0.0,0.0,0.0119127085528386,0.0027650434764377,0.0030978486450113,0.0510327312375936,0.0054482934981413,0.0031191214634598,0.0016228701745882,0.0538451020485047,0.0072160016534229,0.0,0.0,0.0,0.0,0.127350312402501,0.0,0.0,0.0,0.0,0.0060228629747528,0.0640103539980136,0.0037608901072352,0.0,0.0,0.0,0.0,0.0042657265064475,0.0,0.0364702690238691,0.0,0.0,0.0,0.0,0.0,0.0,0.0,0.0,0.694096194528023,0.014924210505423,0.0,0.0,0.0,0.0958048651008913,0.272839233623713,0.0,0.0,0.0,0.0010388189383252,0.0,0.0301856629427252,0.0,0.0,0.0,0.0,0.82972441388802,0.0,0.0,0.0,0.0,0.0,11.9401402678996,0.0633484961749652,0.0,0.0292948104527983,0.0,0.0,0.0,0.0,0.0,0.0,0.0009588298605785,0.0,0.0,0.0,0.0,0.0008247476393827,0.0216061747155297,0.0,0.0,0.0122900256533557,0.0007362330625663,0.0,0.0,0.260666922067802,0.0941483497088592,0.323619111416541,0.0,0.0020840562004173,0.0,0.0,0.0,0.0013243235036417,0.0017291391492688,0.0,0.0099148532779277,0.0,0.0,0.0,0.0,0.0,0.0,0.203694729743014,0.0
LSv,0.0,0.0,0.0085640851023309,0.216442525637454,0.0009543569560022,0.108593338724411,0.0,0.0,0.0,0.0100804715911196,0.0,0.0,0.0,0.0,0.0193345418513253,0.0,0.0,0.0,0.0,0.0049277224136478,0.0,0.0256381622821202,0.0334148294596913,0.129754534877878,0.0924725855130422,1.42424554266679,0.0,0.0,0.0,0.0009230398203011,0.0404340075494301,0.0572169568551618,0.0,0.0,0.0915829241431194,0.0,0.0255725908917587,0.0,0.0,0.0,0.0048110005481313,0.300561773159955,0.0,0.0,0.0219100067700054,0.0028293245100298,0.0104579272631749,0.0146089081607019,0.0,0.0497826320346446,0.0,0.0,0.0028322329412248,0.0,0.0058945347543969,0.0,0.0,0.0,0.287526497016729,0.0,0.0,0.0,0.263544369827549,0.0,0.0,0.0,0.0018156227049283,0.0,0.107522223007542,0.0,0.0,0.0,0.123394822951626,0.0,0.0879537203772356,0.0,0.0,0.0088577604527339,0.0,0.20501148836223,3.03303152887263,0.0,0.0,0.0,0.0,0.0,0.0394032181178545,0.0,0.0,0.0,0.0,0.0,0.0038937644243791,0.0,0.0,0.245954220731521,0.11321028442371,0.0,0.0,0.125267057673025,0.0010268291515855,0.0,0.0,0.0,0.0668636435422923,0.0,0.0,0.0452235048071643,0.0065001491693177,0.0,0.0,0.0008251987219356,0.0,0.767938027496043,0.0246018371377488,0.0,0.0,0.0,0.0095877474722196,0.0177238413626101,0.0,0.0,0.0,0.0,0.0,0.0,0.19007943176284,0.0,0.0,0.0,0.0,0.0016372013566423,0.0006487741109897,1.13521403596817,0.0325434303202769,0.0,0.0,0.0011200910179237,0.0,0.0,0.0,0.629900065637796,0.0068282441401726,1.43819603568027,0.156111472704502,2.90565280752878,0.583668722790563,0.0,0.525937415984555,0.107467802332394,0.0,0.0,0.0,0.0,0.0,0.0037664776584368,0.0,0.0,0.0,0.0,0.0,0.0,0.0,0.0,0.0,0.0,0.0,0.0,0.997662541157017,0.0668736718038255,0.0,0.0,0.0,0.0,0.0,0.0,0.0,0.0,0.0,0.0,0.0,0.0,0.0111382841752817,0.0,0.0,0.0011692926658815,0.0292755173742509,0.0,0.0,0.126843193815481,0.542141679675183,0.0,0.0,0.0,0.0,0.001009700353377,0.0,0.0,0.0015205279205411,0.0,0.0,0.0,0.0,0.0,0.0,0.0,0.0,0.171355458826794,0.0008912337186191,0.0,0.0,0.0010176326435608,0.0,0.0,0.0138686653083106,0.0,0.0,0.0,0.0068115917896003,0.0,0.0,0.0,0.0,0.0028594209320474,0.0,0.296217956230918,0.0,0.0,0.0,0.0,0.0,0.002238470399632,0.0056863815817565,0.0021426969307612,0.0,0.00192588717322,0.0,0.0,0.0,0.0,0.0252171962281581,0.0,0.0,0.0043712434645388,0.0,0.0256953619398484,0.0,0.0,0.0,0.0009001733029597,0.154587403798142,0.0,0.0,0.0008627790556454,0.0,0.000951511215125,0.001583759356287,0.0,0.0064247613067728,0.0,0.0,0.0008430977093867,0.0,0.0,0.017800937229711,0.0,0.0,0.0027306811200408,0.0,0.0,0.0,0.0246629692877778,0.0,0.0083669198066528,0.0,0.0092631018632904,0.0,0.0,0.0,0.0,0.0,0.0,0.0010695132606094,0.0,0.0,0.0068806402366377,0.0027620324358298,0.0,0.0034391472569477,0.0,0.0,0.0,0.0,0.0,0.0,0.0014350867949401,0.0,0.0,0.0,0.0,0.0123212037922584,0.0,0.0,0.0,0.0438301571532023,0.0044217737533135,0.0,0.0,0.44202235653024,0.0,0.0,0.0,0.0,0.0061067690793192,0.0,0.0,0.0133665932946792,0.0008301902831486,0.0,0.0,0.0,0.0,0.0,0.0028519404093796,0.0006378904771281,0.0,0.0,0.0,0.0011590185540169,0.0,0.0,0.0,0.0,0.0,0.0007050905028874,0.0561820107733077,0.0,0.0,0.0,0.0006052492626073,0.0,0.0,0.0656007187089607,0.0047463060447822,0.0,0.0,0.0009911041019843,0.0,0.0,0.0,0.0583246484034894,0.0,0.38451834716135,0.0169598941146549,0.749419623971894,0.0,0.0,0.0,0.124162947937612,0.0,0.0,0.0,0.0,0.0,0.001905385640426,0.0,0.0,0.0,0.0,0.0165952454465549,0.0,0.0,0.0,0.0,0.0,0.0,0.0,0.0,0.0067539873109611,0.0,0.0,0.0,0.0,0.0,0.0,0.0,0.0,0.0,0.0,0.0,0.0,0.0042660813259492,0.0,0.0,0.0,0.0,0.0,0.0,0.0117528131675825,0.0424014919345063,0.0158393129581468,0.0,0.0,0.0,0.0,0.0,0.0,0.0,0.0,0.0,0.0,0.0,0.0,0.0,0.0,0.0,0.0798438102300779,0.0
MA,0.0,0.0013296760081501,0.0,0.0049423724926293,0.0,0.0059511046877361,0.007647353596635,0.0274058553178072,0.119202574613728,0.0030795668137097,0.0,0.0,0.0,0.0147719996132342,0.0579943862669223,0.0,0.0018563101347597,0.0,0.0,0.0077313035063456,0.0,0.155585688653036,0.0385632320152804,0.0029309411224716,0.0,0.0,0.0010190068122171,0.0,0.0,0.0,0.0,0.098971970900295,0.0,0.0,0.0181816145081913,0.0047659593880164,0.0131800624715034,0.0,0.0,0.0,0.0022600268488409,0.0007383260615978,0.0,0.0,0.0188451462194634,0.0,0.0557374975130946,0.0,0.0212723994330857,0.643042892927476,0.0,0.0,0.0,1.00773990546062,0.0274003734625267,0.332484315584732,0.0,0.0049236089019591,0.424206082344936,0.0,0.0,0.0010677957448283,0.0619575792729,0.0,0.0114694288966751,0.0,0.0027508892731511,0.0,0.168061615269896,0.0,0.0,0.0,0.0,0.0,0.0592544142682924,0.0,0.0630129057899663,0.0,0.0009650453250005,0.0,0.0018671681888426,1.33458779724378,0.0018255601851815,0.0026183368598176,0.0,0.0009020042269575,0.0207633737322474,0.0,0.0,0.0023096268969858,0.0,0.0137753105903775,0.0,0.0,0.0007970730829169,0.0,0.0008181586656637,0.0,0.003957706979576,0.0593084580963419,0.0,0.0267319825907303,0.265465075744547,0.0,0.494380013248074,0.0,0.0,0.0,0.0014492501820133,0.0979831269829124,0.0342059260986994,0.030093378619517,0.283334347981752,0.0272967539935043,0.514265072681191,0.0044820431643231,0.0,0.0,0.0018178220862876,0.0011857484695341,0.231490845239572,0.0,0.0,0.0,0.0,0.0029808542670174,0.0181909512065963,0.153226082383842,0.0,0.0,0.0014328525124226,0.00317840440673,0.0,0.0,0.0518253465997066,0.0007581065145053,0.0,0.0,0.0,0.0,0.0,0.0049617108077598,0.0,0.0994386737437814,0.0114539540359839,0.0,0.0,0.0,0.236252341996868,0.0280197967405042,0.0,0.0248661984388522,0.0,0.0,0.0,0.0048271900279668,0.0,0.0,0.0,0.0,0.123245308789571,0.176395183285172,0.0,0.0,0.0,0.0,0.575723969183354,0.117454842411872,0.0,0.126789572125587,0.0,0.0,0.0,0.0,0.0,0.0,0.0,0.0,0.0,0.0,0.0,0.0,0.0,0.0,0.0041138481082272,0.0118611870673263,0.0357490684493199,0.0,0.0,0.459462746668329,0.0,0.0,0.0,0.0,0.0,0.0023387578531624,0.0,0.0,0.0,0.0,0.0,0.0,0.0,0.0009378092896213,0.0,0.0,0.0,0.176729890985257,0.0,0.0,0.0,0.0,0.0,0.0,0.0,0.0,0.0,0.0,0.0066234001573241,0.0,0.0,0.0,0.0,0.0020241949366617,0.0,0.0,0.0,0.0,0.0,0.0,0.0106158412884458,0.000848825805857,0.0,0.0,0.0,0.001551594114566,0.0,0.0,0.0,0.0,0.0347797722984674,0.0,0.0,0.0,0.0,0.023756743644449,0.0,0.0,0.0507709833354589,0.0024004554928654,0.0,0.0,0.0,0.0,0.0,0.001548558599283,0.0,0.0,0.0009299101321086,0.0,0.0,0.0,0.0,0.0,0.0141601559641009,0.0,0.0,0.0,0.0,0.0,0.0,0.0008962938559917,0.0,0.0142690289617536,0.0,0.0,0.0,0.0,0.0,0.0,0.0,0.0,0.0008660852712744,0.0,0.0,0.0064264321235266,0.0012728432316894,0.0018598493334259,0.0,0.0,0.181730714305208,0.0,0.0,0.0,0.0,0.0,0.0,0.0,0.0,0.0015264765483394,0.0,0.0,0.0,0.0,0.0,0.0,0.0,0.0,0.0335498191217813,0.0,0.0140600058616968,0.0265367427802328,0.0058315209642768,0.0,0.0,0.0,0.0,0.0006530753025502,0.0,0.0,0.0,0.0,0.0,0.0,0.0023819268747016,0.0,0.0,0.0,0.0,0.0029143264211891,0.0,0.0,0.0,0.0029747875445538,0.000805165124682,0.0080274690687523,0.0,0.0,0.0,0.0012598346394114,0.0,0.0,0.0,0.0044376227440862,0.0,0.0,0.0009820926358637,0.0,0.0,0.0010978981849339,0.0,0.0,0.010401826358614,0.0,0.0,0.0,0.0,0.0243402287627605,0.024386994840418,0.0,0.0037556788814578,0.0,0.0,0.0,0.0,0.0,0.0011387040372627,0.0,0.0,0.0599842820082516,0.0,0.0,0.0,0.0,0.0,0.0,0.0282771622803765,0.0,0.0104331379625296,0.0,0.0,0.0,0.0,0.0,0.0,0.0,0.0,0.0,0.0,0.0,0.0,0.0,0.0,0.0,0.0007448547880586,0.0,0.0,0.186642796400793,0.0063614581244918,0.0028068549133134,0.0,0.0,0.0,0.0,0.0,0.0,0.0,0.0,0.0,0.0,0.0,0.0,0.0,0.0,0.0,0.0,0.0760034378324295,0.0
MARN,0.0143237400299855,0.012483607221594,0.0,0.0,0.0,0.0,0.0,0.0,0.0,0.0,0.0,0.0,0.0,0.0,0.0,0.0107804462298955,0.0,0.0,0.0006046915931936,0.0,0.0,0.0,0.0,0.0051479251680841,0.0,0.0,0.0,0.0091048321280981,0.0,0.0,0.43318668304644,0.0,0.0,0.0,0.0,0.0,0.0,0.0,0.0252137025115156,6.74019382344336,0.0007734667324912,0.0210707669109985,0.0,0.0,0.0,0.0,0.0,0.0,0.0,0.0,0.0,0.0320683571965743,0.0,0.0,0.0212186173150372,0.0998765446228564,0.145155799661276,0.0,0.0,0.0,0.079375413562296,0.0225842080577398,0.0,0.0,0.0,0.0,0.0,0.0,0.0,0.0375226089016549,0.0,0.0,0.0,0.0,0.0153132807313333,0.0027656160830701,0.0014429229189935,0.0,0.0,0.0,0.0014539910462468,0.0,1.93339505374096,0.0,0.0,0.0,0.0021643745366158,0.0,0.0,0.0,0.0,0.0017976869730366,0.0,0.0815990266350426,0.0500764070327384,0.0008121424085569,0.0142005684283569,0.0,0.0967933678871097,0.0,0.0501325328581791,0.0,0.0,0.0859613131443111,0.0,0.343157000769846,0.0,0.0,0.0871440245159049,0.0184677712743611,0.0,0.0030006345004019,0.0,0.0,0.0,0.0769108593529585,0.0,0.0358558933349843,0.0130234460303678,0.0015333727237396,0.0,0.0,0.0,0.0,0.114586344650997,0.277398735912217,0.0,0.0,0.0368351171330289,0.0,0.001880485995406,0.0,0.0,0.0,0.0417350953704882,0.0,0.0,0.129947915836239,0.0768421508040257,0.0,0.0110417289451152,0.0,0.0114861307819512,0.0221149349995118,0.0,0.0,0.0,0.0,0.0087186355238999,0.0,0.0,0.0553808475056624,0.0,0.0019403731044206,0.0,0.0,0.0047100439118808,0.0,0.0342607396273488,0.0,0.0,0.0,0.0,0.0062076003130282,0.0,0.0034706637387489,513.029581360812,0.0010866208574508,0.0,0.588486193717178,0.0042044619542739,0.0,0.098423182146786,0.110195066732214,0.0342756462902133,0.0341296038127391,0.0341213505519791,0.0118427977127609,0.0187270372158887,0.0,0.0286957917155869,0.0036038316933156,0.0013479627159262,0.0,0.0,0.0,0.0,0.016332716240687,0.0,0.0,0.0,0.0,0.0,0.0,0.0,0.0069331280415232,0.0256565336529213,0.0080223287968413,0.0,0.0,0.0,0.0,0.0407574166184197,0.0,0.0130639988646951,0.0006779178451779,0.0,0.0107586925149429,0.0,0.0022626702173932,0.008000551226327,0.0,0.0,0.0,0.0,0.0,0.0,0.0,0.83030963981263,0.0,0.0,0.0,0.0,0.0,0.0,0.0,0.0,0.0,0.0,0.0,0.0,0.0,0.0011460358952054,0.0,0.0,0.0,0.0,0.0,0.001570539628907,0.400400514312054,0.074115516653745,0.0,0.0,0.0,0.001076210229846,0.0,0.0,0.111346728561536,9.98919536788822,0.0007131335020934,0.0164958104228294,0.180221786719907,0.0,0.0,0.0,0.0,0.0,0.0,0.0,0.0,0.066852439090636,0.0,0.0,0.0012559984682666,0.0297193768322894,0.0437339399557867,0.0,0.002006589262679,0.0,0.020642710043289,0.0064797385845905,0.0,0.0,0.0,0.0385452179801826,0.0,0.0,0.0,0.0136779925430336,0.0,0.0,0.0,0.0,0.0014006235125242,0.0,0.0018271350557975,0.0,0.0,0.0,0.0,0.0,0.436212699477684,0.0,0.121946494714726,0.0,0.0,0.0,0.0,0.0,0.0,0.0010814995943017,0.0,0.0628629527410238,0.0361285438396852,0.0,0.0029947635954072,0.0,0.0270529214227869,0.0,0.0181179787419483,0.0,0.090399512419484,0.150975440266953,0.0,0.945619668208591,0.0,0.0,0.408592396630701,0.0166238070471631,0.0,0.0041964785411988,0.0,0.0,0.0,0.0334438235206329,0.0,0.0019224412824508,0.0012064695225726,0.0,0.0,0.0,0.0,0.0,0.0,0.0939182606920782,0.0017038152194826,0.0,0.0182419383154161,0.0,0.0,0.0,0.0,0.0,0.0310614371616249,0.0,0.0,0.0463102785037749,0.0672637867026063,0.017318379869357,0.0237427693731361,0.0,0.0,0.0028860947612678,0.0,0.0,0.0,0.0,0.0016940801155507,0.0,0.0,0.0,0.0006725427791639,0.0,0.0,0.0,0.0020819230334895,0.0,0.0349176695985492,0.0,0.0,0.0,0.0,0.0,0.0265858627565628,0.0,1291.19442670754,0.0015401915532558,0.0,0.0051295428278299,0.0396928161204401,0.0328142608719751,0.158120036347708,0.0997714144133854,0.0427913136494099,0.0,0.0381212775718986,0.0112483172392303,0.0057113974025806,0.0098338767599777,0.021135639558682,0.0,0.0,0.0,0.0,0.0,0.0,0.0,0.0,0.0,0.0,0.0,0.0,0.0,0.0,0.0077064879412766,0.0134013476301501,0.005136010562113,0.0,0.0,0.0012450404892204,0.0,0.0007793129136576,0.0,0.0,0.0,0.0,0.0034068111586767,0.0
MD,0.0,0.613527010100756,0.0,0.0034334354130594,0.0748162231936218,0.0680803709518864,0.467856728178305,0.0,0.0,0.0,0.0213242156724679,0.0,0.0,0.0,0.0031253084663409,0.0392867038347785,0.161520407423759,0.0,0.0,0.0096225826031424,0.0,0.0185636743855789,0.0075514738920773,0.035278777835378,0.0027020269815374,0.0,0.0,0.0,0.0022277304722357,0.0,1.77390872543635,0.705706913944958,0.721185734483652,0.0,0.0,0.0,0.186726881304882,0.0,0.0,0.0,0.0,0.0748791113275056,0.0458364168506575,0.0,0.0,0.0,0.0045789805538097,0.0156540666900422,0.017333926120662,0.266833332186436,0.0,0.007502907852315,0.240120340921998,0.551269084851514,1.37724016092908,1.36050403557707,0.0143997701197175,0.114107648112278,0.0642745128888692,0.0,0.0,0.0145474348844367,0.429258556095505,0.0,0.049990932683767,0.0006558758618205,0.0019408398614772,0.0014847031270727,0.0,0.0,0.0,0.0,0.0007417525203274,0.0,0.329974394494214,0.0214270237165253,0.0750487711047405,0.0079030372155997,0.0,0.0,0.108773064740713,0.491929847783772,0.0,2.12603639550888,0.0,0.0220756282780114,0.0,0.0,0.0,0.0,2.5615288402309,0.0327271899181708,0.0,0.0962104257295594,0.393807585652177,0.0,0.05565683495789,0.0,0.149916534269357,0.0052894895941561,0.0120815588298387,0.309147920192824,2.54108129958454,0.0,0.0,0.0274473322665055,0.0314513364185231,0.112238399804173,0.0168650051485417,0.839541624984725,0.0037385444178062,1.11343277342555,0.357331873506656,0.0534248982927655,0.042969641379039,0.0512815190332676,0.0,0.010293591286938,0.0683900730112525,0.0,0.126052550491291,0.0985188148900085,0.0,0.0,0.0,0.0093961778950397,0.0313703828241576,0.0644862843560433,1.35729689091056,0.0,0.0080845850386949,0.0,0.0,0.0,0.230969699450988,0.0,0.0,0.0302143797303957,0.0149207426209291,0.0,0.0,0.0,0.141413070142503,0.288783243314061,0.0111371209076582,0.0,0.0,0.0,0.0769700892681358,0.0,0.0,0.0,0.983907910731705,0.0602217031281435,0.0200220181183911,0.0226643078146456,2.18862629122449,0.127523417400627,0.118859376612858,0.0,0.0970424795666515,0.154116228121032,0.0,0.0,1.03062059274097,0.230466802642832,0.0,0.0,0.0,0.498463117673559,0.0,0.0006938163864733,0.0,0.0,0.0206066171326689,0.0,0.0369657331900179,0.0083617506041518,0.0621226348504594,0.0393947253689063,0.0340831046248029,0.0,0.0,0.0,0.0,0.0125820759104204,0.0,0.0309804735945234,0.0,0.0,0.0,0.0,0.0,0.0,0.0,0.130272032460495,0.0220472355845836,0.11818396811326,0.0009188472070399,0.0,0.0,0.0451673103921913,0.0780337839063431,0.0,0.0,0.0,0.0,0.0,0.0,0.0582129437767724,0.0057634216343949,0.0164337127641891,0.0,0.0,0.0711966869475078,0.42893174844789,0.0,0.0,0.0523900891837782,0.0,0.0,0.0,0.0,0.0052130504525692,0.0,0.126656185194488,0.0,0.0,0.0014473342991282,0.0,0.0,0.0015413571527334,0.0184581815720739,0.0006338565071677,0.0017471526836303,0.0,0.0008464597436013,0.0,0.0,2.6998984964118,0.204204072106355,0.0878969384554085,0.0,0.0,0.0,0.129521742667825,0.0,0.0,0.0,0.0,0.058591487802705,0.390403786511599,0.0,0.0239154708209357,0.0007122338525555,0.0,0.0,0.0,0.0151160828919708,0.0,0.0400797660324034,0.0864005843848267,0.0159916618489051,0.10370462563865,0.711883598965562,0.0,0.0826347717959905,0.013989261272149,0.0,0.0,0.00132781039638,0.197975005825542,0.128380231773267,0.0942476001893555,0.0196685563381479,0.0177750097650063,0.0,0.0138231477129711,0.0121419078626196,0.0,0.0,0.0,0.0189629463929408,0.12363966747429,0.0,0.0,0.04906452514053,0.0,0.0,0.0098278474298546,0.0751839837521579,0.0,0.0,0.0095153897414474,0.032207218021771,0.0006199699946287,0.0,0.0,0.0,0.490070795809428,0.0233588113628758,0.0,0.0175767635959268,0.0747345455446942,0.0,0.0294338333523276,0.0,0.0644013012360725,0.0214297103341604,0.0034096379763541,0.119825964556922,1.16244529230638,0.0,0.0143805126959019,0.0,0.0,0.0483981851844379,0.0981894174233556,0.449470866548767,0.0,0.312841965826487,0.0292979867210654,0.001313609906953,0.007603265142858,0.0108022000656423,0.0,0.0,0.0255665657153656,0.0,0.0073290031927962,0.0,0.0,0.0,0.0,0.0078617423680684,0.0009856406882796,0.0,0.591353713733186,0.0,0.0,0.0,0.0,0.0,0.124728960656411,0.0,0.0,0.0028139819332572,0.0,0.0,0.0192128690964096,0.0,0.0024090136974804,0.0,0.0179676439078951,0.0,0.120041013221659,0.0,0.0,0.0752992884389292,0.0,0.0,0.491069134147763,0.0,0.0,0.0009141922648418,0.321438571358212,0.0855190740530156,0.0229368112182285,0.0,0.0221444087109126,0.0399848395846516,0.0,0.0,0.393665610576568,0.0674016150216193,0.0,1.48918423406284,0.0,0.0,0.0,0.0031119253550334,0.0044275180481913,0.0,0.0011330502487017,0.0,0.0040749773478086,0.0,0.0018121974474928,0.0,0.0,0.0,0.0106542792302888,0.0,0.0,0.0014664006751355,0.0,0.0049249550953349,0.0,0.0,0.0,0.0,0.0,0.0,0.0056683273622299,0.0955071082006268,0.0,0.0009066282175584,0.0,0.0,0.0,0.0,0.0070954377584103,0.0,0.0,0.0,0.0,0.0,0.0
MDRNd,0.0417641370634475,0.0019262317496545,0.0,0.0,0.0,0.0,0.0011226719429312,0.0,0.0,0.0,0.0,0.0,0.0,0.0,0.0,0.0,0.0,0.0,0.0,0.0,0.0,0.0,0.0096522508459128,0.003939394299511,0.0,0.0121914401284697,0.0,0.0400171233357754,0.0018332080665807,0.0078100917493297,0.201094262297396,0.0,0.0,0.0071586720250269,0.0,0.0,0.0,0.0,0.0,1.32577468514234,0.0314347041582124,0.0125100677221941,0.0144849824136116,0.0,0.0,0.0,0.0,0.0,0.0,0.0,0.0,0.0058818777352691,0.0,0.0,0.0069839065882526,0.302151839076273,0.0,0.0021372916266017,0.0,0.0,0.0,0.0,0.0,0.0,0.0,0.259838768576155,0.0,0.50623057006465,0.0,0.0866458973983066,0.0,0.0,0.0,0.0,0.0,0.0,0.0,0.0,0.0,0.0,0.0008243711150715,0.0,0.730124370597002,0.0,2.73109759817143,0.0,0.0041672129382119,0.0,0.0,0.0,0.0,0.0,0.0,0.0165013070590101,0.0091031782229755,0.0,0.0038512454199768,0.0,0.020149670556102,0.0,0.0622329857895042,0.0,0.0,0.597199371129405,0.0,0.0569740818826139,0.0,0.0,1.24371777188383,0.0037862181727717,0.0,0.0,0.0,0.0,0.0,0.01238151159307,0.0,0.0,0.0081681996738759,0.0118848386979249,0.0,0.0,0.0,0.0,0.0,0.0,0.0,0.0,0.0238921382862714,0.0,0.0,0.0,0.0,0.0,0.0227965372091049,0.0,0.0,0.0638342254349824,0.0,0.0,0.158428406740961,0.0,0.0,0.121926860167296,0.0,0.0,0.0,0.0,0.0,0.0,0.0,0.0155578272768644,0.0,0.0,0.0,0.0,0.0,0.0,0.0009827748243291,0.0,0.0,0.0,0.0007976912756881,0.0,0.0,0.0024483500348747,0.0,0.0014812154035406,0.0,0.0,0.0686233539973488,2.19998203889892,0.296789577895318,0.40161572589839,0.0035469559464459,0.0,0.0022035996100874,0.0,0.0006194924917912,0.0,0.003014356796243,0.0,0.0,0.0,1.45145417585555,0.0,0.0,0.0,0.0,0.0,0.001346407924551,0.0,0.0,0.0181490947967854,0.0,0.0028347694698927,0.0010183871726996,0.0,0.0,0.0,0.0278190379981656,0.0,0.0029492367787026,0.0,0.0025860805629733,0.0,0.0,0.0,0.0734276010409265,0.0,0.0101173354905584,0.0,0.0,0.0,0.0,0.0077131648786637,0.0,0.0,1.38748104987405,0.0,0.0,0.0,0.0,0.0,0.0,0.0,0.0,0.0,0.0,0.0,0.0,0.0013334486224533,0.0010525584572705,0.0,0.0,0.0,0.0,0.0037384028212575,0.0085912580067519,1.25841175203847,0.232467193766759,0.0,0.001037042786089,0.0,0.0009102494574169,0.0,0.0,0.0,1.70393659898156,0.0091334445605036,0.0016355969437946,0.0089456081451917,0.0,0.0,0.0,0.0,0.0,0.0,0.0,0.0,0.12142017959825,0.0,0.0,0.0020628471023766,0.0098206044629211,0.190439260293955,0.0,0.0,0.0009556937341538,0.0,0.0,0.0,0.0,0.57119720224489,0.0007208436235046,0.0025711508502168,0.0892825594346569,0.0,0.0236762076902298,0.0,0.0,0.0,0.0,0.0,0.0,0.0006587141699933,0.0653654269330624,0.0,0.0,0.0,0.0,0.0,0.0,0.0895550758952591,0.0,0.0,0.0,0.0,0.0,0.0,0.0,0.0,0.133993477260066,0.0495339287066758,0.0,0.0009225001065203,0.0,0.0182500723180348,0.0,0.0611042588031203,0.0,0.0,0.123715067297062,0.0,0.0136340787991681,0.0,0.0,0.497883065674654,0.0425182570821427,0.0,0.0190478997287871,0.0,0.0,0.0,0.0087337715949878,0.0,0.0656434534565693,0.0083250659583376,0.0009296626032226,0.0,0.0,0.0,0.0,0.0,0.0085518388968906,0.0,0.0,0.0318927370018742,0.0,0.0,0.0,0.0,0.0,0.0,0.0,0.0,0.0,0.0034770229762973,0.0,0.031997286943194,0.0,0.0,0.001296636491948,0.0,0.0,0.0,0.0,0.0,0.0,0.0,0.285908991163773,0.0,0.0,0.0,0.0010868262563422,0.0,0.0,0.0142208376311215,0.0,0.0,0.0,0.0,0.0,0.0,0.0,0.0,0.0045507217949554,0.0,0.0,0.0062351071947108,0.329674739103042,0.0,0.073487673534539,0.0863693784353453,0.0,0.0779575552414589,0.0251630289754856,0.0064811083313465,0.0294213661217471,0.0566323092494077,0.0,0.0,0.0356704934361899,0.041453902201071,0.0,0.0,0.0,0.0,0.0,0.0,0.0,0.0,0.0053795798207963,0.094769693140856,0.0411531254916457,0.0115608944528062,0.0134715166713185,0.0,0.0,0.0042261382174484,0.0,0.0,0.0,0.0,0.0,0.0,0.0784627082445814,0.0436647680553053
MDRNv,0.0,0.0022979564700456,0.0,0.0,0.0,0.0,0.0,0.0,0.0,1.04334725628007,0.0,0.0,0.0,0.0,0.0,0.0,0.0,0.0,0.0,0.0,0.0,0.0,0.0007877618786928,0.0009348498573375,0.0,0.0,0.0,0.0066184251185514,0.000688273473194,0.0,0.004163522998736,0.0,0.0,0.0006838043292877,0.0,0.0,0.0,0.0,0.0,6.37550615867879,0.0045007179836236,0.0007786353199824,0.0325877364813575,0.0,0.0,0.0,0.0,0.0,0.0,0.0,0.0,0.0924005059665645,0.0,0.0,0.001874291308136,0.0703309062331663,0.569559928451158,0.0,0.0,0.0,0.0089207931340761,0.0,0.0,0.0,0.556490448156595,0.0024777478192712,0.0,0.425636961014202,0.0,0.235745705854093,0.0,0.0,0.0,0.0,0.0025393358024107,0.0,0.0009593214080943,0.0,0.0,0.0,0.0,0.0,0.0,0.0,0.960903317376825,0.913473320222144,0.0007049807764602,0.0,0.0,0.0,0.0,0.0,0.0,0.0250793606106032,0.0131060533415643,0.0,0.0015122544027693,0.0006463266661109,0.0238724902681975,0.0,0.210962708582021,0.0,0.0,0.0849412242386575,0.0,0.344886678652146,0.0,0.0,0.850506104670603,0.0041280490104737,0.0,0.0013450015746842,0.0,0.0,0.0,0.020572458022962,0.0,0.0,0.010038407494999,0.0,0.0,0.0,0.0,0.0,0.0,0.0,0.0,0.0,0.0024018104425524,0.0,0.0,0.0,0.0,0.0,0.0029934109189057,0.0,0.0,0.0249353000631286,0.0821405117399174,0.0,0.12167012352565,0.0,0.0,0.0017097634569623,0.0,0.0,0.0,0.0,0.0,0.0,0.0,0.0611895565487,0.0,0.0,0.0,0.0008852952937488,0.0024930550872731,0.0,0.0,0.0,0.0,0.0,0.0,0.0,0.0,0.0,11406.894976318,0.0022117364215553,0.0,0.0961049976502135,0.0,0.407086055912163,0.0322638566027162,0.113439549141167,0.001664608839927,0.0,0.0,0.0,0.0,0.0,0.0006891886214876,0.0,0.0,0.0,2.34227525659312,0.0,0.0,0.0,0.0,0.0,0.0,0.0,0.0,0.0,0.0,0.0,0.003354793544599,0.0,0.0,0.0,0.0007281916541699,0.0,0.0037208839248106,0.0,0.0016597221160849,0.0,0.0,0.0,0.503805787553323,0.0,0.0118921191876781,0.0,0.0,0.0,0.0,0.0,0.0,0.0,1.53289954625137,0.0,0.0015272704923329,0.0,0.0,0.0,0.0,0.0,0.0023289477558836,0.0,0.0,0.0,0.0,0.0,0.0007182517676982,0.0,0.0,0.0,0.0,0.0,0.0,0.0959976879253843,0.0972039759035917,0.0,0.0,0.0,0.0,0.0,0.0,0.0,0.551242701910823,0.0110731098850996,0.0,0.0728060580615238,0.0,0.0,0.0,0.0,0.0,0.0,0.0,0.0,0.538752853610826,0.0,0.0,0.0,0.0047670602185324,0.272813888046491,0.0,0.0,0.0015784116425675,0.0,0.0,0.0,0.0,0.215555972937695,0.0,0.0006500984858626,0.207541673787441,0.0,0.280984556651152,0.0006728448656338,0.0,0.0,0.0,0.0,0.0,0.0,0.0,0.0,0.0,0.0,0.0,0.0,0.0,0.302252709685524,0.0,0.0,0.0,0.0,0.0,0.0,0.0,0.0,0.0828784733028566,0.0405351217243135,0.0,0.0,0.0,0.0179369248242984,0.0,0.0295638694908191,0.0,0.0,0.0743301259209349,0.0,0.947590033051525,0.0,0.0071625190419629,0.208730710713059,0.017775966123549,0.0,0.0093780208378927,0.0,0.0,0.0,0.0009283455680354,0.0,0.0598185551670301,0.006102926666595,0.0012516066542572,0.0,0.0,0.0,0.0,0.0,0.0,0.0,0.0,0.0099753777584192,0.0,0.0,0.0,0.0,0.0,0.0,0.0,0.0,0.0,0.0374219044981723,0.145207699309434,0.0127821390651786,0.0,0.0025769773720583,0.0,0.0,0.0,0.0,0.0,0.0,0.0,0.0,0.0456149316487738,0.0,0.0,0.0,0.001031713397874,0.0,0.0,0.0294200376538691,0.0,0.0,0.0,0.0,0.0,0.0,0.0,0.0,0.0032612825520593,0.0,0.0,0.0260411365118317,0.10557001901147,0.0124092216577087,0.1345190710221,0.0145677111595898,0.0,0.0157904545483033,0.009362696801375,0.0089002528533321,0.031091433735461,0.0044729775968508,0.0,0.0,0.0,0.0,0.0,0.0,0.0,0.0,0.0,0.0,0.0,0.0,0.007130383110057,0.0,0.003241971452096,0.0056153285164119,0.0022198001075134,0.0,0.0,0.0020360153564643,0.0,0.0,0.0,0.0079137595802937,0.0,0.0,0.0197756222655075,0.288925304684366
MEA,0.0,0.0017171478581545,0.0,0.0,0.0,0.162102773599042,0.0161868348231968,0.0,0.0965819513607201,0.0,0.0,0.0,0.0,0.341244035185282,0.0530908778441495,0.0,2.19066560801608,0.0,0.0,0.113366945817113,0.0,0.171695073821494,0.408256311510678,0.422283724221519,0.0693552253829479,0.748834225059597,0.0,0.0,0.0015030820465829,0.0047496939631322,0.0,0.0353434178946044,0.0,0.0,2.49853137698912,0.0032341917411768,0.0131095128846797,0.0,0.0,0.0,0.0166864596287295,0.905342031543383,0.0007773946546251,0.0336227694068299,0.0088974484919121,0.0127144992315946,0.154691486987975,0.0170779124974876,0.444539133314596,5.05892297471301,0.0,0.0009508334545993,0.0,0.0,0.0,0.712393073637062,0.0,0.0473070079954097,4.5473251019222,0.0006905315203313,0.0015229977794013,0.0053341628965064,0.831845295892643,0.0,0.0039782395903774,0.0,0.0025213719183024,0.005001700036877,5.8660355234583,0.0031571405971771,0.0023528821965845,0.0,0.0,0.0441703782389819,0.330828571069854,0.0,0.0,0.0,0.0081942596748743,0.0,0.136419235031625,0.497074121850551,0.0,0.0,0.0036424241067906,0.0028497719260117,2.17277125950639,0.382835288161055,0.0756643865395189,0.0,0.181849745472992,0.0,0.0,0.0,0.0012122339701202,0.0922560734733574,0.0142683957221093,0.0,0.0052589904943883,0.443367854784238,0.001718580800758,0.385864263510458,0.0,0.0,5.21935674403927,0.000940319914968,0.0,0.105320612024764,0.0080439678979025,0.0132783246789035,0.116207082079452,0.0173598764590201,0.352207671341208,5.02923844390367,3.01850964447232,0.0008124813297531,0.0,0.0,0.0011842047314207,0.0104274573251018,0.413790387702137,0.0,0.0011001577129534,0.0,0.0,0.0035063555980097,0.0,0.314478325163122,0.0,0.0,0.0047800489944274,0.0,0.0111432051768445,14.1215313108417,0.104649527838437,0.0,0.0,0.0,0.0,0.0,0.0021176326385496,0.801081292307128,0.0,0.870722175444719,0.060200415123088,3.10940681751993,0.0,0.0,1.00813320811677,0.379911248982676,0.0,0.0,0.0,0.0,0.0046574623071104,0.0017643118193729,0.0049597950901993,0.0,0.0,0.0025283603399558,0.237981595842154,0.0,0.0,0.0,0.0,0.0,0.0,0.0,2.82307748157704,4.93228155315474,0.0,0.0009565639767858,0.0,0.0,0.0,0.00108932122295,0.0,0.0,0.0,0.0,0.0,0.0,0.0638232513985141,0.0,0.0,0.092102199749929,0.512892763441241,0.0022165674798142,0.0,0.894552582972626,0.0,0.0,0.0,0.0020115285710793,0.0,0.12907539940584,0.004374461603025,0.0,0.0006591940552167,0.0,0.0059137152690408,0.0012754042080246,0.0,0.0131172548482827,0.0,0.0014551398923153,0.0,0.115670630569038,0.0010345639139936,0.0,0.0021345970198324,0.0006480022086649,0.0032505987474589,0.0049886009968968,0.0,0.0,0.0,0.0,0.0,0.0,0.0,0.0009144393472234,0.0046423063547571,0.0012000873100789,0.0038489550198535,0.491471795776802,0.0,0.0036412297833295,0.0,0.0,0.0021130538121402,0.0,0.0074529232604222,0.013875424848871,0.0,0.0,0.0,0.0184389182524512,0.0369692493664858,0.0,0.0478857255948538,0.0,0.0351774275115039,0.205592369138929,0.0022943145107071,0.0158313173413102,0.0057300738920322,0.0,0.0,0.0366512002963012,0.158159880755942,0.0081739130357155,0.0326011167723588,0.0138774102969104,0.0095762784368921,0.0029783488572984,0.0019532618697633,0.0129989377724662,0.0103253931688159,0.0,0.0039955940119173,0.0092111838964599,0.0,0.0070015503060861,0.0246675428882125,0.0,0.110291492582201,0.0,0.0120333968878615,0.0049389572069322,0.0,0.0089627072066754,0.0,0.0,0.0030131797672653,0.0,0.0258945038043028,0.0650290007225802,0.0147203321204499,0.0097093379976075,0.0,0.0,0.0,0.0,0.0,0.0,0.0,0.0199665512521694,0.0,0.0,0.0113413160978404,0.018468591073403,0.0,0.0138996450672725,0.0124681767433122,0.0057265849752196,0.358070879137424,0.0052531989964887,0.0210708636881521,0.0,0.0908346904280922,0.001567944857406,0.0,0.0015279519020993,0.0023479846329676,0.0,0.0157184236535835,0.0014385699602572,0.0959557558046864,0.0024097359208138,0.0405442453891267,0.0,0.0,0.0,0.0123426818003685,0.0,0.0273505900203786,0.0104966090709882,0.003341675123109,0.0,0.0013590280551137,0.0009170048994183,0.0,0.0,0.0026059217569897,0.0058507280045387,0.0,0.0062504343458314,0.0074789940625873,0.0,0.0074182516402255,0.0166645629970276,0.0,0.0,0.0029421656917306,0.0,0.0,0.0022142740977878,0.0,0.0116344357172132,0.0,0.0971336646577248,0.754005337625615,0.0131957710098604,0.0166391561033358,0.003415158160829,0.0017085294966653,0.0036443193162708,0.0,0.0188374230714877,0.002373597840171,0.0,0.0404506468940327,0.0989894291595702,0.0,0.0,0.0010264197255749,0.657038751033819,0.308361644904742,0.0,0.0025501025118642,0.0,0.0061698083828568,0.0020127183193466,0.0,0.0040354638745075,0.0,0.0012032463085794,0.0161988697115877,0.0,0.0,0.0049497378123811,0.0,0.0,0.0028513082794529,0.0,0.0077586014434586,0.0,0.0,0.0026904692280884,0.0060949831765533,0.0,0.0,0.0006558423451746,0.0,0.0,0.0,0.0007530889654876,0.0142903812337385,0.0064611348330547,0.0261391073015382,0.0,0.0,0.0,0.0094975883160941,0.0,0.002067910317292,0.116730083195735,0.0249571247536096,0.0,0.0,0.0,0.0118734611931454,0.0,0.0,0.0181203426982048,0.001181372593849,0.0,0.0022498619751398,0.0211548425449949,0.002361472292485,0.0,0.0200509947654443,0.0,0.0211635667658765,0.0,0.0,0.0
MGd,0.0,0.0,0.0,0.0,0.0,0.0014657058565935,0.0,0.0,0.0,0.0,0.0,0.0,0.0,0.0016410141537884,0.0,0.0017689293886311,0.0,0.0,0.371066617556784,0.815707952599665,0.0,0.0,0.0006594009797752,0.0,0.0,0.0,0.0066868999893366,0.0,0.00140247339107,0.0,0.0,0.0,0.0,0.0,0.0,0.0,0.0,0.0,0.0007651490496804,0.0427764844674588,0.0214534511092038,0.0154694625730758,0.0006702510026192,0.0050985140474622,0.0,0.0,0.0033708570218992,0.0061354769232363,0.0007071144617771,0.0,0.0,0.0,0.0,0.0033759866732385,0.0,0.0,0.0,0.0055223688033599,0.0,0.131999431482586,0.111823257715312,0.140528437382482,0.0,0.0,0.0,0.0,0.0,0.0014266115359201,0.0147425753081149,0.0,0.001952221577748,0.0,0.390245395798575,0.0,0.0,0.0,0.0,0.0,0.001325370957828,0.0,0.0,0.0,0.0025456471792513,0.0,0.0,0.0,0.0,9.72299395931402,0.0,0.0408875464041361,0.0,0.0021408884538775,0.0,0.0,0.0,0.0,0.0,0.0,0.0007096449568394,0.0006726220635328,0.0,0.0,0.0,0.0092061561518635,0.0009550310900362,0.0021208081359982,0.0015114236873151,0.0,0.000899781662943,0.0,0.0,0.0011188392827142,0.0,0.0,0.0,0.0,0.0,0.0,0.0,0.0008982507103258,0.0,0.0006274127112475,0.0009726430988354,0.0006409554000355,0.0,0.0021633772554601,0.0,0.0,0.0009235950328725,0.0,0.0041479446359008,0.0,0.01969898119513,0.0,0.0031602696397365,0.0,0.0,0.0,0.0,0.0,0.0014293848355651,0.0013288839496971,0.0,0.0119084293464309,0.0034731606494966,0.0,0.0,0.0,0.216579028366627,0.0,0.0,0.0,0.0,0.0222646290897258,0.0,0.0038189142053721,0.0,0.0017474570707159,0.0079600439546108,0.0486165651284169,0.0,0.0,0.0,0.0,0.0,0.0,0.0,0.0,0.0,0.304731198155431,0.0006054198284502,0.0,0.0,0.0,0.0055591047863883,0.0,0.0,0.0,0.0038144379699505,0.0016549558740798,0.0,0.0007663245536029,0.0,0.0,0.0025947095847969,0.0,0.0,0.0,0.0,0.0,0.0,0.0,0.0,0.0015926573049021,0.0,0.0,0.289671515795781,0.024014433048445,0.0310850801920673,0.0058703506245818,0.0,0.0121812264106825,0.0011965118036396,0.0122884917831335,0.0007045415899544,0.0,0.0,0.0,0.0,0.0,0.0,0.0,0.0,0.0,0.0,0.0,0.0,0.0,0.0,0.0,0.0,0.0,0.0,0.0,0.0008388700113127,0.0,0.0,0.0,0.0,0.0,0.0,0.002895734092705,0.0,0.0019330483641639,0.0,0.0,0.0,0.0019858857351032,0.0019521678440528,0.0,0.0087151112869352,0.0,0.002849749211404,0.0,0.0,0.0,0.0029236988288304,0.0,0.0,0.0024918111921401,0.0081168575554744,0.0,0.0079645881949845,0.0013670493444693,0.0,0.0,0.0,0.0016964856884024,0.0,0.0,0.0,0.0011013917992961,0.0016895080834998,0.0,0.0066246409503248,0.0,0.0334629384031398,0.0,0.0353322508664274,0.0077578129577829,0.0059444739712095,0.0,0.0,0.0,0.0,0.0,0.0023128610848606,0.0078391116603914,0.0013383514453001,0.00179710248268,0.0,0.0,0.0,0.0,0.0,0.0,0.0,0.00497147593964,0.0,0.0,0.0,0.0042933775875008,0.0,0.0,0.0,0.0,0.121636013831265,0.0,0.0031035076088473,0.0,0.0036331273017447,0.0,0.0,0.0,0.0,0.0,0.0,0.0,0.0,0.0,0.0,0.0,0.0025299233227042,0.0020789691442895,0.0006335019657545,0.0,0.0025387165787035,0.002745061491166,0.0,0.0,0.0,0.0,0.0,0.0,0.0,0.0006826343518077,0.0,0.0,0.0,0.0,0.0023073612899345,0.0058996773046119,0.0,0.0,0.0020250909612905,0.0,0.0,0.0019820719474208,0.0039688274539094,0.0032013897628604,0.0,0.0363573122179603,0.0014078130067521,0.007864872345272,0.0015538411006402,0.0008702147471104,0.0,0.0,0.0,0.0,0.0011003415448592,0.0,0.0,0.0037632958120452,0.0,0.0010036788521487,0.0,0.115790441815071,0.0,0.0,0.0,0.0,0.0,0.0009728343176907,0.0,0.0,0.0,0.0022039379869335,0.0038349932657972,0.0,0.0,0.0072669115412271,0.001996560988971,0.0,0.0,0.0,0.0026578713842308,0.0,0.0091262061765993,0.0,0.0010694641459362,0.0,0.0,0.0,0.0,0.0,0.0,0.0,0.00225240174751,0.0018604178690209,0.0094648972824778,0.0,0.0,0.0014142935855083,0.0010988878255655,0.0,0.0,0.0,0.0,0.0,0.0,0.0,0.0030814088886584,0.0,0.0,0.0030644772661409,0.0,0.0,0.0,0.0051585611970042,0.0,0.0,0.0030370004880559,0.0,0.0020976324435594,0.0,0.0,0.0
MGm,0.0083114563239093,0.053993517992672,0.004800409709363,0.0,0.0,0.0021145190520991,0.0,0.0,0.0,0.0017631764084416,0.0,0.0,0.0,0.0,0.0,0.0504992035951497,0.0,0.0826725701429589,0.26724154962983,0.417469957723831,0.0,0.0,0.0,0.0011597086803442,0.0,0.0,0.0,0.0,0.0,0.0,0.0414174289143101,0.0,0.0,0.0,0.0,0.0,0.0,0.0,0.0055063360695252,0.0683653773572174,0.0,0.0550035662235588,0.0,0.0,0.0,0.0,0.0028435961923422,0.0070925440056001,0.0,0.0,0.0,0.0,0.0,0.0,0.0024195632112236,0.0055910952433224,0.0,0.0,0.0035489338405649,0.159167295440837,0.290325442441335,0.443744511869059,0.0129664292704394,0.0,0.0060764831509803,0.0,0.0,0.0,0.207895479720018,0.0,0.0,0.0,0.0,0.0,0.0078500823208862,0.0047323844966898,0.0,0.0006715944743729,0.0,0.0,0.0,0.0,0.0,0.0,0.0,0.0,0.0,12.2033481970902,0.0,1.23287846007903,0.0,0.0,0.0,0.0077457592142094,0.0057486274797753,0.0,0.0,0.0,0.0274512963209396,0.0,0.0007118214887218,0.0,0.0,0.0607928066818791,0.0,0.0,0.104830193059329,0.0039862368481508,0.0050022410369699,0.0,0.0,0.0014489846107157,0.0,0.0,0.0,0.0,0.0,0.0,0.0,0.0,0.0,0.0,0.0,0.0,0.0028737708888672,0.0,0.0,0.0,0.0,0.0,0.0015212356013773,0.509645502085735,0.0,0.0,0.0397862117166564,0.0,0.0,0.0030012190341051,0.0,0.0,0.004185896528024,0.0,0.0,0.0360184906938854,0.0,0.0,0.0,0.0,0.45379725311365,0.0025585180453411,0.0,0.0,0.0,0.123843285211223,0.0,0.05867726141878,0.0029008770302855,0.0,0.0350233229616124,0.0266315333799566,0.0,0.0,0.0,0.0,0.0043927220671252,0.0064883524943661,0.0,0.0114283829997245,0.0354399980204431,3.36267364312602,0.0,0.0,0.0,0.0,0.0644927161407726,0.0282646249314725,0.0,0.0046055383561426,0.0581910494956093,0.0184819603746499,0.0654268189376291,0.0044313249216145,0.0,0.0,0.0029164328055649,0.0065072030332768,0.0,0.0,0.0,0.0,0.0,0.0,0.0130678534360953,0.0,0.0,0.015050336803996,0.328319949239346,0.0839802517456982,0.0224636143114697,0.0037411634866326,0.0,0.0170189080642114,0.0025404798643172,0.0232762832431335,0.0,0.00695434007834,0.0,0.0,0.0,0.0,0.0,0.0,0.0,0.0,0.0,0.0,0.0,0.0009698995396702,0.0062639269220519,0.0,0.0,0.0,0.0,0.0,0.0,0.0,0.0,0.0,0.0,0.0,0.0,0.0,0.0,0.0,0.0,0.0,0.0,0.0,0.0,0.0229772850895947,0.0,0.0,0.0,0.0,0.0,0.0,0.0,0.0170240229921471,0.281657598076201,0.0,0.0168190483480571,0.0478869980204883,0.0,0.0,0.0,0.0,0.0,0.0,0.0,0.0,0.0,0.0,0.0,0.0,0.0,0.0,0.0,0.0,0.0250660926165945,0.0182637699836022,0.0233708196907823,0.0,0.0,0.0738994545500536,0.0,0.0,0.0,0.0,0.0,0.0,0.0,0.0,0.0,0.0,0.0,0.0,0.0,0.0,0.0,0.0,0.0,0.0,0.0,0.0054023092158913,0.0,0.0,0.0,0.0,0.0,0.0,0.0,0.0,0.0,0.0,0.0,0.0,0.0,0.0049519267227203,0.0,0.0009470955338978,0.0,0.0,0.070969107717938,0.0203945816854661,0.0,0.0012260750599131,0.0015789562380069,0.1534651069184,0.0,0.0,0.0,0.0,0.0,0.0,0.0,0.0,0.0,0.0,0.0,0.0,0.0,0.0,0.0,0.0,0.0100368031134515,0.0,0.0,0.0,0.0,0.0,0.0,0.0,0.0,0.0082024571277113,0.0,0.0,0.0,0.0,0.0,0.0247589104982452,0.0,0.0,0.0024395841891311,0.0,0.0,0.0,0.0,0.152394538332017,0.0007640927317684,0.0,0.0,0.0,0.0,0.0,0.0,0.0,0.0,0.0080905322770607,0.0036808072227373,0.0,0.0,0.0,0.0,0.0,0.0,0.0,0.0038208542044959,0.0,0.015250735494205,0.0034089973078093,0.0096646246224039,0.0555331323313768,0.0,0.0,0.0,0.0,0.0,0.0,0.0,0.0,0.0,0.0,0.0,0.0032919867466748,0.0,0.0,0.0,0.0,0.0,0.0,0.0,0.0,0.0,0.0012497215589107,0.0008821302316245,0.0,0.0,0.0,0.0,0.0,0.0,0.0,0.0072403950732182,0.0,0.0,0.0,0.0,0.0
MGv,0.0,0.0044382297587434,0.0,0.0,0.0,0.0037961319739632,0.0,0.0,0.0,0.0,0.0,0.0,0.0,0.0,0.0,0.0044294293486948,0.0,0.132012583170413,0.656129155884268,0.997033368471594,0.0,0.0,0.005592206848557,0.0,0.0,0.0,0.0104739827515424,0.0,0.0008344226249526,0.0,0.0,0.0,0.0008207195456036,0.0048344229505075,0.0,0.0,0.0,0.0,0.0056589957789913,0.0,0.0174960043188151,0.0303484274338983,0.0022948337465955,0.0030799631743778,0.0,0.0,0.0035438906016427,0.0168242172566498,0.0,0.0,0.0,0.0,0.0,0.0034479087656559,0.0,0.0,0.0,0.0080449802163302,0.0,0.269146349170479,0.221885552168924,0.455549658562989,0.0046735586824904,0.0,0.0,0.0,0.0,0.003234239379756,0.110862551376075,0.0,0.0058585803055235,0.0,0.831998933736845,0.0,0.0010788525241851,0.0,0.0,0.0,0.0,0.0,0.0,0.0,0.0018496073739039,0.0,0.0016925361107543,0.0011529335656796,0.0,8.86973459262606,0.0,2.11413483767415,0.0,0.0045613492019671,0.0,0.0,0.0007995644870446,0.0,0.0,0.0,0.0048898974048724,0.0023946690651271,0.0,0.0,0.0,0.0194114043752228,0.0,0.0,0.0444953499280252,0.0,0.0007946112811018,0.0,0.0,0.0006351790589127,0.0,0.0,0.0,0.0,0.0,0.0,0.0,0.0,0.0,0.0,0.0,0.0,0.0,0.000682046983012,0.0,0.0,0.00149202794729,0.0,0.0041138532207356,0.0058472854601701,0.0229881597676253,0.0,0.0068746848105378,0.0,0.0,0.0,0.0,0.0013440577519998,0.0029506851619587,0.0019077249474881,0.0,0.0305525075085914,0.0052323093888926,0.0,0.0,0.0,0.464396357368459,0.0007994774992095,0.0,0.0,0.0,0.0447919277121884,0.0,0.0090599507493875,0.0007108813564086,0.0116432833581512,0.0258353984225838,0.0794074486945307,0.0,0.0,0.0,0.0,0.0,0.0006828200721647,0.0,0.0011543847303823,0.0,0.963570802067432,0.0008200081637964,0.0,0.0007589750138299,0.0,0.0207364768322661,0.0035802757814836,0.0,0.0007272241592679,0.023237958922116,0.0037120332349012,0.0102007309547163,0.0041223050287672,0.0,0.0,0.0,0.0,0.0,0.0,0.0,0.0,0.0,0.0,0.0,0.0028349086689459,0.0,0.002369884213988,0.533047516380885,0.0488745828509109,0.0353018656917743,0.0083981375398164,0.0,0.0243981748669997,0.0,0.0272225257985313,0.0,0.0,0.0,0.0,0.0,0.0,0.0,0.0,0.0,0.0,0.0,0.0,0.0,0.0,0.0,0.0,0.0,0.0,0.0,0.0,0.0,0.0,0.0,0.0,0.0,0.0,0.0,0.0012183592972595,0.0,0.0035930400067389,0.0,0.0,0.0,0.0027802063328716,0.0,0.0,0.0,0.0007950852267971,0.0010699780492417,0.0,0.0,0.0,0.0,0.0039571197292495,0.0145268994053815,0.0038342528540493,0.0174219486647926,0.0042452274029549,0.0024799787495611,0.0033547783564249,0.0,0.0,0.0,0.0007069676303084,0.0,0.0,0.0,0.0007402684626162,0.004746971411882,0.0,0.0,0.0,0.0139759658856547,0.0,0.0691162930437353,0.0012078546349673,0.0163104195844015,0.0,0.0,0.0116120226074211,0.0,0.0,0.0,0.0,0.0,0.0008342866689335,0.0,0.0,0.0029155181933458,0.0,0.0,0.0,0.0,0.0070658538852983,0.0,0.0009881713617546,0.0,0.0,0.0,0.0015869228747753,0.0028022590569707,0.0,0.124497585570868,0.0,0.0009785631571838,0.0,0.0038496281928017,0.0,0.0,0.0,0.0,0.0,0.0,0.0,0.0,0.0,0.0,0.0,0.0065131618396865,0.0060476465217449,0.0,0.0386736632341399,0.0016451410243975,0.0309129882534767,0.0,0.0,0.0,0.0,0.0,0.0,0.0,0.0,0.0,0.0,0.0,0.0,0.0010919964000503,0.0007819675513931,0.0,0.0,0.0037846871013999,0.0,0.0,0.0021085123362234,0.0,0.0026405409085547,0.0,0.0147572816109246,0.0,0.0163821196877146,0.0,0.0,0.0006549787890278,0.0,0.0028032741066739,0.0,0.0,0.0,0.0014677014087466,0.0010004171733115,0.0,0.0,0.0,0.26097545726215,0.0,0.0,0.0,0.0,0.0,0.0,0.0,0.0,0.0,0.0064057054080987,0.0075408215856502,0.0,0.0,0.0,0.0009241246129161,0.0,0.0,0.0,0.0011865780262764,0.0,0.0114897514388127,0.0006161823221336,0.0011096637867198,0.0021398457403009,0.0,0.0,0.0,0.0,0.0,0.0,0.0012547106456558,0.0009460019810328,0.0053506911609975,0.0,0.0,0.0015886599621906,0.0,0.0,0.0,0.0,0.0,0.0,0.0,0.0,0.001396939504068,0.0,0.0,0.002123665696812,0.0,0.0,0.0,0.0,0.0,0.0,0.0049589308778258,0.0,0.0006148328377064,0.0,0.0,0.0
MH,0.0272781288231754,0.0,0.0181208925645114,0.0,0.0,0.077659418288437,0.0,0.0025491526864298,0.0010738271691249,0.0,0.0,0.0,0.0,0.0011997269768681,0.0,0.0,0.0,0.0,0.0,0.0008549407936576,0.0,0.0,0.0,0.0728613762202433,0.0130646143243407,0.0,0.0,0.0,0.0,0.0,0.0,0.117682395307599,0.0,0.0,0.0,0.0,0.0310515389730289,0.0,0.0,0.040478355448389,0.0019585992997409,0.101663463321977,0.0,0.0,0.0,0.0,0.0,0.0,0.0020749757562726,0.0188638950756,0.0,0.0,0.0022361337961104,0.0,0.0071979278245153,0.161818066937149,0.0,0.0008182944951038,0.0,0.0,0.0007603424511429,0.0031847872376119,0.125914368807328,0.0355273068271457,0.0,0.0,0.0234987671745653,0.0,0.0011865187743188,0.0,0.0,0.0,0.0522253964571364,0.150317380172217,0.0640890450104428,0.0006989962824208,0.0,0.0,0.0,0.0,0.0995600457586426,0.107880999826069,0.0,0.0,0.0,0.0,0.0018385540783523,0.0,0.0,0.0007569994458628,1.40588854322745,0.0097599096168271,0.0006905256543999,0.0,0.0,0.0,0.0494798067773549,0.0,0.0,0.1540594213694,0.0008924643790216,0.469782023495729,0.101742827505228,0.0,0.0,0.0,0.298610563680574,0.0382488360496232,0.0212304812649246,0.0,0.0,0.0012052087819321,0.0049293420889105,0.0014948686582236,0.0,0.0053761914771175,0.0,0.0,0.0,0.0034960550918493,0.0055505676931839,0.0,0.0,0.0,0.0,0.0011104918853787,0.0,0.0011597362656869,0.0,0.0,0.0008708742065916,0.0123535760745425,0.001399761441369,0.0,0.0044148809575253,0.0,0.0,0.0,0.0,0.0,0.0,0.0965218935187986,0.0008593432186524,0.196403923190889,0.0183589026079268,0.0,0.0,0.0,0.120480721960467,0.0150836197418876,0.0,0.0,0.0,0.0050176455179158,0.0,0.0080856524214222,0.0028267136779721,0.0,0.0,0.0007472244132759,0.456350960291904,0.0,0.0,0.0,0.0,0.0,0.0,0.0,0.193793986841839,0.0,0.0,0.0013026338287966,0.0,0.0,0.0,0.0,0.0,0.0,0.0,0.0,0.0,0.0027782461950956,0.0,0.0,0.0,0.0024090478576427,0.0,0.0015551657914804,0.0,0.0058783407859392,0.0293871491144986,0.0,0.0,0.0,0.0,0.0,0.0,0.0,0.0024103818431912,0.0,0.0009229405197908,0.0007412463449733,0.0,0.0,0.0,0.0,0.0,0.0269956696228511,0.0,0.0010269461251174,0.0,0.0010246854450568,0.0,0.0,0.0133032430810167,0.0,0.0,0.0,0.0,0.0,0.0,0.0,0.0029492990068759,0.0,0.0,0.0240482219706371,0.0,0.0,0.0,0.0,0.0,0.0,0.0034764639116125,0.0057400976372372,0.0,0.0,0.0,0.0,0.0047888323273942,0.0,0.0167753543109524,0.0,0.0007042841085059,0.0,0.0,0.0040489700063644,0.0,0.0,0.0,0.0,0.0202290965824136,0.0007027757844734,0.0,0.0,0.0,0.0,0.0,0.0,0.0009093536135031,0.0,0.0,0.0026592168652787,0.0,0.0014140833364986,0.0263345707349679,0.0,0.0040342269034873,0.0,0.0,0.0,0.0056013409717798,0.0248114985063021,0.0,0.0,0.0,0.0036960543557781,0.0,0.0,0.001159947746193,0.0,0.0,0.0,0.0062895570729437,0.0058218048051482,0.0,0.0114262550842613,0.0016868139984848,0.0019175606634713,0.0,0.0,0.0102659691151351,0.0,0.0,0.0,0.0,0.0,0.0050495735971284,0.0,0.0038141402803039,0.0404100630636007,0.0067451503539954,0.0012855506408038,0.0,0.0,0.0,0.000623134803516,0.0,0.0,0.147301893729936,0.0015336944549027,0.0193775066195199,0.0,0.0019161686579972,0.0027944166634109,0.0,0.0,0.0166730217659921,0.0095759474598198,0.0,0.0,0.0,0.0,0.0,0.0,0.0011448059830573,0.0,0.0,0.0,0.001566762643143,0.0,0.0,0.0007468682127119,0.0,0.0,0.0007250867172093,0.0,0.0,0.0,0.0,0.0019447997292583,0.002088836585153,0.0,0.0,0.0014066396218466,0.0,0.0,0.0,0.0,0.0,0.0,0.0,0.0,0.0026233232579789,0.0046491447634783,0.0,0.0,0.0,0.0016474531881379,0.0097596412145072,0.0,0.0,0.0,0.0,0.0,0.0,0.0008370100344085,0.0,0.0,0.0,0.143107155366534,0.0,0.0,0.0,0.0016646600009191,0.0,0.0,0.0,0.0165174818493692,0.0,0.0,0.0,0.0,0.0,0.0,0.0,0.0,0.0,0.0,0.0,0.0,0.0029682196861209,0.0,0.0,0.003376796460856,0.0,0.0,0.0,0.0,0.0011773472669525,0.0,0.0,0.0,0.0,0.0,0.0,0.0015074220980146,0.0,0.0,0.0,0.0,0.0,0.0,0.0,0.0,0.0,0.0,0.0,0.0
MM,0.0,0.0,0.0517921307487843,0.0,0.0748741352892755,0.0846413308382139,0.0,0.0,0.0019895541443456,0.0,0.0320859984491186,0.406353203449979,0.0,0.0010113099983131,0.0,0.0,0.0,0.0,0.0,0.0,0.0062990617474538,0.0015309066225782,0.0044157980154243,0.0211710621926575,0.150554159914857,0.0,0.0,0.0,0.0025923105162248,0.0,0.0,0.0,0.000702737321106,0.0,0.0,0.0,0.197732254069358,0.0,0.0,0.0697608308254384,0.0203998219103398,0.081025353240487,0.0025717559776962,0.0,1.68175308447541,0.0295318853967706,0.0104234008767241,0.10498703137337,0.0023159604690368,0.0160922405856572,0.0,0.0024105544246032,0.003473362163612,0.0,0.0,0.0547575158319894,0.0,0.0495699185748904,0.0070805042472038,0.0026263370501993,0.0017606834787653,0.0,0.136297241644298,0.0,0.0,0.0,0.0,0.0038058589554427,0.010823565084064,0.0017540534861162,0.0010600388688546,0.0,0.0,0.002960628210529,0.0106676763803689,0.0,0.0,0.0,0.01352779865619,0.0066204255140499,0.0118741808360998,0.0,0.0,0.0,0.002319942717532,0.0042512337678465,0.0032280059590522,0.0762686457109075,0.0,0.002083224564992,0.0529297487462704,1.62236213243226,0.0008524324199817,0.0,0.0013924934768846,0.028629355773462,0.0111337800977019,0.0,0.0024865633756554,0.211774314994325,0.0,0.59115323661381,4.0329317520177,0.000620286186286,0.0484376254531422,0.0012838577262305,0.0047172519682227,0.011590431541964,0.0044558053334915,0.0,0.0,0.0013297029840578,0.0,0.0026891379682892,0.0030743566527591,0.0,0.0,0.0,0.0,0.0,0.0,0.0,0.0034797212893616,0.0,0.0,0.0032897130763626,0.0,0.0,0.0,0.37296875913385,0.008082891812171,0.0,0.0200732764589594,0.0,0.0034610467050976,0.0382330772112156,0.0024628418372834,0.0,0.0,0.0,0.0,0.0101951355498079,0.0,0.170993233999812,0.0018289919928967,0.616781554409897,0.0,0.0,0.41486442282431,0.0,0.0,0.0,0.0,0.0,0.0,0.0242950378567412,0.0,0.0,0.0,0.0,0.0,0.0,0.0,0.0,0.0,0.0,0.0,0.0,0.0,0.0,0.0007030669964,0.0019085644981309,0.0,0.0,0.0,0.0,0.0,0.0,0.0,0.00189589980004,0.0029026221021708,0.0,0.0,0.0,0.003555969253129,0.0,0.0,0.0,0.140568892810345,0.0453193482893494,0.0424106578274771,0.0,0.0014669247591349,0.0020093691726686,0.0,0.0,0.0037889482655936,0.0006775087999807,0.0007639908357734,0.0037057283454467,0.0,0.0,0.0007116444977474,0.0,0.0,0.0015781726326316,0.0,0.0,0.0021885173719861,0.0,0.0,0.0243301344162642,0.0006302638521566,0.0009025396536215,0.027878107750541,0.0,0.0,0.0,0.0,0.0042897523500494,0.0,0.0,0.0010366765561321,0.0,0.0,0.0,0.0,0.0,0.0,0.0,0.001266672873841,0.001060928187445,0.0007652847122187,0.10306717375514,0.0,0.0,0.0,0.0026478995481099,0.0137033323633411,0.0,0.0,0.0,0.0010241523140172,0.0,0.0,0.0736590313959804,0.0,0.0,0.0573392739745033,0.0125043205321237,0.0229971205079761,0.0013328621595708,0.0,0.210770284595943,0.0220621529003275,0.0050141555073598,0.0398964189242412,0.0019440274070973,0.0188479895068356,0.0,0.0,0.003136056716683,0.0,0.0006166269529104,0.0575636986610639,0.0,0.069516846771044,0.0,0.0016972723323628,0.0010241750001303,0.0,0.0678714125167608,0.0,0.0,0.0,0.0,0.0006610914084231,0.0068774200766982,0.0,0.0007239444246391,0.0,0.0,0.0041384888606906,0.0,0.0,0.0,0.0,0.002935046306656,0.0029945330079704,0.0,0.0,0.0009203878756309,0.0,0.0008812783581847,0.0009256247936824,0.0006611290491074,0.0465988155563756,0.0,0.0040387582086012,0.0332089814907967,0.235581798977394,0.0,0.0,0.0006423238238339,0.0,0.0,0.0,0.0,0.15631885139816,0.0,0.38868326243361,0.703138821329476,0.000825723061303,0.00713917096103,0.0,0.0,0.0044409350074985,0.0083814103245552,0.0,0.0,0.0,0.0,0.0,0.0,0.0,0.0,0.0,0.0,0.0,0.0,0.0,0.0007732984294524,0.0,0.003054684737989,0.0020791224016892,0.0296638149749052,0.0,0.0,0.0,0.0055224553312082,0.0,0.0217201492871509,0.0,0.0026489229760533,0.0102344381715463,0.0013917459676828,0.0,0.0,0.0,0.0,0.0,0.0,0.153964642335673,0.0057134421991511,0.0,0.0323743136563815,0.0,0.114962977443023,0.0009448107315096,0.0017733623239027,0.0,0.0,0.0,0.0,0.0090788746579606,0.0,0.0,0.0,0.0,0.0,0.0,0.0006396374542422,0.0,0.0,0.0,0.0,0.0,0.0,0.0040235368041223,0.0007082541599141,0.0007678174827871,0.0,0.0,0.0,0.0,0.0,0.0,0.0,0.0012852258049991,0.0038460854327088,0.0,0.0565025623070761,0.0,0.0039527906583683,0.0,0.0,0.0,0.0143679565014399,0.0263059683413068,0.0365865973995041,0.0,0.0,0.0,0.0,0.0,0.0039705778812732,0.0,0.0,0.0018876591748588,0.00561349048128,0.0,0.0,0.0,0.0,0.0008459814313206,0.0,0.0070495104865947,0.0
MOB,0.258981064477832,0.0118646797825531,0.0,0.151771606608452,0.0,0.0,0.0,0.0,0.141201520579955,0.0,0.426822814067386,0.0,0.0009014014646007,0.776647914499542,13.914102287716,0.0011849452865525,0.0,0.0,0.0072259334670995,0.0,0.0,0.0714720685622307,0.0,0.0035313549035614,0.296379672722839,0.0,0.0,0.0,0.0354182220931574,0.0,0.0,0.0218079036390811,0.0034817031438208,0.0647045878569569,0.232510832614273,0.0389322342469674,0.0147079945859047,0.0038441829847668,0.0,0.0,0.0318839005032045,0.0,0.0049766855879214,0.613794036127355,0.0,0.0,0.0136382737030749,0.011340322430478,0.402410346254724,0.0,0.0,0.0215295453413113,0.0841727945699415,0.158367932811734,0.0,0.0,0.0,0.164469874897179,0.0,0.001559792821149,0.015252107321166,0.013113322781681,0.0,0.0,0.0,0.0,0.0,0.0192311462791511,0.0,0.0167582313494805,0.0101383980555062,0.0,0.0,0.0,0.0,0.0,0.0,0.0,0.0737401715282112,0.0018565697458202,0.0585972425990177,11.7788557707462,0.0224703987562892,0.0,0.0185557679718791,0.0024652520636439,0.0274419671654272,0.842848408665375,0.0,0.0225891556926745,0.0,0.148406801616661,4.37517422815334,0.0007695063730952,0.0127579454538421,0.0,0.0,0.0048430065330635,0.0,0.0176799232706702,0.0178223178146212,0.426354457172071,0.0,0.00867779776981,0.0,0.0,0.0,0.0,0.0499582224379114,0.0,0.0,0.0740899502231373,0.694550150746014,0.0,0.803738191858614,0.0072032068069338,0.0052253007725149,0.0,0.0081515382732305,0.0131435990678548,2.61981587373729,0.0139477771964576,0.0148660050340603,0.0,0.0,0.0,0.0,2.81228800910261,0.027228219882722,0.18086348025951,0.0777567531223519,0.0,0.0261712669977358,0.0,0.0,0.0,0.0034661437094218,0.0016474370585987,0.0013388165387961,0.0,0.0,0.0,0.019395442153528,0.0,0.0843229378365548,0.0,0.0,0.0014917223788849,0.0,0.23063157240008,0.0,0.0039314532772363,0.0,0.0061017701588591,0.0104802195811691,0.0,0.0044017495239471,0.0,0.0009925259071773,0.000961764991149,0.0,0.0,0.0104249608990292,0.0,0.0142963013465707,0.0090934495229666,0.0,0.0,0.0,0.0195211610090181,0.0,0.0127412599316464,0.0,0.0,0.0026060953037065,0.0,0.0,0.0010993321338493,0.0,0.0109813070200903,0.0113377136558209,0.0760045878305564,0.0,0.0,0.0,0.0,0.0322913120892539,0.0,0.0,0.158061499442184,0.0,0.0,0.0,0.0113080290615547,0.0,0.0,0.0296956919660868,0.0,0.0038826737567323,0.0035648351777501,0.0301461376921952,0.0166418368968176,0.0414598746163704,0.0018776337098853,0.0,0.0210977235420875,0.0,0.0,0.0033547567798036,0.0,0.0017254104382807,0.0,0.0048853509431493,0.0037820908616256,0.0,0.0,0.0,0.0091668213884309,0.0,0.0,0.0,0.000890799362129,0.0401328887140972,4.36756535295222,0.0034998707939735,0.0,0.0,0.0053178961091261,0.0,0.0,0.0506638427538172,0.0114549859648921,0.0052649279519085,0.159616532345502,0.0,0.0,0.0,0.0337905215493693,0.0331362439134484,0.0,0.0243838261360839,0.0,0.013764892810183,0.0,0.004290751310762,0.0071756896024389,0.0061151362629839,0.0,0.0,0.0464266885456596,0.0,0.0020173204036598,0.101226634550093,0.0072630251078533,0.0010237301589584,0.002461444524246,0.0014428928257356,0.0,0.0,0.0,0.0070261758814506,0.0777940200497374,0.0,0.0058753039841662,0.0,0.0,0.0818328739958318,0.0,0.008245431127687,0.0104381510936525,0.0076672661017788,0.0473622527817568,0.0,0.0,0.0,0.0,0.0257236288099753,0.0,0.0451641280690474,0.0091200206834382,0.0,0.0,0.0,0.0,0.0,0.0,0.0,0.0319784138515671,0.0,0.0,0.0064419223150775,0.0257920374927388,0.0,0.0230243193507704,0.0058452081783953,0.0,0.992808965006882,0.0,0.0239264303425566,0.0,0.0692835826641449,0.0,0.0045226872032995,0.0,0.0,0.0,0.0,0.0,0.0139843794378496,0.006413134815179,0.0626067597783853,0.0,0.0201171074525556,0.0,0.051009394564037,0.0609597857394563,0.0,0.0291595453755489,0.0137437564556014,0.0,0.0025273195980361,0.0,0.0,0.0,0.0052976364501947,0.0041755159488627,0.0,0.0027898335389458,0.0054364519313753,0.0374830800818186,0.0109451946290783,0.0124486343226675,0.0018560326861232,0.0,0.0,0.0,0.0180362204932526,0.0,0.0703647112372319,0.0765780688997566,0.0,0.119332060505171,0.0,0.0,0.0063622418840896,0.0,0.002648470566007,0.0020215779829709,0.0,0.0,0.0068982583126139,0.0,0.0,0.0484535775759589,0.0,0.0008166806123979,0.0,0.0,0.0718731349382766,0.0,0.0017813929210559,0.0,0.005016295245008,0.006933614812097,0.00711522753629,0.0033577329428572,0.0,0.0,0.0034356124658904,0.0,0.0057116524674494,0.0099110121190632,0.0,0.0263366523522462,0.0101559077665174,0.0,0.0,0.0,0.0,0.0,0.0085711369178648,0.0,0.0,0.0043134207187258,0.0,0.0,0.0,0.001186145924766,0.0147498975461449,0.007264578764319,0.0534037756162247,0.0,0.0,0.0092814385263431,0.0069414869509853,0.0,0.0,0.0,0.0,0.0,0.0,0.0,0.017883616378775,0.0,0.0,0.0309332736512108,0.0006171405246327,0.0,0.0045875839020349,0.106049007179792,0.0124452911625504,0.010918811306348,0.0042574682174833,0.005418852491097,0.0,0.0,0.0,0.0
MOp,0.0370096414043046,0.0,0.0,0.0,0.0,0.0,1.23018231341474,0.0,0.0,0.0,0.0,0.0,0.0,0.0,0.0,0.0175309808390678,0.0,0.0,0.0489474154295505,0.196873041634974,0.804254981055833,0.717432223683918,0.0,0.0017008007468721,0.0240005277814155,0.0,0.0,0.0,0.0039484799783208,0.0,28.7540769243292,0.0101746945835331,0.0,0.0,0.0,0.116634395794976,0.0285887018151105,0.0022074925541675,0.0042478459388715,0.0,0.0131325355572977,0.0,0.0013182714295753,0.012088333660521,0.0,0.0595733537765648,0.359241487806374,0.0,0.0,0.188173944372793,0.0,0.0015939763732085,4.78478755247315,0.902058583545107,0.224919604162914,0.109301761751517,0.0,0.0,0.0,0.0022469745526289,0.0,0.0,0.0966808885989779,0.0,0.0,0.0,0.0,0.0038482888631869,0.0,0.0016139570112097,0.304590689018193,0.0,0.0,0.0,0.0,0.744755341184746,0.0244657315142992,0.0,0.0038839137635136,0.0,0.0046787650667348,0.0,0.0064205727701244,0.331347218081519,0.001933461164233,0.0016956807034111,0.0,0.0,0.0,0.009804459555786,0.0,0.0314364863928917,0.0,6.81590514560089,2.7948861768077,0.0,0.0060740746232299,0.0,0.0018818556887416,0.0030586900009093,0.0027895653690503,0.116442762350977,0.0380049339503592,0.0,0.0169831863811814,0.0,0.0336761575190937,0.0,0.0183361844168434,0.38482529474355,0.0428499548119623,0.428973881070065,0.0,0.0,0.0098440311097682,0.001855299863868,0.0017964976966269,0.0,0.0046311841797983,0.0,0.0,0.162975256802054,0.0239606097048463,0.0,0.0,0.0032302531095147,0.0,0.0,0.0737793302203701,0.0,2.84444025237136,0.0,0.0214333593638964,0.0,0.016894129002769,0.0045626739585523,0.0,0.0,0.0008774396574661,0.0033171139936931,0.0006907547285656,0.0,0.0,0.0,0.0,0.0,0.0,0.0,0.0,0.0,1.62785955419314,0.0,0.0,0.0816348247173926,0.0186922268498389,0.303166361439309,0.270984241117682,0.0,0.0076480334172786,0.0,0.0,0.0,0.0023195860277654,3.25324561752933,0.104088065829158,0.0200070986709496,0.0,8.89152819322417,0.0,0.0,0.0,0.0016131894830204,0.0,0.0,0.638612841225483,0.0,5.38318933131289,3.03700732948635,1.2444221840035,4.12216531666609,2.15980872093914,0.20927415415399,0.0042900372557071,0.0061446401782787,0.0073411480329744,0.129515132616972,0.0,0.0179421705783781,0.0365392653633813,0.0,0.0,0.0,12.457981375477,0.0027643054172968,0.0,1.59148675438376,0.532635919793115,0.586395245776141,0.0489903836971696,0.0054132363363881,0.0,0.0977035414227574,1.68212776910166,0.0,0.338779892966073,0.0,0.0,0.0,0.0021148252320782,0.0,0.0,0.0,0.0,0.0,0.0,0.723330715579516,0.0387106679820809,0.0,0.0,0.0,0.0,0.0,0.0,0.0,0.0,0.0,0.0,0.0,0.044862530044545,0.0,0.140747239759375,0.0,0.0006623551003916,0.0049638385008784,0.0,0.0,0.0,0.0017938099478601,0.0145159349562142,0.0,0.0,0.0,0.0,0.0,0.0,0.0715005246751694,0.0,0.0029318018652908,0.237069582073727,0.0030598582684428,0.0,0.0,0.0388031865825179,0.0029965227378608,0.0304018843611784,0.0593078719968577,0.0,0.0,0.005698701719731,0.0,0.0,2.21999877914265,1.06118630278324,0.0,0.0020911709256843,0.0,0.0,0.0,0.0,0.0,0.0,0.0,0.0,0.0,0.0,0.0,0.0010016216271434,0.0,0.0,0.0,0.0,0.0,0.0,0.0,0.0,0.0,0.0033329189279609,0.0,0.0,0.0,0.0,0.0030073119587439,0.0,0.0,0.0,0.0,0.100492811546145,0.0,0.0015358376517568,0.0,0.0057789503359709,0.0,3.33107655615233,1.60679829007819,0.0,0.0,0.0,0.0,0.0043156880425526,0.0014101634273012,0.012752447656577,0.0467314183287817,0.0,0.0,0.0,0.0,0.0022568992801992,0.0155319271617614,0.0897215109614726,0.0180415745169592,0.108869433740042,0.0,0.0,0.0,0.0007306259317736,0.0,0.0,0.0,0.0,0.232473545510035,0.0030019624868469,0.0083597557156928,0.0,0.0,0.0022538401674915,0.0,0.0,0.0078146029544426,0.0041975376890065,0.0047673989529726,0.0,0.0204058840592882,0.0,0.0172098502861226,0.0010308432189225,0.0,0.0,0.0,0.0180247138607811,0.0009339508713215,0.0250030622192684,0.0,0.0,0.0,0.0,0.0,0.0,0.0,0.0528145277025696,0.20084960089514,0.0,0.0,0.0034345147493918,0.0,0.0215062088766908,0.0,0.0,0.0,0.0,0.0,0.0,0.0,0.0,0.006022181865481,0.0014360538915886,37.2492701571968,3.92933245529262,0.0,0.0,0.0010191015844978,0.0049939962050446,0.0,0.0035281230627592,0.0700493570995738,0.0,1.39941170258057,0.205203296304085,0.193963006184676,0.264480383090617,0.14240308047317,0.062542382347613,0.0029886139858078,0.0,0.0,0.056014464843808,0.0,0.0,0.0537654710373379,0.0,0.0,0.0,0.0020438950357928,0.0,0.0,0.423071916188571,0.0199833620385784,0.0537876618807997,0.0076423286978013,0.0,0.0012950281062169,0.0,0.0088511282914615,0.0,0.0,0.0007908387841511,0.0,0.0,0.0
MOs,0.097813626555016,3.80115823224429,0.0,0.0194529247975594,0.0,0.0,0.813062560121603,0.0,0.0,0.0,0.0,0.0,0.0,0.0,0.0,0.0225910838709668,0.0,0.0250848799246263,0.186430219531078,0.136906870938687,2.64785594771258,3.13772488851877,0.0,0.0,0.0170621897305555,0.0,0.0,0.0,0.0044297962010528,0.0,21.2776055204984,0.0,0.0,0.0,0.0,0.0574565853827495,0.0490596834372466,0.0007873325729215,0.0145046633857099,0.0297368536752066,0.0472546543931115,0.0,0.0019556555662474,0.0,0.0108122865451305,0.210332695484307,0.940228559212402,0.0,0.0,0.0377561983317835,0.0,0.0008120458923729,14.2469521540593,0.934108069681498,0.536155938879462,0.0,0.0,0.0,0.0,0.0012989207664741,0.0,0.0,1.00333135150474,0.0,0.0,0.0,0.0,0.0031961856996427,0.0,0.0,0.226506306415581,0.0,0.0,0.0,0.0,2.28589331235501,0.0858170297683245,0.0,0.0556370082792857,0.0088037755176294,0.0084663667307702,0.0,0.0104083790692411,2.40823788990122,0.0023132002459614,0.0059862053292018,0.0,0.0,0.0,0.0058338785097326,0.0,0.0597709182797637,0.0017205871988535,3.44369085362402,6.39834831491346,0.0,0.0,0.0,0.0,0.0161230281824193,0.0016477635450766,0.358369833556231,0.156498501172821,0.0,0.0595564341128019,0.0,0.0153509044432286,0.0,0.0124214192412524,5.01503840518996,0.537699249636786,1.60526673064119,0.0,0.0,0.0041038862298166,0.0032007062824773,0.0,0.0,0.0,0.0,0.0,0.0,0.0091334767941898,0.0463101155630842,0.0,0.0007029037443974,0.0,0.0,0.0,0.0,0.461283992085795,0.0,0.0,0.0,0.0412155412604326,0.003150961960326,0.0,0.0,0.0,0.0015731926764597,0.0017478732444844,0.0,0.0,0.0580450557957634,0.0,0.0,0.0,0.0,0.0,0.0,0.0,0.0,0.0,0.591967929654982,0.0,2.4321961811708,0.592924622626344,0.0,0.0,0.0,0.0,0.0349257665404904,0.0,4.71481295416333,0.0,0.0140606552138897,0.0,4.61813678241441,0.0,0.0,0.0,0.0007547995227646,0.0,0.0,1.85511352691871,0.0,3.28657611759995,4.56501199690752,0.616120233903406,0.88553467054649,1.18822669281034,0.0966131244228897,0.015525997434479,0.0,0.0042240767106726,0.217247098745954,0.0,0.0,0.125333622098091,0.0,0.0,0.0,7.25426710395294,0.0009267554695822,0.0,1.70712828866828,1.76169684535112,2.2126295564278,0.38062051326626,0.0312235493453713,0.0,0.297624395959843,2.62785813448105,0.0,0.0,0.0,0.0,0.0,0.0,0.0071061006009973,1.69008280533791,0.0,0.000625432133768,0.0,0.0,0.56149824714257,0.0,0.0,0.0,0.0,0.0,0.0,0.0,0.0,0.0,0.0,0.0133588212652846,0.0,0.066259297157835,0.0017061830365362,0.397942012816949,0.0,0.0,0.0158381155195831,0.0,0.0,0.0,0.0036402117873871,0.0272053877530102,0.0,0.0,0.0,0.0,0.0,0.0,0.117384604346096,0.00109513091317,0.0072503421708452,0.0,0.0107965581251815,0.0,0.002444559232974,0.0513796445929422,0.0072654119925476,0.0,0.150326407357732,0.0,0.0,0.0,0.0,0.0006065251028869,7.26831509692149,0.700579092321083,0.0029454655488776,0.0080335724649501,0.0,0.0,0.0,0.0021077206870403,0.0009895151895355,0.0,0.0,0.0,0.0,0.0,0.0,0.0052341457574487,0.0,0.0,0.0011828111030651,0.0,0.0,0.0,0.0,0.0,0.0,0.0,0.0,0.0,0.0,0.0,0.0057080409364714,0.0,0.0038616636381253,0.0015308178419625,0.0,0.199031637691218,0.0,0.0013417221866233,0.0,0.0087268051401127,0.0,0.959899259301272,3.25018678363001,0.0,0.0,0.0,0.0,0.0218430329415292,0.0011253335678397,0.0397812235367057,0.0390483096564081,0.0,0.0071115903844495,0.0029932749559765,0.0158662250050013,0.0,0.0159867751874875,1.51600313621283,0.193421715334584,0.252530157854325,0.0,0.0,0.0,0.0014313523017386,0.0008123942090416,0.0,0.0,0.0,0.769537269829327,0.0073102435435424,0.00796614510311,0.0,0.0,0.0016321924960065,0.0,0.0,0.0360959586252739,0.0055429404883558,0.0029116042334426,0.0,0.0,0.0,0.0254050873396704,0.0032283286661656,0.0,0.0033505434188706,0.0,0.0116339741316797,0.0,0.023359567175167,0.0,0.0,0.0162519089154613,0.0,0.0,0.0,0.0,0.280585819550194,0.0859671602606309,0.0,0.0,0.0114213878472978,0.0,0.368025050437725,0.0010237086887766,0.0,0.0,0.0,0.0,0.0,0.0016867137530663,0.0,0.0,0.0019156596161696,0.0,3.19420888894061,0.0,0.0007449705252008,0.0,0.0016291754022599,0.0,0.0,0.127787885239951,0.0,0.727684564951545,0.512440398603111,0.0134964852408667,0.0,0.0265012966095939,0.0750171128965229,0.0080250545714476,0.0,0.0018438716420779,0.122545500164807,0.0,0.0,0.0659768907031224,0.0,0.0,0.0,0.0018313315064025,0.0045062745801332,0.0,0.371638900655232,0.0268714948210698,0.116245401652265,0.0419877531030398,0.0,0.0060609200466407,0.0035621396132025,0.0176707492549445,0.0,0.0,0.0017205638596543,0.0,0.0,0.0
MPN,0.0,0.0,0.0100010523934445,0.0,0.0,0.131735697356496,0.0,0.0,0.0,0.0117639585292628,0.0,0.0,0.0,0.0,0.0134219812454629,0.0,0.81112329786183,0.0,0.0,0.0011486741370382,0.0,0.0,0.0704639867686007,0.316464045523545,0.0097230570670419,0.0643287824988152,0.0,0.0,0.0,0.0,0.0349888929589662,0.0,0.0,0.0,0.0,0.0,0.0062735350961958,0.0,0.0,0.0,0.0021482582190624,0.533076502607707,0.0,0.0,0.0073700612781226,0.0031411787836239,0.001450468180932,0.0043826906027065,0.0,0.0072762155864409,0.0,0.0,0.0,0.0,0.0,0.0281024221524026,0.0,0.0,0.261003981053235,0.0,0.0,0.0012637132801565,0.241982055123281,0.0,0.0140624445164091,0.0,0.0007106047558594,0.0,0.0262947569476025,0.0,0.0,0.0,0.0,0.0061156731873895,0.0246834721968153,0.0,0.0,0.005791852681835,0.0,0.0789434635299086,0.353891628969896,0.0,0.0,0.0,0.0,0.0,0.0976574883334972,0.0,0.0,0.0,0.0111871032974166,0.0,0.0018249420412833,0.0,0.0,0.966215054675443,0.164613737669202,0.0,0.0,0.164076627465615,0.0,0.0586514768327673,0.0,0.0,0.190836682364964,0.0,0.0,0.0666899914854423,0.001804963975284,0.0,0.0,0.0,0.0,0.587577310996696,0.0212162986189227,0.0011287506948513,0.0,0.0,0.0024361709817232,0.0107452087207363,0.0,0.0,0.0,0.0,0.0,0.0008113133347334,0.0673121340611944,0.0,0.0,0.0,0.0,0.0048536681832976,0.0,2.87287596986665,0.0395080673562672,0.0006130016933789,0.0,0.0019449528038561,0.0,0.0,0.0,0.182549820493428,0.0017096668342093,0.0,0.0081957882703976,5.12466779773409,4.26008686859035,0.0,1.09729072631141,0.0637635279750477,0.0,0.0006276886865421,0.0,0.0,0.0,0.0,0.0017682671362174,0.0,0.0,0.0,0.0,0.0,0.0,0.0,0.0,0.0,0.0,0.0,3.0228834622827,0.260965748453946,0.0,0.0,0.0,0.0,0.0,0.0,0.0,0.0,0.0,0.0,0.0,0.0,0.0,0.0,0.0,0.0,0.007632541246666,0.0,0.0,0.0494570899292425,0.676307646034522,0.0,0.0,0.0,0.0,0.0007742841243377,0.0,0.0,0.0,0.0,0.0,0.0,0.0,0.0405121984398567,0.0,0.0,0.0,0.0561450785047571,0.0014910876718028,0.0,0.0,0.0018084634732054,0.0,0.0,0.0,0.0,0.0,0.0,0.0097551548590089,0.0,0.0,0.0,0.0,0.0008189754361418,0.0,0.542612965738217,0.0,0.0,0.0,0.0,0.0,0.0017231734185827,0.0080151797724204,0.0007045832540387,0.0,0.0,0.0,0.0,0.0,0.0,0.0,0.0,0.0,0.0,0.0,0.0027205727359869,0.0,0.0009502338524398,0.0,0.0,0.17857477587127,0.0,0.0,0.0012002055099805,0.0,0.0,0.0,0.0,0.0,0.0,0.0,0.0,0.0,0.0,0.0043918692816618,0.0,0.0009805194340711,0.0061638730797158,0.0,0.0,0.0,0.030331730913091,0.0,0.0131042731542463,0.0,0.0,0.0,0.0,0.0,0.0,0.0,0.0,0.0015849798075254,0.0,0.0,0.0,0.0038246063872356,0.0,0.0,0.0009775535972242,0.0,0.0,0.0,0.0,0.0,0.0016788632486175,0.0,0.0,0.0,0.0,0.0,0.0,0.0,0.0,0.0373197141964133,0.0,0.0,0.0,0.0401938978952408,0.0,0.0228211754378547,0.0,0.0,0.002434834839666,0.0,0.0,0.017358532885125,0.0022370632556138,0.0,0.0,0.0,0.0,0.0007143811667327,0.0,0.0,0.0,0.0,0.0,0.0011055598177624,0.0,0.0,0.0,0.0,0.0,0.0008367345847871,0.0172274867764926,0.0,0.0,0.0,0.0,0.00086288803459,0.0,0.445771314675082,0.0037262453769959,0.0,0.0,0.0007671962538815,0.0,0.0,0.0,0.0111461840821563,0.0,0.133908436975429,0.0014971810060844,1.12379132059625,0.351195268119128,0.0,0.0,0.0454646278423739,0.0,0.0,0.0,0.0,0.0,0.0,0.0,0.115638361784453,0.0,0.0,0.0,0.0,0.0,0.0,0.0,0.0,0.0,0.0,0.347872991904627,0.0385876528558727,0.0,0.0,0.0,0.0,0.0,0.0,0.0,0.0,0.0,0.0,0.0,0.0,0.0048535193040625,0.0,0.0,0.0,0.0,0.0,0.0,0.0104738190295048,0.040576548490763,0.0,0.0,0.0,0.0,0.0,0.0,0.0,0.0,0.0,0.0,0.0,0.0,0.0,0.0,0.0,0.0,0.0206610772459882,0.0
MPO,0.0,0.0,0.0306232980559926,0.182972513825438,0.0,0.18280203859194,0.0,0.0,0.0,0.0318926759965921,0.0,0.0,0.0,0.0,0.0350654296156398,0.0,0.0,0.0,0.0,0.003759301918084,0.0,0.004692674406053,0.0717058915284184,0.238680554386931,0.0314010866795245,0.0168025581850363,0.0041078855514138,0.0,0.0,0.0,0.314591873623403,0.330600984324531,0.0,0.0,0.0,0.0,0.109863290580346,0.0,0.0,0.0,0.0064965360997322,0.516819213375026,0.0,0.0,0.0146874376083171,0.0165214144474984,0.0065067783547304,0.0023719935211073,0.0,0.0545193901950661,0.0,0.0,0.0,0.0,0.0079482660128755,0.0,0.0,0.0028083001316656,0.525211653449881,0.0,0.0,0.0015668829655907,0.59224386409277,0.0,0.0453999221866432,0.0,0.0659134369851112,0.0,0.253119135844174,0.0,0.0,0.0,0.0,0.0075657126278039,0.216824503449094,0.0,0.0,0.0151106391662891,0.305406932239404,0.149918312622987,0.907947391635765,0.0,0.0,0.0,0.0,0.0,0.0853648417184315,0.0,0.0,0.0,0.104843433795672,0.0435248526260542,0.0034312143077554,0.0,0.0,0.267893911457234,1.31081872782902,0.0,0.0,0.205762336957003,0.0013641498146221,0.507573666746016,0.0068800357164296,0.0,0.585591214177372,0.0,0.0,0.200594604175255,0.0062713028418104,0.0,0.0,0.0021941300398517,0.0,0.379089053532445,0.0551717532988955,0.0199312442306032,0.0,0.0,0.0122551727479483,0.0936321232710009,0.0,0.0,0.0,0.0,0.0,0.0022991434577381,0.173200722232373,0.0,0.0,0.0,0.0010191075297714,0.0,0.0,1.43567277125619,0.168271210749923,0.0023965875878216,0.0,0.0118070421661075,0.0,0.0,0.0,0.231545093396698,0.0,0.0,0.0055045387237692,1.74734278744462,3.79579004134182,0.0,2.12610223944034,0.0847662021398096,0.0,0.0,0.0,0.0,0.001865859229143,0.0,0.0021306864261168,0.536194307437318,0.0,0.0,0.411050264899107,0.0,0.0,0.0,0.0,0.0,0.0,0.0,2.15776220936885,0.841088530431603,0.0,0.0,0.0,0.0,0.0,0.0,0.0,0.0,0.0,0.0,0.0,0.0,0.032767126157415,0.0,0.0,0.0,0.0127055371447127,0.0,0.0,0.0925857570967732,1.05027611975962,0.0,0.0,0.0,0.0,0.0038936258505411,0.0,0.0,0.0,0.0,0.0,0.0,0.0,0.0462199322547635,0.0,0.0,0.0,0.222386672909253,0.0040219199840184,0.0,0.0,0.0034428559915276,0.0011438756427567,0.0,0.0,0.0,0.0,0.0,0.0398453903214727,0.0,0.0,0.0,0.0,0.0060714645374193,0.0,0.493744835962176,0.0,0.0,0.0,0.0,0.0009556393680123,0.0062355704352183,0.0080113041567352,0.0025985353413539,0.0,0.0010155326229287,0.0,0.0,0.0,0.0221270020979128,0.0675613926806464,0.0,0.0,0.001527415963354,0.0,0.0509672374578371,0.0,0.0036982890694117,0.0,0.0017946427637312,0.247909497289835,0.0,0.0,0.0,0.0,0.0,0.0008578783173056,0.0,0.0044736051469312,0.0,0.0,0.0,0.0,0.0,0.129832628218933,0.0,0.0,0.0065524633087413,0.0,0.0,0.0,0.0583728966665114,0.0,0.080841075264339,0.0,0.0105430009543013,0.0,0.0,0.0,0.0,0.0,0.0409940958648316,0.0026883799860631,0.0,0.0,0.0,0.0146805512450971,0.0,0.0071002923142364,0.0007853273113976,0.0,0.0,0.0,0.0,0.0053474936572576,0.0020561403713416,0.0,0.0,0.0,0.0108586686238661,0.0,0.0010929698458048,0.0,0.0,0.0972343978980782,0.0305426714164092,0.0,0.0,0.156386116078041,0.0,0.125047770431151,0.0,0.0,0.0,0.0,0.0,0.0369708010054349,0.002678891146777,0.0,0.0,0.0,0.0,0.0022116673354417,0.0024517715428122,0.0027325644614196,0.0,0.0,0.0016969546973032,0.00461868779629,0.0,0.0,0.0,0.0,0.0,0.0035905057759921,0.0319425003472348,0.0,0.0,0.0,0.0008112364389768,0.0,0.0,0.494332875539058,0.0410846516683313,0.0,0.0,0.0081371719818252,0.0,0.0,0.0,0.0118640823921515,0.0,0.226057320357453,0.0019546137136045,0.758993327485123,0.0,0.0,0.435922165914291,0.0729921225703002,0.0,0.0,0.0,0.0,0.0,0.0,0.0,0.078875271113476,0.0,0.0,0.0789764304173115,0.0,0.0,0.0,0.0,0.0,0.0,0.0010712043732093,0.0,0.102123686221994,0.0,0.0,0.0,0.0,0.0,0.0,0.0,0.0,0.0,0.0,0.0,0.0,0.0123117118340453,0.0,0.0,0.0,0.0,0.0,0.0,0.0186097958869191,0.0817650056144419,0.0,0.0,0.0,0.0,0.0,0.0,0.0,0.0,0.0,0.0,0.0,0.0,0.0035673216061097,0.0,0.0,0.0,0.05320352767026,0.0
MPT,0.0,0.0156493851635651,0.0213730307758973,0.0,0.0,0.0,0.0,0.0,0.0,0.0,0.0,0.0,0.0,0.0,0.0,0.0021140973265155,0.0,0.0111757027338849,0.0044594022864997,0.0,0.0022866534572734,0.0,0.0,0.0,0.0,0.0,0.0,0.0,0.0,0.0,0.0,0.0139424000054977,0.0,0.0,0.0,0.0,0.0,0.0,0.0,0.0,0.0,0.0,0.0,0.0,0.0,0.0,0.0,0.0,0.0,0.0,0.0,0.0,0.0079999652396612,0.0,0.0,0.0,0.0,0.0,0.0,0.0,0.0022893896425631,0.0108189350224386,0.0105797580592287,0.0,0.0,0.0,0.0,0.0,0.0,0.0,0.0,0.0,0.0,0.0,0.0012864265624687,0.0,0.0,0.0,0.0,0.0,0.0,0.0,0.0,0.0,0.0,0.0,0.0,0.0,0.0,0.0,0.0,0.0,0.0,0.0,0.0,0.0,0.0,0.0,0.0,0.0,0.0,0.0,0.0,0.0,0.0,0.0,5.87189974171068,0.0823316084187615,0.0,0.0,0.0,0.0,0.0,0.0,0.0,0.0029729344389883,0.0,0.0,0.0,0.0,0.0,0.0,0.0,0.0,0.0,0.0011796997145324,0.0027929108564135,0.0,0.0,0.0,0.0009522860380526,0.0,0.0,0.0,0.0,0.0,0.0,0.0,0.0,0.0018528912020372,0.0,0.0009641107386363,0.118625397954816,0.0,0.0,0.0,0.0,0.0,0.0330040855880894,0.0008737936605991,0.0037212075405693,0.0147936741523852,0.0,0.0768786315844819,0.0291173267308837,0.0135837104580373,0.0,0.0073601022620221,0.0,0.0768126212509354,0.0,0.0,0.0,0.0,0.0,0.0,0.0,0.0,0.016266397749933,0.0145588185834861,0.0,0.0,0.0,0.0,0.0,0.0,0.0,0.0,0.0057726913504148,0.0014253920743526,0.0,0.0009298522119265,0.0,0.0,0.0,0.0065198737522811,0.0,0.0,0.0,0.0,0.0008390967388145,0.0,0.0012562308711798,0.0,0.0,0.0,0.0800730821525114,0.02198190147851,0.0809422202458862,0.0146361709260667,0.0444364728907899,0.129273742106403,0.0,0.0,0.0,0.0,0.0,0.0,0.0,0.0,0.0,0.0009217072161534,0.0,0.0,0.0,0.0,0.0,0.0,0.0006802617210025,0.0,0.0,0.0,0.0,0.0,0.0,0.0,0.0,0.0,0.0,0.0,0.0,0.0,0.0,0.0,0.0,0.0,0.0,0.0,0.0,0.0,0.0,0.0,0.0,0.0,0.0,0.0,0.0,0.0,0.0361473105298769,0.0,0.001115010225778,0.0435638641438624,0.0,0.0,0.0,0.0,0.0,0.0,0.0,0.0,0.0,0.0015737859690629,0.0,0.0,0.0,0.0,0.0,0.0,0.0,0.0,0.0013774132051874,0.0046304999926174,0.0,0.0,0.0,0.0,0.0,0.0,0.0,0.0,0.0,0.0,0.0,0.0,0.0,0.0,0.0,0.0,0.0,0.0,0.0,0.0,0.0,0.0,0.0,0.0,0.0033203208909588,0.0,0.0,0.0,0.0,0.0,0.0,0.0,0.0,0.0,0.0,0.0,0.0,0.0,0.0,0.0,0.0009822023379439,0.0,0.0,0.164068585336849,0.0183163809733858,0.0094320754073635,0.0,0.0,0.0,0.0,0.0,0.0,0.0,0.0,0.0,0.0,0.0,0.0,0.0,0.0,0.0,0.0,0.0006610909550208,0.0,0.0,0.0,0.0,0.0,0.0017987950837166,0.0,0.0,0.0015203078781863,0.0,0.0,0.0,0.0,0.0,0.0,0.0,0.0012207040186835,0.002313201342617,0.0,0.0,0.0,0.0,0.0149896924551308,0.0010091233187007,0.0,0.0008595543427297,0.0,0.0,0.0,0.0,0.0,0.0,0.0016058428565406,0.00282293906542,0.0,0.0,0.0,0.0,0.0,0.0,0.0,0.0,0.0040242881961101,0.0,0.0,0.0,0.0,0.0,0.0,0.0,0.0,0.0,0.0,0.0,0.0,0.0,0.0,0.0,0.0,0.0,0.0,0.0,0.0,0.0,0.0,0.0,0.0,0.0,0.0,0.0,0.0013379721190255,0.0,0.0,0.0,0.0,0.0,0.0,0.0,0.0,0.0,0.0,0.0,0.0
MRN,1.30673967592031,1.38838418805575,0.0,0.0505822289673708,0.0,0.0715846731089694,0.0840690364003682,0.0,0.0,0.0,0.0,0.0,0.0019207990843306,0.0,0.0,1.38511804629637,0.0,0.563066799691491,0.375271674894967,0.0,0.0034764229490563,0.0,0.0,0.372636374949156,0.0,0.0,0.0,0.426022859853703,0.0009626926144482,0.0,2.71919925462975,8.62341638099117,0.0,0.0,0.0,0.0552251422446496,0.259334199718892,0.0,0.0,61.4934708048258,0.0040293126935796,1.63483139828486,0.766114261847209,0.0,0.0,0.0,0.0,0.0185025625703107,0.0,0.0,0.0,0.0232092360374988,0.149460587206552,0.644234948711855,0.795479265267129,1.09542741356294,0.205780842760328,0.0,0.007187633606574,0.0,0.427819902912307,2.13632810346906,0.952125871883696,0.0,0.0,0.167697702208099,0.137544265159384,0.0255638489572683,2.30355391292833,0.275504075821036,0.0,0.0,0.0,0.34472511117049,0.777373423046582,0.193414816594593,0.11354421964935,0.101217627741913,0.0040550673111427,0.0,0.0245498201437302,0.0,0.738128158122041,0.0,0.0,0.278705929514188,0.0456520571491365,0.0,0.0,0.15083741126658,0.0,0.168283665094684,0.0,0.806149767324287,0.967630381002898,0.0,0.373253177712015,0.0,2.97041366903917,0.0,0.254986935249245,0.0,0.0,1.34860724489931,0.0,0.0461979327971283,1.32664589555969,0.0,0.196412236208456,1.3245763834288,0.0,0.292221024587823,0.0,0.0,0.0295299381497621,0.831279428787147,0.0,0.074201096649388,0.490117915887731,0.382275266881108,0.071225883587824,0.0748981121628948,0.0014584695382959,0.0,0.227986303213459,0.310633401537296,0.0802453150807126,0.0,1.09615377751509,0.0,0.081878861200832,0.0,0.0,0.0,2.24850583090007,0.0,0.0,0.815383537872178,0.568493839834487,0.0,0.240130803600113,0.0069347187109081,0.534368482150429,1.5146831678632,0.0,0.0,0.0,0.0,5.89008376931133,0.0,0.0,0.0,0.0,0.213095662574707,0.0,0.52017479015847,0.0814851720757293,0.0,1.41841992730828,0.154499872118208,0.0,0.108053768232494,0.0027947779540042,0.0557418847780282,10.9495666574032,1.97574117332717,19512.6595412867,0.0,2.79959782744807,24.7862322826595,0.0,0.006813186028244,0.0300244089119235,0.0035403490522496,0.770279009450733,0.0963074906844212,0.332121146982091,0.366085924066053,0.881070838105778,0.599486958867733,0.431313668663004,0.448112400053529,0.0,0.0,3.69972681402159,0.281257462809941,0.0,0.263379812734467,0.0589249295987922,0.0,0.0,0.0,0.0,0.0,0.0,0.334424366449751,1.1940825336613,0.299018541522236,0.0,0.0,0.0329205788295623,0.0,0.614638037190711,0.268224802960185,0.242151189208114,0.0,0.0,0.0,0.0,0.0603438090327765,0.0652674309016074,0.0,0.0,0.0,0.0289202122447634,0.0107166308386209,0.0,0.0,0.91308008288848,0.0,0.0,0.0027201162934878,0.0,0.0,0.0131077610192153,0.0,0.0016005894538752,0.0,0.002417873594817,0.0,0.0,0.0,0.027229621375859,0.0,0.0,0.0,0.0026971330077399,0.0,0.0,0.260481526722429,4.96829176136731,0.0,0.0,0.0,0.0,0.306376331296546,0.0,0.337706224108576,25.8393564739972,0.0,0.667347736739603,5.43940314989418,0.0,0.0,0.0,0.0,0.0,0.0,0.0,0.0,0.287574682005904,0.0,0.0,0.0038401121279939,0.0,0.0807144467992913,0.0,0.0085958378825036,0.0,0.0,0.151810920394137,0.0551542789413954,0.0,1.65599723954052,1.09299660895488,0.0492813254494617,0.0,0.0,0.222412067944721,0.0,0.0,0.0,0.0987949981729388,0.0439622253691152,0.0,0.0,0.357929846705721,0.0,0.0,0.0125976560445803,0.0037608378597356,0.5009030192235,0.0,0.279723496304847,0.31250818939814,0.0020838296621012,0.0016672855114518,0.0,0.0,0.292316302370439,0.0542930252796704,0.0,0.0267998284187644,0.072010332095658,0.0,0.0319161302293599,0.0291972159840282,0.351034607876197,0.0009017891897216,0.236260132289341,0.0489698544905907,2.55307562852872,1.35906628132941,0.0415269875705734,0.0,0.0,0.0,2.26348820709347,0.294624917186795,0.0,0.193216688792664,0.0505761042095999,0.0,0.0011763126533046,0.226254126396627,0.0,0.0,0.0,0.032650459038863,0.0010951361813894,0.0,0.0030308366892379,0.0,1.93309686087995,0.306699990496279,0.0,0.0,0.132208978276899,0.0,0.0,0.0,0.0,0.0,0.432064732596317,0.0,0.0,0.362685311202278,0.138497919443993,0.0,1.07597910901277,0.0019639260876701,0.0466012910259773,0.195912525653303,0.0,0.0,0.0,0.0,2.97339324239172,0.0145598551318975,0.0,0.497845719175216,0.0,0.0063611728474238,0.0,0.0104019847222274,0.0078138464971655,0.0,0.299565414859485,0.0,0.0146323685970775,0.0,0.0042008385063286,0.0,0.0,0.107706245505597,0.0,0.124308928783873,0.0,0.981579670109921,0.0,0.117352706887848,0.787236621793442,0.0,0.017528792432201,0.0058824073606142,0.0,0.0,0.0257824217005034,0.0,0.0134827486210744,0.0380692645718543,0.0146017205332636,0.0,2.55667622249577,0.0041360899819901,0.0,0.171512167251805,0.0,0.0,0.046385339888436,0.0,0.0,0.0259089252950089,0.104878802958181,0.0138833659298796,0.0195672251510027,0.0036235665011235,0.0,0.0,0.0,0.0,0.0396529226726157,0.0416428305303308,0.0435844018414219,0.0015918164921895,0.0,0.351569247393984,0.0
MS,0.0,0.0,0.0182877462960127,0.0,0.0,0.111328897970031,0.0,0.0,0.0020508803624941,0.0228554737567816,0.0,0.0,0.0,0.0,0.0164813162603527,0.0,0.0,0.0,0.0,0.0010099109697107,0.000817972859172,0.0022532522516571,0.0045685104728426,0.0,0.0545383156564868,0.0,0.125454176791112,0.0,0.0,0.0,0.0,0.39861287054576,0.0,0.0,0.0093958756205535,0.0,0.181028396245428,0.0,0.0,0.0,0.10027416859996,0.14313814203992,0.0,0.0,0.0,0.0,0.050730756339695,0.0543851367768765,0.0023670246911179,0.0586006281236724,0.0,0.0,0.0,0.0049896061260409,0.0,0.0,0.0,0.0,0.0244036581662621,0.0010418291452368,0.0,0.0,0.25064989506765,0.0,0.0736730200418111,0.0,0.155936903545992,0.0,0.005444239995735,0.0,0.0,0.0,0.0,0.0,0.079383108288535,0.0,0.313892726406397,0.0016304390409402,0.504908526933947,0.0898627310131021,0.871238197481309,0.0,0.0,0.0,0.0,0.002351144481628,0.0089245481619541,0.0,0.0,0.0,0.0,0.131323687453865,0.0008038587826396,0.0,0.0,0.0,0.167601495500929,0.0,0.0,1.56831956530376,0.0,0.0,0.937081086333164,0.0,0.114629222944225,0.0,0.0,0.0206724074764479,0.0034452812860641,0.0,0.0039566908024934,0.0035016377749921,0.056930114750649,0.0048313623859512,0.0304235853474897,0.0126254079795976,0.0,0.0,0.0,0.0843659299912456,0.0,0.0,0.0,0.0,0.0,0.0024334871508904,0.130961101630118,0.0012482008568612,0.0,0.0,0.0,0.0,0.0048837811226112,0.0,0.0329772316015014,0.0155139469318673,0.0,0.0,0.0,0.0,0.0,0.0632035131030221,0.0,0.635388396563252,0.0,0.0,0.601917464945203,0.0,0.0722531053508714,0.0507355385659796,0.0,0.0,0.0,0.0,0.0,0.021853062122006,0.0,0.0,0.0,0.0,1.6655623554322,0.0,0.0,0.0,0.0,0.0,0.0341219583776425,0.0,0.344453835522625,0.0660910733680625,0.0,0.0,0.0,0.0,0.0,0.0,0.0,0.0,0.0,0.0,0.0,0.0,0.0312502356154815,0.0,0.0,0.0066824417490461,0.0021558608535487,0.0,0.0,0.146785296704816,0.273105702564225,0.0,0.0,0.0,0.0,0.0,0.0,0.0015040449078158,0.0,0.0,0.0,0.0011321387306224,0.0,0.0,0.0,0.0,0.0,0.239336083023275,0.0,0.0,0.0,0.0077559064075883,0.0,0.0,0.03634171719622,0.0,0.0,0.0,0.0154226291201948,0.0,0.0,0.0,0.0,0.0052564616828771,0.0,0.0,0.0,0.0,0.0006333814103052,0.0,0.0012695438951261,0.0011118345553848,0.0,0.0061748265445259,0.0,0.0538230268893456,0.0,0.0,0.0,0.0,0.194353461791253,0.0,0.0,0.0012554945049281,0.0,0.099418550754879,0.0,0.0,0.0,0.0432332947845898,0.0453424527398202,0.0,0.0,0.0,0.0013799261492227,0.0050148190923882,0.0063939758529401,0.0014831079036528,0.0169930542054707,0.0,0.0,0.0,0.0,0.0,0.0,0.0,0.0,0.003313833406661,0.0043014393948541,0.0007022114488284,0.0,0.0676503378253697,0.0,0.0418772145280188,0.0,0.0696918208060502,0.0,0.0,0.0,0.0,0.0,0.0,0.0,0.0208072083861642,0.0,0.144108710952185,0.0007785441894667,0.0457541028934089,0.0203913916098135,0.0516916794396213,0.0,0.0,0.0,0.0,0.0,0.0016365133219538,0.0,0.0,0.0,0.0,0.0520133935760568,0.0,0.0,0.0,0.0147461682805007,0.022341725784605,0.0,0.0,0.971448252584675,0.0,0.0895181697675096,0.504849264243907,0.0,0.0279323906921007,0.0,0.0,0.0043099760017678,0.0024355403877962,0.0,0.0,0.0,0.0,0.0,0.0086168789854851,0.0063257388553453,0.0,0.0,0.0,0.0208989215102373,0.0,0.0,0.0,0.0,0.0,0.0020379797938709,0.0369621262585953,0.0,0.0,0.0,0.0,0.0,0.0,0.0,0.0124454608947875,0.0,0.0,0.0,0.0,0.000860729454857,0.0,0.0021125065570398,0.0,0.159527969274629,0.0014705829203032,0.0,0.0,0.0,0.0906974522057916,0.0282569903003619,0.0,0.0,0.0,0.0,0.0,0.0040502602438229,0.0,0.0,0.0,0.0,0.546914097946336,0.0,0.0,0.0,0.0,0.0,0.0,0.0020453888675069,0.0,0.0223831422744314,0.0,0.0,0.0,0.0,0.0,0.0,0.0,0.0,0.0,0.0,0.0,0.0,0.0046734674360714,0.0,0.0,0.0,0.0,0.0,0.0,0.0333439382958749,0.0634807119921262,0.0,0.0,0.0,0.0,0.0,0.0,0.0,0.0,0.0,0.0,0.0,0.0,0.0,0.0,0.0,0.0,0.0863111312904414,0.0010772469260337
MV,0.0068854864486367,0.0046001613158169,0.0,0.0,0.0,0.0,0.0007738386366184,0.0,0.0,0.239906217529662,0.0,0.0,0.0,0.0,0.0,0.0,0.0,0.0022719814846268,0.0,0.0,0.0,0.0,0.0,0.001482453007803,0.0,0.0,0.0,0.021506232992806,0.0012550785816872,0.0,0.238677422581147,0.130374601324569,0.0,0.0,0.0,0.0,0.0,0.0,0.0,110.21737391269,0.0,0.0128492485525417,0.0,0.0,0.0,0.0,0.0,0.0,0.0,0.0,0.129147163818552,0.709728801862176,0.0,0.0,0.0028553318149466,0.0647505222588939,0.144965867523211,0.0,0.020859284105838,0.0,0.0,0.0006894863905663,0.0012327291650462,0.0,0.152576909247171,0.0239813802927202,0.0,0.0,0.0,4.19448103454337,0.0,0.0,0.0,0.0,0.001803999919244,0.0,0.0,0.0063835840611993,0.0,0.0,0.0,0.0,0.0,0.0,0.0,0.0,0.0010960592701297,0.0,0.0,0.0,0.0,0.0014029129573472,0.0,0.0150545202377057,0.007581915544542,0.0,0.0011659744831908,0.0,0.0096089601563177,0.0,1.98641915061141,0.0,0.0,0.327380045395458,0.0,1.70142578043649,0.0,0.0,0.260715363468318,0.0021901642012496,0.0,0.0007526478460301,0.0,0.0,0.0,0.0063549476786506,0.0,0.040811558673947,0.0156077045350689,0.0169272514739617,0.0,0.0,0.0016116563513833,0.0,1.33194213848797,0.0442896996706898,0.0,0.0,0.0067500486954413,0.0,0.0,0.0,0.0,0.0,0.0,0.0,0.0,0.124330587184147,0.009998874646707,1.46995211250699,0.111760351561273,0.0,0.0,0.0152519841521125,0.0,0.0,0.0,0.0,0.0124586426219425,0.0,0.0,0.021260941002942,0.0,0.0,0.0,0.0011096611214429,0.0,0.0,0.0,0.0,0.0,0.0,0.0,0.0,0.0,0.0026684180064961,0.0,0.0,0.0,0.0612808715476413,1.06575934323249,0.0659025178609502,0.0583470432588646,0.0,0.0182345524750258,0.0243586953095281,0.0006358160130608,0.0006113717986041,0.0016381733820177,0.0,0.0030033788731199,0.0,0.0,0.0,3.36285012741657,0.0,0.0,0.0,0.0,0.0,0.0011690084076068,0.0,0.0,0.0099363372018781,0.124672352571685,0.0039643467865505,0.0103791626791358,0.0012059277091694,0.0,0.0,0.0,0.0,0.0020508440518438,0.0,0.0077470987948034,0.0,0.0,0.0,0.0101051062736693,0.0,0.0061527951153522,0.0,0.0,0.0,0.0,0.0,0.0,0.0,0.395967898526931,0.0,0.0008815881611122,0.0,0.0,0.0,0.0,0.0,0.0040961700638355,0.0,0.0,0.0,0.0,0.0,0.0,0.0,0.0,0.0,0.0,0.0021037087166008,0.0,0.235809020604286,0.221269127274259,0.0,0.0,0.0,0.0,0.0026215678332003,0.0,0.003366887009122,121.194889844709,0.0,0.0026141217617617,0.0,0.0,0.0060403025437697,0.0,0.0,0.0,0.0,0.0,0.0,1.04088427106649,0.0,0.0,0.0007224966183305,0.0,0.123315352725357,0.0,0.0,0.003499120474589,0.0,0.0,0.0010102622347057,0.0,0.176702545697271,0.0,0.0019111588229847,0.0,0.0,0.616132557309195,0.0,0.0,0.0,0.0,0.0,0.0,0.0,0.239070543787028,0.0,0.0,0.0,0.0,0.0695257296005482,0.0,0.0103438325404194,0.0,0.0,0.0,0.0,0.0,0.0,0.0019538837091476,0.0,0.0214089672500227,0.0083176192050881,0.0,0.0,0.0,0.0008586772941956,0.0,1.1614590816864,0.0,0.0061726779354471,0.290903915908804,0.0,4.69997140216503,0.0,0.0,0.104160585236528,0.0038110014572457,0.0,0.0020166413843357,0.0,0.0,0.0,0.0019391511721766,0.0,0.0,0.0,0.0,0.0,0.0,0.007059490964591,0.0,0.0,0.0020447780466435,0.0,0.0,0.0101125040452377,0.0,0.0,0.0,0.0,0.0,0.0,0.0,0.0,0.0638458536301955,0.0,2.78584658343014,0.230533663870758,0.0,0.0,0.0030008129750133,0.0,0.0,0.0,0.0,0.0007379737778177,0.0,0.0,0.0643998857302109,0.0,0.0,0.0,0.0025085478363286,0.0,0.0,0.0024107424569107,0.0,0.0,0.0,0.0,0.0,0.0,0.0,0.0,0.0,0.0,0.005606609714143,0.0426840359664015,0.0142134733826098,0.0346561408383286,0.0,0.0206634381438832,0.0230550172461076,0.0025470810995022,0.0026060396246596,0.0086112170269206,0.0,0.0045058347497301,0.0,0.0,0.0,0.659332342996708,0.0,0.0,0.0,0.0,0.0,0.0,0.0,0.0007352580928341,0.0,0.145151665841441,0.0040091278472513,0.0154341572711507,0.0015816053581737,0.0,0.0,0.0,0.0,0.0,0.0,0.0,0.0,0.0,0.0,0.023412932218778
NDB,0.0,0.0215958126325611,0.0642441916898902,0.0086065638503824,0.0039664198383561,0.1336590036377,0.0,0.0,0.075491351154206,0.0,0.0,0.0,0.0,0.01257224971148,0.0573159667532226,0.003311459066992,0.0,0.0,0.0023437144744623,0.0030892455827119,0.0,0.0522166015098829,0.0851704703771105,0.0056697538730199,0.0492536169680257,0.0,0.151868193657481,0.0,0.0146841289742206,0.008485522065904,0.0,1.57909386378593,0.0009439829549288,0.0,0.0326146221012983,0.0012006519616719,0.266104348286654,0.0063246346874206,0.0,0.0,0.137036845527582,0.0358094648094896,0.0225103926223134,0.0,0.194992816959664,0.0138214277036172,0.0541595987064122,0.0200448142957001,0.0749760358504927,0.744745749064141,0.0,0.0013122008055426,0.0,0.303337977441967,0.0136039393055994,0.176629724778071,0.0,0.065994493735132,0.46938207748246,0.0078562721458761,0.0,0.0013815766578505,0.765378634187859,0.0,0.147672485075035,0.0020133888195373,0.205086880577513,0.0135301994279992,0.135836993839757,0.0188725679957577,0.0092130586043802,0.0,0.0,0.0021792227550393,0.233441733393412,0.0,0.671898691676025,0.0,0.86885207557272,0.0,0.0949299268397534,0.559317541366516,0.0,0.0,0.0053545022804519,0.0158602161318798,0.0568807803830908,0.277808240411475,0.0,0.0245784259594373,0.0,0.172470485752615,0.0057160594023359,0.0,0.0030245372637138,0.0,0.123870957471089,0.0221058481180345,0.0,0.866417073854801,0.0,1.32866489583323,5.07042194781737,0.0,1.02764074749425,0.0174126623026132,0.0,0.0,0.002090471693125,0.0422985177028913,0.103217750890988,0.0454848318954906,0.627521106300023,0.0528848472161801,0.375856067525222,0.0794967539819039,0.0042130940546937,0.0,0.0,0.0708770322617082,0.194702735507723,0.0054571556272639,0.0150674394054821,0.0,0.0,0.0162254319968675,0.177027890361662,0.0936858383355258,0.0,0.0,0.0074351064757975,0.0,0.088067204103108,0.0,0.107778889916617,0.0163606981262649,0.0,0.0,0.0016467580194641,0.0,0.0015588316286566,0.0,0.0,0.460728062679888,0.0324362963647277,0.0,0.319274270598573,0.0,0.750461273487719,0.135684806520064,0.0,0.0489221649559143,0.0,0.0025685319735488,0.0084962710916585,0.0533860995453836,0.0039512876300752,0.0,0.0,0.0006048513915447,3.00251527447819,0.0,0.0027592405314753,0.0,0.0,0.0,0.0,0.0598888006824497,0.0365203732993193,0.524992735771242,0.0014985104338245,0.0076566796460343,0.000688445080588,0.0006600475567616,0.0,0.0062944142453216,0.0,0.0,0.0009209098187894,0.0,0.004116300891278,0.0086021870463355,0.0464405778842336,0.0,0.0,0.0257963314416564,0.0160621691356962,0.0156442577551703,0.0,0.889350183100127,0.202618086226051,0.0,0.0,0.0155885978503638,0.0,0.0015195188420389,0.0168198842951254,0.0020937258748831,0.0,0.0013957693109949,0.0187257369595165,0.0039012308415503,0.0,0.0,0.0,0.0070829076961669,0.0,0.3735518143314,0.0,0.0279968064378319,0.0,0.0112892356760539,0.0040514876433324,0.0,0.0261250335289605,0.0,0.0,0.0,0.0,0.0,0.0,0.0012305210749686,0.0052562678315583,0.0042694301458934,0.0026466120801218,0.0243989102714509,0.0,0.0071474537030237,0.0,0.0022984407803828,0.0019454220232114,0.0121834812629363,0.0124876423015376,0.0322512648584946,0.0,0.0798643961220018,0.0,0.0119913082090867,0.0,0.0,0.384235266142521,0.0118514233697593,0.0458275511426926,0.0,0.0033862850870093,0.198398158304084,0.0135028368017191,0.0,0.0390347512159766,0.115544850992604,0.0819499239264147,0.0,0.0,0.0,0.0206996541488595,0.0071344515962935,0.0065566945942616,0.0062245781371125,0.0714658694245238,0.0,0.0015094394416859,0.0045996926042305,0.0,0.0223584017719103,0.0684327429666511,0.0,0.0567724699050955,0.0,0.0084189834877596,0.0,0.0016964556770437,0.113587065717599,0.0,0.0559350768385764,0.0071806214317027,0.131321547616549,0.0381567510981581,0.0934504379593338,0.0122385532285337,0.006958554425302,0.0,0.0,0.0,0.0111790247625677,0.0,0.0331650303438508,0.0,0.0926001457661462,0.0,0.0,0.0,0.0066490866105853,0.0,0.0180521997738393,0.0482100738131836,0.0023973656284302,0.126899465579821,0.0,0.0228774102175333,0.0,0.0917396863471436,0.003641423127376,0.0,0.0016289331618203,0.0327931905321615,0.0255354458890367,0.0062115475210292,0.0029991649165352,0.579745256466631,0.0107755337224197,0.46967207762084,0.741052911972443,0.0080678048012282,0.009227160246467,0.109763814458388,0.0,0.0145053210470926,0.0048296116440304,0.0033390454481069,0.0018207765688843,0.0040609904631899,0.0,0.0,0.0,0.0179497703848207,0.0125600750348151,0.0,0.0055117056729525,0.014253623494581,0.0,0.0063189296310003,0.0240984326913923,0.0,0.0,0.0079559413908053,0.0488222541098435,0.0038329127071589,0.0,0.0,0.0275906749495696,0.0,0.144062226464308,0.0,0.0522471136799467,0.0036205473896582,0.0008970689753815,0.0,0.0029418313465824,0.0,0.0,0.0,0.0,0.125286978668113,0.0729235173341304,0.0,0.0,0.0014251882300208,0.299956541882615,0.0825863957290539,0.0,0.0117522584075649,0.0,0.0038589479903416,0.0050330612800004,0.0038862769020236,0.0028034012047243,0.0,0.0,0.0064252634638287,1.17305431656396,0.0,0.0323082160970543,0.0,0.0,0.0,0.0,0.0,0.0,0.0804389970290618,0.0,0.0069162013796025,0.0011653363507973,0.0039017038333669,0.0007986976748314,0.0,0.0,0.0009349509962332,0.0008866507425042,0.0114932477093453,0.0046295834006014,0.0593906403707332,0.0,0.0,0.0,0.0082647191947447,0.0006854142553478,0.0103503405150005,0.0117337079790314,0.119039345238556,0.0572307228997791,0.0,0.0,0.0204959133525455,0.0,0.0,0.0166812935699807,0.0014210819697171,0.0,0.0035237845378838,0.0452373080574471,0.007905919209338,0.0,0.0014277841065917,0.0,0.0063436746917513,0.0,0.116542195923388,0.0
NI,0.0058516402033755,0.0662240997191726,0.0403737973091109,0.0,0.0,0.0058624117859568,0.0,0.0,0.0026470630477505,0.0,0.0,0.0,0.0,0.0,0.0,0.0013373662580344,0.0,0.0021524207069851,0.0,0.0,0.0,0.0,0.0,0.0,0.0,0.0,0.0,0.0,0.0,0.0,0.0030993151176264,0.427296199982532,0.0,0.0,0.0,0.0,0.0715215157961629,0.0,0.0,5.18316413684013,0.0,0.0306940685971151,0.0,0.0,0.146195350482138,0.0,0.0,0.0,0.0,0.0,0.0,0.0,0.0,0.0,0.0,0.0,0.0,0.0,0.0,0.0,0.0,0.0017228013296845,0.0125762720741254,0.0,0.0151648749932041,0.0,0.138538884620563,0.0,0.0,0.0006277140154185,0.0,0.0,0.0,0.0172161856447749,0.0097641651746835,0.0022545146666322,0.0094909945166829,0.0079162368545694,0.0,0.0,0.0,0.0,0.0,0.0,0.0,0.0,0.0,0.0,0.0,0.0,0.360998139996642,0.0096904588745942,0.0,0.0021287688766151,0.0019377127418945,0.0,0.0029973755192668,0.0007948985397526,0.0029772310997243,0.0186921142377213,0.001390537785751,0.0558465927963951,3.28350599098034,0.0228456848643394,0.0045392484191009,0.0,0.0,0.0,0.0008402540261981,0.0032439121811442,0.0012194429226221,0.0346254719126818,0.003501208390966,0.0,0.0,0.0145471077595854,0.0,0.0,0.0,0.123974070898191,0.0,0.0,0.0,0.0,0.0,0.0020133115018478,0.0082578389783585,0.0,0.016489188056712,0.0,0.0010729240070663,0.0,0.0,0.0,0.0154148839921433,0.0,0.0,0.0,0.0200476482469471,0.0875003083599041,0.0116614549987048,0.0,0.034531492742192,0.0,0.0,0.0,0.0,0.0,0.0,0.0,0.0,0.0118276378758717,0.0,0.027466353668623,0.0077001242858207,0.036461693674811,0.0,0.0,0.0,0.0,0.0,0.0,0.0,0.0,0.0,0.0,0.0,0.0,0.0273548264806649,0.0550347884849851,0.0054271958188863,0.0,0.0,0.0,0.0026351510535628,0.0066621802528383,0.0,0.0,0.0070952037380763,0.0,0.0,0.0022542886993982,0.0007421206358601,0.0,0.0703147819599652,0.0,0.0,0.0077910632740222,0.0,0.0,0.0117489172171383,0.0,0.0,0.0,0.0046196082035595,0.0,0.0050272116027645,0.0022119064864636,0.0,0.0,0.0,0.0,0.0014053091642644,0.0,0.0023225810951841,0.0,0.0,0.0327811524326604,0.0,0.005480780900308,0.0360606734026621,0.0268083610951324,0.0,0.0,0.0026183568223338,0.0,0.0,0.0031850862600878,0.0048851560995242,0.0,0.0,0.0,0.0,0.0,0.0,0.0,0.0012533824375521,0.0,0.0,0.0,0.0,0.0,0.0,0.0,0.0,0.0,0.0,0.0,0.0,0.0074422001961498,0.203453874011387,0.0,0.0,0.0,0.0,0.10421041675746,0.0,0.004815748586645,2.13462101738259,0.0,0.017838257123315,0.0035195758882113,0.0,0.0352368917641491,0.0,0.0,0.0,0.0,0.0,0.0,0.0014326254205825,0.0,0.0,0.0,0.0,0.0,0.0,0.0,0.0,0.0,0.0012263121382003,0.0039877947340201,0.0,0.01455678482565,0.0,0.0943783205198099,0.0,0.0,0.0074740097119916,0.0,0.0,0.0,0.011636637382506,0.0016220357330934,0.0,0.0,0.003969095401964,0.0,0.0,0.0,0.0,0.0,0.0,0.0,0.0,0.0,0.0,0.0,0.0,0.295269728330534,0.0051769414492005,0.0,0.0009301794628408,0.0021856867159557,0.0,0.0,0.0,0.0,0.0211334014478801,0.0019476757999771,0.0323365806771197,1.24765993575932,0.0079319246690887,0.0,0.0115097640028302,0.0,0.0,0.0061478821788708,0.0016359060835458,0.0,0.0394353962463243,0.0025183115614492,0.0,0.0,0.0016017719815109,0.0,0.0,0.0,0.0692042121751602,0.0,0.0,0.0,0.0,0.0,0.000831686040357,0.0033310698454874,0.0,0.0206154548113447,0.0,0.0,0.0,0.0,0.0059367282238907,0.0118595254706542,0.0,0.0,0.0,0.0014431818727966,0.0584177779042943,0.0043956868336185,0.0,0.0105370869441258,0.0,0.0,0.0,0.0,0.0,0.0,0.0,0.0,0.0,0.0,0.0092988435575552,0.0023514711894375,0.0241129739755298,0.0,0.0,0.0031308896340599,0.0,0.0,0.0,0.0,0.0,0.0,0.0,0.0,0.0,0.0,0.000935006320922,0.0,0.0,0.0,0.0,0.0008129115161708,0.002665088229517,0.0,0.0,0.0038267576304816,0.0,0.0,0.0,0.0006690169142738,0.0,0.0126175349195714,0.0,0.0,0.0041995649182956,0.0,0.0,0.0018048248736062,0.0,0.0,0.0,0.0008307728566947,0.0,0.0021375735299799,0.0011274648234328,0.0,0.0,0.0,0.0,0.0,0.0,0.0,0.0,0.0,0.0262807398123152,0.0
NLL,0.0,0.0,0.0,0.0,0.0,0.0,0.0,0.0007571621455006,0.0,0.121077091112024,0.0,0.0,0.0,0.0,0.0,0.0,0.006493034305594,0.0129352741774386,0.0221588500203682,0.0,0.0,0.0,0.0,0.0,0.0,0.0,0.0,0.0,0.0,0.0021395878568883,0.0,0.0,0.0,0.0,0.0,0.0,0.0009270126744626,0.0,0.0,9.30861200596252,0.0025468409763979,0.0054038793993619,0.0,0.0007456690404266,0.0,0.0,0.0,0.0024380093901322,0.0,0.0,0.0,0.0,0.0,0.0011540990735424,0.0,0.0039117776553886,0.0,0.0016412211364479,0.0,0.423494323477514,0.191316257150943,0.463174237864801,0.0006463747806683,0.0,0.100812969373153,0.0,0.0,0.0,0.0,0.0,0.0,0.0,0.0,0.0,0.0,0.0,0.0,0.0011729932104623,0.0018724353725563,0.0,0.0,0.0,0.0,0.0,0.0,0.0112402960325716,0.0,0.0357119435647952,0.0,0.0,0.0,0.0,0.0,0.0,0.0,0.0,0.0,0.0,0.0075227039224071,0.0,0.0,0.0,0.0,1.64754694942417,0.0,0.0007020059797088,0.0022131910373388,0.0,0.104653190297736,0.0,0.0,0.0,0.0,0.0,0.0,0.0064214626139749,0.0,0.0,0.0,0.0,0.0011660718597544,0.0,0.0008463215605717,0.0,0.0,0.0142898629950879,0.0,0.0,0.0007382888930097,0.0,0.0,0.0,0.0011355614227198,0.218769200113912,0.0120653754674643,0.0,0.0,0.0035269613839928,0.0,0.0,0.049676454416278,0.0,0.0055580302147789,0.0198959987378164,0.0,0.0,0.0,0.0,0.0565360623213977,0.0,0.0,0.0,0.0,0.0,0.0,0.0,0.0,0.0,0.0101223776678497,0.0,0.0,0.0,0.0007873618967809,0.0,0.0,0.0,155.287470262305,0.0,0.0,0.0,0.0,0.0043269952956151,0.0108475251307331,0.0020412369810675,0.0,0.0011730979039969,0.0,0.0,0.0047247433363827,0.0,0.0,0.0,0.0,0.0,0.0536108146027847,0.0041065283196463,0.0,0.0267544369358019,0.0,0.0,0.0,0.0,0.0,0.0238382924492877,0.0,0.0,0.0305293281893909,0.0,0.0,0.0,0.0022503375997407,0.0,0.0,0.0,0.0,0.0,0.0,0.0,0.0,0.0,0.0,0.0,0.0,0.0036024050119248,0.0009404139175,0.0,0.0,0.0,0.165979474123494,0.0,0.0,0.0,0.0010761598503511,0.0,0.0,0.0,0.003048485863322,0.0,0.0,0.0,0.0,0.0,0.0,0.0078479341422902,0.0,0.0,0.0,0.0,0.0328435710033382,0.0122303840759169,0.0537570927588276,0.0,0.0,0.0,0.0,0.0,0.0,0.0129156921332847,33.4740622919193,0.0,0.0,0.0,0.0,0.0,0.0,0.0,0.0,0.0,0.0,0.0,0.0,0.004500811300807,0.0,0.0,0.0,0.0,0.0,0.0,0.0088528320336828,0.005373115310099,0.0268041752778802,0.001921001351939,0.0,0.301694992027964,0.0,0.0006589330383308,0.0,0.0020249461051281,0.0116584497365717,0.0,0.0,0.0,0.0,0.0,0.0,0.0,0.0020609438100258,0.0,0.0,0.0,0.0,0.0,0.0,0.0046454801951712,0.0,0.0,0.0319457009535496,0.0,0.0,0.0,0.0075739145324269,0.0,0.0,0.0,0.0,0.0,0.0,0.0010310369197673,0.0,0.0015904926613822,0.0,0.0,0.0731457740308149,0.0,0.0,0.0,0.0168756020814249,0.559354800944627,0.0,0.0,0.0,0.0,0.0,0.0,0.0024949997552509,0.0,0.0,0.0,0.0028038177772342,0.0,0.0,0.0,0.0807768774836913,0.0,0.0305355438119891,0.0,0.0,0.0,0.0071696168579112,0.001959668283102,0.0,0.0,0.0,0.0061395710577623,0.0,0.0031397019866484,0.0029339377392831,0.0,0.0,0.0149784954514458,0.0,0.0013138920924993,0.0,0.0,0.0,0.0,0.0,0.0051864334628651,0.0,0.0007904353781214,0.0371725780072767,0.0,0.0,0.0,0.0,0.0,0.0,0.0,0.0,0.0,0.0,0.0,0.0,0.0082965554649358,0.0,0.0,0.0,0.0,0.0071208108982544,0.0068532642546459,0.024115982902554,0.0773551900494965,0.0153821581450416,0.0,0.0009938674025548,0.0,0.0,0.0015332349875261,0.0,0.0025498296994686,0.0,0.0,0.0,0.0126981309599654,0.0,0.0,0.0,0.0,0.0,0.0010986642104025,0.710342571958863,0.0,1.76468679504271,0.0065205045156083,0.0,0.0043012757094171,0.0,0.0,0.0,0.0,0.0,0.0,0.0,0.0,0.0,0.0,0.0103494593639348,0.0
NLOT,0.0,0.0006711451875269,0.0,0.0,0.0,0.0054493239297418,0.0073903625357625,0.0917831685044358,0.0590314540609499,0.0,0.0,0.0,0.0,0.0761733343398028,0.048651522738401,0.0,0.0522593503822456,0.0,0.0,0.0031033067691812,0.0,0.36726586529577,0.0434532886464458,0.0,0.0044114938041548,0.0,0.0006273394535584,0.0,0.0020836162386941,0.0,0.0,0.0063448038808589,0.0,0.0,0.0892088293470638,0.0,0.0059115675435415,0.0,0.0,0.0,0.0016006609078858,0.0267843208686713,0.0,0.0,0.0010497644233907,0.0,0.0535396811839517,0.0197324815814132,0.06268714821664,1.74318112198653,0.0,0.0,0.0,0.214368670308254,0.0,0.0,0.0,0.0078723422305093,0.214470640751261,0.0,0.0,0.0,0.0736774305236252,0.0,0.0,0.0,0.0,0.0022484969155474,0.0863172073301148,0.0,0.0016361382250006,0.0,0.0,0.0,0.0,0.0,0.0,0.0,0.0,0.0,0.0069238995309941,0.0,0.001632621729689,0.001357682056806,0.0015164149688297,0.0007509114659538,0.0533373767143922,0.017690803873101,0.0,0.0033441044207798,0.022419388628573,0.0152632117454958,0.0,0.0,0.0,0.0,0.0023503197715773,0.0,0.0,0.0179933194696055,0.0009331073334987,0.0,0.0,0.0,2.46995453038811,0.0,0.0031747074808263,0.001298511883934,0.0016001293327524,0.0081585477656564,0.027703032343504,0.0035602854242333,0.0,0.0021229821038816,1.06247995948664,0.0,0.0,0.0,0.0019941642718098,0.0017763119889569,0.308162133311484,0.0,0.0,0.0,0.0,0.0,0.0,0.322669696186035,0.0,0.0,0.0016046353684069,0.0,0.0018107314340005,0.0,0.0022413144785956,0.0,0.0,0.0,0.0,0.0,0.0,0.011134683273831,0.0,0.0306317974087175,0.0048143527031961,0.0,0.0,0.0,0.142871738256587,0.0356856097445088,0.0,0.0,0.0,0.0,0.0,0.0,0.0,0.0,0.0,0.0,0.0,0.1973519201067,0.0,0.0,0.0,0.0012122085178592,0.0,0.004447701860234,0.0,0.2003952582269,0.0,0.0,0.0,0.0,0.0,0.0,0.0,0.0,0.0,0.0,0.0,0.0022477316827065,0.0,0.0,0.0,0.0056845655722363,0.12432309238422,0.0,0.0306969924720951,0.629600378990801,0.0,0.0,0.0,0.0,0.0,0.0,0.0022372515323609,0.0,0.0,0.0,0.0,0.0,0.0,0.0020262436023936,0.0,0.0006048552823943,0.0,0.005727268857671,0.0,0.0,0.0,0.0,0.0015675334817751,0.001153245178555,0.0,0.0,0.0,0.0,0.0,0.0,0.0,0.0,0.0,0.0,0.0,0.004834857887151,0.0,0.0,0.0,0.0,0.122856525767882,0.0,0.0011407616333105,0.0036446794779437,0.0,0.0014394907733745,0.0,0.0018328597988022,0.0,0.0,0.0,0.0,0.0010641493939352,0.0,0.0,0.0060809506187149,0.0006728159387556,0.0,0.0,0.0026355997133501,0.0,0.0008488123832975,0.0010693704151778,0.0048838862045892,0.0,0.0016602846986065,0.0,0.0041091150763564,0.0,0.0,0.0,0.0011080941289952,0.0,0.0017622560826104,0.0,0.0,0.0046939606210784,0.0,0.0016913667685941,0.0006552945473677,0.0,0.0,0.0,0.0,0.0,0.0,0.0030832637709214,0.0,0.0020658705515339,0.0020726787652721,0.0,0.0,0.0,0.0,0.0,0.0,0.0,0.0015112404295246,0.0,0.0023044931953072,0.0018273408489847,0.0029862297806356,0.0,0.0020270255561059,0.0,0.0,0.0831351043485162,0.0056355506080832,0.0022491538693,0.0,0.0130994030348504,0.0,0.0,0.0,0.0,0.0,0.0021921407921872,0.0,0.0107475775997119,0.0012869515198437,0.0027783339367849,0.0,0.0,0.0073303002964776,0.0,0.0,0.0078607572861865,0.0022111472702358,0.0,0.0,0.0,0.0,0.0,0.0,0.000637559780344,0.0012369170393467,0.0,0.0011813332315951,0.0014796993706959,0.0,0.0,0.0018084994420047,0.0,0.0,0.0,0.0,0.0007968600323301,0.003667148491216,0.0097833895160355,0.0052666047125111,0.0,0.0283953145456064,0.0,0.0,0.0030541057221743,0.0,0.0,0.0,0.0,0.0024843304388378,0.0,0.0012560490492463,0.0,0.0077927207884332,0.0,0.0,0.0,0.0202184308082881,0.0261566471345086,0.0,0.0,0.0,0.0006120891644585,0.0,0.0,0.0,0.0,0.0,0.0006412232137733,0.0,0.0,0.0019453596186856,0.0,0.0026144692508399,0.0,0.0,0.0044726401532178,0.0,0.0,0.0,0.0007305389830941,0.0,0.0,0.0,0.0,0.0,0.0,0.0,0.0,0.0,0.0013992195408735,0.0,0.0,0.0,0.0034163792053121,0.0,0.0,0.0081494846336305,0.0284414918338764,0.0,0.0157934833797175,0.0,0.0016947712162634,0.0,0.0,0.0020604571215266,0.0,0.0,0.0,0.0081983144120316,0.0,0.0,0.0014824832702281,0.0,0.0,0.0,0.0,0.0
NOD,0.0,0.0,0.0,0.0,0.0009190160500924,0.0,0.0,0.0009311980079,0.0,0.0,0.0010095064246792,0.0062208809194379,0.0,0.0,0.0014151501912452,0.0,0.0,0.0,0.0,0.0,0.0,0.0,0.0034776060081275,0.000866273750518,0.0,0.0036549535669192,0.0,0.0,0.0104274381626242,0.0363486894165181,0.0,0.0087329581879961,0.0,0.0026899168626716,0.0,0.0008112014397092,0.0014243181929515,0.0022625348478188,0.0,10.4833134206464,0.0124983891581503,0.0014686266670861,0.0589185589271994,0.0049219263711637,0.0059776446367129,0.0,0.0,0.0,0.0,0.0,0.0,0.020690247427354,0.0,0.0,0.0010957712315929,0.0,0.0084659918875533,0.0,0.0,0.0020188059285609,0.0015207019787079,0.0,0.0,0.003408872387453,0.0,0.0011069906899406,0.0,0.003549655390031,0.0020073979197042,0.0,0.0,0.0,0.0,0.0,0.0,0.0,0.0010787850636677,0.0,0.000923671749936,0.0,0.0,0.0,0.0,0.0,0.0,0.0,0.0,0.0,0.0,0.0,0.0,0.004507452416829,0.0,0.0,0.0,0.0,0.0,0.0014621977420278,0.0,0.0,0.0531473408498505,0.0,0.0,0.0313684563989457,0.0,11.3916204116988,0.0,0.0,0.0198898109652749,0.0,0.0,0.0,0.0008227495476172,0.0,0.0,0.0006466544064388,0.0,0.0,0.0,0.0057462850481531,0.0033414995853585,0.0,0.0629852131164383,0.0,0.0,0.0052456152867811,0.0,0.0,0.0018944729275428,0.0012765793543819,0.0,0.0,0.0088400881568968,0.0,0.0,0.0,0.0,0.0,0.0,0.197724707857626,0.0127881363267306,0.0,0.0,0.0,0.0,0.0046967049344209,0.0,0.0008172717962842,0.0,0.0011535102789166,0.0,0.0,0.0,0.0009072133045249,0.0,0.0,0.0006176660356422,0.0,0.0,0.0,0.0,0.0,0.0,0.0,0.0,0.0008694306952053,0.0,0.0,0.0,0.0,0.0200438866545828,0.0009878302255532,0.0016730953071091,0.0,0.0,0.0014728103942113,0.0008177810023087,0.0,0.0,0.0019293462080666,0.0,0.0,0.0,0.0,0.130179221255336,0.0,0.0,0.0138019654976362,0.0,0.0,0.0,0.0,0.0,0.0,0.0,0.0,0.0075906512924828,0.0,0.0,0.0,0.0075664134905272,0.0,0.000936303831686,0.0,0.0,0.0,0.0,0.0006783587447384,0.0,0.0,0.0,0.0,0.0,0.0011203997127766,0.0,0.0,0.0,0.0,0.0,0.0,0.0010369125635131,0.0,0.0,0.0009416879356975,0.0,0.0,0.0,0.0008566412636245,0.0,0.0,0.0,0.0044306530873455,0.0,0.0,0.0046303702878146,0.0,0.0,0.0048480388834803,0.0202198773246864,0.0,0.0343659251854241,0.0,0.0034493965765309,0.0,0.0,0.0015133617818057,0.00077912398486,0.0,3.08033652079412,0.0029729249562326,0.0,0.0058265129375469,0.0083223344735321,0.0026589116036367,0.0,0.0,0.0,0.0,0.0,0.0,0.0012269924063305,0.0,0.0,0.0017183112960383,0.0,0.0045589535515668,0.0029284390874991,0.0,0.0016731034426303,0.0009860723722722,0.0,0.0,0.0031545425795325,0.0,0.0,0.0,0.0020834984159314,0.0012627164116832,0.0,0.0,0.0,0.0,0.0,0.0,0.0,0.0,0.0,0.0006142463649234,0.0,0.0021773870206044,0.0,0.0,0.0,0.0006984587924484,0.0,0.0,0.0,0.0,0.0,0.0,0.0044659804868521,0.0,0.0,0.0,0.0,0.0,0.0,0.0,0.0,0.0369880047707436,0.0,0.0042846256954524,0.0025132853972461,0.0,5.07920821903669,0.0117496443406405,0.0,0.0110572399399474,0.0,0.0,0.0,0.0,0.0,0.0,0.0007650008978603,0.0,0.0,0.0,0.0013941995165184,0.002643199396931,0.0,0.0653532916273086,0.0,0.0,0.0034199936849517,0.0,0.0,0.0007647968238228,0.0020850553366114,0.0,0.0,0.0183905567720421,0.0,0.0,0.0026724575623994,0.0,0.0,0.0,0.161457293954237,0.0046079780941508,0.0,0.0,0.0,0.0,0.0057803372490938,0.000720929896377,0.0,0.0,0.0,0.0,0.0,0.0035575878334272,0.0007877408557516,0.0012466141918545,0.0,0.0008854937261008,0.0,0.0,0.0,0.0,0.0,0.0,0.0,0.0,0.0,0.0,0.0,0.0,0.0,0.0,0.0,0.0,0.0,0.0,0.000659527863235,0.0006105267281081,0.0,0.0,0.0014946162971743,0.000800450363295,0.0,0.0,0.0,0.109010921987352,0.0,0.0,0.0143112198486113,0.0,0.0,0.0,0.0,0.0,0.0,0.0,0.0,0.0050144661095889,0.0,0.0,0.0,0.0016125935177106,0.0,0.0006055750209052,0.0,0.0,0.0,0.0,0.0,0.0
NOT,0.0,0.0258391307781464,0.0,0.0,0.0,0.0,0.0,0.0,0.0,0.0,0.0,0.0,0.0,0.0016528662692878,0.0,0.0077457547467885,0.0,0.0,0.032777948632819,0.0,0.0008532059614913,0.0,0.0,0.0,0.0,0.0,0.0,0.0,0.0,0.0,0.0,0.0761420254296539,0.0,0.0,0.0,0.0,0.0032774636213551,0.0,0.0,0.018884804443341,0.0010088683568314,0.0,0.0,0.0,0.0,0.0,0.0,0.0030456525660192,0.0,0.0,0.0,0.0,0.0146464458471291,0.0018663161891739,0.0007418180187184,0.0,0.0,0.009222827714746,0.0,0.0,0.0,0.030936997084496,0.0085984986872494,0.0,0.0,0.0,0.0,0.0,0.0,0.0,0.0,0.0092308411870737,0.0,0.0,0.0009084906478811,0.0055653080594552,0.0,0.0,0.0010167702713314,0.0,0.0,0.0,0.0,0.0,0.0,0.0,0.0,0.0336213176905314,0.0,0.0008472108565411,0.0013159564691939,0.0086271346383318,0.0,0.0,0.0014335987566975,0.0,0.0,0.0,0.0027863620953966,0.0,0.0,0.0,0.0,0.0,0.0,0.0,4.90057500844636,0.186265001120878,0.0,0.0,0.0,0.0,0.0,0.0,0.0,0.0,0.0,0.0,0.0,0.0006911172522204,0.0,0.0,0.0026182446782275,0.0,0.003403492265336,0.0035292006537837,0.0038320995881802,0.0,0.0,0.0,0.0016673381236679,0.111872538533675,0.0,0.0,0.0034718205830584,0.0,0.0,0.0010189993401644,0.0014875156361288,0.0,0.0,0.0,0.0,0.005632462842338,0.0,0.0,0.0,0.0,0.0255919610854448,0.00085363912653,0.0029671778210357,0.0413507637746592,0.0,0.0395853545851606,0.0189496913269022,0.0109193580504525,0.0,0.0,0.0187713565032364,0.330672907846993,0.0,0.0,0.0,0.0,0.0,0.0,0.0,0.0,0.0,0.0,0.0,0.0,0.0,0.0,0.0032234432719563,0.0,0.0,0.0,0.0112144345365723,0.0013776765452994,0.0,0.0020557730682361,0.0,0.0,0.0,0.0439544086468703,0.0,0.0009542119947729,0.0,0.0,0.0,0.0,0.0,0.0,0.0007575784559464,0.0,0.370009579165733,0.182670751552953,0.265691464752201,0.073053516639845,0.0,0.193200641765566,0.0013832549756609,0.001002732765341,0.0012043051674366,0.0,0.0,0.0,0.0,0.0,0.0,0.0,0.0,0.0,0.0,0.0,0.0,0.0,0.0,0.0,0.0,0.0,0.0,0.0,0.0,0.0,0.0,0.0,0.0,0.0,0.0,0.0,0.0,0.0,0.0,0.0,0.0,0.0,0.0,0.0,0.0,0.0,0.0,0.0,0.0,0.0,0.0,0.0040880937103012,0.0583260867308194,0.0,0.0037312712996898,0.0708355348853706,0.0,0.0,0.0,0.0,0.0,0.0011701919961756,0.0,0.0,0.0008941428252312,0.0177544936063216,0.0,0.0,0.0,0.0,0.0021844729964265,0.0,0.0,0.0,0.0045929792079353,0.0012945677034026,0.0,0.0008881153246428,0.0,0.0,0.0,0.0,0.0,0.0,0.0,0.0,0.0,0.0,0.0,0.0,0.0,0.0,0.0,0.0,0.0,0.0,0.0,0.0,0.000731990795043,0.0,0.0,0.0,0.0,0.0007099317363006,0.0007356979365931,0.0,0.0,0.0,0.0,0.0,0.0,0.0021138099502692,0.0,0.0,0.0,0.0,0.0070491465746255,0.0,0.0,0.221392806759341,0.0725324201334894,0.001890480917781,0.0,0.0,0.0,0.0,0.0,0.0,0.0,0.0,0.0,0.0,0.0,0.0,0.0,0.0,0.0,0.0118959174734535,0.0022764796505443,0.0,0.0,0.0,0.0,0.0,0.0060274794247631,0.0,0.0,0.0061134045072245,0.0,0.0,0.0,0.0,0.0010043638297979,0.0008374785814938,0.0,0.0,0.0,0.0,0.0,0.0,0.0,0.0327695813378879,0.0009871481170661,0.0,0.0,0.0,0.0,0.0,0.0,0.0,0.0,0.0077314049414873,0.0244377168354731,0.0,0.0,0.0,0.0,0.0,0.0,0.0,0.0,0.0083062046606507,0.0033095062081928,0.0,0.0,0.0,0.0,0.0,0.0,0.0,0.0,0.0,0.0,0.0,0.0,0.0,0.0,0.0,0.0,0.0,0.0,0.0,0.0,0.0,0.0,0.0,0.0,0.0,0.0,0.0,0.0,0.0,0.0,0.0,0.0,0.0,0.0,0.0,0.0,0.0,0.0,0.0
NPC,0.0097908069727591,0.263446392777595,0.118259783599177,0.0,0.0,0.0254818123761439,0.0,0.0,0.0,0.0329724382555361,0.0,0.0,0.0,0.0,0.0,0.107631269975028,0.0,0.0242574730180194,0.0,0.0062709968418742,0.003760356663089,0.0,0.0,0.0028742652720583,0.0,0.0,0.0,0.0028499804606692,0.0,0.0,0.0087286492069484,0.133737543297507,0.0,0.0,0.0,0.0,0.0114837651972629,0.0,0.0087220896332864,3.00310521265113,0.0,0.161401271224044,0.006430304852872,0.0,0.0,0.0,0.0,0.0012504767913956,0.0,0.0,0.0,0.0,0.0,0.0,0.0231919838064462,0.0,0.0012408148913846,0.0006433114298035,0.0053634529773285,0.0,0.0285975718176484,0.0736055619164847,0.23815550501707,0.0,0.0385803802680763,0.0,0.0009450740536865,0.0,0.0,0.0058686592113232,0.0,0.0,0.0,0.0015361980571681,0.0309513654834266,0.0186191501105546,0.016595740882674,0.0081903997286936,0.0,0.0,0.007416445241142,0.0012179276050439,0.0095990732877527,0.0,0.0,0.0156241078071664,0.0006358184423957,0.0,0.0,0.0,0.102490531519476,0.0121185510516707,0.0,0.0056226142793512,0.0245504076704059,0.0,0.0183350909763962,0.0,0.0700570999256738,0.0,0.0071766659518657,0.0012998307583263,0.0887394173188541,0.0,0.0,0.0,6.25388950916305,1.41053516079804,0.0037475179639463,0.0145729422565924,0.0,0.0031200377211835,0.001161197828553,0.0,0.0,0.0598727012637942,0.0,0.0,0.0051267511595387,0.0045790639277972,0.003790687603163,0.005196405571254,0.0,0.0,0.0103505834162053,0.0153585368346238,0.0266256757880391,0.0,0.0,0.0,0.0085332638861615,0.0,0.0025104607443652,0.0,0.0769004971486306,0.002526722303141,0.0,0.036706693890653,0.0290564293936234,0.0,0.0154042789075842,0.0147221449164409,0.208014111625607,0.207088388391247,0.0,0.0,0.0,0.0,0.957838827137034,0.0086804845645483,0.0,0.14615710250871,0.0,0.257528975260893,0.0,0.091984585764715,0.0118664374371495,0.0,0.0614777965169798,0.0197728361631761,0.0,0.0,0.0,0.0,0.0,0.0038223573389083,0.0,0.0,0.401185636123572,0.445253536431225,0.0,0.0,0.0,0.0,0.0255879348407339,0.0220577588640018,0.0,0.0022595544873897,0.0272355745196805,0.0,0.0010284732135773,0.0121223368980944,0.0,0.0,0.0602403440050693,0.02124313625408,0.0,0.0132485884594457,0.0,0.0,0.0,0.0,0.0,0.0,0.00560601537152,0.0012792670232466,0.143263720403774,0.0513683933991645,0.0011775047691311,0.0,0.0061924962665619,0.0223379254552609,0.0247068556137701,0.0871462100577808,0.00861619119984,0.0,0.0,0.0363816577180012,0.0,0.0021755935067791,0.0031225769896876,0.0337647791165197,0.0,0.0,0.0017736677149292,0.0,0.0,0.0009727068195082,0.0311620371420094,0.0,0.0,0.0,0.0,0.0,0.0258315404034971,0.0169914531755793,0.0006462550233452,0.0,0.0039903755330531,0.0,0.0,0.0,0.0,0.0,0.0,0.0,0.0,0.0,0.0015810787958706,0.0046716363758791,0.0662268108444802,0.0,0.0,0.0,0.0,0.0093081494115015,0.0,0.0110400192417353,1.46540423404558,0.0,0.107171535207245,0.489585353293029,0.0,0.0,0.0,0.0,0.0,0.0,0.0,0.0267749214323543,0.0006320942674244,0.0,0.0,0.0,0.0,0.0020555745053126,0.0,0.0,0.0,0.0130282026990247,0.0204743750775235,0.118660536945168,0.0,0.112834483070188,0.0086824721402836,0.00066330840029,0.0,0.0,0.0,0.0,0.0,0.0,0.0028080568897488,0.0060604240103057,0.0,0.0,0.0171561790625723,0.0,0.0,0.0,0.0,0.009573653348965,0.0,0.0034305370990903,0.0383601843384137,0.0,0.0,0.0,0.0,0.0233783775592839,0.0106499191626786,0.0,0.0,0.003647884371731,0.0011265785450656,0.0055996896708472,0.408853386465222,0.0375790610665604,0.0009169066243554,0.0079697188053173,0.0,0.0,0.0752731484255891,0.0,0.0024835510616286,0.0,0.581788640024363,0.0607997614630092,0.0040729883444076,0.0,0.0019181086185818,0.0,0.0,0.0,0.0372610123283133,0.0,0.0,0.003223403809133,0.0,0.0017116310115767,0.0,0.0,0.0,0.0064797997428818,0.0199142649877901,0.00542576724498,0.0,0.0,0.0,0.0,0.0,0.0010434330961649,0.0,0.0071856068246706,0.0,0.0,0.0325510399821901,0.0044084638827283,0.0,0.0206776828787407,0.0028092613102238,0.0016700131054399,0.117456230511893,0.0016501273416705,0.0,0.0,0.0,0.618885419224192,0.0119584030596714,0.0,0.148292827903517,0.0,0.010876618126202,0.0,0.0082212930134966,0.0,0.0,0.004025707413755,0.0046778297371573,0.0,0.0,0.0,0.0,0.0,0.0027693739860869,0.0,0.0066137008601973,0.0,0.062335636998907,0.0,0.0,0.0037049169059263,0.0,0.0,0.0,0.0,0.0,0.0,0.0,0.0,0.0030541345996261,0.0,0.0,0.0704096611371533,0.0073968064479194,0.0,0.0133646720709906,0.0,0.0,0.0,0.0,0.0,0.0,0.0041493351126898,0.0,0.0029089828998027,0.0009152643345922,0.0,0.0,0.0015919084630442,0.0,0.0023010299759664,0.0305829493338545,0.0056404455044221,0.0,0.0,0.0092310506972921,0.0
NTS,0.0347480426778675,0.0,0.0,0.0,0.0,0.0,0.0147207285189993,0.0,0.0,1.74834702150999,0.0,0.0,0.0,0.0,0.0,0.0,0.0,0.0,0.0,0.0,0.0,0.0,0.0,0.0125468172154318,0.0,0.0,0.0,0.138413068735676,0.0,0.0,1.49629157510963,0.0,0.0,0.0,0.0,0.0,0.0,0.0,0.0,2.77270690304863,0.0,0.0621386591781605,0.0,0.0,0.0,0.0,0.0,0.0,0.0,0.0,0.0,0.0166767965322727,0.0,0.0,0.0088566019457014,0.324317273470154,0.0857413340704626,0.0084220390942596,0.0579124189797046,0.0,0.0,0.0,0.0,0.0,0.400119276466903,0.0163930092172887,0.0,0.0421900227780894,0.0,0.089533394255428,0.0,0.0,0.0,0.0,0.0,0.0,0.0031877499853997,0.0,0.0,0.0,0.0,0.0,0.0289514084469791,0.0,0.0905134893205116,0.19469862608433,0.006709374666397,0.0,0.0,0.0,0.0,0.0017278781359908,0.0,0.0082761397379648,0.0046085253330108,0.0007781683672663,0.0013374682363508,0.0,0.0070923030761496,0.0,0.0388414610503432,0.0,0.0,0.0,0.0,0.177741485493919,0.0,0.0,3.10532586096413,0.003033051774195,0.0,0.0,0.0,0.0,0.0,0.004709037538416,0.0,0.0272232440350061,0.0316203514538243,0.0256349167202732,0.0,0.0,0.0,0.0,1.6778008843924,0.0026469156900013,0.0,0.0,0.0574380462441899,0.0,0.0,0.0,0.0,0.0,0.0174266671648463,0.0,0.0,0.0,0.0,0.0,0.122780137866781,0.0,0.0,0.235688162342987,0.0,0.0,0.0,0.0,0.0,0.0,0.0,0.0008430738066678,0.051314726412235,0.0,0.0,0.0,0.0,0.0,0.0,0.0,0.0,0.0,0.0,0.0,0.0,0.0108287850277966,0.0,0.0,0.0,0.0,0.104507028242859,0.793300324754506,0.220518616503915,0.160058220827603,0.0,0.0053820482543867,0.0133076202015227,0.0,0.0112758869653925,0.0,0.0095095861722232,0.0,0.0,0.0,1.36889485193727,0.0,0.0,0.0,0.0,0.0,0.0075035783976359,1.05650664888116,0.0,0.0012160384162337,0.0625492485240638,0.0241352514265389,0.0017408160347267,0.0,0.0,0.0,0.0,0.0,0.001894719613388,0.0009843041733694,0.0,0.0,0.0,0.0,0.349908624172644,0.0,0.0,0.0,0.0,0.0,0.0,0.0249826957843042,0.0,0.0,1.06588490557679,0.0,0.0007176036719632,0.0,0.0,0.0,0.0,0.0,0.0,0.0,0.0045595570837104,0.0,0.0,0.0,0.0015645533345541,0.0,0.0,0.0,0.0056937239434521,0.0032867519694866,0.0,2.24219485057379,0.0372273228402498,0.0,0.0,0.0,0.0,0.0,0.0,0.0,1.89626180447036,0.0,0.0264966641842959,0.0,0.0,0.0,0.0,0.0,0.0,0.0,0.0,0.0,0.0574585713987852,0.0,0.0,0.0,0.0354702012798956,0.0610817036781136,0.0,0.0024433245635958,0.0,0.0,0.0,0.0,0.0,0.220193584671989,0.0,0.0,0.0,0.0,0.0,0.0,0.0,0.0,0.0,0.0,0.0,0.0,0.0427905652341623,0.0,0.0,0.0,0.0,0.0,0.0,0.0321350829513231,0.100074523031301,0.0,0.0,0.0,0.0,0.0,0.0,0.0,0.0271864881119929,0.0104988050589663,0.0,0.0012034665614179,0.0,0.0009454463543785,0.0,0.0308814561960154,0.0,0.0,0.0,0.0,0.319003852501155,0.0,0.0,1.18545380178167,0.0073542995162846,0.0,0.0,0.0,0.0,0.0,0.0007369262617357,0.0,0.0,0.0,0.0077465146201738,0.0,0.0,0.0,0.0,1.6905639917381,0.0410610220880042,0.0,0.0,0.0712023912958277,0.0,0.0,0.0,0.0,0.0,0.0133614858695974,0.0,0.0,0.0,0.0,0.0,0.0492506152297294,0.0,0.0187310487946236,0.137701429538919,0.0,0.0,0.0036028870006077,0.0,0.0,0.0,0.0,0.0254062269517139,0.0,0.0,0.0,0.0,0.0006511814688006,0.0,0.0078021232350716,0.0,0.0,0.0,0.0014927696639886,0.0,0.0,0.0006687720771474,0.0,0.0,0.0,0.0,0.0521865432263598,0.0948857162546604,0.0026835173782502,0.0,0.003145417457856,0.0119718786077737,0.0582113516562526,0.0,0.0331720915937978,0.0,0.0318365521752734,0.0,0.0,0.0694554638296924,0.550393498605698,0.0,0.0,0.0,0.0,0.0,0.0034416020854321,0.0,0.0,0.0,0.101733496295819,0.0415602461758906,0.0131845280930112,0.0011904731469091,0.0,0.0,0.0,0.0,0.0,0.0,0.0,0.0,0.0,0.0165859421049074,0.135581792889962
ORBl,0.334038032682096,0.426331233884797,0.0,0.0,0.0,0.0,0.0761420144754014,0.0,0.0,0.0,0.0,6.17583120739643,0.0,0.0,0.333772721795919,0.0,0.0,0.01508476816613,0.0230414446110187,0.0838557760485122,0.0,1.07682303933258,0.0,0.0,0.0055279084091774,0.0,0.0,0.0,0.0013596827861275,0.0,7.18524934978446,0.0063607638626269,0.207588381376469,0.0,0.0,0.0176261409267944,0.0131578126192948,0.0,0.0,0.0,0.0,0.0024742857563352,0.0,0.144303141890587,0.0013380200636126,0.118895802771992,0.263718853730076,0.0,0.0,0.0,0.0,0.0,0.568047961734542,0.160773832359093,0.106143592928094,0.0,0.0,0.0522378635651289,0.0,0.0,0.0,0.0,0.141596069091177,0.0,0.0,0.0,0.0,0.0006516766197694,0.0,0.0007237153845261,0.0,0.0,0.0,0.0,0.0,0.0022819924338409,0.0099994809082452,0.0,0.0,0.0,0.0,0.0,0.0,1.1351023279155,0.0,0.0,0.0,0.0,0.0,0.0,1.09025059404432,0.0059513178203389,0.0,0.0264758185143632,0.536735563786136,0.0,0.0,0.0,0.0,0.0016548054542732,0.0015777112632154,0.0252459398629241,0.0025800498876642,0.0,0.107752604299174,0.0,0.0,0.0,0.0,5.06663863677396,0.293817470429281,2.07619550596455,0.0,0.0,0.0368522909944361,0.0,0.0,0.0,0.0,0.0018002227620204,0.333826288351653,0.0,0.0,0.0,0.0,0.0,0.0,0.551240135131352,0.600662826089879,0.0,0.0036965431925022,0.0276860356933378,0.0,0.0,0.006356518226088,0.0029265138458572,0.0,0.0006206687801068,0.0,0.0,0.0,0.0,0.0,0.0,0.0,0.0,0.0,0.0,0.0,0.70259398092715,3.24402735024168,0.0,0.0,0.12282358824977,0.0,0.0286821398980879,0.0303319174610073,0.0,0.0,0.0,0.0,0.0742931762393891,0.0,0.95639301374659,0.0,0.0,0.0,0.0,0.0,0.0,0.0,0.0,0.0,0.0,0.17551253693224,0.0224819608055406,0.0130141180449182,0.0854455842664242,0.0444749086280299,0.0,0.114064355125303,0.0278118186048172,0.0023162423522438,0.0,0.0,0.187931020871282,0.0,0.0,0.0,0.144893408124907,0.0,0.0,0.0396963055174985,0.0,0.0,0.281716968100502,0.260848201596245,0.308996292068212,0.0626870297254073,0.0,0.0,0.0,0.263259488474285,0.0,0.0,0.0,0.0,0.033499031159843,0.0,0.0139049449355138,0.30236243937277,0.0,0.0,0.0,0.0,0.0,0.0,0.0,0.0,0.0,0.147055076400415,0.0,0.0,0.0239915997701774,0.0,0.0,0.0116589670592399,0.0,0.0253004398627276,0.0,0.145205333042074,0.0,0.0,0.0019210886761136,0.0,0.0,0.0,0.0020207502505831,0.0024188707278926,0.155852868167918,0.0,0.0016993280814423,0.0,0.0,0.0,0.0230156771303728,0.0,0.0,0.0119448152939895,0.0012887658481441,0.0,0.0,0.0,0.0,0.0,0.0190289303928406,0.0,0.0,0.0,0.0,0.0,0.0,0.008375442394086,0.0014087615269762,0.0,0.0,0.0,0.0,0.0,0.0,0.0,0.0,0.0,0.0,0.0,0.0,0.0011837711551748,0.0,0.0,0.0,0.0,0.0,0.0012441830403404,0.0,0.0,0.0,0.0,0.0,0.0,0.0,0.0,0.0012612269755089,0.0,0.0010443353085598,0.0,0.0,0.0301678474944756,0.0,0.0,0.0106301642081815,0.0024172052280911,0.0,0.0027419365518543,0.403764915087283,0.0,0.0,0.0,0.0,0.0009668375875684,0.0,0.0079607326084104,0.0076236828655501,0.0,0.0032593540823077,0.0,0.0,0.0,0.0,2.40046900857368,0.162523803071325,1.72825531070107,0.0,0.0,0.0,0.0,0.0,0.0,0.0,0.0,0.0307488141899774,0.0,0.0153378126337703,0.0,0.0,0.0,0.0,0.0010686700318254,0.66689717350465,0.0,0.0024926764269718,0.0,0.0009489070740924,0.0,0.0052016754731189,0.0,0.0,0.0,0.0,0.0028481500845835,0.0,0.0,0.0245739767297609,0.0,0.0064325262274526,0.0,0.0,0.0,0.0,0.397811983071046,0.0,0.0,0.0,0.0101634795032777,0.0,0.0042557754222938,0.0,0.0,0.0,0.0,0.0,0.0019192398210131,0.0,0.0,0.0,0.0,0.0,1.21246565851085,0.0,0.0,0.0,0.0,0.0,0.0,0.0593795672818784,0.0099655526468068,0.0010057635417491,0.017140540760847,0.0,0.0,0.0122862693677098,0.0116918518852366,0.0,0.0,0.0024868183571542,0.0467259953776883,0.0,0.0,0.0,0.0,0.0,0.0,0.0,0.0,0.0,0.0149015288973641,0.0182821197210929,0.0486853866830817,0.0213151266880015,0.0,0.0,0.0,0.0011966444030933,0.0,0.0,0.0,0.0,0.0028815973999225,0.0
ORBm,0.385187160561626,0.754992794984053,0.575078110195454,0.0024351634692327,0.0,0.0,0.0,0.0,0.889328428995525,0.0,1.73614033571748,0.0,0.0,0.0,0.184824546685195,0.0,0.0,0.0115545705780136,0.0067671365426727,0.163657952401824,0.0,0.757365146894403,0.0266450003240698,0.0,0.0222674281771266,0.133711420301272,0.0,0.0,0.0014459166813016,0.0,1.85976959813636,0.0121311216569888,0.116723283099304,0.0,0.0164377028252136,0.0,0.0176831005961345,0.0,0.0,0.0,0.0066982506817836,0.0182511695410816,0.0,0.17447639845431,0.0012280243313791,0.0,0.33434831961844,0.0,0.0,0.0,0.0,0.0,0.0177014635337053,0.291277166537918,0.0748105078555957,0.0,0.0,0.0771460244463067,0.0,0.0018601508687872,0.0009725679279792,0.0,1.13511133115411,0.512731576238711,0.0,0.0,0.0,0.0009205820613721,0.0,0.0037529655899578,0.0,0.0,0.0049923555447257,0.0,0.0,0.0,0.040729924581286,0.0,0.0,0.0,0.0556946894528134,0.0,0.0031068661199989,0.417906204380723,0.0,0.0,0.0,0.0,0.0,0.0010151646200878,1.06413577875041,0.0210030679659438,0.0,0.0044879942547561,0.0,0.0,0.0,0.0015342659289667,0.0,0.0518966714611835,0.0013534179752838,0.0438916415428642,0.0224771678269757,0.0012110457986785,0.328649624091688,0.0032817893172202,0.0,0.0,0.0032871709742034,0.054622600439808,2.97848131666343,0.515487906241624,0.0,0.0855735378196998,0.239626038182796,0.0,0.0020775577433876,0.0,0.0,0.0027559868180334,0.278461845553121,0.0,0.0009336636681201,0.0,0.0,0.0008716144565974,0.0,0.22509899555235,1.13825488039073,0.0,0.0015108515971494,0.0011125450829885,0.0091990763816028,0.0,0.0021633318617125,0.0069398400486539,0.0,0.0,0.0,0.0,0.0,0.127175965494419,0.211102333752561,0.0,0.188809736988012,0.0,0.0,0.0,0.0,1.04108071521165,0.0,0.0,0.0,0.193800542314618,0.0,0.0305918675113552,0.0115196094510872,0.0,0.0,0.0,0.0,0.0998297329147848,0.0008215082224068,0.0,0.0,0.0,0.0,0.0,0.0,0.0,0.0,0.0,0.0006382383686728,0.0,0.0073369252589697,0.0066674815783828,0.0,0.0,0.0054230116931584,0.0,0.0046231932025734,0.0043026697065225,0.0090499497833666,0.0,0.0039315559827568,0.177248912998526,0.0012685669252035,0.0,0.0,0.784586757294615,0.0,0.0,0.0,0.0006178190312991,0.0,0.0547576580841199,0.0391364466145941,0.177263694344029,0.0582666092617892,0.0,0.0,0.121972928379956,0.0353359958858444,0.0,0.0,0.0008337316794563,0.0,0.050719483331375,0.0,0.0,0.150310903735251,0.083745438839474,0.0017100236603802,0.0,0.0,0.0017812959567162,0.0071484259237868,0.398367435449521,0.0,0.0,0.0,0.0,0.0,0.0169680190059854,0.0007658857640725,0.0,0.0,0.0,0.0336443079066812,0.0,0.11376337716944,0.0128779333247335,0.0,0.0044809711705039,0.0,0.0,0.0,0.0073971989497098,0.0432618391475147,0.0,0.0115755399008099,0.0,0.0100809919370839,0.0023486516122986,0.0015019695095994,0.0277117705454195,0.0009081674441889,0.0,0.117213943602316,0.0122184836557304,0.0036788167342197,0.0014408114047466,0.0,0.0110610151136248,0.0,0.039039575376045,0.0,0.0,0.0,0.0,0.0,0.0,0.019972459002418,0.0030378686451461,0.0,0.0,0.022853286662455,0.0,0.00467255611856,0.0013822507898758,0.0,0.0,0.0887057874982188,0.0,0.0,0.0,0.0049384279387895,0.0,0.0007849161004022,0.002127384099728,0.0,0.0,0.0,0.0,0.0007342545439283,0.0,0.0,0.0027031596025584,0.0,0.0,0.0,0.0045541571819318,0.0,0.0040151704260771,0.0,0.0007665685022545,0.186973923127788,0.0,0.0007148185932946,0.0,0.0056924159105228,0.0,0.0,0.009750997618482,0.0,0.0,0.004415449656794,0.0,0.0148464848525041,0.0011581606204805,0.0054637139264305,0.0,0.0021453698129837,0.0281758123927325,0.006368990682275,0.0,0.0,0.0068675169390961,0.0296776769094874,1.57975247514264,0.142594366107505,0.0,0.0,0.0,0.0013471157429105,0.0007340709180678,0.0,0.0,0.0,0.090523084491796,0.0006373975546243,0.0018823866005281,0.0,0.0,0.0,0.0,0.0067349188569244,0.291433768986628,0.0,0.0034317310100229,0.0,0.0385584451729522,0.0,0.0038805583576045,0.0021930028879741,0.0,0.0,0.0006991395336302,0.0,0.0,0.0,0.0118829531667338,0.0,0.0113839840384517,0.0,0.0,0.0,0.0,0.752298504791075,0.0,0.0,0.0,0.0047992405177431,0.0,0.0025209370886284,0.0011645005829504,0.0,0.000921592653798,0.0,0.0,0.0050430241064992,0.0025206407692042,0.0,0.0,0.0007801816100957,0.0,0.0,0.0,0.0,0.0,0.0,0.0,0.0,0.0012057629589396,0.0019935161174185,0.0,0.0,0.0,0.0,0.0019579002855832,0.0038621508659821,0.0,0.0,0.0,0.0471314193840743,0.0,0.0,0.0,0.0762981021327451,0.0,0.0,0.0,0.0058836956338686,0.0,0.0010720688086115,0.0115993839129092,0.0056302924010656,0.0022283479754943,0.0008633617449416,0.0260076476480532,0.0016516518789625,0.0,0.0,0.0,0.0009134409475708,0.0,0.0090608382054114,0.0
ORBvl,0.159165915670411,1.14288687555857,0.0,0.0,0.0,0.0,0.0,0.0,1.40562959520616,0.0,0.171713859326066,11.3820272003956,0.0,0.0,0.260612039058275,0.0012817810316584,0.0,0.0671117088681293,0.0596776903960198,0.0649078669946414,0.0114868469356918,0.371829156959365,0.0,0.0,0.0221481396420973,0.0412240021528894,0.0,0.0,0.0021684593851579,0.0,2.74340053822048,0.0,0.278955103228226,0.0,0.021055529358022,0.0042049415210848,0.0194019208909773,0.0,0.0,0.0,0.001217575125762,0.0063280840247672,0.0,0.0014404139780522,0.0030371186413604,0.0,0.224519398317154,0.0257149179820917,0.0,0.0,0.0,0.0,0.0653883623508091,0.208852790452439,0.0907871404407417,0.0,0.0,0.0558608661234138,0.0,0.0,0.0,0.0,0.490504143294324,0.0,0.0,0.0,0.0,0.0019451660495817,0.0,0.0013955952649075,0.0,0.0,0.0,0.0,0.0,0.0045891591064402,0.0,0.0,0.0,0.0,0.0019322392579415,0.0,0.0009904659450022,0.300275584581406,0.0012535084465623,0.0007276855927922,0.0,0.0,0.0,0.0,0.278423440396017,0.0115075986005961,0.0,0.0014738666092729,0.12223908936453,0.0,0.0,0.0,0.0,0.0164388807796706,0.0018594970928596,0.0898113677799505,0.0533748511786218,0.0,0.111859951269731,0.0,0.0,0.0,0.0,0.608301182073071,0.832288169532029,5.55121418012962,0.0,0.0,0.138572086685575,0.0,0.0,0.0,0.0,0.0,0.223003880029348,0.0,0.0013436532652324,0.0,0.0,0.0,0.0,0.249317565925166,0.464904067556154,0.0,0.0045848489570768,0.0319836719815052,0.0051731354580559,0.0,0.0039062396903265,0.0,0.0,0.0,0.0,0.0,0.0,0.0,0.143396849291652,0.0,0.0,0.0,0.0,0.0,0.0,0.830168456020938,0.0,0.0,0.0,0.939244844154043,0.0,0.0600168614418737,0.016940426174275,0.0,0.0,0.0,0.012328743581701,0.0454676335834646,0.0,0.144669098054706,0.0,0.0,0.0,0.0,0.0,0.0,0.0,0.0,0.0,0.0,0.10487502317267,0.0298608324215479,0.0,0.0018691128046598,0.0,0.0,0.0098101285031092,0.0008799323630666,0.0009489621349033,0.0,0.0,0.218254111593358,0.0139719727369175,0.0,0.0,0.41666159254623,0.0,0.0,0.010005426880773,0.0,0.0,0.066524390524768,0.691238396216361,1.10990270994373,0.250794485735526,0.0,0.0,0.742388104997948,0.0507814943639045,0.0,0.0,0.0,0.0,0.0069222102204158,0.0,0.0054835692551902,0.315729983325949,0.0,0.0,0.0,0.0,0.0,0.0027541119201386,1.13406226542826,0.0,0.0,0.0,0.0,0.0,0.0094263601956587,0.0,0.0,0.017129583772088,0.0,0.0218692515649495,0.0,0.0529717707237036,0.0,0.0,0.0028674515224147,0.0,0.0,0.0,0.0011458318144485,0.0017160868342643,0.0,0.0,0.0,0.0038641484741067,0.0,0.0,0.0340665369450217,0.0,0.0,0.123560586954364,0.0017051125991759,0.0,0.0,0.0,0.0,0.0,0.0208670995033366,0.0018596672282857,0.0,0.0156214409934251,0.0,0.0,0.0,0.0028433298932057,0.0,0.0,0.0,0.0027552323538907,0.0,0.0021215306854469,0.0011081243559096,0.0,0.0,0.0,0.0,0.0,0.0,0.0011642961414474,0.0,0.0,0.0,0.0,0.0,0.0,0.0,0.0,0.0,0.0,0.0,0.0,0.0,0.0238163132397555,0.000872407215364,0.0,0.0006955825155471,0.0,0.0,0.0306429202650513,0.0,0.0008293448208442,0.0,0.0064000376309699,0.0,0.0,0.067585263553256,0.0,0.0,0.0020702673824184,0.0,0.0111959338307632,0.0,0.0103627210939369,0.0,0.0,0.005017535369322,0.0016569984447143,0.0,0.0,0.0017728695795904,0.0667658061652275,0.608342935576814,2.00249765897717,0.0,0.0,0.002843917979595,0.0006537661307328,0.000642618593273,0.0,0.0,0.0,0.0403926579548254,0.0,0.0,0.0,0.0,0.0,0.0,0.0,0.314344458665987,0.0,0.0042030690429548,0.0,0.0188238969124143,0.0,0.0022481895997863,0.0014878054594315,0.0,0.0,0.0,0.0,0.0,0.0,0.0,0.0,0.0103301397252367,0.0019583878210204,0.0,0.0,0.0,0.526817375086147,0.0,0.0,0.0,0.0328026184421139,0.0,0.0122473325377362,0.0014197832801015,0.0,0.0,0.0,0.0,0.0015418856989584,0.0,0.0,0.0,0.0,0.0,0.160010571621165,0.0,0.0,0.0,0.0,0.0,0.0,0.0077856188591021,0.0039179475713363,0.0,0.0,0.0,0.0,0.0,0.0094712738975593,0.0,0.0,0.0019236575267264,0.0436195399349533,0.0,0.0,0.0127209305325021,0.0008393006365421,0.0,0.0,0.0,0.0007834111196622,0.0,0.0026480993108207,0.0284224448235429,0.11792889193566,0.0512830150218003,0.0,0.0,0.0095742285325559,0.0,0.0,0.0,0.0,0.0,0.0013203216147254,0.0
OT,1.29916797359682,0.020621414721919,0.0,0.0180843783345282,0.0,0.0023256280345716,0.167867934929947,0.215246394266465,0.447463977211023,0.0,0.590162960103901,0.0,0.0007377931494004,0.0841280136947464,0.732954920487918,0.0057922885220864,0.0397011161430324,0.0,0.0052510136247149,0.0295833106692693,0.0,4.33031778936,0.467045370639131,0.0288341328077493,0.0804138147269748,0.357421899013077,0.0,0.0,0.0222274511870681,0.0,0.0,0.610265117454204,0.165075931765385,0.0,0.103799043533436,0.0,0.0,0.0099125592059924,0.0,0.0,0.0941846427031313,0.0,0.0187665197706612,0.445436681047721,0.0,0.261953854222051,1.17807323596653,0.118000044649945,0.0,0.0,0.0,0.0052378194097248,0.0270997150348539,3.58155514924456,0.0293068903042818,0.0,0.0,0.071481384385661,0.0,0.0201492248104325,0.0010522299123012,0.0,0.373874627693827,1.09522183221936,0.0,0.0009350290180941,0.0668369115026499,0.0425626018077706,0.110561616735913,0.0649792505986865,0.0216886693290122,0.0,0.0,0.049846718327508,0.0,0.0,0.0228019020334963,0.0,0.0818738471957428,0.0,0.0174151941606533,2.5085463929698,0.0348314962676845,0.0326774926840064,0.0256318435655469,0.008984831240026,0.112918750517238,0.502211318175121,0.0,0.0546480589940705,0.197165406994311,0.27510001841732,0.0,0.0012670107074502,0.0141868640908112,0.0,0.0036256235711457,0.0,0.0025101748982739,0.0660884826482255,0.0195401524101305,0.00251164398876,0.0,0.0207377902394853,0.0,0.0514940554147395,0.247579405269418,0.0,0.0316362258507708,0.123866246281477,0.659620989785607,0.0507292999907385,2.38305170645438,0.182302178922057,2.91437112803359,0.0404448022678163,0.0073404057382616,0.0,0.0123914790478289,0.024824704491469,2.56229743399508,0.0302157214343699,0.0477215290992079,0.0,0.0,0.0,0.0202933661993129,3.34322051216221,0.0,0.0,0.0595218982387352,0.0,0.185874116321241,0.128836805830478,0.0041288486267162,0.0,0.001524671324573,0.0011960073135043,0.0047126930247685,0.0,0.0,0.0,0.0,0.0,0.411584729131718,0.0,0.0156329700212901,0.0015385834374023,0.0,0.238134487536681,0.0,0.0591473309415876,0.0,0.0061942220830797,0.0069355762135988,0.0,0.0026812188078419,0.0,0.0,0.0077807515575594,0.0136178796809061,0.550268104086045,0.0186501513958241,0.0,0.0,0.0,0.0,0.0,0.0,0.0,0.0,0.0155398242498177,0.0,0.0,0.0032510604345601,0.0170027778134886,0.0,0.0,0.0,0.0,0.0169260540004525,0.0610656226424155,0.0,0.0,0.0,0.0498741868168828,0.649410910320672,0.0039331740736023,0.0,3.71659324041444,0.0,0.0,0.0,0.0205423054802509,0.0,0.0385191661073238,0.0442346937400756,0.0033189885946436,0.0,0.0048535710739187,0.066858093650711,0.0113920917972168,0.0107699761016053,0.0102651498206063,0.0,0.0212249049924887,0.0,1.18160207391106,0.0,0.0,0.0076796266561063,0.0,0.0072125760618253,0.0041543146759309,0.0,0.0407173434959433,0.0119415583576492,0.0,0.0,0.0,0.0,0.0012354562410511,0.015949728908998,0.0533706448164996,0.0062163445230423,0.0,0.0,0.0,0.0856904185398457,0.0,1.38251646732187,0.150152006634787,0.0113920335921622,0.0712871169738162,0.0,0.0,0.0,0.0257042783911214,0.252045237865927,0.0,0.0,0.0470298630144255,0.0,0.0250855861164521,0.0019507504425164,0.0089385577682617,0.0102440585038945,0.0,0.0,0.0844929495203147,0.0,0.0159728917617152,0.0648839592866216,0.0423689991192568,0.0,0.251198268002442,0.0,0.0040239960027098,0.0990988527609498,0.0,0.0063279088006098,0.0399131914800362,0.0321622669720945,0.0056510953817297,0.0,0.0,0.0655576583723676,0.0,0.0084324331664425,0.0046302713936989,0.0013532588063465,0.0,0.0,0.0,0.0017183320312375,0.0033075257554744,0.0341437402613287,0.0,0.0375056023572643,0.0096413393121252,0.0,0.0,0.0,0.0,0.0,0.0096718689323559,0.0,0.0443178274642038,0.0,0.0,0.0,0.0428953337975335,0.0,0.0200047038430503,0.0040082432072951,0.0312583790504145,0.630416455650685,0.0,0.0609554404920976,0.0,0.12626842051636,0.0,0.0006194467884966,0.0101405605915616,0.0,0.0,0.0,0.0025977723095283,0.0120855642036464,0.017350924328224,0.0012778699920086,0.0,0.0251777527992662,0.0,0.0132972088213392,0.0709787438230238,0.0367688886814418,0.0302218104503458,0.0112267012703947,0.126649365818776,0.0,0.0,0.0,0.0,0.0069078571610724,0.0130898077286041,0.0,0.0041417506577415,0.0119303073630379,0.0551761785747791,0.0157127829667387,0.051959833263173,0.0,0.0,0.0,0.0,0.0008674952454628,0.0352618107310798,0.0261025163474843,0.0448805663009835,0.0,0.230308005807107,0.0113158600690452,0.0033683795816736,0.007204857562431,0.0014292532295624,0.0,0.004271208670779,0.0,0.0015852791735564,0.0,0.0,0.0,0.120585827268753,0.0722893397752176,0.0066438690444607,0.0015013169185918,0.0,0.354740983018225,0.0,0.000999905013113,0.0,0.0060218277321753,0.0027115141015596,0.0,0.006059512308133,0.0,0.0,0.012479997461859,0.0,0.0105149930228268,0.0194579926229687,0.0,0.0,0.0042576201633035,0.0,1.32614943527566,0.0,0.0,0.0,0.0078984722408544,0.0,0.0,0.0059386790027644,0.0122078529625945,0.0,0.0015808920724734,0.0,0.0,0.0076836712590629,0.0824175215439705,0.0,0.0,0.0,0.270314728617137,0.0,0.0016766161358131,0.0302729078408681,0.102697354716815,0.0,0.0,0.0,0.0394496139649546,0.0,0.0256008699519869,0.048865445002593,0.002386033954925,0.0,0.0047482804629168,0.106698993888713,0.0044559235405047,0.0,0.0064530506249489,0.0,0.0233626667879346,0.0,0.0540691453486507,0.0
PA,0.0,0.0,0.0,0.0015780358035432,0.0,0.0504227376409089,0.0,0.0295148308427088,0.0,0.0,0.0,0.0,0.0,0.0194188074392097,0.0021758890047351,0.0,0.638449146722276,0.0,0.0,0.0205153252522089,0.0,0.0409341985110565,0.0,0.073254912068507,0.130979917891868,2.13177741929809,0.0,0.0,0.0,0.0,0.0,0.0336969463884474,0.0,0.206439489067749,0.482929447366143,0.0019847765989742,0.0032220970219751,0.0,0.0,0.0,0.0054134302649552,0.419996382541303,0.0,0.0,0.0,0.0,0.205632245290863,0.122945973597603,0.236299486592743,1.90948436032156,0.0,0.0,0.0028769468509933,0.0,0.0,0.0,0.0,0.0112667666094654,0.779368058556907,0.0,0.0,0.0,0.0329431302500009,0.0,0.0,0.0,0.003836314833451,0.0,1.57652943379021,0.0,0.0,0.0,0.0,0.0,0.0287125755916809,0.0,0.0,0.0,0.0,0.0,0.0753776078784536,0.0,0.0009501035918681,0.0,0.0,0.0,0.3345221572873,0.0019118391930752,0.0,0.0,0.0,0.0,0.0,0.0,0.0,0.0338936466340841,0.0,0.0,0.0,0.542045284599135,0.0,0.20366609180766,0.0157274969282594,0.0,0.779227129802792,0.0,0.0,0.0013055489365836,0.0,0.0,0.0037801453524027,0.0,0.0164186708402305,4.95164681143977,0.332263459674261,0.0,0.0,0.0,0.0,0.0,0.0,0.0,0.0,0.0,0.0,0.000928595210362,0.103429134010764,0.0268795023379401,0.0,0.0,0.0,0.0,0.0010876149270566,1.03879034880196,0.002074886061041,0.0,0.0,0.0,0.0,0.0,0.0,0.492391540340321,0.0,0.60334407828489,0.0337063609756831,2.53268507744388,0.0,0.0,0.0084289568165565,0.108423292905483,0.0,0.0,0.0,0.0,0.0,0.0,0.0,0.0,0.0,0.0,0.0327373257868614,0.0,0.0,0.0,0.0,0.0,0.0,0.0086097412604218,0.0,0.0360374911692276,0.0006775724471695,0.0,0.0,0.0,0.0,0.0,0.0,0.0,0.0,0.0,0.0,0.002062174542101,0.0391399924281084,0.0,0.0,0.0198521419474574,0.322194674111264,0.0,0.0,0.114540901383886,0.0295666361075514,0.0,0.0,0.0,0.0,0.0071683569392776,0.0,0.0,0.0,0.0,0.0,0.0,0.0,0.0,0.0,0.0,0.0,0.0511973171003768,0.0013089618701814,0.0,0.0,0.0,0.0007883998057947,0.0,0.0,0.0,0.0,0.0,0.0,0.0,0.0,0.0,0.0,0.0,0.0,0.117803569465515,0.0,0.0,0.000697778460296,0.0,0.0006647438504324,0.0,0.0,0.0036454293181875,0.0,0.0,0.0,0.0,0.0022913208218716,0.0,0.0146011818489111,0.0,0.008308748542951,0.104000782715587,0.0,0.0061556790703857,0.0,0.0,0.0,0.0,0.0527944194840608,0.0,0.0050138818028686,0.0,0.0,0.0041611755795363,0.0020542287254809,0.0008844649150582,0.0133846865270193,0.0,0.0,0.0034028069610621,0.0,0.0,0.0,0.0,0.006943436453733,0.0332079487901753,0.0,0.0,0.0,0.0,0.0,0.0,0.0,0.0059903715998355,0.0,0.0040798144198843,0.0,0.0,0.0,0.0,0.0,0.0,0.0,0.0,0.0,0.0,0.0,0.0,0.0,0.0,0.0,0.0,0.0,0.0028832363415821,0.0152268492226379,0.0,0.0,0.0,0.0218790819492468,0.0,0.0,0.0,0.0,0.0,0.0,0.0,0.230703119925851,0.0,0.0587599326061004,0.0,0.0,0.0,0.0,0.0,0.0026028091134222,0.0,0.0,0.0,0.0,0.0,0.0,0.0,0.0,0.0,0.0,0.0,0.0,0.0,0.0,0.0077816575985477,0.0,0.0,0.0,0.0,0.0,0.0,0.0,0.0015295861906796,0.0,0.0,0.0019586501087017,0.0,0.0,0.0012238173833976,0.0,0.0,0.0,0.0,0.0066840118228723,0.0,0.0494292155287867,0.0039047162231994,0.237723316454391,0.0,0.0,0.0,0.0977309296839934,0.0,0.0,0.0,0.0,0.0,0.0,0.0006575358605397,0.0,0.0,0.0,0.0,0.0,0.0,0.0,0.0,0.0,0.0,0.0,0.136693998760893,0.0,0.0,0.0,0.0,0.0,0.0,0.0,0.0,0.0,0.0,0.0,0.0,0.0033576325572812,0.0077477904660111,0.0,0.0,0.0009597649145692,0.0,0.0,0.0,0.0,0.0048766186241349,0.0,0.0,0.0017281256912508,0.0,0.0,0.0,0.0,0.0,0.0,0.0,0.0,0.0,0.000840113025054,0.0,0.0,0.0,0.0133003061258864,0.0012736264727767
PAA,0.305270668865902,0.0008410246870051,0.0,0.0039187842919002,0.0047392434322122,0.0,0.0243542923333379,0.656763813097894,0.0101677233248282,0.0,0.0,0.0,0.0,0.0595577138095103,0.0075425924452978,0.0,0.0142621456596415,0.0012044193836493,0.0,0.0376452576658642,0.0,0.16491355015735,0.214351261422458,0.0038305179296046,0.0217122683470618,0.0223154032867548,0.0,0.0,0.0029633151642724,0.0297609959469247,0.0,0.029346697560133,0.0,0.0,0.521981826569418,0.0027859625935832,0.0019050843883983,0.0,0.0,0.0,0.0034235883623822,0.0917888329621287,0.0,0.0631235375652514,0.004209932201899,0.0,0.362773725019658,0.0308934286560242,0.266654926408588,12.6026873352587,0.0,0.0009914839493274,0.0057503487020899,0.420355878160345,0.0324281678347709,0.113299358553327,0.0,0.0,0.801015950754643,0.0029043586280474,0.0010114687547822,0.0,0.0471858905770632,0.0,0.0,0.0,0.0,0.0056737506462438,0.271614206721314,0.0042370470548087,0.0026242223099509,0.0,0.0,0.0019005949521571,0.0090548485942778,0.0,0.0,0.0,0.0019165840179273,0.0,0.0,0.377022577595041,0.0022038290156821,0.0,0.0029435826931253,0.0018491739965372,0.112195076822097,0.0935569989342692,0.0,0.0221099529108888,0.0,0.157987267333719,0.0013292884360724,0.0,0.0,0.0,0.0,0.0,0.0,0.0051798975480212,0.001922061630218,0.0222420600958259,0.0,0.0032021953746155,0.401174812503953,0.0049200174761353,0.00363298262518,0.0087329584667686,0.0172285959561224,0.0039942024073318,0.0349137406709695,0.001312636582795,0.105426170437729,0.41068382068039,3.50941791464716,0.0022992039319677,0.0,0.0,0.0052384423273984,0.0061922379428203,0.676673885365691,0.0,0.0020946641268612,0.0,0.0,0.0007561479658745,0.0,1.10799894989182,0.0,0.0273129415634493,0.0060456257894688,0.0,0.0129424584902646,0.0,0.0,0.0,0.0006960095473045,0.0,0.0,0.0,0.0,0.0,0.0158359786501654,0.0,0.004073039218353,0.0,0.0048570425537752,0.0,1.05815196928593,0.168361261025945,0.0,0.0052468121418361,0.0,0.0,0.0,0.0,0.0,0.0,0.0,0.0,0.0,0.0287636486985994,0.0,0.0,0.0073751660709531,0.0023221524110815,0.0,0.165167988830567,0.0,0.122101604498841,0.0,0.0033972528651881,0.0,0.0,0.0006494438724751,0.0011006353605583,0.0,0.0,0.0,0.0,0.0,0.0030910996383605,0.0,0.0,0.0,0.0683467355509983,0.431600751418872,0.0,0.0028299433110991,0.596967473805571,0.0062934252242957,0.0,0.0,0.0015782090277578,0.0,0.0,0.0034689362429211,0.0,0.0012351179632528,0.0,0.0143910680394483,0.0012621171952769,0.0,0.0364152021965565,0.0,0.002340521228146,0.0,0.0,0.0,0.0,0.0,0.0,0.0019064349105887,0.0028250240588471,0.0,0.0,0.0,0.0008013476326786,0.0,0.0,0.0,0.0,0.0078966441807577,0.0,0.0,0.0677187492886805,0.000794395050459,0.0,0.0134064372421667,0.0,0.0165569376022337,0.0231535416530432,0.0014877061058074,0.0083128619106573,0.0,0.0,0.0,0.0048470562409228,0.0,0.0,0.0,0.0,0.0,0.0160107483806932,0.0010527606146069,0.0034511241597967,0.0018560395538942,0.0,0.112820718592286,0.0107808680574213,0.0093886430707132,0.0,0.0049108371738946,0.0054319268723921,0.0,0.0389850748407783,0.0,0.009175480757816,0.0,0.0,0.0,0.0055156722390853,0.0,0.0010658653000724,0.0,0.0,0.0149856810696965,0.0,0.0052261663472713,0.0028122233228314,0.0,0.0012992218747502,0.0,0.0,0.0,0.0,0.0047691063908296,0.0149467039077535,0.0046343014602444,0.0034071480588935,0.0,0.0,0.0029253960248511,0.0,0.0,0.0011702451195268,0.0,0.0049444076035318,0.0,0.0,0.011394937604079,0.006924035930619,0.0,0.0052540543494197,0.0,0.0049820628448319,0.228155195020306,0.0,0.0155420294473104,0.0,0.0926852681010788,0.0020294301278828,0.0,0.0007216556848426,0.0,0.0,0.0,0.0,0.0022245703027508,0.0025199909822074,0.0,0.0,0.0,0.0,0.0009143984694864,0.0,0.0220014469854528,0.0080998807501865,0.0,0.0,0.0006633608844975,0.0,0.0,0.0,0.0010398641898399,0.00147723564948,0.0,0.0027598244728817,0.0033838491041912,0.0,0.0022182262783604,0.0027747519498522,0.0,0.0,0.0021977047066862,0.0,0.0084222146374681,0.0012057452119336,0.0446245295946795,0.0333263565012088,0.0,0.0335841237784229,0.0137672111899257,0.0,0.0012814149691679,0.0006588546175475,0.0,0.0,0.0,0.0022021457418412,0.0,0.0,0.0,0.0083125149473211,0.0,0.0,0.0,0.2284422059304,0.12341899523835,0.0,0.0,0.0,0.0016481990248854,0.0009743864907291,0.0,0.0010285142083144,0.0,0.0,0.0,0.0,0.0,0.0038543890682278,0.0,0.0045413893744716,0.0,0.0,0.0433158852774368,0.0,0.0,0.0,0.0015272054900421,0.0,0.0,0.0038607837856974,0.0016602294179073,0.0,0.0,0.0,0.0,0.0016290115659527,0.0156088403237733,0.0,0.0,0.0,0.0246884537550488,0.0,0.0,0.0008716990043187,0.0088744944869125,0.0,0.0,0.0,0.0006896398578667,0.0,0.0054237584275112,0.0028621412201743,0.0,0.0,0.0006203852991776,0.0,0.0007740646877444,0.0,0.0054898806656702,0.0,0.0011741796092878,0.0,0.0,0.0
PAG,0.595871900353811,1.6509723208776,0.934430950535173,0.0212283646643715,0.0,0.380560833789223,0.0420356225318859,0.0,0.0,0.0,0.0,0.0,0.0,0.0,0.0086341882080146,0.116658241249414,0.0,0.248074193035973,0.117014275367591,0.261672509297236,0.0117871010951207,0.0,0.0,0.31296218475139,0.0298887062955701,0.0,0.0,0.251434069187621,0.004920907642274,0.0,2.07617175273424,10.6073580178359,0.0,0.0,0.0,0.0,0.29742554972553,0.0,2.18162487879839,80.8008330379598,0.0039385727633192,4.89975677723197,0.127892024370062,0.0,0.0,0.0,0.0,0.0037013444125722,0.0,0.0,0.0,0.0068349168253394,0.0,0.0,0.130167711234937,0.0,0.0,0.0,0.0,0.0,1.82176315479487,2.13404082376548,2.87222152549308,0.0,0.759773457083097,0.0116531038684913,0.184590039508543,0.0060284262619151,0.699326800120254,0.0646787347616057,0.0,0.0,0.0,0.13487308682462,1.18135429189861,0.07130018087035,0.0,0.385697994467994,0.0736630789622306,0.0,0.133576340209079,0.091534328738427,0.0,0.0,0.0,0.373008315966671,0.0582923010704665,5.7612628328597,0.0,0.108666185279191,1.39719021646643,0.262475845437827,0.0,0.110663507288645,0.278244832566504,0.209312585545362,1.02304212411981,0.0,1.21140789439271,0.0,0.113660218845466,0.0,0.0,1.49164135994594,0.300860740521764,0.220435999968233,2.46323830221232,3.4361151246529,0.296527785989262,0.326732973515144,0.0,0.399721903004809,0.128503992125961,0.0,0.019223848592807,2.72681750614957,0.0,0.0142443425643805,0.127819255839006,1.21472239472309,0.0936132910192186,0.0,0.0038972149456798,0.490083944287103,0.281701846083847,0.443919693284256,0.258351869964207,0.0,0.421677898535693,0.0,0.0301743021787633,0.0,0.0429292620187571,0.0,2.06267014127832,0.0010083098231553,0.0,0.644195420385496,0.118195834814563,0.0,0.135750107038067,0.0794462127290458,1.11662673485617,2.82652698720652,0.0,0.0,0.0,0.0,16.5715618386732,0.0560760520399007,0.0,0.0,0.0,1.75990942582013,0.0,0.707427308509531,0.0202875721510922,0.0,0.946913287194062,0.23197180346541,0.232161697607165,0.0,0.0,0.0,3.09232469356802,0.0175816957905078,0.0,0.0,13.5813874598034,19.5588103024432,0.0,0.0342850219319527,0.0076284525099037,0.0,0.165181572345632,0.314108907716005,0.0064186308494159,0.008789281879364,0.525949353593157,0.0,0.0579276472192725,0.115930725199254,0.0,0.0,2.3573826832058,0.431513340293644,0.0,0.0,0.0,0.0,0.646964885203686,0.0,0.0,0.0,0.0764177330861805,0.210441950192754,0.759090936629704,0.254204442914732,0.0,0.0,0.0,0.0,0.255401380356428,1.02994568072682,0.107702531904134,0.0,0.0,0.0045205020111239,0.0,0.0,0.21255903083404,0.184839631680572,0.00154932735875,0.0020036142118408,0.110924453368082,0.0471039068756716,0.0,0.0,0.588393611519471,0.0,0.0,0.0,0.0,0.0086346274559949,0.0,1.29114916891167,0.0195979150848116,0.0,0.0947847264746423,0.0,0.0,0.0,0.0709752067907646,0.016313401570087,0.0,0.0,0.0195728110639969,0.0040393504709413,0.0,1.12974947674669,8.41805064179006,0.0,0.0,0.0,0.0,0.35909561090827,0.0,1.54710969799319,36.3831271651023,0.0,2.10707479958525,2.6017136390215,0.0,0.0,0.0,0.0,0.0009400383627291,0.0,0.0020976184745964,0.0,0.0952593532206108,0.0,0.0,0.004956592144502,0.0,0.0,0.0,0.0149122644100673,0.0,0.625539744237759,0.531645547330775,1.31884016948432,0.0,1.59407091862923,0.0292330764193734,0.251951070441478,0.0,0.0204901655192747,0.333023785246369,0.0,0.0,0.0,0.0284275872254772,0.202567568938684,0.0,0.0,0.533223461254671,0.0015499102663552,0.0013270037564328,0.0314360026640476,0.0212228450777277,0.0,0.0,0.0202041668214467,0.590421634327037,0.0095483497159739,0.118806756255177,0.0,0.0072087275465791,1.11277275963854,0.0956166195342062,0.0,0.0184584408692764,0.0893303820945252,0.155981773477204,0.277808593328288,0.0,0.300697861668345,0.045573878271002,0.257473649570137,0.0328825931990513,3.40223812074611,1.11839148959162,0.435241555100376,0.209753457678094,0.0,3.00090389958248,1.21198032623818,0.215121216526164,0.0,0.388803027665841,0.10373384953155,0.0,0.0033246939460586,0.66591028102831,0.0,0.0,0.0,0.125925782341486,0.0314744394604814,0.0,0.0104115150927551,0.0,0.0,0.432658360151626,0.0735188222116764,0.0,0.337169529039082,0.0,0.0125474669345939,0.0,0.000843593052673,0.0,0.616075820939009,0.0007079718540583,0.0,0.361738097837755,0.0,0.0174153943238874,0.381755499743243,0.0274573304107971,0.179584797248846,1.26588865306069,0.0,0.0,0.0,0.0,8.39799436834417,0.0582456711402556,0.0,0.0,0.0,0.0683362990321706,0.0160863929007706,0.0551648721985965,0.0,0.0,0.226908118141794,0.0137604492268316,0.0,0.0,0.0,0.0,0.889310503199741,0.0,0.0,0.088343253438269,0.55534909271408,2.49349008039563,0.0,0.0129464813753567,0.0363380339233282,0.0,0.0193548713820418,0.0529839737088909,0.0,0.0007886879631444,0.0880864514041761,0.0,0.0116879608797313,0.0248753174380586,0.0086114765205858,0.0,1.45862946067987,0.119501677273332,0.0,0.0035099262193259,0.248202593150395,0.0,0.102901659848558,0.0,0.0,0.0,0.083637535915376,0.0605648876714697,0.0566769646437804,0.0029282448745232,0.0,0.0,0.0,0.0,0.0315270418842547,0.287471385633222,0.0250063506431848,0.0,0.0,0.486302588073188,0.0
PAR,0.019566597497471,0.0183064678591266,0.0,0.0,0.278393904636345,0.0,0.0,0.0,0.0,0.0,0.0178636324482062,0.0,0.0,0.0,0.0,0.0,0.0,0.0,0.0058176680948464,0.014587644797901,0.002812630515718,0.116338106372451,0.0048600448019906,0.0,0.0806937941800333,0.0,0.0280802555166951,0.0,0.0015085644534683,0.0743792099868368,1.39873896358041,0.0102264310318282,0.0,0.0,0.0030425827569696,0.0,0.0113579561124353,0.0011808542709632,0.0,0.0454531873743603,0.0363405608498211,0.0,0.0,0.0009683053439072,0.0,0.0,0.298302728277856,0.505714862716647,0.0,0.280296425138904,0.0,0.0008225002818255,0.0,0.0042379138476276,0.0008633778457303,0.0,0.0,0.022390564112318,0.0185958590023465,0.002244288560883,0.0,0.0,0.0013292190815407,0.0,0.016172329000229,0.0,0.0011385845852657,0.0,0.0182512508971589,0.0021240058867597,0.0628914175245393,0.0,0.0,0.0,0.0,0.0136057704265306,0.0,0.0,0.0008766301523266,0.0010776458038512,0.0,0.0,0.0,0.0,0.0,0.0015615774928642,0.0,0.0,0.0,0.0008647158731112,0.0,0.0100179470258339,0.0,0.0,0.0065067758234643,0.0,0.0,0.0,0.0,0.405470294776174,0.0,0.253089293145195,0.0,0.0,0.0153482268840562,0.0048164752733361,0.0007466527316459,0.0,0.0034173704420028,0.0,0.0,0.0013373278834945,0.0,0.0181147556041225,0.0159238988322076,0.0,2.74970312778367,0.0,0.0007199569663636,0.001224447906767,0.0,0.0,0.0029703757729611,0.0,0.0,0.0035299795345607,0.0,0.0,0.0,0.0,0.0,0.0,0.0,0.0,0.0,1.59196371675852,0.0,0.0,0.0,0.0,0.0,0.015586864500639,0.0053560402162543,0.0,0.0,0.0,0.0,0.0,0.0,0.230453109239022,0.0,0.0,0.0,0.0464269969801845,0.0102667759719164,0.150326307161783,0.0,0.0,0.0,0.0,0.0121529487203515,0.0,0.0016613886928611,0.0,0.0,0.0,0.0,0.0,0.0,0.0,0.0,0.0008808939714124,0.0,0.0,0.0,0.0,0.0,0.0,0.0,0.0,0.0,0.0,0.008703992657466,0.0,0.000739334251646,0.052079211988195,0.0066291576452902,0.0,0.0,0.0,0.0,0.0,0.0,0.0011017255500408,0.0,0.0082035848957043,0.0361403635882623,0.0189569403660594,0.106274043521711,0.0106336920632739,0.0040221565180426,0.0017475917141693,0.0,0.0,0.0,0.0,0.0,0.0045899455549156,0.0,0.0,0.0034694593565837,0.0,0.0,0.0,0.0,0.0,0.0,0.0,0.0,0.0,0.0,0.0,0.0006915947386742,0.0007241939893036,0.0012498903592739,0.0,0.0,0.000641132082538,0.0,0.0,0.0024790146009727,0.0030844275450232,0.0,0.0014903992579155,0.0,0.0019381070454267,0.0,0.0030018733275043,0.0191387660563079,0.0,0.0113889690706538,0.0,0.0024203915416035,0.0,0.0,0.0115888057497814,0.00234456825347,0.0,0.0,0.0091869588939082,0.0,0.0,0.0109637421547147,0.0048325159315601,0.0,0.0162827588531491,0.0092715089931439,0.0016962918621236,0.0,0.0,0.0,0.0,0.0081851644439189,0.0020863525908729,0.0083739464029179,0.0,0.042838530809374,0.0,0.0036062972884239,0.0017054944743318,0.0,0.0,0.0,0.0,0.0006649961600677,0.0,0.0032268227702224,0.0298709578084493,0.0047004916968344,0.0016659911461631,0.0,0.0,0.0,0.0,0.0,0.0,0.0,0.0043438937468606,0.0,0.0,0.0,0.0018448233227503,0.0,0.0014521713867952,0.0,0.0,0.127026358334708,0.0,0.0051253484187433,0.0,0.0224009666440747,0.0,0.0,0.0012131976582267,0.0,0.0,0.0,0.0,0.256766562462038,0.0010608707484046,0.0,0.0,0.0,0.0,0.005317197665077,0.0,0.0032771603894747,0.0073029593186483,0.0,0.0,0.0007078696483122,0.0010773626894178,0.0,0.0,0.0,0.0620706271229596,0.0,0.0,0.0,0.0,0.0006246685570996,0.0086198397028301,0.0,0.0,0.0017653326663469,0.0,0.0,0.0019053027326552,0.032287759121702,0.0031348601199127,0.0,0.0648607736111306,0.001431880548897,0.0,0.50675503002406,0.0,0.0006247256568123,0.0,0.0,0.0,0.0,0.0025911042545033,0.0,0.0041967070697685,0.0,0.0,0.0,0.0,0.216303844335747,0.0,0.0,0.0,0.0057389849776449,0.0025446199848708,0.0383517872755164,0.0,0.0,0.0,0.0,0.0093032368828474,0.0,0.0,0.0,0.0,0.0,0.0,0.0,0.0,0.0,0.0009516642811718,0.0018020236422663,0.0,0.0,0.0007526307076801,0.0,0.0,0.0,0.0,0.0010704337219694,0.0026378420632344,0.0066826187839538,0.0,0.0,0.0017808065923368,0.0025307153215869,0.0,0.0,0.0,0.0,0.0,0.0,0.0,0.0068628779817213,0.0,0.0,0.006652525199832,0.0029763552585297,0.0033978316513007,0.0027133444043433,0.0,0.0011955384840797,0.0029712558123822,0.0,0.0,0.0029724526166929,0.0,0.0,0.0
PARN,0.420293488612366,0.0,0.0,0.0,0.0,0.0,0.0343104706035684,0.0,0.0,0.0,0.0,0.0,0.0009968764672767,0.0,0.0,0.0,0.0,0.0,0.0,0.0,0.0,0.0,0.0,0.0269832225764126,0.0,0.0066486463046703,0.0,0.184291435433653,0.0010402045085417,0.0015241285295191,1.40527953162891,0.0,0.0,0.0,0.0,0.0041747140780704,0.0,0.0,0.0,27.4683497666428,0.0066540488865026,0.0445510101169673,0.0,0.0,0.0,0.0,0.0,0.0,0.0,0.0,0.0,0.0602164008255481,0.0,0.0,0.0318271453212012,0.987964722542952,0.324557797115988,0.0,0.0935692574713296,0.0,0.0,0.0,0.0,0.0,1.01789566626852,1.10226470675675,0.0,0.556649165207519,0.0,0.5893026590899,0.0,0.0,0.0,0.0,0.0,0.0,0.0017823399319541,0.0,0.0,0.0,0.0055246433343602,0.0,0.303006840536199,0.0,0.770343308554293,0.0,0.0213451780982239,0.0,0.0,0.0,0.0,0.0,0.0,0.0606571649895716,0.053343297385823,0.0,0.0065228896179363,0.0,0.0723520017014693,0.0,0.280961934737153,0.0,0.0,0.667589485133254,0.0,0.194836998173993,0.0,0.0,1.47754385470534,0.0394176843202241,0.0,0.0076772434094139,0.0,0.0,0.0,0.0266657451612894,0.0,1.4200968060983,0.200738482471794,0.0417511462379431,0.0,0.0,0.0,0.0020095403883438,1.02602461638247,0.0,0.0,0.0,0.0403958283293167,0.0,0.0,0.0,0.0,0.0,0.0,0.0,0.0,0.0403799719124384,0.003241711074819,0.0,0.648109757044135,0.0,0.0,0.141203535548708,0.0,0.0,0.0,0.0,0.0,0.0,0.0,0.0,0.0,0.0,0.0,0.0,0.0,0.0,0.0336520564891885,0.0,0.0,0.0,0.0039584368317982,0.0,0.0210057019895284,0.204541641841632,48058.0842624726,0.0031135097097381,0.0,0.159284265003456,0.20834956782125,2.7499389379014,1.09473173653107,3.30232110072399,0.0137414525037633,0.0,0.0346934382542029,0.0,0.0014765051989812,0.0,0.0412533150533917,0.0,0.0,0.0,0.0,0.0,0.0,0.0,0.0,0.0,0.0035240871263017,0.0,0.0,0.0,0.0,0.041025390005904,0.0046041361006482,0.0013690277044851,0.0,0.0,0.0036846999267901,0.0,0.0185348997393386,0.0006366772746589,0.0128347593345927,0.0008794156111472,0.0,0.0,0.0,0.0068790295743464,0.0,0.0,0.0,0.0,0.0,0.0680127938592263,0.0,0.0,0.0,0.0,0.0,0.0,0.0,0.0,0.0,0.0,0.0,0.0,0.0,0.0,0.0,0.0,0.0013431367984269,0.0,0.0,0.0,0.0021372845313875,0.0075991305683794,0.0015450362241874,2.92290586408879,0.576919682212304,0.0,0.0,0.0,0.004271014375526,0.0,0.0006959129493622,0.0,13.9139681509256,0.0015361407390022,0.0022298595214527,0.0294107812293204,0.0,0.0,0.0,0.0,0.0,0.0,0.0,0.0,0.432233575281506,0.0,0.0,0.0030363665788743,0.0672258626674317,0.28855155805857,0.0,0.0008707862611238,0.0012113013790743,0.0,0.0,0.0,0.0,1.18133926370039,0.0008883245190506,0.0043666054585125,0.348703549747764,0.0,0.258994405629273,0.0,0.0,0.0,0.0,0.0024196276682626,0.0,0.0,0.0277806525402783,0.0,0.0,0.0,0.0,0.08488442988555,0.0,0.0289090402201883,0.0,0.0,0.0,0.0,0.0,0.0,0.0,0.0,0.259157226092152,0.11681791104828,0.0,0.001825945397024,0.0,0.0394187386803776,0.0,0.324970937941845,0.0,0.0,0.0,0.0,0.215616655789264,0.0,0.0160185115809019,0.682549267639016,0.081005076156682,0.0,0.0198909769777248,0.0,0.0,0.0,0.0007192497885336,0.0,0.403463679747872,0.0366201900971656,0.0,0.0007419728728425,0.0,0.0,0.0,0.513638127437341,0.0494827983351151,0.0,0.0,0.0278554545165518,0.0,0.0,0.0,0.0,0.0,0.0,0.0,0.0,0.0,0.011621065248985,0.0,0.28007547511458,0.0,0.0,0.0033660759179616,0.0,0.0,0.0,0.0,0.0,0.0,0.0,0.360322145224875,0.0,0.0,0.0,0.0,0.0036804798085535,0.0,0.0968218822478032,0.0,0.0,0.0,0.0,0.0,0.0,0.0034413218610627,0.0,0.0024528582740796,0.0,0.0,0.0308053967197167,0.128933504968689,0.113411426961241,0.545617997696856,0.0701384601775861,0.0,0.18837680974817,0.0383753223678505,0.0,0.0,0.14637023407925,0.0,0.0,0.206303102995365,0.0,0.0,0.0,0.0,0.0,0.0,0.0,0.0,0.0,0.0143394530337288,0.0,0.0800866493218987,0.0026714731415637,0.0045738276136364,0.0,0.0,0.0093245433753849,0.0,0.0020908882045212,0.0,0.0,0.0006059674124184,0.0,0.168417573524121,0.0295273616717469
PB,0.325616459209167,0.0065207869316079,0.0,0.0,0.0,0.0,0.0733292604889933,0.0,0.0,0.430466410180353,0.0,0.0,0.0016147560108554,0.0,0.0043345269405097,0.0,0.0697252159089794,0.0013852464688346,0.0013999043991081,0.020822628326337,0.0,0.0,0.0,0.047781347486478,0.0,0.0,0.0,0.128280621161207,0.0051290583969473,0.0026756919388659,2.1396641790012,0.0329912540290538,0.0,0.0,0.0,0.0067446994650219,0.0,0.001214380315014,0.0,48.6879085223076,0.0012515856400047,0.242734945275107,0.354242576658259,0.0,0.0,0.0,0.0,0.0,0.0,0.0,0.0,0.0788879915960509,0.0,0.0221239703531288,0.0380978868540893,0.594945046231905,0.108419087498399,0.0,0.072764127381079,0.0,0.0152523411884842,0.0734030022674542,0.0166999140644419,0.0,0.359066225047306,0.319893063429778,0.0018526092853467,0.0591689310700081,9.14201096342499,0.0310451634521765,0.0,0.0,0.0,0.0,0.0382173798420826,0.0,0.0,0.0,0.0,0.0,0.0,0.0,0.16879151268153,0.0,0.0254648941457329,0.0379232664937797,0.0070234047295499,0.0083159113831766,0.0,0.0,0.0,0.0043622918880777,0.0,0.0201410673621059,0.0326648170789261,0.0104009003872816,0.0467731731119147,0.0,0.127973948083149,0.0,0.0875889196415339,0.0,0.0,0.0,0.0,0.250541269611516,0.111254654479618,0.0,0.783955782147255,0.0347883319839629,0.0,0.0731875212793553,0.0,0.0,0.0061641295156777,0.0782258260862412,0.0,0.173295424608106,1.35049091860234,0.19035844465666,0.005004185384154,0.0,0.0057940730580229,0.0,0.1474799237172,0.0527390860025957,0.0,0.0,0.106426671767944,0.0,0.0,0.0,0.0,0.0,0.208942248989196,0.0,0.0,0.0499455880436001,0.0,0.0,0.842665078377051,0.0,0.0023247902847855,0.260140748823982,0.0,0.0,0.0,0.0,0.379193784730517,0.0,0.0,0.0,0.0,0.0,0.0,0.0,0.0,0.0,0.0388918757150101,0.0,0.0,0.0097114873013914,0.0069474959369442,0.0029938888431096,0.486989371976986,0.0896801342220586,0.0,0.058851649614137,0.0,0.938430016370044,0.121619404800993,0.497845377792914,0.232537229242029,0.705706338358435,0.0113605323631096,0.0112718217467135,0.0124941743867446,0.000928184183649,0.0181716218477614,0.0,0.0330189101219719,0.0,0.0020044789867293,0.0,0.872105275895345,0.0164845215530878,0.0,0.0,0.0,0.0035399529528087,0.0,2.53877999071539,0.0,0.0,0.136935548077866,0.127778332245704,0.0285695891580645,0.0035036678864387,0.0,0.0,0.0027847602192913,0.0,0.0210481064697135,0.0062207832407685,0.0098187261087889,0.0,0.0,0.0,0.0,0.0012118477900954,0.0,0.0,0.0,0.0,0.0,0.0186305284946941,0.0,0.0,0.0,0.0,0.0,0.0,0.0,0.0008615618378775,0.0,0.0,0.0,0.0,0.0,0.0,0.0,0.0,0.0026724867458363,0.0,0.0023958171251691,0.0,0.0008801779355291,0.0042335990610121,0.0016740458101122,0.531206928363221,0.52515201453901,0.0,0.0006550976298777,0.0,0.0,0.006022602958982,0.0,0.0139586793821046,13.0729814098245,0.0016153449550634,0.0826262227904972,0.0479487342397902,0.0006726534503285,0.0,0.0,0.0,0.0,0.0,0.0,0.0,0.255547995263528,0.0,0.0,0.0,0.0123248302020013,0.0,0.0,0.0,0.0,0.0,0.0048525593797879,0.0,0.0,0.352770261653412,0.0033849756995857,0.0039181549965589,0.0680608592693835,0.038313224465941,0.0,0.0,0.0,0.0,0.0,0.0016198357617511,0.0,0.0,0.133389442339629,0.0,0.0,0.0,0.0,0.0,0.0,0.0362498035035066,0.0,0.0,0.0050677151243068,0.0,0.0,0.0082073755831999,0.0,0.0,0.0221619365837764,0.0149852813601266,0.0048567769704329,0.007013492861699,0.0,0.0147139132467694,0.0,0.0632121354327591,0.0,0.17719599305292,0.0,0.0102686407778034,0.464018972204832,0.0,0.0,0.356882178874837,0.0205293871605802,0.0,0.0985004799323823,0.0020271428950029,0.0,0.0,0.0139043358668442,0.0,0.0756436816278134,0.0319628842304447,0.0037464399426945,0.0,0.0,0.001964774233975,0.0,0.487257101878156,0.0278311668743453,0.0,0.0,0.0484862964975996,0.0,0.0,0.0,0.0,0.0,0.0613578458303398,0.0,0.0,0.0286118436999756,0.0,0.0,0.192184609894164,0.0,0.0,0.0,0.0,0.0,0.0,0.0,0.117366684275527,0.0026846815217838,0.0,0.0827083947158319,0.0,0.0,0.0,0.0,0.0,0.0,0.0340568303524263,0.0,0.0,0.0,0.0,0.0,0.0,0.0068073887371164,0.0,0.0317947319869449,0.0,0.0,0.0046376919785891,0.0191086457270155,0.0320101001744591,0.193888928994545,0.0068788464180858,0.0,0.0142424919413069,0.0,0.0023549803240862,0.0,0.0233046281569014,0.0008688167979543,0.0008849106018851,0.196291195730529,0.212284275585386,0.0006280596659177,0.0,0.0,0.0,0.0,0.0094113066364966,0.0,0.0,0.0,0.0298045652041859,0.0222332533727728,0.006526689791716,0.0010111748927863,0.0,0.0,0.0023512902216999,0.0,0.0008455774966078,0.0019541177966206,0.0,0.0,0.0048032951704952,0.0782304591109237,0.0
PCG,0.0491365364175217,0.123135405630588,0.146692412510763,0.0007406092380073,0.0,0.029714469690034,0.0014738948058804,0.0,0.0078807324869963,0.0,0.0014847956203084,0.0,0.0,0.0,0.0016480142076557,0.0012634081907006,0.0,0.0069403967570402,0.0,0.0012256279892446,0.0,0.0,0.0,0.0095316549556762,0.0,0.0,0.0,0.0021196811303124,0.0097079867402732,0.0,0.102322609726184,1.25526126983532,0.0,0.0,0.0,0.0,0.199794377714617,0.0,0.0,9.27802845017187,0.0,0.225900630383748,0.0102075082311522,0.0,0.551911423342842,0.0,0.0,0.0,0.0,0.0,0.0,0.002092853674371,0.0,0.0,0.002166825050234,0.0,0.0013120423184316,0.0,0.0097040165271585,0.0,0.0,0.0167294429392465,0.0890858908147743,0.0,0.0328514407963934,0.0026902351028411,0.406350638386705,0.0,0.183870083062363,0.0265486359186119,0.0,0.0,0.0,0.0401479038223489,0.0502261583345716,0.0049252407766408,0.008821760135049,0.0323721642186521,0.0,0.0,0.0059812087161571,0.0,0.0,0.0,0.0,0.0240189991600133,0.0006761215682703,0.0,0.0,0.0,0.907870941415429,0.0308202229611704,0.0,0.0049692972295529,0.0058153634710363,0.008612098822722,0.075885002942845,0.0,0.033215497679674,0.025185780857995,0.0251942279931825,0.121893026949326,3.0231263992896,0.115526819890436,0.0,0.0437603217684786,0.0,0.0,0.0393600634177,0.0040507456064581,0.0,0.125651485330968,0.0097901132310813,0.0,0.0011785798851463,0.0638004315566413,0.0,0.0,0.0742342616198529,1.42226966000615,0.000989645410657,0.0,0.0020107095711038,0.0,0.809024812090074,0.0385730934210359,0.0373504413672527,0.0,0.0630206226045818,0.0,0.0022908415019426,0.0,0.0,0.0,0.0543119986530453,0.0,0.0,0.0660036109585733,0.0373545177929099,0.0427211802466572,0.0045904513396839,0.0,0.122587530418691,0.0321019570948401,0.0033230781383774,0.0,0.0,0.0,0.0567223658912839,0.0,0.0,0.0,0.0,0.0606608341050719,0.0,0.0259122798075823,0.0,0.0,0.008589107331333,0.0,0.0,0.0,0.0,0.0,0.0,0.0,616.795877457832,0.0,0.197155112240811,0.252611010352359,0.0141327744157194,0.0028059155696824,0.0,0.0,0.0016091804747322,0.0147865050529443,0.0,0.0,0.0225898956812049,0.0,0.0,0.0057851692969465,0.0,0.0,0.247041708337213,0.0027521890924916,0.0,0.0150083456210758,0.0,0.0,0.0696962688480862,0.0,0.0,0.0,0.0,0.0060354379501081,0.0239678741631543,0.0063501301582196,0.0,0.0,0.0,0.0,0.0093704984851761,0.0,0.0051485505944648,0.0,0.0,0.108253912852913,0.0,0.0102521187723073,0.0484939652246675,0.101744259406319,0.0,0.0,0.0120781171518085,0.000657064714573,0.0,0.0099733627216975,0.0337548680581692,0.0,0.0,0.0,0.0,0.0008710138118273,0.0,0.0,0.0018148158104144,0.0,0.0,0.0,0.0,0.0,0.0009995853817331,0.0,0.0,0.0,0.0,0.0031787103216586,0.0,0.0187035501046667,0.587227169933542,0.0,0.0,0.0,0.0,0.255715646286899,0.0,0.0236877820608483,2.4386314655911,0.0,0.092401598930103,0.0181548841448692,0.0,0.197063261354289,0.0,0.0,0.0,0.0,0.0,0.0,0.0140325823913214,0.0,0.0,0.0,0.0,0.0,0.0,0.0009211682140079,0.0,0.0,0.0030945109734192,0.0290872244328333,0.0,0.0652326632881068,0.0,0.389619439520326,0.0,0.0,0.0093971874157693,0.0,0.0,0.0,0.0353128190721465,0.0071007851863572,0.0,0.0,0.0352586651972319,0.0,0.0,0.0,0.0,0.0,0.0,0.0,0.013833900144211,0.0,0.0,0.0,0.0,0.852622131008154,0.021108134299231,0.0,0.0016480161999071,0.0040207463541071,0.0040801861989225,0.0109357483686116,0.0,0.0026131753850664,0.0482313222365886,0.0085730193967169,0.0936165106427614,4.40494073756893,0.0358122373134286,0.0,0.108951243638874,0.0,0.0,0.0311102038049728,0.0,0.0,0.144741523068393,0.0013835657735241,0.0,0.0,0.0077946522566609,0.0,0.0,0.0,0.0759109457081276,0.0,0.0,0.0033862655968168,0.0,0.0,0.0089333244761808,0.0122499441779962,0.0,0.0594119423104793,0.0,0.0,0.0,0.0,0.0,0.0417943365983116,0.0,0.0,0.0,0.004191174052151,0.119432894693963,0.01583129710019,0.0,0.0363129601887839,0.0024487504388065,0.0024167827241656,0.0,0.0,0.0,0.0235773061400424,0.0,0.0,0.0,0.0,0.0221416145827038,0.0,0.0153005431657196,0.0,0.0,0.0107582434866954,0.0,0.0,0.0,0.0,0.0,0.0,0.0,0.0,0.0,0.0,0.0041040140802507,0.0009929178341995,0.0,0.0,0.0,0.0,0.004569579969678,0.0,0.0,0.0092817843856806,0.0,0.0,0.0,0.0041139834565247,0.0,0.0242319986632742,0.0,0.0,0.00950717083573,0.0,0.0,0.0121359295946117,0.0227374451587179,0.0,0.0,0.0046781836464564,0.0,0.005313433306953,0.0024471248834837,0.0,0.0,0.0,0.0,0.0,0.0,0.0,0.0,0.0,0.0682144995898026,0.0
PERI,0.24792778912552,0.0272318248774914,0.0,0.0010867188087448,0.0,0.0,0.0770072297600372,0.0,0.0063546555591164,0.0,0.0112455449437243,0.0,0.0,0.0046104221889683,0.0009056389915862,0.0015513377135119,0.0,0.0584056462938246,0.0143428570584533,0.0014970526899066,0.0,0.0715162247754243,0.0381963558821688,0.001212517677217,0.0189757824783147,0.0,0.0,0.0,0.0037288060500341,0.0,0.0,0.0,0.0,0.0,0.0156928552550455,0.0,0.0111494129853226,0.0,0.0,0.0261043555851453,0.0176607471488732,0.0,0.0024889383646674,0.0693191840122985,0.0028156819555786,0.373263207941713,0.777113834813168,0.0,0.376279942867001,0.61836252104403,0.0,0.0006846436436879,0.0435661533054991,0.105552809226096,0.0089263767027505,0.0,0.0,0.0223417233607394,0.147625514786575,0.0,0.0,0.0,0.0271655059047157,0.0,0.0,0.0,0.0131301743701327,0.0037175806299009,0.205466095217816,0.0,0.0,0.0,0.0,0.0038526367845885,0.0050072800425806,0.010545685376404,0.0,0.0,0.0147204506700409,0.0,0.0,0.0034217580675914,0.0020415025763826,0.0,0.0017776567606593,0.0014555397303563,0.0039062637581362,0.0,0.0,0.0092574054625543,0.0,0.0337110698704399,0.0031857077132852,0.0076143232306861,0.0151325218976936,0.0,0.0,0.0006815812664481,0.0,0.0153736620807957,0.0,0.0606967596575615,0.0267452368527422,0.0019665485660308,0.0056251128104259,0.0,0.0,0.0,0.0064162393283322,0.100749354838289,0.0626546660657894,0.0,0.0,0.0133310157138774,0.351852819359724,0.0,0.0011750764959368,0.0,0.0015361064797681,0.0,4.81925137543801,0.0017309228861933,0.0007793468414188,0.0,0.0,0.0006600129007222,0.0,0.441028607414097,0.0,0.0,0.0077725446599871,0.100081274831307,0.0032374178101549,0.0,0.0,0.0095505064204469,0.0015204569738439,0.0,0.0,0.0,0.0,0.0,0.0,0.0,0.0037325173464952,0.0,0.0,0.0,0.0,0.486959352614144,0.385294271637207,0.0,0.0,0.002527666733289,0.001991384715232,0.0025297635703081,0.0,0.0,0.0,0.0,0.0,0.0049760624423046,0.0,0.0,0.0,0.0,0.0,0.922271427549928,0.0,0.0,0.0007300126848183,0.0008863532733433,0.0,0.0,0.0667978182644228,0.0113034490124023,0.0089102530399764,0.0201528323344399,0.0,0.0,0.0369111333073758,0.0020770088434893,0.0,0.0,0.0,0.0,0.185907181015931,0.0,0.0103947847033706,0.052435411858884,0.0,0.0,0.0,0.0,0.0,0.247689439803539,0.0,0.0067018515245933,0.0873009855763265,0.0,0.0380899112298712,0.0030243682240564,0.0,0.0,0.0,0.0,0.0,0.0043264810254461,0.0,0.0,0.0400641034337242,0.0,0.0,0.0,0.0,0.0,0.0,0.0,0.0,0.0,0.0,0.0,0.0011898583185418,0.0,0.0,0.0,0.0,0.0,0.0303608693089282,0.0,0.0159849249733534,0.0039096949163794,0.0006787426328777,0.0,0.0,0.0,0.0,0.0,0.0048855083684125,0.0,0.007094323831072,0.0,0.0,0.0010336557058435,0.0,0.014332236192339,0.0,0.0,0.0,0.0008126089972051,0.0,0.0,0.0,0.0,0.0,0.0728684306180489,0.0,0.0037756188181588,0.0,0.0,0.0,0.0,0.0225108880006776,0.0,0.0,0.0,0.0,0.0,0.0,0.0,0.0,0.0018331207113459,0.0,0.0,0.0,0.0015267023661349,0.0,0.0354798739091357,0.0,0.0,0.0,0.0,0.0,0.0,0.0,0.0,0.0,0.0,0.0,0.0,0.0,0.0,0.0,0.0,0.0,0.0008053159288452,0.0103919688910195,0.0,0.0,0.0,0.0014787715670226,0.0,0.0139128556049324,0.0360623470810938,0.0,0.0,0.0,0.0,0.0172521580748613,0.0,0.0093019815491037,0.0037527359774521,0.0007114701372233,0.0,0.0,0.0,0.0,0.0016108701162404,0.0130988519552027,0.0074649747067214,0.0028686529364541,0.0,0.0,0.0,0.0,0.0,0.0,0.0,0.0,0.208380742728347,0.0,0.0,0.0,0.0,0.0,0.0,0.0020777261489212,0.020327603351691,0.0,0.0,0.0,0.001161633354711,0.0,0.0,0.0032417206399344,0.0,0.0,0.0,0.0,0.0,0.0,0.0,0.0,0.0,0.0,0.0,0.0,0.0,0.356206986351701,0.0,0.0,0.0,0.0,0.0006939410410937,0.0026927813227556,0.0,0.0,0.0,0.0,0.0,0.0006069786345833,0.0,0.0,0.0,0.0,0.0,0.616245396978683,0.0,0.0,0.0,0.0,0.0,0.0,0.0791603314536987,0.0,0.0134876106134982,0.0783238881599054,0.0,0.0210930180632498,0.0366277921608185,0.0,0.0,0.0,0.0,0.0512662423547603,0.0,0.0,0.0,0.0,0.0,0.0,0.0,0.0007772414178533,0.0,0.0427153818581984,0.0,0.0010030772014064,0.0144366544179223,0.0,0.0,0.0,0.0,0.0,0.0,0.0010354673855999,0.0,0.0,0.0
PF,0.0,0.217907986580957,0.0193171922984322,0.0008695980086826,0.0,0.0,0.0194552711202961,0.0,0.0,0.0,0.0,0.0,0.0,0.0,0.0,0.149127084199768,0.0749727316170957,0.0,0.0,0.0075537838692472,0.0,0.0,0.0,0.0018756925544631,0.0,0.0,0.0,0.0,0.0,0.0,0.0,0.436705852971401,0.0,0.0,0.0,0.0,0.0286934223479237,0.0,0.0,0.0,0.0,0.0771528921829641,0.0056767251762721,0.0,0.0,0.0038743033485142,0.0019749142055689,0.0037329168200019,0.0,0.0,0.0,0.0007954866078664,0.133392476543983,0.189574358102792,1.0909750368795,1.33368531294223,0.0192783684997044,0.161520040752762,0.0,0.0,0.0,0.0577109937106233,0.0540493948900521,0.0,0.0,0.0,0.0,0.0053285561153183,0.0,0.0698069377983021,0.0,0.0,0.0060232481490411,0.478593904953868,0.0970379861545085,0.0334957406834446,0.0121450197379096,0.0,0.0,0.0,0.0023900781133336,0.0119072933680867,0.0743596415562514,0.0,0.0,0.0,0.0,1.25826432707762,0.0,0.0026505704371525,0.0,0.0121927494815203,0.0,0.213952520045872,0.137724203148562,0.0,0.0104469400385389,0.0,0.142388251788996,0.0,0.0246274253997925,0.0073049378399673,0.486723875920583,0.0,0.0,0.0,0.123928019959332,0.146659048293709,0.0105815407435688,0.133312695606341,0.0099048868948474,0.035098663089381,0.002118799372025,0.0,0.0038217170824618,0.0121832202429184,0.0,0.0111073960939933,0.0971009899514408,0.0,0.0,1.63202509709833,0.0,0.0,0.0059349817709032,0.0,0.0,0.0,0.0453983544248683,0.0,0.0493561714426219,0.0,0.0,0.0,0.0752172206015767,0.0,0.0,0.0267987122992252,0.0353872604751125,0.0,0.0,0.0,0.115275249724802,0.0724717362397166,0.0,0.0,0.0,0.0,0.263124839742191,0.0,0.0,0.0,0.0,0.104175475970979,0.005042372247082,0.0805004847754538,1.39390690133658,0.0,0.12971435853163,0.0,0.0,0.0,0.0,0.0234768138484089,0.836397610998014,0.186898166352469,0.0,0.2722733738161,0.711410078440304,1.15528839217699,0.0,0.0,0.0006223372601499,0.0035609420430744,0.116563432836535,0.0,0.0946196763137712,0.0679486930111214,0.138237945783305,0.169018579199446,0.096177065530526,0.0,0.0008931347129191,0.0,0.0,0.0160566832641643,0.0,0.0202034313634554,0.0,0.0,0.0,0.0,0.0,0.0,0.0,0.0740899358125219,0.162786985646911,0.0868074988480559,0.0,0.0,0.0,0.0,0.0381823505416162,0.0040303922206733,0.0,0.0,0.0,0.0,0.0,0.0,0.001789109749045,0.0178391192120592,0.0,0.0,0.0,0.0616313251676669,0.0,0.0,0.102999440194297,0.0,0.0,0.0,0.0,0.0007462729737593,0.0,0.0322867379667473,0.0,0.0,0.0011301498258804,0.0,0.0,0.0,0.0041823810058573,0.0006756749785811,0.0,0.0,0.0,0.0,0.0,0.345811290447321,0.209566050882164,0.0,0.0,0.0,0.0,0.0256516265250969,0.0,0.0,0.0,0.0,0.0394792501566967,0.5295009868791,0.0,0.0,0.0,0.0,0.0,0.0,0.0,0.0124639727796109,0.0349142437075122,0.0912021872774936,0.006356078223231,0.107097208038023,0.153528256336028,0.0061418722109017,0.0210650674381127,0.0,0.0,0.0,0.0025556335347248,0.0276025601326477,0.0,0.0830036102066468,0.0576065954412828,0.0,0.0,0.0015123786533846,0.0,0.0,0.0,0.0,0.0010343822524062,0.0239778413180435,0.0,0.00520234520626,0.0,0.0,0.0,0.0020421933643556,0.0,0.0986861832015925,0.0,0.0189933343652855,0.0867552484100519,0.0006530144747496,0.0008669462678442,0.0,0.0,0.0326334350583926,0.0076302550475218,0.0,0.0113559846692427,0.0255837872067641,0.0011037274566344,0.0077253677806474,0.0,0.0356576066995434,0.0013488265007694,0.0092832147513388,0.0054217728095856,0.169852120670739,0.0,0.0,0.0,0.0,0.0893516414836333,0.160119216018558,0.0802263224873263,0.0140902526925655,0.0105937261329115,0.0,0.0,0.0,0.007903880593799,0.0,0.0,0.0296254318159758,0.0,0.0,0.0012052868519762,0.0,0.0,0.250987383154001,0.0069981844237362,0.0006843150330939,0.0,0.0446254000052315,0.0,0.0,0.0,0.0,0.0,0.0140412935246144,0.0,0.0,0.0187960932365697,0.0024796322158513,0.0,0.10825670629364,0.0012442315483991,0.0071539371272973,0.0503048071751518,0.0,0.0,0.0,0.0,0.149688947685748,0.0048802638484508,0.0,0.0042319039959176,0.0,0.0032271471444514,0.0,0.0,0.169934381206177,0.0,0.0171892929063333,0.0,0.0,0.0021188027501437,0.0,0.0,0.221812888850646,0.0023924180523826,0.0,0.639535940588126,0.0687725083187329,0.097626916401301,0.0,0.0036241172901074,0.0339050155011585,0.0,0.0015916000478292,0.0,0.0032549712342171,0.0,0.0010217050178795,0.0,0.0055862067341588,0.0,0.0018709923595423,0.0,0.117143891197838,0.0022024903609612,0.0,0.0111659572444701,0.0,0.0,0.0,0.0,0.0,0.0,0.0097008545852132,0.0283291424077169,0.0,0.0,0.0,0.0,0.0,0.0,0.002136856136717,0.0017887631467248,0.0,0.0,0.0033739576595177,0.0,0.0
PFL,0.0,0.0,0.0051974380202127,0.0041385957949893,0.0,0.0,0.0,0.0018892749587776,0.0021831709566089,0.0,0.0,0.075851419625801,0.0415355387076651,0.0,0.0024444486221682,0.0047110251249344,0.0,0.0,0.0020509819990483,0.0,0.0157878129488503,0.0,0.0097571834125968,0.0082708182470768,0.0057959803394189,0.0064160453787489,0.0,0.0,0.0526045421341494,0.0,0.0,0.0,0.0,0.0083429579295991,0.0,0.0036009278023124,0.0883475644285033,0.0,0.0,16.2322581502319,0.0347176723969976,0.0,3.31047211538201,0.0188043394133355,0.0135453932611241,0.0,0.0030562767322887,0.0006281872688026,0.0027417796758678,0.0,106.920779482172,0.0019535190722368,0.0088633994466389,0.0,0.0334544984807536,0.0,0.0022837391285448,0.0049935608891658,0.0,0.0119085302639189,0.0108376023964245,0.0,0.0,0.0595511888067481,0.0,0.0193384928464033,0.0,0.0,0.0,0.0027050422140831,0.0127311479334129,0.0,0.0,0.0,0.0,0.0,0.0073055644104711,0.0,0.0974944029739338,0.0,0.0,0.0,0.0,0.0,0.0,0.0,0.0,0.0021028668836831,0.0,0.0028031610372123,0.0,0.0123788318302058,0.0016149616062037,0.0008700443331865,0.0007470857254477,0.0,0.0,0.0,0.0013180553917242,0.0,0.001338629121207,0.0,0.0,0.337891716906383,0.0,0.0229387934707496,0.0156277271455093,0.0,0.286954195376854,0.0,0.0,0.0007048546157084,0.003140757328667,0.0,0.0,0.0037042972141948,0.0014251960237653,0.0,0.0,0.0079549314496603,0.0083500601555533,0.0,3.39196533290162,0.0,0.0,0.0255177573596352,0.0,0.0,0.0034420579155962,0.0074044212476316,0.0010410391566106,0.0042607856226293,0.0967534046824554,0.0,0.0,0.0039706715522128,0.0007981878193812,0.0,0.0,0.202129940792779,0.199045458300959,0.0,0.0,0.0,0.0116411331361865,0.0379368755700241,0.0028925371208431,0.0012068595343448,0.0,0.0032242349954128,0.0,0.0,0.0,0.0112322452596523,0.0270458067272368,0.0,0.0035029044751147,0.0,0.0,0.0009646641896627,0.0,0.0,0.527724063065933,0.0,0.0,0.0054416286636998,0.0,0.0,0.0,0.0,0.0129882984413851,0.0139057671138729,0.0337436921666794,0.0,0.0074975485571032,0.0018065074719957,0.0016485111232673,0.0,0.0,0.0063021580228815,0.0106745160494763,0.0,0.0,0.0,0.166033320543967,0.0,0.0,0.485191461207909,0.0,0.0,0.0,0.0,0.0,0.0,0.0,0.0,0.0859697499252903,0.0017160980691938,0.0029498546040819,0.0046201897439192,0.0061905161161108,0.0,0.0045481207169143,0.0014343229246259,0.0,0.0058746604886778,0.0,0.0168608736844696,0.0,0.0,0.0,0.0097494662174273,0.0018126519388033,0.0,0.0,0.0,0.0072431187070464,0.0,0.0,0.0,0.0984393115646393,0.0,0.0,0.0028836757241501,0.0024225932635379,0.0,0.0,0.0056135560635933,0.0,0.0243631186199286,0.0,0.0098962377584064,0.0090428135868169,0.0055153094179021,0.0,0.0,0.0,0.0470083968731394,0.0,0.0,0.0,0.0,0.0092916149672756,0.0,0.0037576667283349,0.148213226754554,0.0028258055306557,0.0039749574231832,10.1333058974375,0.0087455566219348,0.0,0.0025552595321631,0.0076582769389121,0.0816215396695027,0.0,0.0019511904413281,0.0,0.0040287743698349,0.0,0.0,0.001600881716695,0.0050132564834832,0.0,0.0697438714170668,0.0,0.0,0.0,0.0,0.0042997030402094,0.0067468411681597,0.0,0.0629695992547651,0.0386548150463628,0.0041936786694533,0.0,0.0,0.0,0.0,0.0062379140010348,0.0038240038825618,0.0,0.0,0.0,0.0,0.0,0.0073989672140971,0.0,0.0107154677969267,0.0,0.0,0.0,0.0,0.0,0.0,0.218938973306644,0.0,0.0,0.0,0.0022123696448165,0.0,0.0573972628361638,0.0011088306944844,0.0,0.0025265964159394,0.0,0.0,0.0164390480761262,0.0007634844337161,0.0,0.0009906569661698,0.0,0.0,0.0168006740901808,0.0,0.0077406604173146,0.0,0.0010414452777222,0.316348374619126,0.0,0.0,0.0,0.0029381566649967,0.0,0.0,0.0,0.0015053342422037,0.0,0.0,0.0,0.0144622502006902,0.0,0.102146356240591,0.0,0.0,0.0124108284759049,0.0,0.0008634190157123,0.0,0.0255354797219924,0.0009018637855128,0.0028222572898532,0.164884313428578,0.0348966177684318,0.0058347055528043,0.0,0.0,0.0,0.0,0.207081518647408,0.0076100729029003,0.0,0.0,0.0,0.006803129424682,0.0295993163621665,0.0,0.0013032024434983,0.0,0.0,0.0,0.0,0.0080157663724602,0.0089311874219262,0.0200349793360718,0.0025679046717915,0.0,0.0,0.0,0.0,0.0,0.0,0.0076603592185728,0.0,0.0,0.0015761195049329,6.13657507364811,0.0,0.0,0.0,0.010727555447168,0.0044435465542217,0.0,0.0,0.0117840365425573,0.0023887492853899,0.0036691268844254,0.0,0.0012805313216655,0.0013906028763347,0.0078196431812716,0.0,0.0,0.0,0.0028508745602208,0.0,0.0,2.33999968038748,0.0,0.0014458896579314,0.0,0.0,0.0010069628962691,0.003031755226978,0.0,0.0,0.182354721411522,0.0075234493710698,0.0182703640280027,0.0053033838559535,0.0,0.0,0.0064673725048968,0.004061576077479,0.0,0.0008755935964432,0.0,0.0,0.0
PG,0.0086891241783028,0.288301043646675,0.0,0.0,0.0,0.0008187783442505,0.0042857885700915,0.0,0.0,0.0,0.0,0.0,0.0144093486578682,0.0,0.0,0.116074834331811,0.0,0.0335340638725566,0.0497397371901978,0.0,0.0013887771258141,0.0,0.0,0.0010152195139759,0.0372393089427025,0.0,0.0,0.0,0.0008186808474975,0.0,1.34632546815474,0.0293385276223876,0.0,0.0,0.0,0.0,0.0579692251370394,0.0,0.0,7.24401748807256,0.0071494152416679,0.0016875182305413,0.0,0.0,0.0,0.0,0.0007667246075624,0.0,0.0,0.0088779837711276,0.0,0.0124280350221329,0.0,0.0028774551570903,0.0120206792247217,0.0,0.0050951999605359,0.0,0.0081554409604337,0.0969794087995362,0.0936097712785585,0.158824109745464,0.158267095166562,0.0,0.0693011664602189,0.0060243459297196,0.0,0.0009376283877219,0.0058863487447577,0.0039521477626425,0.0009354586518873,0.0,0.0,0.0,0.0047340981963292,0.0018529841820611,0.0,0.0203433176335256,0.0,0.0,0.0023180530886803,0.0,0.0006522574197173,0.0,0.0007916721515868,0.0,0.0,0.0,0.0,0.0206464468403118,0.0,0.0315324620831439,0.0026289389054497,0.305679609746405,0.229618636975434,0.0,0.0,0.0,0.0321772331349879,0.0,0.0115318109019101,0.0179339421324363,0.0,0.078519679476837,0.0,0.0,0.568772565411815,0.0,0.0218594811326995,0.135347898342319,0.0,0.0515462660356698,0.0,0.0,0.0,0.0,0.0095780420064087,0.0,0.0011638255635906,0.0079606496490841,0.0,0.0,0.0633851223878746,0.0,0.0,0.0133490934764287,0.0,0.0,0.0397246121726538,0.0,0.0081144376012795,0.0,0.0,0.0,0.0,0.010350582452102,0.0063928026857896,0.0,0.0122245713636772,0.0,0.0081929859794629,0.0092346876320399,0.0810452752515684,0.0249026769087785,0.0134206762512648,0.033766939940197,0.0,0.0016954979507977,0.0,0.0,0.0007830604795665,0.183764606149194,0.0,0.256526695633803,0.0259381886879358,0.324876536007044,0.0,0.0,0.0274559427171608,0.0,0.0,0.0,0.077918124402251,0.0,0.0695118770802126,0.0044996419043857,0.0,0.0058357095324234,0.0,0.475927106535636,0.0,0.0,0.0,0.0,0.127892828313571,0.0,0.229351219820642,0.229473033550966,0.237247306640902,0.305153658043381,0.138882340550316,0.0096886822695034,0.0,0.0,0.0264332453619022,0.0296029904682344,0.0,1.69590558612837,0.0,0.0,0.0,0.0,0.0,0.0558617912815047,0.0017942599500706,0.050907817673406,0.489796749596879,0.23754916958877,0.0619807255732922,0.0366540935013967,0.0,0.145479138432667,0.0032972262639269,0.0,0.0179359057399369,0.0,0.0,0.0,0.0,0.0,0.0513456840837932,0.0,0.0,0.0,0.0014839017235417,0.0136282260265645,0.0,0.0,0.0846484964374487,0.0,0.0108863804103638,0.0294444984449376,0.0,0.0,0.001375387787008,0.0,0.0,0.0,0.0,0.0,0.0,0.0007614934472391,0.0017722097456854,0.0382195850330586,0.0,0.0,0.0,0.0036830717643535,0.0099174848239935,0.0,0.0,0.0009817187304944,0.0012444766360767,0.0,0.0,0.0486393066849446,0.0,0.0,2.16173762439371,0.0071935957838426,0.0,0.315507311090481,0.0,0.0067044749438042,0.0018517883836809,0.0,0.0,0.0040030697623987,0.0,0.0,0.0036842571080423,0.0,0.0030061391130351,0.0,0.0,0.0008333650411911,0.0111925328342168,0.0,0.0133248282510201,0.0069367443303269,0.0015316539620234,0.143955583967982,0.0,0.0638761964231173,0.0224461353121297,0.0,0.0,0.0058610544011264,0.018518797461026,0.0009808725218433,0.0,0.0,0.0,0.0,0.0,0.0,0.0,0.0,0.0,0.0010070490525519,0.0,0.0191525023116225,0.0,0.0338116035093979,0.0,0.0,0.0071772859205919,0.0,0.0078946860438637,0.0,0.0817087453144983,0.0,0.0274349076357612,0.0623776474804024,0.0,0.0,0.0,0.0013324094085317,0.0,0.0095230294423639,0.0061522260519106,0.0,0.0197566019190505,0.0028232575978374,0.0055105200184432,0.0,0.0067860695351094,0.163339990433782,0.0445496956171312,0.0,0.0283552655061475,0.0,0.0,0.0,0.0,0.0124922969152354,0.0,0.0019548247527033,0.0043205491093198,0.0,0.0,0.148163174014351,0.0,0.0,0.0,0.0,0.0,0.0,0.0060854539981426,0.0038050726921994,0.0,0.015172450210584,0.0,0.0,0.0,0.0006592878071029,0.0,0.0,0.0,0.0137922896919427,0.0019914197492221,0.0070322239435899,0.0,0.0025330203933447,0.0597923755032157,0.0,0.0063228919918567,0.0,0.0006734446603131,0.0,0.0388060689978761,0.0,0.0,0.0,0.0143995308954831,0.000717150096066,0.0,0.0,0.0,0.0,0.0,0.189924134375136,0.0,0.0088060147201987,0.0031833453470634,0.0,0.0,0.0,0.0628831067922595,0.0,0.0,0.0470130886910513,0.009029286778273,0.0031235143606279,0.0012373469389582,0.0073495011414884,0.0030823844811213,0.012021931917044,0.0,0.0337106240297659,0.0154894310423338,0.0,0.0,0.0,0.0008508907019549,0.0,1.80330613203962,0.0,0.0027180920382042,0.0,0.0,0.0,0.0216101382071426,0.0064711971857256,0.0175028473378608,0.0057323187599922,0.0008531980144837,0.0,0.0,0.0045678183749474,0.0012254893403305,0.0006374058683376,0.0,0.0,0.0015645643172319,0.0,0.0,0.0
PGRNd,0.0,0.0,0.0,0.0,0.0,0.0,0.0,0.0,0.0,0.109607620816414,0.0,0.0,0.0,0.0,0.0,0.0,0.0,0.0009809969972688,0.0,0.0,0.0,0.0,0.0,0.0,0.0,0.0,0.0,0.0016898146957084,0.0,0.0,0.0013299044262715,0.0375666411067277,0.0,0.0,0.0,0.0,0.0,0.0,0.0,13.1626808859648,0.0,0.000803523025814,0.0,0.0,0.0,0.0,0.0,0.0,0.0,0.0,0.0,0.116042753068007,0.0,0.0,0.0014106071654427,0.0,0.104720519830734,0.0,0.0006083145870412,0.0,0.0,0.0,0.0,0.0,0.0,0.0037751840516031,0.0,0.0,0.0,0.244766375967827,0.0,0.0,0.0,0.0,0.0,0.0,0.0,0.0,0.0,0.0,0.0,0.0,0.0969672010665006,0.0,0.0118188154025922,0.0,0.0,0.0,0.0,0.0,0.0,0.0,0.0,0.0078967642525424,0.0019969967752256,0.0,0.0,0.0,0.0031809568031476,0.0,0.185384073101386,0.0,0.0032162884694798,0.0,0.0,0.429573461368804,0.0,0.0,0.0279824448280919,0.0008310920200898,0.0,0.0,0.0,0.0,0.0,0.0028649588126116,0.0,0.0518268481326058,0.0,0.0,0.0,0.0,0.0,0.0,2.18037414761871,0.0,0.0,0.0,0.0,0.0,0.0,0.0,0.0,0.0,0.0010581277270816,0.0,0.0,0.0222197422282623,0.0367608801543923,0.0,0.0262165981555311,0.0,0.0,0.0,0.0,0.0013806640521074,0.0,0.0,0.0009880133011511,0.0,0.0,0.0225386755562667,0.0,0.0,0.0,0.0,0.0,0.0,0.0,0.0,0.0,0.0,0.0,0.0,0.0,0.0007510483366098,0.0,0.0,0.0018443483661607,0.0315898539140355,0.0246913253748047,0.0074209523322433,0.0223864984306117,0.0313154919876804,0.0078228903986634,0.0063914778265198,0.0,0.0,0.0006114531346253,0.0,0.0,0.0,0.0,0.0,0.134047158702601,0.0,0.0,0.0,0.0,0.0,0.0,0.0,0.0,0.0,0.0502782256035859,0.0,0.0069054208745328,0.0008849747300374,0.0,0.0,0.0,0.0,0.0006619307161748,0.0,0.001359666386407,0.0,0.0,0.0,0.0073424671404642,0.0,0.0007208534708234,0.0,0.0,0.0,0.0,0.0,0.0,0.0,0.132688718928594,0.0,0.0,0.0,0.0,0.0,0.0,0.0,0.0013869815397092,0.0,0.0,0.0,0.0,0.0,0.0,0.0,0.0,0.0,0.0,0.0,0.0,0.0055559354001822,0.0385636093882233,0.0,0.0,0.0,0.0,0.0018012360899108,0.0,0.0,0.554263956296381,0.0,0.0,0.0013920698423868,0.0,0.0,0.0,0.0,0.0,0.0,0.0,0.0,0.140391545535762,0.0,0.0,0.0,0.0,0.115035465845212,0.0,0.0,0.0,0.0,0.0,0.0,0.0,0.0828233798448585,0.0013123551315144,0.0,0.0052654965312749,0.0,0.313269778994266,0.0,0.0,0.0,0.0,0.0,0.0,0.0,0.0,0.0,0.0,0.0,0.0,0.0198707050318303,0.0,0.0274083079522592,0.0,0.0,0.0,0.0,0.0,0.0,0.0,0.0,0.0087305576118715,0.002595180917231,0.0,0.0,0.0,0.0021122660117161,0.0,0.0669392641660743,0.0,0.0248736097885402,0.0118752657053605,0.0,1.19919425988225,0.0,0.0016941727107385,0.0442834637672911,0.0,0.0,0.0,0.0,0.0,0.0,0.0,0.0,0.0227655018912021,0.0006435958686491,0.0,0.0,0.0,0.0,0.0,0.622772910102189,0.0079728188825123,0.0,0.0,0.0,0.0,0.0,0.0,0.0,0.0,0.0,0.0,0.0,0.0053361638891074,0.0128058608922454,0.500499413735625,0.0040673181228157,0.0,0.0,0.0,0.0,0.0,0.0,0.0,0.0,0.0,0.0,0.01172833737468,0.0,0.0,0.0,0.0,0.0,0.0,0.0058026343005493,0.0,0.0,0.0,0.0,0.0,0.0,0.0008034875043481,0.0,0.0,0.0,0.0,0.0551320970496366,0.0023311076117202,0.011171226426219,0.0,0.0079387270844984,0.0050011799723569,0.0006673586851873,0.0009478335818726,0.0038370558356363,0.0,0.0,0.0,0.0,0.0,0.0,0.0,0.0,0.0,0.0,0.0,0.0,0.0,0.0,0.0,0.0072753239457802,0.0,0.0022996982963314,0.0,0.0,0.0,0.0,0.0,0.0,0.0,0.0,0.0,0.0,0.0,0.0050633197495133
PGRNl,0.0050609318215457,0.0030385035624176,0.0,0.0,0.0,0.0010141047168655,0.0,0.0,0.0,2.34037195434426,0.0,0.0,0.0,0.0,0.0,0.0,0.00870048865497,0.0006607246186869,0.0,0.0006162794213505,0.0,0.0,0.0024077647916295,0.0051296218219084,0.0,0.0155779878677365,0.0,0.0125031678653858,0.0,0.0,0.137158049374435,0.024975074217613,0.0,0.0017271500831169,0.0,0.0,0.0,0.0,0.0,10.0421255361762,0.0167973101876328,0.0134252624265826,0.0121182857165135,0.0,0.0,0.0,0.0,0.0,0.0,0.0,0.0,0.0151957893700107,0.0,0.0,0.0053220806122359,0.138438959731211,0.0976991844098921,0.0008014313556315,0.0,0.0,0.0083951071557425,0.0114778520074247,0.0,0.0,0.0,0.0019381615188691,0.0006566893585576,0.306297171629378,0.0,0.0,0.0,0.0,0.0,0.0,0.0047876075023498,0.0,0.0019383145898313,0.0,0.0,0.0,0.0,0.0,1.06536523825424,0.0,0.138022495363381,0.0,0.001228347158882,0.0,0.0,0.0,0.0,0.0,0.0,0.0136854553816905,0.0077181681127523,0.0,0.0065149433385576,0.0,0.0274010180359637,0.0,0.0441761097511202,0.0,0.0,0.566317789674753,0.0,0.230240330748159,0.0,0.0,0.428726804576694,0.0081886143435695,0.0,0.0011523858828566,0.0,0.0,0.0,0.0165098597626657,0.0,0.0,0.0107904849842655,0.0157655057458093,0.0007733325348637,0.0,0.0,0.0,0.0,1.28049950902056,0.0,0.0,0.0190519839720666,0.0,0.0,0.0,0.0,0.0,0.0573064550186389,0.0,0.0,0.0267972626200594,0.0222279759262676,0.0154009507270835,0.0579293010404117,0.0012009504391719,0.0030932501801764,0.102223750931789,0.0,0.0,0.0,0.0,0.0,0.0,0.0,0.0022709025400874,0.0,0.0,0.0,0.0,0.0011868217766149,0.0,0.0076326860671813,0.0,0.0,0.0,0.0,0.0027490007071017,0.0,0.0027514033165918,0.0,0.0019002244228729,0.0,0.123552427421725,0.0809340941450155,0.12007512929148,0.097492687968716,0.0699324287202552,0.0076169533570865,0.0155234019417188,0.0014500791112721,0.0,0.0,0.0,0.0027581170575169,0.0,0.0,0.0,0.0735612505950596,0.0,0.0,0.0031951423340964,0.0,0.0,0.0,0.0,0.0,0.0457825550829407,0.0,0.0026842431370052,0.0037348238948994,0.0012482996576574,0.0,0.0,0.0073018034722421,0.0,0.0114316596561902,0.0017099612374457,0.0040834011620377,0.0006897163793783,0.0,0.0064030371236138,0.0,0.0,0.0069269157445771,0.0,0.0,0.0,0.0,0.0,0.0,0.0,4.91104722090827,0.0,0.0011608176421983,0.0,0.0,0.0,0.0,0.0,0.0011814812560637,0.0,0.0,0.0,0.0,0.0056057773199276,0.0015290061515315,0.0,0.0055945433587785,0.0,0.0,0.0008817562710294,0.0,0.1111827776173,0.610550874005803,0.0,0.0048737361402726,0.0,0.0,0.0,0.0,0.0,8.57630303955307,0.0273232215502669,0.0059427343389586,0.0231838450185829,0.0,0.0,0.0,0.0,0.0,0.0,0.0,0.0,0.032740951882341,0.0,0.0,0.0012289233490835,0.0037259648107375,0.0453969197297818,0.0,0.0,0.0006930191744655,0.0,0.0025004807163613,0.0,0.0,0.0,0.0,0.0067292693434483,0.078862693143361,0.0,0.0454462390470991,0.0,0.0,0.0,0.0,0.0,0.0,0.0014804128039272,0.0879623728412736,0.0,0.0,0.0,0.0,0.317520442115829,0.0,0.0684278285279114,0.0,0.0,0.0,0.0,0.0,0.0,0.0,0.0,0.0321624267220684,0.0160243364663978,0.0,0.0009903344645065,0.0,0.0137153956738444,0.0,0.026787424693123,0.0,0.0372109596112893,0.173904380836584,0.0,0.652186780384907,0.0,0.0,0.256957978196466,0.0062908997994049,0.0,0.0020215771897243,0.0,0.0,0.0,0.0210036352071004,0.0,0.0,0.0103153854003832,0.0016956908702025,0.0011157072550794,0.0,0.0,0.0,0.0,0.0507160812246192,0.0,0.0,0.0084908642284293,0.0,0.0,0.0,0.0,0.0,0.0045496770474219,0.0,0.0,0.0347372906530673,0.0141646548567414,0.0181774255524618,0.0,0.0,0.0,0.0,0.0,0.0,0.0,0.0,0.0,0.0,0.0,0.126069491571526,0.0,0.0,0.0,0.0,0.0,0.0,0.0058055631207695,0.0,0.0,0.0,0.0,0.0,0.0,0.0,0.0,0.0009256773916755,0.0,0.0,0.0768202916899337,0.0224596956517969,0.0286866584975581,0.0727985936757172,0.0353980676402587,0.0112547869645013,0.0090452014381265,0.0014060367500099,0.0,0.0,0.0045790944038815,0.0,0.0,0.0,0.0572783767928159,0.0,0.0,0.0,0.0,0.0,0.0,0.0,0.0,0.0349615289375157,0.0500545214830984,0.0034300397328349,0.010506001054812,0.0025055656173002,0.0,0.0,0.0042254992573822,0.0,0.0,0.0006364264493419,0.0,0.0,0.0,0.0789965455177547,0.0
PH,0.0,0.239272122512913,0.275136169166244,0.0290458796161292,0.0,0.321030790578643,0.0,0.0,0.0,0.0671754433671742,0.0,0.0,0.0,0.0,0.017909823418668,0.0316836018048575,0.0,0.0057303233104435,0.0,0.0082773465439777,0.0010231851054899,0.0008658271056312,0.0070693564524142,0.108005698434385,0.0606337426496701,0.0,0.0,0.0,0.0,0.0,1.11082060417239,1.1357422315902,0.0,0.0,0.0,0.0025252761499157,0.220389539823775,0.0,0.0,0.6436872293841,0.0059787224902809,0.242832146807959,0.0173780579833781,0.0,0.0,0.0515624872174256,0.0048902700149259,0.0009898864949706,0.0,0.0247609606431742,0.0,0.0,0.0,0.0,0.0384613904543543,0.0,0.0,0.0052083093933751,0.253122844899775,0.0,0.0,0.0634800793884599,0.875496942642707,0.0,0.169444698117853,0.0,0.0277779777608826,0.0,0.129702250538621,0.0024767768832318,0.0,0.0,0.0,0.0964889635876081,0.330219424166498,0.0109866389241479,0.0,0.0179126518436145,0.0765126835456194,0.028223063689789,0.0527815343080819,0.0,0.0,0.0,0.0,0.0304592801070134,0.0328202936005554,0.0,0.0,0.0040462910690086,0.973590986923944,0.372541416400798,0.0,0.0045326882766084,0.036330130585161,0.137683757932776,0.358915834100381,0.0,0.0590634814481145,0.191913889051395,0.0034951534203504,0.455981222041286,2.47528019404254,0.0223441234206362,0.609965685550715,0.0246651937639895,0.086870706083304,0.800483458006821,0.0340272066061485,0.0515756705538725,0.0,0.0644147739643165,0.0052078591264876,0.0256001978121568,0.0371244485369078,0.110064146467235,0.0,0.0,0.0475665279397473,0.0305561942674107,0.0,0.0,0.0012070030318911,0.0,0.0,0.0234819849106239,1.38155712652998,0.0,0.0,0.0,0.0069589128807795,0.0,0.0008758611098642,0.0,0.254772491045314,0.0038518371217767,0.0,0.0230232982940657,0.0,0.0,0.0,0.080573023510979,0.0878370248687349,1.52754570268959,0.0,0.0,0.12865947658034,0.0,2.45906052856205,0.0607024976417693,0.0,0.095182352275386,0.0,0.0825477018226688,0.0,0.100280931270034,0.0,0.0,0.0325752376124523,0.0,0.424309175311623,0.0,0.0,0.0,0.0,0.0104222653033888,0.0,0.0,2.09445027200835,2.09555283459366,0.0,0.0,0.0,0.0,0.0088345274214002,0.0149678308611863,0.0,0.0009031545797088,0.0139648502854974,0.0,0.003708569279166,0.0298484424045322,0.18140463273701,0.0,0.0094077487488407,0.0,0.0,0.0,0.0,0.074596732995476,0.687103628610584,0.0,0.0,0.0,0.0025609927805815,0.0227363736478483,0.0317202712243695,0.0121429845788581,0.0,0.0,0.0,0.0,0.0496589280731425,0.0965709310346958,0.0249630799975677,0.0,0.0,0.216757042502482,0.0015610246698394,0.0204625648026382,0.0446552119443874,0.165271188859748,0.0,0.0,0.137046024852178,0.0,0.0,0.0,0.0761193709417845,0.0,0.0,0.0,0.0,0.0118077667012534,0.0008025284215173,0.719097535428886,0.0,0.0,0.0071594646248797,0.0,0.0,0.0029365120753277,0.0173203004551168,0.0307055030944598,0.0,0.0,0.002759443371684,0.0,0.0,0.218341120320735,0.171131865017975,0.0,0.0,0.0,0.0,0.156032253055259,0.0,0.0,2.74328588738451,0.0038530667054099,0.207936175458821,0.131896606962058,0.0,0.0,0.0206797168735584,0.0017992617678311,0.0,0.0,0.0027239655752624,0.0,0.0011104045810267,0.0,0.0,0.0019760481895218,0.0,0.0,0.005560192957952,0.0146359882886749,0.0,0.0,0.0137249225510184,0.555911569650128,0.0,0.154225176241201,0.0,0.0,0.0,0.0,0.0272451352924975,0.0,0.0,0.0,0.0295898230240092,0.0553167332268789,0.0007503817491496,0.0280425887354631,0.0337439902048029,0.0092870199487862,0.0034245311441739,0.0,0.0,0.0,0.0,0.0,0.0584178291307769,0.0039739839076944,0.0,0.0,0.0,0.593828071404219,0.0593663844769836,0.0,0.0,0.0118095013931094,0.0652714702855089,0.105882901181201,0.0,0.0085291494983234,0.143492229498264,0.0078224065766842,0.172925639450782,0.749793828645303,0.117464465138541,0.0719084411011038,0.0058574769078257,0.0,0.508685726802913,0.0436030924149229,0.0177130944840748,0.0,0.0171492777490711,0.0026562650811462,0.0029993659645674,0.0026559021299134,0.033863488437179,0.0,0.0,0.0,0.035361902926867,0.0,0.0,0.0,0.0,0.0,0.0292959712579254,0.246386863963034,0.0,0.0,0.0,0.0010746579155898,0.0,0.0008027536104675,0.0,0.094033914467708,0.0021576355562429,0.0,0.021783863774652,0.0,0.0,0.0641028488472191,0.0233023402638897,0.0041277604373573,0.531103426449829,0.0,0.0,0.0,0.0,0.402285856605711,0.0618784660893471,0.0,0.0544313936923394,0.0,0.0072843022221449,0.0,0.0224636006617668,0.0,0.0,0.0043115787783191,0.0,0.149896559382514,0.0,0.0,0.0,0.0,0.0,0.0,0.0815766654296897,0.0,0.546853635964111,0.0,0.0006525066187518,0.0009162439903119,0.0,0.0008412639159916,0.001458525204924,0.0,0.0,0.0018950826659817,0.0,0.0013738085425103,0.0106856320534401,0.203131472084266,0.0,0.0084927101691837,0.0,0.0,0.0,0.0,0.0011248658263195,0.109835301881805,0.0,0.0,0.0,0.0031685119519923,0.0083391285074277,0.0032092698288214,0.0014542478727474,0.0,0.0,0.0,0.0,0.0066981136904935,0.0,0.010006367846485,0.0,0.0,0.141414773205655,0.0
PIR,4.02551634452754,0.0598574299924665,0.0,0.0138126917158916,0.0097174990961326,0.0,0.0,2.1203832350334,0.661105547896109,0.0,0.0,0.0,0.000899577034672,1.05839877079308,3.25895730293287,0.0059812173638199,0.179760574023528,0.0,0.0084035256527368,0.0898646867513963,0.0016266199195599,0.695501701062661,0.440355431046955,0.0170272975577689,0.188032365842059,1.18021681506727,0.0,0.0,0.0330665380308228,0.0453408208744161,0.0,0.155339190556863,0.0,0.0,1.52670715419846,0.060924721141378,0.0453143436264637,0.0109806010094708,0.0,0.0,0.0603105652138999,0.110524458877315,0.011224725474774,0.0,0.0202211592096448,0.332784081431626,2.22585054637229,0.55436900578439,6.04115247526571,0.0259152961420515,0.0,0.0064719716195,0.0,13.5952554800581,0.030660824682696,0.0,0.0,0.602845519658382,2.32501444030761,0.0170391665489149,0.0074669073292577,0.0007163223430053,0.0576919059045281,0.0,0.0,0.0037422664880965,0.0,0.036835362485046,3.87240582822165,0.0448688711312922,0.0185139295402874,0.0,0.0,0.0125891358913894,0.0249440312042916,0.0,0.0,0.0,0.0486406948255416,0.0,0.0,2.49279708123884,0.0337640469507271,0.0,0.0264279190747226,0.006989283673636,0.159509496896438,0.709382119216101,0.0,0.0726320170364372,0.0,0.226369607244228,0.0,0.0018510086508717,0.0584646416159085,0.0,0.0,0.0457465882476592,0.0017683600193712,0.0281364504567235,0.0193813267046048,0.210942631161209,0.0,0.0150870891379481,0.0,0.0421174865642366,0.0,0.0186775656163477,0.0625726246812202,0.220396039260099,0.283122467068976,0.390742296968451,0.524935390812257,0.0204730500761766,10.6864829893095,0.0114498830788468,0.0,0.0,0.0225369417820825,0.0259383334590963,11.063611864968,0.0180959887391879,0.05438633146588,0.0022263522746194,0.0,0.0,0.0,18.358547127132,0.0401263312084523,0.0,0.071482559513496,0.0,0.252530127544165,0.0200077512610144,0.0,0.0,0.0039045478773899,0.0013774946478055,0.004103603634268,0.0,0.0,0.0,0.0629468342305951,0.0,0.127982049399586,0.0,0.0,0.0007372057020033,0.0,2.42824342531184,0.0,0.0151967767804357,0.0,0.0098448476834276,0.0061081098778152,0.0,0.0,0.0,0.0,0.0083666408470081,0.0,0.0989406583336586,0.0214583128573414,0.0,0.0,0.0108933542693853,0.0,0.602324686320298,0.0,0.133481661510151,0.0,0.0101536932619759,0.0,0.0,0.0263849273380625,0.0146108524756836,0.0,0.0026166489864356,0.0,0.0,0.0130896673252844,0.0478440891698599,0.0,0.0,0.0,0.0,2.35376710665714,0.0,0.0,7.67386340157032,0.0,0.0,0.0,0.022889939584606,0.0,0.270612263946157,0.0650956805796151,0.0,0.012652252421569,0.0046276660105807,0.0544942377132794,0.0093569931777118,0.0160202335198309,0.0139440560174852,0.0,0.0225793413515953,0.0,0.0130262259969624,0.0,0.0,0.0409969599383595,0.0,0.0046468827833402,0.0041722694064301,0.0,0.0,0.0,0.0,0.0,0.0,0.0,0.0,0.0,0.831657709488006,0.0016192065230718,0.0505818040342838,0.0,0.0,0.0652441197491831,0.0,0.179558013632794,0.0332582099298723,0.0061297722987969,0.0422078812945684,0.0,0.0032802029638021,0.0,0.0127653284842767,0.0,0.0,0.0673525512818817,0.0,0.0,0.031815148582726,0.0097598265926659,0.0585847512940181,0.005068461727474,0.0,0.0,0.0204759626561101,0.0107461218642048,0.0049793958692986,0.0090381722728771,0.0,0.0,0.207644515921475,0.0,0.281339599848299,0.0,0.0,0.0032589948813302,0.0,0.0,0.0042276206321699,0.0,0.0,0.0920981571663404,0.0,0.0049647591974382,0.0019119195529706,0.0015654514220602,0.0,0.0,0.0,0.0009562146799883,0.0,0.0178209558945723,0.0,0.0273523058857821,0.0079549957744681,0.0,0.0,0.0049017232426962,0.0,0.0,0.0,0.0,0.0136219315756026,0.0007508419294443,0.0,0.0,0.0065989934839512,0.0,0.0124487696771615,0.006270367925472,0.0055540914627761,0.652739503910199,0.0,0.0254617661770766,0.0,0.0606956708820173,0.0,0.0032506174408206,0.0651766161096698,0.0,0.0,0.0239162565930653,0.0008283638446016,0.0089311288281385,0.0089297598613613,0.032425372638349,0.0,0.0133240848200794,0.0,0.0264662467814656,0.0,0.0140890483836038,0.0169253515682699,0.0515472680553631,0.0248194555216167,0.166962923658768,0.0,0.0,0.0,0.0051435118831108,0.0107371589022444,0.0,0.0049117574209622,0.007381064017141,0.0,0.0062833449522294,0.037997954810762,0.0,0.0,0.0,0.0,0.178137960556706,0.0715179591533582,0.0197127577057955,0.0509370470846039,0.0,0.0857373535744561,0.0,0.0,0.0143721131074391,0.0007871690463442,0.0013064853721964,0.0010938789977387,0.0,0.001533242634041,0.0,0.0,0.0,0.0314321983704554,0.0,0.0,0.0,0.0,1.88710699320613,0.0,0.0040595969350853,0.0,0.0034641424778089,0.0010428698637525,0.0,0.0,0.0,0.0,0.0034554377456422,0.0,0.0093192918277136,0.0088057783969363,0.0,0.0029120969138262,0.0047923375553489,0.0,0.119109799476667,0.0,0.0410593389944479,0.0,0.0063995350193122,0.0,0.0,0.047236519843278,0.0054580864858461,0.0,0.020450021790888,0.0,0.0,0.0139604561260247,0.0485233243363754,0.0,0.0,0.0,0.133130922822412,0.0,0.0,0.0,0.0,0.0,0.0,0.0,0.0204380520032461,0.0,0.106970250236664,0.0163292960429753,0.0019783062606668,0.0015572208439026,0.002763975295969,0.0147647505774116,0.002348440239652,0.0,0.0,0.0,0.0153764227952787,0.0,0.0,0.0
PL,0.109109729249159,1.90600467319779,0.0,0.0,0.0,0.0,0.264575108472599,0.0,0.178687394176639,0.0,4.70502185665965,0.0,0.0,0.0,0.0836964168553758,0.0042784472426379,0.0,0.0165752747784261,0.0016428451423387,0.178902536581536,0.225370944907184,2.76032450769467,0.0,0.0,0.0332382149451629,0.240430746027402,0.0,0.0,0.0022870698539544,0.0,6.1288525422043,0.0210159101015728,0.930917992929234,0.0,0.0,0.0071554112245123,0.0281098594154733,0.0,0.0009917803030293,0.0,0.0065517753310047,0.0094973089320165,0.0,0.0,0.0023267977124081,0.0,0.37241166932325,0.0,0.0,0.0384095832574586,0.0,0.0,0.408104518095735,0.208054882726982,0.426124555155097,0.0,0.0,0.0495077433238863,0.0,0.0011262825762822,0.000798041289238,0.0,2.38974459664194,0.541159997119995,0.0035728365405012,0.0,0.0,0.0,0.0,0.0,0.005926723950895,0.0,0.0,0.0,0.0,0.0493178402719743,0.0681007932363342,0.0,0.0,0.0,0.0616488785210304,0.0,0.0,0.736198392583241,0.0,0.0,0.0,0.0,0.0,0.0009519845839582,0.827255953561756,0.0304556764230351,0.0,0.012728034474655,0.148050191783349,0.0,0.0,0.0,0.0,0.0219381953799429,0.0011496767747118,0.161318867450952,0.0557299025905818,0.0006614118870057,0.381951453524963,0.0008125512885099,0.0,0.0,0.0024962449037587,0.487517037708886,2.04698600952719,0.753561073783817,0.0,0.0471027291544115,0.0277949981549503,0.0,0.0,0.0,0.0016386830327419,0.0010067488147881,0.0,0.0,0.0027040768019309,0.0,0.0,0.0010896175545327,0.0,0.0041393789768341,3.53864421450192,0.0,0.0120229032004918,0.215055925481382,0.004869123383597,0.0,0.0014529506033074,0.0056740173713019,0.0,0.0,0.0,0.0,0.0,0.0,0.0553255025601861,0.0,0.231045008709655,0.0,0.0,0.0,0.0,0.857549447197566,0.0,0.0,0.0,0.210616064679218,0.0,0.0562818558052966,0.162301756543205,0.0,0.0,0.0,0.0656687158402383,0.0756725882837219,0.0,0.0,0.0,0.0,0.0,0.0,0.0,0.0,0.0,0.0,0.0,0.0,0.0385613846043912,0.0659122077994935,0.001134942929065,0.0066222925864572,0.0459491675539541,0.0,0.0280016729923884,0.0164273752288749,0.010785213414808,0.0,0.0,0.221891129181508,0.0,0.0,0.0,0.170996671550641,0.0,0.0,0.173853361173918,0.0017633075949536,0.0,0.177778870322329,0.0329759801421242,0.31509733182215,0.0580405037831903,0.0,0.0,0.0634379503250615,0.301049513869502,0.0,0.0,0.0,0.0,0.0827411465583965,0.0,0.0145099744547873,0.556402860264407,0.0,0.0,0.0,0.0,0.0790540759637344,0.011891373830806,0.3399240964999,0.0,0.0,0.0,0.0,0.0041616237593529,0.0036720670374412,0.0008605449351957,0.0,0.0,0.0,0.0343424036239533,0.0,0.215233685619195,0.0,0.0,0.0017795586215163,0.0,0.0,0.0,0.0007647644812229,0.0,0.0,0.0,0.0342131054701043,0.0017822470203907,0.0,0.001704147644296,0.0452711299573706,0.0,0.0,0.0307250047717966,0.00698465166792,0.0025294620281847,0.0018589682583887,0.0,0.0015409220807003,0.0,0.029729584764594,0.0,0.0,0.0,0.0,0.0,0.115289946689653,0.0076096946561705,0.0,0.0,0.0,0.0,0.0,0.0018771308439983,0.0009977806297193,0.0,0.0632369924905974,0.198608107560303,0.0,0.0,0.0,0.0,0.0,0.0,0.0,0.0,0.0,0.0,0.0,0.0,0.0012732573052251,0.0006354936755415,0.0,0.0,0.0,0.0,0.0,0.0,0.0,0.0,0.0,0.0324720261456243,0.0,0.0027766274632047,0.0,0.0036288723714369,0.0007330323770667,0.0,0.0482878535321676,0.0,0.0,0.0,0.0,0.0056527857042236,0.0,0.0,0.0,0.0,0.0407703444001578,0.0006999650033044,0.0,0.0,0.0048670901255498,0.205877004312389,1.20772751904799,0.0,0.0,0.0,0.0,0.0006253347304151,0.0,0.0,0.0,0.0,0.126634843212803,0.0008823559560435,0.0009398319304821,0.0,0.0,0.0,0.0,0.0,0.976360780107122,0.0,0.002298076928603,0.0,0.0008892765023446,0.0,0.0096198163191314,0.0032479389849137,0.0,0.000680885006384,0.0,0.0,0.0,0.0,0.0183929230740749,0.0,0.0117959281252792,0.0,0.0,0.0,0.0,0.793052120565661,0.0,0.0,0.0,0.0087787385565196,0.0,0.0006308912642967,0.0022788819594632,0.0,0.0,0.0,0.0,0.0079009003587203,0.0,0.0,0.0,0.0,1.8525820861906,0.0,0.0,0.0,0.0,0.0,0.0,0.0,0.0021443539662677,0.0041440727111111,0.0,0.0009476623544859,0.0,0.0,0.002017261512161,0.020119411845562,0.0014661283986674,0.0,0.0020949398982278,0.0472775061287021,0.0,0.0,0.0049835877769142,0.0103455925555995,0.0,0.0,0.0,0.0049747872215938,0.0,0.012076135938282,0.0016925452602534,0.0087668161009214,0.0068577538955337,0.0,0.0,0.0017428606146065,0.0,0.0,0.0,0.0009550756373256,0.0,0.0131996674157056,0.0
PMd,0.0,0.0039647747491861,0.0312057131726454,0.0034302539893748,0.0,0.124343728533079,0.0,0.0,0.0,0.0021852495173021,0.0,0.0,0.0,0.0,0.0014598069288514,0.0,0.0,0.0,0.0,0.0,0.0,0.0,0.0018012100552313,0.0190925204611078,0.0139404371690705,0.0,0.0,0.0,0.0,0.0,0.0141281709785504,0.0,0.0,0.0,0.0,0.0,0.0437535759559484,0.0,0.0,0.0,0.001318626706786,0.0871047505409403,0.0,0.0,0.210799590177599,0.0061503776320544,0.0025511229721475,0.00580714603494,0.0,0.005054075721772,0.0,0.0,0.0,0.0,0.0,0.0,0.0,0.0032502040753716,0.0251058442826328,0.0,0.0,0.0,0.111868870482651,0.0,0.0052518714188305,0.0,0.0,0.0,0.0011529554166747,0.0,0.0,0.0,0.0210757204550239,0.0009873569970979,0.0541558799600287,0.0,0.0,0.0,0.0,0.0038422985433183,0.0039364743577446,0.0,0.0,0.0,0.0,0.0,0.015716433317031,0.0,0.0,0.0010635003793954,0.0552961322981711,0.240353193000799,0.0,0.0,0.0,0.0271534599403179,0.019052994871235,0.0,0.0,0.0957357912726613,0.0,0.0947187746561023,1.40731546081681,0.0,0.160762043178836,0.0,0.0,0.0372542702870145,0.0014574452850554,0.0,0.0,0.001342749930979,0.0,0.0156639200070322,0.0072150348333101,0.0,0.0,0.0,0.0,0.0,0.0,0.0,0.0,0.0,0.0,0.0008015230390119,0.0,0.0,0.0,1.11065930777578,0.0,0.0,0.00060889487486,0.0,0.0122199115699563,0.0035565074915105,0.0,0.0,0.0,0.0,0.0,0.0098294915024496,0.0,0.237504128918957,0.0,0.125196446094175,0.0,0.0,0.134202821345986,0.0085490377328663,0.0,0.0,0.0058814902331226,0.0007327054106851,0.0,0.0058148733453855,0.0,0.0,0.0,0.0,0.0210078625055771,0.0,0.0,0.0,0.0,0.0,0.0,0.0,0.243831549013554,0.124096341651052,0.0,0.0,0.0,0.0,0.0,0.0,0.0,0.0,0.0,0.0,0.0,0.0,0.0,0.0,0.0,0.0,0.0,0.0,0.0,0.0155465125899606,0.198029863863118,0.0,0.0,0.0,0.0,0.0,0.0,0.0,0.0,0.0,0.0,0.0,0.0,0.0275457194094333,0.0,0.0,0.0,0.0,0.0,0.0,0.0,0.0226664863981167,0.0,0.0,0.0707917438746769,0.0,0.0,0.0,0.0024332875632363,0.0,0.0,0.0,0.0,0.0015308835605009,0.0,0.0,0.0,0.0,0.0,0.0,0.0,0.0007608194328481,0.0065500955829266,0.0057235898393915,0.0,0.0,0.0,0.0,0.0,0.0088637549546693,0.0,0.0,0.0,0.0,0.0,0.0195825782663731,0.0,0.0,0.0094795767810152,0.0006098780118956,0.0488233058469577,0.0,0.0,0.0161092271446837,0.0035591571399326,0.0009649468173831,0.0012537552565938,0.0,0.0024687117453999,0.0,0.0,0.0,0.0,0.0,0.0,0.0,0.0,0.0044061964673193,0.0,0.0,0.0,0.0848162418214213,0.0,0.0032197874211867,0.0,0.0,0.0,0.0,0.0,0.0,0.0,0.0,0.001448915581486,0.021626586501875,0.0,0.0,0.000772474033069,0.0,0.0,0.0,0.0,0.0,0.0,0.0,0.0,0.0024322991064875,0.0,0.0,0.0,0.0618708774812107,0.012174040176413,0.0,0.0,0.0,0.011454466868144,0.0007628455749537,0.0,0.0,0.0804250313522475,0.0,0.0381371889652135,0.460255272273422,0.0,0.02993797854685,0.0,0.0,0.0223158071692953,0.0011236833259309,0.0,0.0,0.0006943688287398,0.0,0.0018569698997836,0.0,0.0,0.0,0.0,0.0,0.0,0.0,0.0,0.0,0.0,0.0,0.0,0.0,0.0,0.0,0.0721619190405508,0.0,0.0,0.0,0.0,0.0050879336384558,0.0,0.0,0.0,0.0,0.0,0.0,0.0018833914781486,0.0,0.356689287789411,0.0,0.0,0.0,0.0,0.174931915911342,0.0024616001207894,0.0,0.0,0.0,0.0,0.0,0.002220515657527,0.0,0.0,0.0,0.0,0.0,0.0,0.0,0.0,0.0,0.0,0.0,0.0,0.300240473583039,0.0356337193433423,0.0,0.0,0.0,0.0,0.0,0.0,0.0,0.0,0.0,0.0,0.0,0.0,0.0504609030716631,0.0,0.0,0.0,0.0,0.0,0.0,0.0065116292263591,0.0945749530397419,0.0,0.0,0.0,0.0,0.0,0.0,0.0,0.0,0.0,0.0,0.0,0.0,0.0,0.0,0.0,0.0,0.0115665745297332,0.0
PO,0.0,0.0799814839591145,0.0,0.0,0.0,0.0,0.0009668186223982,0.0,0.0,0.0008734560927033,0.0,0.0,0.0,0.0,0.0,0.792662679803316,0.0410931247524031,0.0,0.0108226732648836,0.0123769251376072,0.0,0.0,0.0,0.0,0.0,0.0,0.0,0.0,0.0,0.234281790544261,0.0,0.0,0.0,0.0,0.0,0.0,0.0,0.0,0.0,0.0,0.0,0.0,0.0012187200564169,0.0,0.0,0.0797455373103397,0.0064030922444176,0.031300659744376,0.0,0.0,0.0,0.0006159908070622,0.0403042638227328,0.0044478106696502,0.155857046445579,4.50879016481635,0.0018100614400673,0.0933274329420697,0.0,0.0,0.0,0.0804336528219769,0.0018502120557603,0.0,0.0,0.0,0.0,0.0,0.0099281724410723,0.0425186857105697,0.0160043100421738,0.0,0.0,0.0,0.110492406301929,0.230202634629605,0.0,0.0,0.0,0.0,0.0,0.0,0.0012692213238393,0.0022085576769575,0.0,0.0,0.0,4.28006592779796,0.0,0.0010491225716207,0.0,0.0,0.0,0.532178906535804,0.245109654245166,0.0,0.0,0.0,0.0550043316670443,0.0,0.0191775099695204,0.0,0.0,0.0,0.0,0.0,0.23451431665863,0.0,0.0055001970123075,0.167851331174655,0.0,0.0751541478653378,0.0,0.0,0.0,0.0,0.0,0.0,0.0214095675417182,0.0,0.0,0.287437750778414,0.0,0.0049451322899568,0.0,0.0,0.0,0.0,0.0144741144573975,0.0,2.3103310423871,0.0,0.0,0.0,0.0,0.0,0.0,0.0042434259311539,0.0,0.0,0.0089878796272348,0.0,0.313281530853017,0.0,0.0,0.0,0.0,0.0,0.0636429295085322,0.0,0.0700982950719336,0.0,0.0,0.172604811229213,0.0564632329158926,0.0793725603875981,1.48344843768194,0.0,0.104311952178445,0.0,0.0,0.0006256867019283,0.0,0.0,0.066744925265869,0.050220923140307,0.0,0.0695158867253106,0.0,2.48577006811298,0.0,0.0,0.0,0.0084639770787771,0.395954407602956,0.0,0.605178037212725,0.787635358285133,0.278429931747595,0.5855198841737,0.394265725357855,0.0,0.0,0.0,0.0,0.0512497283810028,0.0,0.0,0.0,0.0,0.0,0.0,0.0,0.0,0.0,0.363279151246196,0.413472633588788,0.305644844561335,0.0156045028079007,0.013452659427625,0.0,0.0,0.0250473376849583,0.0,1.46164648459393,0.0020560239211986,0.0,0.0,0.0,0.0,0.0,0.0,0.0,0.0,0.0,0.0424346494332704,0.0,0.0,0.0,0.0,0.0,0.0,0.0,0.0,0.0040466951201258,0.0,0.0,0.0,0.0,0.0,0.0,0.0,0.0,0.0,0.0,0.0,0.0,0.0,0.0,0.246551228103424,0.0018298727090062,0.0,0.0,0.0,0.0,0.0,0.0,0.0,0.0,0.0,0.0037300404768593,0.441374126723645,0.0,0.0,0.0,0.0,0.0,0.0,0.0,0.0,0.0331561386432328,0.006045033111218,0.0,0.004114349696483,0.0,0.0038366763477944,0.0169098437047025,0.0,0.0,0.0,0.0009791797350072,0.0,0.0,0.0972751091648845,0.0241607221264674,0.0,0.0,0.0,0.0,0.0,0.0,0.0,0.0,0.0008430461541133,0.0,0.0,0.0,0.0,0.0,0.0,0.0,0.0,0.0,0.0128106765803874,0.0,0.0,0.0,0.0,0.0,0.0,0.0,0.0,0.024963611814248,0.0224723099395291,0.0,0.0,0.0094025414217621,0.0065035249829493,0.0,0.0,0.0,0.0,0.0,0.0,0.0,0.0,0.0237153158492784,0.196029845876431,0.045429751739958,0.0,0.0105634241542483,0.0,0.0,0.0,0.0,0.0,0.0,0.0196909323644329,0.0,0.0,0.0,0.0,0.0,0.0,0.0026221619008434,0.0,0.0,0.0,0.0,0.0,0.0,0.0,0.0,0.0,0.0,0.0,0.0,0.0,0.0,0.239288049190351,0.0,0.0,0.0,0.0,0.0,0.0,0.0,0.0372446774680677,0.0,0.0048053774056861,0.0,0.0,0.0,0.0,0.0,0.0264217400424516,0.0,0.0065694380526057,0.0,0.0,0.0,0.0,0.0,0.0431701424166123,0.0031918947080301,0.0,0.181926103882217,0.0,0.0720584920791527,0.004397460758982,0.0592517788354592,0.227257009694058,0.107721823937677,0.0,0.0,0.0136234671840819,0.0,0.0,0.0,0.0048437424165575,0.0010335743670041,0.0,0.010168706696237,0.0,0.0,0.0,0.0,0.0,0.0,0.0,0.0,0.0,0.0,0.0029244482904652,0.0228123107705324,0.0,0.0,0.0,0.0,0.0,0.0,0.0010482443310273,0.001109670494372,0.0,0.0,0.0,0.0,0.0
POL,0.0132478924419779,0.0418605177093447,0.0,0.0,0.0,0.0025935163962338,0.0,0.0,0.0,0.0041714492483607,0.0,0.0043146955624806,0.0,0.0,0.0,0.0419755401007884,0.0,0.121199846348462,0.122517436509347,0.0967957736409627,0.0033744342423601,0.0,0.0,0.0,0.0,0.0,0.0,0.0035622006515472,0.0,0.0,0.0,0.0,0.0,0.0,0.0,0.0,0.0,0.0,0.0,0.146329077766378,0.0,0.040213327847655,0.0,0.0,0.0,0.0,0.0075908128635252,0.0023589103461408,0.0,0.0,0.0,0.0,0.0024396973144236,0.0,0.0072019770109764,0.0,0.0008157998096675,0.0,0.0054000378729265,0.0,0.185430612821669,0.401536308668318,0.0136304453937667,0.0,0.0144844995094891,0.0,0.0,0.0,0.0648222937300255,0.0,0.0,0.0,0.0,0.0,0.0045485966134622,0.0138297193813355,0.0,0.0,0.0,0.0,0.0,0.0,0.0020130888398042,0.0,0.0,0.000823478490551,0.0,4.42809554917184,0.0,0.028885033063459,0.0054236102000097,0.0,0.0,0.0079997675571224,0.0106718972708056,0.0,0.0,0.0,0.0515175804145252,0.0,0.0,0.0,0.0,0.109057602868197,0.0,0.0012614733395448,0.343720945592145,0.037050497977058,0.0034668422012471,0.0070206591020112,0.0,0.0010041809610743,0.0,0.0,0.0,0.0,0.0,0.0,0.0019133573973476,0.0,0.0,0.0019845805892088,0.0,0.0,0.0105090906224917,0.0,0.0,0.0,0.0024295594553475,0.0,0.0053587287757222,2.69775875760475,0.0,0.0,0.0484843028732467,0.0,0.0,0.0054346489911587,0.0,0.0,0.0084340905565939,0.0,0.0729198091163682,0.0387741351234964,0.0,0.0,0.0,0.0,0.38740326784787,0.0006833440566255,0.0,0.0,0.0,0.139749708220392,0.0148932141590845,0.0252789062803309,0.0093503152439763,0.0,0.0646993010616805,0.0593798865277971,0.0,0.0,0.0,0.0,0.0305348436013527,0.0241483669323667,0.0,0.0209066166851321,0.0175652411655452,0.0,0.0,0.0,0.0,0.001837662811872,0.0465380465909489,0.0155216582701457,0.007731952782978,0.0200095340738699,0.0564449936915239,0.0143366949589996,0.0114085181236226,0.0031500367209139,0.0,0.0,0.0,0.0733701470466146,0.0,0.0015174280204147,0.0,0.0,0.0,0.0,0.0,0.0,0.0,0.0182705782185605,0.389767355035411,0.0879619895666134,0.0347854589295446,0.0116637402359432,0.0,0.0584135444397284,0.0036111851887449,0.0287731114359845,0.0104284046722204,0.0,0.0,0.0,0.0,0.0039383448790565,0.0,0.0,0.0,0.0,0.0,0.0,0.0,0.0009196610076707,0.0129540588353811,0.0,0.0,0.0,0.0,0.0,0.0014145126020747,0.0,0.0,0.0,0.0,0.0,0.0,0.0,0.0,0.0,0.0,0.0,0.0,0.0,0.0,0.009096993529218,0.0557686189138774,0.0,0.0,0.0,0.0,0.0,0.0,0.0070204831395561,0.299837269677533,0.0,0.0215340915843805,0.122716198626148,0.0,0.0,0.0,0.0,0.0,0.0,0.0,0.0,0.0,0.0,0.0,0.0,0.0,0.0,0.0,0.0,0.0,0.0026372396902032,0.0115024905625522,0.0,0.0,0.0867561715957971,0.005607470726216,0.0,0.0,0.0,0.0,0.0,0.0,0.0,0.0,0.0007800160552966,0.0,0.0,0.0,0.0,0.0,0.0,0.0,0.0039824479643963,0.0,0.0040889509016427,0.0019211192672591,0.0,0.0,0.0,0.0,0.0,0.0006195259686119,0.0,0.0,0.0,0.0,0.0,0.0,0.0059374351492362,0.0,0.0006426301739412,0.0,0.0,0.0338973421818706,0.006601137324596,0.0,0.0519809400885231,0.0065485351249244,0.166498305635764,0.0,0.0,0.0,0.0,0.0,0.0,0.0032346792475505,0.0,0.0,0.0,0.0,0.0,0.0,0.0,0.0026927359858216,0.057715757518139,0.0146584185558898,0.0,0.0,0.0,0.0,0.0,0.0,0.0,0.0,0.0076240526414085,0.0,0.0,0.0007916197044396,0.0,0.0,0.0093946367886402,0.0,0.0,0.0037986121877507,0.0,0.0,0.0,0.0,0.222711381480492,0.0,0.0,0.0,0.0,0.0,0.0,0.0,0.0,0.0,0.0066256688333737,0.0019802781399525,0.0,0.0,0.0,0.0,0.0021278382931408,0.0,0.0,0.0195426983205783,0.0,0.0605473896869085,0.0039888090358198,0.0114282722523165,0.0423436236153665,0.0,0.0,0.0,0.0,0.0,0.0,0.0,0.0,0.0006916457876359,0.0,0.0,0.0143425514052387,0.0,0.0,0.0,0.0,0.0,0.0,0.0,0.0,0.0,0.002528094479469,0.0,0.0,0.0,0.0,0.0,0.0,0.0,0.0,0.0064028050038275,0.0017645653969318,0.0,0.0,0.0,0.0
POST,0.0,0.117722261710985,0.0,0.0015283884091744,1.12823742211617,0.0,0.0,0.0,0.0,0.0,0.0,0.0,0.0,0.0017458072906731,0.0,0.0010985852533041,0.0,0.0076167141098666,0.0236023842040775,0.0008057656258282,1.10324600515727,0.0751319534789017,0.0,0.0011358708339598,0.231336331374759,0.0,0.0,0.0,0.002771049616615,0.0,1.01259994839552,0.0110842831438222,0.0,0.0060149352853493,0.0,0.0,0.009339053965384,0.0014654992696097,0.0022040332094759,0.0,0.0580282332902953,0.0041143637909262,0.0024857113402827,0.0264464261795748,0.0083705075370555,0.0782002746735121,0.181563762414472,0.12645535804683,0.0,0.0540018527513198,0.0,0.0,0.0,0.0123963348101534,0.0028433975087426,0.000929421797812,0.0,0.0777917005471052,0.0,0.0014259545553342,0.0019682333256624,0.0043701579052425,0.0,0.0,0.0,0.0008065606937951,0.0020439888022193,0.0074887659464816,0.0,0.0038403731440655,1.93357631656894,0.0,0.0,0.0,0.0,0.0,0.0,0.0,0.0099430011831113,0.0,0.0,0.0,0.0061680871478113,0.0,0.0041604222998871,0.0083149228491689,0.0,0.0125407045857295,0.0,0.002119434733755,0.0,0.028729309144765,0.0012946490921426,0.0,0.0148302338032795,0.0,0.0,0.0,0.0,0.183169768195718,0.0015153468448012,0.229349697471438,0.0,0.0039441292681372,0.0113467682576143,0.0114823540277617,0.0130781649993176,0.0,0.0019650925785306,0.0,0.0012506877143317,0.0077079551945873,0.0,0.0,0.0,0.0,0.0158372663899949,0.0,0.0009810520728252,0.0029881260920632,0.377562022537597,0.0,0.0054903808499739,0.0,0.0,0.0050169928165102,0.0,0.0,0.0043513454591715,0.0,0.0038736250550143,0.0,2.35876778938898,0.0,0.0,0.432729691409711,0.0009932966101766,0.0009729687404357,0.0010747607262472,0.0,0.0,0.081233022568561,0.230228179377476,0.0,0.0,0.0,0.0,0.0,0.0,0.445895954576287,0.0,0.0,0.0,0.212842657782071,0.0574560621365569,0.956195402462765,0.0,0.0,0.0,0.0,0.0,0.0,0.0015843086140107,0.0,0.0,0.0,0.0,0.0,0.0,0.0,0.0,0.0015116746675527,0.0,0.0,0.0038117443416147,0.0032840737569065,0.0,0.0,0.0,0.0,0.0024885319889335,0.010139749203294,0.0058033946806185,0.0,0.0030806318153971,0.0,0.0073005727259951,0.0,0.223811443212912,0.0,0.0,0.0,0.124033678689388,0.0047085609013125,0.0,0.0091981489708071,0.291661598231143,0.399726944551041,0.153473655053264,0.0349316255599497,0.0,0.0946357175794501,0.0,0.0,0.0,0.0,0.0,0.0,0.0,0.0,0.0151961986460869,0.0,0.0026346872692445,0.0,0.0,0.0,0.0,0.0,0.0,0.0,0.0,0.0,0.0088280765393687,0.0,0.0030741087986391,0.0,0.0,0.0060205438347552,0.0,0.0010939200812471,0.0057495411749912,0.0188304482544288,0.0036282410091059,0.0199097980155962,0.0,0.0,0.0,0.0160339242278507,0.0870003060224687,0.0,0.0461805188311274,0.0,0.0169559869654244,0.0,0.0028392495842352,0.0066715122146701,0.0034741138494766,0.0,0.0,0.0332470311592151,0.0,0.0403557211966204,0.0767112585498341,0.0,0.0,0.0043325975740017,0.0,0.0093391671292784,0.0,0.0,0.0022296196517044,0.0095380145121985,0.0021174741995968,0.0065427189965211,0.0,0.0,0.109555875381515,0.0,0.0080022528647518,0.0123429776707863,0.0086634329710971,0.0,0.0,0.0,0.001451120642465,0.001118450297207,0.0099968866178277,0.0261798205166127,0.0230751321062348,0.0060657528882855,0.0,0.0,0.0,0.0,0.0,0.0040642103190371,0.0,0.0239839205139975,0.0,0.0,0.0046597761545578,0.0246123651000725,0.0,0.0075335927843357,0.0,0.0,0.397740001292737,0.0,0.0102683919119942,0.0,0.0481357310868058,0.0026783375544734,0.0,0.0043757745473054,0.0,0.0,0.0,0.0053307466781151,0.148734011330071,0.0047110806646859,0.0056425356135368,0.0,0.0036524153474156,0.0007286856761228,0.0223917957010661,0.02403851945559,0.0126142030986771,0.01843229952785,0.0011014222399182,0.0,0.0013142811273841,0.0007916818117982,0.0,0.0,0.002527114006734,0.013318974224226,0.0,0.0009321952713062,0.0041637501426955,0.0223622659011827,0.0109713060325947,0.0182840801637859,0.0,0.0,0.0194699463994541,0.0,0.0006342527949968,0.0046943848360384,0.0438342577365493,0.0202866847967409,0.0,0.0641782403663549,0.0,0.0056757021173101,0.0138078735134754,0.0065893802883742,0.0014646245334482,0.0046277817717723,0.0,0.0032590340698944,0.0,0.0775811142899093,0.0,0.0394839623358991,0.0,0.0,0.0007175524940931,0.0,0.248738885576183,0.0,0.0,0.0,0.013584045010213,0.0,0.219642065608102,0.0032760298409063,0.0,0.0024683667714885,0.0,0.0427317430635367,0.0,0.005280871030407,0.0,0.0,0.0022564253245014,0.0,0.0,0.0,0.0105949459330863,0.0006283675193647,0.0064522440817846,0.0171476794475028,0.0020698107229907,0.0008514542353023,0.0,0.0,0.0006694023296894,0.0036935855898642,0.0097135424562019,0.0069530819579865,0.0367292959852466,0.0,0.0,0.0008816168725538,0.0067658181682098,0.000745319193079,0.0,0.0128008531733054,0.0,0.0,0.0,0.0,0.0226093380930548,0.0,0.0,0.032080608614957,0.0201999178385251,0.0067926310261193,0.0105500056798335,0.0761200995146443,0.0240331837040421,0.0076081870350944,0.0017818035539011,0.0,0.0063107148458264,0.0,0.0,0.0009124275309032
PP,0.0,0.004465563441388,0.0,0.0,0.0,0.0,0.0,0.0,0.0,0.0007192173757824,0.0,0.0025845508250848,0.0,0.0,0.0,0.0,0.0,0.050598957559813,0.0553794923502273,0.0133116835771811,0.0008608358693887,0.0020268273308643,0.0,0.0,0.0,0.0,0.0049373878291898,0.00318786577398,0.0,0.0,0.0,0.0,0.0,0.0,0.0,0.0008909206860474,0.0,0.0,0.0079716316937056,0.0441495255576007,0.0051358687596948,0.0182824615192155,0.0,0.0,0.0,0.0,0.0018866748478883,0.0023795403917959,0.0,0.0,0.0,0.0,0.0,0.0,0.0132511641061582,0.0,0.0,0.0,0.0,0.0,0.0244660967687726,0.0494900677739093,0.0066631806318245,0.0,0.0014719060787164,0.0,0.0,0.0,0.566443106450503,0.0,0.0,0.0,0.294298586502303,0.0,0.002082970923945,0.0,0.0,0.0,0.0,0.0,0.0009201034710432,0.0,0.0,0.0,0.0,0.0,0.0,0.435403619001315,0.201932121303921,0.0,0.0,0.0008760112093357,0.0,0.0,0.0008355679207902,0.0007181475115762,0.00111821758381,0.0,0.0067088896890517,0.0013365537331143,0.0,0.0,0.0,0.0151038704512963,0.0,0.0,0.0110949630434196,0.004969818399532,0.0028325547656489,0.000776212506368,0.0,0.0,0.0,0.0,0.0,0.0,0.0,0.0,0.0,0.0,0.000880510822213,0.0,0.0,0.0,0.0,0.0,0.0,0.0,0.0,0.0,0.0,0.105213193037665,0.0,1.05535767174762,0.0152924677754337,0.0,0.0,0.0,0.0,0.0,0.0,0.0,0.0,0.0346298873693155,0.0,0.0,0.0,0.0,0.10651450685366,0.0,0.0,0.0,0.0,0.0155823063090202,0.0,0.0082195494615817,0.0006316852220874,0.0,0.0130035636923756,0.0254968577182293,0.0,0.0,0.0,0.0,0.0245847891427923,0.0031329564400507,0.0,0.008445287169424,0.0101109212888623,0.353467827980661,0.0,0.0,0.0,0.0,0.0110255278260318,0.0014524015958819,0.0,0.0,0.0042763659155048,0.0,0.0043695829371408,0.0,0.0007576421200897,0.0,0.0030766232911616,0.0286513554711404,0.0,0.0,0.0,0.0,0.0,0.0,0.0010747727551687,0.0,0.0,0.0049208757540186,0.106008454401723,0.0150027283775734,0.0290120272421708,0.0022029779573791,0.0,0.0154363739519368,0.0,0.0076949950212185,0.0,0.0,0.0,0.0,0.0,0.0,0.0,0.0,0.0,0.0,0.0,0.0,0.0,0.0,0.003183335376356,0.0,0.0,0.0,0.0,0.0,0.0,0.003008940719778,0.0,0.0,0.0,0.0,0.0,0.0,0.0,0.0,0.0,0.0,0.0,0.0,0.0,0.0,0.0007411758522645,0.0,0.0,0.0,0.0,0.0,0.0,0.0123965165261994,0.0316146133883281,0.0,0.0082539603284634,0.0020429517116232,0.0,0.0,0.0,0.0,0.0,0.0,0.0,0.0,0.0,0.0,0.0,0.0,0.0,0.0,0.0,0.0,0.0,0.0029326825863058,0.0043252522597621,0.0,0.0,0.0117242154267994,0.0,0.0,0.0,0.0,0.0,0.0,0.0,0.0,0.0,0.0,0.0,0.0,0.0,0.0,0.0,0.0,0.0,0.0,0.0,0.0,0.0,0.0,0.0,0.0,0.0,0.0,0.0,0.0,0.0,0.0,0.0,0.0,0.0,0.0007683432566278,0.0,0.0,0.0,0.0,0.0009892646768966,0.003335739317626,0.0,0.0130984411393716,0.0007505456698859,0.0014617392050134,0.0,0.0,0.0,0.0,0.0,0.0,0.0,0.0,0.0,0.0,0.0,0.0,0.0,0.0,0.0,0.0,0.0008379275221385,0.0,0.0,0.0,0.0,0.0,0.0017341649164079,0.0,0.0,0.0091961699991216,0.0,0.0,0.0,0.0,0.0,0.0,0.0,0.0,0.0057776165607499,0.0,0.0,0.0,0.0,0.0975255385169385,0.0,0.0,0.0,0.0,0.0,0.0,0.0,0.0,0.0,0.0042398402367993,0.0046548786374913,0.0,0.0,0.0,0.0,0.0,0.0,0.0,0.0,0.0,0.0034333715937613,0.0,0.0,0.0,0.0,0.0,0.0,0.0,0.0,0.0,0.0,0.0,0.0,0.0,0.0,0.0,0.0,0.0,0.0,0.0,0.0,0.0,0.127697440890192,0.0,0.0,0.0,0.0,0.0,0.0,0.0,0.0,0.0,0.0,0.0,0.0034942122424682,0.0,0.0,0.0,0.0,0.0
PPN,0.147621828806649,0.0975650165582628,0.0132675926097992,0.0013764617719491,0.0,0.01036803736333,0.0135995588357934,0.0,0.0,0.0,0.0,0.0,0.0015789177736216,0.0,0.0,0.0,0.0,0.0519419337090902,0.0215683435060845,0.0242110457625606,0.0,0.0,0.0,0.0367879032009085,0.0,0.0,0.0,0.0749047358674584,0.0,0.0,0.564090077833006,0.0,0.0,0.0,0.0,0.0043856643576132,0.0346163220093456,0.0,0.221583936876587,8.6077579110733,0.0,0.228651697073258,0.144675314291789,0.0,0.0,0.0,0.0,0.0,0.0,0.0,0.0,0.0022189974140172,0.0,0.0214303062493863,0.0510584257587163,0.570063214206844,0.0520546857196806,0.0,0.0,0.0,0.199041901184158,0.457036736020572,0.0289321284725314,0.0,0.0,0.276687443660425,0.0,0.0026088400982087,0.64823704881853,0.083523345804269,0.0,0.0,0.0,0.0,0.0443257769902276,0.0071380979091451,0.0183608745213015,0.024920230335383,0.0,0.0,0.004808589336771,0.0,0.120236123365374,0.0,0.0,0.114713590804891,0.0060897987853824,0.168608864071197,0.0,0.0073298263901082,0.0,0.0029630188067128,0.0,0.0325189671051194,0.0482784562109786,0.0,0.0566802235924172,0.0,0.295476463247619,0.0,0.0582786778084018,0.0,0.0,0.772776453260324,0.0,0.0040410535149732,0.170204487043192,0.0,0.0548399725213167,0.0591701398997828,0.0,0.0843172644241303,0.0,0.0,0.0013299771719079,0.227797579291803,0.0,0.0369468709327706,0.13471849522114,0.114457105729718,0.0114917040662158,0.0,0.0062021194352269,0.0,0.101915415434158,0.12006826442137,0.0,0.0,0.178686165688374,0.0,0.0029521978053052,0.0,0.0,0.0,1.38096821846624,0.0,0.0,0.185305304015736,0.083705556612359,0.0,0.0867005765554729,0.0,0.110608989328257,0.308726978675627,0.0,0.0,0.0,0.0,0.488371117664298,0.0,0.0,0.0,0.0,0.0244589918699201,0.0,0.0018601957661827,0.0007612879486487,0.0,0.206849227406656,0.0297635187124987,0.0,0.0056508199794526,0.0077310991477278,0.0086559130827549,1.21777816814921,0.16000191603684,4746.5847521993,0.0122476080540567,0.0010262820742345,4.50888198925498,0.0,0.0072552986976237,0.014868840939704,0.0279071099230098,0.0195684756298687,0.0314538206793296,0.0062708115081202,0.001093178313052,0.0555593292130568,0.0,0.0186581563625059,0.0,0.0,0.0,0.682006597652233,0.0412278833400299,0.0,0.0315324867852281,0.0,0.0,0.0112335439081122,0.0,0.0,0.0,0.0,0.0468706567047153,0.150022920200509,0.010479637233964,0.0,0.0,0.0038714825899124,0.0,0.0449122006599882,0.0043239722965816,0.021514333001707,0.0,0.0,0.0,0.0,0.0043725404614924,0.0057374203578029,0.0106730219203675,0.0,0.0,0.0027885895044646,0.0,0.0,0.0,0.200766872249148,0.0,0.0,0.0,0.0,0.0,0.0,0.0,0.0012059152397173,0.0,0.0,0.0,0.0,0.0,0.0016684316415933,0.0,0.0,0.0,0.0,0.0,0.0,0.0522187957721747,0.520639901037877,0.0,0.0,0.0,0.0,0.0821968251423273,0.0,0.240625358569609,3.70707909028895,0.0,0.0734895108510708,0.143065892689354,0.0009586960541777,0.0,0.0,0.0,0.0,0.0,0.0,0.0,0.0160485888232094,0.0,0.0,0.0,0.0260716751021158,0.0215316300547236,0.0,0.0008367791280257,0.0,0.010990406118359,0.0462185813974309,0.0,0.0,0.280178449052624,0.0063927435413326,0.0,0.0,0.0,0.0,0.0,0.0,0.0,0.003069498621088,0.0007982396297858,0.0,0.0012669636185434,0.09144714239343,0.0,0.0,0.000945171550939,0.0,0.0402643021477962,0.0,0.0155753014995825,0.125223203369374,0.0,0.010803246479587,0.0,0.0,0.0037647349431288,0.0,0.0,0.0041048083323319,0.0118979824466342,0.0,0.0030971451501006,0.0,0.038388871491254,0.0,0.0106057537702473,0.0,0.40701721971897,0.291383416671597,0.0021799233734426,0.0084350070042855,0.0,0.0,0.17114916386097,0.0437598616214624,0.0,0.0924493637867947,0.0062506671354431,0.0,0.0,0.0161832649564959,0.0,0.0058566056579984,0.0,0.0,0.0,0.0,0.0,0.0,0.736246305902987,0.0702062652603909,0.0,0.0,0.0512840452507611,0.0,0.0,0.0,0.0,0.0,0.121186150391776,0.0,0.0,0.0638340928784984,0.0263499127939236,0.0,0.0833249364462156,0.0,0.0139028180996071,0.0249253588171308,0.0,0.0,0.0,0.0,0.11139442389626,0.0007224566474122,0.0,0.0263696793373199,0.0,0.0,0.0,0.0,0.0,0.0,0.0504568804877644,0.0,0.0,0.0,0.0,0.0,0.228504133601134,0.0010200801569102,0.0,0.0036347435033506,0.0,0.0,0.0,0.0323797857854796,0.112962025395293,0.0074524259446351,0.0016792171926011,0.0,0.0,0.0,0.0061088640106717,0.0,0.0012476035759899,0.0,0.0007614772942785,0.0,0.0964662846232946,0.0,0.0,0.0258793090686228,0.0,0.0,0.0091784719074195,0.0,0.0,0.0,0.0176467090879737,0.0008677511756583,0.0083168248243258,0.0,0.0,0.0,0.0,0.0,0.0015973167489758,0.0,0.0040603312088525,0.0,0.0,0.0430203064266088,0.0
PRE,0.0,0.0146104122454007,0.0,0.0,2.68551156586897,0.0,0.0,0.0,0.0,0.0,0.0,0.0,0.0,0.0,0.0,0.0,0.0,0.0045474730197286,0.0022467593043997,0.0035334913736032,0.235696152410357,0.038952351348149,0.0035681139193294,0.0,0.127412949308641,0.0,0.0515450681454219,0.0,0.0,0.0,1.60952534593532,0.0015202277681407,0.0,0.0,0.0008323344865286,0.0,0.0037026224287378,0.0,0.0,0.0036180192080907,0.0927872585470595,0.0024817576793406,0.0,0.0068238416951959,0.0006132285691145,0.0,0.102892278585753,0.52291446890192,0.0,0.166730853740322,0.0,0.0,0.0,0.0014598998593025,0.0,0.0,0.0,0.0279339427631538,0.0,0.000799254292926,0.0,0.0,0.0,0.0,0.011536639612099,0.0,0.0012551480504135,0.0011448510955365,0.0085792356180837,0.0,1.14704191838163,0.0,0.0,0.0,0.0,0.0,0.0,0.0,0.0067707394599633,0.0,0.0,0.0,0.0,0.0,0.0,0.000871181480775,0.0,0.0,0.0,0.0008288152271917,0.0,0.0137644852209405,0.0,0.0,0.0,0.0,0.0,0.0,0.0,0.355339718084786,0.0,0.202211695596525,0.0,0.0,0.0034745424969466,0.0,0.0027376856009373,0.0,0.0,0.0,0.0,0.0040696031607115,0.0,0.0130934180506935,0.0036810751454881,0.0,0.0943792892086164,0.0,0.0,0.0,0.178219793290303,0.0,0.0,0.0,0.0,0.0011661311842661,0.0,0.0,0.0,0.0,0.0,0.0,0.0467663597743524,0.0,0.0,2.50177892224723,0.0,0.0,0.0,0.0,0.0,0.054013417692469,0.0,0.0,0.0,0.0,0.0,0.0,0.0,0.2367283931081,0.0,0.0,0.0,0.122085159139619,0.0,0.279148393979697,0.0,0.0,0.0,0.0,0.0359426048784956,0.0,0.0,0.0,0.0,0.0,0.0,0.0,0.0,0.0,0.0,0.0,0.0,0.0,0.0,0.0,0.0,0.0,0.0,0.0,0.0,0.0011459610207253,0.0029126433877356,0.0,0.0,0.0242920970200995,0.003674688789532,0.0,0.0,0.0,0.0,0.0,0.005562059747011,0.0,0.0,0.0092497045535042,0.0101009335640278,0.061524701039472,0.0456419523638445,0.0340581316445063,0.0,0.0129831788263232,0.0,0.0,0.0,0.0,0.0,0.0059482171869473,0.0,0.0,0.0026308069524743,0.0,0.0006196504130242,0.0,0.0,0.0,0.0,0.0,0.0,0.0,0.0,0.0,0.0021018275845474,0.0,0.0013771453182783,0.0,0.0,0.0010274423251063,0.0,0.0,0.0,0.0071319447624225,0.0006522887337686,0.0018745231475734,0.0,0.0023727309321766,0.0,0.0045907992500055,0.040731180324024,0.0,0.0173444169501977,0.0,0.0061907998890159,0.0,0.0011130657477398,0.0034022712772782,0.0006463786745308,0.0,0.0,0.012918856330899,0.0,0.0047180973728859,0.0106026902904027,0.0073871472208143,0.0,0.0037551141917328,0.0119841104246094,0.002799636309659,0.0,0.0,0.0,0.0021184852392572,0.0044361957787528,0.002483222713489,0.0,0.0,0.0295033210533775,0.0,0.0045393100110539,0.0066227380407182,0.0024099865226485,0.0,0.0,0.0,0.0,0.0,0.0062538411428239,0.0179343504973809,0.0025534308533943,0.0049546317144573,0.0,0.0,0.0,0.0,0.0,0.0,0.0,0.0057174615147423,0.0,0.0,0.0,0.0052743503768216,0.0,0.0034035399868815,0.0017959166276538,0.0,0.0893914698550563,0.0,0.0044634278432895,0.0,0.0180547786294228,0.0006676837455637,0.0,0.0,0.0,0.0,0.0,0.0,0.308154175127629,0.0007341692303899,0.0,0.0,0.0030153272790184,0.0,0.0038333406437819,0.0017454320227106,0.0006450083742844,0.0042867121561174,0.0,0.0,0.0,0.0,0.0,0.0,0.0,0.0,0.0,0.0,0.0006145971558033,0.0,0.0030143813105812,0.0041551531428071,0.0,0.0,0.0015766812903465,0.0,0.0,0.0026962072971,0.0100428247916281,0.0043020276171839,0.0,0.0461122731191022,0.0,0.0012693625574662,0.436445213343998,0.0,0.0,0.0007140228361121,0.0,0.0,0.0,0.0033032272854004,0.0,0.0159121155820187,0.0,0.0,0.0,0.0,0.194196607029845,0.0,0.0,0.0,0.0039640836500016,0.0,0.0209049093781869,0.001411682174458,0.0,0.0,0.0,0.0151049746277944,0.0,0.0007441167872738,0.0,0.0,0.0,0.0,0.0,0.0,0.0,0.0013212021360278,0.0020983518963339,0.0006869190870583,0.0,0.0,0.0,0.0,0.0,0.0,0.0041403265514017,0.0016280059428174,0.0090987339567462,0.0,0.0,0.0047685556126757,0.0024800719883344,0.0,0.0,0.0,0.0,0.0,0.0,0.0,0.0087020422151521,0.0,0.0,0.0093089955036297,0.006964136469068,0.0,0.0020873651326816,0.0154741941096638,0.0,0.00117786956621,0.0,0.0,0.0047819143138617,0.0,0.0,0.0
PRM,0.0,0.0,0.0016206560187497,0.0021892144641536,0.0,0.0,0.0,0.0058685169224859,0.0,0.0,0.0,0.0237051384216145,0.0079807019560564,0.0,0.0008052017065407,0.0013208072080587,0.0,0.0,0.0013990373782507,0.0006463149733841,0.00152810892822,0.000830034245149,0.0,0.0039871190150079,0.0012465920249483,0.0091023258432872,0.0,0.0,0.0098077721356473,0.0637896521720251,0.0,0.0,0.0,0.000919486001803,0.0,0.0031956258261611,0.0101238534454539,0.017464525017413,0.0,5.22480921277023,0.0114655693539557,0.0,0.0230963676434102,0.0130767111093144,0.0302847094843966,0.0,0.0016944900967455,0.0007830757665297,0.0,0.0,0.0,0.0867229871180393,0.0043505893418342,0.0,0.0152750411892778,0.0,0.0064794013753981,0.0,0.0,0.0,0.009992362098323,0.0,0.0,0.0059229569327303,0.0,0.17904296301094,0.0,0.0166715241136079,0.0,0.0,0.0011455702486225,0.0,0.0,0.0,0.0,0.0,0.0028181484916331,0.0978414851943484,0.0096684076525425,0.0,0.0032073571952373,0.0,0.0,0.0026596792396676,0.0030285561258813,0.0,0.0008106702012479,0.0,0.0,0.0,0.0,0.0010259778806191,0.0007307171436651,0.0,0.0,0.0,0.0,0.0293097729873664,0.0,0.0,0.0,0.0,0.0,0.0,0.0,0.0,0.0,0.0,0.0682927289745915,0.0011017335070078,0.0,0.0,0.0,0.0025758900045679,0.0,0.0011565534497253,0.003657907729319,0.0,0.0979230285404003,0.0,0.0056014543973629,0.0057727195764306,0.258231922137945,0.0,0.158345771090348,0.0061751893626817,0.0,0.0008339769625118,0.0006670458277699,0.0083640498330827,0.0024670156882762,0.0,0.100570665970968,0.0032581754125326,0.0,0.0092973788367174,1.58670137761121,0.0,0.0,0.0,0.87028628132434,0.0,0.0057410675951276,0.0,0.0,0.0155920991615721,0.0006628319788165,0.0061313176769175,0.0,0.0,0.0,0.0,0.0,0.006419058484221,0.0117668227679208,0.0,0.0,0.0,0.0,0.002550528529286,0.0,0.0,0.12343270063907,0.0,0.0,0.0,0.0,0.0,0.0,0.0,0.008597992606085,0.0,0.578598570634722,0.683633880837659,0.0,0.0022868624764396,0.002013642921919,0.0,0.0,0.005680493857922,0.0035013280123143,0.0008181611336263,0.0,0.0,0.0,0.0,0.0,0.750444447823239,0.0,0.0,0.0,0.0,0.0,0.0008307466689773,0.0,0.0,0.0330373420444372,0.0,0.0013770567981417,0.001477351854395,0.0227059727817334,0.0,0.0056750117923195,0.0022186523026902,0.0068913769844666,0.0019862667886537,0.0,0.0148368404692329,0.0,0.0,0.0,0.0015876311011975,0.0007495903767175,0.0,0.0,0.0,0.0007940993949049,0.0,0.0,0.0,0.0055984686805084,0.0,0.0,0.0024681107902253,0.0015947515635783,0.0,0.0,0.0007544772731084,0.0,0.0027921171843095,0.0,0.0009708144863732,0.0031531898601686,0.0,0.0239715339096111,0.0,0.0,0.0251061234701834,0.0649042942290743,0.0,0.0,0.0,0.0007894462803339,0.0,0.0020749285600164,0.0587032630962211,0.0049937960847402,0.0,0.0868721474068308,0.0161582368312215,0.0,0.004875976652904,0.0108550352775122,0.0064297958228445,0.0,0.0010003908126128,0.0,0.0,0.0,0.0,0.0962776015075612,0.002067510785695,0.0,0.0084492345617818,0.0,0.0,0.0,0.0,0.0031272884107384,0.0135783238669535,0.0,0.0,0.0057556011033394,0.0,0.0007184056901714,0.0,0.0188122647999993,0.0031485136019044,0.0,0.0040531276173908,0.0,0.0,0.0,0.0,0.0,0.0013596238650984,0.0441628763737447,0.006558587221208,0.0,0.0,0.0,0.0061540594076208,0.0007750705517352,0.0051340813204172,0.0578112698031934,0.0,0.0040893979125588,0.0,0.0,0.0,0.0093565604860439,0.0,0.0013400841253941,0.0010348577608801,0.0,0.0,0.0,0.0,0.0,0.0,0.0,0.0,0.0,0.0012327815735745,0.0,0.0723090723308273,0.0,0.0109306438862323,0.0,0.0,0.0,0.0019533809272356,0.0,0.0,0.0,0.0016455606378863,0.0017627015003027,0.0286796440138994,0.0,0.0071728422981463,0.004538791273351,0.157555848978001,0.0,0.0,0.0038444001991224,0.0,0.0,0.0022722101915737,0.004682211203103,0.0010323275849492,0.0,0.037210730926682,0.0,0.0,0.0088152216060698,0.006873172034668,0.0,0.0,0.0265186296521828,0.212909028142607,0.0,0.0029925507474485,0.0,0.0,0.0059539864118461,0.0021803114806046,0.0193482482265271,0.0,0.0038430163503124,0.0,0.0008704319125789,0.0047304433757108,0.0033616702995708,0.0034708346145458,0.0,0.0,0.0,0.0,0.0008476606161478,0.0,0.0,0.0,0.0,0.0,0.0018335290755526,0.0,0.0,0.0,0.0,0.0045315896491492,0.0,0.0487514531806767,0.158794635686963,0.00115090526685,0.0,0.0023455765343517,0.0,0.0,0.0078586020335783,0.0012874659292959,0.0,0.0,0.0,0.0,0.0,0.0,2.24879625426395,0.0,0.0,0.0,0.0,0.0,0.0026249435585268,0.0,0.0,0.0218145459243597,0.0,0.0,0.0007940048018958,0.0105849666715805,0.0,0.0027187434456412,0.0006055599520548,0.0,0.0024993476308354,0.0,0.0,0.0
PRNc,0.0960607285285615,0.0652618007783471,0.0,0.0,0.0,0.0,0.0,0.0,0.0,0.0,0.0,0.0,0.0,0.0,0.0,0.0534740544872853,0.0021813017654244,0.0443848538597019,0.0135777751224085,0.0,0.0,0.0,0.0,0.0218939627288708,0.0,0.0,0.0,0.0452128425004305,0.0,0.0,0.454504399074943,1.038869217079,0.0,0.0,0.0,0.0007679326001186,0.0448783996688648,0.0,0.0552516533366463,79.6129817790711,0.0007133531180658,0.14675423859288,0.0,0.0,0.0,0.0,0.0,0.0,0.0,0.0,0.0,0.115736587314539,0.0,0.0,0.0459890705435215,0.0,0.370637639044219,0.0,0.0207493220533304,0.0,0.321732056944497,0.29982441318203,0.0027765547921957,0.0,0.0,0.0046738280460592,0.0,0.0214544816267871,0.0,0.556519005738251,0.0,0.0,0.0,0.0,0.0678355026463567,0.0206991311257221,0.0172258602428363,0.0,0.0,0.0,0.0100070170463074,0.0,0.771291758304997,0.0,0.0,0.150910798584286,0.0078200435239907,0.0,0.0,0.0,0.0,0.0,0.0,0.0582929824303772,0.0838433804440896,0.0,0.0435275293958146,0.0,0.498802653879657,0.0,0.295609170806029,0.0,0.0,0.65468056435295,0.0,1.05450574643337,0.0069060613209225,0.0,0.112186682126604,0.0472577413710731,0.0,0.0077709813733726,0.0199040715460139,0.0,0.0,0.348513460604196,0.0,0.160901795586887,0.0646821313322563,0.275051988596124,0.0008113758739671,0.0,0.0,0.0,2.34615360686252,0.604431371398687,0.0,0.0,0.0480601654953224,0.0,0.0117096521526392,0.0,0.0,0.0,0.420086453967443,0.0,0.0,1.41944692840469,0.699325417685059,0.0,0.233362784668672,0.0,0.0459624774780299,0.0839377494421222,0.0,0.0,0.0,0.0,0.1322881264359,0.0,0.0,0.0,0.0,0.0055247891336885,0.0,0.0161817446464783,0.0074251177358988,0.0,0.178454098901118,0.0074487156825281,0.0,0.0,0.0,0.0259941418223645,0.637688717870623,0.0579014584624623,59631.1275568275,0.0058779277605183,0.0,2.96693578420676,0.0,0.0433624816447478,0.0353022453149289,0.0125925213953978,0.0478033578866748,0.0656010610901556,0.0068962668303167,0.0059197885203707,0.0337218768148828,0.0,0.0203389160549843,0.0319538434267154,0.0006679884129746,0.0,2.51807641791786,0.0029461109220188,0.0,0.195921293818452,0.0,0.0,0.0,0.0,0.0,0.332328377406853,0.0,0.0130132050053147,0.0633261423900214,0.0115105578245378,0.0,0.0,0.0,0.0,0.148556432126986,0.0043749159165298,0.0690612448937769,0.0,0.0,0.0,0.0,0.0,0.0367370588980574,0.0,0.0,0.0,0.0006331428983448,0.0,0.0,0.0,1.23892915977019,0.0,0.0,0.0,0.0,0.0,0.0,0.0,0.0,0.0014543244842564,0.0,0.0,0.0,0.0,0.0031834156247442,0.0,0.0,0.0,0.0,0.0,0.0,1.33970195411573,1.34733114713666,0.0,0.0,0.0,0.0028160343217815,0.0751582597315975,0.0,0.320201046187424,72.6796168544785,0.0,0.0316693877866454,0.756797070223855,0.0,0.0,0.0,0.0,0.0,0.0,0.0,0.0,0.427920580476382,0.0,0.0,0.0018503104023896,0.122460957939841,0.186645209032363,0.0,0.0030719720429582,0.001184815376727,0.0102941137957734,0.0365970202402226,0.0029944741195254,0.0,0.225339896669584,0.104238003242541,0.0,0.0,0.0,0.257235177017032,0.0,0.0,0.0,0.001705469031606,0.0065568162286076,0.0,0.0,0.282369961418302,0.0,0.0,0.0015385894706751,0.0009839920365909,0.293016078832097,0.0,0.306704896124411,0.0,0.0,0.0,0.0,0.0,0.0,0.0,0.0,0.124862891570973,0.113074182005351,0.0,0.0046772002907508,0.0,0.130940210464226,0.0,0.177061629646115,0.0,1.42406339613941,0.626255817592458,0.0,2.48949669648657,0.0,0.0,0.811123368369029,0.0874265653226983,0.0,0.021657843127214,0.008546133196068,0.0,0.0,0.0447008337923926,0.0,0.0470148845624756,0.0311132577130995,0.0,0.0,0.0,0.0,0.0,2.02827498980173,0.288070805058849,0.0,0.0,0.0531930974331822,0.0,0.0,0.0,0.0,0.0,0.0208604084202393,0.0,0.0,0.48334825712606,0.435188465269259,0.192333952572085,0.10284674991902,0.0,0.0,0.0092090524547956,0.0,0.0,0.0,0.0,0.003089152206633,0.0,0.0,0.01534161308752,0.0,0.0,0.0,0.008481522824433,0.0046342760167418,0.0,0.180076462329008,0.0,0.0,0.0047628815948241,0.0,0.0,0.192013219863903,0.0,0.0,0.0023531602562083,0.0,0.0,0.0296030922838974,0.0436835971048451,0.369590922486136,0.395820574177425,0.0889586732768623,0.0,0.105525766218559,0.0609041839711776,0.0092827476919228,0.00684544513604,0.0906449066682124,0.0,0.0,0.0,1.63343356949422,0.0006884837548577,0.0,0.0,0.0,0.0,0.0,0.0,0.0,0.526265384573334,0.47003071883636,0.027523643826768,0.0390423284661367,0.0080602418035413,0.0,0.0,0.0,0.0,0.0044714052070937,0.0,0.0,0.0006699334012823,0.0,0.0627725229818064,0.0
PRNr,0.0780703271774611,0.606141115571923,0.0,0.0046162267614747,0.0,0.0112616124547805,0.0,0.0,0.0,0.0,0.0,0.0,0.0,0.0,0.0,0.615557012267174,0.0,0.0973138947041097,0.0224895670537297,0.0,0.0027452139284525,0.0,0.0,0.0277782995181491,0.0,0.0,0.0,0.0218082271653377,0.0,0.0,0.501617360152294,0.0,0.0,0.0,0.0,0.0,0.31967419132986,0.0,0.0026674989621601,44.0254842861597,0.0033547670938645,0.180442365832277,0.0552263057765248,0.0,0.0,0.0,0.0,0.0,0.0,0.0,0.0,0.0060072445466176,0.0,0.0,0.0278348249622301,0.0,0.0815163332865339,0.0,0.0164846200257484,0.0,0.558569265610385,0.470185030512629,0.0714815303610075,0.0,0.0879477969235898,0.0286437199842142,0.141274234801559,0.0024962298583905,0.0,0.271243417714903,0.0,0.0,0.0,0.0199861384575277,0.104531619945057,0.131011026520988,0.0707521426455977,0.338000847325061,0.0,0.0,0.0207603270556671,0.0298905652593618,0.267291176688511,0.0,0.0,0.0981608492729586,0.0042834855628398,0.0,0.0,0.0006903149047967,0.0,0.0354478803552099,0.0,0.12614369254843,0.210636722069016,0.0,0.0626824232025548,0.0,0.568717473052509,0.0,0.156708799521378,0.0,5.58324489845282,1.04373692190515,0.0,0.147680487723259,0.174931023314384,0.0,0.0606365175102789,0.102638619743164,0.0,0.0832453183666995,0.0230811660765157,0.0,0.0,0.542252638919703,0.0,0.0274462050008312,0.120169208225103,0.0796874147418571,0.0053786876762489,0.0220048510838971,0.0014498789964644,0.519928950560801,2.1898813600112,0.270182909070735,0.0129541094069967,0.0,0.139099326216041,0.0,0.0646372353390055,0.0,0.0,0.0,0.079604575506938,0.0,0.0,0.49172106613494,1.47898377465458,0.0,1.05217480283809,0.0,0.478097201188704,0.447767982212765,0.0,0.0,0.0,0.0,0.177777140219814,0.0,0.0,0.20090493455174,0.0,0.284775058296074,0.0,0.224767350646447,0.0,0.0,0.388695889625423,0.0840350221620651,0.0,0.0,0.0017640482132704,0.0205247080091165,1.25909956671381,0.0,11765.253953614,0.0,0.531040753856476,5.67820960327847,0.0,0.0091112576345421,0.0096081541706383,0.0330932120523243,0.102413815065216,0.193012614735423,0.0106899178925376,0.013455176637241,0.280279357627136,0.0,0.0368151958327116,0.0656589078751378,0.0,0.0,1.17543729303221,0.0238635775209334,0.0,0.153025980318114,0.0069335656907043,0.0,0.0125132131690691,0.0,0.0,0.0,0.0,0.0285159611770736,0.290592933597443,0.0455643461265011,0.0,0.0,0.0,0.0,0.319913155064734,0.0014609629695472,0.151641622702326,0.0,0.0,0.0,0.0,0.0,0.0454818392595939,0.0967997128833747,0.0,0.0,0.0042057638151941,0.0,0.0,0.0,0.347510320894801,0.0,0.0,0.0013588641147743,0.0,0.0,0.0,0.0,0.0032532127313183,0.0,0.0,0.0,0.0,0.0,0.0,0.0,0.0,0.0,0.0,0.0,0.0,0.0481436630234601,1.66014746915452,0.0,0.0,0.0,0.0,0.43067998397596,0.0,0.655635615588205,53.1521641415425,0.0,0.0427600766821847,1.51930985917023,0.0,0.0,0.0,0.0,0.0,0.0,0.0,0.0,0.0827642013482498,0.0,0.0,0.0,0.0,0.0508277984071259,0.0,0.0,0.0,0.013050374415233,0.0415021678929908,0.0094550400381388,0.0,0.601923931252227,0.338931195331097,0.0,0.0,0.0,0.0088485022298671,0.0,0.0,0.0,0.0472524739926512,0.0054109246052296,0.0,0.0074858974452143,0.323350607312839,0.0,0.0,0.0016402632829762,0.0037161945725593,0.208028083464691,0.0,0.0848731507522741,0.0734736243247821,0.0,0.0026228560993501,0.0,0.0,0.0283382132263934,0.0,0.0,0.0098075354085215,0.0407550827720431,0.0,0.0010463803779032,0.0,0.0865741927993109,0.0,0.050841112694258,0.0,2.32676527339374,1.3889419614029,0.0,0.57843886538316,0.0020602880179192,0.0,0.404273877337332,0.0462536676355833,0.0,0.0236183701363091,0.0069903156589323,0.0,0.0,0.0538777886710126,0.0,0.0020999850530909,0.0,0.0,0.0,0.0,0.0021608699937021,0.0,2.02407075036245,0.200962688415045,0.0,0.0,0.0266368794744767,0.0,0.004437764075511,0.0,0.0,0.0,0.0143177797830848,0.0,0.0,0.438709953041203,0.439147468430228,0.0,0.367544621998132,0.0,0.0484247190046832,0.0349403836777619,0.0,0.0,0.0,0.0,0.0418379439827145,0.0,0.0,0.212019179838583,0.0,0.0072382606391584,0.0,0.0034253406887504,0.0,0.0,0.196875227329653,0.0,0.0,0.0037221517520393,0.0021951010294126,0.0,0.0982862796137639,0.0,0.0,0.0,0.0,0.179648541239216,0.0090346763675528,0.0391592594169228,0.19014095541634,0.261300829730861,0.0052841210167822,0.0123663844200856,0.0,0.001017092301113,0.0090348687729015,0.0,0.0037312080832523,0.0023428905415061,0.0,0.0,0.26201609099999,0.0,0.0,0.0548095741991933,0.0,0.0,0.0011685373434056,0.0,0.0006684856934147,0.0903096777291978,0.0593974632400367,0.0013719309637577,0.0125402277871915,0.0,0.0,0.0,0.0,0.0,0.0045913817216406,0.0,0.0,0.0095238858274989,0.0581268893077698,0.419488103589985,0.0
PRP,0.0,0.0014967794826051,0.0,0.0,0.0,0.0,0.0,0.0,0.0,0.0997710281551761,0.0,0.0,0.0,0.0,0.0,0.0,0.0,0.0019124130200454,0.0,0.0,0.0,0.0,0.0,0.0,0.0,0.0,0.0,0.0,0.0,0.0,0.0043907874920869,0.0590077550505754,0.0,0.0,0.0,0.0,0.005153173662504,0.0,0.0,10.5897758699545,0.0,0.0011281950361057,0.0,0.0,0.0014380724153352,0.0,0.0,0.0,0.0,0.0,0.0,0.0443264268173985,0.0,0.0,0.0,0.0,0.0421737005975821,0.0,0.0,0.0,0.0,0.0,0.0,0.0,0.0594419593191779,0.0014144886327623,0.0,0.0,0.0,0.114224590135164,0.0,0.0,0.0,0.0,0.0,0.0,0.0,0.0,0.0,0.0,0.0,0.0,0.0,0.0,0.0017902498441146,0.0,0.0,0.0,0.0,0.0,0.0,0.0,0.0,0.0032905330734418,0.0011764200357302,0.0,0.0,0.0,0.0014938008664459,0.0,0.186582187708327,0.0,0.131441742589344,0.0106874409199431,0.0,0.199682208550505,0.0,0.0,0.0438992625626719,0.0,0.0,0.0,0.0,0.0,0.0,0.0013169784908742,0.0,0.0062903457196859,0.0,0.0,0.0,0.0,0.0010030910248712,0.0,1.18641433419381,0.0116415988496776,0.0,0.0,0.0011924092600246,0.0,0.0,0.0,0.0,0.0,0.0,0.0,0.0,0.042726987572477,0.0167841537044028,1.03394685184994,0.006458679260809,0.0,0.0039145209155435,0.0014155623036036,0.0,0.0,0.0,0.0,0.0,0.0,0.0,0.0107048569510511,0.0,0.0015574188563926,0.0,0.0,0.0,0.0,0.0,0.0,0.0,0.0,0.0008212911253975,0.0,0.0,0.0,0.0,0.0,0.0,0.0140316031744416,0.0101433504291631,0.0108811683658641,0.00256346850478,0.0,0.0042548422268984,0.0076547351458417,0.0,0.0,0.0034222601244144,0.0,0.0,0.0,0.0,0.0,0.121797025616565,0.0,0.0,0.0,0.0,0.0,0.0,0.0,0.0,0.0,0.0063346850127572,0.0,0.0134706777183569,0.0006750134203532,0.0,0.0,0.0,0.0,0.0,0.0,0.000859768034781,0.0,0.0,0.0,0.0044942346248865,0.0,0.0014572987264867,0.0,0.0,0.0,0.0,0.0,0.0,0.0,0.0586299171342942,0.0,0.0,0.0,0.0,0.0,0.0,0.0,0.0011219818056496,0.0,0.0,0.0,0.0,0.0,0.0,0.0,0.0,0.0,0.0,0.0,0.0,0.0046451263803566,0.0603220245191843,0.0,0.0,0.0,0.0,0.0019316377902575,0.0,0.0010644083360967,2.083546328181,0.0,0.0014914757828484,0.0,0.0,0.0,0.0,0.0,0.0,0.0,0.0,0.0,0.0513627806735751,0.0,0.0,0.0,0.0,0.027978577999211,0.0,0.0,0.0,0.0,0.0,0.0,0.0,0.0050804145934154,0.0,0.0,0.0,0.0,0.218895145632499,0.0,0.0,0.0,0.0,0.0,0.0,0.0,0.0301408884534046,0.0,0.0,0.0,0.0,0.0344956498064067,0.0,0.0,0.0027242786576317,0.0,0.0,0.0,0.0,0.0,0.0,0.0,0.0023851187483729,0.0017544569560622,0.0,0.0,0.0,0.0,0.0,0.0602109043077957,0.0,0.0472074093818292,0.0096189293443899,0.0,0.596563862129692,0.0,0.0,0.0185870043912824,0.0,0.0,0.0,0.0,0.0,0.0,0.0,0.0,0.0,0.0,0.0,0.0,0.0,0.0018994666085593,0.0,0.477021131509891,0.0,0.0,0.0,0.0,0.0,0.0,0.0,0.0,0.0,0.0010269888064099,0.0,0.0,0.0106358672937894,0.0021129545165985,1.27383757911805,0.0014143485764265,0.0,0.0044480396043893,0.0020222792303498,0.0,0.0,0.0,0.0006102039388237,0.0,0.0,0.0,0.0041419921987843,0.0,0.0007073346431228,0.0,0.0,0.0,0.0,0.0,0.0,0.0,0.0,0.0,0.0,0.0,0.0,0.0,0.0,0.0,0.0,0.014406220787558,0.0016789380860596,0.0007403888787213,0.0,0.0024808948786459,0.0053316735315542,0.0,0.0,0.0035892520312699,0.0,0.0,0.0,0.0,0.0,0.0238182100194023,0.0,0.0,0.0,0.0,0.0,0.0,0.0,0.0,0.0,0.0039373956964613,0.0,0.00532562223005,0.0008433588592344,0.0,0.0,0.0,0.0,0.0,0.0,0.0,0.0,0.0,0.0,0.0066844556481982
PSV,0.001945834865478,0.0,0.0,0.0,0.0,0.0,0.0,0.0,0.0,0.0,0.0,0.0027020702610636,0.0010559837135274,0.0,0.0,0.0,0.0,0.0,0.0,0.0,0.0,0.0,0.0014978316472621,0.0,0.0,0.0,0.0,0.002949539978198,0.0,0.0071875173324462,0.0571804245781515,0.0,0.0,0.0012086327519756,0.0,0.0,0.0,0.0,0.0,58.1190708962731,0.003496551456925,0.0011415519233674,0.0,0.0,0.0,0.0,0.0,0.0,0.0,0.0,0.0,0.0014177438594245,0.0,0.0,0.0010463555679124,0.008749925967623,0.0,0.0,0.0,0.0030482342459921,0.0,0.0046700249599941,0.0034891993632471,0.0,0.054148688055574,0.114190444302429,0.0,0.0454077718491267,0.0,0.0355586074786583,0.0,0.0,0.0,0.0,0.0,0.0,0.0,0.0,0.0012054579197929,0.0,0.0,0.0,0.0,0.0,0.250020062071196,0.0,0.0,0.0,0.0,0.0,0.0,0.0020880960204169,0.0,0.0041727715502576,0.0047862097207888,0.0,0.0,0.0,0.0066946564951144,0.0,0.0039514369138804,0.0,0.0,0.196841805045588,0.0,0.0158117315222872,0.0,0.0,0.122341839886596,0.0008586090211956,0.0,0.0,0.0,0.0,0.0,0.0,0.0,0.0,0.0174613289322989,0.0024215038851983,0.0,0.0,0.0014568235229866,0.174976243267334,0.0,0.0,0.0,0.0,0.0,0.0013577528750811,0.0,0.0,0.0,0.0,0.0,0.0,0.0,0.0010101713178633,0.0,0.019691335503874,1.76712861905637,0.0,0.0,0.0007400440845383,0.0,0.0,0.0,0.0,0.0,0.0,0.0,0.0,0.0,0.0,0.0,0.0,0.0,0.0,0.001026464433706,0.0,0.0,0.0,0.0012446100250507,0.0,0.0192025311473297,0.0048123956387045,1612.99188844231,0.0,0.0,0.0010934043400821,0.0224859082036226,1.10982047438034,0.560788792652438,1.01441508424828,0.0134142035750617,0.0,0.0092339730331904,0.0011197117504105,0.0010413475409008,0.0026577614034675,0.0036714219333707,0.0,0.0,0.0380510243415199,0.0,0.0,0.0,0.0,0.0,0.0,0.0,0.0,0.0,0.0,0.0,0.0010634758314636,0.0053775276644411,0.001486848340542,0.0,0.0,0.001012748081471,0.0,0.0,0.0,0.0006391633334935,0.0,0.0,0.0,0.0675459184740226,0.0011152102565668,0.0,0.0,0.0,0.0,0.0,0.0,0.0,0.0,0.0,0.0,0.0,0.0,0.0,0.0,0.0,0.0,0.0,0.0,0.0,0.0,0.0,0.0,0.0,0.0038672340422763,0.0,0.0,0.0,0.0,0.0,0.310244384022641,0.020514876213819,0.0,0.0,0.0,0.0007488812699497,0.0018212480535494,0.0,0.0,12.52994154124,0.0010985955634969,0.0,0.0,0.0,0.0,0.0,0.0,0.0,0.0,0.0,0.0,0.0339473462430699,0.0,0.0,0.0,0.0031732491229638,0.0169632147558857,0.0,0.0007143065291419,0.0,0.0,0.0,0.0009594263024984,0.0,0.0735523928465122,0.0,0.0,0.0104602962034669,0.0,0.0059662561807963,0.0,0.0,0.0,0.0,0.0,0.0,0.0,0.0,0.0,0.0,0.0,0.0,0.0,0.0,0.088786244668851,0.0,0.0,0.0011496476138699,0.0,0.0,0.0,0.0028660040713094,0.0,0.0482279433819914,0.0143257886826687,0.0,0.0,0.0,0.0023789042912234,0.0,0.050028725331432,0.0,0.0,0.0,0.0,0.0,0.0,0.0047163025863193,0.122325671930658,0.0027176212847717,0.0,0.0,0.0,0.0,0.0,0.0,0.0,0.0,0.0065662761969862,0.0,0.0,0.0,0.0,0.0,0.0,0.0,0.0,0.0,0.0,0.0023546688371115,0.0028812874081554,0.0,0.0,0.0,0.0,0.0,0.0,0.0,0.0040550253010854,0.0,0.0933848699863793,0.0,0.0,0.0,0.0,0.0,0.0,0.0,0.0,0.0,0.0,0.09432834070957,0.0,0.0,0.0,0.0,0.0,0.0,0.0050616842082829,0.0,0.0,0.0,0.0,0.0,0.0,0.0,0.0,0.0,0.0,0.0,0.0,0.0014923215995621,0.0575947947724202,0.326441048990668,0.0967549167188912,0.0,0.104929201826318,0.081817490777986,0.0,0.0,0.0320292098936626,0.0,0.0,0.0393550353709922,0.0,0.0,0.0,0.130220591948536,0.0,0.0,0.0,0.0,0.0,0.0286265890518334,0.0,0.004088618866775,0.0082642497236633,0.0010549188071178,0.0,0.0,0.0,0.0,0.0,0.0,0.0,0.0079898593567502,0.0389080698591337,0.0112066659626548,0.0664157000078685
PT,0.0538630694215086,0.0,0.0854537501428556,0.0,0.0,0.114405102469421,0.0,0.0,0.0120583718727018,0.0013539100244027,0.0562346933782282,0.0,0.0,0.0,0.0062902789966122,0.0,0.0824258618749275,0.0,0.0,0.0045206116470167,0.0022371781641121,0.0018437776424174,0.007642419892642,0.0516025352903282,0.028025453806153,0.0112982251874394,0.0,0.0,0.0,0.0,0.35729105041153,0.0551918773779629,0.001085571962282,0.0,0.0,0.0,0.0551506978109832,0.0,0.0020287069048096,0.0839631553768302,0.0036856793103268,0.153095449243706,0.0,0.0,0.0,0.0233905697506492,0.0204034283924986,0.0338670714249376,0.0,0.0679942928972213,0.0,0.0,0.0,0.0,0.0104243175761901,0.113785552400822,0.0,0.0033710696120955,0.0280366025629129,0.0,0.0,0.0007537384196481,0.392739140456847,0.0,0.001449690529862,0.0,0.0,0.0,0.0274606609368471,0.0,0.0,0.0,0.0,0.0,0.0813707469539891,0.0,0.0,0.0018941259720595,0.0141618721061016,0.0,0.628222124289089,0.041641187041475,0.0,0.0107512961756397,0.0,0.0,0.004378630891528,0.0,0.0,0.0,0.0,0.0728797659647148,0.0,0.0,0.002787761610444,0.0074657225415128,0.0622805786703072,0.0,0.0,0.0,0.0,0.246395903900117,0.0797916757085685,0.0,0.0636972212512262,0.0,0.0,0.296213452040067,0.0069120302614025,0.0017529885810972,0.017733344549618,0.0427951787546703,0.104844251035304,0.0275814214244598,0.0149660565328431,0.006452744511053,0.0,0.0,0.0,0.0333425262542711,0.0,0.0,0.0,0.0,0.0,0.0,0.0233573864090915,0.0022047133791951,0.189930984569231,0.0,0.0,0.0079494482490695,0.0020922078362828,0.0,0.0205643421827044,0.0207630993722115,0.0,0.0,0.0,0.0,0.0,1.29828962088275,0.0,0.570856110756871,0.234783004512822,0.0,0.0274067455163917,0.0,0.417334814728797,0.0116918264323599,0.0,0.0,0.0,0.0016716215368715,0.0046482030726175,0.0237654014099995,0.0063012163495822,0.0,0.0029391895117373,0.001020417758689,0.0,0.0,0.0,0.0,0.0,0.0,0.0,0.0,0.205928673545503,0.0649920948316366,0.0,0.0,0.0,0.0,0.0,0.0,0.0,0.0,0.0,0.0,0.0,0.0,0.0088709300130423,0.0,0.0,0.0,0.0,0.0,0.247640985425523,0.0,0.0894317706022574,0.0,0.0,0.0,0.0,0.0040479955568921,0.0,0.0131695596936803,0.002734553533372,0.0018698124834516,0.0,0.036712706236442,0.0,0.0,0.0,0.0,0.0,0.0368418415385989,0.0,0.0183899949688341,0.0,0.0173981047690867,0.0,0.0,0.0554850656897515,0.0,0.0,0.0,0.0034661596910071,0.0,0.0,0.0,0.0,0.0031838669200512,0.0,0.19214243755354,0.0,0.0,0.0023296566586547,0.0,0.0,0.0020140035674161,0.0014226983298629,0.0037606034859217,0.0,0.0,0.0,0.0,0.0,0.269301853069471,0.0141741142369496,0.0,0.0,0.0,0.0,0.0281571174334753,0.0,0.0008382232367071,0.0221821828297275,0.0006817642632443,0.075732517360498,0.0,0.0,0.0,0.0036741887550331,0.0021782702098157,0.0061854102507206,0.0,0.0160259418948455,0.0,0.0,0.0,0.0,0.0,0.0,0.0,0.002534652586608,0.0036675324373224,0.0,0.0,0.0,0.254205716841204,0.0,0.0,0.0,0.0,0.0,0.0034954964258136,0.0,0.0,0.0,0.0,0.0010458879844027,0.0147550532051928,0.0,0.0,0.0026717035907241,0.0006466089752484,0.0,0.131622738193847,0.0,0.0,0.0,0.0,0.0,0.0007332126610695,0.0,0.0,0.0,0.0652384328204639,0.0149662548567312,0.0,0.0,0.0,0.0076329864406072,0.0129724112056447,0.0,0.0,0.0282127114736936,0.0,0.162460105870803,0.0,0.0,0.0,0.0,0.0,0.126678957576378,0.0078090305398062,0.0027001264460979,0.0083494917903756,0.0150692992458801,0.0,0.0033721192921022,0.00563118662653,0.002501956369124,0.0,0.0,0.0,0.0140264790826516,0.0034584522808908,0.0,0.0,0.0,0.0,0.0,0.0080242692538153,0.0,0.0968158706138396,0.0,0.0,0.0,0.0,0.0,0.0149171030981348,0.0008286958006942,0.0,0.0007003317778114,0.0,0.0,0.0007931721170777,0.0366764947061194,0.0,0.161504131823851,0.0027004366737494,0.0,0.0,0.0,0.0,0.0976390031259442,0.0,0.0,0.0,0.0,0.0,0.0019709563876974,0.0019801172254087,0.0,0.0013599070652169,0.0010490671376171,0.0,0.0,0.0,0.0,0.0,0.0,0.0,0.0,0.0,0.0296292794335912,0.0,0.0,0.0,0.0,0.0,0.0,0.0,0.0,0.0,0.0,0.0,0.0,0.0023965377680674,0.0,0.0,0.0,0.0,0.0,0.0542129525870206,0.0,0.0,0.0266604573084931,0.0,0.0,0.0,0.0030861682178135,0.0,0.0025640848378427,0.0,0.0,0.0,0.0045603111844738,0.0,0.0,0.0,0.0,0.0,0.0239188932494072,0.0031727919360007
PTLp,0.0,0.886765841929795,0.0,0.0,0.0,0.0,0.0,0.0,0.0098585761480527,0.0,0.0,2.96249604906781,0.0,0.0,0.0,0.0174708865534991,0.0,1.97494755414603,0.354951868730059,0.089351077758523,0.617989150249483,0.0813326515235148,0.0,0.0,0.0768047405820041,0.0,0.0,0.0,0.0,0.0,1.7531478450455,0.0,0.0,0.0,0.0058828961995484,0.0008935947731364,0.019699861794571,0.0,0.0,0.0,0.0060735412757258,0.0,0.0,0.0,0.0015654689344298,0.0,0.465518132664763,0.0,0.0,0.0038234441913618,0.0,0.0,0.0,0.0,0.0031170703496073,0.0,0.0,0.0242471308282963,0.0,0.0,0.0,0.0,0.122425850076811,0.0,0.0020848250631291,0.0,0.0,0.0,0.0,0.0,0.30507742984819,1.19999720766643,0.0,0.0,0.0,0.901114397657783,0.0,0.0,0.0,0.0,0.0008499836078328,0.0,0.0,0.0,0.0,0.0,0.0,0.0,0.0,0.0,0.0,0.0041974444119305,0.0,0.0346232565952777,0.316509315365902,0.0,0.0,0.0,0.0,0.0027534511279735,0.0,0.0700552778350007,0.0263931670875381,0.0007849398866141,0.0024883024330807,0.0,0.0,0.0,0.0063690118540252,0.0,0.0105624896568314,0.627595786135496,0.0,0.0294757208505386,0.0027607946648717,0.0,0.0,0.0,0.0,0.0,0.0,0.0086542326206212,0.0132499706609122,0.0,0.0,0.0009803430984987,0.0009980531183385,0.0,0.0,0.0,0.0779436872348686,0.0,0.0,0.0,0.0,0.0,0.0,0.0,0.0,0.0,0.0,0.0,2.96236896135714,0.0098772176047861,0.0,0.0,0.0,0.0,0.0,0.0,0.0,0.0,0.0,1.22326409713784,0.0636166988342571,1.41412013490042,0.0591605264791912,0.0,0.0,0.0,0.0,0.0,0.0,0.0,0.0,0.0,1.19469413767083,0.0020182243851586,0.0,0.0,0.0,0.0,0.0,0.0,1.04703733270767,0.255095888091796,0.0,0.0,0.644719644492221,0.0,0.0,0.049868915952081,0.001772694040943,0.0,0.0,0.466007490275388,0.0,0.0,0.0118781773576174,0.0,0.0,0.0,0.802024117695965,0.0,0.0,0.0241957434547876,4.68057110628152,4.76542773890426,0.856993236288495,0.331921030362176,0.0,0.612589532642706,0.0017609018237548,0.0,0.0,0.009715422167067,0.0,0.0,0.0,0.0,0.0479155378419253,0.0,0.0,0.0,0.0,0.0,0.000777905602582,0.0,0.0,0.0,0.0,0.0,0.0,0.0,0.0,0.0,0.313384704599448,0.0347890888234387,0.0,0.0,0.0167938378106161,0.0,0.0,0.0,0.0,0.0,0.0,0.0,0.0,0.002976182421868,0.0,0.0,0.0,0.0,0.0,0.0377237131402279,0.0,0.0,0.0,0.0,0.0,0.0,0.0096973414943977,0.0,0.0,0.06556454602253,0.0,0.0,0.0,0.0,0.0,0.0,0.0,0.0,0.0025985965352688,0.0,0.0006896749882389,0.0,0.0,0.0,0.0,0.0,0.0,0.0,0.0,0.0,0.0,0.0,0.0,0.0,0.0,0.0,0.0,0.0,0.0,0.0,0.0,0.0,0.0,0.0,0.0,0.0,0.0,0.0,0.0,0.0,0.0,0.0,0.0,0.0,0.0011219893320244,0.0,0.0018537176300863,0.0252069634533575,0.0,0.0,0.0,0.0,0.0053032126325113,0.0,0.0063776475011922,0.0082696842910889,0.0,0.0,0.0,0.0,0.0071924631317706,0.0008850450254766,0.0062351588368128,0.0,0.0297767521119999,0.0,0.0,0.0,0.0,0.0,0.0,0.0,0.0,0.281684304876935,0.0,0.0063234876693993,0.0,0.0,0.0,0.0,0.0,0.0055813781408402,0.0,0.0,0.0,0.0,0.0,0.0,0.0,0.0,0.0,0.0,0.0,0.0,0.0023326886064817,0.790944035607662,0.0,0.0,0.0,0.0,0.0,0.0,0.0401948329552899,0.0,0.0,0.0,0.061757977955728,0.0,0.0658632315238131,0.0,0.0,0.0,0.0,0.0,0.0,0.0,0.0,0.0,0.0,0.0,0.0114964859463312,0.0,0.0,0.0,0.0,0.0,0.0,0.146602518883029,0.0363629431898761,0.0,0.0,0.0890845435524942,0.0,0.0,0.0391545879177108,0.0006836132812461,0.0,0.0,0.0876769788146744,0.0,0.0,0.0048267804939738,0.0,0.0,0.0,0.0,0.0,0.0,0.0033227994631134,0.864346629121232,0.436010402309133,0.0653219646799977,0.0197957574251366,0.0,0.0296952005036127,0.0,0.0,0.0,0.0,0.0,0.0,0.0
PVH,0.0,0.0,0.0078911037437709,0.0113879633415276,0.0,0.0663545170451283,0.0,0.0,0.0,0.0304643071035759,0.0,0.0,0.0,0.0,0.0056320727818362,0.0,0.513639352292963,0.0,0.0,0.0013674862859464,0.0,0.0,0.0023586609491944,0.054174456363299,0.0073662690770429,0.0583471138957537,0.0,0.0,0.0,0.0,0.0626782244394588,0.0,0.0,0.0,0.0,0.0,0.0110461267251872,0.0,0.0018561952302763,0.0,0.0010198160458845,0.253362099410843,0.0,0.0,0.0,0.0047105342967803,0.0012357222124195,0.0007402677375296,0.0,0.0144152444363455,0.0,0.0,0.0,0.0,0.0,0.0,0.0,0.0,0.087638471185724,0.0,0.0,0.002114946296756,0.124603867080236,0.0,0.0735736594835024,0.0,0.0,0.0,0.04014133151996,0.0,0.0,0.0,0.0,0.0074183786247352,0.0409297358474736,0.0,0.0,0.0132753032349059,0.0,0.0166417131656743,0.077916077028109,0.0,0.0,0.0,0.0,0.0165306770999744,0.0363696869256027,0.0,0.0,0.0,0.0055102176064967,0.0,0.0,0.0,0.0,0.154579812963622,0.0264904847328524,0.0,0.0,0.0612963578653602,0.0,0.052633629759996,0.0,0.0,0.234486059896553,0.0,0.0,0.178935030296694,0.0272299008090446,0.0,0.0,0.0,0.0,0.0396642723525715,0.0088868229470594,0.0057964895527055,0.0,0.0,0.0205355209026254,0.0278998809858122,0.0,0.0,0.0,0.0,0.0,0.0042624924192444,0.0273165032397678,0.0,0.0,0.0,0.0,0.0028270808993712,0.0,0.854221395931833,0.0504275491448089,0.000730865826884,0.0,0.0037631605934668,0.0,0.0007536695989105,0.0,0.083227940711963,0.0,0.421709562917974,0.013903016923844,0.433332943742823,0.244705437096269,0.0,0.881707351236568,0.106292129367506,0.0,0.0035917604883914,0.0,0.0,0.0,0.0015795520132838,0.0,0.0,0.0007359468520593,0.0,0.0,0.0,0.0,0.0,0.0,0.0,0.0,0.0,1.1667461366095,0.371904938255053,0.0,0.0,0.0,0.0,0.0,0.0,0.0,0.0,0.0,0.0,0.0,0.0,0.0,0.0,0.0,0.0,0.0,0.0,0.0,0.0120565708531358,0.104126207148957,0.0,0.0,0.0,0.0,0.0013698605128554,0.0,0.0,0.0,0.0,0.0,0.0,0.0,0.0681491573966441,0.0,0.0,0.0,0.0277210509338388,0.0074422530494654,0.0,0.0,0.0029023972706506,0.0007021004579896,0.0,0.0054154299267315,0.0,0.0,0.0,0.022811685393358,0.0,0.0,0.0,0.0,0.0026915385667605,0.0,0.274263951837103,0.0,0.0,0.0006338102110546,0.0,0.0,0.0,0.0062987300088446,0.0,0.0,0.0,0.0,0.0,0.0011130702113236,0.0349053781493227,0.0,0.0,0.0,0.0,0.0,0.0026705694844995,0.0,0.0,0.0,0.0,0.0977687435849763,0.0,0.0,0.0,0.0007727480962882,0.0,0.0,0.0,0.002583736119303,0.0,0.0,0.0,0.0,0.0,0.0136756973769679,0.0,0.0006249781429212,0.0035128374690984,0.0,0.0,0.0,0.052189471192062,0.0,0.0321494977030186,0.0,0.0,0.0,0.0075746896187111,0.0,0.0,0.0,0.0,0.0023302346870113,0.00147322882217,0.0,0.0,0.0105206731452079,0.0,0.0,0.0066521101670151,0.0,0.0,0.0,0.0,0.0034742106347239,0.0006360420281146,0.0,0.0,0.0,0.0,0.0,0.0,0.0,0.0,0.0349694930019214,0.0,0.0,0.0,0.0064687864115524,0.0,0.0211005069941457,0.0,0.0,0.0076635630572746,0.0,0.0,0.0505317916762721,0.0115743835113833,0.0,0.0,0.0,0.0,0.0,0.0010441041043138,0.0016994272267758,0.0,0.0,0.0007612254146378,0.0031702882297728,0.0,0.0,0.0,0.0,0.0,0.002354631628994,0.0078000392059537,0.0,0.0,0.0,0.0,0.0,0.0,0.0257090853420863,0.0115214288804946,0.0,0.0,0.0014065444546318,0.0,0.0,0.0,0.004212941547949,0.0,0.0714047825436838,0.003023041019297,0.277400161148092,0.289294163308539,0.0,0.0,0.092513808612472,0.0,0.0,0.0,0.0,0.0,0.0,0.0,0.0,0.0,0.0,0.0,0.0,0.0,0.0,0.0,0.0,0.0,0.0,0.0016532474166719,0.0484670637122743,0.0,0.0,0.0,0.0,0.0,0.0,0.0,0.0,0.0,0.0,0.0,0.0,0.0008435525683889,0.0,0.0,0.0006734304465677,0.0,0.0,0.0,0.004389494004658,0.0090676564975583,0.0,0.0,0.0,0.0,0.000838917984046,0.0,0.0,0.0,0.0,0.0,0.0,0.0,0.0,0.0,0.0,0.0,0.0084719740309192,0.0006475360560602
PVT,0.236048491095222,0.0,0.0762201348931747,0.0080583478445724,0.0,0.204663834892051,0.0297996795026263,0.0,0.0,0.0442960449396177,0.0015884269056554,0.0,0.0,0.0,0.0197677408002196,0.0,0.846096460519863,0.0,0.0,0.0182535705164198,0.0,0.0,0.0085424079871809,0.111106341743749,0.0172659965516197,0.0365022012729975,0.0,0.0093733021440691,0.0,0.0,1.83406338213658,0.0,0.0082198856674966,0.0,0.0,0.0,0.0450794710350201,0.0,0.0,0.0,0.0029142884789006,0.577828597487774,0.0,0.0,0.0,0.0253150243086942,0.0071683602335667,0.0134420631238293,0.0,0.145389859130982,0.0,0.0,0.0,0.0,0.0316752135068571,1.28090691127883,0.0,0.0358343546821515,0.0985514632394361,0.0,0.0,0.0101729870378188,0.572837870960847,0.0,0.0591052086890256,0.0,0.0,0.0,0.0951215790076175,0.0,0.0,0.0,0.0,0.263387840082842,0.197834742101883,0.0009344964507993,0.0,0.0267770319840042,0.0045983614527519,0.0061299016829938,0.341806168869095,0.0729891273158765,0.0,0.0067510334760335,0.0,0.0027824974766268,0.009817614998582,0.0,0.0,0.0,0.0881620900303452,0.0277397119750728,0.001224676145804,0.0,0.0060566706908198,0.0320672698013772,0.139631519511861,0.0,0.0090137315605621,0.0150073653100284,0.0018403060090023,0.308637747582875,0.0,0.004663207421365,0.0832001008065205,0.0197737796493379,0.0,0.790276195711974,0.0608509833424948,0.0258005366232177,0.0,0.0139664423920841,0.0870257411252101,0.0337966743414207,0.0554907486346214,0.0343652393820213,0.0,0.0,0.0376010188157776,0.118371514616901,0.0023559589451649,0.0,0.0,0.0,0.0,0.0041989372364669,0.0,0.0,0.69080175450522,0.0,0.0,0.0,0.0016202315575633,0.0,0.172330376104361,0.0048177307342496,0.0,0.0212406326490883,0.0,0.0,0.0,0.303309619200213,0.0,0.50726316341114,1.51158278951209,0.0,0.412248069333239,0.0,0.273534415739718,0.0852743748854348,0.0,0.0,0.0603810749121102,0.0068365774651681,0.0,0.0137281716931174,0.0381568490005624,0.690046664387395,0.0130186487733487,0.000799337874369,0.0,0.0,0.0,0.0,0.0,0.0022015280860198,0.0,0.205634855972988,0.581774813303003,0.2477739166589,0.0,0.0,0.0,0.0,0.0012663888609576,0.0,0.0,0.0,0.0017386331135888,0.0,0.0,0.0,0.0154656195293006,0.0,0.0,0.0,0.0,0.0,0.162680830482251,0.0,0.012826259877837,0.0,0.0,0.0,0.0013028436394014,0.0626461585589767,0.0016925749302748,0.0035098999156887,0.0013735481325791,0.0008470690238201,0.0,0.0060602743272985,0.0038608181945324,0.0105458222728126,0.0,0.0,0.0,0.0966301612661285,0.0276697174336274,0.103699113467291,0.0,0.0214953487743011,0.0,0.0,0.120242226865983,0.0102049168014596,0.0,0.0,0.0282076786828425,0.0,0.0,0.0,0.0,0.0122036521630469,0.0,0.438136252172102,0.0,0.0,0.0102947376970855,0.0,0.0,0.0016805969077304,0.0332074929544186,0.0058288803061992,0.0,0.0,0.0056167266061964,0.0,0.0,0.974264493681255,0.0,0.0,0.0,0.0,0.0,0.0199327408790409,0.0,0.0,0.0,0.001253259422011,0.215540443034887,0.005427403984367,0.0,0.004935820845331,0.0109945236413455,0.0013644737557016,0.006144294508031,0.0,0.0534167500498841,0.0,0.0,0.0022122715330601,0.0,0.0071909275394094,0.501024511526186,0.0,0.0244694857083773,0.0201439511299467,0.0,0.0,0.0059300444457738,0.33249085141102,0.134469219865836,0.0315048447248196,0.0,0.0,0.0,0.0160274795256893,0.0,0.0,0.0,0.0,0.035600018314083,0.0568729769556229,0.0,0.0,0.0195430568440055,0.0012768267377639,0.0,0.067319309687728,0.0,0.0,0.0,0.0,0.0,0.0031313051398382,0.0,0.0,0.0,0.430977362434429,0.0158792914385149,0.0013392556476847,0.0,0.0012842392813418,0.0149045608429676,0.0410039495541765,0.0,0.0029659466754155,0.0152595055113799,0.0,0.0934680135009655,0.0,0.0129937551989867,0.0,0.0,0.0,0.249464480376698,0.0221437917132309,0.0097215421045827,0.0,0.0076742280032096,0.0,0.0026285584612356,0.0356726093817421,0.0152314758219924,0.0,0.0,0.0149351618777641,0.0536938786629405,0.0,0.0,0.0,0.0,0.0,0.0037648684014533,0.0164558661385237,0.0,0.148708642792308,0.0,0.0,0.0,0.0,0.0,0.0755291470866845,0.0023832131691604,0.0,0.0090776828018125,0.0,0.0,0.0,0.0,0.0,0.264252085905712,0.124898220659047,0.0,0.190761860820038,0.0,0.193954928742246,0.12741133284171,0.0,0.0,0.0530632779393003,0.0018999491154274,0.0,0.0023655522720016,0.0079177083882262,0.0,0.0046907517061722,0.0,0.0318657325526972,0.0,0.0,0.0,0.0,0.0,0.0,0.0,0.0,0.136307675482321,0.0,0.0,0.0,0.0,0.0,0.0041278989457922,0.0,0.0,0.0,0.0,0.0,0.0,0.0,0.0,0.0,0.0028244633111997,0.0,0.0,0.0,0.0,0.0,0.0,0.0,0.0,0.0,0.0408584402344136,0.0007994161385604,0.0013371703098858,0.0,0.0,0.0,0.0009057528413594,0.0,0.0,0.0,0.0,0.0,0.0336532426569734,0.0088192486567881
PVp,0.0,0.0,0.0006696621288699,0.0,0.0011125116661122,0.0011794991501904,0.0,0.0,0.0,0.0,0.0,0.0,0.0,0.0,0.0007422518602411,0.0,0.0747712384607422,0.0,0.0,0.0,0.0,0.0,0.001612888215834,0.0200330938734916,0.0099737386564662,0.0,0.0,0.0,0.0010476708725307,0.0076186132519836,0.0,0.0,0.0,0.0,0.0,0.0,0.0013093574064347,0.0,0.0,0.0772391629693542,0.0030436857598229,0.0848147363777787,0.0,0.0,0.0024241347662359,0.0,0.0,0.0,0.0025100882445699,0.0017654984929147,0.0,0.0006515746680143,0.004677900240361,0.0,0.0,0.0,0.0,0.0085609327703297,0.0008684930278055,0.0,0.0,0.0,0.0140157874139079,0.0,0.0,0.0,0.0,0.0,0.054922530515438,0.0,0.0,0.0,0.0,0.0,0.0,0.0,0.0,0.0,0.0,0.0,0.0,0.0,0.0019715780834372,0.0,0.0,0.0,0.0118964425875347,0.0296002925167786,0.0029615883196943,0.0,0.0,0.105498472207562,0.0,0.0,0.0,0.0384839585212776,0.0,0.0,0.0,0.0510543098105035,0.0006704240551993,0.0044967988896148,0.0,0.0006715519087734,0.0385988570541907,0.0,0.0,0.0017349516027297,0.0075613390783479,0.0,0.0,0.0,0.0,0.0064049754996466,0.0024409833197413,0.0,0.0,0.0,0.0,0.00173289477901,0.0,0.0,0.0008946772592357,0.0,0.0,0.0020237629953587,0.0,0.0,0.0,0.0479626718344264,0.0006563014828822,0.0,0.0036170909944797,0.0286896915018303,0.009498429981439,0.0,0.0,0.0,0.0,0.0,0.0,0.0040014326785444,0.0,0.196071183759172,0.0,1.56987227642915,0.101909868377134,0.0,0.0,0.0,0.0,0.0,0.0,0.0,0.0,0.0,0.0,0.0,0.0,0.0,0.0,0.0,0.0,0.0,0.0,0.0,0.0,0.0,0.0,0.0,0.0,0.0,0.0,0.0,0.0,0.0,0.0,0.0,0.0,0.0,0.0,0.0,0.0,0.0,0.0,0.0,0.0,0.0,0.0,0.006792259149011,0.084597791137564,0.0,0.0,0.0,0.0,0.0,0.0014745785323081,0.0,0.0,0.0,0.0,0.0,0.0,0.0040972671940278,0.0,0.0013668014619507,0.0,0.0,0.0030310114396082,0.0,0.0,0.0,0.0,0.0010008927497661,0.0,0.0,0.0,0.0,0.0,0.0,0.0,0.0,0.0006406897020051,0.0,0.0,0.0158355511070491,0.0,0.0,0.0,0.0,0.0,0.0007662596987666,0.0043439984043718,0.0061559064941897,0.0,0.0,0.0,0.0009109544635099,0.0080378861298958,0.0,0.0,0.0,0.0011243354499878,0.0,0.0,0.0010317350910932,0.0,0.0,0.0,0.0025056501731625,0.0378366924890745,0.0,0.0013054403567628,0.0,0.0,0.0,0.0,0.0022363211079856,0.0,0.0,0.0,0.0032299827662022,0.0,0.0,0.0,0.0,0.0153499219786334,0.0,0.0,0.0,0.0,0.0021748932975199,0.0,0.0,0.0,0.0,0.0008531899165206,0.0032648975188891,0.0007327926705462,0.0,0.0,0.0,0.0,0.0,0.0,0.0,0.0,0.0,0.0,0.0,0.0,0.0020376144454458,0.0,0.0,0.0,0.0,0.0356790458466454,0.0,0.0010287951648129,0.0,0.0085583057642455,0.0,0.0,0.0,0.0085054233186355,0.0,0.0,0.0,0.0099645154217423,0.0010209101862956,0.0063138925888145,0.0,0.0007626255019552,0.0,0.0,0.0,0.0,0.0,0.0,0.0,0.0,0.0,0.0,0.0,0.0,0.0,0.0,0.0010596265718599,0.0011355357375364,0.0,0.0,0.0,0.0,0.0,0.0,0.0028218399420053,0.0,0.0,0.0065866891656709,0.0,0.0,0.0080056583718055,0.0011098165346442,0.0,0.0,0.0,0.0,0.0,0.0,0.0,0.0016596555779793,0.0,0.0430078478632311,0.0011676720599501,0.521070314917073,0.0284559854679287,0.0,0.0614306605145491,0.0,0.0,0.0,0.0,0.0,0.0,0.0,0.0,0.0,0.0,0.0,0.0,0.0,0.0,0.0,0.0,0.0,0.0,0.0,0.0,0.0010160287250833,0.0,0.0,0.0,0.0,0.0,0.0,0.0,0.0,0.0,0.0,0.0008556713938521,0.0006767389374989,0.0,0.0,0.0,0.0,0.0,0.0,0.0,0.0019409283477755,0.0,0.0,0.0,0.0,0.0,0.0,0.0013136437577689,0.0,0.0,0.0,0.0,0.0,0.0,0.0,0.0,0.0010430208148635,0.0,0.0006872411534009,0.002364452247223
PVpo,0.0,0.0,0.0011562157716493,0.0,0.0,0.0,0.0,0.0,0.0,0.0107008148320685,0.0,0.0,0.0,0.0,0.0056288413856704,0.0,0.0565345034518981,0.0,0.0,0.0,0.0,0.0,0.0028528351455841,0.0421908085023485,0.0,0.0,0.0,0.0,0.0,0.0,0.0094864288542777,0.0013185257469444,0.0,0.0,0.0,0.0,0.0,0.0,0.0,0.0,0.0,0.159285339076814,0.0,0.0,0.0,0.0,0.0,0.0009318431149143,0.0,0.0011827314694146,0.0,0.0,0.0,0.0,0.0,0.0048399326295426,0.0,0.0,0.0236345779662126,0.0,0.0,0.0,0.022986486859981,0.0,0.0126806900273087,0.0,0.0,0.0,0.0044135193542741,0.0,0.0,0.0,0.0,0.0,0.0,0.0,0.0,0.0065685711034361,0.0,0.005044799223692,0.0087452155977511,0.0,0.0,0.0,0.0,0.0,0.009456601041714,0.0,0.0,0.0,0.0,0.0,0.0010077232621626,0.0,0.0,0.120812387691208,0.0,0.0,0.0,0.0462105060840952,0.0,0.0143574059178153,0.0,0.0,0.0566544367789177,0.0,0.0,0.0026256469957377,0.0057135977335031,0.0,0.0,0.0,0.0,0.0197928271387935,0.0022509816810323,0.0,0.0,0.0,0.0031400468389166,0.0063285027003763,0.0,0.0,0.0,0.0,0.0,0.000704232591604,0.0017195538119956,0.0,0.0,0.0,0.0,0.0,0.0,0.108674929978021,0.0135399472005706,0.0,0.0,0.0,0.0,0.0,0.0,0.0465047636036602,0.0,0.0,0.0187438428976418,0.439062421712601,1.42001646164257,0.0,0.292288880101338,0.0074176273100502,0.0,0.0,0.0,0.0,0.0,0.0,0.0,0.159050554464021,0.0,0.0,0.0,0.0,0.0,0.0,0.0,0.0,0.0,0.0,0.288473355735958,0.014286734938884,0.0,0.0,0.0,0.0,0.0,0.0,0.0,0.0,0.0,0.0,0.0,0.0,0.0039007452646241,0.0,0.0,0.0,0.0,0.0,0.0,0.0276871195523277,0.0345070057826061,0.0,0.0,0.0,0.0,0.0,0.0,0.0,0.0,0.0,0.0,0.0,0.0,0.0140121288026694,0.0,0.0,0.0,0.0104932435525741,0.0,0.0,0.0,0.0,0.0,0.0,0.0,0.0,0.0,0.0,0.0079738005812405,0.0,0.0,0.0,0.0,0.0009780218592173,0.0,0.110630722056438,0.0,0.0,0.0,0.0,0.0,0.0,0.0011258744074474,0.0,0.0,0.0,0.0,0.0,0.0019065448880216,0.0020637872468498,0.0,0.0,0.0,0.0,0.0,0.0,0.0,0.0,0.0,0.0,0.0441815592426766,0.0,0.0,0.0,0.0,0.0,0.0,0.0,0.0,0.0,0.0,0.0,0.0,0.0,0.0018469994255747,0.0,0.0,0.0,0.0,0.0,0.0,0.0028294323448751,0.0,0.0067271512284176,0.0,0.0,0.0,0.0,0.0,0.0,0.0,0.0,0.0,0.0,0.0,0.0,0.0038657467312454,0.0,0.0,0.0011334944330781,0.0,0.0,0.0,0.0,0.0,0.0,0.0,0.0,0.0,0.0,0.0,0.0,0.0,0.0,0.0115492629412926,0.0,0.0,0.0,0.0030195564052004,0.0,0.0098972883114985,0.0,0.0,0.0033443055046599,0.0,0.0,0.0,0.0016217781379696,0.0,0.0,0.0,0.0,0.0,0.0,0.0,0.0,0.0,0.0,0.0013934505902834,0.0,0.0,0.0,0.0,0.0,0.0006083412372583,0.0,0.0,0.0,0.0,0.0,0.0,0.0,0.0,0.0033883535648469,0.0,0.0,0.0,0.0,0.0,0.0,0.0038370392723313,0.0,0.0046035518790441,0.0011221095247578,0.206855648060798,0.144603269698007,0.0,0.0179455975212505,0.006080223356586,0.0,0.0,0.0,0.0,0.0,0.0,0.0,0.0298881112823109,0.0,0.0,0.0,0.0,0.0,0.0,0.0,0.0,0.0,0.0,0.135222847509564,0.0,0.0,0.0,0.0,0.0,0.0,0.0,0.0,0.0,0.0,0.0,0.0,0.0,0.0028606944692795,0.0,0.0,0.0,0.0,0.0,0.0,0.0056634195622893,0.0069779036902963,0.0,0.0,0.0,0.0,0.0,0.0,0.0,0.0,0.0,0.0,0.0,0.0,0.0016683427160861,0.0,0.0,0.0,0.0034275506723428,0.0
PYR,0.0,0.0,0.0,0.0,0.0,0.0,0.0,0.0,0.0,0.0,0.0,0.0,0.0,0.0,0.0,0.0,0.0,0.0,0.0,0.0,0.0,0.0,0.0,0.0,0.0,0.0,0.0,0.0,0.0052251608466938,0.001590547586204,0.0,0.0,0.0,0.0,0.0,0.0,0.0125383250253635,0.0012831187476192,0.0,12.3660417065317,0.0,0.0,0.0,0.0013573507355066,0.0,0.0,0.0,0.0,0.0,0.0,0.0,0.104198107228395,0.0,0.0,0.0,0.0,0.0,0.0,0.0,0.0,0.0,0.0,0.0,0.0,0.1234091948991,0.0068037789722092,0.0,0.0,0.0,0.0062542016928196,0.0,0.0,0.0,0.0,0.0,0.0,0.0,0.0590880467316342,0.0,0.0,0.0,0.0,0.0,0.0,0.0,0.0260525378588688,0.0,0.0,0.0,0.0,0.0,0.0111427884795314,0.0,0.0,0.0,0.0,0.0,0.0,0.0,0.0,0.004470897612941,0.0,0.0,0.0069290773782998,0.0,0.660181514544388,0.0,0.0,0.000689923749127,0.0,0.0,0.0,0.0,0.0,0.0,0.0,0.0,0.0,0.000607794249514,0.0,0.0,0.0,0.0609455045626608,0.0,0.0,0.0022375249973762,0.0,0.0,0.0,0.0049039877518095,0.0,0.0,0.0,0.0,0.0,0.0,0.0193450585323806,0.0,0.0,0.106782831472692,0.0397256233756351,0.0,0.0,0.0,0.0,0.0055789817376565,0.0,3.07994829077532,0.0,0.0,0.0,0.0,0.0,0.0,0.0,0.0,0.0,0.0,0.0,0.0,0.0,0.0,0.0,0.0,0.0,0.0,0.0,0.0,0.0,0.0,0.0116892357691603,0.0,0.0024499079009043,0.0150583548045731,0.0,0.0,0.0,0.0,0.0,0.0,0.0,0.0012200540330643,0.0,0.0,0.0,0.0,0.0,0.153183311614261,0.0,0.0,0.0,0.0,0.0,0.0,0.0,0.0,0.0,0.0,0.0,0.0,0.0,0.0,0.0,0.0,0.0,0.0,0.0,0.0,0.0,0.0,0.0,0.0,0.0,0.0,0.0,0.0,0.0,0.0,0.0,0.0,0.0,0.0,0.0,0.0,0.0,0.0,0.0,0.0,0.0,0.0,0.0,0.0,0.0,0.0,0.0,0.0,0.0,0.0015810541739054,0.0,0.0,0.0,0.0,0.0,0.0,0.0,0.0286272746571968,0.0,0.0,5.95328966512084,0.0,0.0,0.0,0.0032100386131487,0.0,0.0,0.0,0.0,0.0,0.0,0.0,0.114275305106373,0.0,0.0,0.0,0.0,0.0007091749638789,0.0,0.0,0.0,0.0011319132133687,0.0,0.0,0.0,0.165608210844031,0.0,0.0,0.0,0.0,0.020362125419622,0.0,0.0,0.0,0.0,0.0,0.0,0.0,0.0457348990320574,0.0,0.0,0.0,0.0,0.0,0.0,0.0,0.0465023779284092,0.0,0.0,0.0,0.0,0.0,0.0062113765861841,0.0,0.0,0.0,0.0,0.0,0.0,0.0,0.0,0.0015040998210309,0.0,0.0,0.0163004776649352,0.0,0.536283470661156,0.0,0.0,0.0010633556553828,0.0,0.0,0.0,0.0,0.0,0.0,0.0,0.0,0.0,0.0,0.0,0.0,0.0,0.0576878739615404,0.0,0.0,0.0,0.0,0.0,0.0,0.0027351609770661,0.0,0.0,0.0,0.0,0.0,0.0,0.0194669478249702,0.0,0.0,0.124790908232712,0.0157120489708887,0.0,0.0,0.0,0.0,0.0029346640536674,0.0,1.15051730563791,0.0,0.0,0.0,0.0007035692445521,0.0,0.0,0.0,0.0,0.0,0.0,0.0,0.0,0.0,0.0,0.0,0.0,0.0,0.0,2.29173003121356,0.0,0.0,0.0,0.0079708380709903,0.0,0.0008821659283339,0.0089569275079851,0.0,0.0,0.0,0.0,0.0,0.0,0.0,0.0,0.0,0.0,0.0,0.0,0.0,0.50623584392022,0.0,0.0,0.0,0.0,0.0,0.0,0.0,0.0,0.0,0.0,0.0,0.0,0.0,0.0,0.0,0.0,0.0,0.0,0.0,0.0,0.0
RCH,0.0,0.0,0.0030386299096976,0.0023935628568765,0.0,0.0350332301370209,0.0,0.0,0.0,0.0213566396992514,0.0,0.0,0.0,0.0,0.0041773564272124,0.0,0.156460011493291,0.0,0.0,0.0057044431443911,0.0,0.0,0.0060491917627263,0.0440009522153672,0.0130247547302925,0.0,0.0,0.0,0.0,0.0,0.11392833891309,0.0,0.0,0.0,0.0,0.0,0.0142005658098445,0.0,0.0082493760303175,0.0,0.0012051906458313,0.0773587755532271,0.0,0.0,0.0038633773492425,0.0087328102017174,0.0017628733150678,0.0,0.0,0.0319992650594002,0.0,0.0,0.0,0.0,0.0,0.0,0.0,0.0010957651635555,0.111853392055219,0.0,0.0,0.0094552492816151,0.067384297979016,0.0,0.0389646055131517,0.0,0.0084238163192978,0.0,0.0210991433977274,0.0,0.0,0.0,0.0,0.0008259712288961,0.0586787107200169,0.0,0.0,0.0064626801732817,0.0,0.0108208173414807,0.0308923731327022,0.0,0.0,0.0,0.0,0.0090760065496153,0.0212258184537628,0.0,0.0014300502449399,0.0274839421234979,0.0,0.0052165290756006,0.0,0.0,0.0,0.102900160182489,0.02492259627478,0.0,0.0033724437074943,0.0308824871025458,0.0007042117503169,0.0287351459752907,0.0,0.0,0.204926848600954,0.0011587839956299,0.0,0.0180320682632051,0.0051311421582635,0.0,0.0,0.0,0.0,0.0634335633546702,0.0272027846186587,0.0029710111981455,0.0,0.0,0.003695873943995,0.0091445206199407,0.0,0.0,0.0,0.0,0.0,0.0030249529300709,0.0192613003592852,0.0,0.0,0.0,0.0,0.0,0.0,0.991115262138481,0.110874166399055,0.0,0.0,0.001390200123626,0.0007890248626686,0.0006629691948707,0.0,0.0416083801545393,0.0,0.168119775042372,0.0044141216348842,0.271670199739631,0.0358399098545055,0.0,0.352426322568302,0.0166460022044472,0.0,0.0,0.0,0.0,0.0,0.0,0.0,0.249471563704855,0.0027843581757556,0.00380735874755,0.0,0.0,0.0,0.0,0.0,0.001549494939884,0.0,0.0,0.392943475130704,0.444698157214414,0.0,0.0,0.0,0.0,0.0,0.0,0.0,0.0,0.0,0.0,0.0,0.0006155103663587,0.0,0.0,0.0,0.0,0.0048580287196637,0.0014919133353435,0.0,0.0137101438538878,0.027711247718361,0.0,0.0,0.0,0.0,0.002454147930456,0.0007195533502965,0.0,0.0,0.0,0.0016039460867201,0.0,0.0,0.190178732787751,0.0,0.0,0.0,0.0156301322897018,0.0,0.0,0.0,0.0011737738021615,0.0,0.0,0.0172330296776084,0.0,0.0,0.0,0.0203524537866694,0.0,0.0,0.0,0.0,0.0009134215756134,0.0,0.0,0.0,0.0,0.0019595963514578,0.0,0.0,0.0012321248508172,0.0110829836136951,0.0065169934491285,0.0,0.0,0.0,0.0,0.0,0.043513814256667,0.0,0.0,0.0,0.0,0.0,0.0083151791149497,0.0,0.0087032950718084,0.129730792027148,0.0,0.167811504910826,0.0,0.0,0.0,0.0016709950684524,0.0,0.0,0.0,0.0032599957222845,0.0,0.0,0.0,0.0,0.0,0.059570336127215,0.0,0.0,0.0393841540773959,0.0,0.0,0.0040644957309128,0.0217940036350734,0.0,0.0288050036571774,0.0,0.008321814326405,0.0,0.0041272698471917,0.0,0.0,0.0,0.0,0.0007723150705293,0.0189400636544268,0.0,0.0,0.0084166866188872,0.0,0.0,0.004807191913689,0.0,0.0,0.0,0.0,0.007380347604322,0.0084855538421573,0.0,0.0025978942604274,0.0049515893103766,0.0,0.0038521517311557,0.0,0.0,0.0,0.0269832442180876,0.0037019301335921,0.0,0.0020734442032824,0.0072526962524864,0.0,0.0245366204055881,0.0,0.0,0.116051014302888,0.0007553102537161,0.0,0.0142309785608505,0.0014160789057009,0.0,0.0,0.0,0.0,0.0094664998025828,0.0075169076818825,0.0023718713622021,0.0,0.0,0.0,0.0030747825845122,0.0,0.0,0.0,0.0,0.0,0.0029878720346392,0.0,0.0,0.0,0.0,0.0,0.0,0.0,0.436311825374569,0.07906964248012,0.0,0.0,0.0047714869661177,0.0,0.0024629883259636,0.0008979374781777,0.0160306294520145,0.0,0.147889220435819,0.0016685493778267,0.182668555574196,0.0,0.0,0.774284098750647,0.0170214161901894,0.0,0.0,0.0,0.0,0.0,0.0,0.0,0.0,0.0,0.00142977615833,0.0017334338236043,0.0,0.0,0.0,0.0,0.0012527617664045,0.0,0.0,0.335544694157524,0.519786232018265,0.0,0.0,0.0,0.0,0.0,0.0,0.0,0.0,0.0,0.0,0.0,0.0,0.008357128930794,0.0,0.0,0.0015379400224853,0.0,0.0010063660392692,0.0,0.0044594100438258,0.0348601765597175,0.0,0.0,0.0,0.0,0.0007261313087596,0.0008555927715603,0.0,0.0,0.0,0.0008936226723527,0.0,0.0,0.0876514524193192,0.0,0.0,0.0,0.0159416952593447,0.0
RE,0.0,0.139050492102006,0.119744087765756,0.0018309669336636,0.0,0.167408416533661,0.0,0.0,0.0438688424240618,0.0213993199972741,0.0,0.0,0.0,0.0,0.0146678938197525,0.0,0.807514696382901,0.0111749848823296,0.0,0.0080291463870804,0.0015485963807168,0.0,0.0043767060603543,0.0631932418945922,0.0475753008796908,0.0,0.0,0.0062504990411956,0.0,0.0,1.23772561898681,0.142728497075341,0.0,0.0,0.0,0.0,0.0676915982054501,0.0,0.0,0.0,0.0044845379033136,0.360634093620072,0.0144162873405499,0.0,0.0455687198846245,0.0795018861706127,0.0273338448621892,0.0265186793731915,0.0,0.0445222989317868,0.0,0.0009530932566527,0.0,0.0053440227779101,0.0129320877738978,0.0,0.0,0.0107221345852173,0.0404716834187245,0.0,0.0,0.0451154691013922,0.682028761431985,0.0,0.0404864768843054,0.0,0.0,0.0,0.0,0.0,0.0,0.0,0.0,0.0108255716906973,0.160963233344382,0.0012931160456698,0.0,0.003151021051988,0.0174934289331986,0.0064543218921017,0.102583730755141,0.0,0.0,0.0,0.0,0.0,0.0137658146081557,0.0,0.0,0.0,0.116775054260504,0.0743531043810861,0.0,0.0,0.0230628109662665,0.0241581354983833,0.087456774052174,0.0,0.023197303132093,0.0649279540636852,0.0,0.219659659705457,0.504133698141532,0.0006481088172359,0.234499725134016,0.001339235810966,1.76407049390225,0.719891016519033,0.0119339187831579,0.0136242958727131,0.0,0.171197780916511,0.0382406000543966,0.0021286612051251,0.0323505209787566,0.0203513039972979,0.0,0.0,0.0126372934713523,0.0063105601581239,0.0,0.0,0.0,0.0,0.0,0.0050508683259557,0.103402704714079,0.0,0.210080038883151,0.0,0.0011211732713578,0.0,0.0036576735720251,0.0,0.0913963166954411,0.0042055414287309,0.0,0.0,0.0,0.0,0.0027571496150423,0.109073706441261,0.0,0.620990221754578,0.0541329656384632,0.0,0.19315496582202,0.0,0.0,2.00098129627356,0.0,0.0328521919826987,0.0,0.038324428983821,0.0,0.0380695834529678,0.0,0.0,0.023939843988182,0.0,0.143752505365424,0.0,0.0,0.0,0.0,0.0,0.0,0.0322549409985607,0.938877310209433,1.1647865565511,0.0,0.0,0.0,0.0,0.0078167275638839,0.007817118122541,0.0,0.0014291097638567,0.0165411554196568,0.0,0.0016283378574386,0.0218342664234949,0.0,0.0,0.0,0.0,0.0,0.0,0.0,0.0180054995494351,0.0055273309832752,0.0,0.0,0.0,0.0,0.0249508380338948,0.0253314060704345,0.0891775642195013,0.0025771358653993,0.0016962072211056,0.0,0.0655651536482467,0.0083531053394177,0.0244763839948242,0.0426013925218815,0.0,0.0,0.108304743241738,0.0,0.0948591195462925,0.0837641039939975,0.0433935138398804,0.0,0.0,0.0499966127631383,0.0,0.0,0.0138371643385062,0.0178106693934198,0.0,0.0,0.0,0.0,0.010970928860155,0.0,0.44724290736379,0.0021371957625735,0.0,0.0146841273123994,0.0,0.0,0.0013297057435904,0.0261179009167211,0.0201833269699926,0.0,0.0,0.0039762534152239,0.0,0.0,0.862198632483906,0.0,0.0,0.0,0.0,0.0,0.0484998825699673,0.0,0.0,0.113412923952448,0.0022334162649881,0.181774633818036,0.0124530486351534,0.0,0.0157703745358155,0.0365669855512618,0.0072571999027204,0.0091243785835752,0.0,0.0209493054864904,0.0,0.0,0.0,0.0,0.0021595202136587,0.0,0.0,0.0056798780258533,0.015510465377894,0.0,0.0,0.0253009866383335,0.529460516132013,0.0,0.0392909171955627,0.0,0.0,0.0,0.0,0.0016564900550162,0.0,0.0,0.0,0.0190372163990031,0.0951629439021877,0.0006270984149312,0.0,0.0055266453655205,0.0023501321817578,0.0032988270773273,0.0125483622093754,0.0,0.0,0.0,0.0,0.0,0.0041335443137451,0.0,0.0,0.0,0.0443172818475751,0.0295532202348054,0.0,0.0,0.0185730494839934,0.0259249803199052,0.032458371292339,0.0,0.0187498096355981,0.0263258189815567,0.0,0.0790747661014435,0.248084104502037,0.0,0.0,0.0,0.731273996144881,0.44732549203581,0.0095646763704464,0.0144912089470145,0.0039065649569542,0.0566482760288724,0.0,0.0,0.0108993104011812,0.0093562260592746,0.0,0.0,0.0048952750559317,0.0,0.0,0.0,0.0,0.0,0.0,0.0056202193445734,0.0674451157509113,0.0,0.0,0.0,0.0,0.0,0.0012872013785908,0.0,0.0387586170380985,0.0017725701130346,0.0,0.0,0.0,0.0008515392719756,0.008095041697415,0.0,0.0,0.130477187395303,0.0040960432700125,0.0,0.0,0.0,0.0,1.48773974621258,0.0,0.0149130552850326,0.0,0.0134303597246922,0.0,0.0142259862917635,0.0,0.0,0.0168182469207727,0.0,0.0,0.0,0.0,0.0,0.0,0.0,0.0,0.0428294562392212,0.0,0.473435483342708,0.0,0.0,0.0,0.0,0.0046555835445543,0.0055388977945468,0.0,0.0007291705155449,0.0076437623905731,0.0,0.0028698973221531,0.0129979468881584,0.0,0.0,0.0,0.0,0.0,0.0,0.082375209696231,0.0,0.0,0.0,0.0,0.0,0.0007583271876035,0.0212280024977074,0.0078660703302141,0.0311533345722322,0.0009596782094917,0.0,0.0,0.0092801944579523,0.0044480313643306,0.0,0.0236306753361458,0.0,0.0,0.0589914028559893,0.0
RH,0.007153492277842,0.0419851976194842,0.0,0.0,0.0,0.0129653137872166,0.0177466792982198,0.0,0.0,0.0,0.0301353829347349,0.0346021272475414,0.0,0.0,0.0007469503360823,0.0,0.0324670247157157,0.0012015635323114,0.0,0.0018232582295922,0.0,0.0,0.0,0.0006128923632668,0.0049036889157125,0.0,0.0,0.0012265141326043,0.0,0.0,0.210828469420502,0.0423170086953225,0.0745868221331074,0.0,0.0,0.0,0.0086075541195171,0.0,0.0,0.0,0.0,0.0167849524009249,0.0285559307570586,0.0,0.0017203031208654,0.0061842606850578,0.0017904442567932,0.0014488590346202,0.0,0.0094245579251841,0.0,0.0093058199117087,0.0160183943262067,0.0121917696021253,0.0165431691409238,0.0836951238804905,0.0,0.0020710303256982,0.0032982537623443,0.0,0.0,0.0022326148394279,0.0544684273569387,0.0037794833298193,0.012733583387978,0.0008739885103343,0.0,0.0,0.0,0.0,0.0,0.0,0.0,0.0,0.0235280798880767,0.0,0.0074556212521024,0.0024662523006152,0.0009249839139381,0.0,0.0024450011368222,0.013976462479295,0.0,0.0,0.0,0.0011995534844112,0.0,0.0,0.0,0.0,0.0292826137431212,0.0205718239975752,0.0,0.0064297220047612,0.0166828353471302,0.0,0.0019232759669344,0.0,0.0091970304984892,0.0,0.0006130293771342,0.016967722641288,0.162161014571832,0.0,0.0,0.0,0.139777627800144,0.0897495051204945,0.0008145290517388,0.0532196293209388,0.0,0.133160123436397,0.006339854351083,0.0,0.003161323607881,0.0029717304531272,0.0,0.0016614192455986,0.0112729128425499,0.0,0.0,0.0,0.0,0.0039652676446848,0.0,0.0021533392683595,0.0042779924864601,0.0,0.0691916578632547,0.0,0.0,0.0,0.0,0.0,0.0193673421949673,0.0008992507713211,0.0,0.0,0.0,0.0,0.0115245229985992,0.0,0.0,0.0034070665768006,0.0045433155315746,0.0,0.0,0.0,0.0477896380813246,0.0408115657564349,1.04228798223429,0.0,0.0,0.0110640128144475,0.0,0.0059960553361389,0.0451394447901056,0.0146529403671297,0.0063587050948532,0.0,0.0,0.0034126970530184,0.0,0.0019246229132175,0.0,0.0066092613133186,0.0,0.0413287201877088,0.0310280493667129,0.0526745421921046,0.0,0.0,0.0,0.0021828639104679,0.0077890763636304,0.0,0.0030195189122422,0.0049600305124445,0.0072500690042234,0.0035384391235118,0.0066522243881062,0.0,0.0,0.0,0.0052716557068442,0.0,0.0,0.0,0.0445307188226618,0.0,0.0,0.0,0.0109154683496232,0.0,0.0,0.0208612212893378,0.0078088186416758,0.0417284045789184,0.0011314163522214,0.0007345601490542,0.0,0.0255885829922355,0.0039826386024803,0.0,0.0,0.0,0.0103856305390676,0.0093409349268176,0.0,0.0079725592829216,0.0219588733940942,0.0,0.0,0.0,0.0060070895524715,0.0093243828034567,0.0,0.0,0.0,0.0,0.0380575211484619,0.0,0.0,0.0,0.0,0.0238636226293707,0.0,0.0,0.0012797295462552,0.0,0.0,0.0,0.0014654975470357,0.0031740031138767,0.0,0.0,0.0008952328474258,0.0,0.0,0.1678224277256,0.0408449062261032,0.0090754793193874,0.0,0.0,0.0,0.0051579241059773,0.0,0.0,0.0,0.0,0.0105858286834315,0.0244680976835534,0.0,0.0021173465911037,0.0041869497941447,0.0007182545894823,0.0,0.0,0.0017544010946846,0.0,0.0041591228718474,0.0113845963770752,0.0058454098949812,0.0089676330250154,0.0882633193242054,0.0,0.0009878665859163,0.0019314804264154,0.0,0.0,0.0038698237223251,0.0428977654834487,0.0089887727238432,0.0076984025106685,0.0,0.0,0.0,0.0,0.0,0.0,0.0,0.0,0.0,0.0132319928803132,0.0,0.0,0.0021470984591415,0.0019181522346345,0.0,0.0008373403725118,0.0,0.0,0.0,0.0,0.0,0.0,0.0,0.0,0.0,0.0265169393115367,0.0042430438700533,0.0,0.0034347448317272,0.0108224998924142,0.0,0.0020776400622067,0.0,0.0069960618312095,0.0,0.0,0.0088211580631628,0.129332608239762,0.0,0.0,0.0,0.109290102333476,0.0294857287719242,0.0009408327755066,0.0322483682222635,0.0,0.0427421502806187,0.0007333540022021,0.0,0.0011590018953073,0.0016255644225767,0.0,0.001186584763658,0.0054540046744864,0.0,0.0,0.0,0.0,0.0056639162104611,0.0,0.0018697519361129,0.0035845606405815,0.0,0.0333764506711437,0.0,0.0,0.0,0.0,0.0,0.0156896746334658,0.0,0.0,0.0,0.0,0.0,0.0084091052901362,0.0,0.0,0.0094156973130692,0.0,0.0,0.0021585442159382,0.0,0.0110951836513715,0.0462815341062629,0.221881096879709,0.0009504070737525,0.0,0.0068216858236646,0.0,0.0024548988318289,0.0242415691362144,0.0,0.0048186073543557,0.0,0.0,0.0,0.0,0.0,0.0,0.0031253697485576,0.0,0.529287706048672,0.0,0.0568251051705208,0.0,0.0,0.0,0.0012706523723831,0.0027918639908545,0.0,0.0019466228476206,0.0028712795583257,0.0038387273254723,0.0015259832933126,0.0043468586452818,0.005360271248252,0.0,0.0,0.0,0.0,0.0,0.0,0.0200299120122709,0.0,0.0,0.0,0.0111377943555338,0.0,0.0,0.0130432249468965,0.0023075406527255,0.0123704524167916,0.0,0.0,0.0,0.006244873793979,0.0024911112865993,0.0,0.0,0.0,0.0,0.0087913146383846,0.0
RN,0.0631431212665985,0.134438043595727,0.0,0.0047947014299426,0.0,0.0097364789310502,0.0,0.0,0.0,0.0,0.0,0.0,0.0,0.0,0.0,1.01619608117983,0.0,0.0119603789945425,0.0,0.0014611380133164,0.0,0.0,0.0,0.0326911841946505,0.0,0.0,0.0,0.0071609942917117,0.0,0.0,0.998829348675269,2.59053147209976,0.0,0.0,0.0,0.0034394549028802,0.0,0.0,0.0,10.3959182116215,0.001118742489824,0.111738983797935,0.0071652481888322,0.0,0.0,0.0,0.0,0.0,0.0,0.0,0.0,0.0,0.0,0.0,0.0158479856825272,0.0,0.0211094335337525,0.0,0.0,0.0,0.0,0.0519561311059275,0.0802996593972517,0.0,0.0,0.0023204464189576,0.02138584411916,0.0,0.0133975285737775,0.028469535879768,0.0,0.0,0.0,0.031896473240511,0.0516917523966108,0.0529265547061899,0.0012662797517067,0.0460966782892555,0.0,0.0,0.0051893814391488,0.035732645027596,0.163686223728791,0.0,0.0,0.0442026490857508,0.0033138738497868,0.0,0.0,0.0064003905485425,0.0,0.027659042077024,0.0,0.0773219569575665,0.0702841648948905,0.0,0.0373737504289713,0.0,0.117387346284353,0.0,0.0567114796402395,0.0239566653245882,0.0,0.0,0.0,0.0,0.0,0.0565130247205261,0.017049531498648,0.0645743779105215,0.0,0.0191938992825321,0.0208222738186782,0.0,0.0018597606107531,0.0949361023441833,0.0,0.0,0.0698280104863851,0.0685443442416321,0.0012101747727537,0.0163530456239346,0.0,0.0,0.0,0.0855903158575622,0.0436130322921188,0.0,0.0441881222229926,0.0,0.0271856056450621,0.0,0.0,0.0,0.108957611540079,0.0,0.0,0.125764413540064,0.172210506785742,0.0,0.0,0.0018192796691045,0.184408979587771,0.115494078387874,0.0,0.0,0.0043703103222137,0.0,0.29427868665083,0.0,0.0,1.39093906048465,0.0,0.0111558728226252,0.0,0.10804620631816,0.0,0.0,0.0978842013120709,0.0025269009823055,0.0,0.0034979326225369,0.0,0.0,1.21369678808719,0.0836156580131052,2377.83413474614,0.0,0.189415129568828,2.50452833040108,0.0,0.0,0.0,0.0064918093686758,0.0699987553476411,0.0795310787085886,0.0064457443793937,0.0078408530107936,0.148191027217145,0.0102843821320854,0.008570938908001,0.242191832732979,0.0,0.0,0.4099875743642,0.0044010408639335,0.0,0.0621235635237215,0.0007322245581574,0.0,0.0057858398150316,0.0,0.0,0.0,0.0,0.0081167075059347,0.0600334125327905,0.0377381092914658,0.0,0.0,0.0,0.0,0.167158981598529,0.0034271830086115,0.0936885614234491,0.0,0.0,0.0,0.0,0.0017784344174915,0.0023561554282818,0.0,0.0,0.0,0.0051698123919517,0.0,0.0,0.0,0.130972711291116,0.0,0.0,0.0014012882781169,0.0,0.0,0.0026622871166596,0.0,0.0,0.0,0.0,0.0,0.0,0.0,0.0029162711035941,0.0,0.0,0.0,0.0,0.0,0.0019795671152979,0.0620685295042225,1.22642344124505,0.0,0.0,0.0,0.0,0.0194772953573174,0.0,0.0103083543117704,6.07861395557733,0.0,0.0333482268214169,0.0,0.0,0.0,0.0,0.0,0.0,0.0,0.0,0.0,0.0073133458015483,0.0,0.0,0.0,0.0,0.0129512760145773,0.0,0.0,0.0,0.0,0.0053845620181724,0.0031919022509918,0.0,0.0492562767478437,1.53693390047307,0.0,0.0,0.0,0.0119244994301556,0.0,0.0,0.0,0.0013603202167627,0.0043171684728167,0.0,0.0,0.0,0.0,0.0,0.0007998103430588,0.0026002128477966,0.186983064833911,0.0,0.0453943510535758,0.0298973546008541,0.0,0.0,0.0,0.0,0.0,0.0086000514127646,0.0,0.0056971662100642,0.0058443298299151,0.0,0.0038135777634102,0.0,0.0254772320767351,0.0,0.0360659002274584,0.0,0.0,0.44748372350926,0.0,0.0,0.0,0.0,0.189323130339793,0.0153528294792739,0.0,0.0038794736809316,0.0038918840902429,0.0,0.0,0.0265571925375559,0.0,0.0,0.0006693763727864,0.0088293926981242,0.0,0.0,0.0021496943906649,0.0,0.39609648571149,0.0404375762318529,0.0060530891834767,0.0,0.0079804463296504,0.0,0.0,0.0,0.0,0.0,0.055576591960086,0.0,0.0,0.0737074211508335,0.0376403640421859,0.0,0.233041175334536,0.0,0.0009050214128315,0.0182573034519261,0.0009468291811539,0.0,0.0,0.0,0.0637882137367712,0.0,0.0,0.166559287309801,0.0,0.0,0.0,0.000947929051801,0.0,0.0,0.0184737408127833,0.0,0.0,0.0,0.0063569223606899,0.0,0.0,0.0056147115196984,0.0,0.0077655447909432,0.0,0.526917148006014,0.0,0.0,0.131015039392654,0.0047845440082981,0.0013025972866014,0.0,0.0,0.0,0.003535645308094,0.0,0.0006647783924846,0.0063793358804441,0.0,0.0,0.75805690771897,0.0,0.0,0.0352689505076757,0.0,0.0,0.0006155236026773,0.0,0.0,0.0,0.0211311185773022,0.0,0.0012766440374748,0.0,0.0,0.0,0.0,0.0,0.0077332879714099,0.0,0.0177307379289058,0.0009320235071697,0.0,0.0155217634074302,0.0
RR,0.0515617686137799,0.0215616522604576,0.0012588141055704,0.0267196214354364,0.0,0.0048627403156464,0.0103717469417212,0.0,0.0,0.0,0.0,0.0,0.0,0.0,0.0,0.0550760468028991,0.0038741366794975,0.0021504484645852,0.0007636466574535,0.0020836146117072,0.0,0.0,0.0,0.0355908512099831,0.0,0.0,0.0,0.0222877781379093,0.0,0.0,0.237944392530547,0.307651994204158,0.0,0.0,0.0,0.0040900078180843,0.0188753286795533,0.0,0.0205290439012815,0.0,0.0,0.0509189706248505,0.0199466140056508,0.0,0.0,0.0,0.0,0.0,0.0,0.0,0.0,0.0,0.0033047626552534,0.172524988650155,0.0786065459088018,0.357728349821841,0.0,0.0,0.0,0.0,0.0198581755389296,0.0098336383670399,0.0199059019958109,0.0,0.0068115877291498,0.0,0.0029405640137177,0.0,0.572541713565844,0.0,0.0,0.0,0.0,0.001741508498467,0.0300777231746828,0.009290810824086,0.0117249673944431,0.0185979715214201,0.0,0.0,0.0,0.0,0.0,0.0,0.0,0.0077418613153771,0.0015821278302638,0.0,0.0,0.0,0.0177235620970909,0.0031317915293709,0.0,0.0025614818003665,0.0113336281283069,0.0,0.0411582109963675,0.0,0.0364837706400462,0.0,0.0017202617629721,0.0,0.0,0.0,0.001537047739337,0.0006796137251191,0.0,0.0154183818380673,0.0082598965536492,0.0249711362209101,0.0,0.0169243442894914,0.0,0.0,0.001967396151014,0.0201449954599169,0.0,0.0,0.0213835941584814,0.0148041583796018,0.001483922319807,0.0043573443334371,0.0,0.0,0.0124393104670693,0.0099380597268904,0.003233088852341,0.0,0.0491222337857007,0.0,0.0042939716008289,0.0,0.0,0.0,0.0958618158628396,0.0,0.0,0.0236975973021796,0.0129732615162451,0.0,0.0,0.0,0.0052014672600024,0.0573689524459862,0.0,0.0,0.0162885556383963,0.0,0.105977302355663,0.0,0.0,0.0078692339911799,0.642106245996699,0.0019889561836147,0.0,0.0,0.0023424825628376,0.0,0.0202779490125958,0.0,0.0,0.0155190850866478,0.0,0.0056180501978629,0.234066383594867,0.069696531192008,228.866089063281,0.0016261703538246,0.0,0.496913178030292,0.0,0.0,0.0,0.0,0.0062535187478886,0.0047285499465815,0.0,0.0,0.0034238572552261,0.0,0.0031064890570169,0.0,0.0,0.0,0.0,0.0046689231481611,0.0,0.0143339504722533,0.0,0.0,0.0,0.0,0.0,0.0,0.0,0.0132276600323649,0.0056778857807879,0.0022914358149423,0.0,0.0,0.0,0.0,0.0197592784841958,0.0,0.002919900963175,0.0,0.0,0.042203433059015,0.0,0.0019876166583591,0.0,0.0018865297160674,0.0,0.0,0.0025723159006587,0.0,0.0,0.0,0.0291466225747447,0.0,0.0,0.0,0.0,0.0,0.0,0.0,0.0,0.0,0.0,0.0,0.0,0.0,0.0023646158760862,0.0,0.0,0.0,0.0,0.0,0.0,0.0319928874036695,0.161257582802327,0.0,0.0,0.0,0.0,0.0147374530123989,0.0,0.0481271875854591,1.42761448140185,0.0,0.0204848466847217,0.0225171703614271,0.0,0.0,0.0,0.0,0.0,0.0,0.0,0.0,0.0,0.0,0.0,0.0,0.0,0.0,0.0,0.0,0.0,0.0011833547911719,0.0048451984694059,0.0021223080640257,0.0,0.0571014804876244,0.0,0.0,0.0,0.0,0.0,0.0,0.0,0.0,0.0010003304289291,0.0019408208838012,0.0,0.0,0.0230940282517482,0.0,0.0,0.0011026430008852,0.0,0.0,0.0,0.007753901196515,0.0,0.0,0.0,0.0,0.0,0.0,0.0014966127120343,0.0,0.0,0.0009796641419405,0.0007224821680988,0.0027533071046866,0.0,0.0039374868385196,0.0,0.0007053776824676,0.0012345001336682,0.0,0.0744903490817138,0.0,0.0,0.0,0.0,0.054019916124272,0.0015822202064637,0.0,0.0023729083339077,0.0057522559522176,0.0,0.0,0.0067257049581551,0.0,0.0,0.0,0.0089241273099202,0.0,0.0,0.0,0.0,0.0118427780910341,0.0040262475786489,0.0014170521444526,0.0,0.0072536654201405,0.0,0.0,0.0,0.0,0.0,0.0231697338588304,0.0,0.0,0.0124722945270409,0.0007444734698923,0.0,0.0325037212512421,0.0,0.0,0.0237492818713319,0.0,0.0,0.0,0.0,0.0195409885454235,0.0,0.0,0.0645823627037122,0.0,0.0,0.0,0.0,0.0,0.0,0.0035362183551437,0.0,0.0,0.0,0.0,0.0,0.0288622211043422,0.0,0.0,0.0,0.0,0.0060068071256588,0.0,0.0015694107133091,0.0078487367312388,0.0086068503802797,0.0,0.0,0.0,0.0,0.0,0.0,0.0,0.0008158836432802,0.0019661695393663,0.0,0.0,0.0,0.0,0.0046950546186521,0.0,0.0,0.0,0.0,0.0,0.0,0.0013442762331191,0.0,0.0,0.0,0.0,0.0,0.0,0.0,0.000657329105291,0.0,0.0,0.0,0.0,0.0148571046502782,0.0
RSPagl,0.0,1.30113218276965,0.524582289377969,0.0,0.0,0.0,0.0,0.0,0.0051935452877513,0.0,0.195274754010605,7.35195449171593,0.0,0.0,0.0,0.0094449901245002,0.0,0.664204478204978,0.175354639530388,0.323672593564562,0.527014797305164,0.0273428947686288,0.0,0.0,0.0123625084981445,0.0,0.0,0.0,0.0010201917482736,0.0,2.94379797161847,0.0,0.0,0.0,0.0,0.0,0.0286719607166689,0.0,0.0,0.0,0.0045715216958713,0.0,0.0007223710205543,0.0,0.0007296649659905,0.0,0.389708124457805,0.0500068549796664,0.0,0.0169182178846683,0.0,0.0,0.0,0.0079588922038939,0.0107554933531311,0.0,0.0,0.10435370681926,0.0,0.0,0.0,0.0011408430977175,0.334689566897008,0.0,0.0,0.0,0.0,0.0007039696051088,0.0417759812065233,0.0045794631177774,0.805959548120401,0.0,0.0,0.0,0.0,0.341811879108454,0.0,0.0,0.0,0.0,0.0,0.0,0.0014003251402841,0.0,0.0013790031298501,0.0,0.0,0.0,0.0,0.0021138026298584,0.0,0.0333368285755996,0.0,0.0468518062379901,0.0,0.0,0.0,0.0,0.0,0.0283274334737326,0.0,0.247552844275292,0.0313522692459747,0.0,0.0,0.002497490773103,0.0084590099418667,0.0,0.0054922673003461,0.0,0.406895387110987,0.86395768687075,0.0,0.0,0.0046839772094545,0.0,0.0058702448942347,0.0,0.0,0.0012972905493791,0.0,0.0,0.0054633892207594,0.0,0.0,0.0020861676283539,0.0011454951729426,0.0,0.0,0.0,0.0717983010543842,0.0,0.234544601271948,0.0,0.0,0.043599104321493,0.0,0.0,0.0,0.0,0.0,0.166599449207606,0.750649288225518,0.0159342569774564,0.0,0.0,0.0,0.0,0.0,0.106428411736982,0.0,0.13242518738961,0.0,6.20705167164804,1.58841713656902,0.979508803691082,0.041233102965828,0.0,0.0,0.0,0.0,0.0,0.0,0.0,0.0,0.0,0.0,0.0,0.0,0.0,0.0,0.0007174942294996,0.0,0.0,0.0387371897371743,0.129605539928318,0.0,0.0,0.0934701150436957,0.0,0.0,0.0049798004517959,0.0,0.0,0.0,0.416648205608397,0.0,0.0,0.0,0.0,0.0,0.0,0.508226059412257,0.0,0.0,0.0210759916270038,0.455128747006865,2.46713741540569,1.54798915611636,0.0992596559785717,0.0,3.80774157083175,0.0,0.0,0.0,0.0,0.0,0.0,0.0,0.0,0.127183562094383,0.0,0.0,0.0023708076220938,0.0,0.0,0.0,0.0,0.0,0.0,0.0,0.0,0.001448017534593,0.0,0.0,0.0,0.0637793534564988,0.0199303840136596,0.0,0.0,0.0036936949107872,0.0,0.0,0.0061924040328773,0.0,0.0,0.0,0.0019548174767553,0.0212575082138606,0.0,0.0,0.0,0.0,0.0,0.0,0.032281738041831,0.0,0.0,0.0,0.0007231561403621,0.0,0.0,0.0075581492550143,0.002874033942104,0.0,0.0325616892681955,0.0,0.0,0.0029474767222737,0.0,0.0008944136287497,0.0016759537063168,0.0008292443542185,0.0,0.0057072159550095,0.0,0.0148695354921462,0.0,0.0,0.0,0.0,0.0013796842576393,0.0,0.0,0.0,0.0,0.0,0.0007054688663107,0.0028135729944533,0.0,0.0,0.0,0.0,0.0,0.0,0.0,0.0007074897463999,0.0,0.0,0.0,0.0,0.0012953215096803,0.0,0.0008432104158226,0.0,0.0,0.0,0.0,0.0031616516505508,0.0,0.0249505370400605,0.0015086726327134,0.0136665960631235,0.0,0.0,0.0,0.0,0.0,0.0349778187914563,0.0,0.031592662787846,0.0121360484457339,0.0,0.0021615642528346,0.0006161755637684,0.0,0.0043758086330581,0.0033656284248098,0.0,0.0008321996119737,0.0124306531592156,0.0,0.0,0.0,0.0,0.0,0.0,0.0,0.0,0.077252230348834,0.0,0.002810400075038,0.0,0.0,0.0022526974130394,0.0,0.0,0.0023818622057456,0.024485183900392,0.0023200009866779,0.0,0.0,0.0007056728118087,0.0,0.0,0.0,0.0,0.0,0.0,0.0,0.000664417968347,0.0,0.0,0.0100703451098169,0.0,0.0,0.0,0.0,0.210265146242453,0.0,0.0,0.0,0.472306996571799,0.0991556224641684,0.22376120014189,0.0011816837672631,0.0,0.0,0.0,0.0,0.0,0.0,0.0,0.0,0.0,0.0,0.0,0.0,0.0,0.0,0.0026187805071332,0.0,0.0,0.0140065846120278,0.0357482843158884,0.0,0.0,0.0841194200180629,0.0,0.0,0.0468725868757364,0.0,0.0,0.0,0.0247651797602581,0.0,0.0,0.0197995724132481,0.0,0.0,0.0,0.0,0.0010741829693954,0.0,0.0,0.13961810790663,0.752993557036073,0.183075353713032,0.0220492146570439,0.0143869441679177,0.517898781645849,0.0,0.0,0.0,0.0,0.0,0.0,0.0009482997488543
RSPd,0.0,2.9757234417972,0.049002333364038,0.0,0.0,0.0,0.0,0.0,0.0094450099556837,0.0,0.105736024652894,7.73452585728467,0.0,0.0,0.0,0.0020502079264453,0.0,0.0345315350048483,0.106308098225058,0.38535740848566,1.35092976471421,0.0486975561928958,0.0,0.0,0.011782854590702,0.0,0.0,0.0,0.0021419043059854,0.0,5.50310206797343,0.0,0.0,0.001949338090389,0.0,0.0,0.0134778811298869,0.0008829314501626,0.0,0.036877280175129,0.0049613820622734,0.0,0.0006322172632777,0.0,0.0056770136030796,0.0,0.552330750021736,0.0508510900274101,0.0,0.0130976712805778,0.0,0.0,0.0043124915702381,0.0050717181443695,0.0,0.0,0.0,0.0952516854957841,0.0,0.0011477170760236,0.0019533022531278,0.0,0.166929336149084,0.0,0.0,0.0,0.0,0.0031611616297223,0.0442680632003326,0.0014153659418187,2.94854441179876,0.0,0.0,0.0,0.0,0.262870220715802,0.0,0.0,0.0,0.0,0.0,0.0,0.0027854962488251,0.0,0.0019288415426672,0.0027577055802996,0.0,0.0,0.0,0.0021127127080127,0.0,0.0383425255770748,0.0,0.0137013608681132,0.0,0.0,0.0,0.0,0.0,0.0742155782878497,0.0017410023604694,0.652412217829653,0.19799064040567,0.0,0.004622209659695,0.0016532187041868,0.0617017581963516,0.0,0.0032200901849373,0.0,0.315303607073522,0.535082751218282,0.0,0.0,0.0,0.0,0.0069520738636872,0.0,0.0010010757124689,0.0,0.0,0.0,0.0031128441570021,0.0007142427286855,0.0,0.0021837837607797,0.0043921939435802,0.0,0.0,0.0,0.0044716606192977,0.0,0.436785154953245,0.0,0.0,0.10761956793076,0.0,0.0,0.0030031923456128,0.0,0.0,0.256527347848949,2.38105949900878,0.029085217590556,0.0,0.0,0.0,0.0,0.0,0.106958134180961,0.0,0.0396341330331795,0.0,1.79133824818025,10.276753176394,3.40314748222951,0.0566117696490439,0.0,0.0,0.0,0.0,0.0,0.0006485047278442,0.0,0.0,0.0,0.0,0.0554284254139268,0.0,0.0,0.0,0.0016243250646306,0.0,0.0,0.0430944989931907,0.03398715092964,0.0,0.0,0.0273420365331792,0.0133186490621723,0.0,0.0162356360177623,0.0,0.0,0.0024401756953461,0.431391482999727,0.0,0.0,0.145428944365366,0.0,0.0,0.0,0.359501480600927,0.0014668647523451,0.0,0.0330422173788542,1.48874468306694,2.9794422245882,1.64733271882808,0.184523527254308,0.0,5.23408459598827,0.0,0.0,0.0,0.0,0.0,0.0,0.0019483899940839,0.0,0.296015946657322,0.0,0.0009982998768661,0.0051782375857853,0.0,0.0,0.0,0.0,0.0,0.0,0.0,0.0,0.0062490765199287,0.0,0.0012990583140393,0.0,0.0,0.0049227181467698,0.0,0.0013510454356979,0.0058399175870379,0.0083059308856101,0.0014037044651145,0.0232202841426169,0.0,0.0,0.0,0.0071838627639384,0.0516363599391532,0.0,0.0190099130141336,0.0,0.0090784562786444,0.0,0.0015945777588575,0.0322980715260262,0.0015481856364934,0.0,0.114556439071682,0.013543837781553,0.0,0.0049497358318871,0.0296140431062315,0.0112218525312924,0.0,0.0333229719297926,0.0,0.0052067607008933,0.0,0.0,0.0019854817533868,0.0,0.0125220505508105,0.0023998694729029,0.0,0.0,0.0524428017818669,0.0,0.0020970327273752,0.0014272170332041,0.0036584309201263,0.0,0.0,0.0,0.0,0.0,0.0074521283556321,0.0,0.0016346574052107,0.0051140239868649,0.0,0.0,0.0,0.0,0.0,0.0,0.0,0.0197155549485668,0.0,0.0,0.0,0.0132238812795323,0.0,0.0069961775868419,0.0,0.0,0.0,0.0,0.0073172935482765,0.0,0.0336411450023872,0.0024375494400995,0.0,0.0245835874284324,0.0,0.0,0.0,0.0,0.0801138195481312,0.0016234516002623,0.0745962768075624,0.0,0.0028629322134014,0.0,0.0044568849476779,0.0,0.0136861240690351,0.0286829492318929,0.0008354563245658,0.0,0.003444966156762,0.0,0.0,0.0,0.0,0.0015845405361634,0.0,0.001755354271027,0.0036013300648297,0.0185966607944691,0.0,0.0143463168932187,0.0,0.0,0.006906398646981,0.0,0.0,0.0030802861182256,0.0380602745238262,0.0115353884272804,0.0,0.0,0.0023781820318315,0.0,0.00111742738412,0.0038975170754026,0.0010209019757051,0.0017271679300748,0.0,0.0,0.0,0.175483781004198,0.0,0.019651064473907,0.0,0.0,0.0,0.0,0.293331895136058,0.0,0.0,0.0,0.112961330180681,0.433957442513813,1.14419249738085,0.0030125193516528,0.0,0.0,0.0,0.0,0.0,0.0024167559459739,0.0,0.0,0.0,0.0,0.0,0.0,0.0,0.0021146695419636,0.0065630279917884,0.0,0.0,0.0109783330599657,0.0008635544186564,0.0,0.0,0.0209196560324228,0.0105869029946762,0.0027502879146781,0.0439723633805238,0.0,0.0,0.0114078354376231,0.0207031159570209,0.0,0.0,0.0517979173223344,0.0,0.0,0.0,0.0,0.0070044601228894,0.0,0.0,0.179027552306737,0.682805005660055,0.156381807315952,0.0249312816197599,0.0,1.16363859309075,0.0,0.0,0.0,0.0023009145133374,0.0,0.0,0.0
RSPv,0.0,1.81087317701469,0.0,0.0,12.7373822453028,0.0,0.0,0.0,0.0027030236327739,0.0,0.954344001293744,0.0,0.0,0.0,0.0,0.0021850635112026,0.0,0.0,0.0073885485656439,0.0375895432134406,3.73559561089385,0.035120600686614,0.0,0.0,0.507372210923331,0.0,0.0,0.0,0.0027993713812194,0.0,4.02241736174032,0.0291374247849816,0.0,0.0139094210817314,0.0,0.0032769599923228,0.0294148600779747,0.0016938235369259,0.0031410340056084,0.0555279214806669,0.0603766735499127,0.0,0.0012386619992161,0.0,0.01233972760254,0.0,0.313323017847244,0.131981878309185,0.0,0.0095685436919353,0.0,0.0018608480384651,0.0,0.0,0.01128741934497,0.006246328293813,0.0,0.0707578736908184,0.0,0.0030148327657274,0.0025008532545901,0.005562718565179,0.152840458475131,0.107535967595305,0.0,0.0,0.0092381884858371,0.0073656152112256,0.0,0.0,1.8696791709418,0.0037128737383846,0.0,0.0,0.0,0.0,0.0,0.0,0.006704539238001,0.007669024272897,0.0,0.0,0.007866175491691,0.0,0.0055856008409226,0.0146622842280579,0.0,0.0,0.0,0.0047784950005139,0.0,0.0384363981438252,0.0,0.003788358423008,0.0227203330529007,0.0,0.0,0.0,0.0,0.264788852994474,0.0013790266956566,1.82906480739733,0.258084700570116,0.0018433433254662,0.0045924916914384,0.0025523350661514,0.415606644420933,0.02779870012199,0.0155648378031996,0.0,0.0290793550815709,0.0777991680850005,0.0,0.0,0.0,0.0,0.0,0.0,0.0024909865290519,0.0,0.0,0.0,0.0131836397177757,0.0064913020417844,0.0,0.0125833729981812,0.0,0.0,0.0,0.0,0.0117461758387761,0.0,0.0,0.0,0.0,0.0670397531947339,0.0016933567056402,0.0,0.0008857036941646,0.0,0.0,0.518657088555511,2.10004609442398,0.0,0.0,0.0,0.0,0.0,0.0,1.08105335513786,0.0,0.0,0.0,1.22135150168275,7.0438289294579,8.06518837369008,0.0,0.0,0.0,0.0,0.0,0.0,0.0026107314986054,0.0,0.0,0.0,0.0,0.0,0.0,0.0,0.0,0.0012790811717683,0.0019200583417643,0.0,0.0027325101268328,0.0249809745763537,0.0,0.0,0.0191138681476066,0.0085478234206953,0.0019785601461262,0.0202320509338625,0.0244797633165505,0.0,0.0046116167856878,0.0906642095955744,0.0007158144618272,0.0,0.27887778828176,0.0,0.0174152279475423,0.0,0.13227735186259,0.0023056695413321,0.0,0.0233669058784346,0.445152191387354,1.43335310715393,0.373206200262606,0.0351189619727378,0.0,2.99357903412663,0.0,0.0,0.0,0.0,0.0,0.13920593781844,0.0,0.0,0.295044207006781,0.0,0.001730090881942,0.0801120375165787,0.0,0.0,0.0,0.0,0.0,0.0,0.0,0.0,0.0038646546599582,0.0,0.0018150211579331,0.0,0.0,0.0012333337368721,0.001473438436791,0.020095825321447,0.0025953116548136,0.0174852636759582,0.0007785747074898,0.0418127490158032,0.0,0.0,0.0,0.0069620437384395,0.0,0.0,0.0385352740103074,0.0,0.0158087938003993,0.0,0.001532203893528,0.0207043578881344,0.0014739145717116,0.0153836517266643,0.315512167693448,0.046238193304177,0.0026194004676235,0.0073090303949302,0.0472192581193985,0.0084295678655817,0.0102043397768738,0.0159582368465719,0.0,0.0073896965130035,0.0,0.0,0.0022640047072124,0.0,0.0,0.0029180648614121,0.0,0.0,0.0491527356388581,0.0,0.0032611395333934,0.0023667572362428,0.0093701265439246,0.0,0.0,0.0,0.0,0.0041866169606825,0.0110736085273827,0.0053389865461739,0.0015790815822436,0.014338110429587,0.0,0.0,0.0,0.0,0.0,0.0069018103445971,0.0,0.0234424183665791,0.0,0.0,0.0,0.0142886216565605,0.0,0.0090503874156525,0.0,0.0,0.0,0.0,0.0125464898730222,0.0,0.0658281531131475,0.0014407711340404,0.0007655104759125,0.0214617497499115,0.0,0.0,0.0,0.0,0.194719119385744,0.0020595878504659,0.158881976849154,0.0,0.0069212001277927,0.0,0.0085407377083839,0.0412228198160315,0.0242345726315861,0.034617600990281,0.0,0.0,0.0007918642396157,0.0,0.0,0.0,0.0,0.0046475282082115,0.0,0.0021385983158517,0.0069257936473388,0.0118651228570951,0.0,0.0253079314568327,0.0,0.0,0.0072013493898891,0.0,0.0,0.0015171080521068,0.0,0.008119894447747,0.0,0.0,0.0,0.0,0.0026668576163007,0.0050953606860698,0.0008426718660938,0.0013851485227844,0.0,0.0,0.0,0.0,0.0,0.0231868593749877,0.0,0.0,0.0,0.0,0.716172927624795,0.0,0.0,0.0,0.102366417420674,0.0547073667688438,2.31159867254069,0.0024162558606857,0.0,0.0,0.0,0.0,0.0,0.0033293877875442,0.0,0.0,0.0,0.0,0.0,0.0,0.0,0.0013238119896785,0.003635620386823,0.000762332349471,0.0,0.0109607751641633,0.0113131897779584,0.0,0.0,0.0439031153773649,0.0106436366721231,0.0024156754722584,0.0789298994787316,0.0,0.0,0.0098954347994684,0.0,0.0,0.0,0.0963011910074284,0.0,0.0,0.0,0.0,0.0089267624170308,0.0,0.0,0.0525978058034005,0.474904918975438,0.0189385199873792,0.0106579870356396,0.0491136968973743,0.614191554474716,0.0,0.0,0.0,0.0025146793285648,0.0,0.0,0.0
RT,0.0,0.655508439259821,0.0367344255681177,0.0031658434562538,0.0,0.0160229636295926,0.0241218810704762,0.0,0.0,0.0,0.41082250250831,0.0,0.0,0.0,0.0007415762093859,0.011706252333109,0.0660441194311007,0.0706180408929684,0.239697437135222,0.287415093484138,0.555599548015063,0.0,0.0,0.0711595798586562,0.0075906643624458,0.0,0.0,0.0,0.0,0.0,0.435666736683266,0.14147125269932,0.671717020336679,0.0,0.0136344929941475,0.0588001134393028,0.0,0.0,0.0,0.187192097028495,0.0024517716161828,0.139805438017387,0.0,0.0,0.0,0.0,0.0234845893654502,0.0236573300621442,0.0,0.0,0.0,0.0,0.0,0.0,1.84993991541176,3.76274149243838,0.0,0.103799191373804,0.264123967281426,0.0,0.0,0.0339602721172938,0.241136267821732,0.0,0.0,0.0,0.0157169426117245,0.0,1.95737236074567,0.0060924683066061,0.394020915300551,0.727897657972098,0.0033451063898822,0.0,0.160806734424163,0.386272730910925,0.107398806046307,0.0051797966301479,0.0081384967479279,0.0,0.0236226668969017,0.0,0.0,0.464629792150277,0.0,0.0,0.0400171519736423,5.45349129948945,0.0,0.551701258896019,0.456281814662693,0.0162242174938745,0.0,0.203338457975151,0.22909123407683,0.0,0.0162888271370566,0.0,0.0188645852609656,0.0089882275480941,0.0,0.127908431882499,0.196237372412535,0.0,0.0,0.0,1.04708202826728,0.0433236966749929,0.0197054942000864,0.275162297517799,0.0253280621861238,0.362445136770576,0.0,0.0150536454956929,0.0298476310005894,0.0128906405310205,0.0,0.0,0.0,0.112310175177137,0.0,0.09431925058647,0.0,0.0,0.0,0.0015044331056515,0.0,0.0027627258576998,0.409838351950513,0.0,0.410521550250255,2.54247315375944,0.0,0.0,0.0354532909862758,0.0333854324066866,0.0,0.0,0.0,0.0,0.0016891311098396,0.0,0.0051696893214078,0.37773201802182,0.121813229349142,0.0288624085806381,0.0058798848504835,0.0,0.404008790113799,0.593045171099827,0.0,0.0094998799832312,0.0,0.490823613851404,0.406661812335479,0.474494635412912,1.83012144805262,0.0,0.0025616725687402,0.0,0.0591964151089296,0.083776145620407,0.0,0.175135858512834,0.271698465693958,0.0750651192131853,0.0,0.514357549704379,0.0,0.0,0.0,0.0,0.0,0.0,0.272931341672217,0.154364615871505,0.19477478384175,0.249735000055929,0.390630228010454,0.210562236308492,0.0848539820936817,0.0,0.0,0.0,0.0222286539627269,0.120894409501541,0.0032870186594511,0.0026294095217918,0.0,0.0,0.0,0.0,0.238001416067426,0.0,0.0,0.056309283821471,0.741322305780579,0.905190215315504,0.34443541028994,0.13452023255027,0.0,1.18531133247008,0.478290479330526,0.032349032104302,0.0,0.475024346501095,0.0,0.0,0.0,0.0,0.002784021064029,0.0126436222231781,0.0,0.0,0.0,0.0,0.0,0.0,0.0046969763162377,0.0,0.0,0.0,0.0,0.0,0.0,0.0400450083320773,0.0,0.0,0.0,0.0,0.0,0.0,0.0,0.0026437663164145,0.0,0.0,0.0,0.0,0.0,0.0063793240807463,0.0298391769043106,0.0656447148791231,0.0,0.0020739615533776,0.0,0.0129138678375552,0.0,0.0,0.289957281513999,0.0,0.0293193083616626,0.112167604283959,0.0,0.0,0.0012785134191705,0.0,0.0213514608853917,0.0,0.0,0.0,0.0020384333765637,0.0,0.0,0.0259740120160888,0.0063818261114125,0.0,0.0017765439618731,0.0,0.0,0.0,0.000992955884911,0.0607594017923839,0.224199313419959,0.0781345955078172,0.0209440005419394,0.0,0.0,0.0,0.0092244216351355,0.0,0.0,0.0,0.0289436387577889,0.0037143694765475,0.0,0.0027991906472279,0.0065990900885352,0.0,0.0,0.0,0.0019086536934595,0.0,0.0,0.0,0.0,0.0,0.0,0.0,0.0007393583084877,0.0634266975441535,0.0041596334312708,0.0,0.0,0.0012165949123978,0.0006980617679628,0.0010293828757451,0.0,0.0014163517447918,0.0094365370004322,0.0047268311427946,0.0135943591123751,0.0466063883948315,0.029623732742444,0.0,0.0024150224143438,0.431743466451485,0.149238224812016,0.263510103567821,0.0023254982472227,0.0,0.0022495323110619,0.0,0.0,0.0,0.0022949415155886,0.0,0.0,0.0,0.0086257584193988,0.0007961517185535,0.0,0.0,0.0,0.0,0.0056662293786723,0.0,0.0,0.0,0.0,0.0011366929302073,0.0,0.0,0.0,0.008652159892354,0.0,0.0,0.0021771712789645,0.0,0.0,0.0090135893422388,0.0,0.0,0.0,0.0270591859447998,0.0,0.0,0.0,0.0,0.525279462632817,0.0,0.0,0.0060078052435815,0.0,0.0,0.0,0.0012519077740178,0.0,0.0,0.000929907210032,0.0,0.0,0.0,0.0,0.0,0.0006184718108573,0.0,0.7004974304381,0.0,0.0300964349007441,0.0,0.0011234977837536,0.0,0.0,0.0,0.0,0.0,0.0,0.0,0.0,0.0,0.0,0.0007276046596025,0.0,0.0,0.0,0.0,0.0006340842642511,0.0,0.0,0.0,0.0,0.0,0.0,0.001282039697115,0.0,0.0,0.0010872857766137,0.0,0.0,0.0,0.002118895524525,0.0,0.0031598150552423,0.0,0.0,0.0,0.0046319075224357,0.0
SBPV,0.0,0.0,0.0031746898232451,0.0012425548868087,0.0,0.0794161941420437,0.0,0.0,0.0,0.0083816789969,0.0,0.0,0.0,0.0,0.0029963539523992,0.0,0.699914808696584,0.0,0.0,0.0,0.0,0.0,0.0037907886099535,0.0301049887669971,0.0052555132576503,0.0052447300569195,0.0,0.0,0.0,0.0,0.0121044744680224,0.0,0.0,0.0,0.0,0.0,0.0043994489472255,0.0,0.0009331011239239,0.0,0.0011783986630644,0.179077954536836,0.0,0.0,0.007241487439628,0.0050852662371175,0.0013771054127306,0.0009054214005996,0.0,0.0103738729412811,0.0,0.0,0.0,0.0,0.0,0.0,0.0,0.0,0.0246743367043355,0.0,0.0,0.0033898264785931,0.0805635056291737,0.0,0.0129020873841845,0.0,0.0,0.0,0.0109705430376017,0.0,0.0,0.0,0.0,0.0,0.0187925995103843,0.0,0.0,0.0022736984154127,0.0,0.0206538141356889,0.0471406343785372,0.0,0.0,0.0,0.0,0.0,0.0205247839941244,0.0,0.0,0.0,0.0,0.0311702195746671,0.0,0.0,0.0,0.100632284493711,0.0027024470513711,0.0,0.0,0.0822424182718512,0.0,0.0552605994148546,0.0230636502916397,0.0018917625811265,0.0396727465402652,0.0,0.0,0.158556635952687,0.0017752894295872,0.0,0.0,0.0,0.0,0.0592708615521836,0.0053801578152105,0.0020158795261478,0.0,0.0,0.000740233490119,0.01165327523394,0.0,0.0,0.0,0.0,0.0,0.000814347197557,0.0136740620747025,0.0,0.0,0.0,0.0,0.0024798588523832,0.0,0.232254009330952,0.0312524254207098,0.0006161475679861,0.0,0.0,0.0,0.0,0.0,0.106275505643296,0.0019938328155896,0.0,0.0347527534486923,0.0,0.152500385361311,0.0,0.295784510894735,0.0381370826714699,0.0,0.0008975586288799,0.0,0.0,0.0,0.0009764295373817,0.0,0.499946936959826,0.0,0.0,0.0,0.0,0.0,0.0,0.0,0.0,0.0,0.0,0.953880216651419,0.299952264630096,0.0,0.0,0.0,0.0,0.0,0.0,0.0,0.0,0.0,0.0,0.0,0.0,0.0,0.0,0.0,0.0,0.0,0.0,0.0,0.0019914661228208,0.0,0.0,0.0,0.0,0.0,0.0,0.0,0.0,0.0,0.0,0.0,0.0,0.0,0.106130185898459,0.0,0.0,0.0,0.012866432089967,0.0,0.0,0.0,0.0,0.0,0.0,0.0019505425811511,0.0,0.0,0.0,0.0045619711214937,0.0,0.0,0.0,0.0,0.0,0.0,0.127933133376579,0.0,0.0,0.0,0.0,0.0,0.0,0.0009083426847322,0.0,0.0,0.0,0.0,0.0,0.0,0.0009489072843262,0.0,0.0,0.0,0.0,0.0,0.0011139093432974,0.0,0.0,0.0,0.0,0.0523209352147277,0.0,0.0,0.000710591161491,0.0,0.0,0.0,0.0,0.0,0.0,0.0,0.0,0.0,0.0,0.0024522418210031,0.0,0.0,0.0,0.0,0.0,0.0007588224623298,0.0064666873520643,0.0,0.0104049112443186,0.0,0.0,0.0,0.0,0.0,0.0,0.0,0.0,0.0009294234262278,0.0,0.0,0.0,0.0011584265787946,0.0,0.0,0.000936412137693,0.0,0.0,0.0,0.0,0.0,0.0,0.0,0.0,0.0,0.0,0.0,0.0,0.0,0.0,0.0079174452434283,0.0,0.0,0.0,0.0111278776328444,0.0,0.0116779142028712,0.0040165864924072,0.0,0.0013559846032975,0.0,0.0,0.035106349499776,0.0014133881626063,0.0,0.0,0.0,0.0,0.0,0.0,0.0,0.0,0.0,0.0,0.0,0.0,0.0,0.0,0.0,0.0,0.0,0.0039407314712478,0.0,0.0,0.0,0.0,0.0,0.0,0.0,0.0046424361082581,0.0,0.0,0.0,0.0,0.0,0.0,0.0113573381108865,0.0,0.0404554219025205,0.004020007071093,0.130870187534284,0.106332914059368,0.0,0.123597440707634,0.0124432050945628,0.0,0.0,0.0,0.0,0.0,0.0,0.0,0.0103492152643568,0.0,0.0,0.0009094193200621,0.0,0.0,0.0,0.0,0.0,0.0,0.0,0.0590707277917411,0.0229341770249345,0.0,0.0,0.0,0.0,0.0,0.0,0.0,0.0,0.0,0.0,0.0,0.0,0.0013871560071975,0.0,0.0,0.0,0.0,0.0,0.0,0.0014578182174923,0.0059457214983132,0.0,0.0,0.0,0.0,0.0,0.0,0.0,0.0,0.0,0.0,0.0,0.0,0.0,0.0,0.0,0.0,0.0060519876996299,0.0
SCm,0.150909800593457,2.86317183697434,0.504399948093847,0.0007385762964514,0.0,0.0,0.0,0.0,0.0,0.0,0.0,0.0,0.0,0.0,0.0,1.20292411941012,0.0,1.90466130769223,0.996805010683741,0.0,0.0134594517720093,0.0,0.0,0.0114221744068995,0.0,0.0,0.0,0.0147266090174208,0.0,0.0,0.0,0.0,0.0,0.0,0.0,0.0,0.0,0.0,2.02897677927317,6.24497513756256,0.0091313505262848,1.64096498019659,0.0490097189743168,0.0,0.0,0.0,0.0,0.0625765388628252,0.0025223458695536,0.0,0.0,0.0034794873212365,0.453905834888368,0.0,0.0279782908111061,0.0,0.0368369163866751,0.0,0.0701242134169949,0.0,1.31063001521142,7.63323031769609,1.13906128964351,0.0,0.635260627330954,0.0,0.0,0.041514976368285,0.0,0.0067450870909379,0.000751465095121,0.0,0.0,0.0,0.282967279015249,0.0556282897438852,0.0062520807050225,0.0,0.0,0.0,0.0087563505044511,0.0,0.0,0.0,0.0,0.0,0.0133928896726349,22.3697299449102,0.0,0.121864790370021,0.119393569629902,0.0,0.0,0.328074366071443,0.794044287477606,0.0,0.0198560697699798,0.0,1.87229205261509,0.0,0.0,0.0,0.0,2.01779406481957,0.0,0.007313670262624,14.3358359331449,2.41860952332417,0.14793283985183,0.71540762437229,0.0,0.0482206049534634,0.0014462401610356,0.0,0.0,0.478342228578817,0.0,0.0,0.0,0.0,0.0381155510215701,0.0,0.0078438552723806,0.304338541422366,0.148121659672373,0.129977544722093,0.0,0.0,0.0,0.0,0.0373155716973531,0.0,0.0437647165046468,0.0,0.217122754158414,0.0,0.0,0.200113004307276,0.0344741301253255,0.0,0.159690949837527,0.0170928122269155,2.12765067549793,0.987993159110782,0.0,0.0,0.0,0.0,14.23946743275,0.0,0.0,0.0,0.0,4.50494381453431,0.244117350955811,1.75317599004683,0.0,0.0,3.37588614011812,2.48400992288235,0.0,0.0,0.0019118507202714,0.0,4.53430170447975,0.805963139966492,0.0,0.150883813206975,0.676034867654102,18.4096511319316,0.0015954632339816,0.0018775884544816,0.0218953594090705,0.0,1.12242197522988,0.245821332716633,0.208073858960785,0.448141561276472,1.29119267038803,0.619677730038831,0.129986086132961,0.27320622320093,0.0,0.0,0.0356480874303945,0.581055599835155,0.0,0.0,0.0,0.0,0.0,0.0,0.0,0.0012394552072536,0.0211480368976706,0.104726120962236,5.61256720471696,2.17422604385435,0.944085129451078,0.083385434188261,0.0,0.986881466018665,0.209317172041551,0.471352409866871,0.311798297354633,0.0,0.0,0.0,0.0,0.0295650019059403,0.0335888871791964,0.079268886226324,0.0,0.0,0.0,0.0,0.0,0.0,0.16197766940423,0.0,0.0,0.0,0.0,0.0,0.0,0.0,0.037827289165623,0.0248918553256464,0.0312517456502425,0.0,0.0059201401158566,0.0,0.0017641622454417,0.001540662594171,0.0,0.0,0.0,0.0,0.0,0.0,0.0,0.0,0.0,0.0,0.0,0.0,0.0,1.51933705764152,3.87221406379706,0.0,0.881903451928841,5.95327149255928,0.0,0.0,0.0,0.0,0.0,0.0022969272921106,0.0,0.0,0.0404150829474316,0.0728395644377129,0.0,0.0009060376600724,0.0,0.0,0.0114923545323856,0.0011625118254745,0.0,0.57486759702582,1.55925816466004,0.323355876438813,0.0,1.29173653010873,0.141821352674564,0.0,0.0,0.0,0.0,0.0,0.0,0.0,0.0,0.0194730357871241,0.0,0.0,0.0,0.0,0.0,0.0,0.0,0.0,0.0,0.0612507817498476,0.14231155629776,0.0008097594465441,1.02156872277577,0.0,0.0032722783425476,0.0795721490328235,0.0,0.0,0.0011751250211068,0.0462299578500454,0.0027386459878611,0.0058214436786886,0.0,0.858660147765279,0.0,0.0046768585365062,0.0,0.0,1.56472556216269,0.12073241492977,0.0,0.0,2.71981196941394,1.34981051621407,0.117777369481262,0.0,0.0216453089414043,0.0008177390209726,0.0,0.0,0.228933794877703,0.0,0.0,0.0,0.0,0.008767535908728,0.0,0.0055052075019097,0.0,1.14006358821268,0.465401264018759,0.0,0.0,0.0,0.0,0.0,0.0,0.0058260088683417,0.0,0.0,0.0,0.0,0.0908169862893756,0.0,0.0,0.464780504919433,0.0065709607258144,0.0641724417632109,0.188448520529443,0.0,0.0,0.0022160247982741,0.0,9.28005592455471,0.0,0.0018589653367504,0.0,0.0,0.0122046896891166,0.0,0.0379930777958787,0.0,0.0,0.431603073132786,0.134897794942226,0.0,0.0,0.0,0.0,1.59577410630254,0.299363169602668,0.0,0.057282476634698,0.0,0.248121420067159,0.0,0.0719643597096168,0.679706467924093,0.0,0.0012884040467083,0.0089992310776699,0.0,0.0,0.0755052284203815,0.0,0.0043618759790052,0.0481570477009073,0.0,0.0,0.505612221936451,0.0516650872394937,0.0,0.0384448446953327,0.0,0.0,0.0204723293325822,0.0,0.0,0.0202215256530234,0.107318783842444,0.002507924667522,0.0390266122913213,0.0,0.0243251006163457,0.0,0.0024907026485805,0.0209675281150998,0.0231537610967075,0.196685230267444,0.0297615259579582,0.0,0.0,0.0,0.0
SCs,0.0,0.123166679412022,0.0536378232940819,0.0007200365038248,0.0082981131233152,0.0,0.0,0.0,0.0,0.0,0.0,0.0,0.0,0.0037671611633597,0.0,0.0,0.0,0.105620885695085,0.157334802743975,0.0,0.008080710542177,0.001944193819737,0.0049052215758408,0.0007250439388198,0.0058674586196673,0.0,0.0,0.0,0.0042781780945234,0.0,0.0,0.926635580414987,0.0011739147938846,0.0036111196292774,0.0,0.0008442790364185,0.0,0.0010256104293274,0.471693146829065,0.266205387550893,0.0044710881698229,0.0786633509448765,0.0048040396216805,0.0,0.0,0.0,0.0010885867799443,0.0035942607437112,0.0030445327917233,0.0151320616171837,0.0,0.0,0.0254779454950654,0.0029744098100271,0.00357119741829,0.0,0.0,0.0504742936206757,0.0,0.0,0.204145997045672,1.28015688827507,0.21930973710949,0.0,0.0,0.0,0.0,0.0075025929078043,0.0281321244042764,0.0018706114598841,0.0065687495446132,0.0093846370437471,0.0,0.0,0.005243587241518,0.010378548280725,0.0013821583119028,0.0,0.0088022311088227,0.0,0.0,0.0,0.0,0.0,0.0046762740649593,0.009826506517617,0.0,7.17760860728691,0.0,0.010428186041966,0.0,0.0050526303451404,0.0014749954433619,0.0,0.0190363201021244,0.0,0.0,0.0,0.140264694552987,0.0,0.0,0.0,0.0,0.135649473772562,0.0,0.0044383501970526,19.4113349617216,1.47083346961732,0.0196510066205073,0.0,0.0,0.0016705827701057,0.0025037923522331,0.0,0.0,0.0,0.0,0.0,0.0,0.0,0.0,0.0,0.0067474973137311,0.104436886703055,0.0,0.0133364400570038,0.0,0.0,0.0,0.0,0.008481395581206,0.412928592893811,0.0076380834212511,0.0,0.0,0.0,0.0007928924564631,0.0029840286481087,0.0079507924101111,0.0,0.0,0.0072540174156367,0.0,0.0400060752413991,0.0162708913997654,0.0,0.0038020042674316,0.0,0.553310517925942,0.0,0.0036235719953774,0.0,0.0,0.200229996736035,0.255198767781022,0.0636813192464291,0.0,0.0,0.0217448072383933,4.02541082877926,0.0,0.0,0.0021042552857244,0.0,0.0,0.0,0.0,0.0024683597760109,0.0,0.0,0.0013465530708638,0.0019765506145163,0.0,0.0,0.0203530319194401,0.0045044001524808,0.0,0.0,0.0345612223670741,0.0097140658922433,0.0025433757545691,0.0268205638230768,0.0,0.0,0.0,0.310084312754144,0.0,0.0,0.0,0.0,0.0053376761378789,0.0,0.0,0.0048334658996024,0.0,0.0,0.73591996158617,0.711644339525448,1.61033427186133,0.297197660109334,0.0,0.916510335593391,0.0033437614197652,0.0082012395948386,0.0024104801275476,0.0046684709382047,0.0,0.0,0.0,0.0,0.0,0.0072052514828026,0.0,0.0,0.0,0.0,0.0,0.0,0.0,0.0,0.0,0.0,0.0,0.0,0.0,0.0,0.0022204654682838,0.0058188366445738,0.0029524109261856,0.0,0.0,0.0,0.0,0.0,0.0020698251197283,0.0,0.0,0.0007331337856861,0.0,0.0,0.0,0.0,0.0,0.0,0.0,0.0,0.0,0.17910821820401,0.0970679675590002,0.0035369492753723,0.0401144014236575,0.337087175749274,0.0092340164769087,0.0,0.0,0.0,0.0,0.0,0.0,0.0,0.0017256986693317,0.0387467518096793,0.0,0.0,0.0,0.0,0.0188731778992944,0.0,0.0,0.031712006368998,0.253120698267699,0.0453221472377656,0.0,0.0469554482827468,0.0,0.0,0.0,0.0,0.0,0.0,0.0,0.0,0.0,0.0,0.0,0.0,0.0,0.0,0.0,0.0,0.0,0.0,0.0,0.0010335377199622,0.0220110059354288,0.0,0.609707834018769,0.0,0.0,0.0039756376476114,0.0023870294961876,0.0,0.0,0.0016918441058743,0.0,0.0,0.0,0.0381464828614842,0.0,0.0,0.0,0.0,0.0772967536755464,0.0051262003302156,0.0,3.57595820447147,0.871633101099901,0.0499290924134555,0.0,0.0,0.0,0.0,0.0,0.0,0.0,0.0,0.0,0.0,0.0,0.0006277975802287,0.0,0.0,0.0,0.0,0.023721834072029,0.0,0.0,0.0,0.0,0.0009032590670968,0.0,0.0014230990955991,0.0,0.0,0.0,0.0011005356439417,0.0,0.0,0.0169554270432394,0.0,0.0010306497894348,0.0032407140183707,0.0140755432381947,0.0013902124606284,0.0,0.0,0.0,0.329505339609343,0.0,0.0026864422944029,0.0,0.0,0.0059310199091744,0.0012571695162237,0.0033527219001912,0.0,0.0,0.0263601937514543,0.117130428387081,0.0,0.0,0.0006444208158414,0.0,0.0,0.0,0.0,0.0,0.0,0.122052560689418,0.0,0.0006769621415652,0.0043728791965675,0.0,0.0,0.0011493601746468,0.0,0.0,0.0066114867235007,0.0,0.0009798697360569,0.0027210752808454,0.0007411267792248,0.0,0.0014517281676234,0.0107950642159379,0.0,0.0,0.0,0.0010599179804799,0.004001746972393,0.0,0.0,0.0009211834138212,0.0046308201136249,0.0,0.0,0.0,0.0250275022947181,0.0,0.0122230692203806,0.0026118501750643,0.0006461339285985,0.0035920838543225,0.0,0.0,0.0,0.0,0.0
SF,0.0,0.0050216363046213,0.0,0.0,0.0,0.0353968605166914,0.0,0.0,0.0014959031731166,0.0,0.0,0.0,0.0,0.0,0.0025059708234415,0.0,0.0,0.0,0.0,0.0,0.006518809875627,0.0,0.0024818896630003,0.0,0.18349811979981,0.0,0.401837096748596,0.0,0.0,0.0,0.185159367589263,0.248802312352388,0.0,0.0,0.0038557299669811,0.0010444350695819,0.0665445704485568,0.0,0.0,0.0,0.041198943717728,0.0907115849024087,0.0,0.0,0.0444316358942036,0.0425431246233402,0.0865291551808831,0.0668046927492436,0.0,0.0020545705670738,0.0,0.0,0.0007618869087854,0.0,0.0,0.0,0.0,0.0036247629655683,0.0032133020449943,0.0,0.0,0.0,0.0431475882452271,0.0,0.037833344210896,0.0,0.269362884581314,0.0,0.0,0.0,0.0,0.0,0.0,0.0,0.0199817539459302,0.0,0.0753645477903287,0.0,0.431778253341761,0.0057569905632506,0.300967370773218,0.0,0.0,0.0,0.0,0.0062560599113705,0.0007098293197788,0.0,0.0,0.0,0.0,0.0492454651820029,0.0,0.0,0.0,0.0,0.0331934043188527,0.0,0.0,0.774044494818971,0.0009823941646516,0.313222177930853,0.135169684567803,0.0,0.0048348587571116,0.0,0.0074516716345855,0.0012501122918187,0.0034306502816174,0.0,0.0118276582035974,0.0,0.0007931548499987,0.0034991253206705,0.001178335739866,0.0019932025989539,0.0197734502718207,0.0,0.0008061404289145,0.0045387695607,0.015275876657557,0.0,0.0,0.0,0.0,0.0017523114773131,0.0146861764162902,0.0,0.0,0.0,0.0,0.0,0.008529493263934,0.0088968406288778,0.0078789501411816,0.167401591610052,0.0,0.0,0.0,0.0,0.0,0.0190835461116843,0.0,0.229190750962211,0.0,0.0,0.0965746837881042,0.0,0.0,0.0412554853586789,0.0,0.0,0.0,0.0,0.0,0.0561989131887131,0.0,0.0,0.0,0.0,1.83532666191775,0.0,0.0,0.0,0.0,0.0,0.0,0.0,0.497104408001892,0.0044118882479734,0.0,0.0006752700298299,0.0,0.0,0.0,0.0,0.0,0.0,0.0,0.0,0.0,0.0,0.0506087296603022,0.0,0.0,0.0,0.0009254867383433,0.0095691612464479,0.0,0.0538312550046144,0.0468644389106431,0.0,0.0,0.0,0.0,0.0,0.0,0.0015247660888726,0.0024379724790231,0.0015715346152564,0.0031443695474527,0.0019288727164911,0.0,0.0,0.0039287998158726,0.0011082835252025,0.0,0.0750973835024628,0.0,0.0031054355892341,0.0010605121332468,0.0032230535158518,0.0,0.0,0.010214956276852,0.0,0.0,0.0,0.0,0.0,0.0,0.0,0.0006249032084007,0.0,0.0,0.0,0.0,0.0,0.0028016986962317,0.0,0.0,0.0,0.0,0.0,0.0,0.304838483859409,0.0,0.0,0.0,0.190078137687938,0.155761516274657,0.0,0.0,0.0024044869756914,0.0008496681413399,0.0664035995730173,0.0,0.0,0.0,0.0138736411565306,0.0181877903349629,0.0,0.0,0.0,0.0,0.0252069474092045,0.0182041947248281,0.0,0.0041009222342997,0.0,0.0,0.0,0.0,0.0,0.0179919283678941,0.0,0.0,0.0,0.0,0.0,0.0,0.0221167128477078,0.0,0.0312268018125601,0.0,0.110074593098956,0.0,0.0019787867840789,0.0,0.0,0.0,0.0,0.0,0.0013340997517529,0.0,0.0372171321685937,0.0,0.0820177482448901,0.0,0.0,0.0,0.0,0.0,0.0,0.0076039255355029,0.0,0.0075959394496439,0.0,0.0007215823863592,0.0,0.0286762668372923,0.0,0.0,0.0,0.0,0.0,0.0,0.0,0.565708997659401,0.0,0.140964391465683,0.0429212403980571,0.0,0.0012359954890128,0.0,0.0,0.0,0.0015455565358877,0.0,0.003820700923998,0.0,0.0,0.0,0.0012890605908422,0.0027799715454784,0.0175222777214693,0.0,0.0,0.0026540359507203,0.017980484119097,0.0,0.0,0.0,0.0,0.0040298721133899,0.0116385835337604,0.0,0.0,0.0,0.0,0.0,0.0,0.0,0.0032684208519029,0.0512864447709788,0.0,0.0,0.0,0.0,0.0,0.0,0.0,0.0761895093236709,0.0,0.0,0.0,0.0,0.0,0.0319393300130511,0.0,0.0,0.0,0.0009588467553062,0.0,0.0032708135667485,0.0,0.0,0.0,0.0,0.664799797899594,0.0,0.0,0.0,0.0,0.0,0.0,0.0074671542803753,0.0,0.0023385092632723,0.0,0.0,0.0,0.0,0.0,0.0,0.0,0.0,0.0,0.0,0.0,0.0,0.0068599596625721,0.0,0.0,0.0027258006162229,0.0,0.0009665482918002,0.0,0.0172330616487645,0.0114166090625033,0.0,0.0,0.0,0.0,0.0,0.0,0.0,0.0008319466892972,0.0,0.0010455442667956,0.0,0.0,0.0,0.0015076826686907,0.0006486470356555,0.0,0.0376510195858009,0.0
SI,0.0,0.048120536926307,0.0,0.821577971165025,0.0,0.113488640258144,0.341794322032724,0.0622039602710164,0.457666617185283,0.0283679512948159,0.535998114006815,0.0,0.0,0.0,0.375202618715901,0.0,0.72351574798856,0.0,0.0,0.179135465519404,0.0,2.76476810703056,0.382737941642267,0.601905262519985,0.0580684579528737,0.328349804381805,0.0,0.0,0.001061619018018,0.0,0.0,2.02967980740448,0.159716631125257,0.0,0.0779133049548446,0.119046235046955,0.1381868989391,0.0,0.0,0.0,0.018328343101815,0.414926074491326,0.0,0.0010894194776315,0.0,0.0,0.672976239787321,0.0287904907472879,0.0227372932143089,3.23052265794966,0.0,0.0,0.0846043839079028,8.4782440922403,1.06727405487042,9.29362946075206,0.0,0.0,4.89084755538165,0.0,0.0,0.0236213811110623,1.56024569953119,1.3202114617496,0.123016121619513,0.0,0.0761531914124602,0.0,23.8617465795389,0.0,0.0030436565801603,0.0088477757116084,0.59263778405896,0.0,0.65477344018938,0.0,0.714207610959333,0.0109679818128497,0.393843321250953,0.0,0.0638630082367855,3.48120197110845,0.0,0.107923449596432,0.0,0.0,0.278915257057119,2.41132873241866,0.0,0.132220567772129,0.751195178302328,0.105454255807585,0.0,0.0031045005820038,0.0354155350318379,0.0704483830322218,0.150818385077724,0.0,0.0407839128598981,0.348889247370059,0.0049856810798349,0.0,0.0347027231133097,0.0,4.43867735795527,0.0,0.0011654866565259,0.0,0.0105074961669018,0.524041801090888,0.611884823427063,0.154971930144313,2.41694821101353,0.442934581450009,2.27767908413949,0.0768662645875244,0.0,0.0,0.0598685484160183,0.149092595850203,0.862143892892647,0.0117751334458036,0.0,0.0,0.0,0.0191034399785051,0.183045890340546,0.871711244867346,0.0650956299020659,0.0,0.0172572294138076,0.0,0.0,0.0,0.631394853491648,0.0,0.0,0.0320392101050289,0.0,0.0,0.0,0.484185724393163,0.0,0.49711781226106,0.422777503046059,0.0,0.0,0.0,1.73947245055631,0.67999531328134,0.0183248734829343,0.0603926052442623,0.0,0.0,0.0057361886772448,0.0221008231660938,0.0757936085276195,0.0,0.0,0.004883645435014,0.538658303832552,1.98680017120453,0.0,0.0,0.0,0.0319916857071463,0.0,0.0,0.0,4.18652391645668,0.0,0.0,0.0,0.0,0.0,0.0069889341460809,0.0,0.0,0.0,0.0,0.0208098759097757,0.0,0.004649497621336,0.0,0.0,0.289400941184542,0.380757095754254,0.0,0.0,2.98912124912651,0.0894985945585992,0.0,0.0,0.0,0.0,0.300308236007227,0.0107633409755026,0.0011509590412837,0.0025747673024557,0.0,0.0,0.0,0.0214410101410859,0.0779355312979653,0.0,0.0008005580800696,0.0,1.6135094786111,0.0029823294031623,0.017576465364446,0.0030416896878246,0.0,0.0,0.0,0.0020274524088608,0.0172329176995552,0.0010863341907579,0.0,0.0694162274364804,0.0,0.0,0.0,0.0,0.0122539712644639,0.0,0.0,0.0,0.0,0.0288755361136972,0.0,0.471064516860242,0.0499647472493522,0.0103792212460365,0.0050942127392168,0.0,0.0055194613041199,0.0,0.0,0.0,0.0,0.364980284847901,0.0,0.0,0.0145777005475656,0.0,0.153816184257822,0.0,0.0,0.0977906717393432,0.0134652160345167,0.0898440313669393,0.0042478032063257,0.0061349306618572,0.0337668863255193,0.0,0.0829478314509622,0.0,0.0,0.0201375740823905,0.0,0.0,0.0150517962953708,0.0143396646225823,0.0,0.130246043857875,0.0,0.0,0.0,0.0,0.0,0.0016590639326851,0.0173687048648649,0.0939721862143206,0.105134625343963,0.0,0.0389821687641191,0.0,0.0,0.0,0.0,0.0,0.0,0.0409671647649788,0.0,0.0,0.0,0.0318517837611126,0.0020947931251839,0.0020189192449654,0.0,0.0583267207784429,0.0,0.0,0.0,0.0,0.0130033954492387,0.0019867533340971,0.0,0.0037859106788853,0.108429189152118,0.0213706138577037,0.0015500844568141,0.0034646300087634,0.0064689278819304,0.0143491544575634,0.0140590720840059,0.0,0.0021885169725987,0.115699111101473,0.0,0.048028098917947,0.245384400268407,0.0,0.0,0.0,0.0,0.0,0.0088901549035632,0.0056378607408515,0.0596529772469319,0.0,0.0,0.0,0.0,0.0263696871525004,0.0,0.0,0.0,0.0,0.0516959985587388,0.0,0.0014228931865925,0.0,0.0,0.0070886685950552,0.0425329891670624,0.0,0.0024792589890203,0.0,0.0073053569951819,0.0,0.0,0.0,0.121320193904762,0.0,0.0,0.0145129530946905,0.0,0.0087877857923432,0.0302232640377188,0.0,0.0,0.126429413689977,0.0349537316457424,0.0,0.0,0.0,0.488228480068229,0.695527652988417,0.0,0.0224566407451797,0.0,0.0,0.0,0.0,0.0,0.0,0.0,0.0041463431241322,0.0,0.0062371709674919,0.0,0.0,0.0,0.0,0.0,1.62708113719274,0.0,0.215171525389037,0.0,0.0,0.0,0.0,0.0008874196543596,0.0,0.0,0.0,0.0,0.0,0.0009482051068553,0.0,0.0,0.0,0.0,0.0709434113474979,0.0,0.0,0.659851115639621,0.0759685708547097,0.0681603383475083,0.0,0.0,0.0,0.0,0.0222123749667747,0.0,0.0,0.0,0.0,0.0,0.0,0.0,0.0337781069744552,0.0,0.0,0.0,0.445312273638538,0.0
SIM,0.0,0.0,0.0,0.0,0.0,0.0,0.0,0.0014332677123011,0.0,0.0,0.0012255436459811,0.0015065636607909,0.0168044329510571,0.0,0.0,0.0012994372618392,0.0,0.0,0.0108647294824004,0.0,0.0011316068022279,0.0019004882363604,0.0010693069396367,0.0019794760625495,0.0,0.0,0.0,0.0,0.0087203567173223,0.0083768150587343,0.0,0.0,0.0068908311177918,0.0010857627115689,0.0,0.0010678900977346,0.0258670896376,0.400889172490632,0.0,14.5052678435553,0.009410736332444,0.0,0.0,0.0567254946541517,0.0069438202110175,0.0011039363350546,0.0013720743266136,0.0,0.0,0.0,0.0,0.0335527055587068,0.0028668131686244,0.0,0.0162075659742168,0.0,0.0412705581902529,0.0,0.0,0.0037717413848107,0.0075961779717683,0.0,0.0,0.0019347275134475,0.0,0.411703701242301,0.0,0.082952456056337,0.0,0.0031960688012178,0.0,0.0,0.0,0.0,0.0,0.0,0.0014295231263874,0.24298350100425,0.0178032766490674,0.0,0.0,0.0,0.0,0.0,0.0014004875753361,0.0,0.0,0.0,0.0,0.002617838955068,0.0,0.0036486941511738,0.0011186100347341,0.0007473387346633,0.0,0.0,0.0,0.0033634531771938,0.0,0.0,0.0,0.0,0.0,0.0,0.0,0.0,0.0,0.0,0.0591820904742992,0.0,0.0,0.0,0.0,0.0,0.0,0.0,0.0040516781012317,0.1341185754862,0.0387918952172471,0.0,0.0058702496771205,0.0009885436079324,0.422239709400894,0.0,0.30783019066063,0.0,0.0006815677130497,0.0,0.0,0.0,0.0006563326083399,0.0,0.0792711921699347,0.0121341609168367,0.0,0.0,0.0,0.0,0.0,0.0,0.444052540158535,0.0,0.0,0.0,0.000645174979519,0.0044706614458256,0.0,0.0,0.0,0.0,0.0,0.0,0.0,0.0022464347426428,0.0046060870655012,0.00116514566403,0.0,0.0,0.0007644846810474,0.0,0.0,0.0,4.37664980087373,0.0,0.0,0.0010583037378845,0.0,0.0,0.0,0.0,0.0053567734560574,0.0,0.291341238484655,0.282131194215924,0.0035942427724991,0.0,0.0023793603245726,0.0,0.0,0.0029559786751133,0.0,0.0047035192739299,0.0,0.0,0.0,0.0,0.0,1.41252896565651,0.0,0.0,0.0,0.0,0.0,0.0,0.0,0.0,0.0133676080897112,0.0008010266015971,0.0,0.0011088412102077,0.005579738284096,0.0,0.0010896265250279,0.0007139741210466,0.0023686166277672,0.001749189899802,0.0,0.0015170640756311,0.0,0.0,0.0006298479619194,0.0015647902364854,0.0,0.0077161206170069,0.0,0.0,0.0016392709488979,0.0,0.0,0.0044230287998302,0.0,0.0,0.0,0.0,0.0,0.0,0.0,0.0,0.0,0.0019514557811013,0.0021057795590774,0.0,0.0006300386314557,0.0006127671395715,0.0,0.0,0.0,0.0175980050234561,0.132223660616569,0.0,0.0012804650394628,0.0011647093362872,0.0,0.0,0.0,0.0067350658400137,0.0086561705810627,0.0,0.844398284830854,0.0024455329404695,0.0,0.0,0.0392455104502785,0.004308984462105,0.0,0.0023232988278903,0.0,0.0,0.0,0.0,0.0350056280432759,0.0027744032134645,0.0,0.0312427926925794,0.0,0.0210261935773396,0.0,0.0,0.0011453415619629,0.0097396658307444,0.0026390768340693,0.0,0.0047900641738301,0.0,0.0,0.0,0.0087646508772701,0.0,0.0,0.0007722719403654,0.0,0.0,0.0,0.0,0.0,0.0008569741925037,0.203238001230157,0.0031300851252585,0.0,0.0,0.0,0.0,0.0,0.0093544501382058,0.0,0.0,0.0042301940620464,0.0006326760407385,0.0,0.0,0.0200589667756713,0.0007456429385651,0.0013801785110976,0.0018969517438708,0.0,0.0,0.0,0.0,0.0,0.0,0.0,0.0074169931494107,0.0,0.0,0.0,0.0046078803874827,0.0,0.0235147036770135,0.0,0.0,0.0006495563160542,0.0,0.0,0.0,0.0,0.0,0.07490808086211,0.0142942598063684,0.0,0.0022119170286608,0.0,0.284327840122847,5.92424118666759,0.291203108341771,0.0,0.0,0.0,0.0,0.0099560474393626,0.0,0.0,0.0105782350894679,0.0,0.0,0.0006240070643765,0.0,0.0,0.0,0.0,0.14610611849094,0.0,0.0,0.0,0.0,0.009678683529938,0.0,0.0,0.0,0.0,0.0010792304287049,0.0012146369098989,0.0,0.0019487076108659,0.0047047889048774,0.0,0.0,0.0,0.0,0.0012933766174876,0.0,0.0,0.0,0.0,0.0,0.0009354724418366,0.0,0.0,0.0,0.0,0.002056665205431,0.0,0.0273909488429132,0.0805248397538218,0.0,0.0,0.0043598154004703,0.0,0.0,0.0006982157631613,0.0006702638160815,0.0070092914497401,0.0,0.0,0.0,0.0,0.0,0.746110918435046,0.0,0.0,0.0,0.0,0.0,0.0,0.0,0.0,0.0116710286530335,0.0008581448385231,0.0,0.0,0.0027441209810985,0.0,0.0,0.0,0.0,0.0,0.0,0.0,0.0
SMT,0.0,0.0954961091527549,0.0,0.0,0.0,0.0208613493515951,0.0339696386652519,0.0,0.0,0.0,0.0,0.0,0.0,0.0,0.0035773955696122,0.0,0.0359672124963192,0.0038565723063461,0.0,0.0041426018632647,0.0,0.0,0.0,0.0029983207962954,0.0075767040635216,0.0,0.0,0.0014629034563243,0.0,0.0,1.59089087468073,0.048270075248419,0.0303293428002127,0.0,0.0,0.0019693243406365,0.0246782624772177,0.0,0.0,0.0,0.0,0.0015266204975015,0.0023523428363478,0.10840623487158,0.0369435435587372,0.0195195656237506,0.0039262396858727,0.0028226318560556,0.0,0.0079030068152109,0.0,0.0078065721311717,0.0,0.016590901909124,0.0308523707541047,0.1193786667251,0.0,0.0126673787121184,0.0042915645058684,0.0,0.0,0.0053243012865033,0.155925702540846,0.0,0.0,0.0,0.0,0.0,0.0,0.0,0.0,0.0,0.0,0.0,0.0625841037156242,0.0,0.0125555994822812,0.0027186567767021,0.0,0.0,0.0006296938602023,0.0980096626628321,0.0,0.0290179076949982,0.0,0.0,0.0007332165949893,0.0,0.0,0.0,0.0992984822168468,0.129957576281488,0.0,0.0081209645012462,0.0666734429176778,0.0,0.0013863929770484,0.0,0.0156041965543421,0.0025080934672334,0.0,0.0254407494230644,0.327783949040066,0.0,0.0457707220468594,0.0,0.0,0.051303432117344,0.0,0.207339400851524,0.0121610342194003,0.537394212249327,0.0079141933527146,0.0,0.010898451785578,0.0,0.0,0.0006271642818355,0.0054865459851605,0.0,0.0,0.0,0.0,0.0,0.0,0.0,0.0173031311637228,0.0,0.238148595359383,0.0,0.0,0.0,0.0,0.0,0.0329268761034297,0.0,0.0,0.0,0.0,0.0,0.0048980052492654,0.0,0.0,0.0,0.0,0.0,0.0,0.0,0.0603402024330313,0.127352253727818,1.42012528991853,0.0,0.0,0.0063170994807063,0.000702677502459,0.005015960567893,0.0748523567011607,0.0024401047068279,0.0076129714498244,0.0,0.0,0.0102937190981174,0.0,0.645572755026049,0.102342608798096,0.0033333134091984,0.0,0.32800823193771,0.384769217946922,0.134198092931301,0.0,0.0006196371893008,0.0009204243289945,0.0,0.028660950775224,0.0072977801196221,0.0040707638175805,0.0049831522068719,0.0284286878434598,0.0048088849486623,0.0093134827826479,0.0026739950081279,0.0,0.0,0.0224331019746254,0.0,0.0,0.0008685949455824,0.008727321859267,0.0834751327412706,0.0,0.0,0.0222647308109412,0.0,0.0,0.0395592897829901,0.0221264507978891,0.0785543654503111,0.0,0.0017945721096551,0.0,0.0015152521107775,0.152064098430755,0.0,0.0,0.0,0.0440209002747296,0.0842157284547635,0.0,0.0,0.0524438579507596,0.0,0.0,0.0,0.0027327703840078,0.0053092853593592,0.0,0.0,0.0090830490061146,0.0,0.348807974717621,0.0,0.0,0.0023225402375716,0.0,0.035096677230454,0.0,0.0,0.0050874227570769,0.0,0.0,0.0,0.0034813609817653,0.0032042321408744,0.0,0.0,0.0,0.0,0.0,0.735962402065198,0.0129099071467534,0.0017318833558945,0.0,0.0,0.0,0.0199057637330825,0.0,0.0,0.0,0.0,0.0,0.0539809942972813,0.0,0.0125092949783153,0.009354678186611,0.0013112731591697,0.0006698600191109,0.0,0.0011423131845284,0.0,0.0187906262864797,0.0,0.0,0.0062274333380773,0.0,0.0,0.0039308841300497,0.0,0.0,0.0,0.0135127427924801,0.122562553389366,0.0,0.006435034151886,0.0014073144927082,0.0035464767382269,0.0,0.0178958036340885,0.0048192889288728,0.0,0.0,0.0,0.0,0.0220326906899256,0.0,0.0,0.0083641480865238,0.0,0.0,0.0,0.0,0.0,0.0,0.0,0.0,0.0,0.0,0.0,0.0,0.0525100625540683,0.0118425025201125,0.0,0.0039506222821592,0.0252555257672687,0.0,0.0020813852897474,0.0,0.0122495120164975,0.0011619443776282,0.0,0.0085242217844743,0.16627969943888,0.0,0.0138652347580311,0.0,0.0195352053679548,0.0308507397475883,0.0037199051794322,0.131461086460974,0.0,0.258300532451032,0.0028165971344582,0.0,0.0026158822621184,0.0,0.0,0.0007798378318731,0.0040017888225452,0.0,0.0,0.0,0.0,0.0,0.0,0.0,0.0188908853655706,0.0,0.0729039753403379,0.0,0.0,0.0,0.0,0.0,0.0248334564761736,0.0,0.0,0.0,0.0,0.0,0.0103226498551771,0.0,0.0,0.0075732464997557,0.0,0.0,0.0035781439666771,0.0,0.0,0.177312476440809,0.162983037450812,0.0052422310624076,0.0,0.00254494948469,0.0,0.0019427819961764,0.0138687220736281,0.0,0.0060895268271565,0.0,0.0,0.0,0.0,0.0056287021060751,0.0,0.0021106418371994,0.0,1.00226206100408,0.0,0.157287124470153,0.0,0.0066589811629046,0.0016907967286764,0.0,0.0070579313111649,0.0028366048476923,0.0008299047315105,0.0030264700454104,0.0129096312930876,0.0,0.0061012627790514,0.0034364760385793,0.0,0.0,0.0199374380140369,0.0,0.0,0.0008004106969525,0.012210198843155,0.0138598756889627,0.0,0.0,0.0098235723730401,0.0,0.0,0.0292261299580322,0.0048392328002956,0.0199735137712264,0.0006536385861445,0.0,0.0,0.0018520161370138,0.003177922155052,0.0,0.0,0.0,0.0,0.0223007619129701,0.0
SNc,0.0,0.0111541753421153,0.0014976014424647,0.0358669218027391,0.0,0.0,0.0306334714092602,0.005137599421413,0.0,0.0,0.0051153228465631,0.0,0.0,0.0,0.0,0.003624461491732,0.0053079100750359,0.0,0.001256812777326,0.0,0.0,0.0110837780973707,0.0,0.0156847533692227,0.0022171397955675,0.0,0.0,0.0034357779854371,0.0,0.0,0.0,0.316012432100284,0.0,0.0,0.0,0.15637320616177,0.0134043020450718,0.0,0.0012864055669285,0.0178717042911939,0.0,0.0,0.0,0.0,0.0081659719923299,0.0,0.0,0.0,0.0,0.0,0.0,0.0,0.0482097100911981,2.35587900205187,0.519055539827586,0.418627211373674,0.0,0.0,0.0,0.0,0.0,0.0015997984737222,0.0213537673499513,0.0,0.0046905099302304,0.0,0.0026053929911443,0.0,0.259336253474474,0.0,0.0,0.0,0.0,0.0,0.02963806024946,0.0010905353939801,0.0088940724307314,0.0007778676843201,0.0,0.0,0.0,0.0093442953094108,0.0,0.0,0.0,0.0,0.0021458875123174,0.0,0.0,0.0,0.0069146242256921,0.0108097010788286,0.0,0.0113326940188268,0.0287837769145782,0.0,0.0008994723392303,0.0,0.0144890438492472,0.0,0.0,0.0,0.112177539182268,0.0,0.0,0.0,0.0,0.0110479727567015,0.0,0.0499640111654248,0.0,0.0333926100470308,0.0,0.0,0.0,0.0061013175147651,0.0,0.0,0.0,0.0017407754481483,0.0,0.0029266489726158,0.0,0.0,0.0011451629123702,0.0006762447660029,0.0055312523533993,0.0,0.0312934347171729,0.0,0.0011765525015098,0.0,0.0,0.0,0.0989743988287818,0.0,0.0,0.0,0.0052224504930881,0.0,0.0,0.0,0.0013073979741333,0.0764059408021942,0.0,0.0,0.0033115643632856,0.0,0.0683676832758902,0.0,0.0,0.0089370099526661,0.0,0.0007884971818612,0.0,0.0,0.0250837652034183,0.0,0.0177788888272389,0.0,0.0,0.0,0.0,0.0036918418613581,1.53010526259955,0.0763086638919569,0.0,0.0088147556670462,0.0,0.163574341398661,0.0,0.0,0.0,0.0,0.0026707784799492,0.0,0.0082886726030393,0.0,0.0021475482098235,0.0009919664833961,0.0068395814683655,0.753355294935302,0.0,0.0,0.0,0.0011385813434732,0.0,0.0033069278521666,0.0,0.0,0.0,0.0,0.0,0.0,0.0,0.0102075086895787,0.0031097733665037,0.0008761159636622,0.0,0.0,0.0,0.0,0.007315186373757,0.0007271927531023,0.0,0.0,0.0,0.0,0.0,0.0010757199730835,0.0,0.003183522672977,0.0,0.0,0.0,0.0008093966202864,0.0,0.0,0.0128527167325106,0.0,0.0,0.0,0.0,0.0,0.0,0.0,0.0,0.0,0.0,0.0,0.0,0.0,0.0,0.0,0.0,0.0,0.0,0.0,0.0,0.0,0.294836464218283,0.0,0.0,0.0,0.0,0.0163828152266935,0.0,0.0052209786209551,0.0259773674444251,0.0,0.0,0.000751096713453,0.0,0.0147205679062066,0.0,0.0,0.0,0.0,0.0,0.0,0.0,0.0008581208187682,0.0,0.0,0.0,0.0,0.0023487589949826,0.0,0.0,0.0,0.0,0.0027395249052515,0.0,0.0272096769419157,0.0,0.0,0.0,0.0,0.0,0.0,0.0,0.0,0.0,0.0084173920337494,0.0,0.0,0.0,0.0,0.0,0.0,0.00225996974071,0.0,0.0,0.0087313177336858,0.0,0.0,0.0,0.0,0.0,0.0028186771197907,0.0,0.0,0.0,0.0012337591250796,0.0,0.0,0.0,0.0015967354411712,0.0,0.0,0.0,0.0,0.0,0.0006672136369668,0.002017071279979,0.0010921283954121,0.0,0.0420193756519568,0.0033222943476798,0.0,0.0,0.0014422311648253,0.0,0.0,0.0032673343810443,0.0,0.0,0.0,0.0018686134172037,0.0,0.0,0.0,0.0,0.0,0.0,0.0055283748434778,0.0,0.0046645596426422,0.0,0.0,0.0,0.0,0.0,0.0399747873849097,0.0,0.0,0.0017087761085771,0.0008795712391799,0.0,0.0010193264338706,0.0,0.0,0.0146237141024966,0.0,0.0,0.000699636836449,0.0,0.0214307677862393,0.0,0.0,0.0,0.0,0.0,0.0,0.0,0.0,0.0,0.0034646520618971,0.0,0.0,0.0,0.0,0.0,0.0,0.0,0.0,0.0036709660738631,0.0,0.0006618027859877,0.0,0.0006613509514028,0.0070214492455664,0.0,0.0,0.0,0.0,0.0,0.0,0.0,0.0,0.000736273232536,0.0,0.0,0.0,0.0,0.0,0.0055047100893752,0.0,0.0,0.0,0.0,0.0,0.0,0.0,0.0,0.0,0.0,0.0,0.0,0.0,0.0,0.0,0.0,0.0,0.0,0.0,0.0184912201201165,0.0
SNr,0.0,0.217474815555956,0.0,0.0,0.0,0.0,0.0922520134999034,0.0305286803851462,0.0,0.0,0.0193488357609525,0.0,0.0,0.0,0.0,0.0093012716866626,0.0,0.0644300691896912,0.168371454611477,0.0,0.0,0.0,0.0094863189970426,0.0066231952643133,0.0129515267247607,0.0,0.0018887506996964,0.0,0.0071031559549671,0.0,0.0,0.877600582928576,0.0,0.008105704606117,0.0,1.24264965113736,0.0009047234749272,0.0018723632088148,0.0603095510749266,0.4539611635491,0.0164901483407992,0.0,0.0069271351165857,0.019065722587474,0.0,0.0192506108574644,0.0,0.0034534472779982,0.0,0.0,0.0,0.0011448326217697,0.1261459853409,1.40887086603256,2.13856106660932,1.22423020102401,0.0,0.0,0.0,0.001712680492539,0.0,0.0459147784389819,0.0449726424078027,0.0,0.0,0.0,0.0127915634203719,0.0095373436021534,0.571493093373933,0.0178445216952237,0.0143963930761938,0.0,0.0,0.0,0.0373244125009053,0.0,0.0053234380414632,0.0,0.0040870553829017,0.0,0.0162269433347364,0.0,0.0098666306610841,0.0022713315908345,0.0049888514848962,0.0101883495745363,0.0048544888513883,0.0,0.0,0.0065406459313099,0.0,0.0438728045233631,0.0,0.277966750499401,0.23216963691844,0.0,0.0031135498285494,0.0,0.0475987337716306,0.0007499030858634,0.0007179106490251,0.0,0.140215803030121,0.0,0.0,0.0195052132989161,0.0355752301780533,0.0,0.0026326960844955,0.16713681606954,0.0,0.114831699534254,0.0,0.0,0.0,0.0253246702060039,0.0026542411837419,0.0,0.0,0.0,0.0,0.0098601274201843,0.0134070690551198,0.0,0.0,0.0023794821524814,0.0220871042108382,0.0,0.14472203234887,0.0,0.0217209983081094,0.0,0.0361286289231292,0.0,0.395949607374967,0.014244037594932,0.006231464490923,0.0011132449584774,0.0121210898233633,0.0,0.005362667993633,0.0150270264332896,0.0,0.134599387077469,0.0088883099981558,0.0,0.0012190811988807,0.0008967371130195,0.0,0.0,0.0,0.0,0.0,0.205446226785302,0.0018321402561877,0.196163390522891,0.0746860755189032,0.0,0.0492521188559454,0.0,0.0,0.0,0.002106674521016,0.0240996747006153,2.6807703215417,1.40533821169671,0.0,0.0363839109415059,0.0,1.23231680969272,0.0017405902537137,0.0055208410135361,0.0,0.0023554639004864,0.234199346325816,0.0477854440089638,0.237310921932689,0.251754137751556,0.367709050567307,0.298215629157171,0.152929155777271,5.72736414339581,0.0,0.0,0.0,0.0471957607442396,0.0,0.0044168251106263,0.0006553290235875,0.0,0.0,0.0,0.0,0.0071622755658231,0.0,0.0842057181131976,0.49756181005317,0.247062619769479,0.0758957945849883,0.0284630879867503,0.0,0.101858445376867,0.0102694256478767,0.0036682425488342,0.0,0.0,0.0,0.0,0.0,0.0,0.0,0.0034134929840389,0.0,0.0,0.0,0.0012692253819241,0.0,0.0,0.0194151975525781,0.0,0.0,0.0,0.0,0.0,0.0,0.0,0.0,0.0,0.0,0.0,0.0036313898995485,0.0028574515889913,0.000900089794719,0.0017006779032765,0.0,0.0,0.0,0.0017430064996256,0.0,0.0,0.58455193232427,0.0,0.0027251184650323,0.0,0.0,0.0133564767091519,0.0,0.030198962344429,0.316107530774976,0.0056985364304053,0.0,0.0,0.001688423000391,0.0023924875684266,0.0009571544729746,0.0,0.0,0.0009750463703417,0.0,0.0,0.0,0.0087249992870983,0.0006096753093379,0.0007254502476619,0.0,0.0,0.0167759193403647,0.0,0.0012633479261622,0.0,0.0,0.0014361101391789,0.0,0.0540356578004694,0.0018519584691433,0.0,0.0,0.0040350455764153,0.0,0.0006530769873349,0.0,0.0,0.0,0.0408955396514895,0.0,0.0,0.0,0.001819805060301,0.0,0.0,0.0,0.0,0.0,0.0208902025243481,0.0,0.0,0.0372022723656919,0.0,0.0075816100418119,0.0,0.0041620157563418,0.0,0.0,0.006006267680412,0.0,0.0,0.0008137496862842,0.0039593864947067,0.0,0.0016499328933953,0.0,0.0,0.0,0.0,0.0019789976010644,0.0,0.0,0.109493215574471,0.0090471810379088,0.0,0.001708889409077,0.0019524910309983,0.0,0.0,0.0110713286995468,0.0,0.0,0.0,0.001909726136744,0.0,0.0018361471389187,0.0039344654209141,0.0,0.0,0.0053555267384486,0.0208873824518524,0.0,0.0095675460598349,0.0019838555083912,0.0064825719403117,0.0,0.0079272865375642,0.0,0.138010065129934,0.0,0.0033282873362649,0.0025826823781114,0.0,0.0,0.0076115760286873,0.0,0.0,0.0150935330646862,0.0023256610274776,0.0,0.0,0.0,0.0131169095607933,0.0017322881650911,0.0014416183103784,0.0046934770052004,0.0,0.0,0.0,0.0,0.0,0.0,0.0103974606785787,0.0,0.0,0.0,0.0,0.0,0.0,0.0010805394151319,19.4951484619276,0.004283794557653,0.0,0.0,0.0025675339455952,0.0073038682671223,0.0257958376675851,0.0,0.0,0.0,0.0,0.0,0.0,0.0012661006166744,0.001051346856178,0.0039726114560659,0.0,0.0,0.0067805760751329,0.0,0.0,0.0061099587021558,0.0,0.0,0.0,0.0,0.0,0.0036715673286858,0.0,0.0,0.0022695516253954,0.0,0.0,0.0,0.0027800554151329,0.0,0.0,0.0,0.0,0.0,0.0,0.046465544324034,0.0
SOC,0.002717386718137,0.0,0.0,0.0,0.0,0.00068666069485,0.0,0.0,0.0,0.636392830586527,0.0,0.0033244191557855,0.0,0.0,0.0,0.0,0.0034511672916317,0.0089705186317919,0.0121048566240747,0.0,0.0,0.0,0.003367448413059,0.0020988101190324,0.0,0.0014076085355329,0.0,0.0014303289516558,0.0008442908951313,0.0053139295884471,0.037224475741924,0.0,0.0,0.0024807660343766,0.0,0.0,0.0,0.0,0.0,30.0597150766141,0.0056586736377422,0.0091783447120118,0.0,0.0,0.0,0.0,0.0,0.0,0.0,0.0,0.0,0.0,0.0,0.0,0.0016387636251488,0.0198495159352281,0.0,0.0,0.0,0.358311420809665,0.115126898767916,0.243949321065359,0.0,0.0017110395784467,0.171776012832709,0.0,0.0,0.0247941141039394,0.0,0.0306284278766621,0.0,0.0,0.0,0.0,0.0,0.0,0.001823571385581,0.0193188270756171,0.0007194719594513,0.0,0.0,0.0,0.0,0.0,0.0102743097611036,0.007136765444075,0.0,0.0,0.0,0.0,0.0,0.0008755192784,0.0,0.0010029424018233,0.0009291907685264,0.0,0.0,0.0,0.0080753839871873,0.0040595052221705,0.015066351924092,0.0,0.0,0.370531121240444,0.0,0.0059137092225239,0.0042594617974198,0.0,0.0369057717570706,0.0,0.0,0.0,0.0,0.0,0.0,0.0032485541123579,0.0,0.0,0.0,0.0006081735240475,0.0011105371039898,0.0,0.0,0.0,0.0,0.0466435470515525,0.0,0.0,0.0045512882181271,0.0,0.0,0.0,0.0021856992393869,0.0,0.0151897970000057,0.0006515359121587,0.0,0.0220779945748171,0.0,0.0,0.0230127577892643,0.0,0.007550851513163,0.0592558932871176,0.0,0.0,0.0,0.0,0.0066096313924164,0.0,0.0,0.0,0.0,0.0,0.0,0.0,0.0,0.0,0.0016698287208642,0.0,0.0,0.0,0.0,0.0,0.0,0.0015939901723529,0.0,0.0,0.0,0.0482295854992025,0.0,0.0154266233538168,0.0136917767179253,0.0339570681036377,0.0062580473485528,0.0,0.0,0.0,0.0038539313774337,0.0052711346678067,0.0019402157234534,0.0,0.0,0.0,0.0,0.0010800594573112,0.0,0.0,0.0,0.0007380159066361,0.0,0.0,0.0,1.24454549306605,0.0277492492576393,0.0009479090980516,0.0108629177176986,0.0007954004791843,0.0,0.0,0.0157624079098425,0.0,0.0008897933562754,0.0009054702848248,0.0,0.0,0.0,0.0,0.0,0.0,0.0010759287009792,0.0,0.0,0.0,0.0,0.0,0.0,0.0,0.438525960460624,0.0,0.0,0.0,0.0,0.0,0.0,0.0,0.0,0.0013602535748716,0.0,0.0,0.0,0.0018241909057163,0.0022292609940952,0.0012316654928636,0.0008916696030341,0.0,0.0,0.0017302832114875,0.0,0.23195806786183,0.112530800887664,0.0,0.0013868565671412,0.0,0.0009910687670091,0.0,0.0,0.00116270726294,16.1410107480242,0.0140918657238223,0.0,0.0,0.0,0.0,0.0,0.0,0.0,0.0,0.0,0.0,0.0007139465008739,0.0,0.0,0.0033843409102513,0.0141156436848803,0.0008071607953071,0.0,0.0,0.109577058424399,0.0276459345678335,0.0142566400244262,0.0011828909504497,0.0044380764280251,0.268354517602947,0.0,0.0010005421235901,0.0,0.0,0.0566272816669308,0.0007628788811589,0.0,0.0,0.0,0.0,0.0,0.0008801120518763,0.0,0.0009085478708104,0.0,0.0,0.0,0.0,0.0,0.0094946677518892,0.0,0.0,0.0,0.0,0.0,0.0,0.0,0.0,0.007136468798028,0.0041859778215938,0.0,0.0,0.0,0.0,0.0,0.0147080943556289,0.0,0.0,0.023874652593787,0.0,0.0036136319037248,0.0,0.0,0.221643026065409,0.0016680737276615,0.0,0.0,0.0,0.0,0.0,0.0023843792427886,0.0,0.0,0.0,0.0008581967354724,0.0014080573226077,0.0,0.0,0.0,0.0,0.0496265840353388,0.0,0.0,0.0050622230292459,0.0045746115796408,0.0,0.0,0.0063874138837337,0.0,0.0030734398355253,0.0,0.0,0.0053147939531978,0.0,0.0,0.0,0.0,0.0,0.0,0.0,0.0009863282748455,0.0,0.0,0.0,0.0,0.0,0.104614307516473,0.0216858073607789,0.0,0.0,0.0,0.0,0.0,0.0,0.0,0.0,0.0,0.0,0.0,0.0259492167393798,0.0,0.0,0.0,0.0,0.0201936058106207,0.0043553216240947,0.0136102001869809,0.0492733615434578,0.0488884450016171,0.0234548226343108,0.0,0.0146725982159823,0.0095985608053955,0.0013105451787046,0.0063071668828079,0.0265330411997275,0.0,0.0,0.0,0.0,0.0,0.0,0.0,0.0,0.0,0.0,0.0591553371008292,0.0,1.07634440407229,0.0095053569759751,0.0034737995390831,0.008074783426202,0.0018625619983974,0.0,0.0,0.0039327730672989,0.0,0.0,0.0010901137884432,0.0008572697213791,0.0006660979914947,0.0,0.0314836310120927,0.0
SPA,0.0,0.0597893378325982,0.0623170588559836,0.0,0.0,0.0386474570901039,0.0272444807103621,0.0,0.0,0.0180464902670935,0.0,0.0,0.0,0.0,0.0021759560925213,0.0,0.121124767636677,0.0020345058915492,0.0,0.0127882663878366,0.0,0.0,0.0,0.0285274761354989,0.0101614040497275,0.0,0.0,0.0,0.0,0.0,0.184126467580808,0.236146893662889,0.0,0.0,0.0,0.0,0.0128558684397329,0.0,0.0082983367803027,0.465592226857415,0.0007420905783971,0.197014314606136,0.0024450883706216,0.0,0.0,0.010154907494662,0.0007713749174855,0.0,0.0,0.0,0.0,0.0,0.0114602866881338,0.0,0.0194931705256788,0.551535891852077,0.0,0.0,0.0470538563080471,0.0,0.0360488071608464,0.0541621379419233,0.178691071371523,0.0,0.0308398572232922,0.0,0.0,0.0,0.139490706963105,0.0,0.0,0.0,0.0,0.0145767808426325,0.0901936348495912,0.0029336145638916,0.0,0.005592614875315,0.0047264969332746,0.0009105640912264,0.0106662150830945,0.0028479579339062,0.0,0.0,0.0,0.0136076045616723,0.0093404334167068,0.0,0.0,0.0042976416136301,0.157682440346896,0.0086830305765039,0.0,0.0,0.0087402025921694,0.0197459590151921,0.0523147741415348,0.0,0.0428691237173925,0.0025972319620743,0.0,0.0364139506362828,0.206779738718595,0.0132069229865029,0.207988089508087,0.0144299337336125,0.207489183582923,0.28634006474225,0.012092294003159,0.0331400695745708,0.0317426949337493,0.0075413466481194,0.0028820898834264,0.0012722666739954,0.0086624009285134,0.0372885087428691,0.0,0.0,0.0156090456931969,0.0362583041611524,0.0,0.0080835618736873,0.0,0.0169908955133742,0.0,0.0056423725923554,0.0216781834922686,0.0,0.0782249664204262,0.0,0.0019701776188588,0.0,0.0024995145922002,0.0,0.10764690567643,0.0,0.0,0.0099733855465577,0.0,0.0,0.0138169804950428,0.0108402474304221,0.0128222771380979,0.403243044028365,0.0,0.0,0.0,0.0,0.505992250179842,0.0195065959361453,0.0182385770681391,0.0,0.0,0.0377981445645255,0.0,0.0247113144418662,0.0299403017550471,0.0,0.0392658363166078,0.0024279527479299,0.0402322793474932,0.0,0.0,0.0,0.16300752765282,0.0,0.0,1.28611659502718,1.14949441632436,0.865462181716218,0.0,0.0,0.0,0.0,0.0026265627145978,0.0027456982821229,0.000704546641907,0.0010916961925285,0.0031074396335967,0.0,0.0037871975221605,0.0,0.0006307835748811,0.0,0.0110468227182607,0.013542345938938,0.0,0.0,0.0,0.0,0.0506232378801058,0.0,0.0,0.0,0.0010160668219265,0.0353794358527251,0.0088032168422771,0.004306027805286,0.0,0.0,0.0,0.0,0.0089448185056333,0.0566351152451174,0.0,0.0,0.0,0.0138082557668183,0.0010786282807589,0.0034505760699382,0.0092989110511896,0.0271137963067236,0.0,0.0,0.018355508666523,0.0182422206456802,0.0,0.0,0.008677500722021,0.0,0.0,0.0,0.0,0.0007987042508114,0.0,0.228562756317747,0.0006227500416826,0.0,0.0044968743983434,0.0,0.0,0.0,0.0111431069595331,0.0049105976613235,0.0,0.0,0.0034642857289975,0.0,0.0,0.0772199190643321,0.0517750819925308,0.0,0.0,0.0,0.0,0.0089516735371255,0.0,0.0082448677134064,1.1558659282144,0.0,0.0891609715084587,0.0250781376370481,0.0,0.0,0.0045235472316387,0.0,0.0,0.0,0.0008275146401172,0.0,0.0010469615084343,0.008209442074349,0.0060299115291531,0.0026094191095405,0.171893481956133,0.0,0.0,0.0,0.0,0.0036668832273542,0.0150779990395862,0.12009802814582,0.0,0.028317356513851,0.0,0.0,0.0,0.0,0.003608584271253,0.0,0.0,0.0,0.0024994316659985,0.0269060768958978,0.0,0.0,0.0149743973408481,0.0,0.0,0.003617776996245,0.0,0.0,0.0,0.0010718380217499,0.01540294083358,0.001427389958447,0.0,0.0,0.0,0.0402080337780415,0.0042050312713934,0.0,0.0,0.003053033824701,0.0082989429811683,0.0140693279329917,0.0,0.0089606571099028,0.0036897296182736,0.0008453992455317,0.0128676598740575,0.0499055636475516,0.0186861454581911,0.0472136358447798,0.0,0.0,0.147661166763791,0.0171128500680133,0.0180060801090993,0.0225065323940003,0.0008608582820786,0.0007253881254361,0.0,0.0032511713136686,0.009110641464825,0.0,0.0,0.0,0.0051222824266215,0.0,0.0,0.0,0.0,0.0,0.0086446388104547,0.0,0.0,0.0329504486840085,0.0,0.0,0.0,0.0,0.0,0.0309168778624247,0.0,0.0,0.0038548897986218,0.0,0.0016140811113999,0.0219827401245632,0.0041360896217745,0.0015723061437423,0.0482811628446134,0.0014734909475648,0.0,0.0,0.0,0.0350521851911066,0.0117487741735579,0.0045812135771638,0.0,0.0,0.0100352555856849,0.0,0.0032678254693347,0.0082199097518563,0.0,0.0096071147966018,0.0,0.0,0.0,0.0,0.0,0.0025004966529504,0.0024410362026668,0.0,0.790769922091962,0.377087756890291,0.257363525182076,0.0,0.0006479679766063,0.0,0.0,0.0,0.0,0.0,0.0,0.0,0.0,0.0,0.0,0.0020897960906009,0.0,0.0055063027185946,0.0066372747996678,0.0,0.0,0.0,0.0,0.0,0.0,0.0,0.0,0.0008196351844003,0.0157699373132008,0.003623739920597,0.0,0.0,0.0,0.0,0.0,0.0011048477836253,0.0,0.0,0.0,0.0,0.0248982004869424,0.0
SPFm,0.0,0.041041395883091,0.0339264692717835,0.0,0.0,0.0168391165658155,0.0,0.0,0.0028253248783639,0.003391274047585,0.0,0.0,0.0,0.0,0.0,0.0037006854975714,0.0,0.0070856156402986,0.0021025205198755,0.0102026858546994,0.0,0.0,0.0,0.0040752496625055,0.0036033172503495,0.0,0.0,0.0,0.0,0.0,0.295360591718277,0.0703654997111033,0.0,0.0,0.0,0.0011650360227372,0.0033793847924751,0.0,0.0140792312522596,0.450716689705056,0.0,0.0599981471863009,0.0,0.0,0.0,0.0063759561999589,0.0,0.0,0.0,0.0,0.0,0.0,0.0,0.0,0.0024833149857039,0.0,0.0,0.002932572226371,0.007761365900616,0.0,0.0124348244899575,0.0348767959399774,0.0781124224427482,0.0,0.0079501796429586,0.0,0.0,0.0,0.177896377443703,0.0,0.0,0.0,0.0,0.0,0.0272272768814262,0.0017908976362379,0.0,0.0025206928158772,0.0025240487840707,0.0,0.0008290558011987,0.0,0.0,0.0,0.0,0.0014114670413491,0.0019117612155888,0.0895159784931326,0.0,0.0199960711383135,0.0265806503448505,0.0068338903048362,0.0,0.0023865955857333,0.0074652874585473,0.0016720231093741,0.0136031450199549,0.0,0.0154264504781752,0.0030341166627398,0.0007801754462584,0.0062040455881612,0.0996326367386395,0.0320583463595862,0.0326274546099325,0.0,0.0442430846644652,0.085132057921152,0.0012995271929992,0.0096768527353238,0.0,0.0108255096635785,0.0,0.0,0.0012256261542678,0.0158819314575852,0.0,0.0,0.003190016364295,0.0010466433142386,0.0,0.0024703703620235,0.0,0.0,0.0,0.0013154803524337,0.0202614129813011,0.0,0.0,0.0,0.0006461488065678,0.0,0.0012114894902527,0.0,0.0231526683060111,0.0,0.0,0.0029118677474616,0.0,0.0,0.0026680466459436,0.0012578372063438,0.0226208213904998,0.0601634814133685,0.0,0.0,0.0,0.0,0.26060487682291,0.0010275233197708,0.0,0.0,0.0,0.026493145626558,0.0,0.0280887369397168,0.0029528252092914,0.0,0.0137350909648673,0.0025055821913546,0.0,0.0,0.0,0.0167214009849804,0.0141966553907503,0.0060274020822975,0.0,0.238884397316907,1.30618702456348,0.454693287364158,0.0,0.0,0.0,0.0,0.0048774143865221,0.0055649057865939,0.0,0.0009839666126144,0.0076809836244549,0.0,0.0037343083290501,0.0027018259173074,0.0,0.0,0.0314973603903181,0.0030127936953778,0.0,0.0017718145325239,0.0115336504584299,0.0,0.0250449597427728,0.0,0.0,0.0044821018269862,0.0,0.0068248714300483,0.0170381197240254,0.0081313509771519,0.0,0.0,0.0,0.001741169941378,0.0059890335362861,0.0200518390581091,0.0,0.0,0.0,0.0080784657603273,0.0,0.0,0.0046194851152472,0.0177901171851747,0.0,0.0,0.0062054416682476,0.0,0.0,0.0006711349296669,0.0058586201823423,0.0,0.0,0.0,0.0,0.0,0.0,0.0795599938703667,0.0,0.0,0.0028545582579444,0.0,0.0,0.0,0.0008287214568752,0.0037134892014095,0.0,0.0,0.0,0.0,0.0,0.0407974523440473,0.0014351340027177,0.0,0.0,0.0,0.0,0.0031685306350389,0.0,0.0117461446740628,0.512754597211476,0.0,0.0356508499339794,0.0350193841397225,0.0,0.0,0.0021576649886925,0.0,0.0,0.0,0.0,0.0,0.0020690093521358,0.0,0.0,0.0,0.0,0.0,0.0,0.0,0.0,0.0021779973294839,0.009362100364517,0.0665211448827398,0.0,0.0239685563089148,0.0,0.0,0.0,0.02705966241822,0.0288726235558897,0.0,0.0,0.0,0.0,0.0066432573111551,0.0,0.0,0.0046052064025103,0.0,0.0,0.0006062057499142,0.0,0.0,0.0,0.0013757202392537,0.0105592230337835,0.000639376384564,0.0108123554281632,0.0,0.0016051482536452,0.0038979319089171,0.0031389906398708,0.0,0.0,0.0013116621435836,0.0009103657915746,0.0033729854652295,0.0,0.00289239682505,0.0020636917477815,0.0016516107920794,0.0050666643810787,0.0133139493716834,0.0138537881169754,0.0112143050480191,0.0,0.0,0.0672051771621526,0.0110278969019567,0.0029326826092922,0.0,0.0027287319534269,0.0,0.0,0.0,0.0028682444493036,0.0,0.0,0.0,0.0015397635846023,0.0,0.0,0.0,0.0,0.0045885094635539,0.0060415134487091,0.0039559499226135,0.0,0.0,0.0,0.0,0.0,0.0,0.0,0.0041378422309382,0.0,0.0,0.0010958761065136,0.0,0.0,0.0168865360129371,0.0,0.0009060261005144,0.0370067070569639,0.0,0.0,0.0,0.0,0.0864282164694364,0.0018146270739365,0.0,0.0010569513210497,0.0,0.0033763026148572,0.0,0.0027021862453453,0.0007203695522161,0.0,0.0025203602876058,0.0,0.0,0.0,0.0,0.0,0.0,0.0,0.0,0.203527847585795,0.162980963392207,0.138213352641671,0.0,0.0007014345444737,0.0,0.0,0.0,0.0,0.0,0.0,0.0,0.0,0.0,0.0,0.0,0.0,0.0010816782873998,0.0040591587967735,0.0,0.0,0.0,0.0,0.0,0.214515049570578,0.0,0.0,0.0009514986326623,0.0026560859617459,0.0013621077715407,0.0,0.0,0.0,0.0,0.0,0.0,0.0012360050280054,0.0,0.0,0.0,0.0058306289305998,0.0
SPFp,0.0451128091126671,0.122401875970612,0.0,0.0,0.0,0.0,0.0053728593860567,0.0,0.0,0.0,0.0,0.0,0.0,0.0,0.0,0.133721449178747,0.0,0.0285898374973212,0.0072276021953721,0.0240535955356731,0.0,0.0,0.0,0.0037356801852326,0.0,0.0,0.0,0.0076633551181575,0.0,0.0,0.101385651559328,0.0,0.0,0.0,0.0,0.0,0.0011167588106396,0.0,0.0,1.14875599797385,0.0,0.0694467096484008,0.0016846494625787,0.0,0.0,0.0014646527222066,0.0023336433934512,0.0012569181073339,0.0,0.0,0.0,0.0,0.0,0.0,0.0191358547104448,0.0,0.0,0.0,0.0337408451296539,0.0,0.0521316719745927,0.108353387304696,0.0583974879968265,0.0,0.0083104651441631,0.0,0.0007800558001303,0.0,0.490938992206801,0.0095945804852147,0.0,0.0,0.0,0.0,0.0255841200571804,0.0075946340315326,0.0,0.002846908915751,0.0,0.0,0.0007920239679232,0.0,0.0069751822980438,0.0,0.0,0.0009177305310154,0.0030067929458039,0.220790732942224,0.0,0.155742799254571,0.0086179732882237,0.0066858124914243,0.0,0.03299615125813,0.0334689312294525,0.0,0.0033594528762298,0.0,0.0585927408765047,0.0,0.0075390019247529,0.0,0.0,0.0417844411859001,0.0,0.0,0.0081220535674661,0.0023330468386317,0.0108664737721081,0.0242994888860235,0.0,0.0012979354992496,0.0,0.0,0.0009798119962429,0.0,0.0,0.0,0.0172948967951037,0.0,0.0014567985443537,0.0286851113865474,0.0,0.0,0.0,0.0069804509818891,0.0,0.0,0.016305808317458,0.0,0.0043244286549578,0.0,0.0,0.0,0.0473976601209834,0.0,0.0,0.0129666126651752,0.005540273581408,0.0,0.0,0.0,0.059846736038933,0.0551123670746725,0.0,0.0,0.0,0.0,0.275974374848529,0.0,0.0,0.0052506156882779,0.0,0.0528843127516142,0.0,0.0700995279185467,0.0251557061762586,0.0,0.0544410069086552,0.0006180801399501,0.0,0.0,0.0,0.0,0.153972376170109,0.071014562735135,0.764899558437094,0.0445293123584376,0.389212578766474,3.55784433099862,0.0,0.0,0.0,0.0,0.0627055221468923,0.0304985553004329,0.0195740363517158,0.0482255609118794,0.0881893433408537,0.0624824161652107,0.0306449440225146,0.0217430574824491,0.0,0.0,0.0453220197066924,0.0187876858142245,0.0,0.0050029144001938,0.0006800699289437,0.0,0.0099636932718535,0.0,0.0,0.0038396119455195,0.0,0.0354724391166802,0.0822034621651931,0.0391643080772805,0.0,0.0,0.0,0.0054587448647973,0.0271942453180406,0.0104941761710675,0.0,0.0014663832588784,0.0012634579953708,0.0,0.0,0.00721455069703,0.0,0.0006619257333724,0.0,0.0,0.0,0.003360791955727,0.0,0.0049797383748169,0.0225750722346997,0.0,0.0,0.0,0.0,0.0,0.0,0.0,0.0,0.0,0.0016658512719337,0.0,0.0,0.0,0.000664061142634,0.0,0.0,0.0,0.0,0.0,0.0,0.0229876493786509,0.0058043181217264,0.0,0.0,0.0,0.0,0.0008891924748606,0.0,0.0145972027048818,1.45095937774107,0.0,0.0292544206471454,0.237498810014012,0.0,0.0,0.0,0.0,0.0,0.0,0.0,0.0,0.0011720647397065,0.0058083883581309,0.0,0.0006905925297097,0.0,0.0,0.0,0.0,0.0,0.0030822559319132,0.006642068987456,0.0054747817275419,0.0,0.0475778600968975,0.030198414896403,0.0,0.0,0.0022760037205685,0.0007085321094869,0.0,0.0,0.0,0.0,0.0006788527448649,0.0,0.0,0.0118400227281432,0.0,0.0,0.0,0.0,0.0058326550534781,0.0,0.0101303724420562,0.0,0.0,0.0,0.0,0.0,0.0,0.0025815469471005,0.0,0.0,0.0012705049453142,0.0,0.0,0.0,0.0081819397505626,0.0,0.0019901086311688,0.0,0.0,0.0,0.0,0.0,0.0,0.0043060418454287,0.166546709829347,0.0061239281060909,0.0,0.0006124876822154,0.0,0.0,0.0,0.0,0.0,0.0,0.0,0.0,0.0008292518474702,0.0,0.0,0.0,0.0,0.0088564234821863,0.0,0.0,0.0,0.0,0.0,0.0,0.0,0.0,0.006215984238047,0.0,0.0,0.0071376221507198,0.0,0.0,0.0887478799134801,0.0,0.000628506488188,0.0186687779998266,0.0,0.0,0.0,0.0,0.122700858683311,0.0011564138968238,0.0,0.003710536636994,0.0,0.0,0.0,0.0,0.0018875922934535,0.0,0.0070900487587638,0.0008694300906255,0.0,0.0,0.0,0.0,0.0,0.002347963140603,0.0,0.0422431911306967,0.0,0.181612176301314,0.0,0.0052177183920369,0.0533675605977496,0.0,0.0,0.0,0.0,0.0,0.0,0.0,0.0009378957719148,0.0006087619771258,0.0,0.0416851910564111,0.0778243767865886,0.0023849968321818,0.0,0.0023080343213837,0.0,0.0,0.0055662577603103,0.0,0.0,0.0,0.0025976575949408,0.0043439779061509,0.0,0.0,0.0,0.0,0.0,0.0,0.0007710635186403,0.0009703115433172,0.0,0.0,0.0,0.0035382363554328,0.0
SPIV,0.0,0.0007213715901917,0.0,0.0,0.0,0.0,0.0,0.0,0.0,0.102398234366303,0.0,0.0044894480543532,0.0,0.0,0.0,0.0,0.0,0.0011139459495377,0.0,0.0,0.0,0.0,0.0,0.0006358870007031,0.0,0.0,0.0,0.0037731913107461,0.0019404750689775,0.0051745554630296,0.0849787610444503,0.0,0.0,0.0,0.0,0.0,0.0,0.0,0.0,29.0381328598873,0.0007424322388758,0.0026010230270802,0.0,0.0,0.0,0.0,0.0,0.0,0.0,0.0,0.0,0.291574386477733,0.0,0.0,0.0,0.0108490628955267,0.0258420032226703,0.0,0.0,0.0006822940090279,0.0,0.0006854070166972,0.0,0.0,0.0963125417260952,0.0243065269599907,0.0,0.0,0.0,3.22629051390028,0.0,0.0,0.0,0.0,0.0,0.0,0.0,0.0207149946198535,0.0,0.0,0.0,0.0,0.0336822677549229,0.0,0.0713532327737997,0.0,0.0,0.0,0.0,0.0,0.0,0.0009746594257285,0.0,0.0035451528545305,0.0015522740248055,0.0,0.0,0.0,0.0021661730009329,0.0,0.121070155002672,0.0,0.0,0.151965441804398,0.0,0.709983563177856,0.0,0.0,0.471482825778001,0.0,0.0,0.0,0.0,0.0,0.0,0.0,0.0,0.00367824087263,0.0172322355872907,0.0261333502602557,0.0,0.0,0.0011210408492793,0.0,0.0,0.0554040491143559,0.0,0.0,0.0034896803105158,0.0,0.0,0.0,0.0,0.0,0.0,0.0006135810171976,0.0,0.0156299287541919,0.0,0.743109842413584,0.0122222717595059,0.0,0.0,0.0017123157906221,0.0,0.0,0.0,0.0007037523749167,0.0052332126192852,0.0,0.0,0.0092880389021562,0.0,0.0,0.0,0.0,0.0,0.0,0.0,0.0,0.0,0.0,0.0008042219788276,0.0,0.0,0.0,334.988725271249,0.0,0.0,0.0,1.58062001566987,0.0581349555456276,0.0914640700359414,0.0,0.0031089912738993,0.0054341804286463,0.0,0.0,0.0008789782769353,0.0,0.0011200960216116,0.0,0.0,0.0,1.87392262127173,0.0,0.0,0.0,0.0,0.0,0.0,0.0,0.0,0.0,0.0128515779202714,0.0012497407884534,0.0051039404008928,0.0,0.0,0.0,0.0018243452188621,0.0,0.0,0.0,0.0,0.0,0.0,0.0,0.0,0.0,0.0017237782246716,0.0,0.0,0.0,0.0,0.0,0.0,0.0,0.0478881093833733,0.0,0.0008574883434294,0.0,0.0,0.0,0.0,0.0,0.001223168926313,0.0,0.0,0.0,0.0,0.0,0.0,0.0,0.0,0.0,0.0,0.0007845059436976,0.0,0.128419615850223,0.0,0.0,0.0,0.0,0.0,0.0,0.0,0.0,67.4096101492592,0.0012171414409221,0.0,0.0,0.0,0.0,0.0,0.0,0.0,0.0,0.0,0.0,0.49196600962589,0.0,0.0006700747372216,0.0,0.0,0.0362559850848509,0.0,0.0,0.0,0.0,0.0,0.0,0.0,0.103699538410483,0.0,0.0,0.0,0.0,0.0,0.0,0.0,0.0,0.0,0.0,0.0,0.0,0.121080446316481,0.0,0.0,0.0,0.0,0.0,0.0,0.0014348665319723,0.0,0.0,0.0,0.0,0.0,0.0,0.0010605788949531,0.0,0.0092812708725953,0.0018388356627885,0.0,0.0,0.0,0.0,0.0,0.253666463714776,0.0,0.0,0.19567951846542,0.0,3.02828578355343,0.0,0.0,0.0712868210244802,0.0,0.0,0.0,0.0,0.0,0.0,0.0,0.0,0.0,0.0013428018626923,0.0024672364170754,0.0,0.0,0.0007545104952226,0.0,0.0,0.0140491187816205,0.0,0.0,0.0037097631375198,0.0,0.0,0.0,0.0025644081451007,0.0,0.0,0.0,0.0,0.0086100504957332,0.0,0.705871135634228,0.040507702449111,0.0,0.000815393861617,0.0,0.0,0.0,0.0,0.0,0.0,0.0,0.0,0.0492080803297632,0.0,0.0,0.0,0.0,0.0,0.0,0.0,0.0,0.0,0.0,0.0,0.0,0.0,0.0,0.0,0.0,0.0,0.0061665669782698,0.371174351933919,0.0029100239356314,0.0064276339970388,0.0,0.0066492021801368,0.015860729375335,0.0041515921898482,0.0,0.0054037919607206,0.0,0.0029248415368457,0.0,0.0,0.0,0.421038430913857,0.0,0.0,0.0,0.0,0.0,0.0,0.0,0.0,0.0,0.0302898185810456,0.0020381380393222,0.0050929506088445,0.0019452678929483,0.0,0.0,0.0017017059075109,0.0,0.0,0.0,0.0,0.0,0.0,0.0,0.0108846332574251
SPVC,0.0,0.0009344395122575,0.0,0.0,0.0,0.0,0.0,0.0,0.0,0.0,0.0,0.0028822430355531,0.0,0.0,0.0,0.0006352626420885,0.0,0.0,0.0,0.0,0.00070887879683,0.0,0.0009007040836704,0.0,0.0,0.0,0.0,0.001303345586401,0.0025889374256962,0.0,0.0823524061482746,0.0,0.0,0.0,0.0,0.0,0.0,0.0,0.0,21.4007200024042,0.0056768030467529,0.0,0.0,0.0009236964932452,0.0,0.002763955502059,0.0,0.0,0.0,0.0,0.0308482245604103,0.0,0.0,0.0,0.0,0.0060282094178938,0.0396375451689357,0.0010882496080367,0.0,0.0,0.0,0.0,0.0,0.0014792479897099,0.289479639231229,0.0060659196120027,0.0,0.0259997622248848,0.0105731656157585,0.320787301311691,0.0,0.0,0.0,0.0,0.0,0.0,0.0,0.0,0.0075224398468547,0.0,0.002886290565702,0.0,0.0,0.0,1.32702113781418,0.0,0.0,0.0,0.0,0.0,0.0,0.00149613207271,0.0,0.0016825853557189,0.001245431613947,0.0,0.0,0.0102418698197067,0.0014961367046435,0.0,0.0624761770176899,0.0,0.0,0.313883048394358,0.0,0.0,0.0,0.0,0.272341917762417,0.0007480312817157,0.0,0.0,0.0,0.0,0.0,0.0,0.0022577071925478,0.113270222193739,0.0,0.0,0.0,0.0,0.0,0.0,0.0,0.0,0.0,0.0,0.0105109626946749,0.000875800084206,0.0,0.0,0.0,0.0,0.0,0.0,0.0,0.0,0.0,0.0,0.106672905463059,0.0,0.0,0.0249369583709408,0.0,0.0,0.0,0.0,0.0,0.0,0.0,0.0034115668706081,0.0,0.0012057755021042,0.0,0.0006388805385992,0.0,0.0,0.0,0.0,0.0,0.0,0.002353360601367,0.0,0.0,0.0,0.0,0.0,0.0,0.0,0.0622013438426414,3.30333749726986,0.609818100259085,0.325558537297163,0.0077955534248056,0.0006760369007611,0.0077567715974691,0.0,0.0,0.0007807863304656,0.0019596014432246,0.0,0.0,0.0,0.0,0.0,0.0,0.0,0.0,0.0,0.0,0.0,0.0,0.0,0.0,0.0006356054099548,0.0007452640923328,0.0007802786134506,0.0,0.0,0.0,0.0,0.0,0.0008112807865129,0.0008802231309177,0.0,0.0,0.0,0.0882255415889621,0.0,0.0025567441781274,0.0,0.0,0.0,0.0,0.0,0.0,0.0,0.0,0.0,0.0,0.0,0.0,0.0,0.0,0.0,0.0,0.0,0.0,0.0,0.0,0.0,0.0014770114930423,0.0,0.0,0.0,0.0,0.0010031736205749,0.0,0.893743621458905,0.0016472411984093,0.0,0.0,0.0,0.0011028740790014,0.0,0.0,0.0,1.40188726807194,0.0024584219795739,0.0,0.0,0.0,0.0,0.0,0.0,0.0,0.0,0.0,0.0,0.0020718307306169,0.0,0.0,0.0,0.0,0.0487350973617989,0.0,0.0,0.0,0.0,0.0,0.0,0.0,0.39957901553675,0.001897857627446,0.0,0.0197995942322048,0.0,0.0053500997136378,0.0,0.0,0.0,0.0,0.0,0.0,0.0010667629497819,0.0,0.0017379211514264,0.0,0.0,0.0,0.0,0.0,0.083042546297352,0.0,0.0,0.0,0.0,0.0,0.0,0.0,0.0,0.0775178477215605,0.0221726512439239,0.0,0.0,0.0,0.0065063764994806,0.0,0.0738216935973448,0.0,0.0,0.0344417398599854,0.0,0.0,0.0,0.0059713426010959,0.114523302691604,0.0044765552540424,0.0,0.000822293790947,0.0,0.0,0.0,0.0023629117577762,0.0,0.0,0.0,0.0,0.0011746162768506,0.0,0.0,0.0,0.0,0.0166646354914669,0.0,0.0,0.0126942974999001,0.0,0.0,0.0,0.0008907638087331,0.0,0.0,0.0,0.0,0.0,0.0,0.0,0.0126184256885943,0.0,0.0,0.0,0.0,0.0,0.0,0.0,0.0,0.0,0.0,0.0873345615961899,0.0,0.0,0.0,0.0012028971365449,0.0,0.0,0.0,0.0,0.0,0.0,0.0,0.0,0.0,0.0,0.0,0.0,0.0,0.0,0.0,0.0838355311955997,0.107431283764478,0.374749402996963,0.20088900629216,0.0,0.357872220514572,0.239959912304812,0.0063384707433258,0.0395905092999069,0.046878653457914,0.0,0.0,0.0,0.0,0.0,0.0,0.0,0.0,0.0,0.0,0.0,0.0,0.0,0.0,0.0146636760112289,0.0083383256425521,0.0106342646905894,0.0,0.0,0.0,0.0,0.0,0.0,0.0,0.0,0.0,0.0,0.0302080241745236
SPVI,0.0011236153414733,0.0,0.0,0.0,0.0,0.0,0.0,0.0,0.0,0.479625308919605,0.0,0.007001655337263,0.0014112188284469,0.0,0.0,0.0,0.0,0.0,0.0,0.0,0.0,0.0,0.0006535726780993,0.0006448064247228,0.0,0.0,0.0,0.0072850164243049,0.0,0.0,0.148961542252826,0.0,0.0,0.0006693270529199,0.0,0.0,0.0,0.0,0.0,22.8523795474453,0.0010091643735447,0.0,0.0,0.0,0.0,0.0,0.0,0.0,0.0,0.0,0.0317163062925876,0.0,0.0,0.0,0.0007840874569973,0.029955109906054,0.0441082932175932,0.0006122904439575,0.0,0.0,0.0020202400733268,0.0,0.0,0.0,0.242498181113405,0.0842862803778505,0.0,0.0,0.0,0.584421546263711,0.0,0.0,0.0,0.0,0.0,0.0,0.0,0.0,0.0027333243956419,0.0,0.0,0.0,0.0,0.0,0.930561284117216,0.0,0.0,0.0,0.0,0.0,0.0,0.0,0.0,0.0053881363341151,0.0051589692072668,0.0,0.0,0.0,0.0028977906546379,0.0,0.0016839096376343,0.0,0.0,0.213717939076462,0.0,0.0,0.0,0.0,0.814432444351015,0.0013559659927344,0.0,0.0,0.0,0.0,0.0,0.0,0.0,0.100547855220609,0.0,0.003222944315806,0.0,0.0,0.0021197089016366,0.0,1.28331008164562,0.0,0.0,0.0,0.0010391887950638,0.0,0.0,0.0,0.0,0.0,0.0010305772250305,0.0,0.0,0.0,0.0,0.0,0.223038321285026,0.0,0.0,0.0016504537441739,0.0,0.0,0.0,0.0,0.0,0.0,0.0,0.0,0.0,0.0,0.0,0.0,0.0,0.0,0.0,0.0,0.0,0.0,0.0014485509384925,0.0,0.0026998542897755,0.0019322852138036,0.0,0.0,0.0,0.0026567975996174,0.145860475512055,1.85689616003749,2.00653860078034,0.765638621864663,0.0086786637028532,0.0,0.0136607097956799,0.0,0.001082213352719,0.0017999977384496,0.0032935000148245,0.0,0.0,0.0,0.0,0.0,0.0,0.0,0.0,0.0,0.0,0.0,0.0,0.0,0.0,0.0026806578806719,0.0027596786157718,0.0011530707416428,0.0,0.0,0.0,0.0,0.0,0.0,0.0,0.0,0.0,0.0,0.062953948527653,0.0,0.0,0.0,0.0,0.0,0.0,0.0,0.0,0.0,0.0,0.0,0.0134285135024326,0.0,0.0,0.0,0.0,0.0,0.0,0.0,0.0,0.0,0.0,0.0,0.0,0.0,0.0,0.0,0.0,0.0010791759993699,0.0,1.10006554142399,0.0315836933733503,0.0,0.0,0.0,0.0023863088642236,0.0,0.0,0.0,4.85544509924642,0.0021963474518665,0.0,0.0,0.0,0.0,0.0,0.0,0.0,0.0,0.0,0.0,0.0136733365215064,0.0,0.0,0.0,0.0,0.0667994807893486,0.0,0.0,0.0,0.0,0.0011936321797431,0.0,0.0,0.355297877853452,0.0017975884341056,0.0,0.0270759196406709,0.0,0.0,0.0,0.0,0.0,0.0,0.0,0.0,0.0,0.0072604187526567,0.0,0.0,0.0,0.0,0.0,0.0,0.102125544770299,0.0,0.0,0.0,0.0,0.0,0.0,0.0,0.0,0.0906893871342075,0.0250082098692435,0.0,0.0,0.0,0.0023864749125569,0.0,0.0773231341822353,0.0,0.0,0.0328603931523327,0.0,0.0,0.0,0.0008773964804312,0.153751421923597,0.0119331027109524,0.0,0.0021944123505052,0.0,0.0,0.0,0.0012598358997985,0.0,0.0074090842722709,0.0,0.0,0.0,0.0,0.0,0.0087896770441869,0.0078912677936114,0.0242340883210173,0.0,0.0,0.0029595957280082,0.0,0.0,0.0,0.0,0.0,0.0010540845540899,0.0,0.0,0.0,0.0,0.120387001524837,0.0266558374432026,0.0,0.0,0.0,0.0,0.0,0.0,0.0,0.0,0.0,0.0,0.0985854948516549,0.0,0.0,0.0,0.0,0.0,0.0,0.0,0.0,0.0,0.0,0.0,0.0,0.0,0.0,0.0,0.0,0.0,0.0015793772830281,0.0195326802503256,0.0195905700073928,0.148180390823559,0.379664580995421,0.152666311189299,0.0,0.219042510183533,0.109527476557396,0.0116705625001534,0.0414781119287339,0.0514622659009246,0.0,0.0,0.0,0.0,0.0,0.0,0.0,0.0,0.0,0.0,0.0,0.0,0.0048057349735848,0.0035589287934101,0.0149888363295359,0.0230848838348198,0.0113462389500614,0.0,0.0,0.0,0.0,0.0,0.0,0.0055113545416769,0.002343540425269,0.0,0.0171872127135391,0.088491258471298
SPVO,0.0093929602138489,0.0,0.0,0.0,0.0,0.0,0.0,0.0,0.0,0.0,0.0,0.0,0.0,0.0,0.0,0.0,0.0,0.0,0.0,0.0,0.0,0.0,0.0,0.0,0.0,0.0,0.0,0.015251574806637,0.0,0.0,0.175608060343574,0.0038577105777767,0.0,0.0,0.0,0.0,0.0,0.0,0.0,17.432077372235,0.0,0.0,0.0,0.0,0.0,0.0,0.0,0.0,0.0,0.0,0.0229369463542553,0.0039420253010884,0.0,0.0,0.0006073214843615,0.0620515817497935,0.0518200614159662,0.0,0.0098905695569132,0.0,0.0,0.0008779781771694,0.0,0.0,0.228781927243353,0.143596912902848,0.0,0.0,0.0,0.792722652065249,0.0,0.0,0.0,0.0,0.0,0.0,0.0,0.0,0.0,0.0,0.0,0.0,0.0,0.0,0.635035639243247,0.0,0.0014947666116583,0.0,0.0,0.0,0.0,0.0,0.0,0.0104445849418115,0.0069386918124083,0.0,0.0,0.0,0.0042350317503902,0.0,0.0580245328985219,0.0,0.0,0.0061423696556764,0.0,0.0167698133203316,0.0,0.0,0.307691071013619,0.0012793849572144,0.0,0.0,0.0,0.0,0.0,0.0,0.0,0.121544754238339,0.016380960537521,0.0032656108880893,0.0,0.0,0.0,0.0,0.493514560908624,0.0,0.0,0.0,0.0008960807777659,0.0,0.0,0.0,0.0,0.0,0.0,0.0,0.0,0.0,0.0,0.0,0.230841252781512,0.0,0.0,0.0,0.0,0.0,0.0,0.0,0.0008253773152727,0.0,0.0,0.0,0.0,0.0,0.0,0.0,0.0,0.0,0.0013492349199794,0.0,0.0,0.0,0.0,0.0,0.0201065109163668,0.0069160725265842,18406.6655991068,0.0018289095030554,0.0,0.0148796038552576,0.111840122442282,1.3775960296498,0.58185636954135,2.02992673246478,0.006542979713543,0.0,0.0169412654302331,0.0,0.0013239157129521,0.0,0.0094850312338199,0.0,0.0,0.0063448636806044,0.0,0.0,0.0,0.0,0.0,0.0,0.0,0.0,0.0,0.0,0.0,0.0029632872242758,0.002255462680609,0.0,0.0,0.0,0.0,0.0,0.0006868900573899,0.0,0.0007360956981735,0.0,0.0,0.0,0.111277372392161,0.0017512140057643,0.0,0.0,0.0,0.0,0.0,0.0,0.0,0.0,0.0,0.0,0.0,0.0,0.0,0.0,0.0,0.0,0.0,0.0,0.0,0.0,0.0,0.0,0.0,0.0,0.0,0.0,0.0,0.0007246269224254,0.0,0.772103405929089,0.0349889994410592,0.0,0.0,0.0,0.0023014137285536,0.0,0.0,0.0,4.31726581472637,0.0,0.0,0.0,0.0,0.0,0.0,0.0,0.0,0.0,0.0,0.0,0.046448666389634,0.0,0.0,0.0007855255381529,0.0018472487825977,0.064850312622234,0.0,0.0008522622573539,0.0,0.0,0.0,0.0,0.0,0.258190476361492,0.0,0.0,0.0387847355179623,0.0,0.0263704853339813,0.0,0.0,0.0,0.0,0.0,0.0,0.0,0.0,0.0,0.0,0.0,0.0,0.0,0.0,0.0605113560079186,0.0,0.0,0.0,0.0,0.0,0.0,0.0,0.0,0.0897189841594213,0.0318858416446968,0.0,0.0,0.0,0.0033893285808988,0.0,0.126962858763321,0.0,0.0,0.0,0.0,0.0,0.0,0.0041333615674632,0.138823432533886,0.0082076064912075,0.0,0.0015585197290599,0.0,0.0,0.0,0.0,0.0,0.0048029707324539,0.0033321905920807,0.0,0.0,0.0,0.0,0.0,0.0,0.0060782964055416,0.0,0.0,0.0,0.0,0.0,0.0,0.0,0.0,0.0,0.0,0.0,0.0,0.0045447030922128,0.0,0.0894946073258138,0.0,0.0,0.0,0.0,0.0,0.0,0.0,0.0,0.0,0.0,0.121511606651207,0.0,0.0,0.0,0.0,0.0,0.0,0.0125859235083095,0.0,0.0,0.0,0.0,0.0,0.0,0.001176018867265,0.0,0.0050679580797306,0.0,0.0,0.0190902610368818,0.0183639001273149,0.0734890957873351,0.44837417268013,0.0646779101599893,0.0,0.18393206406827,0.0441650482269403,0.0,0.0,0.0794498474916989,0.0,0.0,0.0358502467613596,0.0,0.0,0.0,0.0,0.0,0.0,0.0,0.0,0.0,0.0175830050989141,0.0,0.012669988117255,0.0032502925385411,0.0016711483848016,0.0,0.0,0.0,0.0,0.0,0.0,0.0,0.0,0.0,0.0109931571324408,0.0633222973476111
SSp-bfd,0.0,0.520131727015205,0.0,0.0006509630686861,0.0,0.0,0.0,0.0,0.0,0.0,0.0,2.58742098497317,0.0,0.0,0.0,0.048356657194515,0.0,1.42257142135279,0.170600881589482,0.264209371546951,0.387798588532127,0.231660970515339,0.0,0.0,0.0,0.0,0.0,0.0131410831341646,0.0045440325209987,0.0,0.0,0.003158160673604,0.0,0.0,0.0,0.0,0.0079395013814514,0.0013030495536868,0.0,0.125144311688046,0.0234130571567901,0.0,0.0016014854182924,0.0842848265412487,0.006590252791434,0.407771553555405,0.630462127732986,0.0,0.0,0.0096045866138752,0.0,0.0,0.0,0.0602890205811686,0.0641936554077437,0.0,0.0,0.0,0.0,0.0019428509650136,0.0013210195373203,0.0039156811320032,0.0,0.0,0.0,0.0,0.0,0.0,0.508397262413575,0.000914973063258,0.194052220154964,0.0,0.0,0.0,0.0,0.588350848116235,0.0008227233422221,0.0,0.00659709118437,0.0,0.0,0.0,0.0045906882881152,0.0,0.0019592276488106,0.0,0.0,0.0,0.0,0.0089510525063556,0.0,0.0083490192624285,0.0,0.263873452635392,0.581691946264503,0.0,0.0,0.0,0.0023139548249312,0.0,0.0011311177113912,0.0286447317607595,0.0,0.0063941697358049,0.0,0.0008107730618573,0.0343804264141818,0.0,0.0299734913909258,0.196305147365525,0.0,0.451371333400736,0.0,0.334346218439197,0.0032625169269542,0.0,0.0,0.0,0.0011734869506933,0.0013626230251591,0.0,0.0982054271214342,0.0344169069970341,0.0287312699491534,0.0,0.0021247112465918,0.0,0.0,0.0994754744263727,0.0109432949043498,0.314680661713833,2.61164843805334,0.0,0.0,0.0,0.005406757232794,0.0,0.0,0.0,0.0,0.0,0.0,0.0,0.0,0.0046914821248968,0.0,0.0,0.0,0.0,0.0181801050896311,0.0,0.0,0.0,0.091098195140498,0.0,0.68366877071634,0.0,0.0,0.0,0.0,0.0,0.0,0.0,0.212149011231401,0.0,0.0008811433322058,0.0,0.0956722467011239,0.0,0.0,0.0008539736161875,0.0019951904051732,0.0,0.0,7.42537424450788,0.0,0.0,0.464901864235364,0.554293147632996,1.38425979039064,0.767240408898626,0.0221905324550393,0.0016414227146596,0.0,0.0021558624632264,0.0915691220002476,0.0,0.0020033897391983,0.0,0.0,0.0,0.0,0.0,0.0048259855339614,0.0,0.226144561706248,1.66229100282149,1.5125586810369,0.344401209854834,0.0917971982908636,0.0,0.0450321845155408,0.0814931900061399,0.0,7.1503696617001,0.583381772988029,0.0,0.0,0.0,0.0,0.0537462060943739,0.0,0.0,0.0,0.0,0.0,0.0,0.0,0.0,0.0,0.0,0.0,0.0,0.0,0.0,0.0,0.113898509510396,0.0801643158691437,0.0,0.0,0.056802974611548,0.0,0.0,0.0,0.0,0.0,0.0,0.0020201562696869,0.0,0.0,0.0018440629813242,0.0,0.0,0.0,0.0,0.0136801768330568,0.0,0.0,0.243195644597749,0.0021795243854878,0.0,0.0,0.0135144351477559,0.0,0.276831959719884,0.0701342194775797,0.0,0.0,0.0013721380852743,0.0,0.0,0.0,0.0,0.0,0.0,0.0,0.0,0.0,0.0,0.0,0.0,0.0,0.0,0.0,0.0,0.0,0.0006431956042594,0.0014909665019915,0.0,0.0,0.0,0.0,0.0,0.0,0.0,0.0,0.0,0.0,0.0,0.0,0.0,0.0,0.0,0.0010313909408121,0.0,0.0,0.0026752043215184,0.0,0.0007335062128864,0.0,0.0,0.0,0.0385630196041209,0.0810837927861035,0.0,0.0,0.0,0.0,0.0,0.0,0.0053139325314453,0.0,0.0024195892986815,0.0,0.0,0.0,0.0088986432050003,0.003529199954953,0.0636480067337583,0.0,0.0360995529380696,0.0,0.0,0.0,0.0,0.0007576506279524,0.0,0.0,0.0,0.43531725552597,0.0,0.0038492304228343,0.0,0.0,0.0,0.0,0.0,0.0068079289130342,0.0026405322272758,0.0094671330852812,0.0,0.0,0.0,0.0,0.0047842427662756,0.0,0.0,0.0,0.0035906389146744,0.0,0.0030774068934084,0.0,0.0,0.0059278923656322,0.0,0.0,0.0,0.0,0.0102726577404078,0.0,0.0,0.0,0.003010688137778,0.0,0.0092434445318114,0.0,0.0,0.0,0.0,0.0,0.0,0.0,0.0,0.0,0.0,0.0,0.0268686873263195,0.0,0.0,0.0,0.0167061171874578,0.0,0.0,1.1846344081358,0.0,0.0,0.0518768197550435,0.0882940808380097,0.134290504512396,0.103930930083228,0.0143957091466343,0.0010152797104156,0.0,0.0,0.084756146934897,0.0,0.0,0.0048327315167583,0.0,0.0,0.0,0.0,0.0006448111712169,0.0,0.032441711408383,0.439057517645682,0.119264479557018,0.0105560722365339,0.0013462495770893,0.0291469061264677,0.0075003023903993,0.0,0.0,0.0,0.0,0.0,0.0010463574299699,0.0
SSp-ll,0.0097485836036007,0.219562630121647,0.0,0.0,0.0,0.0,0.0,0.0,0.0,0.0,0.0,1.303883920088,0.0,0.0,0.0,0.0155974931786548,0.0,0.396508661734988,0.0066392712724494,0.144090461297867,0.474815803056489,0.0530287083206758,0.0,0.0,0.0,0.0,0.0,0.0,0.0,0.0,0.627854853447209,0.0,0.0,0.0008030014215032,0.0,0.0,0.013384029577086,0.0,0.0,0.0,0.0022739267549638,0.0,0.0,0.0096023900295182,0.0006445616276919,0.0042836322726463,0.154075180559595,0.0,0.0,0.0006960028755576,0.0,0.0,0.0,0.0438196896220722,0.0494286386805957,0.0166413960140955,0.0,0.0,0.0,0.0,0.0,0.0021963518584192,0.0079969593859092,0.0,0.0032676945289371,0.0,0.0,0.0,0.0,0.0,0.375168927698829,0.0,0.0,0.0,0.0,0.301471080579184,0.0047701065575352,0.0,0.0,0.0,0.0015321867751325,0.0,0.0,0.0,0.0,0.0010384567399388,0.0025478837910163,0.0,0.0,0.0,0.0,0.0019019229355125,0.0,0.786680122348258,0.0715920521203201,0.0,0.0035600641717589,0.0,0.0,0.0010154867232674,0.0,0.0465462155689051,0.0151668508606645,0.0,0.0,0.0,0.0,0.0,0.0011317367659826,0.0182207962124702,0.0023918581672027,0.126367624158625,0.0,0.0,0.0,0.0,0.0,0.0,0.0,0.0,0.0,0.0260502060946473,0.0110789369616868,0.0,0.0,0.000695138779636,0.0,0.0,0.030245095645787,0.0,0.246186601596832,0.8097846532437,0.0,0.0,0.0007615175254944,0.0,0.0,0.0,0.0,0.0,0.0,0.0,0.0,0.0007276705434687,0.0,0.0,0.0,0.0,0.0,0.0,0.0,0.0,0.0,0.0,0.0035810745193281,0.256476998921766,0.0413788015854778,0.0,0.0,0.0,0.0,0.0059949483385745,0.0,0.0163974279668579,0.0,0.0,0.0,0.0186740316564416,0.0,0.0,0.0,0.0,0.0,0.0,0.339139689353,4.52296948504687,0.0,0.0088804628130597,2.31261983896011,0.0,0.13136062402661,0.282008952544264,0.0018137999905136,0.0,0.0,0.0680495255113515,0.0,0.0065622389406926,0.0115978844607513,0.0,0.0021795230809634,0.0,3.78777510390705,0.0,0.0,0.0280378026179362,0.131268931543047,0.410700162885246,0.0625031591509143,0.0043848276827096,0.0,0.069293480676326,0.0457397606609699,0.0,0.0,0.0,0.0,0.0,0.0,0.0,0.0262720340506707,0.0,0.0,0.0,0.0,0.0,0.0,0.0,0.0,0.0,0.0,0.0,0.0,0.0,0.0,0.0,0.0143098938662,0.0018758555389391,0.0185945774942472,0.0,0.0047426225564771,0.0,0.0,0.001921018877939,0.0,0.0,0.0,0.0006336738030335,0.0,0.0,0.0,0.0,0.000632995080763,0.0,0.0,0.0298174533525842,0.0,0.0,0.0,0.0,0.0,0.0,0.0178491248835573,0.0,0.0102849945248566,0.0292098254519063,0.0,0.0,0.001670437409461,0.0,0.0,0.0043559710223703,0.0,0.0,0.0055937792910755,0.0,0.0,0.0,0.0,0.0,0.0,0.0,0.0,0.0033163021757983,0.0,0.0,0.0,0.0,0.0,0.0,0.0,0.0,0.0,0.0,0.0,0.0,0.0,0.0,0.0,0.0,0.0,0.0,0.0,0.0,0.0,0.0,0.0190679083411236,0.0,0.0,0.0,0.0007061266234553,0.0,0.243155825370864,0.0,0.0,0.0,0.0,0.0,0.0007793367487928,0.0,0.0029119874355168,0.0,0.0012238083794369,0.0,0.0,0.0,0.006085388397041,0.0160252170547951,0.0032963406211935,0.0,0.0098168419359425,0.0,0.0,0.0,0.0,0.0,0.0,0.0,0.0,0.0797130932421138,0.0,0.0,0.0,0.0,0.0,0.0,0.0,0.0032561276886794,0.0,0.0010980390385145,0.0,0.0,0.0,0.0,0.0,0.0,0.0,0.0,0.0,0.0,0.0,0.0,0.0,0.0,0.0,0.0,0.0,0.0,0.0162491484754139,0.0,0.0,0.0,0.0259951989852514,0.0,0.0022554562484588,0.0,0.0,0.0,0.0,0.0,0.0,0.0,0.0,0.0,0.0,0.0,0.0144404671769357,0.0,0.0,0.0,0.0,0.0,0.0,0.0421613261437096,0.939840482773822,0.0,0.0037413976200913,0.554186947113915,0.0,0.0181351248177391,0.0470314588266655,0.0006057784826384,0.0,0.0,0.0222424159575453,0.0,0.0,0.0073462068798557,0.0,0.0,0.0,0.0,0.0,0.0,0.0018004711190062,0.0360036619792038,0.039355796252231,0.0029201944347947,0.0,0.0015282645036572,0.0,0.0,0.0,0.0,0.0,0.0,0.0007062584291745,0.0
SSp-m,0.0221997980721521,0.0,0.0,0.0,0.0007517631839827,0.0,0.120365062314905,0.0,0.0,0.0,0.0,0.0,0.0,0.0,0.0,0.0,0.0,0.0,0.0,0.0423192772461394,0.0,0.286390675189727,0.0028332070840965,0.0071341700146375,0.0206046725895852,0.0,0.0,0.0,0.0119049687589364,0.0,14.9547401425712,0.0109597996788869,0.0,0.0168458790821779,0.0,0.0272126163947594,0.0032467364846316,0.0096220074669717,0.0008528756287798,0.14026594701122,0.0274799382025162,0.0,0.0074109067008673,0.103499484516907,0.0249364381569377,0.0190404658364796,0.0694362985549421,0.0,0.0,0.0929849317154875,0.0,0.0006792372147344,0.777292056061784,0.453605022972215,0.130501682999866,0.0,0.0,0.0,0.0,0.0079762826317188,0.0024616801300247,0.0,0.0,0.0,0.0,0.0017255562227045,0.0,0.0124576215965572,0.0,0.0072543586673761,0.0,0.0,0.0,0.0054206707928084,0.0,0.0,0.0049630878522889,0.0,0.0312044727622609,0.0,0.0,0.0,0.0207557511575479,0.0,0.004944761755606,0.0,0.0,0.384414496971021,0.0,0.0247111366995622,0.0,0.0341285191374333,0.0,1.69871619714996,0.663074864733068,0.0,0.0,0.0361415658869994,0.0,0.0,0.0064264621380707,0.0,0.0,0.0096337829816501,0.0,0.0103461564286065,0.0,0.0,0.0326535619670476,0.119217454655514,0.0,0.0483679358601932,0.0,0.0,0.0,0.0024437210620315,0.0059198881026318,0.0,0.0074878992343304,0.0020365075485037,0.0,0.0,0.0266057654769097,0.0,0.0,0.0053973222574118,0.0,0.0,0.0,0.0,1.39461176654116,0.0,0.0710262626198648,0.0633943863315685,0.0,0.0078919642974016,0.0,0.0012534526803029,0.0023162035039039,0.0081407422230516,0.0,0.0559705564640603,0.0,0.0,0.0,0.0,0.0023799113332417,0.0,0.0,0.0022904829814549,0.0,0.0011506023815015,0.0,0.0,0.0013623014437621,0.0008259134822592,0.0110599580533342,0.0,0.0033695241440475,0.0035140511543555,0.0,0.006288722380832,0.0147833621487,0.0,0.0194470345857824,0.0064819468176105,0.0,0.0,0.0,0.0,0.0,0.0074226495804532,0.0,0.0,0.0,0.0,8.14024770489227,2.75388314701249,0.0,0.0,1.60284317936022,0.183863786521885,0.0,0.0,0.0034446830257737,0.0466682324616857,0.0007662735460429,0.0021827702598814,0.0063376347889498,0.0,0.0,0.0,0.61015104785562,0.003494963713794,0.0,1.21598995505926,0.0,0.0071485132017444,0.00556478981139,0.0030946233244644,0.0059771583686624,0.0067050319049108,0.332975155203633,0.0,0.0,1.55795507840287,8.15350520349882,0.0,0.0,0.0,0.0,0.0014718774077991,0.0,0.0024044768178082,0.0,0.0993828017697426,0.0,0.0,0.0,0.0,0.0,0.0,0.0,0.0,0.0,0.0,0.0,0.0,0.0178507295220665,0.0,0.0776026615129553,0.0,0.0,0.013047505796136,0.0,0.0014769051782027,0.0,0.0026972627535798,0.0,0.0,0.0086617726883347,0.0021043610097058,0.0032753196806874,0.0,0.0,0.0073274919566674,0.0,0.0,0.0,0.0017414778388327,0.0,0.0,0.0093887479483004,0.0011904714151827,0.0091634548809382,0.0057193806338507,0.0,0.0006400452729996,0.0,0.0,0.0006926142941039,0.190614487310846,0.0825743452203448,0.001761393725091,0.011716508078763,0.0,0.0,0.0,0.0,0.0,0.0,0.0,0.0,0.0016843888517159,0.0,0.0,0.0017642547264095,0.0,0.003027248305862,0.0007779886566446,0.0,0.0,0.0013100973729045,0.0,0.0,0.0,0.0,0.0030766532913516,0.0,0.0,0.0,0.0,0.0,0.0,0.0,0.0,0.101377768213644,0.0,0.0089450474206401,0.0,0.0028134788438548,0.0,0.782380671868065,0.37291244804733,0.0,0.0,0.0015174993568014,0.0,0.0,0.0038044016782929,0.0,0.0,0.0,0.0068987497346122,0.0077744435065417,0.0,0.001776765847457,0.011627650862403,0.0351468755979763,0.0055085187570343,0.0183135757727237,0.0,0.0,0.0,0.0007861544633423,0.0028259019381456,0.0,0.0007363402976963,0.0009631320126442,0.0713143949865763,0.0,0.0048202126870207,0.0,0.0,0.0,0.0,0.0,0.0,0.0040977590711848,0.0237840476005137,0.0,0.0204682037181818,0.0,0.0017284612867508,0.0110622258680899,0.0,0.0,0.0,0.0204257238622332,0.0050005480556242,0.0114413292398774,0.0024979684769415,0.0,0.0,0.0,0.0,0.0,0.0,0.0,0.0392563113208604,0.0008181776681074,0.0,0.0,0.000705240450224,0.0,0.0015463975011104,0.0,0.0,0.0,0.0,0.0,0.0,0.0,0.0,0.0009749280745331,0.0,1.32853528146212,0.0,0.0011556216666819,0.0,0.0459789327910114,0.0,0.0088061927231055,0.0,0.0,2.28062295084179,0.0593705205021103,0.0048856496529419,0.0,0.200904790854249,0.0701569874682185,0.0,0.0016504229675132,0.0,0.0319113014244499,0.0,0.0,0.0091176435421091,0.0,0.0,0.0,0.0,0.0017370392866684,0.0,0.333774048953505,0.0,0.0,0.0016639749442555,0.000884794510679,0.0013584978002641,0.0,0.0006107338138431,0.0,0.0,0.0,0.0,0.0,0.0
SSp-n,0.0059573763979443,0.0,0.0,0.0,0.0,0.0006183704917766,0.0,0.0,0.0,0.0,0.0,0.0,0.0,0.0,0.0,0.002207100029311,0.0,0.0,0.0,0.0354840425602972,0.0028166458116709,0.117021301075694,0.0,0.0017657562599389,0.002399326986844,0.0,0.0007274503501323,0.0014809338210776,0.0119925554148999,0.0,0.0,0.0210374925579049,0.0,0.005700984239967,0.0,0.0048855533416683,0.0,0.0032279497725047,0.0,0.149708009371579,0.013088549102372,0.0,0.0,0.0287306600485752,0.0041451294100349,0.0941397550124542,0.0818507282632687,0.0,0.0,0.0114419316084861,0.0,0.0,0.0,0.142103811693332,0.006856915035897,0.0,0.0007773102699675,0.0,0.0,0.0031685225004681,0.0010650830342271,0.0007331024825123,0.0,0.0,0.0,0.0011235246485754,0.0007579223718528,0.0,0.0,0.0028996163596429,0.0200560433612612,0.0,0.0,0.0007221649673177,0.0,0.131649813535601,0.0022044783889956,0.0,0.0218341702431326,0.0,0.0015944625103687,0.0009671131741128,0.0060826746958865,0.0,0.0008307899444052,0.0,0.0,0.0,0.0,0.0128821491700252,0.0,0.005215389064847,0.0,0.329943485907952,0.368804922573566,0.0,0.0,0.0,0.0011490833413869,0.0,0.0036408972818346,0.0,0.0,0.0094870897541051,0.0,0.0060311532739923,0.0711061917831828,0.0,0.0224140276510153,0.194066752109283,0.0,0.0301267844732121,0.0009507869143322,0.0,0.0,0.0012464777368447,0.0025352564151608,0.0,0.0008390467447933,0.0006325013574857,0.0,0.0037323578066926,0.0251877002125221,0.0159110263044656,0.0,0.0048439965716282,0.0,0.0,0.0038094297773327,0.0112030877122637,0.430368223966831,0.0,0.0050893140899651,0.0,0.0,0.0070749955125365,0.0,0.0,0.0006548781954472,0.0,0.0,0.0043265771561337,0.0,0.0,0.0,0.0,0.0,0.0,0.0,0.0,0.207735445007578,0.0,0.0,0.0,0.0037571137682528,0.0,0.0,0.0,0.0,0.0023499253434993,0.0,0.0,0.0052836585023229,0.233415039935513,0.0,0.0029554142395579,34.4851766538588,0.574330651713037,0.0,0.0,0.0,0.0025740329296322,0.0,0.0,0.208663352569205,0.0,0.314115200148724,6.36050944605978,0.0227970808012045,0.207237514870701,1.23197821265491,0.0866918476502292,0.0,0.0,0.0029597292741345,0.0,0.0,0.0,0.0,0.0,0.0,0.0,0.0,0.0019421718812522,0.0,0.390798800204167,0.0,0.0152269443381356,0.0042281199216711,0.001114257095075,0.0094815602434001,0.0076960189973225,0.0888654228213468,0.0,4.99012385218588,1.59491787713654,0.0,0.0036002057856254,0.0,0.0,0.0,0.0,0.0,0.0,0.0,0.0,0.0,0.0,0.0,0.0,0.0,0.0,0.0,0.0,0.0,0.0,0.0,0.0,0.0142484025489402,0.0,0.0340876975238239,0.0,0.0,0.0007660631876808,0.0,0.0,0.0,0.0015337180643068,0.0,0.0,0.009247925772405,0.0006158554927367,0.0,0.0,0.0,0.0038742420673377,0.0,0.0,0.0,0.0019828024303574,0.0,0.0,0.0101925665599554,0.0,0.076105899799945,0.0066093732874474,0.0,0.0,0.0,0.0,0.0,0.0,0.0030556503233924,0.0,0.0048876981886538,0.0,0.0,0.0,0.0,0.0,0.0,0.0,0.0,0.0,0.0,0.0,0.0012260067775658,0.0,0.0,0.0008648543873155,0.0,0.0,0.0,0.0,0.0,0.0,0.0,0.0012053288849558,0.0,0.0,0.0,0.0,0.0,0.0006709369614284,0.0,0.0,0.0204104684719032,0.0,0.0033106793209587,0.0,0.0,0.0,0.121201312384968,0.116049701627904,0.0,0.0,0.0080949044604974,0.0,0.0,0.0010583889386354,0.0,0.0,0.0009558716132398,0.0022650757440054,0.0007400041819159,0.0,0.0012664419304755,0.0028679313040383,0.0349704735937287,0.0,0.0062218130943783,0.0,0.0,0.0,0.0,0.0010561673429529,0.0,0.0,0.0,0.120383388339791,0.0,0.001015479234323,0.0,0.0,0.0,0.0,0.0,0.0,0.002487447940657,0.0076456110052634,0.0,0.0008077456583547,0.0,0.0,0.0063658337295783,0.0,0.0,0.0,0.0034091464247788,0.0007845927111488,0.0044366140333433,0.0,0.0,0.0033776179834828,0.0,0.0,0.0,0.0,0.0,0.0026089768019783,0.0,0.0,0.0,0.0,0.0,0.0,0.0,0.0,0.0,0.0,0.0,0.0,0.0,0.0,0.0,0.0,0.133131633064,0.0,0.0,0.0,0.0,0.0,0.0,0.0244956334146182,0.0,0.0,0.761663160213772,0.053817503767143,0.044716517517275,0.152904989902907,0.0416498808263073,0.0013406282972132,0.0,0.0,0.0238538323261481,0.0,0.0,0.0024254235578829,0.0,0.0,0.0,0.0,0.0,0.0,0.0906837784362462,0.0,0.0015563365883147,0.0018530442463826,0.0,0.0,0.0,0.0,0.0,0.0,0.0,0.0,0.0,0.0
SSp-tr,0.0,0.284978252349224,0.0,0.0,0.0,0.0,0.0,0.0,0.0039755190161074,0.0,0.0,1.62413234218147,0.0,0.0,0.0,0.0114652056740096,0.0,1.29122362907726,0.0,0.104493879461299,0.457607479174124,0.0299062494989163,0.0,0.0,0.0,0.0,0.0019631749479877,0.0,0.0,0.0,0.652748238864016,0.0,0.0,0.0,0.0,0.0015568169123175,0.0204959189305984,0.0,0.0,0.0,0.0006391314523363,0.0,0.0,0.0,0.0,0.0,0.158805684726066,0.0,0.0,0.0042782701817526,0.0,0.0,0.0,0.0,0.0227774256979767,0.02685513983954,0.0,0.0,0.0,0.0,0.0006164006546226,0.0011141989118126,0.0193328310135224,0.0,0.0078524766635827,0.0,0.0,0.0,0.0,0.0,0.228328230993494,0.0,0.0,0.0,0.0,0.170278982851583,0.0,0.0,0.0,0.0,0.0009427114134731,0.0,0.0,0.0,0.0,0.0,0.0,0.0,0.0,0.0,0.0,0.0019776752072061,0.0,0.136415086817747,0.103811825504514,0.0,0.0015706580584254,0.0,0.0,0.001446493712385,0.0,0.0537064533976538,0.0070001992643367,0.0,0.0,0.0,0.0,0.0012415019089571,0.0014548865952548,0.0,0.0025467391544568,0.203780504307385,0.0,0.0,0.0015872955811637,0.0,0.0,0.0,0.0,0.0,0.0,0.0098993361569714,0.0,0.0,0.0,0.0,0.0,0.0,0.0340620065575878,0.0,0.404573509800568,0.625430075028263,0.0,0.0,0.0,0.0,0.0,0.0,0.0,0.0,0.0,0.0,1.09646968170334,0.0046818980720223,0.0,0.0,0.0,0.0,0.0,0.0,0.0,0.0,0.0,0.102856621237724,0.0155357683206166,0.47351822415944,0.035381659035926,0.0,0.0,0.0,0.0,0.0,0.0,0.0,0.0,0.0,0.0,0.0039898959053573,0.0,0.0,0.0,0.0,0.0,0.0,0.472936617575674,0.596386765455788,0.0,0.0,3.23656476651552,0.0,0.0359401638088317,0.898744031566785,0.0006481899328837,0.0,0.0,0.0882876610590708,0.0,0.0,0.010689343715424,0.0,0.0,0.0,1.28107684137575,0.0,0.0,0.0090025487613119,0.477581296313202,0.866882225350444,0.0993544700664453,0.0049958194352,0.0,0.0443446021215151,0.0020700361454402,0.0,0.403468580321029,0.0,0.0,0.0,0.0,0.0,0.0232001687432372,0.0,0.0,0.0,0.0,0.0,0.0,0.0,0.0,0.0,0.0,0.0,0.0,0.0,0.0,0.0,0.197304860696389,0.0,0.0012210662558646,0.0,0.0023174170759739,0.0,0.0,0.0019142490156461,0.0,0.0,0.0,0.0,0.0,0.0,0.0,0.0,0.0,0.0,0.0,0.035458329763025,0.0,0.0,0.0,0.0,0.0,0.0,0.0112133130338393,0.0,0.0,0.0311244024067335,0.0,0.0,0.0,0.0,0.0,0.0,0.0,0.0,0.0041920425762252,0.0,0.0,0.0,0.0,0.0,0.0,0.0,0.0,0.0,0.0,0.0,0.0,0.0,0.0,0.0,0.0,0.0,0.0,0.0,0.0,0.0,0.0,0.0,0.0,0.0,0.0,0.0,0.0,0.0,0.0,0.0,0.0027816653197375,0.0,0.0,0.0,0.0,0.0,0.0315753371404385,0.0040363867131906,0.0,0.0,0.0,0.0,0.0019451757708352,0.0,0.0050863492650834,0.0,0.0,0.0,0.0,0.0,0.0077169837629201,0.0024082102976542,0.00091109117421,0.0,0.0154873983333336,0.0,0.0,0.0,0.0,0.0,0.0,0.0,0.0,0.0736645380610759,0.0,0.0100361961689297,0.0,0.0,0.0,0.0,0.0,0.0052947050291168,0.0038365397489435,0.0027287653007811,0.0,0.0,0.0,0.0,0.0,0.0,0.0,0.0,0.0,0.0,0.0,0.257732092699359,0.0,0.0,0.0,0.0,0.0,0.0,0.0249056544355225,0.0,0.0,0.0,0.0559935878532178,0.0,0.015013867941951,0.0,0.0,0.0,0.0,0.0,0.0,0.0,0.0,0.0,0.0,0.0,0.0031885139299541,0.0,0.0,0.0,0.0,0.0,0.0,0.0384440856433206,0.153308014674765,0.0,0.0,0.827457236521741,0.0,0.0067241717422758,0.0364102149937743,0.0029220768131121,0.0,0.0,0.0280437692174967,0.0,0.0,0.0093067925940165,0.0,0.0,0.0,0.0,0.0,0.0,0.0,0.144699907603045,0.103849620487759,0.0,0.0,0.0034757935024211,0.0,0.0,0.0,0.0,0.0,0.0,0.0,0.0
SSp-ul,0.0,0.090716873124331,0.0,0.0,0.0,0.0006724799035136,0.0,0.0,0.0,0.0,0.0,0.562686919381752,0.0,0.0,0.0,0.0120350355827363,0.0,0.0,0.033140734539071,0.0829723344272648,0.246719733648158,0.0,0.0596672777924935,0.0,0.0,0.0,0.0,0.0,0.000837110320073,0.0,0.0,0.0,0.0,0.0575265790497458,0.0,0.0,0.0058995739152493,0.0,0.0,0.0,0.0,0.0,0.0012813915131133,0.0519654983786117,0.0031968960124116,0.129340731711627,0.160211090394503,0.0,0.0,0.0,0.0,0.0,0.0185271916830301,0.0810409435228601,0.0,0.0,0.0,0.0,0.0,0.0,0.0,0.0037164461959136,0.0,0.0,0.0,0.0,0.0,0.0011000087310847,0.158156875125253,0.0,0.277352797694691,0.0,0.0,0.0,0.0,0.0251055118079547,0.0045675238759343,0.0,0.00094318953034,0.0,0.0016568117445035,0.0,0.0027854105638623,0.0,0.0,0.0,0.0060921762497708,0.0,0.0,0.0022040754020991,0.0,0.0069821101002041,0.0,1.66739420586559,0.269978256065419,0.0,0.0,0.0,0.0012504592749129,0.0,0.0,0.0157882856664508,0.0048749113370808,0.0,0.0,0.0011108306008163,0.0036625786700606,0.0,0.0049298690695563,0.122597051436491,0.0,0.130310597372088,0.0,0.0,0.0,0.0,0.0,0.0,0.0007584024000676,0.0,0.0,0.02678413182593,0.0090045805735991,0.0,0.0,0.0012737328239751,0.0,0.0,0.0332021925611946,0.0,2.65633172661163,0.712993059487518,0.0,0.0,0.0,0.0009416264224869,0.0,0.0,0.0,0.0,0.0,0.0,0.0,0.0,0.0,0.0,0.0,0.0,0.0,0.0,0.0,0.0,0.0,0.0,0.0,0.145631137743569,0.0,0.0,0.0,0.0,0.0017805680047632,0.0,0.0,0.215131106147424,0.0,0.0006960921891177,0.0,0.292131421208213,0.0,0.0,0.0,0.0,0.0,0.0,0.652771154277751,0.0,0.17126335483109,0.676624711411579,0.615755520758539,6.65683815192216,0.810324825059521,0.0357987319290335,0.0,0.0,0.0010246674095254,0.0050391540124573,0.0,0.0082023721356986,0.0,0.0,0.0,0.0,0.0,0.0016085238564065,0.0,0.201240407863146,0.201553339196851,0.193722648348634,0.0027068591626989,0.001552211913611,0.0148670519705572,0.0101998217076898,0.149991349421242,0.0,15.125782618634,0.0125721344187165,0.0,0.0,0.0,0.0,0.0050031613593969,0.0,0.0,0.0,0.0,0.0,0.0,0.0,0.0,0.0,0.0,0.0,0.0,0.0,0.0,0.0,0.0,0.0,0.0250560279791484,0.0,0.0,0.0,0.0,0.0,0.0,0.0,0.0,0.0009275916849577,0.0,0.0,0.0,0.0,0.0,0.0,0.0,0.0126816229611826,0.0,0.0,0.0015660341819522,0.0,0.0,0.0,0.0228133327289259,0.0,0.0316524980642845,0.0190722455599358,0.0,0.0,0.0,0.0,0.0,0.0246799470721945,0.0,0.0,0.0,0.0,0.0,0.0,0.0,0.0,0.0,0.0,0.0,0.0,0.0,0.0,0.0,0.021180705345225,0.0,0.0,0.0,0.0,0.0,0.0,0.0,0.0,0.0,0.0,0.0,0.0,0.0,0.0,0.0,0.0,0.0,0.0,0.0354287124209521,0.0,0.0,0.0,0.0,0.0,0.386227346566958,0.0759773994077128,0.0,0.0,0.0,0.0,0.0,0.0,0.0025871391320836,0.0,0.0009326058494219,0.0,0.0,0.0,0.0076549415595497,0.0006943131729209,0.0293938219394486,0.0,0.0134776313762665,0.0,0.0,0.0,0.0,0.0,0.0,0.0,0.0,0.167474434036915,0.0,0.0052576899422915,0.0,0.0,0.0,0.0,0.0,0.0010783649562676,0.0018102165938796,0.0022475768209338,0.0,0.0015836344249062,0.0,0.0,0.0,0.0,0.0,0.0,0.0023227731934179,0.0,0.0,0.0,0.0,0.0,0.0,0.0,0.0,0.0,0.0063072167707205,0.0,0.0,0.0,0.0,0.0,0.0013178175610046,0.0,0.0,0.0,0.0,0.0,0.0,0.0,0.0,0.0,0.0,0.0,0.115814569592189,0.0,0.0,0.0,0.0,0.0,0.0,0.0691670154196947,0.0,0.0459713489826406,0.083804315613841,0.105730870305538,0.725458385482628,0.100000358799419,0.0141252221272368,0.0014234729072322,0.0,0.0,0.0451683572896588,0.0,0.0,0.0137018522112939,0.0,0.0,0.0,0.0,0.0,0.0,0.0310828366854131,0.0127287001117037,0.0237599419235696,0.0020335231227232,0.0,0.0,0.0024600830562067,0.0,0.0,0.0,0.0,0.0,0.0,0.0
SSs,0.0,0.104475090535941,0.0,0.0012022366153298,0.0,0.0,0.0,0.0,0.0,0.0,0.0,0.0,0.0,0.0,0.0,0.0749338684896031,0.0,1.08261260547941,0.5903427866906,0.682706864204434,0.0929808497564734,0.42476190023618,0.0,0.0067845841358348,0.0162419369297292,0.0,0.0,0.0,0.0237206350549808,0.0,0.0,0.004853832243745,0.0,0.0,0.0,0.021701251765414,0.0151137195745966,0.0120184215063375,0.0,0.117810130323407,0.0656969308686069,0.0,0.0112592385769699,0.128198249428971,0.035133680166726,1.03287662913342,0.603114104135216,0.0,0.0,0.377095175495466,0.0,0.00175068735512,0.912433703037726,0.350837337303469,0.193910099327422,0.0,0.0,2.06571417830643,0.0,0.009154501522905,0.006861639539628,0.0184171180176017,0.0,0.0,0.0,0.0026926249483067,0.0,0.0334488288650607,0.0793523933407285,0.0095810085054943,0.0,0.0,0.0,0.0,0.0092425097912566,0.805161428005753,0.0085188386773648,0.0,0.0457169162451135,0.0,0.0016509643886152,0.0,0.0298885030241893,0.0,0.023894598388251,0.0162507148964724,0.0,0.0,0.0,0.267264714406444,0.0,0.0255785038449963,0.0,1.76269699613486,0.732386574968234,0.0,0.0,0.0,0.0105255162150603,0.0,0.0115615354969889,0.0056370174725873,0.0,0.0095215389261074,0.0,0.0157019937649225,0.148109094611575,0.0,0.0853556973398058,0.161838726789135,0.0,0.320973731377837,0.0011791706870693,0.0073429634085144,0.0047344442442175,0.0012388234882084,0.0084334626437934,0.0,0.0092095422402754,0.0,0.0,0.158525753983973,0.0441675007597469,0.0,0.0,0.0006069029513684,0.0,0.0196623184127941,0.079372872043787,0.0329117505095071,1.76581302238771,11.2576233199569,0.148849975586492,0.0,0.0,0.0190729881876476,0.0,0.0007671447466516,0.0039227199752608,0.0,0.0,0.0035647583822263,0.0,0.0,0.0581900749339015,0.0,0.0049052595504018,0.0,0.0,0.0,3.02668726399775,0.0,0.0,0.0583363834969219,0.0,0.101254085208607,0.0661951699922925,0.0,0.0012644538812658,0.0085749669508804,0.0,0.0,0.0178777621337752,0.0,0.0094453198007353,0.0130058346352616,0.0,4.38648723496988,0.0,0.0,0.0,0.0073225072229901,0.0,0.0,3.5588693326622,0.0,1.91974671872426,1.95368081298076,0.494134656609082,2.41942127302593,7.05550101110153,0.141514565643846,0.006548512817656,0.0,0.0,0.316917424637924,0.0193985701040821,0.0035046616814654,0.0,0.0,0.0,0.0,0.200135720285018,0.0114210699639795,0.0,2.46561130981321,2.20245951760355,0.527290795824558,0.0,0.0053984112658348,0.29139524422218,0.0,0.348835620557474,0.0015398418686421,0.0,7.85171640894632,0.0,0.0,0.0,0.0,0.0,0.0,0.0,0.0015127730314955,0.0,0.0930403020500076,0.0,0.0,0.0,0.0,0.0,0.0,0.0,0.0,0.0,0.0,0.0,0.0823718491368095,0.0,0.0,0.246252045238558,0.0,0.0020064104076288,0.0052915908508194,0.0,0.0,0.0,0.0036035953101983,0.0368337567243665,3.14686329111634,0.0118724213708701,0.0,0.0,0.0,0.0223455411362295,0.0218802058985036,0.0029544642955182,0.0,0.0,0.0074061435400081,0.0,0.0,0.0020502787639801,0.0,0.817339793728475,0.0610256813275254,0.0,0.0,0.0033569770771747,0.0,0.0,0.143246812212178,0.0,0.0,0.0,0.0,0.0,0.0,0.0009237894514905,0.0012131354709542,0.0016977532559337,0.0,0.0,0.0,0.0013600331511593,0.0,0.0041893025016695,0.0,0.0038706807168491,0.0029252763220991,0.0,0.0,0.0,0.0,0.0,0.0011830507937488,0.0,0.0053462313076854,0.0,0.0008408898193538,0.0,0.0037922880737368,0.0,0.0019826018595999,0.0012627592752626,0.0,0.232191236318783,0.0,0.0154149710887208,0.0,0.0091339455080245,0.0,0.698657092442926,0.316670815382361,0.0,0.0,0.0115097854532058,0.0,0.0,0.0031396837224568,0.0,0.0,0.0081850605504911,0.011604984951871,0.0054448430037838,0.0,0.0095810728357834,0.0137149696742764,0.0570528916897942,0.0019620514548922,0.0578229762897571,0.0,0.0,0.0,0.001501601828934,0.0100061898760278,0.0,0.0020768415149698,0.0027989009338471,0.142373542151407,0.0027547470148694,0.0063377663880623,0.0,0.0,0.0021699695880749,0.0,0.0,0.0192867453781818,0.0087150224534891,0.0129631496535456,0.0,0.0478362998612747,0.0039812812834571,0.0006893866279612,0.0477146807811092,0.0,0.0010004607112969,0.0,0.0069464745539796,0.0020298238486095,0.0195161100242478,0.0,0.0,0.0037470577436765,0.0,0.0,0.0,0.0,0.0,0.0632415880314953,0.0008616769710915,0.0,0.0079203175631676,0.0,0.0012704400242355,0.0006643195652916,0.0,0.0,0.0006735851910627,0.0,0.0,0.0038752246750096,0.0,0.0,0.0013587127330467,0.0,1.93984438518395,0.0,0.0,0.0,0.008654832160579,0.0,0.0047534508485995,0.570138122059654,0.0,0.660944561892831,0.309820411335151,0.169661712529168,0.337576051649992,1.68069849677235,0.0519579881588132,0.0,0.0,0.0164220750803778,0.0245077103788647,0.0,0.0,0.0,0.0,0.0009779194549631,0.0,0.0,0.0099457400211597,0.0,0.508601141511704,0.809820181106126,0.065047437885962,0.0,0.0,0.0373306806939021,0.0,0.0025173191507919,0.0,0.0,0.0062039342701118,0.0,0.0,0.0
STN,0.0,0.0724376667533348,0.0,0.0,0.0,0.0,0.0,0.0033245197969456,0.0,0.0,0.0,0.0,0.0,0.0,0.0,0.0,0.0,0.0,0.0,0.0,0.0,0.0011332909610058,0.0,0.0036907290295025,0.0,0.0,0.0,0.0,0.0,0.0,0.0075130704181773,0.0014166722367701,0.0,0.0,0.0,0.0649935119375749,0.0,0.0,0.0089563639963443,0.0,0.0,0.0298284317694909,0.0,0.0,0.0,0.0,0.0,0.0,0.0,0.0,0.0,0.0,0.0,1.63987337547177,0.825779307783082,0.536674753585554,0.0,0.0029322588178061,0.0,0.0,0.0,0.0,0.0070555912106598,0.0,0.0,0.0,0.0,0.0,1.03183548652269,0.0,0.0,0.0,0.0,0.0,0.0,0.0,0.0014065737707105,0.0,0.0,0.0,0.0,0.0,0.0,0.0,0.0,0.0,0.0030723578824713,0.0,0.0,0.0,0.0,0.001475033280605,0.0,0.0806405146567696,0.0762439568165758,0.0,0.0,0.0,0.0108593045818652,0.0,0.0,0.0,0.0,0.0,0.0,0.0,0.0,0.0,0.0,0.0354907788573474,0.0027715354250758,0.0146553902009277,0.0,0.0,0.0,0.0,0.0,0.0,0.0,0.0,0.0,0.0,0.0,0.0,0.0,0.0008561455879533,0.0,0.0,0.0299541166054103,0.0,0.0,0.0,0.0,0.0,0.0807454556723996,0.0,0.0,0.0,0.002059043877792,0.0,0.0014414661107878,0.0,0.0344619200189412,0.0182681714774306,0.0,0.0,0.0,0.0,0.123109971220179,0.0,0.0,0.0,0.0,0.0042347999995223,0.0,0.01743076113121,0.0,0.0,0.0070605443814539,0.0,0.0,0.0,0.0,0.0013741312263643,0.36722776381052,0.0594613737212662,0.0,0.0036568305020695,0.0,0.195276220931393,0.0,0.0,0.0,0.0,0.0064476639081213,0.0,0.0293639740135979,0.0225375696057827,0.0172627817194932,0.0260444154256393,0.0037913009535872,2.39037934773778,0.0,0.0,0.0,0.0,0.0,0.0013863471113514,0.0,0.0,0.0055994300608641,0.0,0.0,0.0,0.0,0.0023673357671362,0.0025726170137816,0.0,0.0,0.0,0.0,0.0151868529232902,0.0,0.0026504921503892,0.0,0.0,0.0,0.0,0.0,0.0,0.0,0.0,0.0,0.0,0.0,0.0,0.0,0.0,0.0057457854070414,0.0,0.0,0.0,0.0,0.0,0.0,0.0,0.0,0.0,0.0,0.0,0.0,0.0,0.0,0.0,0.0,0.0,0.0,0.0,0.0,0.0126182031412434,0.0024493587007384,0.0,0.0,0.0,0.0,0.0007936407082583,0.0,0.0041945391201575,0.010052145640576,0.0,0.0057499823588144,0.001726548231466,0.0010721034058321,0.0018009953912433,0.0,0.0,0.0,0.0,0.0,0.0,0.0,0.0017587314455319,0.0,0.0,0.0,0.0,0.0,0.0,0.0,0.0,0.0,0.0,0.0,0.0074751146851391,0.0,0.0,0.0,0.0,0.0,0.0,0.0,0.0,0.0,0.0,0.0,0.0,0.0038930706675513,0.0,0.0,0.0,0.0,0.0,0.0,0.0,0.0028463302263006,0.0,0.0,0.0,0.0,0.0,0.000956796840632,0.0,0.0,0.0007409936239412,0.0,0.0,0.0,0.0008803337796078,0.0,0.0,0.0,0.0,0.0,0.0,0.0,0.0,0.0,0.0070742401429335,0.0,0.0,0.0,0.0,0.0,0.0,0.0012293035568046,0.0,0.0,0.0,0.0,0.0,0.0,0.0,0.0,0.0,0.0,0.0,0.0,0.0,0.0,0.0,0.0,0.0,0.0,0.0253542932905367,0.0,0.0,0.0,0.0,0.0,0.0032698173656601,0.0,0.0,0.0063307553068654,0.0,0.0,0.0,0.0,0.0271466651355813,0.0,0.0,0.0,0.0,0.0,0.0,0.0,0.0,0.0,0.001375510522466,0.0,0.0,0.0,0.0,0.0,0.0,0.0,0.0,0.0034172079254081,0.0,0.0030093860189963,0.0,0.0010630269648721,0.0,0.0,0.0,0.0,0.0,0.0,0.0,0.0,0.0,0.0,0.0,0.0,0.001850038101507,0.0,0.0,0.0016978321773089,0.0,0.0,0.0007627735060378,0.0,0.0,0.0,0.0,0.0,0.0,0.0,0.0,0.0,0.0,0.0,0.0,0.0,0.0,0.0,0.0,0.0051621177703947,0.0
SUM,0.0,0.0499798497068612,0.121455167222472,0.0047070584508826,0.0008305444677331,0.100184285463584,0.0,0.0,0.0048040114963658,0.0,0.0009976378917703,0.0,0.0,0.0,0.0033737784565563,0.0,0.0,0.0,0.0,0.0008284401088684,0.0008434522151328,0.0,0.0095465060202721,0.0566345850184403,0.0185573319393035,0.0,0.0057976629827977,0.0079879109740081,0.0033289167729481,0.0,0.0,0.0976658449581788,0.0,0.0,0.0,0.0007286109021119,0.126780723263064,0.0,0.0,0.124488656327639,0.0068551609391123,0.198661611695368,0.0018139976106819,0.0,0.465175348043662,0.0078709179968158,0.0053604462428235,0.0042522641656166,0.0013457918780078,0.0038357926140685,0.0,0.0,0.0,0.0,0.0045380087176256,0.0,0.0,0.0220516096000857,0.0655567162790053,0.0,0.0,0.0010741834083664,0.284734496253595,0.0,0.0110547303332553,0.0,0.0838810827572162,0.0028491481357286,0.0054656741307592,0.0021726181418146,0.0010989006968157,0.0,0.0,0.0249427282673386,0.101039330965922,0.0,0.0,0.0,0.192702491791003,0.0166114078785011,0.0172242984115075,0.0008515290522506,0.0,0.0,0.0017475586732035,0.0081583984424704,0.008640671106953,0.0427937119264196,0.0,0.0016942882390634,0.588775158525692,0.140327365925297,0.0010721125059652,0.0,0.0023599551019658,0.0463377666816146,0.0982732137568562,0.0,0.0,0.17787424652873,0.0,0.422288887466425,1.79770591292567,0.0,0.167703455623838,0.0,0.0,0.0498474427313388,0.0042856228310393,0.0058284756743266,0.0170242411308851,0.008811650131718,0.0269768784040508,0.0041526135257382,0.0103521602438357,0.0155156304330054,0.0,0.0,0.0013578555915686,0.0,0.0,0.0028347815771672,0.0,0.0,0.0,0.0047928470447415,0.0065185712935871,0.0008811805925512,0.0,0.228406569674708,0.0076262888159658,0.0,0.0065863300529025,0.0,0.0421286292007246,0.0096461035498603,0.0011855307135396,0.0,0.0,0.0,0.0,0.0066519717288335,0.0090975466003644,0.433267188906781,0.0049325837140022,0.356844202001361,0.0,0.0,0.425982874510594,0.0141271381826947,0.0,0.0145534813955265,0.146149278375903,0.0070910069992216,0.001316048744219,0.0243353915038723,0.0,0.0,0.0,0.0,0.0,0.0,0.0,0.0,0.0183046275429127,0.0,0.0,0.0,0.433574947711968,0.202895766920907,0.0,0.0013415176570915,0.0,0.0,0.0,0.0,0.0,0.0,0.0,0.0,0.0012972306467398,0.002916230177668,1.12106304077466,0.0,0.0041048183143072,0.0,0.0,0.0047023508669012,0.505638089386212,0.0909635965946892,0.171132305409671,0.0,0.0,0.0011115836665331,0.0,0.0021968864258056,0.0027326471035551,0.001230813802413,0.0,0.0,0.006628603970409,0.0,0.0037008901468281,0.0,0.0029914924310129,0.0,0.0,0.0057935693414295,0.0,0.0041069910159064,0.008400138503268,0.054668001506254,0.0,0.0009244981813551,0.0468456978062343,0.0,0.0,0.0,0.0,0.0013197059023209,0.0,0.0,0.0009785058955896,0.0,0.0,0.0887320065748067,0.0,0.0,0.0,0.0,0.0007401617804496,0.0020806992159786,0.0072080590623088,0.0118384545131566,0.0,0.0033561641891931,0.0,0.0026488494146368,0.0087543174587322,0.0,0.191258729440953,0.0,0.0,0.0,0.0,0.0702449476987292,0.0,0.0,0.0478168708695574,0.0028385515106618,0.0870927197090153,0.0,0.0,0.0404835739209527,0.0033785884631579,0.0010347145792119,0.0027493084762732,0.0009975892994763,0.0,0.0,0.0,0.0,0.0,0.0,0.0911817425343486,0.0,0.0313558151380642,0.007833351305282,0.0,0.0,0.0012706367886738,0.136792157824746,0.0,0.0106215781560977,0.0,0.0404711547598235,0.0006117510363548,0.0,0.0007156326486545,0.0,0.0,0.0,0.0311227990640945,0.0170809188965676,0.0,0.0010149881124041,0.0,0.0158443983839656,0.0062872682902463,0.0,0.0,0.0,0.0,0.0,0.0051958173207428,0.0022155942256691,0.027499667931128,0.0,0.0028501746834916,0.31316303101144,0.0393789568383242,0.0006417636829969,0.0,0.0012722151067118,0.0180503637578515,0.0265336862735586,0.0,0.0,0.128752691329137,0.0,0.20990412073781,0.464866243924436,0.0,0.0475136471356539,0.0,0.0,0.0302496465231975,0.0061053636996965,0.0010045870255352,0.0027865375994329,0.0019114587837235,0.0,0.0010757996824677,0.0,0.0057565699982858,0.0006367639338881,0.0,0.0,0.00962309471591,0.0,0.0,0.0,0.0,0.0,0.0046083988386085,0.0534197169821541,0.0,0.0,0.0,0.0018556262720105,0.0,0.0099137234882395,0.0,0.0211302018334453,0.0075335234679243,0.0009193054984369,0.0,0.0,0.0,0.0014128829746713,0.0,0.0,0.219861269139715,0.003452183734554,0.109116420875108,0.0,0.0,0.0615963702738022,0.0102625657008346,0.0,0.0006991316603406,0.0,0.0016686531719061,0.0,0.0065042696718719,0.0,0.0,0.0,0.0,0.0,0.0,0.0,0.0,0.0,0.0,0.0,0.0,0.0,0.0639399863267273,0.0,0.0,0.0,0.0,0.0,0.0,0.0,0.0,0.0,0.0,0.0017836269287215,0.0,0.254904915643808,0.0,0.0020659912430175,0.0,0.0,0.0007357943749081,0.267566647318589,0.0338360771955995,0.0523814227130555,0.0,0.0,0.0006338362573119,0.0,0.0,0.002991895446548,0.0,0.0,0.0,0.002422600319685,0.0,0.0,0.0,0.0,0.0011619420512046,0.0,0.048300001597211,0.0
SUT,0.068989710651856,0.0009903002834191,0.0,0.0,0.0,0.0,0.0078983301652425,0.0,0.0,0.0,0.0,0.0,0.0,0.0,0.0,0.0,0.0023771289616019,0.0,0.0,0.0,0.0,0.0,0.0,0.0087042022933165,0.0,0.0,0.0,0.0269861123943737,0.0,0.0,0.198404409526815,0.0,0.0,0.0,0.0,0.0008939588762722,0.0,0.0010091913817729,0.0,2.87631679456512,0.0,0.0154928193710677,0.0556304267745491,0.0,0.0,0.0,0.0,0.0,0.0,0.0,0.0,0.0032954722755423,0.0,0.0,0.0058228888068452,0.322186316371518,0.102891144546351,0.0,0.0166175647879614,0.0,0.0,0.0076675352418893,0.0015444632424954,0.0,0.0,0.0639111242541049,0.0,0.059143676096807,0.0,0.0,0.0,0.0,0.0,0.0,0.0104217430970661,0.0,0.0,0.0,0.0,0.0,0.001203277121223,0.0,0.0,0.0,0.0024682873572917,0.0,0.0027420956291948,0.0,0.0,0.0,0.0,0.0,0.0,0.0052460803417329,0.0094779611045119,0.0,0.0045525818687186,0.0,0.0308969902737673,0.0,0.0079895853352356,0.0,0.0027151610895197,0.0,0.0,0.0352917449879821,0.0120057254328994,0.0,0.15341219246166,0.0154000162339561,0.0,0.0027493829246609,0.0,0.0,0.0,0.0168701090824397,0.0,0.0994317824797059,0.107804315376287,0.0,0.0,0.0,0.0,0.0,0.0,0.035636777322232,0.0,0.0,0.0065682299799971,0.0,0.0,0.0,0.0,0.0,0.0,0.0,0.0,0.0083610114339092,0.0071396400930877,0.0,0.500238077353694,0.0012334720511557,0.0,0.029446474306564,0.0,0.0,0.0,0.0,0.0,0.0,0.0,0.0,0.0,0.0,0.0,0.0,0.0006520662612745,0.006723217548937,0.0093035245185304,0.0,0.0,0.0,0.0,0.0,0.140053197376654,0.0359152740424487,0.0,0.00088053879386,0.0,0.0594960071605872,0.0009709548105228,0.0718198422501714,0.041785460182447,0.170554091141082,0.0012479339602348,0.0,0.0012328332996116,0.0,0.0020484667480312,0.0,0.0033741230568229,0.0,0.0,0.998490984682167,0.196694034975069,0.0,0.0,0.0020035706960014,0.0,0.0,0.0,0.0,0.0,0.0,0.0842285717036747,0.0067734828466278,0.0034461246936604,0.0,0.0,0.0,0.0,0.0,0.0044729269601887,0.0007443367445922,0.0025306610309637,0.0,0.0,0.0,0.0031948747745372,0.0,0.0,0.0,0.0,0.0,0.0,0.0016875459178006,0.0,0.0,0.0,0.0,0.0,0.0,0.0,0.0,0.0,0.0,0.0,0.0,0.0,0.0,0.0,0.0,0.0,0.0,0.0,0.0,0.0,0.0009310164633454,0.0,0.0745301174908927,0.297705652514367,0.0,0.0,0.0,0.0,0.0,0.0,0.0,1.27290057935815,0.0,0.0021794083914397,0.0264407981581675,0.0,0.0,0.0,0.0,0.0,0.0,0.0,0.0,0.0385590675723032,0.0,0.0,0.0,0.0124190935224911,0.0048830038423059,0.0,0.0,0.0,0.0,0.0,0.0014184403779778,0.0,0.109411269819805,0.0,0.0016735292141447,0.0876585056395542,0.0,0.0055725186770334,0.0,0.0,0.0,0.0,0.0007947333022002,0.0,0.0,0.0,0.0,0.0,0.0,0.0,0.0268938061468307,0.0,0.0,0.0,0.0,0.0,0.0,0.0,0.0,0.0,0.0,0.0089021566274055,0.0061035409884712,0.0,0.0,0.0,0.0078594924123814,0.0,0.0058251771285443,0.0,0.0224789201538726,0.0,0.0,0.0350274875171701,0.0,0.0,0.151129436782992,0.0082606498024226,0.0,0.0016363243086045,0.0,0.0,0.0,0.0046581264867064,0.0,0.0587763133044002,0.0260048934945841,0.0,0.0,0.0,0.0,0.0,0.0,0.0053667449199792,0.0,0.0,0.0,0.0,0.0006644403058773,0.0,0.0,0.0,0.0,0.0,0.0,0.0039803913140615,0.0021281576483515,0.0,0.100455354991852,0.0,0.0,0.0,0.0,0.0,0.0,0.0,0.0,0.0,0.0,0.0579050486269932,0.0,0.0,0.0,0.0,0.0,0.0,0.0206162480053128,0.0,0.0,0.0,0.0,0.0,0.0,0.0,0.0,0.0,0.0,0.0,0.0036509216503552,0.0076045267617355,0.0246093532258118,0.0309507722495485,0.0,0.0,0.0,0.0,0.0,0.0,0.001969588155806,0.0,0.0,0.114871043811071,0.269387225060234,0.0,0.0,0.0,0.0,0.0,0.0006209902514352,0.0,0.0,0.0,0.0273984284777041,0.002016168095513,0.0016615162229381,0.0,0.0,0.0,0.0,0.0,0.0,0.0,0.0,0.0013060081405381,0.0091000188895107,0.0361176700072889,0.0
SUV,0.0,0.0,0.0,0.0,0.0,0.0,0.0,0.0,0.0,0.0088516040915512,0.0,0.0,0.0,0.0,0.0,0.0,0.0,0.0,0.0,0.0,0.0,0.0,0.0,0.0,0.0,0.0,0.0,0.0,0.0010679279134422,0.0,0.0,0.0011550091561303,0.0,0.0,0.0,0.0,0.0,0.004298235093025,0.0,30.614677988758,0.0,0.0011506196807435,0.0,0.0,0.0,0.0,0.0,0.0,0.0,0.0,0.0,0.185094976616452,0.0,0.0,0.0,0.0020075363047857,0.001627987972321,0.0,0.0,0.0006706921846541,0.0,0.0023499365216448,0.0,0.0,0.0,0.0816886100976364,0.0,0.0,0.0,0.277323031342893,0.0,0.0,0.0,0.0,0.0,0.0,0.0,0.0151539693242293,0.0,0.0,0.0,0.0,0.0022112438688682,0.0,0.0,0.0,0.0,0.0,0.0,0.0,0.0,0.0007787856771104,0.0,0.0007860665265991,0.0,0.0,0.0,0.0,0.0,0.0,0.0844386961489984,0.0,0.0,0.0211468151396399,0.0,0.368044884673537,0.0,0.0020843935969497,0.0124205149697783,0.0,0.0,0.0,0.0,0.0,0.0,0.0,0.0,0.0,0.0076355694608611,0.0025179394376734,0.0,0.0,0.0010844650011676,0.0,0.101025704612966,0.0020292067544407,0.0,0.0,0.0,0.0,0.0,0.0,0.0,0.0,0.0,0.0,0.0,0.006744520368265,0.0,0.0350400841079812,0.0200968030804015,0.0,0.0,0.0,0.0,0.0,0.0,0.0,0.0028528774599272,0.0,0.0,0.0012820456146663,0.0,0.0,0.0,0.0,0.0,0.0,0.0,0.0,0.0,0.0,0.0,0.0,0.0,0.0,93.384015693772,0.0,0.0,0.0,0.160604845328689,0.0016472429489001,0.0026927752860785,0.0,0.0,0.0018840517018214,0.0,0.0,0.0007638287869322,0.0,0.0,0.0,0.0,0.0,1.54457363767681,0.0,0.0,0.0,0.0,0.0,0.0,0.0,0.0,0.0206443284140586,0.0030083709473154,0.0,0.0007431564769068,0.0,0.0,0.0,0.0,0.0,0.0,0.0,0.0,0.0,0.0,0.0,0.0,0.0,0.0,0.0,0.0,0.0,0.0,0.0,0.0,0.0,0.0289094653183762,0.0,0.0,0.0,0.0,0.0,0.0,0.0,0.0,0.0,0.0,0.0,0.0,0.0,0.0,0.0,0.0,0.0,0.0,0.0,0.0,0.0,0.0015727114924006,0.0,0.0,0.0,0.0,0.0,0.0,0.0,8.98979558655853,0.0,0.0,0.0,0.0,0.0,0.0,0.0,0.0,0.0,0.0,0.0,0.055457867686294,0.0,0.0,0.0,0.0,0.0032333622649759,0.0,0.0,0.0010376549064312,0.0,0.0,0.0,0.0,0.0404286187050849,0.0,0.0,0.0,0.0,0.0,0.0,0.0,0.0,0.0,0.0,0.0,0.0,0.0076406271665126,0.000833483073607,0.0,0.0,0.0,0.0079899854815713,0.0,0.0022969814892002,0.0,0.0,0.0,0.0,0.0,0.0,0.0,0.0,0.0,0.0,0.0,0.0,0.0,0.0,0.0,0.10896097604819,0.0,0.0,0.0293513296191027,0.0,0.212232347303958,0.0,0.0009731173749879,0.0058554629772325,0.0,0.0,0.0,0.0,0.0,0.0,0.0,0.0,0.0,0.0,0.0,0.0,0.0,0.0,0.0,0.128245861341646,0.0014418008686555,0.0,0.0,0.0,0.0,0.0,0.0,0.0,0.0,0.0,0.0,0.0,0.009622187655018,0.0,0.119094306224169,0.0216514917132456,0.0,0.0,0.0,0.0,0.0,0.0,0.0,0.0008214444166743,0.0,0.0,0.0175803811376854,0.0,0.0,0.0,0.0,0.0,0.0,0.0,0.0,0.0,0.0,0.0,0.0,0.0,0.0,0.0,0.0,0.0,0.0019193438211012,0.0,0.0,0.0010177995601729,0.0,0.0,0.0012310327503513,0.0,0.0,0.0007948935701325,0.0,0.0,0.0,0.0,0.0,0.026424243571711,0.0,0.0,0.0,0.0,0.0,0.0,0.0,0.0,0.0,0.0126838415554643,0.0,0.0,0.0,0.0,0.0,0.0,0.0,0.0,0.0,0.0,0.0,0.0,0.002899322347275,0.0
TEa,0.0,0.176422993305423,0.0,0.0021683071269897,0.0,0.0,0.0531552500628876,0.0,0.150721107488849,0.0,0.0239556432890015,0.796047581659037,0.0,0.0,0.0,0.017095024716755,0.0183125261525033,1.52351451114251,1.80963482156942,3.49469142801197,0.0,0.615116442787239,0.117619428371646,0.0,0.0334519698059419,0.0821261473440336,0.0,0.0,0.0047706621652861,0.0,0.622277729798161,0.0,0.0,0.0,0.0,0.0,0.0153346492462102,0.0,0.0,0.0333065666925237,0.0247794880511726,0.0343370774244381,0.0026606027405641,0.0567810274155101,0.0036353667395202,0.0,0.953419879459569,0.268659695501298,0.0767406278426681,1.60703986634036,0.0,0.0,0.0,0.0963952266806732,0.18675851653953,0.0,0.0,0.004485044217231,0.0,0.0,0.0,0.0212941050326298,0.0355107963886577,0.0,0.0,0.0,0.0,0.0042708334647335,2.44340328391321,0.0,0.0,0.126376629457967,0.0,0.0,0.0048760703242352,0.190106211163925,0.0,0.0,0.0422791105133583,0.0,0.0034125879782827,0.0,0.0023126115820471,0.005526579863791,0.0038973756211758,0.0009531551326046,0.0093401700670871,255.62797961929,0.0,4.53683062167006,0.0400416318000093,0.0576733862485984,0.0,0.0474144946694129,0.0818264217891201,0.0,0.0,0.0,0.0014546676174982,0.0044506505071344,0.0,0.019482986058164,0.0,0.0048136317224923,0.0109468310697082,0.0,0.0103688206235887,0.0,0.0369804275264005,0.0331677281896635,0.0779520738138596,0.466511181804842,0.0,0.268839624567766,0.0440665753815483,0.0006641144638365,0.0,0.0,0.0040099315661379,0.0050247640597457,0.0,0.0235663213173821,0.0097642330453592,0.0,0.0,0.0,0.0,0.006070974090504,0.0620747575830649,0.0,0.0860469024886996,13.1854595805246,0.0148326784572658,0.0,0.0,0.0235683228058071,0.0045751703884641,0.0,0.0,0.0,0.0,0.170441349522494,0.102114056988996,0.0,0.0132555674449437,0.0,0.0,0.0,0.118550726921993,0.114159689361609,0.0045234688286834,0.0,0.0,0.534531355054047,0.0032212598700442,0.0852215699539164,0.0115793075915641,0.0,0.0,0.0,0.0,0.0106978600482478,0.0,0.135561686025647,0.0,0.0008443262800295,0.0,0.397426695952588,0.0,0.0,0.0006774071800827,0.0008446323093375,0.0,0.0,0.536975674421051,0.132066115060254,0.0,0.028310547266647,0.001570026842809,0.0,0.0277431854939701,0.0152170221407018,0.0,0.0,0.0,5.08594895522543,0.0998388574700869,0.0,0.0,0.0,0.0022365755120509,0.0,0.0,0.0016926286461711,0.0,0.570443932688535,2.66389570338581,0.631484463466027,1.41905599688352,0.0,0.0,0.180759098359128,0.0016149672703956,0.0023786757325422,0.0,0.0,0.0,0.0,0.0,0.0032683060366734,0.0545780334613494,0.0,0.0,0.0,0.0,0.0093341215454737,0.0,0.0,0.0,0.0,0.0,0.0,0.0,0.0,0.0,0.0075084728799202,0.37646436771667,0.420008045473756,0.923065412747075,0.0,0.367397945942145,0.0026547776990183,0.0009202162697811,0.001224203135695,0.0,0.0,0.0,0.0,0.0026697421696845,0.0,0.0074936494311783,0.0,0.0061272017810528,0.0,0.0,0.0193410781668175,0.0,0.0,0.0,0.0020836390647566,0.0083683298475495,0.0,0.0,0.0,0.0,0.0714598875546482,0.0,0.0057966490958581,0.0,0.0,0.0,0.0,0.0173070763791604,0.0,0.0,0.0,0.0,0.0,0.0,0.0,0.0,0.0091861680157867,0.0,0.0,0.0,0.0,0.0,0.0,0.0,0.0,0.0,0.0,0.0,0.0,0.0,0.0,0.0,0.0,0.0,0.0,0.0,0.0007602246765036,0.0,0.0,0.0,0.001001235984042,0.0,0.0,0.0017318541591006,0.003445654296624,0.0057450674023126,0.0,0.0197778704584462,0.0418348332040847,0.0,0.0,0.0,0.0,0.0048151138101292,0.0,0.0029438720040337,0.0,0.0,0.0,0.0,0.0,0.0045191873658258,0.0046239223505987,0.0051750237352015,0.0369512908951725,0.0667721806275435,0.0,0.0,0.0,0.0,0.0,0.0,0.0,0.0011003701142308,0.284835984589606,0.0,0.0008752083068403,0.0,0.0,0.0,0.0,0.0,0.0606013616038651,0.0009281503413362,0.0,0.0,0.0063348587270721,0.0,0.0,0.0019457261942818,0.0,0.0,0.0,0.0,0.0012745677474469,0.0059492092202229,0.0,0.001754202216362,0.0006264642820586,0.0,0.0,0.0,0.0,0.0722458539976146,0.0,0.0,0.0,0.0484245738865902,0.0375212798438445,0.0,0.0007201600933005,0.0,0.0,0.0,0.0,0.0019537823355761,0.0,0.0,0.0,0.0,0.0,0.11375503730277,0.0,0.0,0.0,0.0,0.0,0.0,0.27552327697485,0.050573366978288,0.0,0.0157424049263305,0.0,0.0,0.002921152972093,0.0023336155633118,0.0,0.0,0.0008931390752636,0.589065259860845,0.0,0.0,0.0,0.0,0.0,0.0,0.0,0.0006378219485182,0.0,0.0442024271324561,0.311863095048182,0.161205368515822,0.377920852147963,0.0,0.0,0.0692921030934355,0.0,0.0,0.0,0.0010432396888856,0.0,0.0,0.0
TR,0.839933472274755,0.0,0.0,0.0044788732583488,0.0041393381040005,0.0,0.0012406042776068,0.232470674388333,0.0,0.0,0.0,0.0,0.0,0.0112288853912596,0.0,0.0,0.0679946057768582,0.0,0.0007423292544336,0.0,0.0,0.139883573153841,0.0,0.0189029488070669,0.198055071461465,1.60951137553249,0.0,0.0,0.0052022266805001,0.0453872322778929,0.0,0.101500849042667,0.0,1.02501678608517,0.363896337106528,0.0043249985235674,0.0022933050915845,0.0008793388368274,0.0,0.038599894838298,0.0087144522596036,0.0525605570855855,0.0,0.0027118990596447,0.0,0.0107713719172577,0.468413537243362,0.200665038502379,1.18512879554787,13.8462623275062,0.0,0.0030108117322965,0.0050328852208687,0.0460241569862873,0.0178582485235201,0.0,0.0,0.0346825612052538,2.26926078443694,0.0017045683523288,0.0,0.0,0.0094987385481156,0.0,0.0,0.0,0.0,0.0042417798569964,4.10455094184304,0.0,0.0008901652372865,0.0,0.0,0.0,0.0275201457589505,0.0,0.0,0.0,0.0045127482928175,0.0,0.0,0.110466663834237,0.0047126764412162,0.0,0.0020518210726072,0.0,0.0738316790616894,0.165473539953595,0.0181279726105578,0.0022756328431857,0.0,0.0748776644868158,0.0055513245606623,0.0,0.0,0.0,0.0,0.0,0.0,0.0999473667972426,0.0006491633935814,0.113023843668081,0.0,0.0009442139556466,0.201789275760749,0.0,0.0,0.0049425473333048,0.002393429824972,0.0,0.0038043983157613,0.0,0.0287707907342343,0.738260074761665,0.268622330356077,0.0046659925189751,0.0,0.0,0.003643025740209,0.0035685206178787,2.02228413430583,0.0,0.000876807123839,0.0,0.0,0.0009134474100538,0.0,0.306475861113504,0.0,0.0179599890600689,0.0055283560529915,0.0,0.0173708078680837,0.0,0.0,0.0,0.0062133612578913,0.0,0.0,0.0,0.0,0.0,0.013671149743804,0.0,0.0058109312753304,0.128965291708769,0.0,0.0,0.0,0.382167830742326,0.0,0.0049556366013323,0.0132565985818264,0.0012988827575271,0.0033769851831528,0.0,0.0057206994121096,0.0,0.0,0.0,0.0,0.0,0.0022234955938823,0.0,0.0,0.0007106158628012,0.0,0.354458880441702,0.0,0.0,0.0009294599352578,0.0026168929648729,0.0,0.0,0.0,0.0008007255431251,0.0,0.0,0.0,0.0,0.0064891820371384,0.0068353128053462,0.0,0.0,0.0012946639535087,0.0,2.90776693746325,0.0,0.0,0.158835785795113,0.0,0.0,0.0,0.0,0.0,0.155454388622132,0.0085139243072925,0.0,0.0,0.0,0.0095596450429917,0.0,0.0,0.0026791012207942,0.0,0.0,0.0,0.0,0.0031008697263538,0.0,0.0,0.0,0.0007856934963609,0.0018060043186122,0.0,0.0,0.0826300162072583,0.0,0.0,0.0,0.0,0.0,0.0060907560695267,0.0,0.0,0.0045012517695906,0.0,0.0008067607230654,0.0025591255730371,0.0,0.0027219239346746,0.0029920785229638,0.0017941604488222,0.0264398520539558,0.0,0.0,0.0,0.0016602391859262,0.0069165623291507,0.0,0.0148136431235012,0.0,0.0024036111639338,0.0055754900099776,0.0011432275314487,0.004774220738677,0.0024682044412622,0.0,0.217339666841506,0.0072573589001457,0.0,0.0,0.0083232020297116,0.0032964785429927,0.0,0.0300363392216869,0.0029561548523505,0.0,0.018151910595693,0.0,0.001572634526515,0.003928305842761,0.0,0.0018606547056977,0.0009609559203843,0.0008225515166755,0.0267951418536981,0.0,0.0,0.0,0.0,0.0013790894701696,0.0,0.0,0.0,0.0,0.001601445713539,0.0528771628353504,0.0028464356313383,0.0009668337771187,0.0,0.0,0.0,0.0,0.0,0.0,0.0,0.0039559201361206,0.0,0.0,0.0,0.0041300164985176,0.0,0.0008769816077068,0.0,0.0,0.234729209819838,0.0,0.0200902420868365,0.0,0.0676799760232034,0.0015521007811139,0.0,0.0,0.0,0.0,0.0,0.0,0.0695777661744067,0.00126801893637,0.03551795666473,0.0,0.0041864596397688,0.0,0.0,0.0,0.0045790606616739,0.0057164641303782,0.0,0.0,0.0,0.0,0.0,0.0,0.0012854738457252,0.0013206575050568,0.0,0.0007358223717922,0.0,0.0,0.0007586842063957,0.0013253654229612,0.0,0.0,0.0038770274984841,0.0,0.0016003231342115,0.0,0.0343465966665008,0.0044713850132739,0.0,0.0715695169117531,0.0,0.0,0.0023439219894036,0.0025636590762707,0.0007573423820416,0.0,0.0,0.0,0.0,0.0,0.0,0.0010658804884366,0.0452987413603501,0.0,0.0,0.0,0.316366781482053,0.0,0.0,0.0080010074311058,0.0009650634631419,0.0010998072290228,0.0,0.0006451717819556,0.0,0.0,0.0,0.0,0.0,0.0017076057114731,0.0,0.0,0.0009043211654619,0.0,0.0204962947079389,0.0,0.0,0.0,0.0011117324210267,0.0,0.0,0.0,0.0,0.0,0.0,0.0,0.0018304543456844,0.0041834531335824,0.0031014336624515,0.0,0.0,0.0104631290608938,0.0070349116444283,0.0,0.0,0.0,0.0,0.0,0.0,0.0,0.0,0.0,0.028417319006807,0.0162490458790529,0.0,0.0,0.0,0.0033683010170712,0.0,0.0,0.000646660318037,0.0,0.0022285296993721,0.0,0.0,0.0049025700470814
TRN,0.0271122937505698,0.175393686479259,0.0,0.0,0.0,0.0,0.0,0.0,0.0,0.0,0.0,0.0,0.0013086249359402,0.0,0.0,0.328244580691107,0.0,0.0859291232001873,0.0541690897349213,0.0,0.0,0.0,0.0,0.0065304032742012,0.0,0.0,0.0,0.0,0.0,0.0,0.449124564042065,0.195238423586971,0.0,0.0,0.0,0.0,0.0561011618336648,0.0,0.0,11.67836429453,0.0006924524761467,0.0211615455303215,0.0010955197863976,0.0,0.0,0.0,0.0,0.0,0.0,0.0,0.0,0.0,0.0,0.0,0.0113393798948526,0.0,0.0061265473283313,0.0,0.0240348612296409,0.0,0.0739512134974542,0.0785685517207187,0.0364017630769567,0.0,0.0900044269142348,0.0,0.0,0.0,0.0008023593602298,0.0011262339202903,0.0007993508107534,0.0,0.0,0.0125589396038372,0.0290332522488062,0.0255856723335145,0.0081868650850579,0.105294104359599,0.0,0.0,0.0032777974990818,0.0,0.0019442640431402,0.0,0.0,0.0,0.0017896620201692,0.0,0.0,0.0026614239275669,0.0,0.0353453232349415,0.0,0.143413377447375,0.125545917344074,0.0,0.0134377307935961,0.0,0.0848174697631393,0.0,0.0185654869574287,0.0,0.0,0.0995467553962857,0.0,0.0,0.106983721256278,0.0,0.0174320530006292,0.0585044444974132,0.0,0.0354188463110164,0.0,0.0,0.0,0.0414327640647937,0.0,0.0,0.0013556455898663,0.0266432809611004,0.0016862516946764,0.0014588792215788,0.0079663073377782,0.0,0.0,0.0265365675358749,0.0,0.0,0.0637916150416521,0.0,0.0161008286522484,0.0,0.0,0.0,0.0,0.0041382219693701,0.0,0.070445028806572,0.0693151551131614,0.0281322958281536,0.0324317341058708,0.0,0.253752197675542,0.0973312023450785,0.0,0.0041765452461596,0.0,0.0009125314200985,0.0,0.0,0.0,0.168715217791983,0.0,0.217480964623966,0.0,0.166176699534061,0.0072318121857314,0.0,0.0396524341211741,0.0141033128334824,0.0,0.0040369016238816,0.0120947710688689,0.0056461044000983,0.347182600716048,0.0,823.72398187518,0.015570680215985,0.0,1.50249173594421,0.0,0.0,0.0,0.0,0.147498713822239,0.176801960022055,0.129965835972304,0.166030167641707,0.251806609438088,0.19783282589536,0.0696341256162295,0.0121413579846774,0.0,0.0,0.0706301310610006,0.0147653439298559,0.0,1.19554070880981,0.0006400354769867,0.0,0.0,0.0,0.0,0.0104999114556091,0.0,0.0260098765662593,0.319831433248169,0.155691914156848,0.0034036395233118,0.0074203983667626,0.0,0.050841045955792,0.0846313807697904,0.0,0.0572919866350784,0.0,0.0,0.0,0.0,0.0017315369504182,0.0246794291857985,0.0,0.0,0.0,0.0,0.0,0.0,0.0,0.124165213925745,0.0,0.0,0.0023564396661325,0.0,0.0,0.0,0.0,0.0,0.0,0.0,0.0,0.0,0.0,0.0,0.0,0.0,0.0,0.0,0.0,0.0,0.0152668441464479,0.413135847150734,0.0,0.0,0.0,0.0,0.052189199582849,0.0,0.108631580868744,12.3416278576464,0.0,0.0,0.57039659568163,0.0,0.0,0.0,0.0,0.0,0.0,0.0,0.0,0.0062629368659724,0.0,0.001045304240849,0.0,0.0,0.0,0.0,0.0,0.0,0.0,0.0048269363940961,0.012519380950017,0.0,0.275117515116655,0.113451803487078,0.0,0.0,0.0,0.0014741049881178,0.0,0.0,0.0,0.0160654489865649,0.0023310190129156,0.0,0.0,0.0088464695975987,0.0,0.0,0.0,0.0,0.0,0.0,0.0850197935545592,0.0,0.0,0.0008578144061898,0.0,0.0009707084108665,0.0,0.0080267670752378,0.0,0.0090112103268364,0.0180524743002123,0.0,0.0,0.0,0.0106620562071306,0.0,0.0083045020912152,0.0053929139770189,0.349105472183882,0.0979832953665617,0.0,0.0198788181242217,0.0,0.0,0.485197998538628,0.0231451506036847,0.0,0.0259603055504313,0.0,0.0,0.0,0.0015593813240561,0.0008213403515484,0.0,0.0,0.0,0.0,0.0,0.020171440631854,0.0,0.0,0.017782380684675,0.0035967682110789,0.0,0.0232962541251828,0.0,0.0014513453407165,0.0,0.0,0.0,0.012241938329093,0.0052544840915834,0.0,0.0323860695513637,0.0208743279879097,0.0,0.0404105205984007,0.0,0.0175547166246802,0.0045139114973281,0.0,0.0,0.0,0.0027995181435305,0.0,0.0,0.0,0.0261248307824446,0.0,0.0018667094791363,0.0,0.0060870727481998,0.0,0.0,0.0278404295566812,0.0033271789563204,0.0,0.001013412512323,0.0233047923812528,0.0,0.0571962056651503,0.0,381.538222469289,0.0034579177123313,0.0,0.111622084486777,0.0,0.0081197991354473,0.169524161270576,0.0,0.0049950800759067,0.0086983761902748,0.0007086651244567,0.0,0.0017775718644876,0.0,0.0026045105403791,0.0012350570934466,0.0,0.0,0.0607874423697901,0.0,0.0,0.0420630032131955,0.0,0.0,0.0,0.0,0.0,0.043679096491773,0.0,0.0,0.0038538032007245,0.0,0.0,0.0,0.0,0.0,0.0016934536524966,0.0,0.0024445314886323,0.0007717477477587,0.0,0.016891101341918,0.0
TRS,0.002886086973234,0.0017632337225584,0.0,0.0,0.0,0.0200112941289191,0.0,0.0,0.0,0.0021283803021525,0.0,0.0,0.0,0.0057057988956637,0.003320254478044,0.0,0.0280561991860001,0.0,0.0,0.0,0.0015134886968401,0.0007558585952043,0.0,0.0054016935555867,0.0650555778336564,0.0,0.350203748007754,0.0,0.0,0.0,0.0929655016392306,0.152408772284928,0.0,0.0,0.0047889284408573,0.0,0.0278792577564156,0.0,0.0,0.0,0.0083059864792443,0.0406333965450815,0.0,0.0129781408461473,0.0,0.0068860709527327,0.0394957682131747,0.0681215816341153,0.0,0.0120620705508041,0.0,0.0,0.0011547288792479,0.0,0.0,0.0,0.0,0.0020730250971782,0.0018147837007945,0.0,0.0,0.0008149671356343,0.0083983358240539,0.0,0.0557092110093652,0.0,0.101168891436987,0.0,0.0,0.0,0.0,0.0,0.0,0.0009741489385928,0.0043247921255962,0.0,0.0038282511376261,0.0,0.194478482591808,0.0009524424534561,0.131527951362602,0.0,0.0,0.0,0.0,0.0186921075003871,0.0007005450112065,0.0410697239080089,0.0,0.0021198872691876,0.00990960184472,0.0374096070449737,0.0020942196541017,0.0,0.0,0.0104581743741959,0.0021471551902166,0.0,0.0,0.560305776760614,0.0,0.211171180356833,0.0552646034669612,0.0,0.0,0.0,0.0,0.0138129962904349,0.0076193109740442,0.0,0.0,0.0,0.0,0.0,0.0016175307726243,0.0022018573632788,0.0377928719120254,0.0,0.0014263480049836,0.0010262571525406,0.0,0.0,0.001277334503379,0.0,0.0,0.0020273319891372,0.0120101590740931,0.0,0.0,0.0,0.0079165459428039,0.0,0.0,0.0,0.0039271051367416,0.0815129250801593,0.0,0.0,0.0,0.0,0.0,0.0235762236173039,0.0,0.130266300780847,0.0014384619191855,0.0,0.0,0.0,0.0,0.01288031707075,0.0,0.0,0.0,0.0,0.0,0.0079389111789419,0.0,0.0,0.0,0.0,1.42677487599802,0.0,0.0,0.0,0.0,0.0,0.035896702971485,0.0,0.173873259584849,0.0052146968377087,0.0,0.0014501709309017,0.0,0.0,0.0,0.0,0.0,0.0,0.0,0.0,0.0,0.0007417980966634,0.0188020207346314,0.0,0.0,0.0,0.0006986360894157,0.0015961283352064,0.0,0.0104441265325911,0.017828979912549,0.0,0.0,0.0,0.0,0.0,0.0,0.0,0.0,0.0011280638193453,0.0,0.0,0.0,0.0,0.0020957679127427,0.0,0.0,0.0313357050229799,0.0,0.0,0.0,0.0018755672389551,0.0,0.0,0.005742453406383,0.0,0.0,0.0,0.0,0.0,0.0,0.0,0.0060333103387339,0.0,0.0,0.0,0.0,0.0,0.0,0.0,0.0,0.0,0.001250184126954,0.0041843568092723,0.0,0.246024266141107,0.0,0.0,0.0,0.0242737247385398,0.0979184410491672,0.0,0.0014931960563914,0.0023414437359762,0.0,0.0215389458609995,0.0,0.0,0.0,0.0054715430397625,0.0115930312869959,0.0,0.007303541408464,0.0,0.0,0.022461842095145,0.040759182599821,0.0,0.0053021595524733,0.0,0.0009756168074157,0.0029583188040205,0.0,0.0,0.011715581295252,0.0,0.0060253001870762,0.0,0.0,0.0011859567220548,0.0007124229024589,0.0077016831629819,0.0,0.0489536425070888,0.0,0.0366286824007668,0.0,0.0,0.0,0.0,0.0,0.0,0.0,0.0,0.0,0.0,0.0,0.0608664256414065,0.0,0.0,0.0,0.0,0.0,0.0,0.0141656827694024,0.0,0.0398405405888227,0.0,0.0048468753888015,0.0,0.022087879762201,0.0016872113059185,0.0,0.0,0.0010470782699883,0.0,0.0,0.0,0.354278992917052,0.0006582093824185,0.128224933321049,0.0142743255782063,0.0,0.0,0.0,0.0,0.003333937206199,0.0023478121356949,0.0,0.0,0.0,0.0,0.0,0.0,0.0015801117785987,0.0290050642016324,0.0,0.0006426406078556,0.0,0.0,0.0007824288616914,0.00230516404421,0.0,0.0,0.0040996366934235,0.0063460595709096,0.0,0.0,0.0,0.0030725921845097,0.0,0.000718438590907,0.0,0.0020191237601027,0.0522823283163358,0.0,0.0,0.0,0.0,0.0,0.0,0.0,0.0378646381837511,0.0,0.0,0.005099565255346,0.0,0.0136751629261666,0.0144157532092821,0.0,0.0,0.0,0.0,0.0,0.0,0.0,0.0,0.0,0.0,0.572004958525506,0.0,0.0,0.0,0.0,0.0,0.0,0.0007520617428151,0.0309884404058523,0.0012410432759704,0.0,0.000906714308237,0.0,0.0,0.0,0.0,0.0,0.0,0.0,0.0,0.0,0.0008522057914551,0.0027646019084631,0.0,0.0,0.0007644060113476,0.0,0.000901135962485,0.0,0.0021054990464272,0.0091260248731878,0.0,0.0,0.0,0.0,0.0,0.0008521366888291,0.0,0.0,0.0,0.0,0.0,0.0,0.0,0.0008208132637476,0.0,0.0,0.0163627780442428,0.0
TT,0.245340770984929,0.0629650164593991,0.0,0.0128509412215392,0.0,0.0021278509120681,0.0080321972841319,0.0,0.141999470048466,0.0,0.0222476686508602,0.0,0.0,0.0267669273261184,1.07415762360539,0.0017502033942031,0.0239442474462754,0.0,0.0015605901388159,0.0220284865974956,0.0,0.296952602116253,0.101211234863456,0.011308468162067,0.140485567440471,0.64067960300706,0.0,0.0,0.0074712782118081,0.0082280001035525,0.0,0.104438320333916,0.0,0.0,0.0846645504782044,0.0,0.0401770002780545,0.007680877613706,0.0,0.0,0.0332927287677042,0.0235802465544084,0.0021818938868078,0.53607809668626,0.0063180367364015,0.138141573323027,0.614045709979867,0.140106417128887,0.319617793002866,0.0,0.0,0.0006700496719969,0.0,0.405051138195273,0.0104653857583407,0.0,0.0,0.0757552671797121,0.0,0.0122600908084612,0.0059499749442615,0.0,0.93232564212668,0.0,0.0,0.0006601598580621,0.0096440112274326,0.0177276943758272,0.0042314004859156,0.0104601985967503,0.0056274498103592,0.0,0.013095880788521,0.032742587897871,0.0218311885104679,0.0,0.0369669801385272,0.0,0.130394927843465,0.0,0.0,1.35790790233716,0.0112889166182237,0.0,0.011618341985846,0.0162468823247909,0.0141124613730975,0.379002634174878,0.0,0.0024140972552906,0.0,0.0635905848814848,0.0340123811777881,0.0,0.019549847481477,0.0006746375977524,0.0062342177467593,0.0,0.0022866496395199,0.128161234037038,0.0070573193555923,0.405134379093892,0.140240274102025,0.0026362175164524,0.128055965819496,0.0207598800412279,0.0494721996579248,0.0,0.0309042891915866,0.0242967610290769,0.323869291539572,0.106224284823311,0.411275106906681,0.0394772166326614,0.56938062304057,0.0055822598341198,0.0,0.0,0.0035930414244837,0.0226581919770141,1.2358031467403,0.0021377034778587,0.0828670033113672,0.0,0.0,0.0,0.0248041789470493,0.919097608407648,0.0,0.0,0.0035227853666989,0.0,0.0520032679231215,0.0,0.0157690652883307,0.0,0.0,0.0,0.0021060540847087,0.0,0.0,0.102129885290571,0.0269457029596128,0.0,0.091939740010677,0.0,0.0,0.0,0.0,0.547754194079122,0.0,0.0,0.0,0.0115589674596139,0.0035276912946072,0.0120706898707701,0.0023102534974242,0.0,0.0,0.0019176022666801,0.155424828497303,0.0606070513146339,0.0174944359487358,0.0,0.0,0.0013085379933406,0.0,0.113168007818882,0.0,0.0181357545998238,0.0,0.0019714983342414,0.0,0.0,0.006559439577569,0.0089032835849102,0.0,0.0007169082563709,0.0,0.0,0.0096308461555449,0.0127462524703843,0.0,0.0,0.0,0.0,0.125060757017888,0.0012334559009145,0.0,4.73098375596048,0.0041974878980438,0.0,0.0,0.0052836658071571,0.0,0.0617231954408132,0.0134782099338716,0.0105894933769943,0.0061579899590988,0.0008534507286535,0.0449310087346598,0.0072930810095733,0.0148915326214328,0.0024347376529857,0.0016675373041932,0.0015187483438665,0.0,0.0613658726143526,0.0,0.0,0.0187828102923557,0.0,0.0027859463939005,0.0016040551201249,0.0,0.0,0.0,0.0,0.0,0.0,0.0,0.0009765694750264,0.0,0.0253299630209839,0.0067800477453484,0.0,0.0,0.0031328232271696,0.0315816333372946,0.0,0.0161882347360222,0.0543323908922647,0.012574405529796,0.0194043422455635,0.0,0.0,0.0,0.0315984858110962,0.0470762290391192,0.0,0.0559301185807437,0.0,0.0326640156746686,0.0009483952896247,0.0040317743619222,0.0228331490642514,0.0120239135981135,0.0,0.0,0.0634462424195115,0.0,0.0117343840599022,0.0354326346856201,0.0137121126312767,0.0,0.140144282253146,0.0231207870753545,0.0,0.0755376182000682,0.0,0.0034695705403807,0.0,0.058878452176029,0.0068945643656972,0.0,0.0,0.222259227609235,0.0,0.0281907047807067,0.015665183370216,0.0,0.0204298160713364,0.0,0.0,0.0009269347570731,0.0076518545725378,0.033671149634981,0.0443954962799932,0.0244713706233009,0.014243109191633,0.0,0.0,0.0,0.0,0.0,0.0,0.0,0.0172986346468097,0.0,0.0,0.012432225974073,0.0185256133563423,0.0,0.0283804044676636,0.0104104757859704,0.0021152878002134,0.99845599981977,0.0,0.0112865215788093,0.0,0.0881596023728766,0.0038916344394894,0.0019019683502653,0.0179811424255987,0.0,0.0,0.0,0.0021252698713629,0.0487011012956515,0.0123839178574088,0.0526485221653842,0.0,0.0121360918480863,0.0,0.10541893697603,0.239103442932749,0.0,0.0290706087395393,0.0026822014641926,0.0274568253783779,0.0028963276687257,0.008067276592572,0.0,0.0,0.005126597501097,0.0124669396322475,0.0,0.0023543033440563,0.0049842146240923,0.270044249001759,0.0053101842804928,0.0080341532364663,0.006362010658787,0.0,0.0,0.0,0.0175522759960166,0.0297871826934543,0.0168553236922806,0.044655485765251,0.0,0.108151588752205,0.0,0.0018227656649129,0.0089971458126133,0.000963311222305,0.002437201445081,0.0023428071641902,0.0,0.0,0.0,0.0054512875877058,0.0,0.0571329311019738,0.0610219468222197,0.0,0.0008958457512701,0.0,0.439678356775026,0.0,0.0010916750095559,0.0,0.0058309045804986,0.0043913280167479,0.0,0.002815557745993,0.0,0.0,0.0051396767969432,0.0,0.0,0.0312642733425347,0.0,0.0,0.0060561298419431,0.0,0.0791844539051469,0.0,0.0,0.0,0.0018400604873158,0.0,0.0,0.0039516439387571,0.0,0.0,0.0008068007219758,0.0020950885467625,0.0088806273548938,0.0140371621284238,0.0280434894028238,0.0,0.0,0.0091935503015004,0.0546785449243528,0.000751416619748,0.0,0.0899158948051809,0.26803097785815,0.0,0.0,0.0,0.0232719720834544,0.0,0.0,0.0199888687175937,0.0019054594889002,0.0,0.0034660815509243,0.105639809485078,0.010193201885957,0.0097417922239246,0.0025881841778049,0.0157661575419602,0.0,0.0,0.0,0.0
TU,0.0,0.0,0.0168806172843309,0.0247150558803976,0.0010216442839965,0.16296283180959,0.0,0.0,0.0025378318227079,0.0,0.0,0.0,0.0,0.0082157375218242,0.0118742954979377,0.0047106305836519,0.65050298532235,0.0,0.002934249318174,0.0108731423799191,0.0,0.0,0.0646591364520895,0.204873882661927,0.0619914741367134,0.0,0.0,0.0,0.0166162924781426,0.0222692492177773,0.0,0.0452495829873297,0.0164279640266729,0.0,0.0,0.002696845459434,0.0617691330508252,0.0059735014795946,0.0,0.0,0.0263479283998146,0.127638392730275,0.0027477326804499,0.0,0.0861013197234693,0.0324089932890751,0.0105846788771902,0.0023998940350577,0.0141573779028275,0.0850990045063142,0.0,0.0048872290061248,0.0077272163139646,0.0,0.0,0.0,0.0031481040402327,0.146570676308211,0.343099621450348,0.009638719550845,0.0086639023445381,0.0084484725999238,0.358832679147773,0.0,0.0231791653367007,0.0024590696087495,0.0319612871956921,0.008965124875333,0.170585734746984,0.0294545488076433,0.0197851423667041,0.0,0.0,0.0,0.146943822695857,0.0,0.0,0.0,0.0,0.0647066869002079,0.13868708786088,0.0,0.0,0.0,0.00443866783085,0.0457682245630472,0.0933900953887274,0.227908894248984,0.0,0.0534903522375041,0.0,0.125891276972275,0.0057698560819113,0.0,0.0011646399223383,0.389900453109761,0.149501767486841,0.0,0.0045942338171675,0.202043238434787,0.0158334992003662,0.149080078409267,0.200410436845798,0.0020789837487572,0.70593514163201,0.0177437084887066,0.0099843188481672,0.0291125090608737,0.0274059531904171,0.0,0.0,0.0015567466560779,0.0,0.515648629371127,0.0913862831260663,0.0118577157314881,0.0038175244018337,0.0,0.0080871557650614,0.0773262549129844,0.0,0.0095371010330866,0.0341719997562762,0.0,0.0,0.0251910991983507,0.123146944168668,0.0,0.0,0.0,0.01023625321719,0.0,0.0630913249911858,3.46089984340597,0.163035150052521,0.0012225182805885,0.0047820957357762,0.0,0.0018082743789118,0.0,0.0013953322496796,0.170552304821925,0.0133648235472887,0.671346040245305,0.0663525371917717,4.53136672881954,0.0,0.0016491107911837,2.14140925747134,0.0268876423735939,0.0,0.0,0.0,0.0046258548552123,0.0055880413390939,0.0,0.0012950876470567,0.0,0.0010304977187704,0.0085026322934146,0.0625740030073212,0.0,0.0091267658180725,0.0,0.0,0.0030930442564143,0.0,0.0,0.0,0.419369877479198,0.0,0.018630622075365,0.0,0.0,0.0,0.0018279411993173,0.0,0.0008931517896677,0.0013040368200821,0.0140729131708468,0.0089694474364443,0.0853994595282966,0.0,0.0,0.0,0.0,0.0466881725634365,0.0059010252826051,0.0,0.142708116044575,1.12126954108811,0.0,0.0,0.0049453594296466,0.0,0.0,0.0164029062768921,0.0,0.0,0.0011425161619214,0.0563420674856762,0.0046208773326688,0.0,0.26459530929844,0.0,0.0151173059445906,0.0,0.0630120933667984,0.00104600818192,0.0,0.0,0.0035120564221208,0.0,0.0,0.0342636054752002,0.0,0.0,0.0,0.0,0.0,0.0,0.0,0.0029571410210601,0.004482702158674,0.0,0.417260287403888,0.0,0.0,0.0,0.0,0.0,0.0154608352623541,0.0323759363516648,0.0095860918263205,0.0,0.0,0.0,0.0022956184586099,0.0069443412366385,0.0,0.0323051279248762,0.0,0.0,0.0,0.0007434240831899,0.0378065592217423,0.0007170559831597,0.0,0.169536116680233,0.0122372278990538,0.327266263997335,0.0012082702525791,0.0,0.0211213153759616,0.0011168462883039,0.0,0.0,0.0067494729584031,0.0277872467822211,0.0,0.000721826410594,0.0013764691472575,0.0,0.0,0.0895451654097698,0.0,0.054275787085065,0.0058028232027158,0.0,0.0,0.0017062970115953,0.0482249534450565,0.0,0.0432661328731548,0.0,0.016604020757009,0.0035965513426034,0.0206307374068836,0.0047881362270092,0.0033847697196764,0.0,0.0,0.0,0.006883919462387,0.0,0.0,0.0,0.0097062734992605,0.0,0.0067218701840181,0.0,0.0,0.0,0.0023854912209492,0.0228675920743926,0.0156875074982598,0.210099929463984,0.0126779310006138,0.0,0.0,0.0569777318058424,0.001283666345389,0.0,0.0,0.0865684510192557,0.0,0.0,0.0,0.0692755740554142,0.0071475946807894,0.0615271387891915,0.0,0.0,0.129722682070899,0.0244074646881968,0.0723542761486006,0.0201174938146348,0.008273560747467,0.0,0.0,0.0,0.0,0.0383222097259613,0.0,0.0030141868342101,0.0012570066534018,0.0,0.0,0.0100991262158133,0.0,0.0,0.0011002722430223,0.0,0.0,0.0121766806990651,0.0356706030484302,0.0,0.0,0.0,0.010116561881731,0.0,0.0212008225556871,1.36395916056452,0.10830994968178,0.0006927962950021,0.0019549588289666,0.0007601953429075,0.0,0.0,0.0012815646850441,0.0541320436628573,0.0,0.329074401480126,0.0401106277783905,1.52360589406985,0.0,0.0,0.785682213908558,0.0488728813544153,0.0,0.0,0.0,0.0007404931299333,0.0,0.0,0.0,0.0,0.0,0.0011950057214107,0.0164796014142224,0.0,0.0,0.0,0.0,0.0,0.0,0.0,0.0,0.233160028801424,0.0,0.0006393269366724,0.0,0.0,0.0,0.0,0.0,0.0,0.0,0.0023795885689698,0.0032723313502614,0.0049992243144551,0.0,0.0,0.0,0.0024184276124684,0.0,0.0032552018876463,0.0,0.0053843724845802,0.0779497497590019,0.0,0.0,0.0022094751027895,0.0,0.0,0.0070902151607372,0.0,0.0,0.0,0.0182157532095492,0.0014443065446658,0.0,0.0212321761785644,0.0012238645374889,0.0,0.0,0.0335721100574298,0.0
V,0.0310946846265244,0.0,0.0,0.0,0.0,0.0,0.0022109649486477,0.0,0.0,0.0,0.0,0.0,0.0,0.0,0.0,0.0,0.0,0.0,0.0,0.0,0.0,0.0,0.0,0.0021110420947485,0.0,0.0,0.0,0.0175746281423638,0.0,0.0,0.0950945807661305,0.0,0.0,0.0,0.0,0.0,0.0,0.0010467876971007,0.0290751081675847,6.97478193555889,0.0,0.0061936734168846,0.0109884196027107,0.0,0.0,0.0,0.0,0.0,0.0,0.0,0.0,0.0044656598413057,0.0,0.0,0.0035176875280842,0.142071327480305,0.0420321283131369,0.0,0.0137599905929799,0.0,0.0,0.0,0.0,0.0,0.112688229963073,0.104321892268355,0.0,0.0650494097754883,0.0,0.0081725773089686,0.0,0.0,0.0,0.0,0.0009650506361067,0.0,0.0,0.0,0.0,0.0,0.0,0.0,0.0,0.0,0.0,0.0,0.0017210684503756,0.0,0.0,0.0,0.0,0.0,0.0,0.002047096321987,0.003358031522604,0.0,0.0007674095992233,0.0,0.002304936907263,0.0,0.0064864871346447,0.0,0.0,0.105767403651849,0.0,0.0025464371135629,0.0,0.0,0.133849449406498,0.0033655956339647,0.0,0.0,0.0,0.0,0.0,0.0186621950339039,0.0,0.0844582895235867,0.113942425312275,0.0371911737727023,0.0,0.0,0.0,0.0,0.0221398092607862,0.0,0.0,0.0,0.0023816709563857,0.0,0.0,0.0,0.0,0.0,0.0,0.0,0.0,0.0,0.0,0.0,0.227479824951905,0.0,0.0,0.0133428393518308,0.0,0.0,0.0,0.0,0.0,0.0,0.0,0.0,0.0,0.0,0.0,0.0,0.0,0.0,0.0031286451127692,0.0,0.0,0.0,0.0042910746499411,0.0,0.0683171271738215,0.0126892659705375,10296.9078714684,0.0,0.0,0.0234470170079866,0.005223574456228,0.146060057301175,0.0398573092944745,0.439242658860429,0.0,0.0,0.0009486564341504,0.0,0.0,0.0,0.0016202063674224,0.0,0.0,0.0,0.718841088519568,0.0,0.0,0.0007543361210021,0.0,0.0,0.0,1.13916911581788,0.0,0.0,0.0966534360675031,0.0019691409997131,0.0,0.0,0.0,0.0,0.0,0.0,0.0016155349517991,0.0,0.0008921436840462,0.0,0.0,0.0,0.0332353480759541,0.0,0.0,0.0,0.0,0.0,0.0,0.0,0.0,0.0,0.0,0.0,0.0,0.0,0.0,0.0,0.0,0.0,0.0,0.0,0.0,0.0,0.0,0.0,0.0,0.0,0.0,0.0,0.0,0.0,0.0,0.0701731327367016,0.0558622595076074,0.0,0.0,0.0,0.0,0.0,0.0,0.0,0.0,0.0,0.0,0.0015350325028361,0.0,0.0,0.0,0.0,0.0,0.0,0.0,0.0,0.0460389550530972,0.0,0.0,0.0,0.0056301451096276,0.0121007760120075,0.0,0.0,0.0,0.0,0.0,0.0,0.0,0.0,0.0,0.0,0.121903526284981,0.0,0.0,0.0,0.0,0.0,0.0,0.0,0.0,0.0,0.0,0.0,0.0,0.0,0.0,0.0,0.0,0.0,0.0,0.0,0.0,0.0,0.0,0.0,0.0,0.0,0.0078582318367519,0.0034241991969039,0.0,0.0,0.0,0.0007107819702204,0.0,0.0032052191522527,0.0,0.0,0.0,0.0,0.0,0.0,0.0,0.205133811083665,0.0019108343527505,0.0,0.0,0.0,0.0,0.0,0.0,0.0,0.0937074146608163,0.0193196555736222,0.0,0.0,0.0,0.0,0.0013089767423551,0.005367097566718,0.0,0.0,0.0,0.0,0.0,0.0,0.0,0.0,0.0,0.0,0.0,0.0,0.0,0.0,0.0,0.0957930278057467,0.0,0.0,0.0,0.0,0.0,0.0,0.0,0.0,0.0,0.0,0.0262268842343464,0.0,0.0,0.0,0.0,0.0,0.0,0.0054304328212574,0.0,0.0,0.0,0.0,0.0,0.0,0.0,3042.32829017559,0.0,0.0,0.0,0.0012018339272956,0.0,0.0,0.0068839922870847,0.0,0.0,0.0021853371996343,0.0009140180313112,0.0,0.0,0.0017377708384658,0.0,0.0,0.072416310916054,0.587654359387979,0.0,0.0,0.0,0.0,0.0,0.0,0.0,0.0,0.0,0.0,0.0008693888114967,0.0,0.0,0.0,0.0,0.0,0.0,0.0,0.0,0.0,0.0,0.0,0.0208190032112166,0.0320702563370102
VAL,0.0,0.264616797423058,0.0,0.0,0.0,0.0,0.0,0.0,0.0,0.0075075323636313,0.0,0.0,0.0,0.0,0.0,0.0913868075910945,0.0010121670576148,0.0020706697033959,0.0,0.0028301713457322,0.0,0.0,0.0,0.0,0.0,0.0,0.0,0.0,0.0,1.62298296415584,1.27799763259783,0.0655989494158853,0.295807249138236,0.0,0.0,0.0,0.0034348338954334,0.0,0.0,0.240648425598532,0.0,0.0149479256231398,0.0447316330156033,0.0,0.0,0.0,0.0,0.0257855393041723,0.0,0.0,0.0,0.0526377329047633,0.141447372304381,0.0064041034938421,0.326909528298947,3.85358617034884,0.0042935079974837,0.0269202915513315,0.0,0.0,0.0,0.0066570771997667,0.0213188961817752,0.0,0.0055937316087265,0.0008446085233498,0.0,0.0,0.0,0.0308401644680946,0.0078355652287429,0.0,0.0,0.0,0.0190512633517861,0.0436803778402926,0.0053362951967922,0.0,0.0,0.0,0.0,0.0053608407460514,0.0,0.277392632168355,0.0,0.0,0.0,0.0,0.0,0.0006829859781227,0.0,0.0098581957778268,0.0,0.409221282032702,0.31965596842142,0.0,0.0,0.0460448389242037,0.0139693656562842,0.0,0.0135383516454787,0.0,0.0742371054056989,0.0,0.0,0.0,0.0,0.0084028820780863,0.0224465826496533,0.302663424275776,0.0,0.218526305568008,0.0011391739585324,0.0,0.0,0.0075629011618214,0.0,0.0,0.0077316019089529,0.0,0.0030411250821786,0.228367657462171,0.0,0.0,0.0,0.0,0.0,0.0,0.161770078738391,0.0,0.0228894288100865,0.0,0.0,0.0,0.0128071063947459,0.0,0.0,0.0075812438682174,0.0117799606013669,0.0,0.0010865869731665,0.0,0.0472864987511553,0.0,0.0,0.0249971483566244,0.0040627802873044,0.0,0.0,0.0457496473762105,0.154412066474057,0.0559131565141662,0.0,0.0824156030469073,0.0093066421601218,0.0488641887719791,2.23561719776723,0.0,0.0140775315951172,0.0,0.0,0.0,0.0,0.128360606563328,0.216661704932324,0.220419418980444,0.0,0.0,0.0,0.62857179958193,0.0,0.0,0.0,0.0,0.113271889956998,0.0,0.226945834169443,0.01543423072598,0.170964875152486,0.130321290136399,0.0801379763265931,0.0528310959183985,0.0019919861945746,0.0,0.110189860276925,0.0052902074886371,0.0,0.0,0.0063018752699531,0.0,0.0,0.0,1.59357756379559,0.0,0.0,0.0295978083939186,0.182678284511138,0.300671718724617,0.0021018403759199,0.0020789213978241,0.0,0.0907123423901357,0.238429291775891,0.0,0.0,0.0317015869387001,0.0,0.0,0.0,0.0,0.0074034742852176,0.0,0.0,0.0,0.0,0.0072850410786363,0.0,0.0,0.0178782010863065,0.0,0.0,0.0023019463266586,0.0,0.0,0.0,0.0,0.0,0.0,0.0,0.0,0.0,0.0,0.0,0.00073717242224,0.0,0.0,0.0,0.0,0.0,0.0292244680210383,0.0,0.0339846331633163,0.0,0.0,0.0,0.0030026022331227,0.0,0.0,0.493492795567821,0.0,0.0014095397895838,1.75164502368835,0.0,0.0,0.0011243718098015,0.0,0.0009523119803459,0.0,0.0,0.0693790293175796,0.245452617134377,0.0,0.0,0.0,0.0,0.0069512763550015,0.0033549033002546,0.0,0.0,0.0,0.0,0.0042408483575422,0.0,0.0711724952824221,0.569708350967842,0.0067475317714954,0.0,0.0,0.0104449421096126,0.0,0.0,0.0,0.001347989971432,0.0,0.0,0.0,0.0,0.0,0.0,0.0,0.0,0.0,0.0,0.0176851498040676,0.0,0.0,0.0,0.0,0.0,0.0026941339056871,0.0022248682225499,0.0,0.0402308488960188,0.0425140464406953,0.0,0.0,0.0209057426792972,0.0031639485364885,0.0,0.0158058915788888,0.0,0.0,0.0,0.0,0.0,0.0,0.070260924919853,0.0646150246479239,0.0765214959312868,0.0,0.0287928899511728,0.0,0.0,0.0,0.0011275015232086,0.0,0.0,0.0,0.0,0.0,0.0,0.0018712613812016,0.0014034401960484,0.0,0.0,0.0,0.0,0.0009832043819286,0.0,0.0,0.0,0.0,0.0,0.0098441080783584,0.0,0.0008038775276745,0.0037094757765441,0.0,0.0008545794122476,0.0200706800209508,0.0,0.0,0.0,0.0,0.0044137604373429,0.0,0.0,0.0,0.0633563574271399,0.0,0.0136133985589224,0.0,0.0,0.0,0.0009586273388526,0.0370169008587816,0.0,0.0032208863703118,0.0,0.0,0.0,0.002522114749922,0.0,0.0380363707943538,0.0123674702994117,0.0,0.456795971617027,0.0,0.0873729808472443,0.0,0.0014794701866866,0.0198419305615657,0.0041252937226353,0.0008695171832291,0.0,0.0033037458214034,0.0,0.0015498698810154,0.0,0.0022699114872763,0.0,0.0015915050611792,0.0006277958545303,0.239618298535731,0.0,0.0,0.0,0.0,0.0,0.0,0.0,0.0111507502236481,0.0,0.0008803892934982,0.0028725646209721,0.0,0.0032046366257076,0.0,0.0,0.0,0.0,0.0010168063622173,0.0,0.0,0.0,0.0,0.0,0.0
VCO,0.0,0.0,0.0015278252653208,0.0016061449539411,0.0,0.0,0.0006071115840575,0.0013332969715788,0.0,0.0,0.0021529820805167,0.0,0.0,0.0,0.0008011223054366,0.0021335126757157,0.0,0.0,0.0042215146913238,0.0,0.0,0.0,0.002395538210851,0.0031328139653001,0.0,0.0097317466694154,0.0,0.0,0.0079990204440403,0.0425147544806587,0.0,0.0124792774354749,0.0,0.0019217912064394,0.0,0.0012232240361968,0.0028668499923062,0.0013119796030074,0.0,199.947406358382,0.0279826965608827,0.0,0.0,0.0052486425383572,0.0110123778095862,0.0,0.0,0.0,0.0,0.0,0.0,0.0,0.0,0.0,0.0017242583463048,0.0,0.0014061816413486,0.0,0.0,0.0971348661244072,0.0237693518032175,0.0054776882440195,0.0,0.015199171851303,0.100165465913724,0.0,0.0,0.0039920786068527,0.0015310026622547,0.0239964996232466,0.0014231683803919,0.0,0.0,0.0,0.0,0.0,0.0020023344813969,0.0,0.0087312900811233,0.0,0.0,0.0,0.0,0.0,0.0014191812965243,0.0394867583738395,0.0,0.0,0.0,0.0,0.0,0.0020797517963559,0.0,0.0,0.0,0.0,0.0,0.0019783364550768,0.0,0.0,0.0015162687511399,0.0,0.0081300861427505,0.0,0.0056534466927376,0.003637672855615,0.0,0.0,0.123264947378837,0.0,0.0,0.0,0.0,0.0,0.0,0.0,0.0021069208619495,0.0,0.0139123781231615,0.0,0.0029558755780475,0.0,0.0257290560437452,0.0,0.0,0.0213107809751004,0.0,0.0,0.0013453604738114,0.0041037785452552,0.0,0.0,0.0267685163778686,0.0,0.0,0.0,0.0,0.0,0.0006941485237548,0.0,0.120892601304647,0.0,0.0007207811115933,0.0,0.0012080854298334,0.0021808833171465,0.0,0.0,0.0,0.0010818259580301,0.0,0.0,0.0,0.0016307023500043,0.0028616874169095,0.0,0.0013552834977592,0.0,0.0,0.0006843087596437,0.0,0.0,0.0030246169986124,0.0,0.0,0.0007504177269505,0.0,0.0,0.0,0.0,0.0029228167365661,0.0103304271995075,0.0217389980008388,0.0036476194693741,0.0010438594039068,0.001884806951354,0.0,0.0,0.0,0.0016591487950336,0.0006713583449452,0.0,0.0,0.0,0.0172217404098214,0.0,0.0,0.0250413022222958,0.0,0.0,0.0,0.0,0.0,1.7965889897368,0.0,0.0,0.0068417254195463,0.0010301233758689,0.0,0.0009150868105922,0.020657154610758,0.0,0.0008443174275439,0.0012853741461361,0.0014823810346312,0.0015807384249705,0.0,0.0059681339527965,0.0,0.0,0.0007134808020343,0.0,0.0012463361432717,0.0,0.0,0.000710502718094,0.0,0.0,0.0,0.0,0.0303805042952365,0.0,0.0,0.0010261742043601,0.0019649061862753,0.0,0.0,0.0011465777863758,0.0,0.0,0.0,0.0073783650727382,0.0020727302783937,0.0,0.0147165287607188,0.0,0.0,0.0063646559145399,0.0201157072441221,0.0,0.0041478108894332,0.0,0.0060928825767656,0.0,0.0023896389698889,0.0043058668825685,0.0029940357180435,0.0,14.5946329327111,0.0194205137792412,0.0,0.0,0.0039557900595623,0.0227318299007885,0.0,0.0,0.0,0.0006301730872752,0.0,0.0,0.0033936530914867,0.0,0.0,0.0033869259312197,0.0,0.0,0.0006148841000607,0.0,0.0998608393150949,0.0212536145115492,0.0,0.0,0.0130111720900199,0.196556534830176,0.0,0.0,0.0049712401787827,0.0010983795718661,0.0316333600507411,0.0042992971274126,0.0,0.0,0.0,0.0,0.0,0.0007779140042718,0.0,0.0142294512858974,0.0,0.0,0.0,0.0,0.0,0.0022970014466016,0.0153186493649271,0.0,0.0,0.0,0.0,0.000998582993248,0.0040053426732008,0.0,0.0006470083553273,0.0,0.0,0.0,0.0,0.0,0.0,0.0125256229151098,0.0,0.0,0.0054892770348373,0.0,0.0209318051761195,0.0100551104109012,0.0007304547862981,0.0226155632739075,0.0,0.0,0.0,0.0006069616209239,0.0,0.0,0.0,0.0007596403960081,0.0,0.0008683213443248,0.0,0.0028363454315937,0.0014203732255871,0.0071129063982054,0.0,0.0,0.024610742169685,0.0,0.0,0.0039653604141516,0.0020809067488069,0.0,0.0,0.0594210694140155,0.0,0.0008661044919607,0.0028192670261118,0.0,0.0,0.0011470747767372,0.0158434042018249,0.0032979894008345,0.0,0.0022670574360046,0.0,0.0006674188101842,0.0078384905221561,0.0,0.0,0.0,0.0,0.0,0.0036127600266941,0.0,0.0,0.0007344122020347,0.0,0.0014176746253863,0.0,0.0,0.0011144540774498,0.0,0.0,0.0038456086273838,0.0,0.0,0.0013719055208667,0.0,0.0,0.0,0.0,0.0069089756881622,0.0023738854030307,0.001949103151745,0.0,0.0011503438800686,0.0044475047080781,0.0006845919641573,0.0,0.0,0.0023530588567197,0.0009251195800628,0.0,0.0,0.0,0.0118943024665404,0.0,0.0,0.0493852096898363,0.0,0.0,0.0,0.0,0.0,0.133936907292914,0.0,0.0,0.0143827040886881,0.00105836099034,0.0,0.0008614939174669,0.0179213569632888,0.0,0.0,0.0015713967529239,0.0,0.0009457138571726,0.0,0.0009061278020354,0.0
VII,0.0087377642540318,0.0026845834940143,0.0,0.0,0.0,0.0015113751188976,0.0,0.0,0.0,2.11569747496604,0.0,0.003832783503823,0.0,0.0,0.0,0.0,0.0,0.0,0.0,0.0,0.0,0.0,0.0049992978708204,0.0120606916964905,0.0,0.0128234426230035,0.0,0.0081790207221703,0.0046042462790424,0.0198213768741747,0.0518794907444769,0.0962192445780934,0.0,0.003367434241016,0.0,0.0,0.0,0.0,0.0,4.73952861535784,0.0250490610924389,0.0030163885561016,0.0157180652042041,0.0,0.0,0.0,0.0,0.0,0.0,0.0,0.0,0.0006813921464001,0.0,0.0,0.0020542150460995,0.265086286631324,0.274777987869517,0.0013473252904551,0.0,0.0011611162694053,0.0,0.0090430039532702,0.0,0.0021273463463485,0.0,0.0054273439174899,0.0,0.783038076387827,0.0,0.0824667547967495,0.0,0.0,0.0,0.0,0.0115663061623435,0.0,0.0,0.437165637380639,0.0,0.0,0.0,0.0,0.0,0.0,0.318110765484609,0.0,0.0008686948005691,0.0,0.0,0.0,0.0,0.0,0.0,0.0042390090730009,0.0089881403152213,0.0,0.0047840203659164,0.0012111655428403,0.0135908787933923,0.0,0.0337486128736094,0.0,0.0,0.749456858131947,0.0,0.0062943422285458,0.0,0.0,0.0748333408147803,0.0040071296971219,0.0,0.0006812816559026,0.0,0.0,0.0,0.0133460748418646,0.0,0.073502995947872,0.0322725405271219,0.0064309863957279,0.0009353134299825,0.0,0.0006208486380356,0.0,0.0,0.125861129455023,0.0,0.0,0.0031981634725587,0.0,0.0,0.0,0.0029039536972066,0.0,0.0470244837338226,0.0,0.0,0.0072379065889157,0.0085984210429377,0.0,0.234752096657294,0.0019968732455605,0.0,0.033171417935336,0.0,0.0,0.0,0.0,0.0,0.0,0.0,0.0398024708943045,0.0,0.0,0.0,0.0,0.0026555869176071,0.0294127976660877,0.0060556007706349,0.0,0.0,0.0,0.0,0.0,0.0,0.0013020712378805,0.0,0.0,0.0,0.0298078883830405,0.0046621330519685,0.437450729857302,0.0744439391870968,0.358465308440043,0.0034267218068943,0.0,0.0,0.0,0.0,0.0010840371212672,0.000969098672146,0.0,0.0,0.0,0.0,0.0,0.0,0.0,0.0,0.0,0.0,0.0,0.0,0.0928838683857631,0.802365719785488,0.0009465250447017,0.0060060121407792,0.0,0.0,0.0,0.0175423381591267,0.0,0.0018821884467891,0.0022255793249297,0.0,0.0006259812815428,0.0,0.0116368385597799,0.0587609037550297,0.0033198657303452,0.0039360498078605,0.0,0.0,0.0,0.0,0.0,0.0,0.0,2.25984015968468,0.0,0.0,0.0,0.0,0.0,0.0,0.0,0.0,0.0,0.0,0.0,0.0,0.0034718435267403,0.0014992210737423,0.0,0.0,0.0,0.0,0.0,0.0066180441002133,0.227843736757221,0.706388070054562,0.0,0.0028240542032316,0.0,0.0,0.0,0.0,0.0,6.5486240138377,0.0038652653131309,0.0014451445278495,0.0,0.0,0.0,0.0,0.0,0.0,0.0,0.0,0.0,0.004454944543538,0.0,0.0,0.0015646323304809,0.0739605213839458,0.0329064536445332,0.0,0.0,0.0,0.0,0.0070128449750445,0.0,0.0,0.0,0.0009908831566184,0.0072966706627331,0.215756452321884,0.0,0.0026337109436079,0.0006314426242606,0.0,0.0,0.0,0.002611567120244,0.0,0.0,0.186757984837923,0.0027424406044662,0.0,0.0,0.0,0.228562240941767,0.0,0.0070786470351618,0.0,0.0,0.0,0.0,0.0,0.0,0.0,0.0,0.0384928399833001,0.0239959896519955,0.0,0.0021436788044284,0.0,0.0311058962410626,0.0,0.0325238022666471,0.0,0.0,0.232496582929619,0.0021520202131353,0.0421379588842492,0.0,0.0,0.284357143457657,0.0087922961718362,0.0,0.0015253203030227,0.0,0.0,0.0,0.0180528524052093,0.0,0.0923052438458275,0.0100681975765108,0.0,0.0,0.0,0.0,0.0,0.0,0.0,0.0,0.0,0.0052467988634451,0.0,0.0,0.0,0.0012339549733385,0.0,0.0,0.0,0.0,0.045917611881106,0.0074911912939634,0.0,0.0059019836785962,0.0,0.0,0.0,0.0,0.0,0.0,0.0,0.0,0.0,0.0,0.357366991919553,0.0,0.0,0.0,0.0,0.0035903554194704,0.0,0.0158763576338849,0.0,0.0,0.0,0.0,0.0,0.0,0.0,0.0,0.0,0.0,0.0,0.014995933661117,0.0591945176845781,0.0421453093031839,0.0542175564794054,0.0327007636031727,0.0,0.0153678827017383,0.0089937566756768,0.0,0.0,0.0121685615017334,0.0,0.0,0.0,0.0,0.0,0.0,0.0,0.0,0.0,0.0,0.163839186200138,0.0,0.0323371210708342,0.0,0.0034649561209146,0.0088101124672031,0.0010363773506995,0.0,0.0,0.0026446121242722,0.0,0.0,0.0,0.0,0.0,0.0,0.164931796772408,0.15604640609823
VISC,0.151148911904168,0.0,0.0,0.0,0.0,0.0,0.601967212230063,0.0,0.0,0.0,0.0,0.0,0.0,0.0007299977590289,0.0,0.0055826433374951,0.0,0.0,0.0527086648994943,0.0,0.0,0.263260517880266,0.0306958606984907,0.0045025339353404,0.006804549696744,0.0,0.0,0.0398633778365869,0.0055626738040107,0.0,0.0,0.0097929060267496,0.0,0.0,0.0045840923208999,0.0086796135331779,0.0040103944700095,0.0,0.0007046113152668,0.0,0.0098799782455604,0.0,0.0050994946107119,0.0304914824114819,0.0039769876836679,1.32429687576324,0.267003270802506,0.0039870428452355,0.249383102507128,0.748900801046833,0.0,0.0,0.821665430183942,0.739719863418493,0.0731811021000024,0.212918774475463,0.0,1.63968116412127,0.0,0.0,0.0,0.0022081402257678,0.0048164901746541,0.125044914624071,0.0,0.0,0.0,0.0085655884643851,0.0,0.0,0.0,0.0,0.0,0.0108216969340881,0.017651389626685,0.108135086613452,0.0010034730270186,0.0,0.0138707891917871,0.0,0.0042222311161539,0.0,0.0014332161207375,0.0,0.0062874793111518,0.0044505602782181,0.0055401223550925,0.787420743510141,0.0,0.185321399566195,0.0054748614633325,0.0186704741121753,0.0007807385793521,0.23049546305385,0.147250003306634,0.0,0.0,0.0077295737141372,0.0,0.0,0.0,0.0,0.0,0.0,0.0,0.0,0.0,0.0,0.012130769827073,0.0989683552811912,0.036107651442252,0.0394526862324168,0.0,0.0068323803903171,0.105311484085119,0.0,0.0,0.0,0.0062624266309969,0.0015993718463043,0.0,0.0065838830744604,0.0028744262413963,0.0,0.0,0.0,0.0,0.223714195730045,0.0256898664166502,0.0,0.244831208298586,0.0,0.0065897444729268,0.0,0.0,0.0028940453623089,0.0,0.0006066632177218,0.0,0.0,0.0008615022335389,0.0,0.0,0.0,0.0045500457439567,0.0,0.0,0.0,0.0300133388468046,0.0,4.01452192882713,0.0,0.0062784342559796,0.0019589147377895,0.0022487724827295,0.0,0.0,0.0023551592470215,0.0,0.0,0.0,0.0213828162586274,0.0,0.0,0.0035092630089508,0.0038854100356634,0.0,8.08081732532626,0.0,3.69525806114472,0.0,0.0,0.0,0.0,0.147818925933345,0.0,0.614773822602922,0.470369956338825,0.0,0.101695747401801,0.858570901138357,0.0048732893568604,0.0,0.0134761671694905,0.0,0.0,0.255204665500467,0.0,0.0,0.0,0.0,0.0,0.0,0.010672380099222,0.0,2.63442927722553,0.0418689117012507,0.0145879045873642,0.0188209852573907,0.0,0.042742717662266,0.0,0.0683850223440986,0.0,0.0,1.22324401078166,0.0,0.0,0.0,0.0359304271150735,0.0387380429988365,0.0,0.0,0.0,0.0,0.222648692695494,0.0443674419058436,0.0,0.0,0.0,0.0,0.0,0.0,0.0,0.0,0.0,0.0,0.0,0.0155863515943562,0.0,0.203579828284027,0.0,0.0032056828609655,0.0037492602030992,0.0,0.0,0.0,0.0,0.0012699393565209,3.41639715674855,0.0040925760900652,0.0,0.0019548457448103,0.0,0.0191508021468849,0.0057697552831951,0.0,0.0,0.0,0.0021288844170306,0.0,0.0,0.0047712817072518,0.0,0.244001657136052,0.0358785062463308,0.0,0.0,0.0,0.0,0.0,0.187973421687624,0.218416527838372,0.0,0.0,0.0,0.0,0.0,0.0,0.0,0.0,0.0,0.0,0.0020679340498409,0.0,0.0,0.0,0.0,0.0,0.0,0.0,0.0,0.0033109645852981,0.0,0.0,0.0,0.0,0.0,0.0,0.0024838684474218,0.0,0.0,0.0,0.0,0.0,0.0,0.0141244720041383,0.0,0.0,0.0,0.0068852567559307,0.0,0.206734900086616,0.14388578789927,0.0,0.0,0.0,0.0,0.0,0.0,0.0,0.0,0.0,0.0,0.0,0.0,0.0009512493997124,0.0013226610087678,0.0,0.0202503532951278,0.0206583681740512,0.0,0.0,0.0,0.0,0.0,0.0,0.0,0.0,0.0305858761341395,0.0,0.0050800927944762,0.0,0.0,0.0006147101436259,0.0,0.0,0.050589727990541,0.0,0.0006812797085367,0.0,0.0086975269580343,0.0,0.0,0.0,0.0,0.0,0.0,0.0,0.0012820448881495,0.0,0.0,0.0,0.0,0.0,0.0,0.0,0.0,0.0248241721807113,0.359770752544674,0.0,0.0,0.0,0.0006920484794523,0.0,0.0,0.0,0.0,0.0,0.0,0.0012308704888667,0.0,0.0,0.0,0.0,0.0,5.24881152969787,0.0,0.0,0.0,0.0,0.0,0.0,0.0625567603568827,0.0,0.480119817292229,0.41581449972845,0.000962563788518,0.0852811979844051,0.368725607517456,0.0,0.0,0.0026220818632236,0.0024948673237115,0.0318236190681405,0.0,0.0,0.0,0.0,0.0,0.0,0.0,0.0017676844888583,0.0,0.67091020173216,0.0,0.0044234609645808,0.0067673438822472,0.0,0.0,0.0,0.0010852443109374,0.0,0.0,0.0,0.0,0.0,0.0
VISal,0.0,0.175824826279595,0.0,0.0,0.0,0.0,0.0,0.0,0.0046906725657299,0.0,0.0,0.673781773651467,0.0,0.0,0.0,0.0064020319221459,0.0,0.796267355955299,0.251177516214087,0.306970833481864,0.0655708196599014,0.0409640375607308,0.0,0.0,0.0,0.0,0.0,0.0,0.0,0.0,0.568728483202054,0.0,0.0,0.0,0.0,0.0,0.001695258248135,0.0,0.0,0.0,0.0017158547702386,0.0,0.0,0.0,0.0011318936398871,0.0,0.165421939627632,0.0012894814919852,0.0,0.0,0.0,0.0,0.0,0.0,0.0051558466058929,0.0,0.0,0.0085165776425998,0.0,0.0,0.0,0.0031920482210159,0.0167774745323281,0.0,0.0,0.0,0.0,0.0,0.0,0.0,0.0068039333782146,1.70899670652337,0.0,0.0,0.0,0.141277211214111,0.0,0.0,0.0,0.0,0.0,0.0,0.0,0.0,0.0,0.0,0.0,0.0,0.0,0.0074061218541698,0.0,0.0010158346785162,0.0,0.0,0.058619532444379,0.0,0.0,0.0,0.0,0.001000507937565,0.0,0.0052364241560434,0.0027726917937257,0.0,0.0,0.0,0.0,0.0,0.0023985800699747,0.0,0.0,0.204244321915308,0.0,0.0,0.0,0.0,0.0,0.0,0.0,0.0,0.0,0.002080937372728,0.0046964659872315,0.0,0.0,0.0,0.0,0.0,0.0,0.0,0.0173713980443813,0.57307845529235,0.0,0.0,0.0,0.0010059921901212,0.0,0.0,0.0,0.0,0.0,0.0,0.498433957557949,0.0,0.0027628929400766,0.0,0.0,0.0,0.0,0.0,0.0,0.0,0.0,0.362880629069846,0.039784646128986,0.134442115609651,0.0065464972747203,0.0,0.0,0.0,0.0,0.0,0.0,0.0,0.0,0.0,0.0,0.0,0.0,0.0,0.0,0.0,0.0,0.0,0.250050099784436,0.0175730181958071,0.0,0.0,0.0170704525299093,0.0,0.0,0.0,0.0,0.0,0.0,0.283072325258949,0.0013603075216499,0.0,0.0,0.0,0.0,0.0,0.0251285849665006,0.0008921437434431,0.0,0.0092100651701449,6.60526557776156,1.09041788424708,0.990402216114081,0.176577792509095,0.0,0.60112556455894,0.0012713581807685,0.0,0.0,0.0,0.0,0.0,0.0,0.0,0.0076073543911581,0.0,0.0,0.0,0.0,0.0,0.0,0.0,0.0,0.0,0.0,0.0,0.0,0.0,0.0,0.0,0.179163010066591,0.0369209288678539,0.0,0.0,0.0091420511200338,0.0,0.0,0.0,0.0,0.0,0.0,0.0,0.0,0.0,0.0,0.0,0.0,0.0,0.0,0.0023380884148287,0.0,0.0,0.0,0.0,0.0,0.0,0.0,0.0,0.0,0.0146703195519876,0.0,0.0,0.0,0.0,0.0,0.0,0.0,0.0,0.0,0.0,0.0,0.0,0.0,0.0,0.0,0.0,0.0,0.0,0.0,0.0,0.0,0.0,0.0,0.0,0.0,0.0,0.0,0.0,0.0,0.0,0.0,0.0,0.0,0.0,0.0,0.0,0.0,0.0,0.0,0.0,0.0,0.0,0.0,0.0,0.0,0.0,0.0,0.0050034638173645,0.0,0.0,0.0,0.0,0.0024016879503812,0.0,0.0,0.0,0.0,0.0,0.0,0.0,0.0020202968627079,0.0,0.0,0.0,0.0091806044662856,0.0,0.0,0.0,0.0,0.0,0.0,0.0,0.0,0.106824542046044,0.0,0.0024475865461328,0.0,0.0,0.0,0.0,0.0,0.0008792969083621,0.0,0.0,0.0,0.0,0.0,0.0,0.0,0.0,0.0,0.0,0.0,0.0,0.0,0.0162960017479999,0.0,0.0,0.0,0.0,0.0,0.0,0.0051898562766915,0.0,0.0,0.0,0.0018879298999406,0.0114823127387303,0.0007766565147312,0.0,0.0,0.0,0.0,0.0,0.0,0.0,0.0,0.0,0.0,0.0,0.0007043667730371,0.0,0.0,0.0,0.0,0.0,0.0,0.0642300071048835,0.003297423919772,0.0,0.0,0.0009130923931138,0.0,0.0,0.0,0.0,0.0,0.0,0.0521223733415655,0.0,0.0,0.0,0.0,0.0,0.0,0.0,0.0,0.0,0.0016847783517907,0.612587308192635,0.110138700123984,0.1352804574378,0.0086187386470423,0.0,0.0397765799910518,0.0,0.0,0.0,0.0,0.0,0.0,0.0
VISam,0.0,0.934191954638146,0.0,0.0,0.0,0.0,0.0,0.0,0.0027257813674137,0.0,0.0250599619430068,2.35146877066975,0.0,0.0,0.0,0.0037836992237584,0.0,0.533324085867423,0.184427372175521,0.0,0.183072863706615,0.0189718791199721,0.0,0.0,0.0,0.0,0.0,0.0,0.0,0.0,0.997823346755537,0.0,0.0,0.0,0.0,0.0,0.0082638964857666,0.0,0.0,0.0,0.0164838053954154,0.0,0.0,0.0,0.0,0.0,0.172876989404914,0.0,0.0,0.0,0.0,0.0,0.0,0.0,0.0027483506128011,0.0,0.0,0.0100937157400387,0.0,0.0,0.0,0.0,0.16087270046463,0.0,0.0,0.0,0.0,0.0,0.0,0.0,0.21556468589629,0.168725064907376,0.0,0.0,0.0,0.298481655734738,0.0,0.0,0.0,0.0,0.0,0.0,0.0,0.0,0.0,0.0,0.0,0.0,0.0,0.0,0.0,0.0023742780000521,0.0,0.0036845979046122,0.0020341947020643,0.0,0.0,0.0,0.0,0.0021020191372349,0.0,0.0604817764350119,0.0060708258141511,0.0,0.0,0.0,0.0,0.0,0.0015447322235977,0.0,0.0821166727948324,0.514818135205223,0.0,0.0,0.0,0.0,0.0,0.0,0.0,0.0,0.0,0.0,0.0037926884269693,0.0,0.0,0.0,0.0011874582306166,0.0,0.0,0.0,0.0344526058287976,0.0,0.0,0.0,0.0,0.0020335799240845,0.0,0.0,0.0,0.0,0.0,0.0423809580433083,0.0,0.0084390920682571,0.0,0.0,0.0,0.0,0.0,0.0022807700178448,0.0,0.0,0.0,2.09622883691615,0.397193337666216,0.345806929889729,0.0148452620205256,0.0,0.0,0.0,0.0,0.0,0.0,0.0,0.0,0.0,0.0,0.0,0.0,0.0,0.0,0.0,0.0,0.0,0.105057154013315,0.0,0.0,0.0,0.0,0.0085651190638437,0.0,0.0,0.0,0.0,0.0,0.208999844889492,0.0,0.0,0.0137522041062444,0.0,0.0,0.0018468990748269,0.0743096828973671,0.0,0.0,0.0078574242547805,2.43578929179847,4.14866386192193,0.787400986294943,0.059340790375856,0.0,1.3950889155178,0.0,0.0,0.0,0.0,0.0,0.0,0.0,0.0,0.0433538744852238,0.0,0.0,0.0,0.0,0.0,0.0,0.0,0.0,0.0,0.0,0.0,0.0,0.0,0.0,0.0,0.143299710276055,0.0380780788486013,0.0,0.0,0.0012377378770549,0.0,0.0,0.0,0.0,0.0,0.0,0.0,0.0,0.0027563565433537,0.0,0.0,0.0,0.0,0.0,0.0121904562559176,0.0,0.0,0.0,0.0,0.0,0.0,0.0,0.0,0.0,0.0254112803777726,0.0,0.0,0.0,0.0,0.0,0.0,0.0,0.0,0.0,0.0,0.0,0.0,0.0,0.0,0.0,0.0010462953028742,0.0,0.0,0.0,0.0,0.0,0.0,0.0,0.0,0.0,0.0,0.0,0.0,0.0,0.0,0.0,0.0,0.0,0.0,0.0,0.0,0.0,0.0,0.000712944658731,0.0,0.0,0.0,0.0,0.0,0.0,0.0,0.0,0.0019130560848862,0.0,0.0,0.0,0.0,0.0057344875496019,0.0,0.0053605126241734,0.0030578267244918,0.0,0.0,0.0,0.0,0.0,0.0,0.0,0.0,0.0166579347801319,0.0,0.0,0.0,0.0,0.0,0.0,0.0,0.0,0.0624172301396343,0.0,0.0,0.0,0.0,0.0,0.0,0.0,0.0010426572157614,0.0018185087492276,0.0,0.0,0.0,0.0,0.0,0.0,0.0,0.0,0.0,0.0,0.0,0.0006983986069138,0.312177232682353,0.0,0.0,0.0,0.0,0.0,0.0,0.0472881231222483,0.0,0.0,0.0,0.223381045718189,0.0110433057819973,0.0243881828511185,0.0,0.0,0.0,0.0,0.0,0.0,0.0,0.0,0.0,0.0,0.0,0.0,0.0,0.0,0.0,0.0,0.0,0.0,0.0082193586391954,0.0,0.0,0.0,0.0,0.0046489691525319,0.0,0.0094372001489093,0.0020885274964634,0.0,0.0,0.0240580669071934,0.0,0.0,0.0047675778535814,0.0,0.0,0.0,0.0,0.0,0.0,0.0,0.476704812832352,0.452847207502112,0.0844586368937335,0.0040430772119431,0.044028871027441,0.184779811673932,0.0,0.0,0.0,0.0,0.0,0.0,0.0
VISl,0.0016792416059056,0.196652025978314,0.0,0.0,0.0,0.0,0.0,0.0,0.0,0.0,0.0020855180480312,1.05081351331468,0.0,0.0,0.0,0.0063595929628264,0.0,0.0,0.291170310146573,0.274242319172048,0.0315703835591666,0.0465952681778938,0.0,0.0,0.0199008681753292,0.0,0.0,0.0,0.0011575671833121,0.0,1.06684986399607,0.0,0.0,0.0,0.0,0.0,0.0016631881506006,0.0,0.0,0.0,0.0030398101808687,0.0,0.0,0.0,0.0,0.0,0.288281971893349,0.0441750985368641,0.0,0.0047929764945523,0.0,0.0,0.0,0.0,0.0,0.0,0.0,0.0295277929392442,0.0,0.0,0.0,0.0,0.0255875442814761,0.0,0.0,0.0,0.0,0.0,0.0201612658183195,0.0,0.0166844088126074,3.62355576355484,0.0,0.0,0.0,0.0718626246882519,0.0017507556981325,0.0,0.0079285170638233,0.0,0.0,0.0,0.0007302486616586,0.0,0.0,0.0,0.0,0.0,0.0,0.0083870771579333,0.0,0.01252990150842,0.0,0.0,0.0344713065359849,0.0,0.0,0.0,0.0,0.0,0.0,0.0067780460753068,0.0072044032021017,0.0009969130783417,0.0,0.0,0.0,0.0,0.0030936636962324,0.0,0.0,0.239146423419182,0.0,0.0,0.0012994230569092,0.0,0.0,0.0,0.0,0.0,0.0,0.0,0.0048791306451455,0.0,0.0,0.0,0.0,0.0,0.0,0.008014631636895,0.0206629143979248,0.355797213343589,0.0,0.0,0.0,0.0205097199859912,0.0,0.0,0.0,0.0,0.0,0.011495424096575,0.0154841193826554,0.0012798253213737,0.0,0.0,0.0,0.0,0.0,0.0037551629062731,0.0,0.0,0.0,0.360025168252081,0.334318383444237,0.0586198300407358,0.0049945800574587,0.0,0.0,0.0,0.0,0.0,0.0,0.0,0.0,0.0,0.994285380160968,0.0010350877647015,0.0,0.0,0.0,0.0,0.0,0.0,0.0942057295599016,0.0073057775210147,0.0,0.0,0.0,0.0,0.0118690089974677,0.0,0.0,0.0,0.0,0.696656925282902,0.0,0.0,0.0,0.0,0.0,0.0,0.0,0.0,0.0,0.008436411317613,4.97309723803422,1.16566426190741,4.56435392665209,0.371533734373856,0.0,1.42870509058499,0.0,0.0,0.0,0.0,0.0,0.0,0.0,0.0,0.0045234278064628,0.0,0.0,0.0,0.0,0.0,0.0,0.0,0.0,0.0,0.0,0.0,0.0,0.0,0.0,0.0,0.055822308426553,0.0428029699291762,0.0,0.0,0.0085731796548086,0.0,0.0,0.0,0.0,0.0,0.0,0.0,0.0,0.0,0.0,0.0,0.0,0.0,0.0,0.0046784712928903,0.0,0.0,0.0019657879886379,0.0,0.0,0.0,0.0,0.0,0.0,0.0215499559595127,0.0,0.0008119633538937,0.0,0.0,0.0,0.0,0.0,0.0,0.0,0.0,0.0061244108741551,0.0,0.0,0.0,0.0,0.0,0.0,0.0,0.0,0.0,0.0,0.0,0.0,0.0,0.0,0.0,0.0,0.0,0.0,0.0,0.0,0.0,0.0,0.0,0.0,0.0,0.0,0.0,0.0,0.0,0.0,0.0,0.0,0.0,0.0006353830046403,0.0006421646278025,0.0,0.0018861907066596,0.0,0.0,0.0,0.0,0.0034440671327213,0.0,0.001972664219061,0.0014836357728685,0.0,0.0,0.0,0.0,0.0012870468710908,0.0,0.0,0.0,0.0074301883909853,0.0,0.0,0.0,0.0,0.0,0.0,0.0,0.0,0.129510689022326,0.0,0.0,0.0,0.0017277664452343,0.0,0.0,0.0,0.0,0.0,0.0,0.0,0.0,0.0,0.0,0.0,0.0,0.0,0.0,0.0,0.0,0.000952161221401,0.0103399652601429,0.0,0.0,0.0,0.0,0.0,0.0,0.0092246786551537,0.0,0.0,0.0,0.0192882913626772,0.0348369208887294,0.0,0.0,0.0,0.0,0.0,0.0,0.0,0.0,0.0,0.0,0.0,0.0,0.0,0.0,0.0,0.0,0.0,0.0,0.0,0.0194806059873306,0.0013433823616177,0.0,0.0,0.0,0.0,0.0,0.0,0.0,0.0,0.0,0.142177658262811,0.0,0.0,0.0,0.0,0.0,0.0,0.0,0.0,0.0,0.0023181579643073,0.263632474699125,0.110531370588071,1.19557029613116,0.0313005782497639,0.0,0.0902913594748241,0.0,0.0,0.0,0.0,0.0,0.0,0.0
VISp,0.0,0.926314215945562,0.0,0.0,0.0,0.0,0.0,0.0,0.0,0.0,0.0,3.95144688603002,0.0,0.0,0.0,0.0176102071965394,0.0,0.0,0.920010351580612,0.889236772823979,0.236452647720783,0.08503070922276,0.0,0.0,0.0328561388865736,0.0,0.0058228790179586,0.0,0.0052171287894646,0.0,6.14832127421656,0.0,0.0,0.0,0.0,0.0,0.0100157951981469,0.0013472970404307,0.0034587194299975,0.0072414600346798,0.0258196187509305,0.0,0.0008223786006811,0.0,0.0076008802113574,0.0,0.991491599366144,0.0444228357332504,0.0,0.0190200930331423,0.0,0.0013249322715981,0.0,0.0113358067164978,0.0009403818309762,0.0,0.0,0.150253932434996,0.0,0.0,0.0,0.0050693622367122,0.13078981555383,0.0094532374989118,0.0,0.0,0.0,0.0,0.0,0.0033901251612217,0.662028952991628,21.0706906451618,0.0,0.0,0.0,0.195022877310756,0.0115487803461584,0.0,0.0136906505192752,0.0,0.0,0.0,0.0027548116848328,0.0,0.0026073707574131,0.0,0.0,0.0,0.0,0.0773508258748814,0.0,0.0584523716581916,0.0,0.0,0.116495504655245,0.0,0.0,0.0,0.0,0.010885219182873,0.0,0.0812433451170616,0.0,0.0186253671632272,0.007862678805368,0.0,0.0,0.002119830731457,0.0199159168537332,0.0,0.0,1.16746218414495,0.0,0.0053548050026882,0.0015151139037037,0.0,0.196772386296822,0.0,0.0011887301707397,0.0037542748367008,0.0,0.0,0.0274061579790957,0.0,0.0,0.0043290419285162,0.0,0.0,0.0,0.0282911660480144,0.0667726339847495,0.218932707206045,0.863236056782821,0.0,0.0,0.123675209418186,0.0009214834832724,0.0,0.0,0.0,0.0007827637764057,0.0551174812104216,0.0,0.0,0.002211292929248,0.0,0.0,0.0006344644060841,0.0,0.0942302591723996,0.0,0.0,0.0,1.45943434285983,2.77908577942493,0.545394712253338,0.0232247029322041,0.0,0.0,0.0,0.0,0.0,0.0,0.0,0.0,0.0046341319492697,0.0,0.0,0.0,0.0,0.0008198703401883,0.0014012457319883,0.0,0.0,0.174985265029439,0.0189656201854311,0.0,0.0,0.0500248244016948,0.0094772240613582,0.0153266336916327,0.0897473678761209,0.0,0.0,0.0017605068495079,2.36907003982733,0.0,0.0,0.0,0.0,0.0,0.0,0.0223094295140659,0.0010478817545995,0.0,0.0517364771735487,9.66273588134518,4.97777263628086,10.1528822537021,3.74578529480978,0.0,8.15304529199809,0.0,0.0,0.0,0.0,0.0,0.0,0.0011347696518622,0.0,0.0280229981933602,0.0,0.0,0.0014782429246061,0.0,0.0,0.0,0.0,0.0,0.0,0.0,0.0,0.0,0.0,0.0,0.0,0.279136182725567,0.0900864617929057,0.0,0.0,0.0208528022040842,0.0,0.0,0.0044865336890293,0.0,0.0,0.0,0.0023395550148657,0.0072633153180302,0.0,0.0,0.0,0.0,0.0,0.0,0.0177757370384884,0.0,0.0,0.0,0.0,0.0,0.0,0.0437532666470471,0.0042894221070723,0.0,0.0786152742734301,0.0,0.0,0.001663153761198,0.0,0.0,0.0,0.0054323602722628,0.0,0.0066832450179781,0.0,0.0501579982196595,0.0,0.0009323168766179,0.0,0.0,0.0,0.0,0.0,0.0,0.0,0.0,0.0,0.0018683396295057,0.0,0.0,0.0071895013773502,0.0,0.0,0.0,0.0,0.0012206719567226,0.0069627634623771,0.0,0.0,0.0015310221588816,0.0018201715979159,0.0,0.0020372044774314,0.0,0.0,0.0,0.0,0.0044854668183297,0.0,0.0178060958534566,0.0011988504791722,0.0012997879772771,0.008530008163899,0.0,0.0,0.0,0.0,0.0320765978130081,0.0,0.0100139162429034,0.0,0.0,0.0026572214046397,0.0021104900421342,0.0,0.0128752125499391,0.0096246893225479,0.0,0.0,0.0290292854819056,0.0,0.0,0.0,0.0,0.0,0.0,0.0013344446920061,0.0016831722216119,0.12476720605465,0.0,0.0153574253812147,0.0,0.0,0.0031015576566042,0.0,0.0,0.0008995217397566,0.0337124765091429,0.00612668776196,0.0,0.0,0.0014999240890512,0.0,0.0,0.0,0.0,0.0,0.0,0.0,0.0118372491363156,0.0,0.0,0.0103511244208606,0.0,0.0,0.0,0.0,0.0996470296643912,0.0,0.0,0.0,0.0725629573567549,0.185408770856112,0.0,0.0015681754506637,0.0,0.0,0.0,0.0,0.0,0.0,0.0,0.0,0.0006492232813119,0.0,0.0,0.0,0.0,0.0,0.001942921790845,0.0,0.0,0.0524780994342759,0.0,0.0,0.0,0.013671430063513,0.0108256192068807,0.0,0.0633036679244482,0.0,0.0,0.0013086098362558,0.428170741387142,0.0,0.0,0.0,0.0,0.0,0.0,0.0,0.0006711538894314,0.0,0.0020662562135471,0.0,0.805943782424877,2.08400449895628,0.253167310312678,0.0,0.815622102197238,0.0,0.0,0.0,0.0,0.0,0.0,0.0
VISpl,0.0,0.0795181935116316,0.0,0.0,0.0575207119969063,0.0,0.0,0.0,0.0,0.0,0.0731204960386719,1.3750425547367,0.0,0.0,0.0,0.0041355913255702,0.0,0.0715332559524423,0.0950180690351199,0.0029132539814641,0.0013743278822555,0.0420114855728382,0.0,0.0,0.0060042525002999,0.0468596746006504,0.0,0.0,0.0013221024240548,0.0,1.3944622308029,0.0012361596558002,0.0,0.0031931792657751,0.0006746791550106,0.0,0.0062894020642996,0.001215687386279,0.0,0.0,0.0047909485095753,0.0,0.0,0.0,0.0,0.0,0.234016772839965,0.128865634112484,0.0,0.0178719468768244,0.0,0.0,0.0,0.0061320475885927,0.0,0.0,0.0,0.0177235932288399,0.0,0.0,0.0,0.0,0.012254653372255,0.0,0.0026778035207466,0.0,0.0,0.0008822103740108,0.0979808931978172,0.0,0.0572352410470203,0.0643833610112214,0.0,0.0,0.0,0.0399657772539081,0.0,0.0,0.0077614867841595,0.0,0.0,0.0,0.0,0.0,0.0007633894463186,0.0,0.0,0.0,0.0,0.0010672603520416,0.0,0.0049183537167462,0.0,0.0,0.0110994957729502,0.0,0.0,0.0,0.0,0.0227167593853935,0.0,0.0800287815573641,0.0,0.0,0.006844088060813,0.0,0.0,0.0,0.0029850343966946,0.0,0.0019614572170108,0.0968439162796178,0.0,0.0011497253334703,0.0,0.0,0.0164879154014156,0.0,0.0,0.000770671602707,0.0,0.0,0.0007351868771427,0.0,0.0,0.0016511415794141,0.0,0.0,0.0,0.0,0.0111876995727919,0.164644898420074,0.159601859862813,0.0,0.0,0.045491436388468,0.0,0.0,0.0,0.0,0.0,0.0345092797687779,0.0,0.0,0.0,0.0,0.0,0.0,0.0,0.090052029907897,0.0,0.0,0.0,0.221577777265987,0.164136093526452,0.265327644893033,0.0006216439806423,0.0,0.0,0.0,0.0,0.0,0.0008276536043055,0.0,0.0,0.0,0.0,0.0054931839701254,0.0,0.0,0.0,0.0,0.0,0.0,0.0069022543825348,0.0,0.0,0.0,0.0,0.0,0.0,0.0,0.0047648870878182,0.0,0.0,0.375902516736547,0.0,0.0,0.0023741808010103,0.0,0.0,0.0,0.0,0.0,0.0,0.0101355752503456,0.184465294277955,0.272111589591362,1.27257784234703,0.156139047608537,3.13980731382662,0.579515724087722,0.0,0.0,0.0,0.0,0.0,0.0,0.0,0.0,0.0028735389351428,0.0,0.0,0.0,0.0,0.0,0.0010674047715087,0.0,0.0,0.0,0.0,0.0,0.0,0.0,0.0,0.0,0.0084030699737572,0.0073859990647185,0.0,0.0,0.0034389467909812,0.0,0.0,0.0,0.0,0.0,0.0,0.0,0.0,0.0,0.0,0.0,0.0,0.0,0.0,0.0059600598523569,0.0,0.0,0.031522935225,0.0028422530103134,0.0,0.0,0.0,0.0046513624738246,0.0,0.0093390035902299,0.0,0.0,0.0,0.0,0.0,0.0,0.0,0.0,0.0,0.0,0.0019130261312859,0.0,0.0023594087504052,0.0012711698168693,0.0,0.0,0.0,0.0007135714260396,0.0,0.0,0.0,0.0023314859906976,0.0010472965033011,0.0,0.0,0.0,0.0,0.0,0.0,0.0,0.0,0.0,0.0,0.0,0.0,0.0,0.0,0.0,0.0,0.0,0.0,0.0,0.0,0.0,0.0010308813058379,0.0,0.0,0.0008791077883438,0.0,0.0,0.0,0.0,0.0459253276491656,0.0,0.0026627154072715,0.0,0.0,0.0013634917876384,0.0,0.0,0.0,0.0061452478488172,0.0,0.0,0.0008985576400595,0.0,0.0,0.0,0.0,0.0020870983529071,0.0,0.0,0.0,0.0342107072452528,0.0,0.0019654462578707,0.0,0.0,0.0,0.0,0.0,0.0,0.0017321008292213,0.0,0.0,0.0253862609224926,0.0,0.0,0.0,0.0,0.0,0.0,0.0,0.0,0.0,0.0,0.0,0.0,0.0,0.0,0.0,0.0,0.10934762661288,0.0,0.0,0.0,0.0445021266569663,0.0338221706049249,0.0354552318646538,0.0,0.0,0.0,0.0,0.021921449055495,0.0,0.0,0.0,0.0,0.0,0.227678642152996,0.0,0.0,0.0,0.0,0.0,0.0,0.0,0.0033132170137561,0.0,0.0,0.0,0.0,0.0,0.0,0.0,0.002394957033608,0.0,0.0,0.0522672234195635,0.0,0.0,0.0,0.0,0.0,0.0,0.0,0.0,0.0,0.0,0.0,0.0339846610085932,0.336224766548578,0.0117093903077201,0.197641626039608,0.0742874403819243,0.0,0.0,0.0,0.0,0.0,0.0,0.0
VISpm,0.0,0.472886668370081,0.0,0.0,0.0,0.0,0.0,0.0,0.0,0.0,0.0290852172175412,2.05572758285022,0.0,0.0,0.0,0.003703019934803,0.0,0.397635574713896,0.211290582490696,0.121364413290883,0.0860315830121389,0.0137554189889778,0.0,0.0,0.0,0.0,0.0,0.0,0.0,0.0,1.41260669554518,0.0,0.0,0.0,0.0,0.0,0.0050006448343168,0.0,0.0,0.007803373493129,0.012891861365638,0.0,0.0,0.0,0.0,0.0,0.193598086423679,0.0274774993215369,0.0,0.0008683037823966,0.0,0.0,0.0,0.0,0.0038196865362487,0.0,0.0,0.0147332028442299,0.0,0.0,0.0,0.0,0.0776690787263003,0.0,0.0,0.0,0.0,0.0,0.0,0.0,0.173511888139195,0.390368340617423,0.0,0.0,0.0,0.155065762080908,0.0015809463998271,0.0,0.0,0.0,0.0,0.0,0.0,0.0,0.0,0.0,0.0,0.0,0.0,0.051093769804897,0.0,0.0053325868579558,0.0,0.0008957514134825,0.0,0.0,0.0,0.0,0.0031725288694492,0.0027499806515806,0.0,0.053843365697971,0.0,0.0011115273023252,0.0,0.0,0.003973187989857,0.0,0.0011957912218639,0.0,0.0564495974329263,0.563093003326224,0.0,0.0,0.0012795589365101,0.0,0.0,0.0,0.0,0.0,0.0,0.0,0.0,0.0,0.0,0.0,0.0006653674970119,0.0,0.0,0.0,0.0207954543742907,0.0,0.0,0.0,0.0,0.0095832741153866,0.0,0.0,0.0,0.0,0.0,0.0445590215305673,0.0,0.0085073947216836,0.0,0.0,0.0,0.0,0.0,0.0038499063158942,0.0,0.0,0.0,1.76466024888885,0.844879214087316,0.155518357958442,0.006401984345453,0.0,0.0,0.0,0.0,0.0,0.0,0.0,0.0,0.0144452904390611,0.0,0.0016478747352817,0.0,0.0,0.0,0.0,0.0,0.0,0.0448180086601986,0.0,0.0,0.0,0.0,0.0069147763695487,0.0,0.0,0.0,0.0,0.0,0.305883982584153,0.0,0.0,0.0,0.0,0.0,0.0171718438397264,0.0155626904289223,0.0,0.0,0.0115386656773587,1.74029247732343,2.69443830121366,1.21312476664059,0.157918508687576,0.0,5.46756235926781,0.0,0.0,0.0,0.0,0.0,0.0,0.0,0.0,0.0140996138815457,0.0,0.0,0.0,0.0,0.0,0.0,0.0,0.0,0.0,0.0,0.0,0.0,0.0,0.0,0.0,0.0742524404890349,0.0381935076827225,0.0,0.0,0.0018055607921936,0.0,0.0,0.0,0.0,0.0,0.0,0.0,0.0,0.0,0.0,0.0,0.0,0.0,0.0,0.0095358000185619,0.0,0.0,0.0,0.0,0.0,0.0,0.0,0.0,0.0,0.0221759928134371,0.0,0.0,0.0,0.0,0.0,0.0,0.0,0.0,0.0,0.0,0.0013907419197446,0.0,0.0,0.0,0.0,0.0006598522757461,0.0,0.0,0.0,0.0,0.0,0.0,0.0,0.0,0.0,0.0,0.0,0.0,0.0,0.0,0.0,0.0,0.0,0.0,0.0,0.0,0.0,0.0,0.0,0.0,0.0,0.0,0.0,0.0,0.0026432897355545,0.0,0.0,0.0010858019115504,0.0,0.0,0.0,0.0,0.007686799291492,0.0,0.0051902944982548,0.0030376063080272,0.0,0.0,0.0,0.0,0.0,0.001011695394829,0.0,0.0,0.011322035242781,0.0,0.0,0.0,0.0,0.0,0.0,0.0,0.0,0.0297345932104748,0.0,0.0013167849546014,0.0,0.0,0.0,0.0,0.0,0.0,0.0,0.0,0.0,0.0,0.0,0.0,0.0,0.0,0.0,0.0,0.0,0.0,0.0034037682705504,0.0,0.0,0.0,0.0,0.0,0.0,0.0,0.0433883717271477,0.0,0.0,0.0,0.0925701379322739,0.0821253363584761,0.0076254520073694,0.0,0.0,0.0,0.0,0.0,0.0,0.0,0.0,0.0,0.0,0.0,0.0,0.0,0.0,0.0,0.0,0.0,0.0,0.0052800281040946,0.0,0.0,0.0,0.0,0.0017281465948195,0.0,0.0043817594569445,0.0,0.0,0.0,0.0311318938105357,0.0,0.0,0.0,0.0,0.0,0.0,0.0,0.0008442084891361,0.0,0.0,0.272765425540311,0.285802032930796,0.191097803295744,0.0163471795205659,0.0,0.59464278598032,0.0,0.0,0.0,0.0,0.0,0.0,0.0
VM,0.0,0.691467785357897,0.0118552466724976,0.0,0.0,0.0151050320948571,0.0602393021830916,0.0,0.0,0.0,0.0,0.0,0.0,0.0,0.0043047679729536,0.0751616256813124,0.375187666167072,0.0149599959192397,0.0,0.0136582374363312,0.0,0.0,0.0,0.0026144379467572,0.0038860792346035,0.0,0.0,0.0040542719604495,0.0,0.0,7.03824264372173,1.07037011112728,0.179398480156421,0.0,0.0,0.0216025440179644,0.069552932898333,0.0,0.0,3.46810581038436,0.0008382697907317,0.187881169733267,0.0152489426414654,0.0,0.0,0.0098963840065197,0.0027389829527854,0.0089340856162856,0.0,0.0035734904379182,0.0,0.0263252607589899,0.12253729283151,0.0,0.322423713908412,0.0,0.0026919174209358,0.0805502579806764,0.0089765514803914,0.0,0.0,0.044029261384471,0.397270127690469,0.0,0.0108325402039632,0.0007029254248937,0.0,0.0,0.0,0.0338916602995608,0.0,0.0,0.0,0.0,0.163142722965573,0.0111527886498259,0.0317145967986482,0.0122545787713567,0.0015324981497763,0.0,0.006581385039563,0.0,0.0066503132911069,0.272038238615023,0.0,0.0,0.0051094112882187,0.0,0.0,0.0028336607586057,0.322780245551266,0.0933338337179494,0.0,0.150242329374499,0.326204416380066,0.0,0.0135711909551795,0.0,0.0900367771056835,0.0068829870398769,0.0218181874268438,0.018226221240923,1.09220010726452,0.0,0.0,0.0,0.364854586622032,0.0838390652186456,0.0453324794870904,0.508472175667531,0.0245698246964271,0.426965340868571,0.0,0.0,0.0038243329901307,0.0515537252225648,0.0,0.0,0.0331137146043691,0.0,0.0,0.184480692316521,0.0,0.0,0.0,0.0168418231180785,0.0,0.0,0.299062602879659,0.0,0.0089914901915024,0.0,0.0,0.0,0.15506435810743,0.0,0.0,0.0157744585534416,0.028602085241567,0.0,0.0055362760824866,0.0,0.157804033285559,0.289658327451741,0.0,0.0,0.0,0.0,0.100402737839996,0.209683542001073,1.32137157458745,0.170536461465431,0.0,0.151490116856448,0.0,0.198192181690965,0.853841682661259,0.0,0.0777326635737054,0.0,0.0,0.0322375739291672,0.0,0.0,2.55477351909264,0.319821167269507,171.442863371558,1.2312737855544,0.774659352696888,1.13010486550331,0.0,0.0,0.0,0.0,0.0721881175599551,0.0459746465747133,0.0657363890318197,0.0231755683447806,0.16964808088159,0.0805797375411452,0.0525674983210315,0.225365395169505,0.0354564330003846,0.0,0.15190993277773,0.0142622873635352,0.0,0.0088621058574661,0.0383028022171767,0.0,0.0,0.0,0.262373716402173,0.0,0.0,0.0945885982028755,0.0951215246428085,0.158251322459912,0.0,0.0,0.0,0.0308760344345186,2.13492151386021,0.0067918542277593,0.0,0.0032481811714765,0.221527732990254,0.0,0.0,0.0027643501555631,0.053094626547696,0.0154344469821705,0.0,0.0,0.0,0.0278194503398056,0.0,0.0,0.0564782099451503,0.0,0.0,0.0,0.0,0.0035082700824068,0.0,0.0341099321720897,0.0,0.0,0.0010745943187929,0.0,0.0,0.0,0.0012842570587337,0.0024682957148921,0.0,0.0,0.0010030693327763,0.0,0.0,1.35660210788782,0.0212390456221615,0.0352830410247374,0.0,0.0,0.0013805304708546,0.0586799058450913,0.0,0.0,0.394998234107029,0.0,0.0221612458120226,1.19941335750135,0.0,0.0,0.0025306903916716,0.0,0.0,0.0,0.0,0.0,0.137456543317113,0.0009677096156715,0.0,0.005622534475704,0.0,0.0,0.0109066775035973,0.0,0.0,0.0,0.0028704119434061,0.130065972337988,0.0,0.0689064132285601,0.425859080926001,0.0,0.0,0.0084140353208059,0.0609540424266852,0.0,0.0,0.0,0.0023349312629318,0.0195645495153848,0.0,0.0,0.0504830712852849,0.0,0.0,0.0,0.0,0.0,0.0,0.0125799635049478,0.0,0.0,0.0,0.0,0.0,0.286031444843721,0.0285712316197627,0.0,0.011245961684644,0.0369382252688063,0.0,0.0024689688091282,0.0028887243044439,0.0152919357569843,0.0011648827026308,0.0300615837905233,0.0107116283302439,0.0608535177344636,0.031626650721046,0.0014738879022125,0.0,0.0,0.0790802550941495,0.189033828343486,0.140794855790425,0.0,0.0788769988736804,0.0008579198023762,0.0,0.0,0.0038506513239428,0.0,0.0,0.0,0.0064109592204526,0.0,0.0,0.0006148401849004,0.0,0.0,0.0074133682228719,0.011368347805899,0.0,0.0,0.0,0.0,0.0,0.0,0.0,0.0537612029457742,0.0,0.0,0.0233011640739415,0.0,0.0,0.100804842226468,0.0,0.0,0.031635375502199,0.0,0.0,0.001699345202567,0.0,0.0,0.256147569803209,0.0070304297846279,0.0725858229780686,0.0,0.0009745998928475,0.0,0.0016189420911357,0.0096201875011767,0.0,0.0255587056823682,0.0,0.0,0.0,0.0006285290796734,0.0,0.0031919754055845,0.0265052791447261,0.0,2.40711962792165,0.0,0.268595445092752,0.0,0.0044183514564504,0.0173534133077396,0.0,0.0016434574587221,0.0,0.0019064428937382,0.0,0.0022990982434098,0.0,0.0037985447932799,0.0028896320231847,0.0085423500000861,0.0,0.143223706761537,0.0,0.0,0.0070680373299839,0.0,0.0,0.0,0.0,0.0,0.0,0.0014604598828392,0.0404886114528313,0.0,0.0044311878398337,0.0,0.0,0.0,0.0066698049140387,0.0052842683448559,0.0019477098064007,0.001852111893877,0.0,0.0,0.0553749391642196,0.0
VMH,0.0,0.0,0.0055039124520145,0.0,0.0,0.526538947115047,0.0,0.0,0.0,0.0164317347316712,0.0,0.0,0.0,0.0,0.0031723002024278,0.0,0.0,0.0,0.0,0.0009680148214646,0.0,0.0,0.0,0.117385210894604,0.0225716390606967,0.084908488953673,0.0,0.0,0.0,0.0,0.0348013555323616,0.0,0.0,0.0,0.0,0.0,0.0046470782921879,0.0,0.0,0.0076545946812947,0.0022032059911496,0.0,0.0,0.0,0.0081612604888069,0.0092082866237092,0.0023120004799542,0.0,0.0,0.0176481792456577,0.0,0.0,0.0,0.0,0.0,0.0,0.0,0.0006542257915603,0.134037304675188,0.0,0.0,0.0066384079163107,0.118484958545361,0.0,0.018659694733713,0.0,0.0,0.0,0.109093804852006,0.0,0.0,0.0,0.0,0.0,0.166836089460981,0.0,0.0,0.0037340500804215,0.0,0.0195210789430791,0.063011288397655,0.0,0.0,0.0,0.0,0.0022424571368922,0.377886993121262,0.0081191798873205,0.0,0.0535499976808858,0.0,0.0,0.0,0.0,0.0,0.213507180233118,0.0765648922425646,0.0,0.0,0.0699689676524417,0.0,0.0715128761809965,0.0854645852069491,0.0,1.90785938524227,0.0,0.0,0.0720446370399036,0.005249969611731,0.0,0.0,0.0,0.0,1.2569446289791,0.0619259321198233,0.0009975858920556,0.0,0.0,0.0,0.029073788216134,0.0,0.0,0.0,0.0,0.0,0.0018115675688309,0.103896445922901,0.0,0.0,0.0,0.0014919004231234,0.0,0.0,10.1697625144755,0.231828983585905,0.0013975205614237,0.0,0.0,0.0,0.0,0.0,0.376340472570843,0.0320588022624273,0.686780707719052,0.0724438148910548,3.16659576953172,0.0,0.0,0.0,0.0006144121632521,0.0,0.0027109320389865,0.0,0.0,0.0,0.0,0.0,0.0,0.0,0.0,0.0122269396165401,0.0,0.0,0.0,0.0,0.0,0.0,0.0,0.0,0.232315782279967,0.0,0.0,0.0,0.0,0.0,0.0,0.0,0.0,0.0,0.0,0.0,0.0,0.0,0.0,0.0,0.0,0.0,0.0006192056403664,0.0,0.0023599228379535,0.377582987441498,0.0,0.0,0.0,0.0,0.0,0.0,0.0,0.0,0.0,0.0,0.0,0.0,1.26511940404506,0.0,0.0,0.0,0.0239256304562797,0.0029946921874695,0.0,0.0,0.0,0.0,0.0,0.0011255618787058,0.0,0.0,0.0,0.0099613090410203,0.0,0.0,0.0,0.0,0.0008519243137774,0.0,0.570588316063045,0.0,0.0,0.0,0.0,0.0,0.0,0.0094080578951021,0.0024471817042786,0.0,0.0,0.0,0.0,0.0,0.004301079219535,0.0,0.0,0.0,0.0,0.0,0.0019848782537172,0.0,0.0,0.0026318237115806,0.0,0.245585023204128,0.0,0.0,0.0,0.0,0.0,0.0,0.0,0.0,0.0,0.0,0.0,0.0,0.0,0.0062523232864582,0.0,0.0,0.0,0.0,0.0,0.0007622860347079,0.0154995604289819,0.0,0.0306547060035526,0.0,0.0,0.0,0.0130318410064813,0.0,0.0,0.0,0.0,0.0,0.0,0.0,0.0,0.0,0.0,0.0,0.0142415422060351,0.0,0.0,0.0,0.0,0.0032338197135882,0.0394525253619184,0.0,0.0,0.0919042834400956,0.0,0.0,0.0,0.0,0.0,0.0267661298089222,0.0,0.0,0.0,0.0143284483060895,0.0,0.0113759189563033,0.0,0.0,0.309876872660165,0.0,0.0,0.0418079455369223,0.0017640323080611,0.0,0.0,0.0,0.0,0.0468388227503145,0.002476128077942,0.0,0.0,0.0,0.0,0.0027201041807726,0.0,0.0,0.0,0.0,0.0,0.0019957978010379,0.0096670087775238,0.0,0.0,0.0,0.0,0.0,0.0,5.00330255643777,0.0529186890093584,0.0,0.0,0.0,0.0,0.0,0.0,0.134823341365227,0.0,0.306758844826926,0.0107655731620547,0.451777923582838,0.0,0.0,0.719669948886499,0.0357336060988583,0.0,0.0,0.0,0.0,0.0,0.0,0.0,0.378192425226153,0.0,0.0,0.0101680457324842,0.0,0.0,0.0,0.0,0.0,0.0,0.0,0.063206547295436,0.0181127941424319,0.0,0.0,0.0,0.0,0.0,0.0,0.0,0.0,0.0,0.0,0.0,0.0,0.0028161535987563,0.0,0.0,0.0,0.0,0.0,0.0,0.0010532821365548,0.0437886079865542,0.0,0.0,0.0,0.0,0.0,0.0,0.0,0.0,0.0,0.0,0.0,0.0,0.0219547698479848,0.0,0.0,0.0,0.0139508125117572,0.0
VPL,0.0,0.175950562284616,0.0214014205049099,0.0,0.0,0.0,0.0,0.0,0.0,0.0019900103095078,0.0,0.0,0.0,0.0,0.0,0.230978965668384,0.0,0.0430850179420565,0.111396366147343,0.148428651025719,0.0127840293372153,0.0,0.0,0.0,0.0,0.0,0.0,0.0,0.0,0.0,0.0,0.0,0.0,0.0,0.0,0.0,0.0,0.0,0.0,0.0,0.0,0.0513411305463141,0.0029317586871,0.0,0.0,0.0,0.0059578437388856,0.0177942024530488,0.0,0.0,0.0,0.0,0.0,0.0011429520596606,0.150450217370743,1.98878952856952,0.0,0.0012124963491929,0.0,0.0,0.0,0.109554046496236,0.0595732765567546,0.0,0.0132122741979469,0.0,0.0,0.0,0.0528078895362303,0.141992894305469,0.0455904568027751,0.0,0.0,0.0046866778129308,0.0032875479589744,0.192231232856823,0.0030027397318262,0.0008142132377783,0.0,0.0,0.0,0.0,0.000631559186186,0.0,0.0,0.0,0.0018429367994018,2.16709106790132,0.0,0.716641038790554,0.0,0.0079330890167699,0.0,0.229499315254254,0.0353545842323614,0.0,0.0020840055419672,0.0,0.010137277242568,0.0,0.0135719909489343,0.0,0.0,0.0,0.0,0.0092315986369359,0.609899775304454,0.111991945700821,0.0858455187944391,0.0085965296086973,0.0,0.0161752908421005,0.0,0.0,0.0,0.0101262267038862,0.0,0.0,0.0,0.0053489242464436,0.0,0.0496575932126014,0.0,0.0030372741355985,0.0,0.0,0.0159851107812043,0.0,0.0,0.0,0.278938769522957,0.578163690783157,0.0,0.0,0.0372752655768368,0.0,0.0,0.0061208404011498,0.0047489869155836,0.0,0.0,0.0,0.586823091320269,0.118666138368877,0.0,0.0,0.0039762311910332,0.0,0.482776764944378,0.0092741899182826,0.0,0.0742412966331288,0.0,0.38174165492092,0.106949805062079,0.228440679369058,0.539299574411067,0.0,0.0167255898866282,0.0,0.0,0.0,0.0,0.0084204871596535,0.0906485853385605,0.0139944771665305,0.0,0.115061563176755,0.218841329757305,1.95656190970062,0.0,0.0,0.0,0.0,0.233358525930267,0.384734301308152,0.180549652149735,0.290901257572662,0.58268063029225,0.469293902234816,0.218488768556392,0.0153466806684851,0.0,0.0,0.0912588236049462,0.0403176315310283,0.0,0.0,0.0086665798776686,0.0,0.0068833230975257,0.0,0.477670281628227,0.0,0.0,0.0694521124845149,0.465297982233961,0.399227506030109,0.0373179193876257,0.0095579707375226,0.0,0.247741235225003,0.0530124731245699,0.0104687479745012,0.0,0.665105714342388,0.0,0.0,0.0,0.0,0.0,0.0,0.0,0.0,0.0,0.0,0.0,0.0,0.0,0.0,0.0,0.0,0.0,0.0,0.0,0.0,0.0,0.0,0.0,0.0,0.0,0.0,0.0,0.0,0.0,0.0,0.0,0.0,0.0,0.0151776306301353,0.0030353301601874,0.0,0.0,0.0,0.0,0.0,0.0,0.0,4.4715896365133,0.0,0.0076663160367115,0.0,0.0,0.0,0.0,0.0,0.0015480967622306,0.0,0.0,0.0014175647236347,0.006799865653898,0.0,0.0,0.0,0.0,0.0,0.0,0.0,0.0,0.0,0.0,0.0024497271642176,0.0,0.115998366287936,0.347446221566704,0.001370828226794,0.0,0.0,0.0272090740994675,0.0,0.0,0.0,0.0,0.0,0.0,0.0,0.0,0.0,0.0,0.0,0.0,0.0089628609527741,0.0,0.01560751818565,0.0,0.0,0.0,0.0,0.0,0.0048760198589465,0.0016736487225781,0.0,0.0007499029751951,0.0008575314637038,0.0,0.0,0.0234728361263565,0.0,0.0,0.0160185542025037,0.0,0.0,0.252333820878898,0.0,0.0376440005686654,0.0,0.0569612371938549,0.791190477535378,0.0010120749190777,0.0,0.0,0.0,0.0,0.0,0.000687003436588,0.0,0.0,0.0,0.0,0.0,0.0,0.0,0.0008358941744839,0.0,0.0015056871094358,0.0,0.0,0.0,0.0,0.0,0.0,0.0,0.0,0.0088727406074951,0.0,0.0,0.0021771553293504,0.0,0.0,0.111153083708078,0.0,0.0,0.0,0.0,0.0,0.0,0.0,0.0391892779615798,0.0109953349126573,0.0,0.0061700220635772,0.0,0.0,0.0,0.0,0.0,0.0,0.0,0.0,0.0,0.0,0.0,0.0,0.0,0.0,0.0,0.0393186941009101,0.0,0.0694059593273155,0.0009287016820551,0.0014272266573955,0.12269170728755,0.0,0.0,0.0,0.0,0.0,0.0,0.0,0.0,0.0,0.0,0.0,0.0924860805967412,0.0,0.0,0.0,0.0,0.0,0.0,0.0,0.0,0.0,0.0032730267312563,0.0,0.0,0.0,0.0,0.0,0.0,0.0,0.0,0.0009055863155067,0.0019672894833165,0.0,0.0,0.0006612759247568,0.0
VPM,0.0,0.0096096040493063,0.0043730275580955,0.0,0.0,0.0,0.0,0.0,0.0,0.0006631798816936,0.0,0.0,0.0,0.0,0.0,0.288399197243971,0.0239150946582173,0.0,0.151136336322284,0.0685303636766511,0.0,0.0,0.0,0.0,0.0,0.0,0.0,0.0,0.0,0.0,0.881907229397576,0.0,0.0,0.0,0.0,0.0,0.0,0.0,0.0,0.0428550345215117,0.0016552496144393,0.0256951498641515,0.0,0.0,0.0,0.0,0.0,0.0581527677381204,0.0,0.0,0.0,0.0,0.0,0.0,0.138249671768948,2.59634431636717,0.0,0.0818334416108199,0.0,0.0,0.0049165514037813,0.158331284960264,0.006721574038193,0.0,0.0018515186161709,0.0,0.0,0.0,0.0022129145320412,0.0049654482757403,0.0,0.0112840085338545,0.0,0.0,0.0337800821490473,0.144182579000954,0.0,0.0,0.0,0.0,0.0,0.0,0.0,0.0,0.0,0.0,0.0,10.7494183704157,0.0,0.145683469989908,0.0,0.0,0.0,0.350685636762528,0.060806409503808,0.0,0.0,0.0,0.0142497588291874,0.0,0.0010902683939226,0.0,0.0,0.0,0.0,0.0,0.0921409353303682,0.0,0.004451209436378,0.016256441658753,0.0,0.0075358133055854,0.0,0.0006614958508202,0.0,0.0,0.0,0.0,0.0054216564895585,0.0,0.0055748402012231,0.208594933745729,0.0,0.0,0.0,0.0,0.0,0.0,0.0050044938093617,0.0,0.616906838891243,2.34390239264054,0.0,0.0,0.0,0.0,0.0,0.0007486439498778,0.001155577405284,0.0,0.0195669205309954,0.0,0.0,0.0122656765107311,0.0,0.0,0.0017005325523806,0.0,0.161533677067756,0.0046272397930193,0.0,0.0,0.0,0.0707329128125212,0.0263159823735122,0.0410289239934557,0.957774809995256,0.0,0.0123084051132656,0.0,0.0,0.0,0.0,0.0172030175073566,0.102582167803632,0.017836508423702,0.0,0.132266773878915,0.0,0.0,0.0,0.0,0.0,0.0,0.532643778787415,0.0,0.806542744607256,0.902018917831238,0.19728328805941,0.414804229747249,0.646594557433975,0.0,0.0,0.0112825568947824,0.0370671632843292,0.0379639742351068,0.0,0.0021403499691709,0.0,0.0,0.0,0.0,0.0,0.0,0.0,0.0538227881785738,0.435691102747671,0.159806082698083,0.0642166070505165,0.0162316956459365,0.0,0.0541879253297978,0.0320246578754233,0.0033887767352457,0.0,1.89670507635814,0.0,0.0,0.0,0.0,0.0,0.0,0.0,0.0,0.0,0.0051592313443887,0.0,0.0,0.0,0.0,0.0,0.0,0.0,0.0,0.0,0.0,0.0,0.0,0.0,0.0,0.0,0.0,0.0,0.0,0.0,0.0,0.0,0.0,0.0,0.189062970355161,0.0,0.0,0.0,0.0,0.0,0.0,0.001244438011774,0.0,0.0,0.0,0.0020578709359388,0.0,0.0,0.0,0.0,0.0,0.0,0.0,0.0,0.0,0.0268907535193224,0.0,0.0,0.0,0.0,0.0,0.0087299544501629,0.0,0.0,0.0,0.0,0.0010583154053753,0.0,0.0251023335303753,0.0942293771517999,0.0,0.0,0.0,0.0019784793962911,0.0,0.0,0.0,0.0,0.0,0.0,0.0,0.0,0.0,0.0,0.0,0.0,0.0,0.0,0.0,0.0,0.0,0.0,0.0,0.0,0.0,0.0,0.0,0.0135571650662024,0.0082594955131179,0.0,0.0,0.0032318141981321,0.0,0.0,0.0009901585999962,0.0,0.0,0.0,0.0,0.0,0.0,0.0069664942986099,0.0804809540680649,0.0046858048664578,0.0,0.0008526847222216,0.0,0.0,0.0,0.0,0.0,0.0,0.035665434446071,0.0,0.0,0.0,0.0,0.001151961221507,0.0,0.0,0.0,0.0,0.0,0.0,0.0,0.0,0.0,0.0,0.0,0.0,0.0,0.0,0.0,0.0,1.01535145717054,0.0,0.0,0.0,0.0,0.0,0.0,0.0,0.0223524630106714,0.0047473214181328,0.0,0.0016610427772231,0.0,0.0,0.0,0.0,0.0,0.0,0.0006732769263911,0.0,0.0,0.0,0.0,0.0,0.0,0.0,52.3808254620391,0.146658161051352,0.0,0.0390810177944036,0.0031637226478525,0.115789762414009,0.406214702156609,0.0674702073747627,0.0,0.0,0.0030395661394476,0.0,0.0,0.0,0.0013993496332951,0.0,0.0,0.0,0.0,0.0,0.0,0.0,0.0,0.0,0.0,0.0,0.0,0.0,0.0,0.0036100733495257,0.0,0.0,0.0,0.0,0.0,0.0,0.0,0.0007514691486878,0.0,0.0,0.0,0.0,0.0
VPMpc,0.0108312233941116,0.055785340090791,0.0125053234402676,0.0,0.0,0.0,0.0482760332156454,0.0,0.0,0.0,0.0,0.0,0.0,0.0,0.0014148219321499,0.0036372065912172,0.0,0.0,0.0009978547956416,0.0124186521317744,0.0,0.0,0.0,0.0034415783705631,0.0,0.0,0.0,0.0094627499358713,0.0,0.0,0.0,0.0810851727549342,0.0,0.0,0.0,0.0028948049309053,0.0016482613077066,0.0,0.0,0.0,0.0,0.0547565807709954,0.002596142605347,0.0,0.0,0.0060300083714511,0.0,0.0029910117273602,0.0,0.0,0.0,0.0028375053518133,0.0734100989924082,0.0446445316662994,0.0503312750842244,0.535279279827055,0.0010539839644737,0.613172558515502,0.0,0.0,0.0038546512148529,0.0469241261735048,0.056812759484716,0.0,0.00138256352648,0.0,0.0006300046338033,0.0,0.099600862040542,0.0039394538707521,0.0,0.0,0.0,0.0,0.0461177584664245,0.0,0.0,0.0010046717049259,0.0,0.0,0.0012976371590279,0.0,0.0,0.0,0.0,0.0023973838460012,0.0035521350891913,0.376792980132555,0.0,0.0261577473643036,0.0164013210117285,0.0,0.0,0.0288518080358845,0.0373537023008569,0.0006050546358389,0.0047404003960889,0.0,0.0388588434119908,0.0,0.002636613431866,0.0,0.0,0.0,0.0,0.0,0.0,0.041802533347636,0.0016838268900699,0.0363821533259364,0.0009153865138722,0.0206595672725249,0.0,0.0,0.0014173912518877,0.0035101634718173,0.0,0.0022251839548058,0.070203055227634,0.0116932495594379,0.0,0.198805042024999,0.0,0.0,0.0,0.0039087391506751,0.0125562035172402,0.0,0.0290499945639095,0.0,0.0076616411544426,0.0,0.0,0.0,0.0,0.0,0.0,0.00558995829652,0.0,0.0,0.0227695367627215,0.0,0.0351087780340869,0.030759276778084,0.0,0.172665233286256,0.0,0.0,0.155734845878689,0.0,0.447849414493323,0.0,0.0,0.0131054629141375,0.0,0.0241726422248714,0.166231202059817,0.0,0.0400205875948488,0.0,0.0,0.0055149783726803,0.0,0.0,0.310129646463477,0.072485634321285,0.0,0.496715887312854,0.0,0.779113122922744,0.0,0.0011983341212633,0.0,0.0068552676760999,0.0115379488657807,0.0,0.079126626227447,0.0284483047715345,0.0101937978786285,0.0158956387107421,0.085786623211411,0.0,0.0,0.0,0.0,0.0095092355742369,0.0,0.0022329893541825,0.0,0.0,0.0,0.0,0.0,0.0,0.0,0.110506157554244,0.013823907221098,0.0033365921906836,0.0,0.0,0.0,0.0135477631217043,0.0875851903135731,0.0120737832208405,0.0,0.0139457663822553,1.18486634539512,0.0,0.0,0.0,0.0014791271110756,0.0077019684451055,0.0,0.0,0.0014669743666278,0.0615374306327954,0.0,0.0,0.0129697967775801,0.0,0.0,0.0,0.0,0.001057268394889,0.0,0.0334868549807185,0.0,0.0,0.0033634512130349,0.0,0.0,0.0,0.0023923917235498,0.0010479789923541,0.0,0.0,0.0009714791595688,0.0,0.0,0.045086589742543,0.024708317380079,0.0,0.0007339648907,0.0,0.0,0.0008297505096405,0.0,0.0,0.0,0.0,0.0310137735625284,0.0582108997202935,0.0,0.0,0.0,0.0,0.0,0.0,0.0,0.0,0.0125605602447466,0.0482516015067178,0.0040782261150859,0.0,0.0763708954163407,0.0,0.0817805707104559,0.0,0.0,0.0,0.0125587574938376,0.0288455323890331,0.0,0.0189638993871272,0.0217521890981291,0.0006146745676525,0.0,0.0259076078618043,0.0024784484200761,0.0,0.0,0.0,0.0,0.0153359677908014,0.0,0.0,0.012289155518676,0.0,0.0,0.0009718597535229,0.0,0.0,0.0,0.0,0.0105616057268029,0.0,0.0031341227492078,0.0,0.00106442813747,0.0076904733585335,0.0028475221660296,0.0,0.0047590506005963,0.0076120932317642,0.0,0.0013557691032924,0.0,0.0131141474928284,0.0,0.0,0.0,0.0,0.0,0.0226608703482615,0.0,0.0,0.0215747410317729,0.0210755067565458,0.0161209379171921,0.0,0.0102301247849703,0.0,0.0,0.0,0.0,0.0,0.0,0.0353585741852386,0.0016364100585617,0.0013552445062153,0.0,0.0,0.0,0.0102532056972206,0.0046471406914579,0.0021847453913932,0.0,0.0144778071810152,0.0,0.0,0.0,0.0,0.0,0.0,0.0,0.0,0.0009718789794982,0.0,0.0,0.107669287377285,0.0,0.0021840526805778,0.0276108439846742,0.0,0.0,0.0,0.0,0.12667388107374,0.0,0.0499362080091941,0.0,0.0,0.0021815657022819,0.0,0.0006207528629926,0.0220326890530165,0.0,0.0172604759615804,0.0,0.0,0.0,0.0,0.0,0.0723573556077743,0.0046102014936098,0.0,1.9445116824712,0.0,0.251262525307859,0.0020559323394096,0.0147510971329086,0.0068282974049198,0.0290082818675787,0.000697484486069,0.0,0.0124658700985942,0.0040152526385563,0.0,0.0,0.0119484206884083,0.0,0.0,0.0488413862530395,0.0,0.0048365212104546,0.0,0.0014800907315688,0.0,0.0,0.0,0.0,0.0,0.0,0.0013335187372356,0.095826271649877,0.0006937111117656,0.0,0.0,0.0,0.0,0.0,0.0015190718001991,0.0009336094745448,0.0,0.0,0.0,0.0,0.0
VTA,0.115076148585351,0.0675999988710867,0.0103028114826733,0.119103975775004,0.0,0.0378330118130295,0.0347688274928696,0.0,0.0,0.0011624772426903,0.0017410176732426,0.0,0.0,0.0,0.0125700231943301,0.065574015378366,0.0601263877989434,0.0,0.0,0.0030481282881413,0.0,0.0,0.0,0.131355610634684,0.0,0.0,0.0,0.0295852669431906,0.0,0.0,1.03810276992231,1.54601092437872,0.0,0.0,0.0,0.0131631168586969,0.108754060666585,0.0,0.0,0.0,0.0,0.174707202537857,0.0081875750144059,0.0,0.328867471605851,0.0,0.0,0.0,0.0,0.0064624941669915,0.0,0.0,0.021459355025923,0.0712060303977413,0.365446217549508,0.958767511705384,0.0,0.0,0.0692778475462086,0.0,0.0,0.0155114852938521,0.185403506363156,0.0,0.035546911109604,0.0,0.158118391509068,0.0,0.0726061091221776,0.0,0.0,0.0,0.0,0.323840993369567,0.16716861473356,0.0069359430780409,0.0602953551076515,0.0183193224719405,0.0,0.0,0.0,0.172606651983554,0.0,0.0,0.0,0.0015337603152951,0.0063272525870677,0.0,0.0,0.0011905848066873,0.0,0.0014085153216668,0.0,0.0092195849433176,0.0324969925413444,0.0,0.158676666117216,0.0,0.0333154215525064,0.002972217923308,0.0012646356245635,0.0509464887654615,0.88272149418889,0.0,0.107237554255752,0.0,0.0,0.0293785784848486,0.0101976593533791,0.1299397723298,0.0,0.131777395585314,0.0744000102251054,0.0,0.0289292751202182,0.0413850908130512,0.0,0.0,0.0187380993834605,0.0843025932336919,0.0017436561309797,0.0,0.0,0.0,0.0,0.0084414301743909,0.0603080101748151,0.0,0.113250269400776,0.0,0.0054945056749,0.0,0.0,0.0,0.258172374170635,0.0,0.0,0.0076015854525871,0.0134134887804659,0.0,0.0,0.0,0.0087608862850734,0.277668437098347,0.0009877996823197,0.0,0.0134054713780907,0.0,0.464012041395765,0.0,0.0,0.100277652429518,0.0,0.0044909763539379,0.0008874058113322,0.0086437280957882,0.006791815261643,0.0,0.0240765785989661,0.0,0.0456545735834214,0.0866334244698564,0.0,0.0,0.0,0.0831718547175569,105.637700763206,0.0020216532799569,0.0,0.796534379192477,0.0,0.0,0.0,0.0,0.0043429432106969,0.0052713558375026,0.0035930579565458,0.001205912769703,0.008256718840996,0.0011924635743011,0.005229286806734,0.0036203517200561,0.0,0.0,0.0079653111199176,0.0060063675933127,0.0,0.0267242804856508,0.0,0.019817834621433,0.0266130249186478,0.0,0.0,0.0,0.0,0.0316546649358251,0.0036209260246519,0.0011548869677758,0.0,0.0,0.0,0.0025706334956411,0.0338902958798986,0.0024452563554568,0.0,0.0028826774841285,0.0036138784326412,1.43011006748143,0.0,0.0210106490203035,0.003675673341323,0.0045576443467475,0.0,0.0,0.0186943612403492,0.0026132714389034,0.0,0.0,0.0294265928554163,0.0,0.0,0.0,0.0,0.001815606800186,0.0,0.0,0.0,0.0,0.0,0.0,0.0,0.0,0.0101712612648048,0.0,0.0,0.0,0.0,0.0,0.0,0.164968657998838,0.942075956438367,0.0,0.0,0.0,0.0,0.102794273064415,0.0,0.0016702371204965,0.943883525047929,0.0,0.0720044498631074,0.0225504435890353,0.0,0.106206098413622,0.0,0.0,0.0,0.0,0.0,0.0,0.0,0.0,0.0,0.0,0.0,0.0,0.0,0.0038269896403616,0.0,0.0,0.0024874298709011,0.0194906121739239,0.0,0.0472148836637261,0.0107141690540845,0.0374720703544651,0.0,0.0,0.0,0.0,0.0,0.0,0.011912369511153,0.0279135177607663,0.0,0.0039031179343386,0.0096326652944124,0.0,0.0,0.0050489869890931,0.0208644570423553,0.0,0.0,0.0116347749407136,0.0,0.0,0.0,0.0,0.0,0.16904874890105,0.004094458242409,0.0,0.0,0.0025753875346417,0.0016546193391378,0.0167666480349578,0.0,0.0031479626980248,0.010204621716458,0.0013292465945817,0.0339182753208947,0.428765877399134,0.0,0.0,0.0034889791063311,0.0017916318490643,0.0,0.131713258159509,0.0142081921597708,0.0,0.0042585336856067,0.0242335857224376,0.0,0.0,0.0202072559269547,0.0,0.0,0.0,0.0,0.0,0.0,0.0,0.0,0.0,0.0026972396393934,0.0260451240791139,0.0,0.0091181300539375,0.0,0.0,0.0,0.0,0.0,0.200901419920599,0.0,0.0,0.0031832684675429,0.003029261973004,0.0,0.122942855234145,0.0,0.0,0.140965657788164,0.0,0.0,0.0,0.0,0.129840677722255,0.0,0.0,0.113004511184913,0.0,0.0,0.0,0.0,0.0,0.0,0.0026653025684992,0.0,0.0135895961274181,0.0,0.0,0.0,0.0,0.0058046244846018,229.270620612982,0.0069203993500035,0.0,0.0724203797674815,0.0,0.0013846333476736,0.0360457703982347,0.0,0.0,0.0,0.0,0.0,0.0,0.0,0.0,0.0020627732394515,0.0,0.0,0.0310667257809354,0.0,0.0,0.0138515643592146,0.0,0.0014166749511694,0.0052430181502737,0.0,0.0,0.0,0.0,0.0020874268037761,0.0009037526783693,0.0,0.0,0.0,0.0,0.0,0.0022904253325225,0.0,0.0018787815362301,0.0,0.0,0.1605843771427,0.0
XII,0.0017534946357391,0.0,0.0,0.0,0.0,0.0,0.0,0.0,0.0,0.0,0.0,0.0,0.0,0.0,0.0,0.0,0.0,0.0,0.0,0.0,0.0,0.0,0.0,0.0,0.0,0.0,0.0,0.0027700106915374,0.0,0.0,0.0095815852158951,0.0,0.0,0.0,0.0,0.0,0.0,0.0,0.0,1.58205324395494,0.0,0.0008014216131634,0.0051485714622245,0.0,0.0,0.0,0.0,0.0,0.0,0.0,0.0,0.0009264425648603,0.0,0.0,0.0,0.0322753541194848,0.0812265095292725,0.0,0.0,0.0,0.0,0.0,0.0,0.0,0.297599666971401,0.0,0.0,0.153814782465368,0.0,0.0,0.0,0.0,0.0,0.0,0.0,0.0,0.0,0.0,0.0,0.0,0.0,0.0,0.0,0.0,0.0,0.0,0.0,0.0,0.0,0.0,0.0,0.0,0.0,0.0028960521071629,0.0020999722583508,0.0,0.0,0.0,0.0017054252903623,0.0,0.0141539682875446,0.0,0.0,0.0,0.0,0.0017881269914151,0.0,0.0,0.390738784305142,0.000967479428046,0.0,0.0,0.0,0.0,0.0,0.001398525318048,0.0,0.0795924650918517,0.0150773492474564,0.0,0.0,0.0,0.0,0.0,0.338080569582474,0.0,0.0,0.0,0.0,0.0,0.0,0.0,0.0,0.0,0.0,0.0,0.0,0.0,0.0019737312944512,0.0,0.0875108107456847,0.0,0.0,0.0035868940648408,0.0,0.0,0.0,0.0,0.0,0.0,0.0,0.0045499434293865,0.0,0.0,0.0,0.0,0.0,0.0,0.0,0.0,0.0,0.0,0.0,0.0,0.0,0.0,0.0,0.0,0.0,0.0,0.0,0.414634095426095,0.0,0.0,0.0,0.0,0.0,0.0,0.0,0.0,0.0,0.0,0.0,0.083982171837169,0.328871796319969,0.0,0.0,0.0,0.0,0.0,0.0,0.0,0.0,0.0,0.0,0.0,0.0,0.0,0.0,0.0,0.0,0.0,0.0,0.0,0.0,0.0,0.0,0.0,1.23556819317925,0.0006950270441836,0.0,0.0,0.0,0.0,0.0,0.0,0.0,0.0,0.0,0.0,0.0,0.0,0.0,0.0,0.0,0.0,0.0,0.0,0.0,0.0,0.0,0.0,0.0,0.0,0.0,0.0,0.0,0.0011341504948594,0.0,0.0268967802830056,0.0033556643720184,0.0,0.0,0.0,0.0,0.0,0.0,0.0,0.987826111423203,0.0,0.0018111640138102,0.0,0.0,0.0,0.0,0.0,0.0,0.0,0.0,0.0,0.0037267739107474,0.0,0.0,0.0,0.0058422141993889,0.025607098736063,0.0,0.0,0.0,0.0,0.0,0.0,0.0,0.225996132195769,0.0,0.0,0.105372207162625,0.0,0.0278962053380423,0.0,0.0,0.0,0.0,0.0,0.0,0.0,0.0,0.0,0.0,0.0,0.0,0.0450854729055586,0.0,0.0,0.0,0.0,0.0,0.0,0.0,0.0,0.0,0.0,0.0048465848058277,0.002713825816635,0.0,0.0,0.0,0.000767673984111,0.0,0.0023373723879091,0.0,0.0050262302529515,0.0,0.0,0.019334396974075,0.0,0.0,0.233153124990396,0.00136405273298,0.0,0.000681493461119,0.0,0.0,0.0,0.0008866996425752,0.0,0.0635801556182185,0.009653949674823,0.0,0.0,0.0,0.0,0.0,0.279973264822003,0.0,0.0,0.0,0.0016743760954299,0.0,0.0,0.0,0.0,0.0,0.0,0.0,0.0,0.0,0.0,0.0,0.0687050816066737,0.0,0.0,0.0028553228852814,0.0,0.0,0.0,0.0,0.0,0.0,0.0,0.0030786721270657,0.0,0.0,0.0,0.0,0.0,0.0,0.0009404223565929,0.0,0.0,0.0,0.0,0.0,0.0,0.0,0.0,0.0,0.0,0.0,0.0015972082464497,0.174957218195087,0.0,0.0,0.0006369514806355,0.0,0.0,0.0,0.0,0.0,0.0,0.0,0.0,0.0449811450581751,0.0843911542839605,0.0,0.0,0.0,0.0,0.0,0.0,0.0,0.0,0.0,0.0103118748265285,0.0,0.0008169695180713,0.0,0.0,0.0,0.0,0.0,0.0,0.0,0.0,0.0,0.0,0.0023504094087806,0.920766541663336
